request_id,department,service_type,channel,district,officer_id,submit_date,resolution_date,sla_target_days,actual_days,within_sla,sla_breach_days,escalated,status,complexity,citizen_satisfaction
BPS-01502,Police,Case Registration,Digital,Lobatse,POL-014,2024-01-05,2024-01-07,5,2.8,1,0.0,0,Resolved,1.1,3.9
BPS-02587,Social Welfare,Social Grant,Digital,Serowe,SWL-005,2024-07-22,2024-07-26,21,4.1,1,0.0,0,Resolved,1.0,4.0
BPS-02654,Social Welfare,Social Grant,In-Person,Gaborone,SWL-005,2023-05-19,2023-06-14,21,26.8,0,5.8,0,Resolved,1.0,1.9
BPS-01056,Education,School Admin,In-Person,Lobatse,EDU-003,2022-01-20,2022-01-26,14,6.2,1,0.0,0,Resolved,0.8,3.5
BPS-00706,Health,Medical Certificate,Phone,Francistown,HLT-002,2024-10-15,2024-10-19,7,4.6,1,0.0,0,Resolved,0.8,
BPS-00107,Health,Medical Certificate,Digital,Gaborone,HLT-008,2022-10-23,2022-10-28,7,5.4,1,0.0,0,Resolved,0.8,
BPS-00590,Health,Medical Certificate,In-Person,Molepolole,HLT-005,2022-10-31,2022-11-03,7,3.2,1,0.0,0,Resolved,0.8,4.1
BPS-02469,BURS,Compliance Certificate,In-Person,Maun,BRS-002,2022-05-04,2022-05-12,10,8.3,1,0.0,0,Resolved,0.85,
BPS-02414,BURS,Tax Registration,In-Person,Molepolole,BRS-005,2024-12-12,2024-12-15,10,3.0,1,0.0,0,Resolved,0.9,
BPS-01601,Police,Protection Service,In-Person,Palapye,POL-008,2022-11-09,2022-11-15,5,6.0,0,1.0,0,Resolved,1.3,
BPS-02465,BURS,Compliance Certificate,In-Person,Maun,BRS-007,2022-12-01,2022-12-12,10,11.0,0,1.0,0,Resolved,0.85,
BPS-00229,Health,Specialist Referral,Digital,Francistown,HLT-001,2024-04-26,2024-04-28,7,2.9,1,0.0,0,Resolved,1.2,4.7
BPS-00916,Education,Scholarship Application,In-Person,Serowe,EDU-005,2023-04-25,2023-05-15,14,20.5,0,6.5,1,Resolved,1.4,2.2
BPS-00795,Health,Facility Request,In-Person,Serowe,HLT-011,2023-11-20,2023-11-21,7,1.4,1,0.0,0,Resolved,1.1,4.0
BPS-03022,Social Welfare,Destitute Support,Digital,Serowe,SWL-008,2022-11-15,2022-11-29,21,14.4,1,0.0,0,Resolved,1.3,
BPS-03544,Land Board,Consent to Transfer,Digital,Serowe,LBD-005,2024-05-01,2024-05-27,21,26.4,0,5.4,0,Resolved,1.3,2.4
BPS-01074,Education,School Admin,In-Person,Gaborone,EDU-002,2022-09-16,2022-09-21,14,5.2,1,0.0,0,Resolved,0.8,4.5
BPS-03352,Immigration,Border Documentation,In-Person,Serowe,IMG-004,2022-02-28,2022-03-21,30,21.8,1,0.0,0,Resolved,0.9,3.4
BPS-01745,Police,Document Request,Digital,Francistown,POL-014,2022-07-26,2022-07-28,5,2.8,1,0.0,0,Resolved,0.75,
BPS-01085,Education,Student Enrollment,Digital,Serowe,EDU-004,2024-07-01,2024-07-09,14,8.7,1,0.0,0,Resolved,0.9,4.3
BPS-00927,Education,Student Enrollment,In-Person,Francistown,EDU-007,2022-07-28,2022-08-04,14,7.5,1,0.0,0,Resolved,0.9,3.6
BPS-03050,Social Welfare,Social Grant,In-Person,Lobatse,SWL-004,2022-05-12,2022-06-08,21,27.3,0,6.3,0,Resolved,1.0,2.5
BPS-01118,Education,Teacher Posting,In-Person,Maun,EDU-006,2022-06-11,2022-06-25,14,14.6,0,0.6,0,Resolved,1.3,2.9
BPS-00643,Health,Facility Request,Phone,Serowe,HLT-005,2024-12-11,2024-12-16,7,5.2,1,0.0,0,Resolved,1.1,4.2
BPS-04768,Motor Registry,Driver Licence,In-Person,Lobatse,MTR-001,2022-10-18,2022-10-21,5,3.1,1,0.0,0,Resolved,0.95,
BPS-00502,Health,Patient Query,In-Person,Kanye,HLT-011,2024-07-17,2024-07-25,7,8.0,0,1.0,0,Resolved,0.7,
BPS-04067,Works,Infrastructure Defect,Phone,Francistown,WRK-005,2024-05-21,2024-06-05,14,15.3,0,1.3,0,Resolved,1.2,1.6
BPS-00334,Health,Facility Request,Post,Gaborone,HLT-002,2022-05-19,2022-05-25,7,6.4,1,0.0,0,Resolved,1.1,4.0
BPS-04685,Motor Registry,Vehicle Licensing,Digital,Gaborone,MTR-010,2024-01-23,2024-01-24,5,1.0,1,0.0,0,Resolved,0.9,
BPS-00487,Health,Specialist Referral,In-Person,Francistown,HLT-011,2022-06-04,2022-06-10,7,6.6,1,0.0,0,Resolved,1.2,3.5
BPS-01963,Police,Document Request,In-Person,Maun,POL-007,2022-03-08,2022-03-11,5,3.3,1,0.0,0,Resolved,0.75,4.4
BPS-00394,Health,Medical Certificate,In-Person,Kanye,HLT-007,2023-07-20,2023-07-27,7,7.1,0,0.1,1,Resolved,0.8,2.1
BPS-04843,Motor Registry,Number Plate,Phone,Palapye,MTR-013,2023-11-23,2023-11-26,5,3.9,1,0.0,0,Resolved,0.8,4.2
BPS-04867,Motor Registry,Roadworthy Certificate,Phone,Francistown,MTR-010,2023-10-14,2023-10-17,5,3.6,1,0.0,0,Resolved,1.0,5.0
BPS-01756,Police,Case Registration,In-Person,Lobatse,POL-014,2024-03-08,2024-03-16,5,8.1,0,3.1,0,Resolved,1.1,3.0
BPS-02516,Social Welfare,Social Grant,Digital,Gaborone,SWL-007,2023-06-24,2023-07-06,21,12.0,1,0.0,0,Resolved,1.0,3.9
BPS-03586,Land Board,Consent to Transfer,In-Person,Maun,LBD-001,2023-08-06,2023-09-09,21,34.0,0,13.0,0,Resolved,1.3,
BPS-04316,Works,Infrastructure Defect,Digital,Molepolole,WRK-001,2024-02-24,2024-03-11,14,16.3,0,2.3,0,Resolved,1.2,3.2
BPS-04967,Motor Registry,Roadworthy Certificate,Digital,Serowe,MTR-014,2022-09-24,2022-09-25,5,1.0,1,0.0,0,Resolved,1.0,
BPS-02100,BURS,Tax Registration,In-Person,Palapye,BRS-011,2022-05-29,2022-06-07,10,9.2,1,0.0,0,Resolved,0.9,4.5
BPS-03600,Land Board,Consent to Transfer,In-Person,Kanye,LBD-003,2024-05-30,2024-07-27,21,58.0,0,37.0,1,Resolved,1.3,1.0
BPS-04122,Works,Utility Request,In-Person,Lobatse,WRK-005,2022-01-09,2022-01-19,14,10.3,1,0.0,0,Resolved,0.9,
BPS-00030,Health,Medical Certificate,In-Person,Maun,HLT-008,2022-04-27,2022-05-01,7,4.7,1,0.0,0,Resolved,0.8,
BPS-00066,Health,Patient Query,Phone,Lobatse,HLT-007,2024-05-13,2024-05-19,7,6.5,1,0.0,0,Resolved,0.7,
BPS-00839,Education,Student Enrollment,Phone,Gaborone,EDU-003,2022-06-16,2022-06-27,14,11.4,1,0.0,0,Resolved,0.9,4.3
BPS-03907,Works,Infrastructure Defect,Digital,Palapye,WRK-006,2024-08-10,2024-08-27,14,17.2,0,3.2,0,Resolved,1.2,
BPS-03774,Land Board,Land Allocation,In-Person,Francistown,LBD-005,2023-12-10,2024-01-31,21,52.3,0,31.3,1,Resolved,1.5,1.8
BPS-04636,Motor Registry,Roadworthy Certificate,In-Person,Gaborone,MTR-014,2023-12-22,2023-12-23,5,1.0,1,0.0,0,Resolved,1.0,5.0
BPS-03162,Immigration,Citizenship Application,Phone,Maun,IMG-007,2023-06-21,2023-08-05,30,45.8,0,15.8,0,Resolved,1.6,2.3
BPS-02660,Social Welfare,Destitute Support,Digital,Molepolole,SWL-001,2024-09-25,2024-10-16,21,21.6,0,0.6,0,Resolved,1.3,2.9
BPS-04616,Motor Registry,Number Plate,In-Person,Gaborone,MTR-004,2022-03-25,2022-03-26,5,1.9,1,0.0,0,Resolved,0.8,
BPS-04629,Motor Registry,Number Plate,Digital,Kanye,MTR-005,2023-06-11,2023-06-14,5,3.6,1,0.0,0,Resolved,0.8,5.0
BPS-02452,BURS,Compliance Certificate,Digital,Gaborone,BRS-005,2022-11-02,2022-11-06,10,4.1,1,0.0,0,Resolved,0.85,
BPS-02847,Social Welfare,Social Grant,In-Person,Serowe,SWL-007,2024-01-19,2024-02-01,21,13.3,1,0.0,0,Resolved,1.0,4.1
BPS-01145,Education,Student Enrollment,In-Person,Kanye,EDU-007,2023-09-01,2023-09-11,14,10.1,1,0.0,0,Resolved,0.9,4.4
BPS-03079,Social Welfare,Social Grant,Post,Lobatse,SWL-001,2022-07-31,2022-08-24,21,24.5,0,3.5,0,Resolved,1.0,2.7
BPS-01104,Education,Student Enrollment,In-Person,Francistown,EDU-001,2025-01-20,2025-01-29,14,9.4,1,0.0,0,Resolved,0.9,4.6
BPS-00169,Health,Facility Request,In-Person,Lobatse,HLT-004,2024-08-18,2024-08-24,7,6.6,1,0.0,0,Resolved,1.1,3.9
BPS-01671,Police,Protection Service,In-Person,Francistown,POL-008,2022-07-27,2022-08-01,5,5.1,0,0.1,0,Resolved,1.3,2.8
BPS-02571,Social Welfare,Social Grant,Digital,Molepolole,SWL-006,2023-07-30,2023-08-10,21,11.1,1,0.0,0,Resolved,1.0,4.5
BPS-02378,BURS,Tax Registration,In-Person,Gaborone,BRS-006,2022-02-16,2022-02-19,10,3.0,1,0.0,0,Resolved,0.9,3.6
BPS-04396,Motor Registry,Driver Licence,In-Person,Molepolole,MTR-008,2025-01-26,2025-01-29,5,3.9,1,0.0,0,Resolved,0.95,
BPS-04258,Works,Utility Request,In-Person,Palapye,WRK-008,2024-07-20,2024-08-07,14,18.0,0,4.0,0,Resolved,0.9,2.9
BPS-03863,Land Board,Land Certificate,In-Person,Gaborone,LBD-002,2023-06-28,2023-08-25,21,58.0,0,37.0,1,Resolved,1.2,1.0
BPS-00024,Health,Medical Certificate,Digital,Francistown,HLT-011,2022-05-05,2022-05-06,7,1.0,1,0.0,0,Resolved,0.8,4.5
BPS-02634,Social Welfare,Destitute Support,In-Person,Palapye,SWL-001,2024-03-27,2024-04-23,21,27.3,0,6.3,0,Resolved,1.3,
BPS-03341,Immigration,Border Documentation,In-Person,Molepolole,IMG-007,2022-09-04,2022-10-03,30,29.6,1,0.0,0,Resolved,0.9,3.3
BPS-02216,BURS,Tax Registration,In-Person,Gaborone,BRS-002,2024-07-29,2024-08-06,10,8.7,1,0.0,0,Resolved,0.9,4.3
BPS-03683,Land Board,Consent to Transfer,In-Person,Serowe,LBD-006,2023-08-07,2023-10-13,21,67.9,0,46.9,1,Resolved,1.3,1.0
BPS-04725,Motor Registry,Vehicle Licensing,In-Person,Palapye,MTR-004,2023-06-19,2023-06-22,5,3.6,1,0.0,0,Resolved,0.9,5.0
BPS-01908,Police,Clearance Certificate,Digital,Francistown,POL-014,2024-03-26,2024-03-27,5,1.0,1,0.0,0,Resolved,0.85,
BPS-00085,Health,Medical Certificate,In-Person,Lobatse,HLT-010,2022-06-24,2022-06-27,7,3.5,1,0.0,0,Resolved,0.8,4.0
BPS-00228,Health,Patient Query,Post,Maun,HLT-005,2022-08-12,2022-08-13,7,1.6,1,0.0,0,Resolved,0.7,
BPS-00297,Health,Specialist Referral,In-Person,Palapye,HLT-001,2022-08-03,2022-08-13,7,10.0,0,3.0,1,Resolved,1.2,3.1
BPS-01002,Education,Teacher Posting,In-Person,Molepolole,EDU-002,2024-03-25,2024-04-13,14,19.6,0,5.6,1,Resolved,1.3,1.3
BPS-02139,BURS,Assessment Dispute,Digital,Francistown,BRS-004,2022-04-09,2022-04-13,10,4.9,1,0.0,0,Resolved,1.5,4.5
BPS-00712,Health,Specialist Referral,Post,Gaborone,HLT-010,2023-01-04,2023-01-12,7,8.6,0,1.6,1,Resolved,1.2,1.7
BPS-02802,Social Welfare,Old Age Pension,Digital,Kanye,SWL-001,2024-02-13,2024-03-12,21,28.7,0,7.7,0,Resolved,1.1,2.8
BPS-02528,Social Welfare,Destitute Support,Phone,Molepolole,SWL-002,2023-02-02,2023-02-26,21,24.6,0,3.6,0,Resolved,1.3,2.6
BPS-03753,Land Board,Land Use Approval,In-Person,Kanye,LBD-001,2023-04-10,2023-08-01,21,113.5,0,92.5,1,Resolved,1.6,1.4
BPS-03322,Immigration,Permanent Residency,In-Person,Gaborone,IMG-005,2022-12-12,2023-01-07,30,26.6,1,0.0,0,Resolved,1.4,
BPS-03182,Immigration,Border Documentation,In-Person,Francistown,IMG-007,2022-08-30,2022-09-27,30,28.4,1,0.0,0,Resolved,0.9,3.0
BPS-04184,Works,Asset Management,In-Person,Serowe,WRK-006,2022-02-17,2022-02-27,14,10.6,1,0.0,0,Resolved,1.1,4.4
BPS-01616,Police,Clearance Certificate,Phone,Serowe,POL-011,2022-09-04,2022-09-12,5,8.0,0,3.0,0,Resolved,0.85,2.7
BPS-03025,Social Welfare,Destitute Support,In-Person,Gaborone,SWL-004,2023-06-05,2023-06-11,21,6.6,1,0.0,0,Resolved,1.3,3.8
BPS-01414,Education,Teacher Posting,In-Person,Maun,EDU-006,2023-05-13,2023-06-09,14,27.8,0,13.8,1,Resolved,1.3,2.0
BPS-00764,Health,Specialist Referral,In-Person,Lobatse,HLT-009,2024-02-03,2024-02-10,7,7.3,0,0.3,0,Resolved,1.2,
BPS-00656,Health,Facility Request,In-Person,Palapye,HLT-008,2022-12-16,2022-12-22,7,6.8,1,0.0,0,Resolved,1.1,4.4
BPS-04798,Motor Registry,Driver Licence,In-Person,Kanye,MTR-010,2024-11-05,2024-11-06,5,1.8,1,0.0,0,Resolved,0.95,4.6
BPS-03850,Land Board,Land Allocation,Digital,Serowe,LBD-002,2023-03-21,2023-04-14,21,24.6,0,3.6,0,Resolved,1.5,
BPS-04154,Works,Utility Request,In-Person,Serowe,WRK-005,2024-06-02,2024-06-11,14,9.8,1,0.0,0,Resolved,0.9,3.5
BPS-00469,Health,Medical Certificate,In-Person,Palapye,HLT-006,2023-05-08,2023-05-12,7,4.8,1,0.0,0,Resolved,0.8,3.7
BPS-00158,Health,Patient Query,In-Person,Molepolole,HLT-002,2024-08-05,2024-08-08,7,3.2,1,0.0,0,Resolved,0.7,3.5
BPS-01296,Education,Teacher Posting,In-Person,Kanye,EDU-005,2022-07-23,2022-08-06,14,14.0,1,0.0,0,Resolved,1.3,4.3
BPS-00498,Health,Facility Request,In-Person,Maun,HLT-010,2024-04-21,2024-04-27,7,6.5,1,0.0,0,Resolved,1.1,4.0
BPS-04741,Motor Registry,Number Plate,In-Person,Kanye,MTR-014,2023-10-04,2023-10-06,5,2.4,1,0.0,0,Resolved,0.8,5.0
BPS-02941,Social Welfare,Orphan Welfare,In-Person,Molepolole,SWL-008,2023-02-11,2023-03-14,21,31.6,0,10.6,1,Resolved,1.2,1.9
BPS-03457,Land Board,Land Allocation,Post,Lobatse,LBD-006,2024-10-14,2025-02-18,21,127.9,0,106.9,1,Resolved,1.5,1.1
BPS-00374,Health,Facility Request,Phone,Kanye,HLT-008,2022-12-23,2022-12-31,7,8.6,0,1.6,0,Resolved,1.1,2.2
BPS-00080,Health,Medical Certificate,Digital,Francistown,HLT-006,2025-01-02,2025-01-04,7,2.0,1,0.0,0,Resolved,0.8,
BPS-01554,Police,Document Request,Phone,Palapye,POL-006,2023-02-15,2023-02-17,5,2.0,1,0.0,0,Resolved,0.75,3.8
BPS-01670,Police,Clearance Certificate,In-Person,Maun,POL-013,2024-02-11,2024-02-16,5,5.1,0,0.1,0,Resolved,0.85,2.7
BPS-02132,BURS,Tax Registration,Post,Molepolole,BRS-008,2022-07-14,2022-07-22,10,8.0,1,0.0,0,Resolved,0.9,
BPS-04440,Motor Registry,Driver Licence,Phone,Francistown,MTR-006,2024-09-10,2024-09-12,5,2.3,1,0.0,0,Resolved,0.95,4.2
BPS-00466,Health,Patient Query,In-Person,Kanye,HLT-010,2022-05-30,2022-06-03,7,4.1,1,0.0,0,Resolved,0.7,
BPS-00249,Health,Specialist Referral,Digital,Francistown,HLT-006,2023-01-01,2023-01-11,7,10.7,0,3.7,1,Resolved,1.2,2.5
BPS-00932,Education,Scholarship Application,In-Person,Maun,EDU-009,2022-10-29,2022-11-24,14,26.6,0,12.6,1,Resolved,1.4,2.4
BPS-01336,Education,Teacher Posting,In-Person,Serowe,EDU-009,2023-12-08,2023-12-19,14,11.4,1,0.0,0,Resolved,1.3,3.4
BPS-04525,Motor Registry,Roadworthy Certificate,In-Person,Palapye,MTR-002,2022-11-15,2022-11-19,5,4.3,1,0.0,0,Resolved,1.0,4.8
BPS-01339,Education,School Admin,In-Person,Palapye,EDU-005,2023-03-05,2023-03-13,14,8.7,1,0.0,0,Resolved,0.8,4.7
BPS-01407,Education,Teacher Posting,In-Person,Maun,EDU-004,2024-08-25,2024-09-02,14,8.7,1,0.0,0,Resolved,1.3,3.8
BPS-01091,Education,Teacher Posting,Digital,Palapye,EDU-001,2024-10-28,2024-11-06,14,9.9,1,0.0,0,Resolved,1.3,3.9
BPS-04210,Works,Utility Request,In-Person,Gaborone,WRK-005,2022-08-27,2022-09-02,14,6.3,1,0.0,0,Resolved,0.9,
BPS-00743,Health,Specialist Referral,In-Person,Gaborone,HLT-002,2023-10-11,2023-10-15,7,4.2,1,0.0,0,Resolved,1.2,3.8
BPS-02324,BURS,Tax Registration,Digital,Palapye,BRS-008,2024-04-19,2024-04-29,10,10.5,0,0.5,0,Resolved,0.9,3.8
BPS-03602,Land Board,Land Use Approval,In-Person,Molepolole,LBD-001,2023-03-04,2023-04-28,21,55.7,0,34.7,1,Resolved,1.6,1.4
BPS-02124,BURS,Compliance Certificate,In-Person,Francistown,BRS-003,2024-08-17,2024-08-23,10,6.6,1,0.0,0,Resolved,0.85,4.0
BPS-02095,BURS,Assessment Dispute,In-Person,Molepolole,BRS-001,2024-01-30,2024-02-16,10,17.5,0,7.5,1,Resolved,1.5,2.6
BPS-00241,Health,Patient Query,In-Person,Palapye,HLT-009,2025-01-05,2025-01-08,7,3.3,1,0.0,0,Resolved,0.7,3.3
BPS-02352,BURS,Tax Registration,Phone,Serowe,BRS-008,2022-10-21,2022-10-28,10,7.6,1,0.0,0,Resolved,0.9,
BPS-01371,Education,Teacher Posting,Digital,Gaborone,EDU-006,2024-09-04,2024-09-14,14,10.0,1,0.0,0,Resolved,1.3,4.6
BPS-01058,Education,Teacher Posting,In-Person,Palapye,EDU-006,2024-10-25,2024-11-15,14,21.2,0,7.2,0,Resolved,1.3,3.8
BPS-04817,Motor Registry,Vehicle Licensing,Post,Serowe,MTR-010,2022-06-02,2022-06-06,5,4.3,1,0.0,0,Resolved,0.9,5.0
BPS-00200,Health,Patient Query,In-Person,Maun,HLT-009,2022-09-22,2022-09-23,7,1.0,1,0.0,0,Resolved,0.7,
BPS-02281,BURS,VAT Filing,Post,Serowe,BRS-008,2023-01-20,2023-01-21,10,1.0,1,0.0,0,Resolved,1.0,
BPS-04750,Motor Registry,Driver Licence,Digital,Serowe,MTR-014,2023-06-08,2023-06-09,5,1.7,1,0.0,0,Resolved,0.95,4.9
BPS-02221,BURS,Assessment Dispute,In-Person,Kanye,BRS-003,2022-11-12,2022-11-22,10,10.0,1,0.0,0,Resolved,1.5,3.6
BPS-04772,Motor Registry,Vehicle Licensing,In-Person,Kanye,MTR-002,2022-02-14,2022-02-15,5,1.0,1,0.0,0,Resolved,0.9,5.0
BPS-02820,Social Welfare,Destitute Support,Digital,Molepolole,SWL-003,2023-07-18,2023-07-21,21,3.8,1,0.0,0,Resolved,1.3,3.9
BPS-03151,Immigration,Permanent Residency,In-Person,Francistown,IMG-003,2023-01-12,2023-02-28,30,47.3,0,17.3,1,Resolved,1.4,1.6
BPS-04257,Works,Infrastructure Defect,Digital,Gaborone,WRK-002,2023-05-08,2023-05-16,14,8.3,1,0.0,0,Resolved,1.2,3.9
BPS-03108,Immigration,Border Documentation,Digital,Serowe,IMG-001,2022-01-04,2022-01-24,30,20.0,1,0.0,0,Resolved,0.9,3.2
BPS-01974,Police,Clearance Certificate,In-Person,Francistown,POL-001,2022-10-03,2022-10-07,5,4.2,1,0.0,0,Resolved,0.85,3.5
BPS-01376,Education,School Admin,Phone,Maun,EDU-004,2024-10-20,2024-10-27,14,7.9,1,0.0,0,Resolved,0.8,4.4
BPS-03969,Works,Utility Request,In-Person,Lobatse,WRK-009,2023-08-02,2023-08-21,14,19.8,0,5.8,0,Resolved,0.9,2.0
BPS-04063,Works,Asset Management,In-Person,Maun,WRK-008,2023-05-24,2023-05-31,14,7.8,1,0.0,0,Resolved,1.1,4.2
BPS-04446,Motor Registry,Vehicle Licensing,In-Person,Molepolole,MTR-002,2024-03-23,2024-03-25,5,2.4,1,0.0,0,Resolved,0.9,
BPS-03558,Land Board,Consent to Transfer,Phone,Palapye,LBD-002,2022-07-06,2022-09-03,21,59.4,0,38.4,1,Resolved,1.3,1.1
BPS-00965,Education,Teacher Posting,In-Person,Maun,EDU-008,2023-09-28,2023-10-11,14,13.4,1,0.0,0,Resolved,1.3,3.9
BPS-00180,Health,Patient Query,In-Person,Kanye,HLT-001,2022-05-19,2022-05-28,7,9.1,0,2.1,0,Resolved,0.7,3.2
BPS-03699,Land Board,Consent to Transfer,Digital,Molepolole,LBD-006,2023-10-04,2023-12-03,21,60.5,0,39.5,1,Resolved,1.3,1.3
BPS-03822,Land Board,Land Certificate,In-Person,Maun,LBD-003,2023-02-15,2023-04-21,21,65.9,0,44.9,1,Resolved,1.2,
BPS-04879,Motor Registry,Vehicle Licensing,In-Person,Molepolole,MTR-008,2023-06-23,2023-06-24,5,1.0,1,0.0,0,Resolved,0.9,
BPS-03900,Works,Asset Management,Digital,Molepolole,WRK-001,2023-12-19,2023-12-29,14,10.8,1,0.0,0,Resolved,1.1,3.4
BPS-04488,Motor Registry,Driver Licence,Digital,Kanye,MTR-010,2024-01-14,2024-01-15,5,1.0,1,0.0,0,Resolved,0.95,5.0
BPS-03239,Immigration,Permanent Residency,Digital,Serowe,IMG-002,2023-05-13,2023-06-08,30,26.4,1,0.0,0,Resolved,1.4,4.8
BPS-02975,Social Welfare,Old Age Pension,In-Person,Palapye,SWL-008,2024-08-10,2024-09-06,21,27.5,0,6.5,0,Resolved,1.1,2.7
BPS-03581,Land Board,Land Certificate,Phone,Francistown,LBD-003,2023-04-05,2023-07-06,21,92.7,0,71.7,1,Resolved,1.2,
BPS-02888,Social Welfare,Social Grant,In-Person,Lobatse,SWL-002,2023-11-10,2023-12-07,21,27.1,0,6.1,0,Resolved,1.0,
BPS-02576,Social Welfare,Social Grant,In-Person,Francistown,SWL-005,2023-02-07,2023-02-16,21,9.3,1,0.0,0,Resolved,1.0,3.8
BPS-01420,Education,Teacher Posting,Post,Kanye,EDU-003,2024-12-07,2024-12-28,14,21.0,0,7.0,0,Resolved,1.3,
BPS-03908,Works,Utility Request,In-Person,Maun,WRK-007,2022-07-25,2022-07-30,14,5.9,1,0.0,0,Resolved,0.9,4.0
BPS-04674,Motor Registry,Roadworthy Certificate,Digital,Molepolole,MTR-010,2023-06-26,2023-06-27,5,1.5,1,0.0,0,Resolved,1.0,5.0
BPS-04903,Motor Registry,Driver Licence,Digital,Maun,MTR-014,2023-02-17,2023-02-18,5,1.8,1,0.0,0,Resolved,0.95,5.0
BPS-01861,Police,Case Registration,In-Person,Serowe,POL-003,2022-02-24,2022-02-28,5,4.6,1,0.0,0,Resolved,1.1,
BPS-00009,Health,Patient Query,Post,Serowe,HLT-011,2023-10-27,2023-11-01,7,5.1,1,0.0,0,Resolved,0.7,
BPS-02895,Social Welfare,Orphan Welfare,Digital,Maun,SWL-002,2024-02-15,2024-03-04,21,18.8,1,0.0,0,Resolved,1.2,3.6
BPS-02848,Social Welfare,Old Age Pension,In-Person,Palapye,SWL-002,2022-11-16,2022-11-29,21,13.2,1,0.0,0,Resolved,1.1,3.8
BPS-03665,Land Board,Land Allocation,In-Person,Gaborone,LBD-004,2023-07-02,2023-10-14,21,104.4,0,83.4,1,Resolved,1.5,1.2
BPS-00145,Health,Patient Query,Phone,Francistown,HLT-010,2022-04-18,2022-04-23,7,5.3,1,0.0,0,Resolved,0.7,
BPS-02105,BURS,Assessment Dispute,Digital,Maun,BRS-011,2024-09-26,2024-09-29,10,3.7,1,0.0,0,Resolved,1.5,5.0
BPS-03144,Immigration,Work Permit,Digital,Francistown,IMG-002,2023-06-13,2023-07-01,30,18.1,1,0.0,0,Resolved,1.2,
BPS-00842,Education,Student Enrollment,In-Person,Serowe,EDU-003,2024-03-27,2024-04-10,14,14.7,0,0.7,1,Resolved,0.9,2.7
BPS-01129,Education,School Admin,Phone,Francistown,EDU-009,2024-10-25,2024-11-02,14,8.3,1,0.0,0,Resolved,0.8,3.9
BPS-00152,Health,Facility Request,Phone,Francistown,HLT-006,2024-06-13,2024-06-20,7,7.6,0,0.6,0,Resolved,1.1,2.5
BPS-03592,Land Board,Consent to Transfer,Phone,Molepolole,LBD-004,2022-06-28,2022-09-06,21,70.9,0,49.9,1,Resolved,1.3,
BPS-01053,Education,Scholarship Application,In-Person,Lobatse,EDU-004,2022-01-21,2022-02-11,14,21.5,0,7.5,1,Resolved,1.4,2.9
BPS-01591,Police,Case Registration,In-Person,Serowe,POL-011,2024-09-01,2024-09-03,5,2.9,1,0.0,0,Resolved,1.1,3.3
BPS-03009,Social Welfare,Old Age Pension,Phone,Francistown,SWL-005,2022-12-22,2023-01-16,21,25.5,0,4.5,1,Resolved,1.1,
BPS-02030,BURS,Tax Registration,Phone,Francistown,BRS-007,2023-12-28,2024-01-01,10,4.1,1,0.0,0,Resolved,0.9,4.4
BPS-03419,Immigration,Citizenship Application,Phone,Molepolole,IMG-001,2023-03-13,2023-04-03,30,21.4,1,0.0,0,Resolved,1.6,3.0
BPS-01808,Police,Document Request,In-Person,Maun,POL-004,2024-10-14,2024-10-18,5,4.0,1,0.0,0,Resolved,0.75,3.9
BPS-02697,Social Welfare,Destitute Support,Digital,Gaborone,SWL-003,2024-09-16,2024-10-09,21,23.0,0,2.0,1,Resolved,1.3,2.5
BPS-03040,Social Welfare,Social Grant,Digital,Molepolole,SWL-002,2022-10-17,2022-10-29,21,12.2,1,0.0,0,Resolved,1.0,3.8
BPS-00473,Health,Facility Request,Phone,Molepolole,HLT-004,2022-05-28,2022-05-29,7,1.6,1,0.0,0,Resolved,1.1,3.8
BPS-03290,Immigration,Border Documentation,In-Person,Molepolole,IMG-001,2022-01-18,2022-02-08,30,21.7,1,0.0,0,Resolved,0.9,4.2
BPS-04075,Works,Utility Request,Phone,Molepolole,WRK-003,2022-10-13,2022-10-21,14,8.6,1,0.0,0,Resolved,0.9,3.0
BPS-03497,Land Board,Land Certificate,Post,Gaborone,LBD-006,2024-03-31,2024-07-04,21,95.8,0,74.8,1,Resolved,1.2,1.5
BPS-00280,Health,Facility Request,Post,Gaborone,HLT-006,2023-07-14,2023-07-21,7,7.2,0,0.2,0,Resolved,1.1,2.3
BPS-01742,Police,Case Registration,Phone,Molepolole,POL-001,2024-04-11,2024-04-15,5,4.1,1,0.0,0,Resolved,1.1,3.7
BPS-04625,Motor Registry,Number Plate,In-Person,Serowe,MTR-015,2023-03-28,2023-03-31,5,3.4,1,0.0,0,Resolved,0.8,5.0
BPS-02887,Social Welfare,Old Age Pension,In-Person,Kanye,SWL-005,2023-03-21,2023-04-06,21,16.4,1,0.0,0,Resolved,1.1,3.9
BPS-01942,Police,Case Registration,In-Person,Serowe,POL-006,2022-08-08,2022-08-11,5,3.9,1,0.0,0,Resolved,1.1,4.1
BPS-00101,Health,Patient Query,In-Person,Palapye,HLT-008,2023-05-15,2023-05-16,7,1.0,1,0.0,0,Resolved,0.7,
BPS-02805,Social Welfare,Social Grant,Digital,Maun,SWL-006,2023-03-20,2023-03-31,21,11.9,1,0.0,0,Resolved,1.0,4.4
BPS-03571,Land Board,Consent to Transfer,In-Person,Kanye,LBD-005,2023-12-23,2024-02-15,21,54.5,0,33.5,1,Resolved,1.3,
BPS-03685,Land Board,Land Use Approval,In-Person,Gaborone,LBD-006,2024-06-24,2024-09-27,21,95.2,0,74.2,1,Resolved,1.6,1.9
BPS-03662,Land Board,Consent to Transfer,In-Person,Serowe,LBD-002,2023-06-13,2023-07-27,21,44.4,0,23.4,1,Resolved,1.3,1.0
BPS-00531,Health,Facility Request,Post,Palapye,HLT-009,2023-10-09,2023-10-20,7,11.1,0,4.1,1,Resolved,1.1,2.1
BPS-01887,Police,Document Request,Post,Francistown,POL-011,2022-10-19,2022-10-22,5,3.5,1,0.0,0,Resolved,0.75,3.6
BPS-00682,Health,Facility Request,In-Person,Palapye,HLT-005,2024-12-26,2024-12-29,7,3.2,1,0.0,0,Resolved,1.1,4.6
BPS-03795,Land Board,Land Use Approval,Digital,Francistown,LBD-002,2023-05-23,2023-07-15,21,53.4,0,32.4,0,Resolved,1.6,2.1
BPS-03945,Works,Property Maintenance,In-Person,Kanye,WRK-007,2022-08-27,2022-09-05,14,9.5,1,0.0,0,Resolved,1.0,4.0
BPS-04667,Motor Registry,Number Plate,Phone,Lobatse,MTR-006,2023-04-26,2023-04-27,5,1.0,1,0.0,0,Resolved,0.8,4.5
BPS-02019,BURS,Compliance Certificate,Phone,Maun,BRS-011,2022-02-23,2022-03-03,10,8.0,1,0.0,0,Resolved,0.85,4.3
BPS-01097,Education,School Admin,In-Person,Molepolole,EDU-004,2024-01-25,2024-02-04,14,10.2,1,0.0,0,Resolved,0.8,4.5
BPS-00830,Education,School Admin,Digital,Gaborone,EDU-003,2023-01-03,2023-01-08,14,5.7,1,0.0,0,Resolved,0.8,4.9
BPS-02806,Social Welfare,Orphan Welfare,Digital,Gaborone,SWL-007,2022-12-21,2022-12-25,21,4.7,1,0.0,0,Resolved,1.2,4.5
BPS-03830,Land Board,Land Certificate,In-Person,Lobatse,LBD-006,2024-11-15,2025-01-21,21,67.1,0,46.1,1,Resolved,1.2,1.0
BPS-04382,Motor Registry,Number Plate,Digital,Molepolole,MTR-015,2022-11-08,2022-11-10,5,2.4,1,0.0,0,Resolved,0.8,
BPS-03892,Works,Asset Management,Digital,Molepolole,WRK-004,2023-02-20,2023-03-04,14,12.1,1,0.0,0,Resolved,1.1,4.1
BPS-00765,Health,Specialist Referral,In-Person,Serowe,HLT-004,2024-12-12,2024-12-24,7,12.5,0,5.5,0,Resolved,1.2,2.2
BPS-02768,Social Welfare,Orphan Welfare,Digital,Serowe,SWL-005,2024-06-05,2024-06-23,21,18.0,1,0.0,0,Resolved,1.2,3.9
BPS-04329,Motor Registry,Vehicle Licensing,Post,Gaborone,MTR-015,2024-07-12,2024-07-17,5,5.9,0,0.9,0,Resolved,0.9,4.1
BPS-03296,Immigration,Border Documentation,In-Person,Kanye,IMG-005,2023-08-22,2023-09-05,30,14.9,1,0.0,0,Resolved,0.9,2.6
BPS-02195,BURS,Compliance Certificate,Digital,Kanye,BRS-006,2024-02-20,2024-02-23,10,3.7,1,0.0,0,Resolved,0.85,
BPS-02358,BURS,Assessment Dispute,In-Person,Francistown,BRS-008,2023-12-31,2024-01-11,10,11.5,0,1.5,0,Resolved,1.5,2.6
BPS-03426,Immigration,Permanent Residency,Phone,Molepolole,IMG-002,2025-01-15,2025-03-01,30,45.0,0,15.0,0,Resolved,1.4,
BPS-03980,Works,Utility Request,Phone,Francistown,WRK-004,2022-06-29,2022-07-04,14,5.5,1,0.0,0,Resolved,0.9,
BPS-00912,Education,Scholarship Application,In-Person,Gaborone,EDU-003,2024-09-02,2024-09-19,14,17.6,0,3.6,1,Resolved,1.4,2.3
BPS-03146,Immigration,Work Permit,Phone,Francistown,IMG-006,2022-12-22,2023-01-25,30,34.0,0,4.0,0,Resolved,1.2,
BPS-01000,Education,Scholarship Application,Digital,Kanye,EDU-008,2022-04-29,2022-05-11,14,12.5,1,0.0,0,Resolved,1.4,3.7
BPS-03654,Land Board,Land Certificate,In-Person,Palapye,LBD-004,2024-03-20,2024-04-28,21,39.4,0,18.4,1,Resolved,1.2,1.0
BPS-02484,BURS,Assessment Dispute,In-Person,Lobatse,BRS-011,2024-08-13,2024-08-21,10,8.5,1,0.0,0,Resolved,1.5,3.9
BPS-04077,Works,Asset Management,In-Person,Maun,WRK-008,2022-05-29,2022-06-10,14,12.5,1,0.0,0,Resolved,1.1,
BPS-02371,BURS,Assessment Dispute,Digital,Palapye,BRS-011,2024-01-30,2024-02-05,10,6.7,1,0.0,0,Resolved,1.5,4.7
BPS-04839,Motor Registry,Number Plate,In-Person,Palapye,MTR-003,2024-04-11,2024-04-14,5,3.1,1,0.0,0,Resolved,0.8,4.7
BPS-00034,Health,Facility Request,Digital,Francistown,HLT-010,2022-05-31,2022-06-01,7,1.2,1,0.0,0,Resolved,1.1,
BPS-03790,Land Board,Land Use Approval,Digital,Molepolole,LBD-004,2023-06-16,2023-09-05,21,81.0,0,60.0,0,Resolved,1.6,1.4
BPS-01021,Education,Scholarship Application,Phone,Kanye,EDU-002,2024-02-12,2024-03-01,14,18.8,0,4.8,0,Resolved,1.4,2.4
BPS-01648,Police,Case Registration,Digital,Palapye,POL-008,2025-01-20,2025-01-25,5,5.5,0,0.5,0,Resolved,1.1,3.4
BPS-00734,Health,Specialist Referral,Phone,Kanye,HLT-004,2023-12-24,2023-12-26,7,2.1,1,0.0,0,Resolved,1.2,3.7
BPS-04583,Motor Registry,Vehicle Licensing,Digital,Maun,MTR-013,2024-10-28,2024-10-30,5,2.4,1,0.0,0,Resolved,0.9,5.0
BPS-03275,Immigration,Border Documentation,In-Person,Francistown,IMG-007,2022-04-23,2022-05-11,30,18.0,1,0.0,0,Resolved,0.9,3.3
BPS-01621,Police,Document Request,Digital,Maun,POL-006,2023-10-08,2023-10-10,5,2.8,1,0.0,0,Resolved,0.75,
BPS-03136,Immigration,Work Permit,In-Person,Maun,IMG-006,2023-04-08,2023-05-14,30,36.8,0,6.8,1,Resolved,1.2,1.3
BPS-02690,Social Welfare,Orphan Welfare,Digital,Maun,SWL-001,2023-05-13,2023-06-02,21,20.4,1,0.0,0,Resolved,1.2,4.0
BPS-02708,Social Welfare,Social Grant,Digital,Francistown,SWL-005,2023-06-12,2023-06-23,21,11.6,1,0.0,0,Resolved,1.0,3.6
BPS-00298,Health,Specialist Referral,In-Person,Palapye,HLT-006,2023-02-28,2023-03-07,7,7.6,0,0.6,1,Resolved,1.2,2.2
BPS-02340,BURS,Compliance Certificate,In-Person,Kanye,BRS-010,2023-02-21,2023-02-28,10,7.5,1,0.0,0,Resolved,0.85,4.3
BPS-00654,Health,Facility Request,In-Person,Palapye,HLT-011,2024-08-21,2024-08-24,7,3.3,1,0.0,0,Resolved,1.1,4.3
BPS-03775,Land Board,Land Certificate,In-Person,Maun,LBD-004,2023-01-29,2023-02-18,21,20.1,1,0.0,0,Resolved,1.2,3.4
BPS-01256,Education,School Admin,In-Person,Maun,EDU-007,2024-05-30,2024-06-03,14,4.5,1,0.0,0,Resolved,0.8,
BPS-04521,Motor Registry,Vehicle Licensing,Digital,Palapye,MTR-007,2022-07-21,2022-07-22,5,1.0,1,0.0,0,Resolved,0.9,4.7
BPS-00231,Health,Patient Query,In-Person,Gaborone,HLT-011,2022-07-03,2022-07-05,7,2.4,1,0.0,0,Resolved,0.7,3.8
BPS-03277,Immigration,Citizenship Application,In-Person,Serowe,IMG-002,2023-01-30,2023-03-29,30,58.6,0,28.6,1,Resolved,1.6,
BPS-03231,Immigration,Border Documentation,Post,Francistown,IMG-001,2022-09-16,2022-10-10,30,24.4,1,0.0,0,Resolved,0.9,2.6
BPS-00692,Health,Facility Request,In-Person,Lobatse,HLT-001,2023-06-27,2023-07-07,7,10.8,0,3.8,0,Resolved,1.1,
BPS-02755,Social Welfare,Old Age Pension,In-Person,Gaborone,SWL-008,2024-09-24,2024-10-11,21,17.9,1,0.0,0,Resolved,1.1,3.9
BPS-04864,Motor Registry,Driver Licence,In-Person,Maun,MTR-007,2022-05-05,2022-05-06,5,1.0,1,0.0,0,Resolved,0.95,4.8
BPS-00970,Education,Scholarship Application,Digital,Serowe,EDU-002,2024-10-07,2024-10-10,14,3.5,1,0.0,0,Resolved,1.4,
BPS-00634,Health,Specialist Referral,Digital,Gaborone,HLT-004,2022-08-31,2022-09-05,7,5.5,1,0.0,0,Resolved,1.2,
BPS-04093,Works,Utility Request,In-Person,Kanye,WRK-005,2024-05-05,2024-05-14,14,9.2,1,0.0,0,Resolved,0.9,3.6
BPS-04078,Works,Asset Management,In-Person,Kanye,WRK-009,2022-08-24,2022-08-26,14,2.7,1,0.0,0,Resolved,1.1,4.0
BPS-01322,Education,School Admin,In-Person,Palapye,EDU-005,2024-02-11,2024-02-22,14,11.0,1,0.0,0,Resolved,0.8,4.3
BPS-01832,Police,Document Request,In-Person,Lobatse,POL-011,2023-11-23,2023-11-28,5,5.2,0,0.2,0,Resolved,0.75,2.7
BPS-02179,BURS,Compliance Certificate,Phone,Palapye,BRS-007,2022-03-25,2022-04-04,10,10.5,0,0.5,0,Resolved,0.85,
BPS-01418,Education,Scholarship Application,In-Person,Maun,EDU-003,2023-08-22,2023-09-09,14,18.3,0,4.3,0,Resolved,1.4,2.6
BPS-01783,Police,Document Request,In-Person,Molepolole,POL-009,2023-08-24,2023-08-25,5,1.4,1,0.0,0,Resolved,0.75,3.9
BPS-04716,Motor Registry,Vehicle Licensing,Digital,Maun,MTR-008,2024-03-10,2024-03-11,5,1.5,1,0.0,0,Resolved,0.9,5.0
BPS-04702,Motor Registry,Roadworthy Certificate,In-Person,Kanye,MTR-004,2022-07-20,2022-07-21,5,1.0,1,0.0,0,Resolved,1.0,
BPS-04119,Works,Utility Request,In-Person,Lobatse,WRK-009,2022-05-15,2022-05-23,14,8.5,1,0.0,0,Resolved,0.9,
BPS-01653,Police,Clearance Certificate,Post,Serowe,POL-013,2024-03-22,2024-03-27,5,5.8,0,0.8,1,Resolved,0.85,2.3
BPS-01484,Police,Clearance Certificate,Digital,Maun,POL-009,2024-02-06,2024-02-08,5,2.8,1,0.0,0,Resolved,0.85,4.7
BPS-02276,BURS,VAT Filing,In-Person,Gaborone,BRS-006,2024-06-18,2024-06-22,10,4.9,1,0.0,0,Resolved,1.0,3.6
BPS-00878,Education,Scholarship Application,Digital,Kanye,EDU-006,2022-01-17,2022-01-30,14,13.3,1,0.0,0,Resolved,1.4,3.6
BPS-03526,Land Board,Consent to Transfer,In-Person,Kanye,LBD-001,2022-07-10,2022-08-17,21,38.0,0,17.0,1,Resolved,1.3,1.0
BPS-02017,BURS,Assessment Dispute,In-Person,Kanye,BRS-003,2024-06-13,2024-06-24,10,11.4,0,1.4,0,Resolved,1.5,3.5
BPS-00427,Health,Medical Certificate,In-Person,Molepolole,HLT-002,2024-06-28,2024-06-29,7,1.7,1,0.0,0,Resolved,0.8,4.3
BPS-00627,Health,Specialist Referral,In-Person,Gaborone,HLT-003,2023-12-16,2023-12-21,7,5.8,1,0.0,0,Resolved,1.2,4.2
BPS-01590,Police,Case Registration,In-Person,Francistown,POL-012,2022-01-08,2022-01-11,5,3.4,1,0.0,0,Resolved,1.1,
BPS-02224,BURS,VAT Filing,In-Person,Francistown,BRS-011,2024-12-24,2025-01-01,10,8.4,1,0.0,0,Resolved,1.0,4.3
BPS-02218,BURS,Compliance Certificate,In-Person,Serowe,BRS-011,2023-01-10,2023-01-16,10,6.0,1,0.0,0,Resolved,0.85,3.2
BPS-04484,Motor Registry,Vehicle Licensing,In-Person,Kanye,MTR-005,2022-04-28,2022-04-30,5,2.5,1,0.0,0,Resolved,0.9,5.0
BPS-01486,Police,Document Request,In-Person,Lobatse,POL-007,2024-03-09,2024-03-15,5,6.7,0,1.7,0,Resolved,0.75,2.0
BPS-01740,Police,Clearance Certificate,Digital,Serowe,POL-014,2023-05-25,2023-05-29,5,4.0,1,0.0,0,Resolved,0.85,
BPS-02481,BURS,Tax Registration,In-Person,Gaborone,BRS-005,2022-01-28,2022-02-02,10,5.9,1,0.0,0,Resolved,0.9,5.0
BPS-02585,Social Welfare,Orphan Welfare,In-Person,Lobatse,SWL-007,2023-04-26,2023-05-26,21,30.5,0,9.5,1,Resolved,1.2,2.4
BPS-02894,Social Welfare,Social Grant,Digital,Kanye,SWL-004,2023-05-19,2023-06-02,21,14.2,1,0.0,0,Resolved,1.0,4.2
BPS-00150,Health,Patient Query,In-Person,Molepolole,HLT-001,2022-02-08,2022-02-12,7,4.6,1,0.0,0,Resolved,0.7,4.0
BPS-00677,Health,Medical Certificate,Digital,Gaborone,HLT-005,2023-08-11,2023-08-12,7,1.1,1,0.0,0,Resolved,0.8,
BPS-01262,Education,Scholarship Application,In-Person,Francistown,EDU-009,2022-04-21,2022-05-07,14,16.0,0,2.0,0,Resolved,1.4,3.1
BPS-04918,Motor Registry,Number Plate,In-Person,Francistown,MTR-015,2023-11-15,2023-11-17,5,2.2,1,0.0,0,Resolved,0.8,4.6
BPS-00013,Health,Medical Certificate,Phone,Maun,HLT-002,2022-11-24,2022-11-29,7,5.3,1,0.0,0,Resolved,0.8,
BPS-01834,Police,Case Registration,Digital,Francistown,POL-008,2024-06-18,2024-06-21,5,3.9,1,0.0,0,Resolved,1.1,3.7
BPS-03249,Immigration,Work Permit,In-Person,Maun,IMG-005,2024-03-12,2024-04-15,30,34.1,0,4.1,1,Resolved,1.2,
BPS-01492,Police,Protection Service,In-Person,Lobatse,POL-008,2022-09-13,2022-09-23,5,10.8,0,5.8,1,Resolved,1.3,2.0
BPS-02728,Social Welfare,Orphan Welfare,Digital,Gaborone,SWL-004,2023-07-24,2023-08-16,21,23.2,0,2.2,0,Resolved,1.2,
BPS-03687,Land Board,Land Use Approval,Post,Gaborone,LBD-001,2023-02-10,2023-08-12,21,183.8,0,162.8,1,Resolved,1.6,1.1
BPS-01425,Education,Teacher Posting,Digital,Serowe,EDU-004,2024-07-23,2024-07-30,14,7.4,1,0.0,0,Resolved,1.3,5.0
BPS-04606,Motor Registry,Roadworthy Certificate,Phone,Palapye,MTR-013,2022-11-02,2022-11-04,5,2.5,1,0.0,0,Resolved,1.0,4.9
BPS-04596,Motor Registry,Driver Licence,Phone,Molepolole,MTR-007,2024-07-07,2024-07-10,5,3.4,1,0.0,0,Resolved,0.95,5.0
BPS-00732,Health,Medical Certificate,In-Person,Palapye,HLT-006,2022-03-25,2022-03-27,7,2.2,1,0.0,0,Resolved,0.8,4.2
BPS-01232,Education,Teacher Posting,In-Person,Serowe,EDU-009,2024-09-02,2024-09-08,14,6.1,1,0.0,0,Resolved,1.3,
BPS-01635,Police,Document Request,Phone,Serowe,POL-011,2023-09-14,2023-09-16,5,2.2,1,0.0,0,Resolved,0.75,4.0
BPS-03937,Works,Utility Request,Digital,Maun,WRK-003,2023-05-27,2023-06-07,14,11.9,1,0.0,0,Resolved,0.9,4.1
BPS-01211,Education,Scholarship Application,In-Person,Serowe,EDU-002,2024-02-13,2024-02-19,14,6.6,1,0.0,0,Resolved,1.4,3.3
BPS-03269,Immigration,Citizenship Application,Digital,Palapye,IMG-007,2022-11-07,2022-12-09,30,32.8,0,2.8,1,Resolved,1.6,2.5
BPS-01935,Police,Document Request,Digital,Maun,POL-008,2023-12-05,2023-12-08,5,3.0,1,0.0,0,Resolved,0.75,
BPS-00554,Health,Medical Certificate,Digital,Palapye,HLT-010,2023-07-12,2023-07-15,7,3.5,1,0.0,0,Resolved,0.8,3.9
BPS-00492,Health,Patient Query,In-Person,Serowe,HLT-011,2024-11-26,2024-12-04,7,8.2,0,1.2,0,Resolved,0.7,2.5
BPS-02963,Social Welfare,Old Age Pension,Digital,Serowe,SWL-001,2022-04-12,2022-04-24,21,12.6,1,0.0,0,Resolved,1.1,3.7
BPS-02330,BURS,Assessment Dispute,In-Person,Molepolole,BRS-008,2024-09-19,2024-10-05,10,16.7,0,6.7,0,Resolved,1.5,2.9
BPS-02196,BURS,VAT Filing,In-Person,Maun,BRS-005,2023-05-06,2023-05-10,10,4.7,1,0.0,0,Resolved,1.0,4.7
BPS-03065,Social Welfare,Old Age Pension,In-Person,Kanye,SWL-006,2022-08-05,2022-08-12,21,7.6,1,0.0,0,Resolved,1.1,3.8
BPS-00658,Health,Facility Request,In-Person,Maun,HLT-004,2024-09-14,2024-09-20,7,6.1,1,0.0,0,Resolved,1.1,4.2
BPS-02375,BURS,Assessment Dispute,Phone,Kanye,BRS-005,2022-07-22,2022-08-07,10,16.7,0,6.7,1,Resolved,1.5,1.7
BPS-02226,BURS,Assessment Dispute,Phone,Kanye,BRS-011,2022-11-01,2022-11-19,10,18.6,0,8.6,1,Resolved,1.5,2.4
BPS-04265,Works,Utility Request,Post,Serowe,WRK-009,2023-06-07,2023-06-20,14,13.5,1,0.0,0,Resolved,0.9,3.4
BPS-01171,Education,Teacher Posting,In-Person,Serowe,EDU-008,2022-07-08,2022-07-26,14,18.7,0,4.7,0,Resolved,1.3,3.2
BPS-00133,Health,Specialist Referral,Post,Lobatse,HLT-001,2024-07-27,2024-07-31,7,4.4,1,0.0,0,Resolved,1.2,3.9
BPS-00472,Health,Medical Certificate,Post,Gaborone,HLT-003,2022-05-15,2022-05-16,7,1.3,1,0.0,0,Resolved,0.8,
BPS-03226,Immigration,Border Documentation,Phone,Kanye,IMG-002,2024-09-09,2024-09-22,30,13.9,1,0.0,0,Resolved,0.9,2.9
BPS-01406,Education,School Admin,Digital,Gaborone,EDU-006,2024-03-08,2024-03-10,14,2.6,1,0.0,0,Resolved,0.8,4.1
BPS-02877,Social Welfare,Orphan Welfare,Digital,Molepolole,SWL-003,2023-04-09,2023-04-19,21,10.0,1,0.0,0,Resolved,1.2,4.0
BPS-04505,Motor Registry,Number Plate,In-Person,Maun,MTR-013,2024-07-22,2024-07-23,5,1.2,1,0.0,0,Resolved,0.8,5.0
BPS-04693,Motor Registry,Vehicle Licensing,Digital,Francistown,MTR-013,2024-10-06,2024-10-07,5,1.0,1,0.0,0,Resolved,0.9,5.0
BPS-02827,Social Welfare,Destitute Support,In-Person,Lobatse,SWL-004,2022-03-11,2022-04-15,21,35.0,0,14.0,1,Resolved,1.3,1.7
BPS-00288,Health,Facility Request,In-Person,Molepolole,HLT-010,2023-11-06,2023-11-13,7,7.8,0,0.8,0,Resolved,1.1,2.9
BPS-01870,Police,Protection Service,Phone,Gaborone,POL-001,2023-01-31,2023-02-04,5,4.2,1,0.0,0,Resolved,1.3,3.8
BPS-03115,Immigration,Work Permit,Digital,Palapye,IMG-005,2024-10-12,2024-11-06,30,25.1,1,0.0,0,Resolved,1.2,4.3
BPS-03626,Land Board,Land Allocation,Post,Palapye,LBD-003,2022-02-13,2022-04-13,21,59.9,0,38.9,1,Resolved,1.5,1.0
BPS-02313,BURS,Compliance Certificate,In-Person,Gaborone,BRS-002,2023-10-21,2023-10-28,10,7.0,1,0.0,0,Resolved,0.85,
BPS-04924,Motor Registry,Number Plate,In-Person,Molepolole,MTR-007,2022-10-12,2022-10-16,5,4.7,1,0.0,0,Resolved,0.8,5.0
BPS-01619,Police,Protection Service,Digital,Maun,POL-009,2024-06-28,2024-07-01,5,3.1,1,0.0,0,Resolved,1.3,4.0
BPS-00995,Education,School Admin,Phone,Gaborone,EDU-008,2024-02-21,2024-02-25,14,4.7,1,0.0,0,Resolved,0.8,4.2
BPS-01804,Police,Document Request,In-Person,Palapye,POL-004,2023-02-16,2023-02-17,5,1.0,1,0.0,0,Resolved,0.75,3.6
BPS-02643,Social Welfare,Destitute Support,Digital,Serowe,SWL-006,2022-05-29,2022-06-08,21,10.5,1,0.0,0,Resolved,1.3,3.6
BPS-04803,Motor Registry,Roadworthy Certificate,In-Person,Francistown,MTR-008,2024-05-10,2024-05-12,5,2.5,1,0.0,0,Resolved,1.0,
BPS-03536,Land Board,Consent to Transfer,Digital,Lobatse,LBD-004,2022-11-14,2023-01-23,21,70.2,0,49.2,1,Resolved,1.3,1.9
BPS-04832,Motor Registry,Number Plate,In-Person,Serowe,MTR-004,2024-09-12,2024-09-13,5,1.7,1,0.0,0,Resolved,0.8,
BPS-03912,Works,Asset Management,In-Person,Kanye,WRK-008,2022-08-05,2022-08-18,14,13.8,1,0.0,0,Resolved,1.1,4.1
BPS-02108,BURS,Tax Registration,In-Person,Lobatse,BRS-012,2024-01-21,2024-01-30,10,9.2,1,0.0,0,Resolved,0.9,4.4
BPS-03045,Social Welfare,Social Grant,Phone,Maun,SWL-005,2022-07-29,2022-08-18,21,20.3,1,0.0,0,Resolved,1.0,
BPS-00417,Health,Medical Certificate,In-Person,Francistown,HLT-004,2024-02-21,2024-02-28,7,7.7,0,0.7,0,Resolved,0.8,
BPS-00978,Education,Student Enrollment,Phone,Serowe,EDU-004,2024-02-07,2024-02-08,14,1.4,1,0.0,0,Resolved,0.9,
BPS-02418,BURS,Assessment Dispute,In-Person,Palapye,BRS-002,2023-05-14,2023-05-29,10,15.6,0,5.6,0,Resolved,1.5,
BPS-00506,Health,Facility Request,In-Person,Molepolole,HLT-008,2023-12-19,2023-12-22,7,3.8,1,0.0,0,Resolved,1.1,3.7
BPS-04153,Works,Utility Request,In-Person,Gaborone,WRK-001,2024-06-16,2024-06-27,14,11.0,1,0.0,0,Resolved,0.9,3.8
BPS-04256,Works,Utility Request,In-Person,Gaborone,WRK-003,2023-02-12,2023-03-01,14,17.1,0,3.1,0,Resolved,0.9,
BPS-03942,Works,Property Maintenance,Phone,Lobatse,WRK-003,2022-08-07,2022-08-23,14,16.0,0,2.0,0,Resolved,1.0,
BPS-00415,Health,Patient Query,Digital,Kanye,HLT-004,2023-04-03,2023-04-06,7,3.5,1,0.0,0,Resolved,0.7,4.0
BPS-04149,Works,Property Maintenance,Digital,Palapye,WRK-004,2022-11-14,2022-11-21,14,7.7,1,0.0,0,Resolved,1.0,
BPS-01184,Education,Student Enrollment,In-Person,Lobatse,EDU-007,2023-07-17,2023-07-20,14,3.6,1,0.0,0,Resolved,0.9,
BPS-00486,Health,Patient Query,In-Person,Maun,HLT-002,2022-06-17,2022-06-19,7,2.4,1,0.0,0,Resolved,0.7,
BPS-00894,Education,School Admin,Phone,Maun,EDU-003,2024-10-30,2024-11-10,14,11.0,1,0.0,0,Resolved,0.8,3.6
BPS-00806,Health,Patient Query,Digital,Gaborone,HLT-003,2024-09-22,2024-09-24,7,2.7,1,0.0,0,Resolved,0.7,4.2
BPS-00556,Health,Medical Certificate,In-Person,Gaborone,HLT-003,2024-10-07,2024-10-11,7,4.2,1,0.0,0,Resolved,0.8,4.4
BPS-03826,Land Board,Land Allocation,In-Person,Maun,LBD-001,2024-09-22,2025-01-05,21,105.0,0,84.0,1,Resolved,1.5,1.6
BPS-01198,Education,Teacher Posting,In-Person,Kanye,EDU-007,2022-04-19,2022-05-06,14,17.3,0,3.3,1,Resolved,1.3,2.4
BPS-04254,Works,Property Maintenance,Phone,Gaborone,WRK-007,2023-05-18,2023-05-25,14,7.2,1,0.0,0,Resolved,1.0,4.5
BPS-04059,Works,Utility Request,Post,Palapye,WRK-002,2024-01-09,2024-01-27,14,18.5,0,4.5,1,Resolved,0.9,
BPS-01294,Education,Scholarship Application,Post,Serowe,EDU-002,2023-09-01,2023-09-27,14,26.4,0,12.4,0,Resolved,1.4,2.8
BPS-02222,BURS,VAT Filing,In-Person,Molepolole,BRS-006,2022-04-28,2022-05-02,10,4.5,1,0.0,0,Resolved,1.0,4.7
BPS-03505,Land Board,Land Allocation,Post,Molepolole,LBD-002,2022-04-19,2022-07-02,21,74.3,0,53.3,1,Resolved,1.5,1.0
BPS-03655,Land Board,Land Allocation,In-Person,Lobatse,LBD-005,2024-10-17,2025-01-03,21,78.2,0,57.2,1,Resolved,1.5,1.0
BPS-04759,Motor Registry,Roadworthy Certificate,In-Person,Palapye,MTR-006,2025-01-08,2025-01-10,5,2.4,1,0.0,0,Resolved,1.0,4.2
BPS-03007,Social Welfare,Social Grant,In-Person,Francistown,SWL-003,2024-05-01,2024-05-21,21,20.9,1,0.0,0,Resolved,1.0,3.8
BPS-02094,BURS,Tax Registration,In-Person,Gaborone,BRS-012,2024-06-11,2024-06-12,10,1.8,1,0.0,0,Resolved,0.9,4.5
BPS-02188,BURS,Assessment Dispute,Post,Kanye,BRS-003,2022-04-28,2022-05-11,10,13.0,0,3.0,0,Resolved,1.5,3.1
BPS-03037,Social Welfare,Orphan Welfare,Digital,Kanye,SWL-001,2022-08-02,2022-08-15,21,13.7,1,0.0,0,Resolved,1.2,4.4
BPS-03919,Works,Infrastructure Defect,Phone,Serowe,WRK-008,2022-03-23,2022-04-10,14,18.5,0,4.5,1,Resolved,1.2,2.4
BPS-01273,Education,Student Enrollment,Post,Serowe,EDU-008,2024-04-16,2024-04-25,14,9.6,1,0.0,0,Resolved,0.9,4.4
BPS-00291,Health,Specialist Referral,Digital,Maun,HLT-009,2022-02-25,2022-03-02,7,5.7,1,0.0,0,Resolved,1.2,4.2
BPS-04828,Motor Registry,Vehicle Licensing,Digital,Francistown,MTR-001,2023-10-25,2023-10-26,5,1.5,1,0.0,0,Resolved,0.9,5.0
BPS-00253,Health,Specialist Referral,Digital,Palapye,HLT-007,2023-04-25,2023-05-03,7,8.9,0,1.9,0,Resolved,1.2,
BPS-03246,Immigration,Border Documentation,In-Person,Francistown,IMG-001,2024-04-01,2024-05-02,30,31.7,0,1.7,0,Resolved,0.9,
BPS-00351,Health,Patient Query,In-Person,Molepolole,HLT-004,2024-02-02,2024-02-05,7,3.4,1,0.0,0,Resolved,0.7,4.2
BPS-01188,Education,Student Enrollment,Post,Lobatse,EDU-001,2022-03-30,2022-04-12,14,13.7,1,0.0,0,Resolved,0.9,
BPS-01962,Police,Clearance Certificate,Phone,Palapye,POL-008,2023-10-20,2023-10-23,5,3.5,1,0.0,0,Resolved,0.85,5.0
BPS-00423,Health,Facility Request,Digital,Maun,HLT-005,2022-05-14,2022-05-18,7,4.6,1,0.0,0,Resolved,1.1,4.0
BPS-00091,Health,Patient Query,In-Person,Lobatse,HLT-008,2024-04-04,2024-04-09,7,5.6,1,0.0,0,Resolved,0.7,3.8
BPS-03730,Land Board,Land Use Approval,Phone,Molepolole,LBD-005,2024-09-16,2024-09-25,21,9.2,1,0.0,0,Resolved,1.6,2.7
BPS-02237,BURS,Compliance Certificate,Post,Palapye,BRS-012,2025-01-20,2025-01-28,10,8.0,1,0.0,0,Resolved,0.85,4.3
BPS-00671,Health,Medical Certificate,Digital,Lobatse,HLT-004,2024-04-21,2024-04-27,7,6.7,1,0.0,0,Resolved,0.8,
BPS-03041,Social Welfare,Destitute Support,In-Person,Molepolole,SWL-007,2024-06-21,2024-07-17,21,26.9,0,5.9,0,Resolved,1.3,2.1
BPS-00027,Health,Medical Certificate,Phone,Maun,HLT-004,2024-04-12,2024-04-13,7,1.3,1,0.0,0,Resolved,0.8,4.0
BPS-00430,Health,Patient Query,Phone,Kanye,HLT-004,2024-04-19,2024-04-20,7,1.0,1,0.0,0,Resolved,0.7,4.1
BPS-00684,Health,Medical Certificate,In-Person,Kanye,HLT-009,2024-06-03,2024-06-08,7,5.0,1,0.0,0,Resolved,0.8,3.6
BPS-04464,Motor Registry,Number Plate,Digital,Kanye,MTR-015,2024-03-24,2024-03-25,5,1.0,1,0.0,0,Resolved,0.8,
BPS-03946,Works,Utility Request,Digital,Kanye,WRK-001,2022-12-30,2023-01-09,14,10.9,1,0.0,0,Resolved,0.9,
BPS-03524,Land Board,Land Certificate,Digital,Molepolole,LBD-005,2023-10-21,2023-12-23,21,63.8,0,42.8,1,Resolved,1.2,1.0
BPS-01542,Police,Document Request,In-Person,Palapye,POL-004,2023-02-28,2023-03-04,5,4.6,1,0.0,0,Resolved,0.75,
BPS-02032,BURS,Compliance Certificate,In-Person,Gaborone,BRS-011,2024-05-13,2024-05-16,10,3.7,1,0.0,0,Resolved,0.85,3.9
BPS-02233,BURS,Tax Registration,In-Person,Palapye,BRS-011,2022-07-16,2022-07-18,10,2.1,1,0.0,0,Resolved,0.9,
BPS-04121,Works,Infrastructure Defect,Digital,Maun,WRK-004,2024-11-21,2024-11-30,14,9.4,1,0.0,0,Resolved,1.2,4.3
BPS-03236,Immigration,Permanent Residency,In-Person,Palapye,IMG-004,2023-01-20,2023-02-28,30,39.3,0,9.3,1,Resolved,1.4,
BPS-00255,Health,Specialist Referral,In-Person,Gaborone,HLT-005,2022-12-25,2022-12-26,7,1.2,1,0.0,0,Resolved,1.2,3.7
BPS-01030,Education,Teacher Posting,Post,Molepolole,EDU-009,2023-11-23,2023-12-03,14,10.2,1,0.0,0,Resolved,1.3,4.3
BPS-04393,Motor Registry,Roadworthy Certificate,In-Person,Francistown,MTR-012,2022-12-16,2022-12-17,5,1.6,1,0.0,0,Resolved,1.0,4.6
BPS-03801,Land Board,Land Use Approval,In-Person,Maun,LBD-003,2022-04-20,2022-05-26,21,36.9,0,15.9,1,Resolved,1.6,1.0
BPS-04311,Works,Asset Management,Digital,Maun,WRK-001,2023-09-17,2023-09-26,14,9.3,1,0.0,0,Resolved,1.1,4.0
BPS-02510,Social Welfare,Old Age Pension,Digital,Palapye,SWL-003,2023-08-31,2023-09-07,21,7.7,1,0.0,0,Resolved,1.1,3.3
BPS-02293,BURS,Assessment Dispute,In-Person,Maun,BRS-005,2024-07-15,2024-07-28,10,13.6,0,3.6,0,Resolved,1.5,
BPS-01324,Education,Student Enrollment,In-Person,Molepolole,EDU-001,2023-04-21,2023-05-02,14,11.2,1,0.0,0,Resolved,0.9,
BPS-01551,Police,Case Registration,In-Person,Francistown,POL-002,2023-04-14,2023-04-19,5,5.4,0,0.4,1,Resolved,1.1,2.2
BPS-04648,Motor Registry,Driver Licence,In-Person,Kanye,MTR-002,2022-07-16,2022-07-18,5,2.2,1,0.0,0,Resolved,0.95,4.9
BPS-00316,Health,Patient Query,Post,Francistown,HLT-009,2022-10-05,2022-10-12,7,7.2,0,0.2,0,Resolved,0.7,2.5
BPS-01243,Education,Teacher Posting,In-Person,Palapye,EDU-008,2023-08-09,2023-08-20,14,11.8,1,0.0,0,Resolved,1.3,4.8
BPS-02451,BURS,Tax Registration,Phone,Francistown,BRS-012,2024-11-04,2024-11-08,10,4.3,1,0.0,0,Resolved,0.9,
BPS-01579,Police,Clearance Certificate,Post,Lobatse,POL-006,2022-06-20,2022-06-21,5,1.1,1,0.0,0,Resolved,0.85,4.8
BPS-04626,Motor Registry,Number Plate,In-Person,Maun,MTR-005,2024-02-23,2024-02-28,5,5.3,0,0.3,0,Resolved,0.8,3.3
BPS-03117,Immigration,Citizenship Application,Digital,Serowe,IMG-007,2024-07-02,2024-07-29,30,27.7,1,0.0,0,Resolved,1.6,3.1
BPS-00070,Health,Patient Query,Digital,Molepolole,HLT-007,2023-02-11,2023-02-14,7,3.5,1,0.0,0,Resolved,0.7,4.6
BPS-00860,Education,Scholarship Application,In-Person,Palapye,EDU-007,2024-11-17,2024-12-05,14,18.9,0,4.9,0,Resolved,1.4,2.5
BPS-02754,Social Welfare,Social Grant,In-Person,Molepolole,SWL-008,2024-11-28,2024-12-15,21,17.6,1,0.0,0,Resolved,1.0,2.9
BPS-01633,Police,Clearance Certificate,In-Person,Molepolole,POL-005,2022-09-02,2022-09-03,5,1.8,1,0.0,0,Resolved,0.85,3.5
BPS-01651,Police,Document Request,Phone,Kanye,POL-006,2024-08-13,2024-08-15,5,2.4,1,0.0,0,Resolved,0.75,4.1
BPS-03861,Land Board,Consent to Transfer,In-Person,Palapye,LBD-005,2022-10-09,2022-11-30,21,52.3,0,31.3,1,Resolved,1.3,
BPS-03107,Immigration,Permanent Residency,In-Person,Francistown,IMG-006,2022-02-14,2022-03-07,30,21.0,1,0.0,0,Resolved,1.4,
BPS-01075,Education,Teacher Posting,In-Person,Molepolole,EDU-006,2022-01-17,2022-02-06,14,20.0,0,6.0,0,Resolved,1.3,2.9
BPS-04002,Works,Utility Request,In-Person,Maun,WRK-009,2022-10-05,2022-10-18,14,13.1,1,0.0,0,Resolved,0.9,3.7
BPS-00788,Health,Patient Query,Phone,Palapye,HLT-003,2024-06-01,2024-06-06,7,5.8,1,0.0,0,Resolved,0.7,4.5
BPS-02606,Social Welfare,Destitute Support,In-Person,Molepolole,SWL-006,2024-07-09,2024-07-31,21,22.9,0,1.9,1,Resolved,1.3,2.0
BPS-03631,Land Board,Land Allocation,Post,Palapye,LBD-006,2023-12-26,2024-04-15,21,111.0,0,90.0,1,Resolved,1.5,1.0
BPS-02122,BURS,Tax Registration,In-Person,Francistown,BRS-012,2024-11-20,2024-12-02,10,12.2,0,2.2,0,Resolved,0.9,2.4
BPS-01875,Police,Case Registration,Phone,Serowe,POL-008,2023-12-03,2023-12-09,5,6.4,0,1.4,0,Resolved,1.1,3.0
BPS-00812,Health,Facility Request,In-Person,Lobatse,HLT-004,2022-10-24,2022-10-28,7,4.3,1,0.0,0,Resolved,1.1,4.5
BPS-00388,Health,Facility Request,In-Person,Kanye,HLT-007,2023-01-18,2023-01-30,7,12.3,0,5.3,0,Resolved,1.1,
BPS-02883,Social Welfare,Destitute Support,In-Person,Serowe,SWL-004,2023-03-10,2023-03-27,21,17.6,1,0.0,0,Resolved,1.3,3.9
BPS-01176,Education,School Admin,In-Person,Kanye,EDU-009,2024-03-26,2024-04-03,14,8.8,1,0.0,0,Resolved,0.8,4.1
BPS-03198,Immigration,Border Documentation,Digital,Lobatse,IMG-003,2024-03-20,2024-03-27,30,7.3,1,0.0,0,Resolved,0.9,3.8
BPS-02624,Social Welfare,Orphan Welfare,Phone,Gaborone,SWL-005,2023-05-13,2023-06-13,21,31.6,0,10.6,1,Resolved,1.2,1.4
BPS-01352,Education,Student Enrollment,In-Person,Maun,EDU-009,2023-07-01,2023-07-05,14,4.0,1,0.0,0,Resolved,0.9,4.3
BPS-00411,Health,Medical Certificate,Phone,Molepolole,HLT-010,2023-10-17,2023-10-22,7,5.3,1,0.0,0,Resolved,0.8,3.4
BPS-04213,Works,Asset Management,Phone,Lobatse,WRK-002,2023-02-21,2023-03-09,14,16.5,0,2.5,1,Resolved,1.1,
BPS-00110,Health,Specialist Referral,Digital,Francistown,HLT-007,2022-07-25,2022-07-28,7,3.6,1,0.0,0,Resolved,1.2,4.5
BPS-04996,Motor Registry,Vehicle Licensing,Phone,Gaborone,MTR-006,2024-06-06,2024-06-07,5,1.0,1,0.0,0,Resolved,0.9,4.8
BPS-03430,Immigration,Permanent Residency,Digital,Maun,IMG-006,2022-02-02,2022-03-09,30,35.5,0,5.5,0,Resolved,1.4,
BPS-02810,Social Welfare,Social Grant,Post,Serowe,SWL-006,2024-11-12,2024-12-02,21,20.0,1,0.0,0,Resolved,1.0,4.0
BPS-02595,Social Welfare,Destitute Support,Digital,Maun,SWL-003,2023-01-11,2023-01-31,21,20.1,1,0.0,0,Resolved,1.3,4.4
BPS-02837,Social Welfare,Social Grant,Digital,Maun,SWL-001,2024-12-02,2024-12-22,21,20.7,1,0.0,0,Resolved,1.0,3.8
BPS-02373,BURS,Tax Registration,In-Person,Palapye,BRS-002,2024-08-05,2024-08-12,10,7.6,1,0.0,0,Resolved,0.9,3.7
BPS-01236,Education,Teacher Posting,In-Person,Serowe,EDU-009,2023-12-16,2024-01-10,14,25.5,0,11.5,0,Resolved,1.3,
BPS-02147,BURS,VAT Filing,Digital,Lobatse,BRS-005,2024-02-07,2024-02-08,10,1.9,1,0.0,0,Resolved,1.0,4.4
BPS-04976,Motor Registry,Number Plate,In-Person,Francistown,MTR-007,2024-05-16,2024-05-17,5,1.0,1,0.0,0,Resolved,0.8,4.1
BPS-00600,Health,Patient Query,Digital,Kanye,HLT-011,2022-08-09,2022-08-14,7,5.6,1,0.0,0,Resolved,0.7,4.4
BPS-01435,Education,Teacher Posting,In-Person,Molepolole,EDU-004,2022-12-18,2023-01-01,14,14.8,0,0.8,1,Resolved,1.3,1.9
BPS-04997,Motor Registry,Driver Licence,In-Person,Lobatse,MTR-001,2024-05-22,2024-05-25,5,3.6,1,0.0,0,Resolved,0.95,4.6
BPS-00539,Health,Specialist Referral,Post,Kanye,HLT-005,2023-10-28,2023-11-10,7,13.3,0,6.3,0,Resolved,1.2,2.3
BPS-00722,Health,Facility Request,In-Person,Kanye,HLT-003,2023-03-27,2023-03-29,7,2.2,1,0.0,0,Resolved,1.1,3.6
BPS-04411,Motor Registry,Vehicle Licensing,In-Person,Serowe,MTR-009,2024-10-23,2024-10-24,5,1.3,1,0.0,0,Resolved,0.9,4.6
BPS-01873,Police,Clearance Certificate,In-Person,Palapye,POL-002,2024-09-20,2024-09-21,5,1.9,1,0.0,0,Resolved,0.85,4.1
BPS-02846,Social Welfare,Old Age Pension,Post,Kanye,SWL-001,2022-08-06,2022-08-19,21,13.3,1,0.0,0,Resolved,1.1,3.4
BPS-02054,BURS,Assessment Dispute,In-Person,Kanye,BRS-005,2024-05-17,2024-05-28,10,11.3,0,1.3,0,Resolved,1.5,2.6
BPS-02908,Social Welfare,Destitute Support,Phone,Palapye,SWL-003,2024-05-05,2024-05-16,21,11.9,1,0.0,0,Resolved,1.3,3.5
BPS-02255,BURS,Assessment Dispute,Phone,Kanye,BRS-009,2023-01-30,2023-02-03,10,4.7,1,0.0,0,Resolved,1.5,4.8
BPS-03913,Works,Utility Request,Digital,Kanye,WRK-004,2025-01-13,2025-01-24,14,11.6,1,0.0,0,Resolved,0.9,
BPS-00178,Health,Medical Certificate,Digital,Molepolole,HLT-004,2023-01-19,2023-01-24,7,5.7,1,0.0,0,Resolved,0.8,4.2
BPS-02891,Social Welfare,Social Grant,Digital,Francistown,SWL-007,2022-09-14,2022-09-28,21,14.7,1,0.0,0,Resolved,1.0,4.1
BPS-03674,Land Board,Land Use Approval,Post,Francistown,LBD-003,2022-03-03,2022-07-07,21,126.2,0,105.2,1,Resolved,1.6,1.1
BPS-00081,Health,Facility Request,In-Person,Lobatse,HLT-010,2022-07-25,2022-07-31,7,6.5,1,0.0,0,Resolved,1.1,3.7
BPS-02562,Social Welfare,Orphan Welfare,In-Person,Kanye,SWL-004,2024-02-04,2024-02-27,21,23.7,0,2.7,1,Resolved,1.2,
BPS-01724,Police,Clearance Certificate,In-Person,Maun,POL-010,2023-09-11,2023-09-15,5,4.2,1,0.0,0,Resolved,0.85,4.0
BPS-01618,Police,Case Registration,Digital,Molepolole,POL-013,2022-06-11,2022-06-12,5,1.0,1,0.0,0,Resolved,1.1,4.7
BPS-01655,Police,Clearance Certificate,Digital,Kanye,POL-013,2024-09-28,2024-10-02,5,4.1,1,0.0,0,Resolved,0.85,4.6
BPS-02329,BURS,Assessment Dispute,Phone,Gaborone,BRS-010,2024-06-30,2024-07-14,10,14.1,0,4.1,0,Resolved,1.5,3.4
BPS-04614,Motor Registry,Driver Licence,In-Person,Francistown,MTR-006,2024-09-19,2024-09-22,5,3.7,1,0.0,0,Resolved,0.95,
BPS-00222,Health,Medical Certificate,Digital,Serowe,HLT-009,2023-10-28,2023-10-29,7,1.7,1,0.0,0,Resolved,0.8,4.3
BPS-00094,Health,Facility Request,Phone,Molepolole,HLT-003,2024-10-04,2024-10-10,7,6.3,1,0.0,0,Resolved,1.1,3.9
BPS-02610,Social Welfare,Orphan Welfare,Digital,Kanye,SWL-002,2024-12-16,2025-01-06,21,21.3,0,0.3,0,Resolved,1.2,
BPS-03383,Immigration,Work Permit,Post,Francistown,IMG-007,2023-10-02,2023-11-16,30,45.5,0,15.5,0,Resolved,1.2,2.3
BPS-04416,Motor Registry,Driver Licence,Digital,Serowe,MTR-015,2023-03-27,2023-03-31,5,4.9,1,0.0,0,Resolved,0.95,5.0
BPS-01398,Education,Scholarship Application,In-Person,Palapye,EDU-006,2024-08-15,2024-08-26,14,11.4,1,0.0,0,Resolved,1.4,
BPS-04687,Motor Registry,Number Plate,Post,Francistown,MTR-009,2024-04-01,2024-04-03,5,2.5,1,0.0,0,Resolved,0.8,
BPS-01293,Education,Student Enrollment,In-Person,Kanye,EDU-001,2024-07-17,2024-07-26,14,9.5,1,0.0,0,Resolved,0.9,4.4
BPS-02165,BURS,Assessment Dispute,Post,Gaborone,BRS-005,2022-07-16,2022-08-11,10,26.1,0,16.1,0,Resolved,1.5,2.9
BPS-02940,Social Welfare,Social Grant,Phone,Palapye,SWL-008,2022-08-26,2022-09-10,21,15.1,1,0.0,0,Resolved,1.0,4.2
BPS-03669,Land Board,Land Use Approval,In-Person,Kanye,LBD-006,2023-09-22,2023-12-03,21,72.6,0,51.6,1,Resolved,1.6,1.8
BPS-00813,Health,Medical Certificate,Digital,Gaborone,HLT-010,2022-04-22,2022-04-27,7,5.3,1,0.0,0,Resolved,0.8,
BPS-01259,Education,Student Enrollment,In-Person,Lobatse,EDU-003,2022-03-31,2022-04-07,14,7.0,1,0.0,0,Resolved,0.9,4.6
BPS-00890,Education,Student Enrollment,Digital,Francistown,EDU-007,2022-09-05,2022-09-14,14,9.8,1,0.0,0,Resolved,0.9,4.6
BPS-01452,Education,Scholarship Application,In-Person,Gaborone,EDU-007,2024-04-02,2024-04-28,14,26.7,0,12.7,0,Resolved,1.4,
BPS-03317,Immigration,Work Permit,Phone,Kanye,IMG-006,2022-10-31,2022-11-27,30,27.6,1,0.0,0,Resolved,1.2,3.5
BPS-02560,Social Welfare,Orphan Welfare,Digital,Maun,SWL-004,2023-10-19,2023-11-08,21,20.2,1,0.0,0,Resolved,1.2,3.4
BPS-03575,Land Board,Land Use Approval,In-Person,Serowe,LBD-002,2023-12-30,2024-02-08,21,40.3,0,19.3,1,Resolved,1.6,1.0
BPS-02681,Social Welfare,Destitute Support,Phone,Lobatse,SWL-003,2025-01-14,2025-02-08,21,25.9,0,4.9,0,Resolved,1.3,2.6
BPS-04652,Motor Registry,Vehicle Licensing,In-Person,Molepolole,MTR-007,2022-01-26,2022-01-27,5,1.4,1,0.0,0,Resolved,0.9,
BPS-04812,Motor Registry,Vehicle Licensing,Digital,Serowe,MTR-001,2023-04-18,2023-04-19,5,1.0,1,0.0,0,Resolved,0.9,4.9
BPS-04680,Motor Registry,Roadworthy Certificate,In-Person,Gaborone,MTR-002,2022-01-12,2022-01-16,5,4.1,1,0.0,0,Resolved,1.0,4.3
BPS-02965,Social Welfare,Destitute Support,In-Person,Molepolole,SWL-003,2024-11-30,2025-01-05,21,36.6,0,15.6,0,Resolved,1.3,2.7
BPS-02673,Social Welfare,Destitute Support,Phone,Gaborone,SWL-004,2022-10-21,2022-11-13,21,23.3,0,2.3,0,Resolved,1.3,
BPS-00562,Health,Medical Certificate,Phone,Francistown,HLT-004,2023-04-29,2023-05-07,7,8.4,0,1.4,1,Resolved,0.8,1.9
BPS-02779,Social Welfare,Destitute Support,In-Person,Palapye,SWL-004,2024-05-17,2024-06-07,21,21.1,0,0.1,0,Resolved,1.3,2.1
BPS-02949,Social Welfare,Old Age Pension,In-Person,Kanye,SWL-002,2024-10-06,2024-10-24,21,18.9,1,0.0,0,Resolved,1.1,
BPS-02818,Social Welfare,Destitute Support,In-Person,Palapye,SWL-004,2022-07-01,2022-07-28,21,27.2,0,6.2,0,Resolved,1.3,2.4
BPS-02759,Social Welfare,Destitute Support,Digital,Maun,SWL-002,2023-04-10,2023-04-21,21,11.1,1,0.0,0,Resolved,1.3,3.9
BPS-01757,Police,Document Request,In-Person,Kanye,POL-014,2024-05-14,2024-05-15,5,1.6,1,0.0,0,Resolved,0.75,3.1
BPS-00725,Health,Patient Query,In-Person,Maun,HLT-004,2022-01-11,2022-01-15,7,4.4,1,0.0,0,Resolved,0.7,4.1
BPS-00220,Health,Facility Request,In-Person,Serowe,HLT-011,2022-03-06,2022-03-11,7,5.7,1,0.0,0,Resolved,1.1,
BPS-04140,Works,Asset Management,Post,Serowe,WRK-001,2023-08-16,2023-09-02,14,17.5,0,3.5,1,Resolved,1.1,
BPS-03958,Works,Infrastructure Defect,In-Person,Palapye,WRK-007,2022-03-22,2022-04-05,14,14.4,0,0.4,1,Resolved,1.2,1.6
BPS-01589,Police,Document Request,Phone,Francistown,POL-002,2022-04-26,2022-04-27,5,1.5,1,0.0,0,Resolved,0.75,3.6
BPS-03348,Immigration,Border Documentation,Post,Francistown,IMG-005,2024-04-14,2024-05-31,30,47.0,0,17.0,0,Resolved,0.9,2.1
BPS-03971,Works,Asset Management,Phone,Francistown,WRK-006,2023-06-11,2023-06-20,14,9.2,1,0.0,0,Resolved,1.1,3.6
BPS-04708,Motor Registry,Roadworthy Certificate,In-Person,Gaborone,MTR-007,2022-08-17,2022-08-18,5,1.0,1,0.0,0,Resolved,1.0,
BPS-00044,Health,Medical Certificate,Phone,Serowe,HLT-004,2024-07-31,2024-08-02,7,2.7,1,0.0,0,Resolved,0.8,4.6
BPS-03002,Social Welfare,Destitute Support,In-Person,Gaborone,SWL-006,2023-07-17,2023-08-02,21,16.4,1,0.0,0,Resolved,1.3,3.7
BPS-00211,Health,Patient Query,In-Person,Palapye,HLT-011,2023-08-09,2023-08-12,7,3.7,1,0.0,0,Resolved,0.7,3.8
BPS-00678,Health,Patient Query,In-Person,Lobatse,HLT-010,2023-07-18,2023-07-26,7,8.1,0,1.1,1,Resolved,0.7,
BPS-00355,Health,Medical Certificate,Digital,Palapye,HLT-004,2023-09-24,2023-09-25,7,1.5,1,0.0,0,Resolved,0.8,
BPS-01434,Education,Scholarship Application,In-Person,Palapye,EDU-009,2022-07-30,2022-08-10,14,11.5,1,0.0,0,Resolved,1.4,
BPS-00950,Education,Scholarship Application,In-Person,Molepolole,EDU-008,2024-04-17,2024-05-03,14,16.8,0,2.8,0,Resolved,1.4,
BPS-02844,Social Welfare,Destitute Support,In-Person,Lobatse,SWL-006,2024-09-23,2024-10-06,21,13.0,1,0.0,0,Resolved,1.3,3.6
BPS-00578,Health,Facility Request,Phone,Maun,HLT-003,2024-04-02,2024-04-09,7,7.0,1,0.0,0,Resolved,1.1,4.0
BPS-03929,Works,Property Maintenance,In-Person,Palapye,WRK-007,2022-01-10,2022-01-17,14,7.3,1,0.0,0,Resolved,1.0,3.3
BPS-00545,Health,Facility Request,In-Person,Lobatse,HLT-004,2024-06-26,2024-06-27,7,1.0,1,0.0,0,Resolved,1.1,3.8
BPS-00368,Health,Medical Certificate,Phone,Molepolole,HLT-004,2023-12-28,2024-01-04,7,7.3,0,0.3,1,Resolved,0.8,
BPS-01613,Police,Document Request,In-Person,Palapye,POL-008,2023-06-29,2023-07-04,5,5.4,0,0.4,0,Resolved,0.75,2.8
BPS-03551,Land Board,Land Use Approval,Phone,Molepolole,LBD-003,2023-01-21,2023-03-18,21,56.5,0,35.5,1,Resolved,1.6,1.2
BPS-03717,Land Board,Land Use Approval,Phone,Lobatse,LBD-001,2024-01-06,2024-06-06,21,152.3,0,131.3,1,Resolved,1.6,1.2
BPS-03780,Land Board,Land Allocation,In-Person,Serowe,LBD-004,2024-12-22,2025-03-02,21,70.0,0,49.0,1,Resolved,1.5,1.0
BPS-00136,Health,Facility Request,In-Person,Serowe,HLT-002,2024-05-30,2024-06-10,7,11.2,0,4.2,0,Resolved,1.1,2.8
BPS-04481,Motor Registry,Number Plate,Phone,Lobatse,MTR-005,2023-10-20,2023-10-21,5,1.0,1,0.0,0,Resolved,0.8,4.4
BPS-01438,Education,School Admin,In-Person,Gaborone,EDU-007,2024-04-17,2024-04-30,14,13.9,1,0.0,0,Resolved,0.8,4.7
BPS-00048,Health,Medical Certificate,In-Person,Serowe,HLT-010,2023-06-06,2023-06-14,7,8.5,0,1.5,0,Resolved,0.8,2.8
BPS-01361,Education,Scholarship Application,In-Person,Lobatse,EDU-004,2023-03-23,2023-04-07,14,15.8,0,1.8,1,Resolved,1.4,2.3
BPS-00735,Health,Medical Certificate,In-Person,Palapye,HLT-006,2024-09-22,2024-09-27,7,5.5,1,0.0,0,Resolved,0.8,4.0
BPS-01535,Police,Protection Service,In-Person,Palapye,POL-001,2022-07-22,2022-07-26,5,4.5,1,0.0,0,Resolved,1.3,3.8
BPS-02005,BURS,Tax Registration,Post,Kanye,BRS-005,2024-12-22,2024-12-24,10,2.8,1,0.0,0,Resolved,0.9,
BPS-03796,Land Board,Land Certificate,Phone,Palapye,LBD-001,2023-03-30,2023-05-14,21,45.5,0,24.5,1,Resolved,1.2,1.1
BPS-02520,Social Welfare,Orphan Welfare,In-Person,Molepolole,SWL-003,2022-06-07,2022-06-20,21,13.0,1,0.0,0,Resolved,1.2,
BPS-01973,Police,Protection Service,Phone,Francistown,POL-008,2023-03-15,2023-03-19,5,4.3,1,0.0,0,Resolved,1.3,4.0
BPS-00997,Education,School Admin,In-Person,Palapye,EDU-003,2023-02-05,2023-02-21,14,16.0,0,2.0,1,Resolved,0.8,2.5
BPS-00062,Health,Medical Certificate,Post,Molepolole,HLT-005,2024-05-08,2024-05-12,7,4.1,1,0.0,0,Resolved,0.8,3.8
BPS-01109,Education,Scholarship Application,In-Person,Lobatse,EDU-002,2024-10-19,2024-10-29,14,10.9,1,0.0,0,Resolved,1.4,3.3
BPS-02406,BURS,Tax Registration,In-Person,Molepolole,BRS-003,2022-09-30,2022-10-10,10,10.5,0,0.5,0,Resolved,0.9,3.5
BPS-00096,Health,Medical Certificate,In-Person,Lobatse,HLT-006,2023-10-25,2023-10-27,7,2.7,1,0.0,0,Resolved,0.8,4.5
BPS-00479,Health,Patient Query,Post,Maun,HLT-001,2022-09-10,2022-09-24,7,14.8,0,7.8,0,Resolved,0.7,2.8
BPS-04360,Motor Registry,Number Plate,In-Person,Gaborone,MTR-009,2023-02-19,2023-02-22,5,3.8,1,0.0,0,Resolved,0.8,3.9
BPS-04113,Works,Property Maintenance,In-Person,Maun,WRK-001,2024-10-09,2024-10-30,14,21.1,0,7.1,1,Resolved,1.0,1.5
BPS-03708,Land Board,Land Allocation,In-Person,Serowe,LBD-005,2023-03-02,2023-06-19,21,109.1,0,88.1,1,Resolved,1.5,1.0
BPS-01102,Education,Student Enrollment,Phone,Francistown,EDU-001,2025-01-15,2025-01-16,14,1.0,1,0.0,0,Resolved,0.9,3.7
BPS-02747,Social Welfare,Destitute Support,In-Person,Lobatse,SWL-001,2024-01-27,2024-02-20,21,24.5,0,3.5,0,Resolved,1.3,2.4
BPS-02171,BURS,VAT Filing,Digital,Serowe,BRS-002,2024-02-03,2024-02-11,10,8.0,1,0.0,0,Resolved,1.0,4.4
BPS-00323,Health,Facility Request,In-Person,Lobatse,HLT-003,2022-11-22,2022-11-27,7,5.6,1,0.0,0,Resolved,1.1,
BPS-04255,Works,Infrastructure Defect,In-Person,Lobatse,WRK-006,2023-07-31,2023-08-18,14,18.0,0,4.0,0,Resolved,1.2,2.8
BPS-03143,Immigration,Citizenship Application,Post,Serowe,IMG-001,2023-09-30,2023-11-17,30,48.8,0,18.8,1,Resolved,1.6,1.5
BPS-03538,Land Board,Land Use Approval,Phone,Francistown,LBD-005,2022-10-16,2022-12-05,21,50.4,0,29.4,1,Resolved,1.6,1.0
BPS-04926,Motor Registry,Roadworthy Certificate,In-Person,Molepolole,MTR-013,2024-04-03,2024-04-04,5,1.0,1,0.0,0,Resolved,1.0,5.0
BPS-02925,Social Welfare,Orphan Welfare,In-Person,Kanye,SWL-004,2023-01-27,2023-02-17,21,21.2,0,0.2,0,Resolved,1.2,2.3
BPS-01150,Education,School Admin,In-Person,Serowe,EDU-004,2022-01-30,2022-02-04,14,5.5,1,0.0,0,Resolved,0.8,4.4
BPS-03618,Land Board,Consent to Transfer,Digital,Francistown,LBD-001,2024-04-28,2024-06-05,21,38.8,0,17.8,1,Resolved,1.3,1.4
BPS-00292,Health,Facility Request,Phone,Molepolole,HLT-002,2024-10-19,2024-10-24,7,5.2,1,0.0,0,Resolved,1.1,4.3
BPS-03750,Land Board,Land Allocation,Digital,Palapye,LBD-001,2023-08-29,2023-09-20,21,22.3,0,1.3,1,Resolved,1.5,1.0
BPS-03587,Land Board,Consent to Transfer,Post,Serowe,LBD-004,2023-08-17,2023-10-15,21,59.7,0,38.7,1,Resolved,1.3,1.1
BPS-00534,Health,Facility Request,In-Person,Maun,HLT-003,2023-04-14,2023-04-17,7,3.5,1,0.0,0,Resolved,1.1,3.4
BPS-03608,Land Board,Land Allocation,Phone,Kanye,LBD-004,2024-12-30,,21,92.1,0,71.1,1,Pending,1.5,
BPS-02649,Social Welfare,Destitute Support,Digital,Molepolole,SWL-008,2023-10-21,2023-11-08,21,18.2,1,0.0,0,Resolved,1.3,
BPS-04811,Motor Registry,Number Plate,Post,Francistown,MTR-015,2023-06-23,2023-06-25,5,2.9,1,0.0,0,Resolved,0.8,5.0
BPS-01984,Police,Case Registration,In-Person,Molepolole,POL-007,2022-08-03,2022-08-10,5,7.0,0,2.0,1,Resolved,1.1,2.3
BPS-02933,Social Welfare,Old Age Pension,In-Person,Serowe,SWL-004,2024-11-08,2024-11-21,21,13.5,1,0.0,0,Resolved,1.1,3.9
BPS-01537,Police,Protection Service,In-Person,Francistown,POL-007,2024-10-01,2024-10-08,5,7.3,0,2.3,0,Resolved,1.3,2.6
BPS-04535,Motor Registry,Number Plate,In-Person,Gaborone,MTR-012,2024-08-29,2024-09-02,5,4.7,1,0.0,0,Resolved,0.8,4.8
BPS-04173,Works,Infrastructure Defect,Phone,Lobatse,WRK-003,2023-09-25,2023-10-05,14,10.5,1,0.0,0,Resolved,1.2,
BPS-03361,Immigration,Citizenship Application,Phone,Kanye,IMG-001,2023-08-03,2023-08-24,30,21.8,1,0.0,0,Resolved,1.6,
BPS-03666,Land Board,Consent to Transfer,Digital,Molepolole,LBD-003,2022-06-18,2022-07-13,21,25.0,0,4.0,1,Resolved,1.3,1.0
BPS-04006,Works,Utility Request,In-Person,Molepolole,WRK-009,2023-06-11,2023-06-25,14,14.7,0,0.7,0,Resolved,0.9,2.4
BPS-03627,Land Board,Land Allocation,In-Person,Gaborone,LBD-003,2025-01-18,2025-03-09,21,50.4,0,29.4,1,Resolved,1.5,1.3
BPS-00587,Health,Patient Query,Phone,Molepolole,HLT-007,2022-09-04,2022-09-07,7,3.5,1,0.0,0,Resolved,0.7,3.8
BPS-03257,Immigration,Work Permit,Post,Palapye,IMG-003,2022-07-24,2022-08-19,30,26.7,1,0.0,0,Resolved,1.2,3.5
BPS-02299,BURS,Assessment Dispute,In-Person,Francistown,BRS-004,2023-04-02,2023-04-16,10,14.6,0,4.6,1,Resolved,1.5,1.8
BPS-03989,Works,Infrastructure Defect,In-Person,Palapye,WRK-006,2023-09-14,2023-10-12,14,28.0,0,14.0,0,Resolved,1.2,3.0
BPS-00585,Health,Medical Certificate,Digital,Maun,HLT-008,2024-09-26,2024-09-30,7,4.5,1,0.0,0,Resolved,0.8,3.8
BPS-02424,BURS,Assessment Dispute,In-Person,Maun,BRS-003,2024-01-09,2024-01-21,10,12.8,0,2.8,1,Resolved,1.5,2.9
BPS-01392,Education,Teacher Posting,In-Person,Molepolole,EDU-001,2023-01-07,2023-01-17,14,10.6,1,0.0,0,Resolved,1.3,3.8
BPS-04526,Motor Registry,Roadworthy Certificate,In-Person,Kanye,MTR-004,2023-04-21,2023-04-26,5,5.3,0,0.3,0,Resolved,1.0,3.4
BPS-04921,Motor Registry,Roadworthy Certificate,Post,Serowe,MTR-005,2023-02-07,2023-02-13,5,6.7,0,1.7,0,Resolved,1.0,3.2
BPS-04801,Motor Registry,Roadworthy Certificate,Digital,Lobatse,MTR-011,2023-02-07,2023-02-09,5,2.3,1,0.0,0,Resolved,1.0,5.0
BPS-03241,Immigration,Permanent Residency,In-Person,Gaborone,IMG-004,2022-01-22,2022-03-01,30,38.7,0,8.7,0,Resolved,1.4,
BPS-04282,Works,Asset Management,Post,Molepolole,WRK-004,2023-05-05,2023-05-11,14,6.4,1,0.0,0,Resolved,1.1,
BPS-03339,Immigration,Permanent Residency,Post,Palapye,IMG-001,2022-08-14,2022-10-06,30,53.7,0,23.7,0,Resolved,1.4,2.6
BPS-03221,Immigration,Permanent Residency,In-Person,Molepolole,IMG-001,2022-11-16,2022-12-11,30,25.2,1,0.0,0,Resolved,1.4,4.0
BPS-02112,BURS,VAT Filing,In-Person,Maun,BRS-008,2024-10-27,2024-11-04,10,8.2,1,0.0,0,Resolved,1.0,4.6
BPS-01175,Education,Scholarship Application,Phone,Palapye,EDU-002,2022-12-09,2022-12-21,14,12.2,1,0.0,0,Resolved,1.4,3.5
BPS-04863,Motor Registry,Number Plate,Digital,Molepolole,MTR-013,2024-12-28,2024-12-30,5,2.4,1,0.0,0,Resolved,0.8,
BPS-03812,Land Board,Land Certificate,Digital,Gaborone,LBD-002,2023-04-12,2023-05-28,21,46.9,0,25.9,1,Resolved,1.2,
BPS-01868,Police,Document Request,In-Person,Molepolole,POL-009,2022-03-29,2022-04-03,5,5.5,0,0.5,0,Resolved,0.75,2.1
BPS-02615,Social Welfare,Destitute Support,In-Person,Maun,SWL-006,2024-08-14,2024-09-11,21,28.8,0,7.8,0,Resolved,1.3,
BPS-03867,Works,Utility Request,In-Person,Francistown,WRK-007,2023-06-07,2023-06-20,14,13.9,1,0.0,0,Resolved,0.9,3.7
BPS-04886,Motor Registry,Vehicle Licensing,Phone,Lobatse,MTR-011,2022-06-29,2022-06-30,5,1.0,1,0.0,0,Resolved,0.9,
BPS-03779,Land Board,Land Use Approval,Phone,Palapye,LBD-003,2022-02-07,2022-02-22,21,15.2,1,0.0,0,Resolved,1.6,3.4
BPS-03847,Land Board,Consent to Transfer,In-Person,Molepolole,LBD-005,2022-04-05,2022-07-02,21,88.6,0,67.6,0,Resolved,1.3,1.1
BPS-02417,BURS,Tax Registration,Digital,Molepolole,BRS-004,2025-01-18,2025-01-24,10,6.2,1,0.0,0,Resolved,0.9,4.5
BPS-00071,Health,Medical Certificate,Digital,Francistown,HLT-005,2022-03-26,2022-03-29,7,3.5,1,0.0,0,Resolved,0.8,4.6
BPS-04881,Motor Registry,Number Plate,In-Person,Serowe,MTR-008,2025-01-15,2025-01-18,5,3.3,1,0.0,0,Resolved,0.8,4.9
BPS-01127,Education,School Admin,In-Person,Francistown,EDU-006,2023-09-25,2023-10-06,14,11.2,1,0.0,0,Resolved,0.8,4.1
BPS-04025,Works,Property Maintenance,In-Person,Gaborone,WRK-005,2023-01-10,2023-01-19,14,9.6,1,0.0,0,Resolved,1.0,3.6
BPS-03251,Immigration,Citizenship Application,In-Person,Maun,IMG-001,2022-12-23,2023-02-13,30,52.1,0,22.1,0,Resolved,1.6,
BPS-03902,Works,Utility Request,Phone,Lobatse,WRK-001,2024-03-13,2024-03-22,14,9.9,1,0.0,0,Resolved,0.9,3.9
BPS-01096,Education,Student Enrollment,Digital,Lobatse,EDU-007,2023-02-27,2023-03-06,14,7.3,1,0.0,0,Resolved,0.9,4.1
BPS-04546,Motor Registry,Roadworthy Certificate,In-Person,Gaborone,MTR-009,2024-08-29,2024-09-02,5,4.1,1,0.0,0,Resolved,1.0,5.0
BPS-01213,Education,School Admin,Post,Lobatse,EDU-005,2023-01-26,2023-02-04,14,9.4,1,0.0,0,Resolved,0.8,4.2
BPS-03922,Works,Infrastructure Defect,In-Person,Francistown,WRK-006,2024-07-14,2024-07-31,14,17.0,0,3.0,0,Resolved,1.2,
BPS-01426,Education,Scholarship Application,In-Person,Francistown,EDU-004,2022-09-29,2022-10-02,14,3.4,1,0.0,0,Resolved,1.4,
BPS-03067,Social Welfare,Old Age Pension,Digital,Gaborone,SWL-007,2022-09-06,2022-09-29,21,23.1,0,2.1,0,Resolved,1.1,2.3
BPS-04520,Motor Registry,Number Plate,In-Person,Kanye,MTR-002,2024-09-27,2024-09-28,5,1.1,1,0.0,0,Resolved,0.8,5.0
BPS-02101,BURS,VAT Filing,In-Person,Palapye,BRS-002,2024-02-12,2024-02-22,10,10.7,0,0.7,1,Resolved,1.0,2.5
BPS-00808,Health,Specialist Referral,In-Person,Francistown,HLT-010,2024-12-04,2024-12-09,7,5.0,1,0.0,0,Resolved,1.2,3.5
BPS-04744,Motor Registry,Driver Licence,Digital,Serowe,MTR-012,2024-11-25,2024-11-27,5,2.6,1,0.0,0,Resolved,0.95,5.0
BPS-03751,Land Board,Consent to Transfer,In-Person,Gaborone,LBD-001,2024-03-04,2024-04-24,21,51.0,0,30.0,1,Resolved,1.3,1.5
BPS-01363,Education,Student Enrollment,Digital,Maun,EDU-001,2024-05-13,2024-05-19,14,6.7,1,0.0,0,Resolved,0.9,4.5
BPS-02318,BURS,Tax Registration,Phone,Molepolole,BRS-009,2022-12-29,2023-01-02,10,4.4,1,0.0,0,Resolved,0.9,4.3
BPS-04582,Motor Registry,Roadworthy Certificate,In-Person,Serowe,MTR-006,2024-01-25,2024-01-26,5,1.0,1,0.0,0,Resolved,1.0,4.6
BPS-04742,Motor Registry,Vehicle Licensing,In-Person,Serowe,MTR-015,2023-12-31,2024-01-02,5,2.1,1,0.0,0,Resolved,0.9,5.0
BPS-01026,Education,Scholarship Application,Phone,Palapye,EDU-008,2022-10-29,2022-11-14,14,16.5,0,2.5,0,Resolved,1.4,2.7
BPS-03110,Immigration,Border Documentation,In-Person,Gaborone,IMG-002,2023-02-02,2023-02-10,30,8.7,1,0.0,0,Resolved,0.9,3.2
BPS-02111,BURS,Compliance Certificate,In-Person,Kanye,BRS-012,2024-04-19,2024-04-24,10,5.2,1,0.0,0,Resolved,0.85,
BPS-01042,Education,Student Enrollment,Phone,Francistown,EDU-004,2023-01-06,2023-01-14,14,8.6,1,0.0,0,Resolved,0.9,
BPS-01877,Police,Case Registration,Digital,Kanye,POL-001,2022-05-13,2022-05-15,5,2.6,1,0.0,0,Resolved,1.1,
BPS-00882,Education,Teacher Posting,In-Person,Lobatse,EDU-009,2023-05-10,2023-05-22,14,12.3,1,0.0,0,Resolved,1.3,3.8
BPS-04300,Works,Property Maintenance,Phone,Molepolole,WRK-004,2024-05-18,2024-05-25,14,7.4,1,0.0,0,Resolved,1.0,4.0
BPS-01193,Education,Teacher Posting,In-Person,Serowe,EDU-007,2024-09-25,2024-10-07,14,12.0,1,0.0,0,Resolved,1.3,4.3
BPS-04588,Motor Registry,Roadworthy Certificate,In-Person,Gaborone,MTR-006,2024-06-27,2024-06-30,5,3.6,1,0.0,0,Resolved,1.0,
BPS-04511,Motor Registry,Vehicle Licensing,In-Person,Kanye,MTR-015,2023-09-28,2023-09-29,5,1.0,1,0.0,0,Resolved,0.9,5.0
BPS-03671,Land Board,Land Use Approval,In-Person,Molepolole,LBD-005,2024-12-05,2025-03-20,21,105.6,0,84.6,1,Resolved,1.6,1.0
BPS-00625,Health,Patient Query,In-Person,Palapye,HLT-008,2025-01-18,2025-01-26,7,8.2,0,1.2,0,Resolved,0.7,
BPS-02797,Social Welfare,Orphan Welfare,In-Person,Gaborone,SWL-004,2024-04-07,2024-05-04,21,27.3,0,6.3,1,Resolved,1.2,2.0
BPS-04292,Works,Utility Request,In-Person,Palapye,WRK-007,2023-02-27,2023-03-08,14,9.0,1,0.0,0,Resolved,0.9,3.5
BPS-04969,Motor Registry,Driver Licence,In-Person,Palapye,MTR-015,2024-10-10,2024-10-12,5,2.1,1,0.0,0,Resolved,0.95,4.7
BPS-00234,Health,Patient Query,In-Person,Palapye,HLT-011,2022-10-02,2022-10-05,7,3.6,1,0.0,0,Resolved,0.7,
BPS-04567,Motor Registry,Number Plate,In-Person,Gaborone,MTR-006,2023-10-24,2023-10-27,5,3.6,1,0.0,0,Resolved,0.8,4.9
BPS-01663,Police,Document Request,Post,Palapye,POL-011,2022-02-25,2022-02-26,5,1.0,1,0.0,0,Resolved,0.75,4.6
BPS-00416,Health,Patient Query,In-Person,Lobatse,HLT-010,2024-08-07,2024-08-10,7,3.4,1,0.0,0,Resolved,0.7,3.6
BPS-04247,Works,Property Maintenance,In-Person,Kanye,WRK-004,2023-07-06,2023-07-19,14,13.7,1,0.0,0,Resolved,1.0,3.8
BPS-02174,BURS,Tax Registration,Digital,Maun,BRS-004,2022-05-26,2022-05-30,10,4.9,1,0.0,0,Resolved,0.9,4.0
BPS-01457,Police,Case Registration,In-Person,Francistown,POL-008,2024-02-08,2024-02-16,5,8.3,0,3.3,0,Resolved,1.1,
BPS-00747,Health,Specialist Referral,Phone,Kanye,HLT-008,2022-08-19,2022-08-26,7,7.1,0,0.1,1,Resolved,1.2,1.3
BPS-00018,Health,Patient Query,In-Person,Francistown,HLT-004,2022-06-25,2022-06-29,7,4.8,1,0.0,0,Resolved,0.7,3.3
BPS-01201,Education,Student Enrollment,Digital,Serowe,EDU-005,2024-04-08,2024-04-15,14,7.2,1,0.0,0,Resolved,0.9,4.5
BPS-01700,Police,Clearance Certificate,In-Person,Lobatse,POL-010,2023-12-26,2023-12-30,5,4.2,1,0.0,0,Resolved,0.85,3.7
BPS-03254,Immigration,Border Documentation,In-Person,Kanye,IMG-007,2022-06-22,2022-07-23,30,31.5,0,1.5,1,Resolved,0.9,1.7
BPS-00597,Health,Facility Request,In-Person,Serowe,HLT-006,2025-01-06,2025-01-12,7,6.2,1,0.0,0,Resolved,1.1,4.5
BPS-03227,Immigration,Work Permit,Post,Gaborone,IMG-003,2023-02-06,2023-03-05,30,27.8,1,0.0,0,Resolved,1.2,2.7
BPS-04406,Motor Registry,Vehicle Licensing,In-Person,Lobatse,MTR-005,2024-08-21,2024-08-23,5,2.9,1,0.0,0,Resolved,0.9,
BPS-04720,Motor Registry,Driver Licence,Phone,Maun,MTR-015,2023-03-06,2023-03-08,5,2.6,1,0.0,0,Resolved,0.95,5.0
BPS-01506,Police,Document Request,In-Person,Francistown,POL-012,2024-04-11,2024-04-13,5,2.0,1,0.0,0,Resolved,0.75,
BPS-01413,Education,School Admin,Phone,Maun,EDU-002,2023-06-22,2023-07-01,14,9.8,1,0.0,0,Resolved,0.8,3.6
BPS-01966,Police,Clearance Certificate,Phone,Maun,POL-011,2022-03-01,2022-03-04,5,3.1,1,0.0,0,Resolved,0.85,4.1
BPS-00372,Health,Patient Query,In-Person,Maun,HLT-003,2022-08-16,2022-08-22,7,6.5,1,0.0,0,Resolved,0.7,3.3
BPS-01341,Education,Student Enrollment,In-Person,Molepolole,EDU-008,2024-08-24,2024-09-03,14,10.5,1,0.0,0,Resolved,0.9,
BPS-00599,Health,Specialist Referral,In-Person,Lobatse,HLT-004,2022-04-19,2022-04-22,7,3.5,1,0.0,0,Resolved,1.2,
BPS-00239,Health,Medical Certificate,In-Person,Molepolole,HLT-003,2024-10-26,2024-10-31,7,5.2,1,0.0,0,Resolved,0.8,3.6
BPS-03401,Immigration,Work Permit,Phone,Serowe,IMG-006,2024-01-08,2024-02-10,30,33.4,0,3.4,0,Resolved,1.2,
BPS-02068,BURS,Assessment Dispute,Digital,Palapye,BRS-005,2023-11-25,2023-12-02,10,7.9,1,0.0,0,Resolved,1.5,3.7
BPS-00811,Health,Patient Query,Phone,Palapye,HLT-001,2024-12-28,2024-12-29,7,1.8,1,0.0,0,Resolved,0.7,4.7
BPS-01095,Education,Student Enrollment,Phone,Lobatse,EDU-004,2022-12-28,2023-01-09,14,12.0,1,0.0,0,Resolved,0.9,4.2
BPS-04325,Motor Registry,Number Plate,Digital,Maun,MTR-001,2023-11-08,2023-11-09,5,1.2,1,0.0,0,Resolved,0.8,5.0
BPS-04761,Motor Registry,Roadworthy Certificate,Phone,Kanye,MTR-011,2024-05-09,2024-05-10,5,1.0,1,0.0,0,Resolved,1.0,
BPS-03677,Land Board,Land Allocation,In-Person,Maun,LBD-003,2023-09-28,2023-12-12,21,75.1,0,54.1,1,Resolved,1.5,
BPS-03465,Land Board,Land Certificate,Phone,Molepolole,LBD-004,2022-10-20,2022-12-13,21,54.9,0,33.9,1,Resolved,1.2,1.2
BPS-03104,Immigration,Border Documentation,In-Person,Maun,IMG-001,2023-11-08,2023-12-12,30,34.4,0,4.4,0,Resolved,0.9,2.5
BPS-02750,Social Welfare,Destitute Support,Digital,Francistown,SWL-006,2025-01-25,2025-02-10,21,16.2,1,0.0,0,Resolved,1.3,
BPS-02296,BURS,Compliance Certificate,In-Person,Kanye,BRS-003,2023-10-09,2023-10-17,10,8.5,1,0.0,0,Resolved,0.85,3.6
BPS-04193,Works,Property Maintenance,In-Person,Lobatse,WRK-008,2024-08-30,2024-09-18,14,19.7,0,5.7,0,Resolved,1.0,1.9
BPS-03709,Land Board,Consent to Transfer,Post,Lobatse,LBD-001,2022-03-26,2022-06-23,21,89.7,0,68.7,1,Resolved,1.3,1.0
BPS-03019,Social Welfare,Old Age Pension,Digital,Palapye,SWL-008,2022-09-01,2022-09-12,21,11.4,1,0.0,0,Resolved,1.1,
BPS-04253,Works,Asset Management,Post,Serowe,WRK-004,2024-11-05,2024-11-24,14,19.5,0,5.5,0,Resolved,1.1,
BPS-00804,Health,Specialist Referral,In-Person,Maun,HLT-002,2023-01-29,2023-02-05,7,7.5,0,0.5,0,Resolved,1.2,2.8
BPS-04191,Works,Infrastructure Defect,In-Person,Francistown,WRK-002,2022-11-19,2022-12-07,14,18.3,0,4.3,1,Resolved,1.2,2.1
BPS-03706,Land Board,Land Use Approval,Digital,Molepolole,LBD-001,2024-10-05,2024-12-04,21,60.4,0,39.4,1,Resolved,1.6,1.4
BPS-00752,Health,Facility Request,Phone,Serowe,HLT-002,2024-06-28,2024-06-30,7,2.1,1,0.0,0,Resolved,1.1,3.6
BPS-04645,Motor Registry,Roadworthy Certificate,Digital,Gaborone,MTR-010,2023-11-08,2023-11-10,5,2.7,1,0.0,0,Resolved,1.0,5.0
BPS-02532,Social Welfare,Orphan Welfare,In-Person,Serowe,SWL-004,2022-09-18,2022-10-01,21,13.5,1,0.0,0,Resolved,1.2,3.8
BPS-00622,Health,Medical Certificate,Digital,Maun,HLT-007,2024-02-15,2024-02-19,7,4.0,1,0.0,0,Resolved,0.8,
BPS-02298,BURS,VAT Filing,In-Person,Francistown,BRS-007,2023-11-18,2023-11-30,10,12.3,0,2.3,1,Resolved,1.0,1.9
BPS-03829,Land Board,Land Allocation,Digital,Kanye,LBD-006,2023-09-14,2023-11-26,21,73.0,0,52.0,1,Resolved,1.5,1.9
BPS-00567,Health,Medical Certificate,In-Person,Lobatse,HLT-008,2025-01-16,2025-01-17,7,1.0,1,0.0,0,Resolved,0.8,
BPS-01136,Education,Teacher Posting,Post,Gaborone,EDU-008,2024-01-15,2024-02-10,14,26.4,0,12.4,0,Resolved,1.3,2.5
BPS-01205,Education,Student Enrollment,In-Person,Francistown,EDU-005,2022-12-16,2022-12-25,14,9.7,1,0.0,0,Resolved,0.9,3.4
BPS-01048,Education,Teacher Posting,Digital,Kanye,EDU-004,2023-07-23,2023-07-28,14,5.0,1,0.0,0,Resolved,1.3,
BPS-00052,Health,Patient Query,In-Person,Serowe,HLT-008,2024-11-12,2024-11-13,7,1.4,1,0.0,0,Resolved,0.7,4.1
BPS-03652,Land Board,Consent to Transfer,In-Person,Maun,LBD-003,2024-06-10,2024-08-23,21,74.0,0,53.0,1,Resolved,1.3,1.0
BPS-01045,Education,School Admin,Post,Serowe,EDU-001,2023-09-08,2023-09-21,14,13.0,1,0.0,0,Resolved,0.8,4.4
BPS-02182,BURS,VAT Filing,Digital,Gaborone,BRS-006,2023-09-12,2023-09-16,10,4.2,1,0.0,0,Resolved,1.0,4.2
BPS-02689,Social Welfare,Old Age Pension,In-Person,Palapye,SWL-006,2023-06-25,2023-07-20,21,25.0,0,4.0,0,Resolved,1.1,2.0
BPS-00535,Health,Facility Request,Phone,Maun,HLT-004,2022-11-03,2022-11-07,7,4.1,1,0.0,0,Resolved,1.1,4.0
BPS-03185,Immigration,Work Permit,Phone,Serowe,IMG-001,2023-12-20,2024-01-09,30,20.9,1,0.0,0,Resolved,1.2,
BPS-03858,Land Board,Land Certificate,In-Person,Kanye,LBD-003,2024-06-14,2024-08-22,21,69.5,0,48.5,1,Resolved,1.2,1.4
BPS-00444,Health,Facility Request,In-Person,Palapye,HLT-008,2023-10-10,2023-10-17,7,7.4,0,0.4,0,Resolved,1.1,
BPS-03605,Land Board,Land Certificate,In-Person,Molepolole,LBD-005,2024-03-24,2024-06-07,21,75.5,0,54.5,1,Resolved,1.2,1.1
BPS-00196,Health,Specialist Referral,Digital,Maun,HLT-011,2024-01-11,2024-01-16,7,5.7,1,0.0,0,Resolved,1.2,
BPS-01116,Education,Teacher Posting,In-Person,Molepolole,EDU-003,2023-05-12,2023-05-29,14,17.3,0,3.3,0,Resolved,1.3,
BPS-00766,Health,Facility Request,In-Person,Francistown,HLT-002,2022-09-26,2022-10-01,7,5.5,1,0.0,0,Resolved,1.1,3.8
BPS-01946,Police,Clearance Certificate,Phone,Lobatse,POL-001,2024-01-10,2024-01-14,5,4.0,1,0.0,0,Resolved,0.85,4.5
BPS-03248,Immigration,Work Permit,Digital,Palapye,IMG-005,2022-04-19,2022-05-06,30,17.0,1,0.0,0,Resolved,1.2,3.9
BPS-03003,Social Welfare,Social Grant,Phone,Molepolole,SWL-003,2024-02-18,2024-03-04,21,15.3,1,0.0,0,Resolved,1.0,3.3
BPS-01433,Education,School Admin,In-Person,Maun,EDU-009,2023-02-01,2023-02-13,14,12.6,1,0.0,0,Resolved,0.8,
BPS-04201,Works,Asset Management,Post,Palapye,WRK-005,2024-10-30,2024-11-19,14,20.0,0,6.0,0,Resolved,1.1,2.2
BPS-03096,Immigration,Border Documentation,In-Person,Francistown,IMG-006,2024-07-26,2024-08-28,30,33.6,0,3.6,1,Resolved,0.9,1.0
BPS-02923,Social Welfare,Destitute Support,Digital,Serowe,SWL-001,2024-12-08,2024-12-23,21,15.2,1,0.0,0,Resolved,1.3,3.5
BPS-00645,Health,Facility Request,Digital,Lobatse,HLT-009,2023-11-02,2023-11-07,7,5.5,1,0.0,0,Resolved,1.1,4.9
BPS-01050,Education,Teacher Posting,In-Person,Serowe,EDU-005,2024-02-02,2024-02-23,14,21.7,0,7.7,0,Resolved,1.3,
BPS-03746,Land Board,Consent to Transfer,Digital,Maun,LBD-004,2022-01-15,2022-02-26,21,42.1,0,21.1,1,Resolved,1.3,1.4
BPS-04094,Works,Property Maintenance,In-Person,Kanye,WRK-005,2024-06-20,2024-07-03,14,13.2,1,0.0,0,Resolved,1.0,3.4
BPS-04404,Motor Registry,Vehicle Licensing,In-Person,Lobatse,MTR-001,2024-11-12,2024-11-15,5,3.9,1,0.0,0,Resolved,0.9,4.4
BPS-00121,Health,Facility Request,Post,Kanye,HLT-009,2022-07-04,2022-07-15,7,11.8,0,4.8,0,Resolved,1.1,2.6
BPS-02053,BURS,Assessment Dispute,Phone,Molepolole,BRS-012,2024-06-02,2024-06-09,10,7.5,1,0.0,0,Resolved,1.5,4.2
BPS-04259,Works,Asset Management,In-Person,Kanye,WRK-005,2022-04-30,2022-05-14,14,14.1,0,0.1,0,Resolved,1.1,3.3
BPS-04889,Motor Registry,Driver Licence,Phone,Lobatse,MTR-007,2024-07-06,2024-07-08,5,2.9,1,0.0,0,Resolved,0.95,5.0
BPS-04335,Motor Registry,Vehicle Licensing,Phone,Palapye,MTR-006,2022-03-16,2022-03-18,5,2.7,1,0.0,0,Resolved,0.9,4.6
BPS-04692,Motor Registry,Roadworthy Certificate,Digital,Kanye,MTR-009,2024-09-01,2024-09-03,5,2.2,1,0.0,0,Resolved,1.0,5.0
BPS-00135,Health,Patient Query,Digital,Kanye,HLT-010,2024-02-20,2024-02-22,7,2.9,1,0.0,0,Resolved,0.7,4.3
BPS-02461,BURS,Assessment Dispute,In-Person,Molepolole,BRS-012,2024-06-10,2024-06-22,10,12.6,0,2.6,0,Resolved,1.5,2.6
BPS-01955,Police,Document Request,In-Person,Molepolole,POL-009,2024-03-01,2024-03-02,5,1.0,1,0.0,0,Resolved,0.75,3.2
BPS-02464,BURS,Assessment Dispute,In-Person,Serowe,BRS-012,2023-09-26,2023-10-01,10,5.1,1,0.0,0,Resolved,1.5,
BPS-00185,Health,Facility Request,Phone,Kanye,HLT-007,2023-01-18,2023-01-22,7,4.3,1,0.0,0,Resolved,1.1,4.0
BPS-01393,Education,Student Enrollment,Phone,Lobatse,EDU-003,2023-07-01,2023-07-15,14,14.9,0,0.9,0,Resolved,0.9,
BPS-02277,BURS,Assessment Dispute,Digital,Palapye,BRS-009,2022-07-28,2022-08-08,10,11.6,0,1.6,0,Resolved,1.5,2.8
BPS-00512,Health,Specialist Referral,Phone,Francistown,HLT-011,2023-04-16,2023-04-21,7,5.1,1,0.0,0,Resolved,1.2,
BPS-04730,Motor Registry,Vehicle Licensing,In-Person,Francistown,MTR-003,2023-05-06,2023-05-08,5,2.4,1,0.0,0,Resolved,0.9,5.0
BPS-04055,Works,Asset Management,Post,Kanye,WRK-005,2022-04-16,2022-04-27,14,11.9,1,0.0,0,Resolved,1.1,3.4
BPS-03138,Immigration,Permanent Residency,In-Person,Serowe,IMG-001,2024-01-21,2024-02-15,30,25.6,1,0.0,0,Resolved,1.4,
BPS-02670,Social Welfare,Social Grant,In-Person,Molepolole,SWL-007,2022-04-10,2022-05-01,21,21.7,0,0.7,0,Resolved,1.0,
BPS-04774,Motor Registry,Number Plate,Phone,Francistown,MTR-014,2022-03-23,2022-03-24,5,1.3,1,0.0,0,Resolved,0.8,4.1
BPS-04862,Motor Registry,Vehicle Licensing,In-Person,Gaborone,MTR-013,2023-12-09,2023-12-10,5,1.0,1,0.0,0,Resolved,0.9,4.5
BPS-02118,BURS,Compliance Certificate,In-Person,Maun,BRS-010,2023-02-13,2023-02-18,10,5.0,1,0.0,0,Resolved,0.85,4.3
BPS-00252,Health,Medical Certificate,In-Person,Francistown,HLT-002,2022-03-10,2022-03-15,7,5.8,1,0.0,0,Resolved,0.8,4.2
BPS-03527,Land Board,Consent to Transfer,Phone,Molepolole,LBD-004,2024-07-05,2024-08-26,21,52.0,0,31.0,1,Resolved,1.3,1.2
BPS-03560,Land Board,Land Use Approval,Digital,Molepolole,LBD-002,2025-01-14,2025-02-12,21,29.6,0,8.6,0,Resolved,1.6,
BPS-04012,Works,Infrastructure Defect,In-Person,Lobatse,WRK-003,2024-08-14,2024-08-22,14,8.9,1,0.0,0,Resolved,1.2,
BPS-01508,Police,Clearance Certificate,In-Person,Serowe,POL-002,2023-09-28,2023-10-04,5,6.5,0,1.5,0,Resolved,0.85,2.3
BPS-00123,Health,Patient Query,Phone,Francistown,HLT-004,2024-08-08,2024-08-15,7,7.3,0,0.3,0,Resolved,0.7,
BPS-04260,Works,Asset Management,In-Person,Francistown,WRK-002,2022-04-14,2022-04-24,14,10.1,1,0.0,0,Resolved,1.1,4.2
BPS-03334,Immigration,Work Permit,In-Person,Kanye,IMG-001,2024-01-01,2024-02-07,30,37.1,0,7.1,1,Resolved,1.2,2.4
BPS-01872,Police,Clearance Certificate,In-Person,Serowe,POL-003,2023-06-05,2023-06-09,5,4.0,1,0.0,0,Resolved,0.85,3.7
BPS-03693,Land Board,Consent to Transfer,Digital,Maun,LBD-004,2023-10-25,2023-12-28,21,64.6,0,43.6,1,Resolved,1.3,1.5
BPS-00568,Health,Patient Query,In-Person,Lobatse,HLT-008,2022-11-25,2022-11-27,7,2.7,1,0.0,0,Resolved,0.7,4.1
BPS-01372,Education,School Admin,Digital,Molepolole,EDU-008,2024-08-07,2024-08-17,14,10.3,1,0.0,0,Resolved,0.8,
BPS-03186,Immigration,Work Permit,In-Person,Gaborone,IMG-002,2022-06-25,2022-08-10,30,46.2,0,16.2,0,Resolved,1.2,1.8
BPS-03956,Works,Property Maintenance,Digital,Lobatse,WRK-003,2024-03-19,2024-03-26,14,7.3,1,0.0,0,Resolved,1.0,4.5
BPS-01057,Education,Teacher Posting,In-Person,Gaborone,EDU-005,2024-01-29,2024-02-12,14,14.6,0,0.6,0,Resolved,1.3,2.5
BPS-00857,Education,Student Enrollment,In-Person,Maun,EDU-008,2024-08-28,2024-09-03,14,6.5,1,0.0,0,Resolved,0.9,4.2
BPS-03839,Land Board,Consent to Transfer,In-Person,Maun,LBD-001,2024-07-11,2024-08-19,21,39.4,0,18.4,1,Resolved,1.3,
BPS-02861,Social Welfare,Destitute Support,Phone,Lobatse,SWL-005,2024-08-19,2024-09-03,21,15.3,1,0.0,0,Resolved,1.3,3.5
BPS-04770,Motor Registry,Vehicle Licensing,In-Person,Francistown,MTR-009,2022-12-16,2022-12-19,5,3.2,1,0.0,0,Resolved,0.9,4.7
BPS-00777,Health,Medical Certificate,In-Person,Francistown,HLT-008,2024-02-28,2024-03-01,7,2.9,1,0.0,0,Resolved,0.8,4.5
BPS-00721,Health,Patient Query,Post,Kanye,HLT-004,2022-09-18,2022-09-25,7,7.5,0,0.5,0,Resolved,0.7,
BPS-02711,Social Welfare,Destitute Support,Digital,Kanye,SWL-002,2023-08-14,2023-08-24,21,10.5,1,0.0,0,Resolved,1.3,3.9
BPS-02655,Social Welfare,Orphan Welfare,In-Person,Gaborone,SWL-005,2023-05-25,2023-06-08,21,14.9,1,0.0,0,Resolved,1.2,3.3
BPS-04878,Motor Registry,Roadworthy Certificate,Digital,Serowe,MTR-014,2022-04-29,2022-05-01,5,2.4,1,0.0,0,Resolved,1.0,5.0
BPS-00603,Health,Specialist Referral,In-Person,Kanye,HLT-011,2023-12-29,2024-01-08,7,10.1,0,3.1,0,Resolved,1.2,2.5
BPS-03823,Land Board,Land Use Approval,Post,Gaborone,LBD-002,2023-09-09,2023-12-12,21,94.5,0,73.5,1,Resolved,1.6,1.1
BPS-01245,Education,School Admin,Digital,Kanye,EDU-002,2023-01-15,2023-01-18,14,3.8,1,0.0,0,Resolved,0.8,3.5
BPS-04846,Motor Registry,Roadworthy Certificate,Phone,Maun,MTR-001,2024-04-02,2024-04-03,5,1.9,1,0.0,0,Resolved,1.0,4.9
BPS-04842,Motor Registry,Roadworthy Certificate,In-Person,Molepolole,MTR-005,2023-06-19,2023-06-22,5,3.0,1,0.0,0,Resolved,1.0,4.5
BPS-00319,Health,Medical Certificate,In-Person,Kanye,HLT-005,2024-07-20,2024-07-26,7,6.6,1,0.0,0,Resolved,0.8,
BPS-00829,Education,Teacher Posting,In-Person,Gaborone,EDU-006,2022-01-11,2022-01-23,14,12.5,1,0.0,0,Resolved,1.3,4.7
BPS-03264,Immigration,Permanent Residency,Post,Francistown,IMG-003,2022-01-01,2022-03-06,30,64.6,0,34.6,1,Resolved,1.4,
BPS-00275,Health,Medical Certificate,Phone,Serowe,HLT-001,2023-03-09,2023-03-12,7,3.6,1,0.0,0,Resolved,0.8,3.6
BPS-02665,Social Welfare,Old Age Pension,In-Person,Serowe,SWL-006,2024-08-21,2024-09-13,21,23.1,0,2.1,0,Resolved,1.1,2.0
BPS-00550,Health,Facility Request,Post,Lobatse,HLT-008,2022-01-19,2022-01-25,7,6.2,1,0.0,0,Resolved,1.1,3.3
BPS-03642,Land Board,Land Allocation,Post,Serowe,LBD-005,2022-05-04,2022-07-27,21,84.5,0,63.5,1,Resolved,1.5,
BPS-04054,Works,Infrastructure Defect,Phone,Palapye,WRK-008,2023-04-12,2023-04-27,14,15.3,0,1.3,0,Resolved,1.2,
BPS-04893,Motor Registry,Vehicle Licensing,Digital,Molepolole,MTR-015,2024-03-08,2024-03-09,5,1.0,1,0.0,0,Resolved,0.9,4.8
BPS-02935,Social Welfare,Social Grant,Digital,Gaborone,SWL-004,2023-02-19,2023-03-09,21,18.8,1,0.0,0,Resolved,1.0,4.0
BPS-00606,Health,Patient Query,In-Person,Serowe,HLT-003,2022-10-11,2022-10-18,7,7.0,1,0.0,0,Resolved,0.7,
BPS-00897,Education,Student Enrollment,Digital,Serowe,EDU-002,2025-01-14,2025-01-20,14,6.5,1,0.0,0,Resolved,0.9,4.3
BPS-00528,Health,Facility Request,Digital,Gaborone,HLT-009,2024-09-14,2024-09-18,7,4.3,1,0.0,0,Resolved,1.1,4.6
BPS-04608,Motor Registry,Roadworthy Certificate,Digital,Molepolole,MTR-002,2024-02-16,2024-02-19,5,3.9,1,0.0,0,Resolved,1.0,5.0
BPS-02348,BURS,Compliance Certificate,Phone,Palapye,BRS-005,2023-09-22,2023-09-24,10,2.9,1,0.0,0,Resolved,0.85,4.2
BPS-03440,Immigration,Permanent Residency,In-Person,Palapye,IMG-001,2022-10-01,2022-11-12,30,42.2,0,12.2,0,Resolved,1.4,2.2
BPS-04999,Motor Registry,Number Plate,In-Person,Gaborone,MTR-014,2023-10-22,2023-10-25,5,3.7,1,0.0,0,Resolved,0.8,5.0
BPS-04827,Motor Registry,Number Plate,In-Person,Kanye,MTR-006,2022-03-03,2022-03-06,5,3.0,1,0.0,0,Resolved,0.8,
BPS-03923,Works,Infrastructure Defect,In-Person,Molepolole,WRK-008,2023-11-19,2023-12-02,14,13.4,1,0.0,0,Resolved,1.2,
BPS-00299,Health,Facility Request,In-Person,Gaborone,HLT-005,2022-08-24,2022-09-03,7,10.4,0,3.4,1,Resolved,1.1,2.3
BPS-02120,BURS,Assessment Dispute,Digital,Lobatse,BRS-006,2023-04-10,2023-04-18,10,8.0,1,0.0,0,Resolved,1.5,4.3
BPS-02537,Social Welfare,Orphan Welfare,Phone,Maun,SWL-001,2022-04-02,2022-04-27,21,25.6,0,4.6,0,Resolved,1.2,2.2
BPS-04204,Works,Infrastructure Defect,In-Person,Palapye,WRK-006,2022-02-02,2022-02-12,14,10.7,1,0.0,0,Resolved,1.2,
BPS-03255,Immigration,Permanent Residency,In-Person,Francistown,IMG-002,2023-09-16,2023-10-29,30,43.5,0,13.5,1,Resolved,1.4,1.9
BPS-03726,Land Board,Land Use Approval,Digital,Kanye,LBD-005,2023-02-04,2023-04-11,21,66.8,0,45.8,1,Resolved,1.6,1.5
BPS-01261,Education,Scholarship Application,Phone,Palapye,EDU-004,2023-09-12,2023-10-01,14,19.3,0,5.3,0,Resolved,1.4,2.5
BPS-01559,Police,Case Registration,In-Person,Palapye,POL-014,2024-03-01,2024-03-08,5,7.6,0,2.6,0,Resolved,1.1,3.1
BPS-03270,Immigration,Permanent Residency,Post,Gaborone,IMG-006,2023-02-21,2023-04-17,30,55.4,0,25.4,1,Resolved,1.4,1.4
BPS-04047,Works,Asset Management,Digital,Maun,WRK-003,2024-06-24,2024-07-07,14,13.0,1,0.0,0,Resolved,1.1,3.3
BPS-00757,Health,Patient Query,In-Person,Palapye,HLT-011,2022-09-12,2022-09-16,7,4.2,1,0.0,0,Resolved,0.7,3.3
BPS-01011,Education,Scholarship Application,Post,Kanye,EDU-008,2024-05-29,2024-06-27,14,29.7,0,15.7,0,Resolved,1.4,3.3
BPS-02795,Social Welfare,Destitute Support,In-Person,Kanye,SWL-007,2024-05-16,2024-06-08,21,23.1,0,2.1,0,Resolved,1.3,
BPS-02906,Social Welfare,Orphan Welfare,Digital,Gaborone,SWL-002,2023-09-21,2023-10-10,21,19.2,1,0.0,0,Resolved,1.2,
BPS-01871,Police,Document Request,In-Person,Francistown,POL-010,2022-02-25,2022-02-26,5,1.0,1,0.0,0,Resolved,0.75,
BPS-02230,BURS,Tax Registration,Digital,Kanye,BRS-011,2023-11-07,2023-11-14,10,7.2,1,0.0,0,Resolved,0.9,4.5
BPS-01174,Education,School Admin,Digital,Kanye,EDU-005,2022-08-09,2022-08-14,14,5.5,1,0.0,0,Resolved,0.8,4.1
BPS-01833,Police,Case Registration,Phone,Gaborone,POL-012,2022-06-21,2022-06-26,5,5.3,0,0.3,0,Resolved,1.1,3.2
BPS-00377,Health,Specialist Referral,Digital,Palapye,HLT-002,2022-10-16,2022-10-23,7,7.2,0,0.2,0,Resolved,1.2,3.1
BPS-03854,Land Board,Consent to Transfer,Digital,Molepolole,LBD-004,2023-08-22,2023-09-16,21,25.3,0,4.3,0,Resolved,1.3,1.9
BPS-03617,Land Board,Land Allocation,Digital,Lobatse,LBD-003,2022-06-12,2022-07-13,21,31.7,0,10.7,1,Resolved,1.5,1.6
BPS-00799,Health,Patient Query,Digital,Molepolole,HLT-005,2025-01-10,2025-01-12,7,2.7,1,0.0,0,Resolved,0.7,4.7
BPS-00379,Health,Patient Query,In-Person,Gaborone,HLT-002,2022-04-09,2022-04-16,7,7.7,0,0.7,0,Resolved,0.7,3.1
BPS-01159,Education,Scholarship Application,In-Person,Serowe,EDU-007,2024-03-12,2024-04-03,14,22.8,0,8.8,0,Resolved,1.4,3.3
BPS-03820,Land Board,Consent to Transfer,In-Person,Francistown,LBD-005,2023-12-25,2024-01-28,21,34.8,0,13.8,1,Resolved,1.3,
BPS-02793,Social Welfare,Old Age Pension,In-Person,Francistown,SWL-004,2023-10-27,2023-11-13,21,17.1,1,0.0,0,Resolved,1.1,
BPS-02241,BURS,Assessment Dispute,In-Person,Gaborone,BRS-012,2022-01-03,2022-01-17,10,14.4,0,4.4,0,Resolved,1.5,3.7
BPS-04036,Works,Property Maintenance,In-Person,Molepolole,WRK-003,2022-10-06,2022-10-22,14,16.1,0,2.1,0,Resolved,1.0,3.2
BPS-02663,Social Welfare,Social Grant,In-Person,Lobatse,SWL-006,2023-11-25,2023-12-16,21,21.5,0,0.5,0,Resolved,1.0,
BPS-04013,Works,Infrastructure Defect,In-Person,Molepolole,WRK-009,2023-08-14,2023-08-23,14,9.5,1,0.0,0,Resolved,1.2,4.1
BPS-02958,Social Welfare,Destitute Support,In-Person,Kanye,SWL-001,2023-07-28,2023-08-18,21,21.7,0,0.7,0,Resolved,1.3,2.6
BPS-03928,Works,Infrastructure Defect,In-Person,Palapye,WRK-006,2023-12-23,2024-01-10,14,18.8,0,4.8,0,Resolved,1.2,
BPS-01039,Education,Teacher Posting,In-Person,Lobatse,EDU-008,2022-07-13,2022-07-29,14,16.4,0,2.4,0,Resolved,1.3,2.6
BPS-03260,Immigration,Permanent Residency,In-Person,Molepolole,IMG-004,2023-06-15,2023-08-10,30,56.2,0,26.2,0,Resolved,1.4,2.5
BPS-01345,Education,School Admin,In-Person,Serowe,EDU-009,2024-02-23,2024-03-05,14,11.0,1,0.0,0,Resolved,0.8,4.8
BPS-02506,Social Welfare,Destitute Support,Phone,Maun,SWL-008,2023-04-11,2023-04-25,21,14.5,1,0.0,0,Resolved,1.3,3.6
BPS-01722,Police,Protection Service,In-Person,Serowe,POL-001,2022-05-31,2022-06-04,5,4.0,1,0.0,0,Resolved,1.3,3.7
BPS-04664,Motor Registry,Driver Licence,In-Person,Palapye,MTR-003,2023-04-13,2023-04-14,5,1.0,1,0.0,0,Resolved,0.95,4.7
BPS-00176,Health,Specialist Referral,Phone,Molepolole,HLT-009,2022-08-16,2022-08-25,7,9.5,0,2.5,1,Resolved,1.2,
BPS-04894,Motor Registry,Driver Licence,Post,Serowe,MTR-006,2022-06-22,2022-06-24,5,2.1,1,0.0,0,Resolved,0.95,4.2
BPS-01910,Police,Protection Service,Phone,Maun,POL-010,2022-07-29,2022-08-02,5,4.7,1,0.0,0,Resolved,1.3,3.7
BPS-00046,Health,Patient Query,Digital,Kanye,HLT-007,2022-02-26,2022-03-02,7,4.0,1,0.0,0,Resolved,0.7,
BPS-03410,Immigration,Work Permit,Post,Kanye,IMG-006,2024-01-09,2024-03-14,30,65.5,0,35.5,1,Resolved,1.2,1.8
BPS-04675,Motor Registry,Vehicle Licensing,In-Person,Serowe,MTR-010,2023-03-04,2023-03-07,5,3.4,1,0.0,0,Resolved,0.9,4.9
BPS-01076,Education,Teacher Posting,Digital,Maun,EDU-009,2023-05-26,2023-06-03,14,8.3,1,0.0,0,Resolved,1.3,4.6
BPS-02830,Social Welfare,Destitute Support,In-Person,Lobatse,SWL-001,2022-06-20,2022-07-10,21,20.4,1,0.0,0,Resolved,1.3,3.6
BPS-01505,Police,Protection Service,Phone,Kanye,POL-006,2025-01-07,2025-01-11,5,4.4,1,0.0,0,Resolved,1.3,
BPS-02310,BURS,Compliance Certificate,Digital,Lobatse,BRS-010,2024-12-14,2024-12-21,10,7.2,1,0.0,0,Resolved,0.85,4.6
BPS-01437,Education,Scholarship Application,In-Person,Kanye,EDU-005,2023-12-26,2024-01-09,14,14.9,0,0.9,0,Resolved,1.4,2.5
BPS-02419,BURS,Compliance Certificate,In-Person,Francistown,BRS-008,2023-01-24,2023-02-01,10,8.1,1,0.0,0,Resolved,0.85,4.1
BPS-03987,Works,Utility Request,In-Person,Lobatse,WRK-004,2023-09-18,2023-10-02,14,14.2,0,0.2,0,Resolved,0.9,2.6
BPS-03099,Immigration,Permanent Residency,In-Person,Francistown,IMG-003,2025-01-16,2025-02-20,30,35.3,0,5.3,1,Resolved,1.4,
BPS-04589,Motor Registry,Vehicle Licensing,Digital,Palapye,MTR-001,2023-04-19,2023-04-20,5,1.1,1,0.0,0,Resolved,0.9,
BPS-00284,Health,Medical Certificate,In-Person,Francistown,HLT-006,2023-10-27,2023-10-29,7,2.1,1,0.0,0,Resolved,0.8,4.0
BPS-04919,Motor Registry,Vehicle Licensing,In-Person,Palapye,MTR-012,2023-02-15,2023-02-18,5,3.9,1,0.0,0,Resolved,0.9,
BPS-00843,Education,Scholarship Application,Digital,Francistown,EDU-003,2023-09-04,2023-09-09,14,5.3,1,0.0,0,Resolved,1.4,4.4
BPS-01514,Police,Clearance Certificate,In-Person,Molepolole,POL-014,2024-03-03,2024-03-04,5,1.0,1,0.0,0,Resolved,0.85,3.3
BPS-01169,Education,Student Enrollment,In-Person,Francistown,EDU-005,2023-01-30,2023-02-10,14,11.8,1,0.0,0,Resolved,0.9,3.8
BPS-01593,Police,Clearance Certificate,In-Person,Serowe,POL-009,2022-09-11,2022-09-15,5,4.2,1,0.0,0,Resolved,0.85,
BPS-03461,Land Board,Land Allocation,Digital,Palapye,LBD-005,2022-08-30,2022-11-21,21,83.3,0,62.3,1,Resolved,1.5,1.0
BPS-03166,Immigration,Border Documentation,In-Person,Serowe,IMG-006,2022-06-01,2022-06-11,30,10.1,1,0.0,0,Resolved,0.9,
BPS-02285,BURS,Assessment Dispute,In-Person,Lobatse,BRS-010,2023-12-28,2024-01-07,10,10.1,0,0.1,0,Resolved,1.5,3.2
BPS-03576,Land Board,Land Allocation,In-Person,Gaborone,LBD-006,2022-08-28,2022-11-15,21,79.6,0,58.6,1,Resolved,1.5,1.2
BPS-04871,Motor Registry,Driver Licence,In-Person,Kanye,MTR-005,2022-04-05,2022-04-12,5,7.4,0,2.4,0,Resolved,0.95,2.4
BPS-02306,BURS,Compliance Certificate,In-Person,Lobatse,BRS-007,2022-09-01,2022-09-15,10,14.8,0,4.8,1,Resolved,0.85,2.0
BPS-00953,Education,Teacher Posting,Digital,Lobatse,EDU-005,2023-07-17,2023-07-22,14,5.8,1,0.0,0,Resolved,1.3,
BPS-04943,Motor Registry,Roadworthy Certificate,In-Person,Lobatse,MTR-014,2024-04-27,2024-04-28,5,1.8,1,0.0,0,Resolved,1.0,5.0
BPS-03054,Social Welfare,Orphan Welfare,In-Person,Francistown,SWL-003,2024-10-01,2024-10-16,21,15.8,1,0.0,0,Resolved,1.2,3.9
BPS-04560,Motor Registry,Roadworthy Certificate,Phone,Kanye,MTR-012,2025-01-16,2025-01-19,5,3.4,1,0.0,0,Resolved,1.0,4.9
BPS-02686,Social Welfare,Social Grant,Post,Serowe,SWL-006,2022-07-18,2022-08-12,21,25.1,0,4.1,0,Resolved,1.0,2.1
BPS-01490,Police,Clearance Certificate,Post,Maun,POL-005,2024-04-02,2024-04-10,5,8.3,0,3.3,0,Resolved,0.85,
BPS-00928,Education,School Admin,In-Person,Serowe,EDU-007,2022-01-22,2022-01-31,14,9.5,1,0.0,0,Resolved,0.8,4.2
BPS-01210,Education,Teacher Posting,Post,Maun,EDU-004,2024-01-02,2024-02-01,14,30.7,0,16.7,0,Resolved,1.3,2.8
BPS-03974,Works,Asset Management,In-Person,Gaborone,WRK-002,2024-04-21,2024-05-04,14,13.6,1,0.0,0,Resolved,1.1,3.8
BPS-03546,Land Board,Land Allocation,In-Person,Lobatse,LBD-003,2023-08-27,2023-11-15,21,80.5,0,59.5,1,Resolved,1.5,1.1
BPS-04362,Motor Registry,Number Plate,Digital,Lobatse,MTR-008,2024-09-12,2024-09-13,5,1.0,1,0.0,0,Resolved,0.8,5.0
BPS-01922,Police,Document Request,Digital,Maun,POL-005,2023-09-03,2023-09-06,5,3.7,1,0.0,0,Resolved,0.75,4.0
BPS-00352,Health,Specialist Referral,Digital,Francistown,HLT-007,2022-05-08,2022-05-14,7,6.6,1,0.0,0,Resolved,1.2,
BPS-04899,Motor Registry,Roadworthy Certificate,In-Person,Maun,MTR-012,2024-10-12,2024-10-15,5,3.8,1,0.0,0,Resolved,1.0,4.9
BPS-03394,Immigration,Permanent Residency,Phone,Lobatse,IMG-004,2024-11-07,2024-12-09,30,32.5,0,2.5,1,Resolved,1.4,1.9
BPS-02722,Social Welfare,Destitute Support,In-Person,Palapye,SWL-007,2023-11-23,2023-12-10,21,17.3,1,0.0,0,Resolved,1.3,3.6
BPS-04982,Motor Registry,Driver Licence,Digital,Palapye,MTR-015,2023-08-11,2023-08-12,5,1.8,1,0.0,0,Resolved,0.95,4.6
BPS-00719,Health,Specialist Referral,In-Person,Francistown,HLT-004,2024-08-22,2024-08-27,7,5.8,1,0.0,0,Resolved,1.2,3.9
BPS-02703,Social Welfare,Orphan Welfare,In-Person,Francistown,SWL-005,2022-03-18,2022-04-24,21,37.6,0,16.6,1,Resolved,1.2,
BPS-02723,Social Welfare,Old Age Pension,In-Person,Kanye,SWL-001,2022-05-27,2022-06-07,21,11.1,1,0.0,0,Resolved,1.1,3.9
BPS-04562,Motor Registry,Number Plate,In-Person,Serowe,MTR-010,2024-07-03,2024-07-05,5,2.3,1,0.0,0,Resolved,0.8,4.8
BPS-00309,Health,Facility Request,In-Person,Molepolole,HLT-008,2024-06-28,2024-07-06,7,8.2,0,1.2,1,Resolved,1.1,2.2
BPS-01676,Police,Document Request,In-Person,Maun,POL-013,2024-04-26,2024-04-28,5,2.9,1,0.0,0,Resolved,0.75,
BPS-00834,Education,School Admin,In-Person,Gaborone,EDU-003,2023-04-16,2023-04-22,14,6.9,1,0.0,0,Resolved,0.8,
BPS-00367,Health,Facility Request,Digital,Serowe,HLT-010,2022-11-23,2022-11-29,7,6.5,1,0.0,0,Resolved,1.1,4.6
BPS-04507,Motor Registry,Roadworthy Certificate,In-Person,Serowe,MTR-001,2024-02-15,2024-02-19,5,4.0,1,0.0,0,Resolved,1.0,5.0
BPS-02079,BURS,Compliance Certificate,Digital,Francistown,BRS-009,2022-02-01,2022-02-04,10,3.6,1,0.0,0,Resolved,0.85,4.0
BPS-04039,Works,Infrastructure Defect,Digital,Molepolole,WRK-004,2022-07-05,2022-07-15,14,10.9,1,0.0,0,Resolved,1.2,3.6
BPS-04847,Motor Registry,Roadworthy Certificate,Phone,Lobatse,MTR-005,2023-08-17,2023-08-18,5,1.6,1,0.0,0,Resolved,1.0,5.0
BPS-04480,Motor Registry,Driver Licence,Digital,Kanye,MTR-003,2024-12-08,2024-12-11,5,3.4,1,0.0,0,Resolved,0.95,
BPS-01747,Police,Document Request,Digital,Kanye,POL-014,2022-06-29,2022-07-04,5,5.3,0,0.3,0,Resolved,0.75,
BPS-00020,Health,Specialist Referral,Digital,Kanye,HLT-007,2024-06-16,2024-06-18,7,2.5,1,0.0,0,Resolved,1.2,
BPS-01323,Education,Scholarship Application,In-Person,Serowe,EDU-009,2024-02-23,2024-03-10,14,16.8,0,2.8,0,Resolved,1.4,2.9
BPS-03568,Land Board,Land Allocation,In-Person,Francistown,LBD-005,2024-01-07,2024-04-17,21,101.3,0,80.3,1,Resolved,1.5,1.0
BPS-02522,Social Welfare,Old Age Pension,In-Person,Maun,SWL-003,2022-10-29,2022-12-10,21,42.5,0,21.5,1,Resolved,1.1,1.9
BPS-00219,Health,Specialist Referral,Digital,Palapye,HLT-010,2022-12-16,2022-12-18,7,2.4,1,0.0,0,Resolved,1.2,4.2
BPS-01488,Police,Case Registration,In-Person,Maun,POL-007,2022-10-22,2022-10-23,5,1.0,1,0.0,0,Resolved,1.1,3.9
BPS-00439,Health,Facility Request,In-Person,Kanye,HLT-005,2022-01-26,2022-01-27,7,1.0,1,0.0,0,Resolved,1.1,3.4
BPS-04175,Works,Property Maintenance,In-Person,Palapye,WRK-001,2022-01-23,2022-02-04,14,12.3,1,0.0,0,Resolved,1.0,4.0
BPS-02751,Social Welfare,Social Grant,Phone,Maun,SWL-002,2022-02-24,2022-03-22,21,26.8,0,5.8,0,Resolved,1.0,2.0
BPS-03289,Immigration,Citizenship Application,Phone,Kanye,IMG-005,2024-04-17,2024-05-17,30,30.9,0,0.9,0,Resolved,1.6,2.9
BPS-03434,Immigration,Citizenship Application,In-Person,Lobatse,IMG-004,2022-06-24,2022-08-05,30,42.0,0,12.0,1,Resolved,1.6,1.9
BPS-02526,Social Welfare,Old Age Pension,In-Person,Molepolole,SWL-003,2025-01-30,2025-02-26,21,27.1,0,6.1,0,Resolved,1.1,
BPS-04651,Motor Registry,Number Plate,Digital,Kanye,MTR-002,2024-09-19,2024-09-20,5,1.5,1,0.0,0,Resolved,0.8,5.0
BPS-03689,Land Board,Land Use Approval,In-Person,Lobatse,LBD-005,2023-06-07,2023-09-30,21,115.5,0,94.5,1,Resolved,1.6,1.0
BPS-02764,Social Welfare,Old Age Pension,Digital,Serowe,SWL-008,2024-10-18,2024-10-27,21,9.9,1,0.0,0,Resolved,1.1,
BPS-00803,Health,Facility Request,In-Person,Serowe,HLT-002,2024-04-24,2024-05-01,7,7.0,1,0.0,0,Resolved,1.1,
BPS-02998,Social Welfare,Destitute Support,In-Person,Francistown,SWL-001,2024-05-13,2024-05-26,21,13.2,1,0.0,0,Resolved,1.3,4.1
BPS-02229,BURS,VAT Filing,Post,Francistown,BRS-011,2024-01-25,2024-01-29,10,4.3,1,0.0,0,Resolved,1.0,4.8
BPS-04786,Motor Registry,Number Plate,In-Person,Molepolole,MTR-012,2022-04-28,2022-04-29,5,1.9,1,0.0,0,Resolved,0.8,
BPS-02078,BURS,Assessment Dispute,In-Person,Serowe,BRS-009,2024-12-31,2025-01-19,10,19.6,0,9.6,0,Resolved,1.5,2.5
BPS-00583,Health,Patient Query,Phone,Maun,HLT-009,2022-07-13,2022-07-19,7,6.0,1,0.0,0,Resolved,0.7,
BPS-00204,Health,Medical Certificate,Phone,Francistown,HLT-001,2022-04-04,2022-04-12,7,8.4,0,1.4,0,Resolved,0.8,
BPS-04347,Motor Registry,Vehicle Licensing,Digital,Maun,MTR-011,2023-06-30,2023-07-01,5,1.9,1,0.0,0,Resolved,0.9,4.7
BPS-03479,Land Board,Land Use Approval,Digital,Francistown,LBD-005,2024-02-14,2024-04-30,21,76.5,0,55.5,1,Resolved,1.6,1.4
BPS-02930,Social Welfare,Social Grant,In-Person,Molepolole,SWL-008,2024-06-17,2024-07-11,21,24.1,0,3.1,0,Resolved,1.0,2.9
BPS-03086,Social Welfare,Old Age Pension,In-Person,Molepolole,SWL-007,2022-12-30,2023-01-20,21,21.8,0,0.8,0,Resolved,1.1,
BPS-01019,Education,Student Enrollment,In-Person,Maun,EDU-001,2023-10-31,2023-11-10,14,10.4,1,0.0,0,Resolved,0.9,
BPS-01584,Police,Document Request,Digital,Kanye,POL-006,2024-11-15,2024-11-18,5,3.3,1,0.0,0,Resolved,0.75,3.6
BPS-01033,Education,School Admin,In-Person,Serowe,EDU-003,2023-03-23,2023-04-02,14,10.9,1,0.0,0,Resolved,0.8,3.9
BPS-01719,Police,Clearance Certificate,In-Person,Francistown,POL-012,2023-05-24,2023-05-29,5,5.5,0,0.5,1,Resolved,0.85,2.6
BPS-01282,Education,Teacher Posting,Digital,Molepolole,EDU-009,2025-01-08,2025-01-17,14,9.6,1,0.0,0,Resolved,1.3,3.6
BPS-02499,BURS,Tax Registration,Digital,Francistown,BRS-010,2022-02-01,2022-02-07,10,6.6,1,0.0,0,Resolved,0.9,
BPS-03351,Immigration,Work Permit,Digital,Lobatse,IMG-007,2024-07-05,2024-07-23,30,18.7,1,0.0,0,Resolved,1.2,
BPS-00518,Health,Facility Request,In-Person,Molepolole,HLT-007,2023-02-15,2023-02-17,7,2.0,1,0.0,0,Resolved,1.1,
BPS-01748,Police,Case Registration,Post,Gaborone,POL-010,2023-01-29,2023-02-05,5,7.7,0,2.7,0,Resolved,1.1,1.8
BPS-04653,Motor Registry,Number Plate,In-Person,Molepolole,MTR-005,2022-03-19,2022-03-22,5,3.3,1,0.0,0,Resolved,0.8,4.8
BPS-03733,Land Board,Land Use Approval,Phone,Kanye,LBD-001,2024-12-06,2024-12-23,21,17.7,1,0.0,0,Resolved,1.6,2.6
BPS-00669,Health,Facility Request,Digital,Francistown,HLT-003,2022-10-09,2022-10-10,7,1.0,1,0.0,0,Resolved,1.1,4.0
BPS-04060,Works,Property Maintenance,Phone,Lobatse,WRK-001,2022-05-18,2022-05-28,14,10.3,1,0.0,0,Resolved,1.0,3.8
BPS-03027,Social Welfare,Orphan Welfare,Digital,Maun,SWL-001,2023-10-10,2023-10-25,21,15.3,1,0.0,0,Resolved,1.2,4.0
BPS-04933,Motor Registry,Driver Licence,In-Person,Serowe,MTR-008,2024-01-19,2024-01-24,5,5.5,0,0.5,1,Resolved,0.95,
BPS-03287,Immigration,Permanent Residency,Digital,Serowe,IMG-004,2022-09-27,2022-10-19,30,22.0,1,0.0,0,Resolved,1.4,3.7
BPS-02651,Social Welfare,Orphan Welfare,In-Person,Molepolole,SWL-006,2023-01-30,2023-02-13,21,14.5,1,0.0,0,Resolved,1.2,3.7
BPS-04454,Motor Registry,Roadworthy Certificate,Digital,Kanye,MTR-012,2022-03-09,2022-03-10,5,1.9,1,0.0,0,Resolved,1.0,5.0
BPS-03193,Immigration,Border Documentation,In-Person,Molepolole,IMG-003,2022-10-10,2022-11-21,30,42.0,0,12.0,1,Resolved,0.9,
BPS-02125,BURS,Assessment Dispute,In-Person,Serowe,BRS-009,2023-11-22,2023-12-04,10,12.7,0,2.7,0,Resolved,1.5,2.7
BPS-03376,Immigration,Permanent Residency,Digital,Lobatse,IMG-002,2025-01-04,2025-01-20,30,16.0,1,0.0,0,Resolved,1.4,3.7
BPS-03393,Immigration,Citizenship Application,In-Person,Lobatse,IMG-004,2022-02-13,2022-03-27,30,42.3,0,12.3,0,Resolved,1.6,2.4
BPS-03486,Land Board,Consent to Transfer,In-Person,Francistown,LBD-004,2023-08-22,2023-10-10,21,49.5,0,28.5,1,Resolved,1.3,1.4
BPS-00760,Health,Medical Certificate,In-Person,Gaborone,HLT-010,2023-06-16,2023-06-22,7,6.8,1,0.0,0,Resolved,0.8,4.1
BPS-03380,Immigration,Work Permit,Phone,Francistown,IMG-005,2022-07-28,2022-08-19,30,22.3,1,0.0,0,Resolved,1.2,2.8
BPS-04441,Motor Registry,Roadworthy Certificate,Post,Kanye,MTR-008,2024-11-07,2024-11-09,5,2.5,1,0.0,0,Resolved,1.0,4.6
BPS-02527,Social Welfare,Social Grant,In-Person,Gaborone,SWL-002,2024-05-14,2024-06-02,21,19.2,1,0.0,0,Resolved,1.0,3.5
BPS-04859,Motor Registry,Driver Licence,In-Person,Francistown,MTR-014,2023-06-15,2023-06-18,5,3.6,1,0.0,0,Resolved,0.95,5.0
BPS-00908,Education,Scholarship Application,Digital,Gaborone,EDU-003,2022-05-04,2022-05-19,14,15.6,0,1.6,0,Resolved,1.4,2.9
BPS-02684,Social Welfare,Destitute Support,In-Person,Kanye,SWL-002,2024-05-16,2024-06-16,21,31.5,0,10.5,0,Resolved,1.3,2.6
BPS-00215,Health,Facility Request,Digital,Gaborone,HLT-001,2022-10-08,2022-10-11,7,3.6,1,0.0,0,Resolved,1.1,3.6
BPS-03332,Immigration,Permanent Residency,In-Person,Kanye,IMG-005,2023-01-26,2023-02-12,30,17.4,1,0.0,0,Resolved,1.4,
BPS-04459,Motor Registry,Number Plate,Phone,Gaborone,MTR-008,2024-01-19,2024-01-20,5,1.0,1,0.0,0,Resolved,0.8,4.9
BPS-00694,Health,Medical Certificate,Phone,Francistown,HLT-005,2022-03-13,2022-03-20,7,7.0,1,0.0,0,Resolved,0.8,4.2
BPS-01504,Police,Clearance Certificate,In-Person,Kanye,POL-013,2024-04-01,2024-04-04,5,3.6,1,0.0,0,Resolved,0.85,
BPS-02415,BURS,Compliance Certificate,In-Person,Molepolole,BRS-009,2024-07-07,2024-07-16,10,9.7,1,0.0,0,Resolved,0.85,4.0
BPS-02119,BURS,Assessment Dispute,Digital,Palapye,BRS-001,2023-06-10,2023-06-12,10,2.6,1,0.0,0,Resolved,1.5,4.1
BPS-03859,Land Board,Consent to Transfer,Digital,Gaborone,LBD-005,2024-02-08,2024-03-10,21,31.8,0,10.8,1,Resolved,1.3,2.4
BPS-02463,BURS,VAT Filing,Phone,Molepolole,BRS-005,2022-02-21,2022-03-02,10,9.1,1,0.0,0,Resolved,1.0,
BPS-03636,Land Board,Consent to Transfer,In-Person,Lobatse,LBD-003,2023-08-01,2023-10-10,21,70.9,0,49.9,1,Resolved,1.3,1.6
BPS-04106,Works,Asset Management,In-Person,Serowe,WRK-009,2023-10-12,2023-10-28,14,16.4,0,2.4,0,Resolved,1.1,2.7
BPS-04479,Motor Registry,Vehicle Licensing,In-Person,Lobatse,MTR-015,2024-05-30,2024-06-01,5,2.9,1,0.0,0,Resolved,0.9,4.7
BPS-00197,Health,Specialist Referral,In-Person,Gaborone,HLT-008,2024-01-10,2024-01-13,7,3.4,1,0.0,0,Resolved,1.2,3.9
BPS-04668,Motor Registry,Roadworthy Certificate,In-Person,Palapye,MTR-005,2025-01-23,2025-01-29,5,6.0,0,1.0,0,Resolved,1.0,3.7
BPS-01544,Police,Clearance Certificate,Post,Serowe,POL-014,2024-02-01,2024-02-05,5,4.4,1,0.0,0,Resolved,0.85,
BPS-01331,Education,School Admin,In-Person,Molepolole,EDU-009,2024-03-28,2024-04-12,14,15.2,0,1.2,0,Resolved,0.8,2.8
BPS-00880,Education,Scholarship Application,Phone,Serowe,EDU-007,2023-09-10,2023-10-02,14,22.3,0,8.3,0,Resolved,1.4,3.1
BPS-04503,Motor Registry,Number Plate,Phone,Kanye,MTR-013,2023-03-31,2023-04-01,5,1.6,1,0.0,0,Resolved,0.8,5.0
BPS-03502,Land Board,Consent to Transfer,In-Person,Gaborone,LBD-004,2022-04-24,2022-06-11,21,48.5,0,27.5,1,Resolved,1.3,
BPS-03895,Works,Property Maintenance,Phone,Lobatse,WRK-001,2024-06-21,2024-07-02,14,11.5,1,0.0,0,Resolved,1.0,4.1
BPS-04991,Motor Registry,Vehicle Licensing,In-Person,Francistown,MTR-010,2023-07-15,2023-07-16,5,1.0,1,0.0,0,Resolved,0.9,5.0
BPS-00888,Education,School Admin,Post,Molepolole,EDU-008,2022-11-30,2022-12-10,14,10.2,1,0.0,0,Resolved,0.8,4.3
BPS-01346,Education,Teacher Posting,In-Person,Serowe,EDU-009,2022-01-12,2022-01-17,14,5.5,1,0.0,0,Resolved,1.3,3.9
BPS-00069,Health,Patient Query,Phone,Francistown,HLT-003,2022-12-02,2022-12-07,7,5.1,1,0.0,0,Resolved,0.7,
BPS-04211,Works,Utility Request,Digital,Kanye,WRK-005,2022-12-29,2023-01-06,14,8.3,1,0.0,0,Resolved,0.9,4.0
BPS-01816,Police,Document Request,Phone,Serowe,POL-009,2022-04-01,2022-04-02,5,1.0,1,0.0,0,Resolved,0.75,
BPS-00569,Health,Patient Query,Digital,Gaborone,HLT-008,2024-11-02,2024-11-03,7,1.0,1,0.0,0,Resolved,0.7,
BPS-02168,BURS,VAT Filing,Digital,Francistown,BRS-012,2022-05-16,2022-05-17,10,1.0,1,0.0,0,Resolved,1.0,5.0
BPS-00097,Health,Medical Certificate,Digital,Palapye,HLT-009,2024-04-26,2024-05-01,7,5.1,1,0.0,0,Resolved,0.8,4.5
BPS-04182,Works,Utility Request,Digital,Maun,WRK-001,2023-10-18,2023-10-25,14,7.0,1,0.0,0,Resolved,0.9,4.2
BPS-03354,Immigration,Border Documentation,In-Person,Lobatse,IMG-001,2024-03-04,2024-03-27,30,23.2,1,0.0,0,Resolved,0.9,3.6
BPS-00140,Health,Patient Query,In-Person,Serowe,HLT-010,2022-11-13,2022-11-14,7,1.4,1,0.0,0,Resolved,0.7,
BPS-04955,Motor Registry,Roadworthy Certificate,Post,Maun,MTR-010,2023-05-23,2023-05-28,5,5.4,0,0.4,0,Resolved,1.0,
BPS-02603,Social Welfare,Old Age Pension,Phone,Palapye,SWL-004,2022-07-05,2022-07-16,21,11.5,1,0.0,0,Resolved,1.1,
BPS-04024,Works,Infrastructure Defect,In-Person,Maun,WRK-006,2024-04-02,2024-04-20,14,18.5,0,4.5,0,Resolved,1.2,
BPS-04773,Motor Registry,Number Plate,In-Person,Molepolole,MTR-011,2023-07-17,2023-07-18,5,1.1,1,0.0,0,Resolved,0.8,5.0
BPS-01607,Police,Protection Service,Phone,Palapye,POL-007,2022-01-27,2022-02-02,5,6.6,0,1.6,0,Resolved,1.3,2.4
BPS-01630,Police,Case Registration,In-Person,Serowe,POL-001,2023-04-16,2023-04-22,5,6.4,0,1.4,0,Resolved,1.1,2.6
BPS-01540,Police,Document Request,In-Person,Gaborone,POL-006,2024-06-07,2024-06-08,5,1.0,1,0.0,0,Resolved,0.75,
BPS-01695,Police,Case Registration,Post,Molepolole,POL-014,2022-01-07,2022-01-14,5,7.8,0,2.8,0,Resolved,1.1,2.9
BPS-02060,BURS,Compliance Certificate,In-Person,Maun,BRS-002,2023-07-30,2023-08-06,10,7.3,1,0.0,0,Resolved,0.85,4.0
BPS-00464,Health,Medical Certificate,In-Person,Lobatse,HLT-009,2022-09-24,2022-09-30,7,6.5,1,0.0,0,Resolved,0.8,
BPS-02331,BURS,Compliance Certificate,In-Person,Lobatse,BRS-006,2024-04-10,2024-04-15,10,5.6,1,0.0,0,Resolved,0.85,
BPS-03044,Social Welfare,Social Grant,In-Person,Gaborone,SWL-004,2023-08-31,2023-09-20,21,20.2,1,0.0,0,Resolved,1.0,3.6
BPS-04735,Motor Registry,Roadworthy Certificate,In-Person,Francistown,MTR-014,2023-05-25,2023-05-26,5,1.0,1,0.0,0,Resolved,1.0,5.0
BPS-00595,Health,Facility Request,Digital,Gaborone,HLT-008,2023-04-24,2023-05-01,7,7.5,0,0.5,0,Resolved,1.1,3.4
BPS-03815,Land Board,Land Use Approval,Digital,Lobatse,LBD-003,2023-06-19,2023-07-19,21,30.7,0,9.7,1,Resolved,1.6,1.4
BPS-00626,Health,Facility Request,In-Person,Francistown,HLT-008,2022-01-14,2022-01-19,7,5.2,1,0.0,0,Resolved,1.1,4.5
BPS-00451,Health,Facility Request,In-Person,Maun,HLT-010,2024-10-18,2024-10-26,7,8.2,0,1.2,0,Resolved,1.1,2.7
BPS-01500,Police,Protection Service,Digital,Kanye,POL-001,2024-06-20,2024-06-25,5,5.7,0,0.7,0,Resolved,1.3,2.5
BPS-02457,BURS,Assessment Dispute,In-Person,Lobatse,BRS-001,2024-03-25,2024-04-03,10,9.3,1,0.0,0,Resolved,1.5,4.3
BPS-04723,Motor Registry,Driver Licence,In-Person,Palapye,MTR-012,2023-01-22,2023-01-25,5,3.3,1,0.0,0,Resolved,0.95,5.0
BPS-02985,Social Welfare,Old Age Pension,Phone,Maun,SWL-007,2023-06-16,2023-06-22,21,6.2,1,0.0,0,Resolved,1.1,3.2
BPS-01570,Police,Clearance Certificate,Phone,Kanye,POL-008,2024-12-22,2024-12-24,5,2.2,1,0.0,0,Resolved,0.85,3.1
BPS-01035,Education,Student Enrollment,In-Person,Maun,EDU-008,2022-04-18,2022-04-27,14,9.3,1,0.0,0,Resolved,0.9,4.4
BPS-03519,Land Board,Land Use Approval,In-Person,Lobatse,LBD-002,2024-04-24,2024-08-16,21,114.4,0,93.4,0,Resolved,1.6,
BPS-01558,Police,Protection Service,In-Person,Molepolole,POL-001,2022-09-03,2022-09-07,5,4.4,1,0.0,0,Resolved,1.3,
BPS-03625,Land Board,Land Allocation,Digital,Palapye,LBD-006,2023-03-02,2023-05-26,21,85.6,0,64.6,1,Resolved,1.5,1.7
BPS-04665,Motor Registry,Driver Licence,Digital,Serowe,MTR-014,2022-12-21,2022-12-24,5,3.2,1,0.0,0,Resolved,0.95,5.0
BPS-00151,Health,Facility Request,Digital,Molepolole,HLT-011,2023-08-16,2023-08-21,7,5.5,1,0.0,0,Resolved,1.1,4.4
BPS-01421,Education,School Admin,In-Person,Gaborone,EDU-007,2022-05-13,2022-05-23,14,10.7,1,0.0,0,Resolved,0.8,
BPS-02012,BURS,Tax Registration,Digital,Serowe,BRS-005,2025-01-18,2025-01-21,10,3.6,1,0.0,0,Resolved,0.9,4.0
BPS-02687,Social Welfare,Destitute Support,In-Person,Francistown,SWL-008,2022-06-13,2022-07-11,21,28.1,0,7.1,0,Resolved,1.3,1.5
BPS-01787,Police,Document Request,Phone,Serowe,POL-003,2022-06-11,2022-06-13,5,2.5,1,0.0,0,Resolved,0.75,4.2
BPS-00089,Health,Facility Request,In-Person,Lobatse,HLT-004,2023-02-10,2023-02-14,7,4.0,1,0.0,0,Resolved,1.1,4.2
BPS-00458,Health,Patient Query,Phone,Lobatse,HLT-003,2023-05-29,2023-05-31,7,2.2,1,0.0,0,Resolved,0.7,4.1
BPS-01306,Education,Teacher Posting,In-Person,Palapye,EDU-002,2023-03-04,2023-03-13,14,9.6,1,0.0,0,Resolved,1.3,4.0
BPS-02926,Social Welfare,Social Grant,In-Person,Kanye,SWL-006,2024-11-01,2024-11-21,21,20.2,1,0.0,0,Resolved,1.0,3.7
BPS-03271,Immigration,Permanent Residency,Digital,Molepolole,IMG-001,2024-02-16,2024-03-10,30,23.8,1,0.0,0,Resolved,1.4,
BPS-03228,Immigration,Work Permit,Digital,Serowe,IMG-004,2024-01-16,2024-02-16,30,31.9,0,1.9,0,Resolved,1.2,2.1
BPS-01989,Police,Document Request,In-Person,Serowe,POL-001,2024-01-22,2024-01-25,5,3.1,1,0.0,0,Resolved,0.75,3.9
BPS-03755,Land Board,Land Certificate,In-Person,Palapye,LBD-003,2024-01-17,2024-02-28,21,42.9,0,21.9,1,Resolved,1.2,1.0
BPS-03647,Land Board,Land Use Approval,In-Person,Maun,LBD-001,2025-01-13,,21,82.7,0,61.7,1,Pending,1.6,
BPS-00832,Education,School Admin,Phone,Kanye,EDU-005,2024-05-30,2024-06-03,14,4.9,1,0.0,0,Resolved,0.8,4.9
BPS-00240,Health,Medical Certificate,Digital,Kanye,HLT-005,2023-03-29,2023-04-03,7,5.0,1,0.0,0,Resolved,0.8,
BPS-04682,Motor Registry,Roadworthy Certificate,In-Person,Molepolole,MTR-013,2023-05-04,2023-05-05,5,1.7,1,0.0,0,Resolved,1.0,
BPS-03023,Social Welfare,Destitute Support,Phone,Serowe,SWL-008,2024-08-01,2024-08-17,21,16.9,1,0.0,0,Resolved,1.3,3.9
BPS-03149,Immigration,Work Permit,In-Person,Francistown,IMG-005,2022-07-24,2022-08-24,30,31.7,0,1.7,0,Resolved,1.2,1.9
BPS-01947,Police,Document Request,In-Person,Kanye,POL-003,2024-05-26,2024-05-27,5,1.6,1,0.0,0,Resolved,0.75,4.4
BPS-02776,Social Welfare,Old Age Pension,In-Person,Molepolole,SWL-004,2024-02-12,2024-02-29,21,17.3,1,0.0,0,Resolved,1.1,3.8
BPS-00193,Health,Medical Certificate,Digital,Molepolole,HLT-008,2022-08-30,2022-09-02,7,3.8,1,0.0,0,Resolved,0.8,4.6
BPS-04850,Motor Registry,Number Plate,Post,Maun,MTR-015,2024-04-21,2024-04-22,5,1.4,1,0.0,0,Resolved,0.8,4.8
BPS-04940,Motor Registry,Number Plate,Post,Molepolole,MTR-006,2022-08-06,2022-08-08,5,2.3,1,0.0,0,Resolved,0.8,5.0
BPS-00945,Education,School Admin,In-Person,Palapye,EDU-002,2022-05-13,2022-05-29,14,16.3,0,2.3,0,Resolved,0.8,3.1
BPS-01269,Education,Scholarship Application,Phone,Palapye,EDU-009,2024-05-18,2024-05-27,14,9.2,1,0.0,0,Resolved,1.4,3.9
BPS-04232,Works,Utility Request,In-Person,Molepolole,WRK-009,2022-05-19,2022-06-05,14,17.4,0,3.4,0,Resolved,0.9,2.1
BPS-02308,BURS,Tax Registration,In-Person,Lobatse,BRS-003,2024-12-25,2025-01-01,10,7.3,1,0.0,0,Resolved,0.9,5.0
BPS-04425,Motor Registry,Roadworthy Certificate,In-Person,Lobatse,MTR-011,2023-03-16,2023-03-19,5,3.7,1,0.0,0,Resolved,1.0,5.0
BPS-04712,Motor Registry,Driver Licence,Phone,Serowe,MTR-006,2022-06-06,2022-06-08,5,2.1,1,0.0,0,Resolved,0.95,4.2
BPS-02314,BURS,VAT Filing,Phone,Gaborone,BRS-004,2023-12-29,2024-01-06,10,8.3,1,0.0,0,Resolved,1.0,4.1
BPS-03215,Immigration,Border Documentation,In-Person,Palapye,IMG-001,2022-07-28,2022-08-26,30,29.8,1,0.0,0,Resolved,0.9,4.2
BPS-02733,Social Welfare,Orphan Welfare,In-Person,Serowe,SWL-001,2022-07-04,2022-07-29,21,25.8,0,4.8,0,Resolved,1.2,
BPS-01927,Police,Protection Service,Digital,Maun,POL-012,2022-09-23,2022-09-24,5,1.0,1,0.0,0,Resolved,1.3,4.7
BPS-04228,Works,Utility Request,Phone,Serowe,WRK-009,2022-10-01,2022-10-13,14,12.5,1,0.0,0,Resolved,0.9,4.0
BPS-04677,Motor Registry,Roadworthy Certificate,In-Person,Molepolole,MTR-007,2023-04-10,2023-04-13,5,3.8,1,0.0,0,Resolved,1.0,5.0
BPS-00801,Health,Facility Request,In-Person,Lobatse,HLT-008,2024-12-27,2025-01-06,7,10.6,0,3.6,0,Resolved,1.1,2.0
BPS-03672,Land Board,Consent to Transfer,Digital,Gaborone,LBD-005,2023-03-29,2023-05-25,21,57.1,0,36.1,1,Resolved,1.3,1.1
BPS-04194,Works,Asset Management,Digital,Molepolole,WRK-008,2024-11-10,2024-11-11,14,1.0,1,0.0,0,Resolved,1.1,3.8
BPS-02969,Social Welfare,Old Age Pension,Digital,Palapye,SWL-004,2024-04-15,2024-04-19,21,4.1,1,0.0,0,Resolved,1.1,
BPS-04794,Motor Registry,Roadworthy Certificate,Post,Lobatse,MTR-009,2024-01-02,2024-01-05,5,3.6,1,0.0,0,Resolved,1.0,5.0
BPS-04369,Motor Registry,Roadworthy Certificate,In-Person,Serowe,MTR-001,2022-11-21,2022-11-22,5,1.0,1,0.0,0,Resolved,1.0,
BPS-02777,Social Welfare,Social Grant,In-Person,Gaborone,SWL-002,2022-10-13,2022-10-31,21,18.1,1,0.0,0,Resolved,1.0,3.7
BPS-02971,Social Welfare,Old Age Pension,Digital,Molepolole,SWL-004,2023-04-29,2023-05-01,21,2.6,1,0.0,0,Resolved,1.1,4.2
BPS-03868,Works,Asset Management,In-Person,Lobatse,WRK-001,2022-11-06,2022-11-30,14,24.5,0,10.5,0,Resolved,1.1,2.8
BPS-01744,Police,Protection Service,Digital,Molepolole,POL-007,2023-04-27,2023-05-02,5,5.6,0,0.6,0,Resolved,1.3,
BPS-03949,Works,Infrastructure Defect,Digital,Maun,WRK-005,2024-04-24,2024-05-03,14,9.5,1,0.0,0,Resolved,1.2,
BPS-03803,Land Board,Land Certificate,In-Person,Lobatse,LBD-003,2024-08-03,2024-09-02,21,30.3,0,9.3,1,Resolved,1.2,
BPS-02025,BURS,Compliance Certificate,Post,Palapye,BRS-006,2022-01-24,2022-01-25,10,1.0,1,0.0,0,Resolved,0.85,
BPS-02275,BURS,VAT Filing,Digital,Francistown,BRS-008,2022-02-03,2022-02-07,10,4.3,1,0.0,0,Resolved,1.0,4.8
BPS-00100,Health,Specialist Referral,Post,Palapye,HLT-002,2022-08-29,2022-09-05,7,7.9,0,0.9,0,Resolved,1.2,2.5
BPS-04922,Motor Registry,Vehicle Licensing,In-Person,Palapye,MTR-014,2024-04-16,2024-04-18,5,2.7,1,0.0,0,Resolved,0.9,4.9
BPS-03408,Immigration,Work Permit,In-Person,Gaborone,IMG-003,2024-03-16,2024-04-17,30,32.7,0,2.7,0,Resolved,1.2,1.7
BPS-04246,Works,Infrastructure Defect,Digital,Kanye,WRK-007,2022-11-28,2022-12-02,14,4.6,1,0.0,0,Resolved,1.2,4.6
BPS-04620,Motor Registry,Vehicle Licensing,In-Person,Serowe,MTR-001,2025-01-22,2025-01-24,5,2.1,1,0.0,0,Resolved,0.9,5.0
BPS-04917,Motor Registry,Driver Licence,In-Person,Kanye,MTR-003,2023-05-09,2023-05-12,5,3.5,1,0.0,0,Resolved,0.95,5.0
BPS-00192,Health,Medical Certificate,Digital,Kanye,HLT-009,2024-03-26,2024-03-30,7,4.6,1,0.0,0,Resolved,0.8,4.6
BPS-04697,Motor Registry,Roadworthy Certificate,In-Person,Molepolole,MTR-003,2022-04-28,2022-05-01,5,3.0,1,0.0,0,Resolved,1.0,4.1
BPS-01785,Police,Document Request,In-Person,Lobatse,POL-005,2024-04-13,2024-04-19,5,6.1,0,1.1,0,Resolved,0.75,2.8
BPS-01533,Police,Clearance Certificate,Digital,Kanye,POL-010,2024-07-20,2024-07-24,5,4.0,1,0.0,0,Resolved,0.85,4.0
BPS-02835,Social Welfare,Social Grant,In-Person,Palapye,SWL-006,2022-07-22,2022-08-08,21,17.8,1,0.0,0,Resolved,1.0,3.0
BPS-04445,Motor Registry,Roadworthy Certificate,In-Person,Maun,MTR-015,2023-12-19,2023-12-20,5,1.0,1,0.0,0,Resolved,1.0,
BPS-04916,Motor Registry,Number Plate,Digital,Serowe,MTR-005,2022-02-19,2022-02-20,5,1.0,1,0.0,0,Resolved,0.8,
BPS-01599,Police,Protection Service,In-Person,Palapye,POL-005,2023-10-04,2023-10-07,5,3.9,1,0.0,0,Resolved,1.3,
BPS-01780,Police,Document Request,In-Person,Gaborone,POL-001,2024-07-16,2024-07-18,5,2.6,1,0.0,0,Resolved,0.75,
BPS-04901,Motor Registry,Number Plate,Digital,Gaborone,MTR-007,2022-11-25,2022-11-26,5,1.0,1,0.0,0,Resolved,0.8,5.0
BPS-02575,Social Welfare,Destitute Support,In-Person,Lobatse,SWL-005,2022-07-10,2022-08-27,21,48.3,0,27.3,0,Resolved,1.3,2.3
BPS-03399,Immigration,Permanent Residency,In-Person,Molepolole,IMG-005,2024-07-05,2024-09-08,30,65.6,0,35.6,0,Resolved,1.4,2.5
BPS-03976,Works,Utility Request,Phone,Maun,WRK-003,2023-05-01,2023-05-12,14,11.1,1,0.0,0,Resolved,0.9,4.2
BPS-03771,Land Board,Land Certificate,Digital,Maun,LBD-003,2022-05-31,2022-07-24,21,54.9,0,33.9,1,Resolved,1.2,1.1
BPS-00167,Health,Medical Certificate,Digital,Maun,HLT-010,2024-02-11,2024-02-16,7,5.2,1,0.0,0,Resolved,0.8,4.5
BPS-01752,Police,Protection Service,In-Person,Lobatse,POL-004,2023-10-31,2023-11-07,5,7.5,0,2.5,0,Resolved,1.3,
BPS-01480,Police,Case Registration,Post,Francistown,POL-003,2023-04-11,2023-04-17,5,6.4,0,1.4,1,Resolved,1.1,2.0
BPS-01025,Education,Teacher Posting,Digital,Francistown,EDU-004,2024-03-20,2024-04-08,14,19.5,0,5.5,0,Resolved,1.3,3.1
BPS-01789,Police,Document Request,Phone,Francistown,POL-007,2023-11-14,2023-11-17,5,3.2,1,0.0,0,Resolved,0.75,
BPS-02265,BURS,Assessment Dispute,Digital,Lobatse,BRS-003,2024-02-21,2024-03-03,10,11.1,0,1.1,1,Resolved,1.5,1.7
BPS-02474,BURS,Compliance Certificate,Phone,Francistown,BRS-009,2024-12-23,2024-12-26,10,3.0,1,0.0,0,Resolved,0.85,4.4
BPS-01823,Police,Protection Service,In-Person,Maun,POL-013,2023-03-10,2023-03-15,5,5.8,0,0.8,0,Resolved,1.3,2.8
BPS-01221,Education,School Admin,Digital,Lobatse,EDU-005,2022-06-25,2022-06-27,14,2.8,1,0.0,0,Resolved,0.8,5.0
BPS-01667,Police,Case Registration,Post,Francistown,POL-008,2024-10-25,2024-10-28,5,3.4,1,0.0,0,Resolved,1.1,4.2
BPS-02961,Social Welfare,Old Age Pension,In-Person,Francistown,SWL-008,2022-01-08,2022-01-22,21,14.0,1,0.0,0,Resolved,1.1,3.4
BPS-00153,Health,Facility Request,Phone,Serowe,HLT-006,2023-11-14,2023-11-18,7,4.2,1,0.0,0,Resolved,1.1,3.8
BPS-02535,Social Welfare,Orphan Welfare,Phone,Maun,SWL-008,2023-09-15,2023-10-01,21,16.1,1,0.0,0,Resolved,1.2,3.9
BPS-04689,Motor Registry,Driver Licence,In-Person,Lobatse,MTR-013,2024-01-17,2024-01-20,5,3.1,1,0.0,0,Resolved,0.95,4.2
BPS-01979,Police,Document Request,In-Person,Kanye,POL-002,2022-11-30,2022-12-03,5,3.9,1,0.0,0,Resolved,0.75,3.7
BPS-01470,Police,Protection Service,In-Person,Maun,POL-005,2023-10-24,2023-10-30,5,6.1,0,1.1,0,Resolved,1.3,2.3
BPS-02808,Social Welfare,Old Age Pension,In-Person,Maun,SWL-006,2024-08-24,2024-09-07,21,14.1,1,0.0,0,Resolved,1.1,3.4
BPS-02513,Social Welfare,Destitute Support,In-Person,Lobatse,SWL-007,2022-10-06,2022-11-05,21,30.1,0,9.1,0,Resolved,1.3,
BPS-02944,Social Welfare,Social Grant,Post,Francistown,SWL-008,2024-02-10,2024-03-01,21,20.2,1,0.0,0,Resolved,1.0,4.1
BPS-02981,Social Welfare,Old Age Pension,Digital,Serowe,SWL-003,2022-02-06,2022-02-22,21,16.6,1,0.0,0,Resolved,1.1,
BPS-04823,Motor Registry,Number Plate,Phone,Molepolole,MTR-013,2023-10-05,2023-10-07,5,2.0,1,0.0,0,Resolved,0.8,
BPS-03018,Social Welfare,Old Age Pension,Digital,Molepolole,SWL-004,2024-02-02,2024-02-03,21,1.0,1,0.0,0,Resolved,1.1,4.7
BPS-01567,Police,Protection Service,In-Person,Kanye,POL-004,2022-11-17,2022-11-21,5,4.4,1,0.0,0,Resolved,1.3,3.1
BPS-00032,Health,Medical Certificate,Digital,Kanye,HLT-007,2023-06-19,2023-06-26,7,7.0,1,0.0,0,Resolved,0.8,
BPS-00938,Education,Student Enrollment,In-Person,Francistown,EDU-009,2022-10-19,2022-11-01,14,13.1,1,0.0,0,Resolved,0.9,4.4
BPS-01216,Education,School Admin,In-Person,Francistown,EDU-005,2022-04-19,2022-05-02,14,13.6,1,0.0,0,Resolved,0.8,4.1
BPS-01938,Police,Protection Service,Post,Kanye,POL-009,2022-02-02,2022-02-09,5,7.1,0,2.1,0,Resolved,1.3,2.2
BPS-01130,Education,School Admin,In-Person,Lobatse,EDU-001,2022-11-27,2022-12-08,14,11.0,1,0.0,0,Resolved,0.8,4.5
BPS-00310,Health,Patient Query,In-Person,Lobatse,HLT-004,2022-12-11,2022-12-15,7,4.2,1,0.0,0,Resolved,0.7,3.5
BPS-04902,Motor Registry,Number Plate,Post,Molepolole,MTR-004,2024-10-28,2024-10-30,5,2.3,1,0.0,0,Resolved,0.8,4.9
BPS-02169,BURS,VAT Filing,Digital,Maun,BRS-011,2022-01-27,2022-02-02,10,6.1,1,0.0,0,Resolved,1.0,4.9
BPS-03114,Immigration,Border Documentation,In-Person,Maun,IMG-004,2024-03-05,2024-03-19,30,14.1,1,0.0,0,Resolved,0.9,3.9
BPS-00496,Health,Facility Request,Phone,Maun,HLT-001,2024-06-19,2024-06-26,7,7.9,0,0.9,0,Resolved,1.1,
BPS-00206,Health,Facility Request,In-Person,Gaborone,HLT-002,2022-11-20,2022-11-22,7,2.7,1,0.0,0,Resolved,1.1,
BPS-02674,Social Welfare,Old Age Pension,Phone,Kanye,SWL-008,2024-08-15,2024-08-29,21,14.0,1,0.0,0,Resolved,1.1,3.3
BPS-03358,Immigration,Border Documentation,In-Person,Gaborone,IMG-002,2022-03-08,2022-03-15,30,7.4,1,0.0,0,Resolved,0.9,3.9
BPS-03831,Land Board,Land Certificate,Digital,Maun,LBD-005,2023-06-07,2023-07-14,21,37.1,0,16.1,1,Resolved,1.2,2.0
BPS-00306,Health,Medical Certificate,In-Person,Molepolole,HLT-003,2024-05-06,2024-05-10,7,4.2,1,0.0,0,Resolved,0.8,3.7
BPS-03794,Land Board,Land Allocation,Phone,Gaborone,LBD-004,2024-02-07,2024-04-06,21,59.4,0,38.4,1,Resolved,1.5,1.4
BPS-02202,BURS,Assessment Dispute,Digital,Molepolole,BRS-003,2024-11-01,2024-11-09,10,8.0,1,0.0,0,Resolved,1.5,4.2
BPS-01062,Education,Student Enrollment,In-Person,Gaborone,EDU-004,2024-05-20,2024-05-21,14,1.0,1,0.0,0,Resolved,0.9,
BPS-00844,Education,Scholarship Application,Phone,Kanye,EDU-003,2022-07-16,2022-08-02,14,17.2,0,3.2,0,Resolved,1.4,2.4
BPS-03873,Works,Property Maintenance,Phone,Serowe,WRK-003,2023-02-23,2023-03-01,14,6.5,1,0.0,0,Resolved,1.0,
BPS-02252,BURS,Compliance Certificate,In-Person,Maun,BRS-009,2022-10-27,2022-11-07,10,11.6,0,1.6,0,Resolved,0.85,
BPS-00212,Health,Patient Query,Digital,Kanye,HLT-007,2022-04-03,2022-04-06,7,3.7,1,0.0,0,Resolved,0.7,
BPS-03998,Works,Asset Management,Phone,Serowe,WRK-004,2023-01-10,2023-01-19,14,9.7,1,0.0,0,Resolved,1.1,4.0
BPS-00680,Health,Medical Certificate,In-Person,Maun,HLT-002,2022-11-12,2022-11-20,7,8.9,0,1.9,0,Resolved,0.8,2.1
BPS-00566,Health,Patient Query,Phone,Serowe,HLT-008,2022-02-13,2022-02-15,7,2.8,1,0.0,0,Resolved,0.7,
BPS-03291,Immigration,Work Permit,In-Person,Kanye,IMG-001,2022-06-10,2022-07-26,30,46.9,0,16.9,0,Resolved,1.2,2.0
BPS-04355,Motor Registry,Vehicle Licensing,Post,Serowe,MTR-009,2024-10-29,2024-11-01,5,3.5,1,0.0,0,Resolved,0.9,3.7
BPS-00681,Health,Facility Request,Digital,Serowe,HLT-003,2023-12-08,2023-12-15,7,7.2,0,0.2,0,Resolved,1.1,
BPS-00181,Health,Patient Query,In-Person,Kanye,HLT-006,2022-12-25,2022-12-31,7,6.4,1,0.0,0,Resolved,0.7,3.5
BPS-04280,Works,Property Maintenance,Post,Molepolole,WRK-001,2024-03-12,2024-03-29,14,17.1,0,3.1,0,Resolved,1.0,2.4
BPS-02496,BURS,Assessment Dispute,Phone,Francistown,BRS-007,2022-01-10,2022-01-24,10,14.6,0,4.6,1,Resolved,1.5,
BPS-02317,BURS,Compliance Certificate,Digital,Serowe,BRS-004,2024-09-17,2024-09-22,10,5.2,1,0.0,0,Resolved,0.85,4.9
BPS-04274,Works,Asset Management,In-Person,Serowe,WRK-001,2024-05-17,2024-05-23,14,6.5,1,0.0,0,Resolved,1.1,3.8
BPS-00279,Health,Medical Certificate,Digital,Gaborone,HLT-006,2022-07-20,2022-07-21,7,1.8,1,0.0,0,Resolved,0.8,4.6
BPS-03684,Land Board,Land Allocation,In-Person,Gaborone,LBD-004,2022-07-16,2022-10-29,21,105.4,0,84.4,1,Resolved,1.5,1.0
BPS-04763,Motor Registry,Driver Licence,In-Person,Francistown,MTR-001,2023-04-04,2023-04-09,5,5.0,1,0.0,0,Resolved,0.95,
BPS-00433,Health,Patient Query,In-Person,Francistown,HLT-001,2022-12-24,2022-12-29,7,5.1,1,0.0,0,Resolved,0.7,3.4
BPS-00290,Health,Facility Request,Post,Kanye,HLT-004,2024-02-10,2024-02-15,7,5.6,1,0.0,0,Resolved,1.1,4.7
BPS-01028,Education,Teacher Posting,In-Person,Gaborone,EDU-007,2023-11-14,2023-11-30,14,16.6,0,2.6,0,Resolved,1.3,3.3
BPS-00536,Health,Specialist Referral,Post,Kanye,HLT-011,2024-09-23,2024-10-02,7,9.1,0,2.1,0,Resolved,1.2,3.2
BPS-03632,Land Board,Land Allocation,In-Person,Francistown,LBD-006,2024-07-04,2024-08-28,21,55.6,0,34.6,1,Resolved,1.5,1.4
BPS-00189,Health,Medical Certificate,Digital,Kanye,HLT-007,2024-11-16,2024-11-18,7,2.5,1,0.0,0,Resolved,0.8,3.7
BPS-02175,BURS,Tax Registration,In-Person,Francistown,BRS-011,2024-08-19,2024-08-23,10,4.1,1,0.0,0,Resolved,0.9,
BPS-03916,Works,Utility Request,Phone,Kanye,WRK-003,2022-10-24,2022-11-03,14,10.3,1,0.0,0,Resolved,0.9,3.0
BPS-01863,Police,Document Request,Phone,Francistown,POL-010,2024-04-30,2024-05-05,5,5.7,0,0.7,0,Resolved,0.75,2.2
BPS-00271,Health,Specialist Referral,In-Person,Maun,HLT-002,2023-05-09,2023-05-22,7,13.1,0,6.1,0,Resolved,1.2,3.2
BPS-01729,Police,Document Request,In-Person,Serowe,POL-009,2024-12-03,2024-12-05,5,2.9,1,0.0,0,Resolved,0.75,4.2
BPS-04076,Works,Infrastructure Defect,Digital,Palapye,WRK-003,2023-03-03,2023-03-15,14,12.9,1,0.0,0,Resolved,1.2,
BPS-02158,BURS,Compliance Certificate,Post,Maun,BRS-001,2022-01-03,2022-01-10,10,7.8,1,0.0,0,Resolved,0.85,4.1
BPS-03932,Works,Property Maintenance,Phone,Francistown,WRK-001,2024-12-10,2024-12-28,14,18.8,0,4.8,0,Resolved,1.0,2.0
BPS-00112,Health,Specialist Referral,In-Person,Molepolole,HLT-002,2023-05-09,2023-05-15,7,6.0,1,0.0,0,Resolved,1.2,
BPS-02385,BURS,VAT Filing,In-Person,Palapye,BRS-012,2023-02-28,2023-03-06,10,6.5,1,0.0,0,Resolved,1.0,4.7
BPS-00221,Health,Facility Request,In-Person,Molepolole,HLT-003,2023-02-22,2023-03-07,7,13.0,0,6.0,0,Resolved,1.1,3.1
BPS-00628,Health,Patient Query,In-Person,Gaborone,HLT-002,2022-08-12,2022-08-15,7,3.5,1,0.0,0,Resolved,0.7,4.1
BPS-01182,Education,School Admin,In-Person,Lobatse,EDU-001,2022-02-06,2022-02-19,14,13.0,1,0.0,0,Resolved,0.8,3.5
BPS-03382,Immigration,Permanent Residency,In-Person,Serowe,IMG-001,2023-06-21,2023-08-12,30,52.5,0,22.5,0,Resolved,1.4,2.3
BPS-02423,BURS,Tax Registration,In-Person,Serowe,BRS-005,2024-04-13,2024-04-22,10,9.2,1,0.0,0,Resolved,0.9,4.6
BPS-00791,Health,Patient Query,In-Person,Gaborone,HLT-010,2023-11-30,2023-12-04,7,4.5,1,0.0,0,Resolved,0.7,4.3
BPS-04276,Works,Utility Request,Phone,Palapye,WRK-001,2023-05-10,2023-05-19,14,9.7,1,0.0,0,Resolved,0.9,
BPS-00462,Health,Facility Request,Phone,Kanye,HLT-011,2025-01-24,2025-01-30,7,6.2,1,0.0,0,Resolved,1.1,3.7
BPS-04403,Motor Registry,Vehicle Licensing,In-Person,Serowe,MTR-007,2022-09-20,2022-09-21,5,1.4,1,0.0,0,Resolved,0.9,4.8
BPS-00552,Health,Facility Request,Phone,Lobatse,HLT-004,2022-06-12,2022-06-17,7,5.0,1,0.0,0,Resolved,1.1,4.1
BPS-03130,Immigration,Permanent Residency,Digital,Molepolole,IMG-003,2023-12-04,2023-12-27,30,23.7,1,0.0,0,Resolved,1.4,
BPS-01445,Education,Scholarship Application,Digital,Gaborone,EDU-005,2022-10-15,2022-10-28,14,13.1,1,0.0,0,Resolved,1.4,4.3
BPS-00199,Health,Facility Request,Phone,Francistown,HLT-010,2022-09-14,2022-09-21,7,7.7,0,0.7,0,Resolved,1.1,2.6
BPS-02590,Social Welfare,Social Grant,Digital,Kanye,SWL-002,2023-09-01,2023-09-13,21,12.7,1,0.0,0,Resolved,1.0,3.9
BPS-00403,Health,Specialist Referral,In-Person,Kanye,HLT-001,2023-02-12,2023-02-19,7,7.2,0,0.2,0,Resolved,1.2,3.4
BPS-03960,Works,Utility Request,In-Person,Francistown,WRK-003,2022-03-23,2022-04-03,14,11.5,1,0.0,0,Resolved,0.9,3.9
BPS-04190,Works,Utility Request,In-Person,Maun,WRK-003,2022-02-22,2022-03-06,14,12.4,1,0.0,0,Resolved,0.9,4.2
BPS-04764,Motor Registry,Vehicle Licensing,In-Person,Gaborone,MTR-011,2024-03-04,2024-03-06,5,2.9,1,0.0,0,Resolved,0.9,
BPS-02096,BURS,VAT Filing,Post,Palapye,BRS-001,2025-01-14,2025-01-23,10,9.3,1,0.0,0,Resolved,1.0,4.6
BPS-02901,Social Welfare,Old Age Pension,Phone,Gaborone,SWL-003,2022-07-13,2022-07-31,21,18.4,1,0.0,0,Resolved,1.1,3.9
BPS-04463,Motor Registry,Vehicle Licensing,Digital,Palapye,MTR-009,2023-07-01,2023-07-03,5,2.3,1,0.0,0,Resolved,0.9,
BPS-00651,Health,Medical Certificate,In-Person,Palapye,HLT-006,2022-04-14,2022-04-24,7,10.2,0,3.2,0,Resolved,0.8,
BPS-00709,Health,Facility Request,In-Person,Maun,HLT-006,2024-06-17,2024-06-18,7,1.2,1,0.0,0,Resolved,1.1,
BPS-01481,Police,Clearance Certificate,Phone,Palapye,POL-005,2024-06-12,2024-06-14,5,2.1,1,0.0,0,Resolved,0.85,3.6
BPS-04415,Motor Registry,Roadworthy Certificate,In-Person,Francistown,MTR-014,2023-05-24,2023-05-26,5,2.5,1,0.0,0,Resolved,1.0,5.0
BPS-03066,Social Welfare,Old Age Pension,In-Person,Lobatse,SWL-002,2024-10-07,2024-10-30,21,23.9,0,2.9,0,Resolved,1.1,
BPS-02396,BURS,VAT Filing,In-Person,Gaborone,BRS-004,2023-06-25,2023-06-28,10,3.7,1,0.0,0,Resolved,1.0,4.5
BPS-01770,Police,Clearance Certificate,In-Person,Francistown,POL-007,2023-11-05,2023-11-08,5,3.0,1,0.0,0,Resolved,0.85,
BPS-00315,Health,Medical Certificate,Digital,Lobatse,HLT-009,2025-01-08,2025-01-15,7,7.0,1,0.0,0,Resolved,0.8,5.0
BPS-03762,Land Board,Consent to Transfer,In-Person,Maun,LBD-005,2022-09-04,2022-11-05,21,62.9,0,41.9,1,Resolved,1.3,1.0
BPS-04910,Motor Registry,Driver Licence,In-Person,Francistown,MTR-005,2024-07-23,2024-07-25,5,2.9,1,0.0,0,Resolved,0.95,
BPS-00114,Health,Facility Request,Post,Lobatse,HLT-010,2024-05-18,2024-06-05,7,18.3,0,11.3,1,Resolved,1.1,1.8
BPS-00961,Education,School Admin,Digital,Francistown,EDU-005,2022-12-18,2022-12-27,14,9.1,1,0.0,0,Resolved,0.8,
BPS-02911,Social Welfare,Social Grant,In-Person,Lobatse,SWL-001,2023-12-08,2023-12-24,21,16.0,1,0.0,0,Resolved,1.0,3.6
BPS-03406,Immigration,Citizenship Application,In-Person,Francistown,IMG-002,2024-09-13,2024-09-19,30,6.8,1,0.0,0,Resolved,1.6,3.3
BPS-01624,Police,Case Registration,Phone,Maun,POL-003,2022-07-29,2022-07-30,5,1.0,1,0.0,0,Resolved,1.1,
BPS-03323,Immigration,Permanent Residency,In-Person,Serowe,IMG-007,2024-04-04,2024-04-21,30,17.4,1,0.0,0,Resolved,1.4,
BPS-05000,Motor Registry,Vehicle Licensing,Post,Francistown,MTR-012,2024-05-05,2024-05-07,5,2.5,1,0.0,0,Resolved,0.9,5.0
BPS-01819,Police,Clearance Certificate,In-Person,Gaborone,POL-002,2023-07-18,2023-07-21,5,3.9,1,0.0,0,Resolved,0.85,
BPS-03195,Immigration,Border Documentation,Digital,Maun,IMG-006,2024-10-23,2024-10-30,30,7.8,1,0.0,0,Resolved,0.9,3.9
BPS-03008,Social Welfare,Destitute Support,Post,Francistown,SWL-003,2023-10-13,2023-10-25,21,12.4,1,0.0,0,Resolved,1.3,3.4
BPS-03415,Immigration,Work Permit,In-Person,Maun,IMG-006,2023-01-31,2023-02-25,30,25.0,1,0.0,0,Resolved,1.2,3.4
BPS-04529,Motor Registry,Vehicle Licensing,In-Person,Palapye,MTR-008,2022-06-03,2022-06-04,5,1.5,1,0.0,0,Resolved,0.9,
BPS-01898,Police,Document Request,In-Person,Palapye,POL-008,2024-06-25,2024-06-29,5,4.7,1,0.0,0,Resolved,0.75,
BPS-01919,Police,Clearance Certificate,In-Person,Palapye,POL-007,2022-03-22,2022-03-24,5,2.1,1,0.0,0,Resolved,0.85,3.7
BPS-01271,Education,Teacher Posting,Phone,Kanye,EDU-005,2024-03-19,2024-04-08,14,20.0,0,6.0,0,Resolved,1.3,2.9
BPS-04177,Works,Infrastructure Defect,In-Person,Maun,WRK-002,2023-02-24,2023-03-11,14,15.8,0,1.8,0,Resolved,1.2,
BPS-04963,Motor Registry,Driver Licence,Digital,Francistown,MTR-002,2022-05-27,2022-05-29,5,2.2,1,0.0,0,Resolved,0.95,
BPS-04884,Motor Registry,Vehicle Licensing,In-Person,Gaborone,MTR-006,2022-08-28,2022-08-31,5,3.3,1,0.0,0,Resolved,0.9,5.0
BPS-04095,Works,Utility Request,Phone,Kanye,WRK-007,2024-08-28,2024-09-12,14,15.2,0,1.2,0,Resolved,0.9,2.1
BPS-03160,Immigration,Work Permit,In-Person,Francistown,IMG-003,2023-08-28,2023-10-01,30,34.1,0,4.1,0,Resolved,1.2,2.9
BPS-01814,Police,Protection Service,Digital,Serowe,POL-004,2023-03-24,2023-03-29,5,5.3,0,0.3,1,Resolved,1.3,2.5
BPS-02427,BURS,VAT Filing,In-Person,Kanye,BRS-011,2023-10-09,2023-10-21,10,12.0,0,2.0,0,Resolved,1.0,
BPS-03951,Works,Asset Management,Digital,Molepolole,WRK-007,2024-04-05,2024-04-16,14,11.3,1,0.0,0,Resolved,1.1,
BPS-04429,Motor Registry,Vehicle Licensing,Post,Kanye,MTR-007,2024-09-04,2024-09-07,5,3.0,1,0.0,0,Resolved,0.9,
BPS-02143,BURS,VAT Filing,Post,Kanye,BRS-006,2023-05-14,2023-05-26,10,12.2,0,2.2,0,Resolved,1.0,
BPS-01627,Police,Document Request,In-Person,Gaborone,POL-001,2022-04-18,2022-04-19,5,1.5,1,0.0,0,Resolved,0.75,3.4
BPS-00790,Health,Patient Query,In-Person,Kanye,HLT-007,2023-08-06,2023-08-07,7,1.0,1,0.0,0,Resolved,0.7,
BPS-03787,Land Board,Land Use Approval,Phone,Kanye,LBD-001,2024-08-29,2024-11-15,21,78.0,0,57.0,1,Resolved,1.6,1.5
BPS-01865,Police,Document Request,In-Person,Serowe,POL-005,2023-04-19,2023-04-23,5,4.2,1,0.0,0,Resolved,0.75,4.2
BPS-02866,Social Welfare,Orphan Welfare,Digital,Gaborone,SWL-005,2025-01-20,2025-02-02,21,13.5,1,0.0,0,Resolved,1.2,3.7
BPS-00872,Education,Student Enrollment,Phone,Molepolole,EDU-008,2022-01-14,2022-01-20,14,6.5,1,0.0,0,Resolved,0.9,4.8
BPS-03272,Immigration,Border Documentation,In-Person,Maun,IMG-005,2024-04-19,2024-05-06,30,17.0,1,0.0,0,Resolved,0.9,3.1
BPS-03834,Land Board,Land Certificate,In-Person,Palapye,LBD-004,2024-10-06,2024-11-02,21,27.0,0,6.0,1,Resolved,1.2,1.6
BPS-00074,Health,Facility Request,In-Person,Lobatse,HLT-010,2023-10-23,2023-11-05,7,13.1,0,6.1,1,Resolved,1.1,1.6
BPS-01753,Police,Case Registration,Digital,Maun,POL-002,2022-08-09,2022-08-11,5,2.7,1,0.0,0,Resolved,1.1,4.2
BPS-01422,Education,Scholarship Application,Digital,Serowe,EDU-002,2024-01-01,2024-01-15,14,14.7,0,0.7,0,Resolved,1.4,
BPS-04222,Works,Property Maintenance,In-Person,Lobatse,WRK-007,2023-05-04,2023-05-21,14,17.0,0,3.0,0,Resolved,1.0,2.0
BPS-04694,Motor Registry,Number Plate,In-Person,Gaborone,MTR-011,2022-08-21,2022-08-24,5,3.2,1,0.0,0,Resolved,0.8,
BPS-04370,Motor Registry,Roadworthy Certificate,Phone,Lobatse,MTR-001,2024-07-03,2024-07-04,5,1.4,1,0.0,0,Resolved,1.0,4.6
BPS-04576,Motor Registry,Number Plate,In-Person,Francistown,MTR-015,2022-06-16,2022-06-19,5,3.6,1,0.0,0,Resolved,0.8,4.6
BPS-03810,Land Board,Land Allocation,In-Person,Gaborone,LBD-001,2024-04-08,2024-07-11,21,94.9,0,73.9,1,Resolved,1.5,1.0
BPS-02245,BURS,Compliance Certificate,In-Person,Kanye,BRS-011,2022-10-09,2022-10-19,10,10.8,0,0.8,0,Resolved,0.85,
BPS-03048,Social Welfare,Destitute Support,In-Person,Palapye,SWL-004,2023-04-12,2023-05-02,21,20.0,1,0.0,0,Resolved,1.3,3.9
BPS-02446,BURS,Compliance Certificate,In-Person,Francistown,BRS-002,2023-10-14,2023-10-22,10,8.8,1,0.0,0,Resolved,0.85,4.5
BPS-00495,Health,Medical Certificate,Digital,Serowe,HLT-007,2024-11-23,2024-11-27,7,4.5,1,0.0,0,Resolved,0.8,4.7
BPS-03131,Immigration,Work Permit,In-Person,Serowe,IMG-002,2023-04-20,2023-05-21,30,31.5,0,1.5,0,Resolved,1.2,2.2
BPS-04322,Motor Registry,Roadworthy Certificate,Phone,Serowe,MTR-014,2024-04-15,2024-04-17,5,2.2,1,0.0,0,Resolved,1.0,4.9
BPS-04398,Motor Registry,Roadworthy Certificate,Digital,Francistown,MTR-010,2023-04-20,2023-04-21,5,1.9,1,0.0,0,Resolved,1.0,
BPS-01165,Education,Teacher Posting,Digital,Francistown,EDU-002,2024-07-29,2024-08-13,14,15.1,0,1.1,1,Resolved,1.3,2.5
BPS-03735,Land Board,Consent to Transfer,In-Person,Serowe,LBD-001,2022-09-01,2022-11-20,21,80.4,0,59.4,1,Resolved,1.3,1.1
BPS-01731,Police,Protection Service,In-Person,Gaborone,POL-009,2025-01-27,2025-01-31,5,4.7,1,0.0,0,Resolved,1.3,
BPS-04813,Motor Registry,Roadworthy Certificate,Digital,Molepolole,MTR-007,2024-06-05,2024-06-07,5,2.1,1,0.0,0,Resolved,1.0,
BPS-02403,BURS,Tax Registration,Digital,Palapye,BRS-004,2024-06-26,2024-06-29,10,3.4,1,0.0,0,Resolved,0.9,4.2
BPS-03404,Immigration,Border Documentation,Digital,Serowe,IMG-002,2023-12-16,2024-01-01,30,16.7,1,0.0,0,Resolved,0.9,3.5
BPS-00619,Health,Facility Request,In-Person,Francistown,HLT-009,2023-01-04,2023-01-12,7,8.8,0,1.8,0,Resolved,1.1,
BPS-01698,Police,Case Registration,In-Person,Lobatse,POL-002,2022-08-09,2022-08-11,5,2.4,1,0.0,0,Resolved,1.1,3.8
BPS-03594,Land Board,Land Certificate,Digital,Gaborone,LBD-002,2025-01-21,2025-02-08,21,18.2,1,0.0,0,Resolved,1.2,2.8
BPS-01958,Police,Document Request,In-Person,Serowe,POL-002,2022-12-21,2022-12-28,5,7.4,0,2.4,1,Resolved,0.75,
BPS-01222,Education,Teacher Posting,In-Person,Francistown,EDU-007,2022-10-11,2022-10-26,14,15.2,0,1.2,0,Resolved,1.3,2.7
BPS-02074,BURS,Compliance Certificate,Digital,Kanye,BRS-004,2025-01-21,2025-01-25,10,4.7,1,0.0,0,Resolved,0.85,4.5
BPS-03411,Immigration,Permanent Residency,Digital,Francistown,IMG-004,2025-01-12,2025-02-02,30,21.0,1,0.0,0,Resolved,1.4,3.8
BPS-00870,Education,Student Enrollment,Post,Gaborone,EDU-002,2024-11-04,2024-11-28,14,24.2,0,10.2,0,Resolved,0.9,3.1
BPS-02719,Social Welfare,Old Age Pension,In-Person,Molepolole,SWL-007,2022-09-29,2022-10-15,21,16.5,1,0.0,0,Resolved,1.1,3.7
BPS-01043,Education,School Admin,Phone,Gaborone,EDU-002,2022-09-21,2022-10-01,14,10.5,1,0.0,0,Resolved,0.8,
BPS-01362,Education,Teacher Posting,In-Person,Kanye,EDU-008,2024-02-02,2024-02-19,14,17.0,0,3.0,0,Resolved,1.3,2.6
BPS-00357,Health,Specialist Referral,Post,Gaborone,HLT-007,2023-09-05,2023-09-14,7,9.0,0,2.0,1,Resolved,1.2,3.4
BPS-01163,Education,Student Enrollment,Digital,Maun,EDU-001,2024-07-18,2024-07-20,14,2.2,1,0.0,0,Resolved,0.9,
BPS-02766,Social Welfare,Old Age Pension,Digital,Francistown,SWL-003,2023-11-10,2023-11-26,21,16.3,1,0.0,0,Resolved,1.1,3.7
BPS-03253,Immigration,Permanent Residency,Digital,Lobatse,IMG-007,2023-01-29,2023-03-01,30,31.0,0,1.0,1,Resolved,1.4,1.5
BPS-01439,Education,Scholarship Application,In-Person,Serowe,EDU-004,2023-06-09,2023-06-27,14,18.9,0,4.9,0,Resolved,1.4,3.2
BPS-03604,Land Board,Land Allocation,Post,Molepolole,LBD-005,2023-02-26,2023-05-26,21,89.6,0,68.6,1,Resolved,1.5,
BPS-04941,Motor Registry,Number Plate,Phone,Francistown,MTR-002,2024-10-10,2024-10-13,5,3.8,1,0.0,0,Resolved,0.8,5.0
BPS-04594,Motor Registry,Vehicle Licensing,In-Person,Molepolole,MTR-012,2023-11-25,2023-11-26,5,1.0,1,0.0,0,Resolved,0.9,4.6
BPS-03640,Land Board,Land Allocation,Phone,Gaborone,LBD-004,2024-12-04,2025-02-18,21,76.5,0,55.5,0,Resolved,1.5,1.3
BPS-01254,Education,Student Enrollment,In-Person,Serowe,EDU-008,2023-12-19,2023-12-30,14,11.1,1,0.0,0,Resolved,0.9,4.2
BPS-03366,Immigration,Permanent Residency,In-Person,Gaborone,IMG-002,2022-02-26,2022-04-29,30,62.1,0,32.1,1,Resolved,1.4,
BPS-00333,Health,Medical Certificate,Post,Maun,HLT-006,2024-03-03,2024-03-10,7,7.3,0,0.3,0,Resolved,0.8,2.3
BPS-03695,Land Board,Land Use Approval,Digital,Francistown,LBD-002,2023-01-18,2023-03-31,21,72.3,0,51.3,1,Resolved,1.6,1.0
BPS-03569,Land Board,Land Use Approval,In-Person,Kanye,LBD-004,2024-02-18,2024-05-12,21,84.6,0,63.6,1,Resolved,1.6,1.0
BPS-02729,Social Welfare,Social Grant,Digital,Palapye,SWL-008,2024-09-24,2024-10-03,21,9.6,1,0.0,0,Resolved,1.0,4.2
BPS-03668,Land Board,Land Allocation,In-Person,Molepolole,LBD-004,2025-01-11,,21,87.0,0,66.0,1,Pending,1.5,
BPS-01631,Police,Document Request,Digital,Maun,POL-014,2024-03-24,2024-03-27,5,3.0,1,0.0,0,Resolved,0.75,4.7
BPS-01117,Education,Teacher Posting,In-Person,Molepolole,EDU-001,2024-02-01,2024-03-01,14,29.5,0,15.5,0,Resolved,1.3,2.9
BPS-01850,Police,Protection Service,In-Person,Kanye,POL-013,2023-08-19,2023-08-25,5,6.8,0,1.8,0,Resolved,1.3,
BPS-03555,Land Board,Consent to Transfer,In-Person,Maun,LBD-001,2024-12-07,2024-12-27,21,20.9,1,0.0,0,Resolved,1.3,2.8
BPS-03154,Immigration,Citizenship Application,In-Person,Maun,IMG-003,2022-09-10,2022-10-16,30,36.5,0,6.5,0,Resolved,1.6,2.3
BPS-03266,Immigration,Permanent Residency,Phone,Palapye,IMG-002,2022-04-16,2022-06-08,30,53.7,0,23.7,0,Resolved,1.4,2.4
BPS-01666,Police,Protection Service,In-Person,Francistown,POL-007,2022-01-22,2022-01-26,5,4.9,1,0.0,0,Resolved,1.3,3.4
BPS-00446,Health,Specialist Referral,Digital,Kanye,HLT-008,2024-01-15,2024-01-22,7,7.7,0,0.7,0,Resolved,1.2,2.3
BPS-02246,BURS,Assessment Dispute,Digital,Gaborone,BRS-012,2023-01-03,2023-01-11,10,8.6,1,0.0,0,Resolved,1.5,4.6
BPS-00453,Health,Facility Request,In-Person,Serowe,HLT-010,2023-07-15,2023-07-17,7,2.8,1,0.0,0,Resolved,1.1,4.2
BPS-01552,Police,Case Registration,In-Person,Kanye,POL-010,2024-06-16,2024-06-20,5,4.1,1,0.0,0,Resolved,1.1,3.5
BPS-04435,Motor Registry,Roadworthy Certificate,In-Person,Francistown,MTR-012,2023-07-09,2023-07-11,5,2.2,1,0.0,0,Resolved,1.0,
BPS-02955,Social Welfare,Destitute Support,Post,Maun,SWL-008,2024-04-14,2024-05-02,21,18.3,1,0.0,0,Resolved,1.3,3.8
BPS-00015,Health,Patient Query,Phone,Francistown,HLT-006,2023-08-25,2023-08-26,7,1.0,1,0.0,0,Resolved,0.7,4.2
BPS-03629,Land Board,Land Allocation,Digital,Palapye,LBD-002,2023-11-09,2023-11-30,21,21.3,0,0.3,0,Resolved,1.5,
BPS-00946,Education,Scholarship Application,In-Person,Maun,EDU-008,2023-10-22,2023-10-31,14,9.1,1,0.0,0,Resolved,1.4,3.6
BPS-00248,Health,Facility Request,In-Person,Palapye,HLT-007,2024-02-13,2024-02-16,7,3.6,1,0.0,0,Resolved,1.1,4.4
BPS-04698,Motor Registry,Driver Licence,Phone,Francistown,MTR-002,2024-05-12,2024-05-16,5,4.3,1,0.0,0,Resolved,0.95,4.7
BPS-00361,Health,Specialist Referral,In-Person,Francistown,HLT-006,2022-03-29,2022-04-07,7,9.6,0,2.6,0,Resolved,1.2,2.7
BPS-04657,Motor Registry,Number Plate,Phone,Molepolole,MTR-001,2022-10-06,2022-10-07,5,1.3,1,0.0,0,Resolved,0.8,
BPS-01615,Police,Protection Service,Digital,Lobatse,POL-013,2023-10-18,2023-10-20,5,2.6,1,0.0,0,Resolved,1.3,4.2
BPS-02304,BURS,Assessment Dispute,Phone,Gaborone,BRS-011,2022-03-29,2022-04-10,10,12.3,0,2.3,0,Resolved,1.5,2.7
BPS-04142,Works,Utility Request,Digital,Francistown,WRK-006,2024-08-11,2024-08-24,14,13.0,1,0.0,0,Resolved,0.9,4.3
BPS-03169,Immigration,Work Permit,In-Person,Lobatse,IMG-001,2024-12-03,2024-12-31,30,28.2,1,0.0,0,Resolved,1.2,2.9
BPS-02479,BURS,Compliance Certificate,In-Person,Molepolole,BRS-010,2022-01-09,2022-01-12,10,3.2,1,0.0,0,Resolved,0.85,
BPS-04215,Works,Property Maintenance,Digital,Lobatse,WRK-009,2023-01-03,2023-01-13,14,10.2,1,0.0,0,Resolved,1.0,3.6
BPS-04181,Works,Property Maintenance,In-Person,Francistown,WRK-009,2022-08-20,2022-09-04,14,15.2,0,1.2,0,Resolved,1.0,1.4
BPS-04885,Motor Registry,Vehicle Licensing,Phone,Palapye,MTR-009,2023-12-09,2023-12-12,5,3.9,1,0.0,0,Resolved,0.9,
BPS-03164,Immigration,Permanent Residency,In-Person,Lobatse,IMG-006,2023-02-23,2023-03-25,30,30.4,0,0.4,0,Resolved,1.4,2.4
BPS-00491,Health,Specialist Referral,Digital,Kanye,HLT-008,2022-03-24,2022-03-29,7,5.4,1,0.0,0,Resolved,1.2,
BPS-00863,Education,Teacher Posting,In-Person,Serowe,EDU-008,2024-11-05,2024-11-29,14,24.4,0,10.4,0,Resolved,1.3,3.7
BPS-01741,Police,Document Request,In-Person,Molepolole,POL-007,2023-11-10,2023-11-12,5,2.8,1,0.0,0,Resolved,0.75,4.2
BPS-04100,Works,Property Maintenance,In-Person,Palapye,WRK-003,2023-04-21,2023-05-03,14,12.5,1,0.0,0,Resolved,1.0,3.5
BPS-04386,Motor Registry,Number Plate,Phone,Lobatse,MTR-003,2023-07-23,2023-07-24,5,1.9,1,0.0,0,Resolved,0.8,4.9
BPS-02448,BURS,Tax Registration,In-Person,Kanye,BRS-004,2023-05-05,2023-05-11,10,6.4,1,0.0,0,Resolved,0.9,4.6
BPS-04231,Works,Property Maintenance,In-Person,Maun,WRK-005,2023-06-12,2023-06-15,14,3.8,1,0.0,0,Resolved,1.0,
BPS-00507,Health,Medical Certificate,In-Person,Palapye,HLT-005,2023-04-22,2023-04-25,7,3.9,1,0.0,0,Resolved,0.8,3.9
BPS-02678,Social Welfare,Destitute Support,Digital,Kanye,SWL-007,2023-12-19,2023-12-24,21,5.8,1,0.0,0,Resolved,1.3,3.9
BPS-02996,Social Welfare,Destitute Support,In-Person,Lobatse,SWL-004,2022-12-19,2023-01-13,21,25.8,0,4.8,0,Resolved,1.3,2.1
BPS-01943,Police,Clearance Certificate,Phone,Francistown,POL-008,2023-05-03,2023-05-07,5,4.0,1,0.0,0,Resolved,0.85,3.5
BPS-01223,Education,Scholarship Application,In-Person,Palapye,EDU-007,2024-05-11,2024-06-01,14,21.2,0,7.2,0,Resolved,1.4,
BPS-01114,Education,Teacher Posting,In-Person,Serowe,EDU-007,2022-06-28,2022-07-15,14,17.9,0,3.9,0,Resolved,1.3,
BPS-01906,Police,Document Request,In-Person,Gaborone,POL-010,2022-12-12,2022-12-16,5,4.4,1,0.0,0,Resolved,0.75,
BPS-03424,Immigration,Work Permit,In-Person,Serowe,IMG-005,2024-08-02,2024-09-06,30,35.1,0,5.1,0,Resolved,1.2,1.9
BPS-01878,Police,Case Registration,Digital,Lobatse,POL-008,2022-12-06,2022-12-07,5,1.8,1,0.0,0,Resolved,1.1,4.5
BPS-04673,Motor Registry,Vehicle Licensing,Phone,Kanye,MTR-013,2024-10-21,2024-10-24,5,3.5,1,0.0,0,Resolved,0.9,
BPS-00434,Health,Patient Query,In-Person,Francistown,HLT-002,2022-04-04,2022-04-10,7,6.4,1,0.0,0,Resolved,0.7,4.0
BPS-02365,BURS,Tax Registration,In-Person,Palapye,BRS-011,2023-01-21,2023-01-25,10,4.8,1,0.0,0,Resolved,0.9,5.0
BPS-03155,Immigration,Citizenship Application,Digital,Palapye,IMG-006,2023-12-30,2024-01-19,30,20.1,1,0.0,0,Resolved,1.6,3.6
BPS-02836,Social Welfare,Destitute Support,In-Person,Francistown,SWL-003,2023-09-26,2023-10-18,21,22.6,0,1.6,0,Resolved,1.3,2.1
BPS-02093,BURS,Compliance Certificate,Phone,Kanye,BRS-001,2023-07-26,2023-08-05,10,10.2,0,0.2,0,Resolved,0.85,2.6
BPS-03011,Social Welfare,Old Age Pension,In-Person,Kanye,SWL-004,2022-06-01,2022-06-19,21,18.2,1,0.0,0,Resolved,1.1,
BPS-03163,Immigration,Permanent Residency,In-Person,Molepolole,IMG-007,2023-11-30,2024-01-01,30,32.6,0,2.6,1,Resolved,1.4,
BPS-02946,Social Welfare,Old Age Pension,In-Person,Gaborone,SWL-005,2022-02-05,2022-02-15,21,10.5,1,0.0,0,Resolved,1.1,
BPS-03917,Works,Property Maintenance,Digital,Molepolole,WRK-005,2022-09-10,2022-09-19,14,9.7,1,0.0,0,Resolved,1.0,
BPS-02917,Social Welfare,Orphan Welfare,Digital,Maun,SWL-005,2024-03-05,2024-03-20,21,15.0,1,0.0,0,Resolved,1.2,3.4
BPS-01103,Education,Teacher Posting,In-Person,Maun,EDU-008,2023-09-22,2023-10-18,14,26.9,0,12.9,1,Resolved,1.3,2.5
BPS-01449,Education,Scholarship Application,Phone,Lobatse,EDU-008,2023-11-15,2023-12-05,14,20.4,0,6.4,0,Resolved,1.4,2.3
BPS-01721,Police,Protection Service,Post,Kanye,POL-009,2024-04-09,2024-04-17,5,8.5,0,3.5,0,Resolved,1.3,2.1
BPS-04519,Motor Registry,Vehicle Licensing,In-Person,Maun,MTR-005,2024-10-30,2024-11-02,5,3.6,1,0.0,0,Resolved,0.9,4.4
BPS-03843,Land Board,Land Certificate,Phone,Francistown,LBD-002,2024-05-18,2024-07-30,21,73.7,0,52.7,1,Resolved,1.2,
BPS-00157,Health,Patient Query,Digital,Francistown,HLT-006,2023-09-28,2023-10-03,7,5.5,1,0.0,0,Resolved,0.7,4.3
BPS-02979,Social Welfare,Destitute Support,Phone,Molepolole,SWL-005,2022-03-22,2022-04-18,21,27.1,0,6.1,0,Resolved,1.3,
BPS-01774,Police,Document Request,Post,Palapye,POL-002,2023-11-23,2023-11-28,5,5.5,0,0.5,0,Resolved,0.75,3.1
BPS-00616,Health,Medical Certificate,Digital,Palapye,HLT-008,2022-03-28,2022-04-01,7,4.2,1,0.0,0,Resolved,0.8,4.1
BPS-00644,Health,Specialist Referral,Phone,Gaborone,HLT-008,2024-09-15,2024-09-17,7,2.3,1,0.0,0,Resolved,1.2,3.9
BPS-01936,Police,Clearance Certificate,Phone,Kanye,POL-004,2024-12-20,2024-12-21,5,1.0,1,0.0,0,Resolved,0.85,
BPS-04278,Works,Property Maintenance,In-Person,Kanye,WRK-005,2024-09-12,2024-09-19,14,7.7,1,0.0,0,Resolved,1.0,4.0
BPS-01069,Education,School Admin,In-Person,Gaborone,EDU-008,2022-11-15,2022-11-22,14,7.6,1,0.0,0,Resolved,0.8,3.8
BPS-04455,Motor Registry,Driver Licence,In-Person,Palapye,MTR-012,2023-04-09,2023-04-13,5,4.6,1,0.0,0,Resolved,0.95,5.0
BPS-04155,Works,Asset Management,In-Person,Maun,WRK-007,2023-12-31,2024-01-19,14,19.7,0,5.7,0,Resolved,1.1,2.5
BPS-04240,Works,Asset Management,In-Person,Maun,WRK-003,2024-02-17,2024-03-01,14,13.1,1,0.0,0,Resolved,1.1,4.3
BPS-04869,Motor Registry,Number Plate,Phone,Serowe,MTR-012,2024-03-01,2024-03-03,5,2.4,1,0.0,0,Resolved,0.8,4.8
BPS-00331,Health,Patient Query,Phone,Lobatse,HLT-001,2023-02-25,2023-02-27,7,2.7,1,0.0,0,Resolved,0.7,3.9
BPS-02058,BURS,Assessment Dispute,In-Person,Gaborone,BRS-001,2024-05-21,2024-06-07,10,17.1,0,7.1,1,Resolved,1.5,2.6
BPS-02647,Social Welfare,Orphan Welfare,Phone,Lobatse,SWL-005,2024-07-07,2024-07-23,21,16.5,1,0.0,0,Resolved,1.2,4.2
BPS-02192,BURS,Assessment Dispute,Post,Serowe,BRS-006,2024-06-13,2024-06-30,10,17.4,0,7.4,0,Resolved,1.5,3.2
BPS-00623,Health,Patient Query,Digital,Maun,HLT-011,2022-11-29,2022-12-05,7,6.2,1,0.0,0,Resolved,0.7,4.1
BPS-01596,Police,Document Request,In-Person,Francistown,POL-003,2022-05-07,2022-05-09,5,2.5,1,0.0,0,Resolved,0.75,4.0
BPS-02916,Social Welfare,Destitute Support,In-Person,Maun,SWL-003,2022-02-25,2022-04-07,21,41.3,0,20.3,0,Resolved,1.3,1.7
BPS-04822,Motor Registry,Vehicle Licensing,In-Person,Palapye,MTR-001,2024-02-17,2024-02-18,5,1.9,1,0.0,0,Resolved,0.9,
BPS-03899,Works,Infrastructure Defect,In-Person,Palapye,WRK-002,2023-03-10,2023-03-28,14,18.9,0,4.9,0,Resolved,1.2,
BPS-01920,Police,Clearance Certificate,In-Person,Lobatse,POL-010,2025-01-24,2025-01-28,5,4.4,1,0.0,0,Resolved,0.85,
BPS-04174,Works,Utility Request,In-Person,Kanye,WRK-002,2023-08-07,2023-08-14,14,7.0,1,0.0,0,Resolved,0.9,3.5
BPS-04478,Motor Registry,Vehicle Licensing,In-Person,Molepolole,MTR-012,2023-09-14,2023-09-15,5,1.6,1,0.0,0,Resolved,0.9,5.0
BPS-00756,Health,Facility Request,In-Person,Lobatse,HLT-005,2024-10-08,2024-10-22,7,14.5,0,7.5,1,Resolved,1.1,
BPS-00519,Health,Medical Certificate,Digital,Kanye,HLT-009,2023-12-13,2023-12-17,7,4.4,1,0.0,0,Resolved,0.8,4.2
BPS-03804,Land Board,Consent to Transfer,Phone,Molepolole,LBD-001,2022-06-28,2022-08-26,21,59.8,0,38.8,1,Resolved,1.3,1.4
BPS-00033,Health,Facility Request,In-Person,Lobatse,HLT-011,2024-07-25,2024-07-31,7,6.1,1,0.0,0,Resolved,1.1,
BPS-02938,Social Welfare,Orphan Welfare,In-Person,Gaborone,SWL-004,2025-01-19,2025-02-07,21,19.3,1,0.0,0,Resolved,1.2,3.8
BPS-01158,Education,School Admin,Digital,Molepolole,EDU-001,2022-03-08,2022-03-20,14,12.7,1,0.0,0,Resolved,0.8,4.4
BPS-00745,Health,Patient Query,In-Person,Molepolole,HLT-001,2024-10-19,2024-10-24,7,5.7,1,0.0,0,Resolved,0.7,3.0
BPS-01498,Police,Protection Service,Digital,Molepolole,POL-014,2022-03-28,2022-04-01,5,4.9,1,0.0,0,Resolved,1.3,3.9
BPS-03460,Land Board,Land Use Approval,In-Person,Gaborone,LBD-005,2023-05-03,2023-06-17,21,45.7,0,24.7,1,Resolved,1.6,1.2
BPS-03756,Land Board,Land Use Approval,Digital,Francistown,LBD-006,2024-09-02,2024-09-16,21,14.1,1,0.0,0,Resolved,1.6,3.2
BPS-02592,Social Welfare,Orphan Welfare,In-Person,Molepolole,SWL-008,2022-02-11,2022-02-28,21,17.8,1,0.0,0,Resolved,1.2,4.0
BPS-00784,Health,Specialist Referral,In-Person,Francistown,HLT-001,2024-10-17,2024-10-25,7,8.5,0,1.5,0,Resolved,1.2,1.7
BPS-03494,Land Board,Land Certificate,Phone,Serowe,LBD-002,2022-10-08,2022-11-16,21,39.8,0,18.8,1,Resolved,1.2,1.2
BPS-02950,Social Welfare,Orphan Welfare,In-Person,Gaborone,SWL-002,2022-05-22,2022-05-28,21,6.6,1,0.0,0,Resolved,1.2,
BPS-00230,Health,Specialist Referral,In-Person,Maun,HLT-009,2024-04-13,2024-04-21,7,8.7,0,1.7,0,Resolved,1.2,2.0
BPS-00858,Education,School Admin,Post,Gaborone,EDU-008,2024-07-09,2024-07-22,14,13.0,1,0.0,0,Resolved,0.8,4.0
BPS-02267,BURS,Assessment Dispute,In-Person,Gaborone,BRS-006,2022-11-14,2022-11-17,10,3.1,1,0.0,0,Resolved,1.5,4.9
BPS-04275,Works,Property Maintenance,Digital,Gaborone,WRK-009,2022-04-28,2022-04-30,14,2.1,1,0.0,0,Resolved,1.0,
BPS-00409,Health,Facility Request,Digital,Kanye,HLT-001,2023-08-02,2023-08-06,7,4.9,1,0.0,0,Resolved,1.1,
BPS-00171,Health,Specialist Referral,Phone,Palapye,HLT-001,2024-01-31,2024-02-03,7,3.4,1,0.0,0,Resolved,1.2,3.9
BPS-00541,Health,Facility Request,Phone,Francistown,HLT-002,2022-11-28,2022-12-06,7,8.1,0,1.1,0,Resolved,1.1,3.0
BPS-02211,BURS,VAT Filing,Digital,Maun,BRS-007,2022-02-24,2022-02-26,10,2.1,1,0.0,0,Resolved,1.0,4.3
BPS-02305,BURS,Compliance Certificate,In-Person,Palapye,BRS-009,2023-05-16,2023-05-29,10,13.4,0,3.4,0,Resolved,0.85,2.5
BPS-02568,Social Welfare,Destitute Support,In-Person,Gaborone,SWL-005,2022-02-08,2022-03-09,21,29.3,0,8.3,1,Resolved,1.3,1.4
BPS-00614,Health,Specialist Referral,In-Person,Palapye,HLT-008,2023-10-28,2023-11-01,7,4.8,1,0.0,0,Resolved,1.2,3.4
BPS-02102,BURS,VAT Filing,In-Person,Kanye,BRS-012,2024-07-19,2024-07-24,10,5.8,1,0.0,0,Resolved,1.0,3.7
BPS-01809,Police,Document Request,Phone,Molepolole,POL-013,2023-11-30,2023-12-01,5,1.4,1,0.0,0,Resolved,0.75,
BPS-03439,Immigration,Work Permit,In-Person,Serowe,IMG-004,2024-05-24,2024-06-12,30,19.6,1,0.0,0,Resolved,1.2,3.4
BPS-01162,Education,Teacher Posting,Post,Francistown,EDU-004,2022-07-11,2022-08-15,14,35.6,0,21.6,0,Resolved,1.3,
BPS-04226,Works,Asset Management,In-Person,Gaborone,WRK-006,2022-07-29,2022-08-15,14,17.4,0,3.4,1,Resolved,1.1,2.2
BPS-03120,Immigration,Citizenship Application,In-Person,Kanye,IMG-001,2024-08-22,2024-10-27,30,66.4,0,36.4,1,Resolved,1.6,1.1
BPS-03653,Land Board,Consent to Transfer,Digital,Gaborone,LBD-003,2024-08-30,2024-10-21,21,52.3,0,31.3,1,Resolved,1.3,1.3
BPS-01611,Police,Document Request,Digital,Kanye,POL-003,2023-04-14,2023-04-15,5,1.5,1,0.0,0,Resolved,0.75,3.7
BPS-01933,Police,Document Request,Phone,Serowe,POL-014,2023-02-03,2023-02-04,5,1.0,1,0.0,0,Resolved,0.75,3.7
BPS-03028,Social Welfare,Old Age Pension,Digital,Lobatse,SWL-001,2022-01-18,2022-02-02,21,15.2,1,0.0,0,Resolved,1.1,
BPS-00565,Health,Medical Certificate,In-Person,Maun,HLT-011,2025-01-03,2025-01-11,7,8.0,0,1.0,0,Resolved,0.8,2.5
BPS-03572,Land Board,Land Use Approval,Phone,Lobatse,LBD-002,2023-10-03,2024-01-14,21,103.0,0,82.0,1,Resolved,1.6,1.0
BPS-04248,Works,Property Maintenance,In-Person,Maun,WRK-002,2023-08-03,2023-08-27,14,24.6,0,10.6,1,Resolved,1.0,2.4
BPS-02389,BURS,Tax Registration,Digital,Molepolole,BRS-007,2023-05-06,2023-05-11,10,5.9,1,0.0,0,Resolved,0.9,4.2
BPS-01472,Police,Case Registration,Digital,Molepolole,POL-012,2023-08-02,2023-08-04,5,2.7,1,0.0,0,Resolved,1.1,
BPS-02631,Social Welfare,Old Age Pension,In-Person,Molepolole,SWL-008,2024-11-20,2024-12-11,21,21.2,0,0.2,0,Resolved,1.1,2.5
BPS-01836,Police,Document Request,Phone,Maun,POL-005,2022-06-24,2022-06-26,5,2.8,1,0.0,0,Resolved,0.75,3.8
BPS-04929,Motor Registry,Driver Licence,Digital,Serowe,MTR-011,2023-04-30,2023-05-01,5,1.0,1,0.0,0,Resolved,0.95,4.7
BPS-03476,Land Board,Land Certificate,Phone,Francistown,LBD-003,2024-03-11,2024-04-09,21,29.0,0,8.0,1,Resolved,1.2,1.2
BPS-01534,Police,Protection Service,Post,Francistown,POL-011,2023-11-24,2023-11-30,5,6.4,0,1.4,0,Resolved,1.3,2.8
BPS-04328,Motor Registry,Roadworthy Certificate,In-Person,Kanye,MTR-014,2024-08-14,2024-08-18,5,4.0,1,0.0,0,Resolved,1.0,
BPS-02485,BURS,Tax Registration,Digital,Serowe,BRS-002,2024-06-15,2024-06-18,10,3.4,1,0.0,0,Resolved,0.9,
BPS-04208,Works,Utility Request,Digital,Maun,WRK-007,2022-11-15,2022-11-16,14,1.0,1,0.0,0,Resolved,0.9,4.2
BPS-01173,Education,Scholarship Application,Post,Lobatse,EDU-002,2022-12-06,2022-12-27,14,21.6,0,7.6,0,Resolved,1.4,1.8
BPS-01428,Education,School Admin,In-Person,Serowe,EDU-009,2024-09-24,2024-09-29,14,5.2,1,0.0,0,Resolved,0.8,4.2
BPS-00326,Health,Facility Request,In-Person,Francistown,HLT-006,2024-05-14,2024-05-16,7,2.4,1,0.0,0,Resolved,1.1,
BPS-01052,Education,Student Enrollment,Digital,Francistown,EDU-007,2023-11-06,2023-11-13,14,7.8,1,0.0,0,Resolved,0.9,4.1
BPS-03320,Immigration,Citizenship Application,In-Person,Lobatse,IMG-003,2024-07-07,2024-09-21,30,76.0,0,46.0,1,Resolved,1.6,1.5
BPS-04722,Motor Registry,Number Plate,In-Person,Palapye,MTR-003,2022-08-26,2022-08-29,5,3.6,1,0.0,0,Resolved,0.8,
BPS-03865,Works,Property Maintenance,In-Person,Kanye,WRK-006,2022-05-18,2022-05-29,14,11.3,1,0.0,0,Resolved,1.0,3.6
BPS-02604,Social Welfare,Social Grant,Phone,Lobatse,SWL-005,2022-12-18,2022-12-26,21,8.2,1,0.0,0,Resolved,1.0,
BPS-01739,Police,Document Request,In-Person,Molepolole,POL-012,2022-04-16,2022-04-21,5,5.4,0,0.4,0,Resolved,0.75,
BPS-01197,Education,Teacher Posting,In-Person,Palapye,EDU-008,2023-12-22,2024-01-05,14,14.6,0,0.6,1,Resolved,1.3,3.2
BPS-00621,Health,Facility Request,In-Person,Maun,HLT-006,2022-09-11,2022-09-16,7,5.5,1,0.0,0,Resolved,1.1,4.3
BPS-01375,Education,Teacher Posting,Phone,Serowe,EDU-003,2024-01-26,2024-02-15,14,20.4,0,6.4,1,Resolved,1.3,2.7
BPS-02880,Social Welfare,Destitute Support,In-Person,Maun,SWL-004,2024-04-11,2024-05-02,21,21.4,0,0.4,0,Resolved,1.3,2.6
BPS-01190,Education,Teacher Posting,Phone,Palapye,EDU-007,2022-09-08,2022-09-15,14,7.6,1,0.0,0,Resolved,1.3,4.1
BPS-00329,Health,Specialist Referral,Digital,Molepolole,HLT-003,2024-06-25,2024-07-02,7,7.1,0,0.1,1,Resolved,1.2,2.4
BPS-00649,Health,Facility Request,Digital,Maun,HLT-005,2022-11-19,2022-11-23,7,4.2,1,0.0,0,Resolved,1.1,4.4
BPS-00898,Education,Teacher Posting,Phone,Gaborone,EDU-009,2022-09-04,2022-09-17,14,13.6,1,0.0,0,Resolved,1.3,3.7
BPS-03883,Works,Utility Request,Post,Serowe,WRK-001,2024-04-09,2024-04-12,14,3.2,1,0.0,0,Resolved,0.9,
BPS-01124,Education,Student Enrollment,Phone,Serowe,EDU-007,2023-07-07,2023-07-12,14,5.5,1,0.0,0,Resolved,0.9,4.2
BPS-01892,Police,Clearance Certificate,In-Person,Lobatse,POL-013,2024-11-08,2024-11-11,5,3.3,1,0.0,0,Resolved,0.85,4.7
BPS-04644,Motor Registry,Number Plate,In-Person,Palapye,MTR-011,2022-11-18,2022-11-23,5,5.5,0,0.5,0,Resolved,0.8,3.5
BPS-04792,Motor Registry,Vehicle Licensing,Digital,Kanye,MTR-006,2023-08-01,2023-08-02,5,1.5,1,0.0,0,Resolved,0.9,5.0
BPS-04530,Motor Registry,Vehicle Licensing,Post,Francistown,MTR-007,2022-03-14,2022-03-15,5,1.7,1,0.0,0,Resolved,0.9,4.9
BPS-04235,Works,Utility Request,Digital,Serowe,WRK-009,2024-03-09,2024-03-12,14,3.0,1,0.0,0,Resolved,0.9,4.1
BPS-01594,Police,Document Request,Phone,Maun,POL-004,2024-03-19,2024-03-22,5,3.2,1,0.0,0,Resolved,0.75,3.5
BPS-03313,Immigration,Permanent Residency,In-Person,Molepolole,IMG-007,2022-04-14,2022-06-15,30,62.3,0,32.3,1,Resolved,1.4,
BPS-02548,Social Welfare,Orphan Welfare,Digital,Palapye,SWL-004,2023-12-02,2023-12-12,21,10.7,1,0.0,0,Resolved,1.2,3.5
BPS-01546,Police,Document Request,In-Person,Molepolole,POL-001,2024-04-27,2024-04-29,5,2.5,1,0.0,0,Resolved,0.75,
BPS-04337,Motor Registry,Number Plate,Phone,Kanye,MTR-014,2022-05-26,2022-05-28,5,2.1,1,0.0,0,Resolved,0.8,4.5
BPS-01024,Education,Student Enrollment,In-Person,Serowe,EDU-009,2024-03-05,2024-03-24,14,19.9,0,5.9,0,Resolved,0.9,2.8
BPS-01972,Police,Protection Service,In-Person,Maun,POL-010,2024-06-20,2024-06-21,5,1.6,1,0.0,0,Resolved,1.3,
BPS-04989,Motor Registry,Number Plate,Digital,Palapye,MTR-001,2022-05-01,2022-05-02,5,1.5,1,0.0,0,Resolved,0.8,5.0
BPS-01715,Police,Clearance Certificate,In-Person,Francistown,POL-004,2022-05-18,2022-05-20,5,2.8,1,0.0,0,Resolved,0.85,3.6
BPS-01718,Police,Case Registration,In-Person,Maun,POL-014,2023-05-11,2023-05-17,5,6.3,0,1.3,0,Resolved,1.1,2.0
BPS-01478,Police,Protection Service,In-Person,Kanye,POL-005,2023-11-22,2023-11-29,5,7.2,0,2.2,0,Resolved,1.3,2.6
BPS-00810,Health,Specialist Referral,Post,Maun,HLT-004,2022-08-07,2022-08-13,7,6.5,1,0.0,0,Resolved,1.2,4.9
BPS-02851,Social Welfare,Old Age Pension,In-Person,Francistown,SWL-008,2022-01-11,2022-01-28,21,17.2,1,0.0,0,Resolved,1.1,3.7
BPS-00979,Education,Student Enrollment,Post,Serowe,EDU-006,2022-05-10,2022-05-15,14,5.3,1,0.0,0,Resolved,0.9,4.9
BPS-04688,Motor Registry,Number Plate,Post,Francistown,MTR-006,2022-07-11,2022-07-13,5,2.3,1,0.0,0,Resolved,0.8,5.0
BPS-04896,Motor Registry,Vehicle Licensing,Phone,Serowe,MTR-007,2022-08-09,2022-08-10,5,1.0,1,0.0,0,Resolved,0.9,4.8
BPS-01685,Police,Protection Service,Digital,Francistown,POL-007,2022-06-23,2022-06-24,5,1.2,1,0.0,0,Resolved,1.3,3.5
BPS-04661,Motor Registry,Driver Licence,Digital,Maun,MTR-010,2022-02-23,2022-02-26,5,3.9,1,0.0,0,Resolved,0.95,5.0
BPS-01515,Police,Document Request,In-Person,Serowe,POL-006,2023-10-18,2023-10-20,5,2.6,1,0.0,0,Resolved,0.75,3.9
BPS-02405,BURS,Tax Registration,Digital,Francistown,BRS-010,2023-12-16,2023-12-25,10,9.4,1,0.0,0,Resolved,0.9,5.0
BPS-02022,BURS,Compliance Certificate,Phone,Francistown,BRS-002,2024-06-29,2024-07-07,10,8.5,1,0.0,0,Resolved,0.85,4.0
BPS-04554,Motor Registry,Driver Licence,In-Person,Maun,MTR-011,2022-10-30,2022-10-31,5,1.0,1,0.0,0,Resolved,0.95,
BPS-01768,Police,Document Request,Phone,Gaborone,POL-011,2024-10-14,2024-10-17,5,3.3,1,0.0,0,Resolved,0.75,3.9
BPS-00175,Health,Facility Request,Digital,Palapye,HLT-003,2024-07-07,2024-07-10,7,3.8,1,0.0,0,Resolved,1.1,
BPS-01555,Police,Document Request,Digital,Maun,POL-004,2023-02-03,2023-02-04,5,1.1,1,0.0,0,Resolved,0.75,
BPS-04216,Works,Property Maintenance,Phone,Maun,WRK-002,2022-08-16,2022-08-31,14,15.6,0,1.6,0,Resolved,1.0,3.1
BPS-01483,Police,Document Request,Digital,Maun,POL-013,2024-12-22,2024-12-24,5,2.2,1,0.0,0,Resolved,0.75,4.1
BPS-04462,Motor Registry,Vehicle Licensing,Post,Kanye,MTR-006,2024-10-16,2024-10-24,5,8.3,0,3.3,0,Resolved,0.9,3.7
BPS-00218,Health,Medical Certificate,Post,Lobatse,HLT-010,2022-02-24,2022-02-28,7,4.8,1,0.0,0,Resolved,0.8,3.8
BPS-03915,Works,Asset Management,Digital,Serowe,WRK-005,2025-01-04,2025-01-08,14,4.2,1,0.0,0,Resolved,1.1,4.5
BPS-03721,Land Board,Land Allocation,Phone,Kanye,LBD-001,2024-10-24,2025-01-22,21,90.1,0,69.1,1,Resolved,1.5,1.4
BPS-00691,Health,Patient Query,Phone,Kanye,HLT-011,2023-06-12,2023-06-15,7,3.4,1,0.0,0,Resolved,0.7,4.1
BPS-02578,Social Welfare,Orphan Welfare,In-Person,Lobatse,SWL-001,2024-05-27,2024-06-26,21,30.6,0,9.6,0,Resolved,1.2,
BPS-02234,BURS,Tax Registration,Post,Serowe,BRS-010,2024-05-30,2024-06-12,10,13.8,0,3.8,0,Resolved,0.9,2.6
BPS-02239,BURS,Assessment Dispute,In-Person,Kanye,BRS-001,2023-01-08,2023-01-18,10,10.1,0,0.1,0,Resolved,1.5,3.1
BPS-01107,Education,Scholarship Application,In-Person,Francistown,EDU-006,2024-01-09,2024-01-31,14,22.0,0,8.0,0,Resolved,1.4,2.4
BPS-01790,Police,Case Registration,In-Person,Gaborone,POL-008,2024-08-18,2024-08-25,5,7.9,0,2.9,1,Resolved,1.1,
BPS-03189,Immigration,Permanent Residency,In-Person,Gaborone,IMG-006,2022-06-19,2022-08-07,30,49.0,0,19.0,0,Resolved,1.4,1.4
BPS-02437,BURS,Compliance Certificate,In-Person,Maun,BRS-007,2022-10-31,2022-11-06,10,6.5,1,0.0,0,Resolved,0.85,
BPS-00612,Health,Facility Request,Digital,Maun,HLT-006,2024-03-04,2024-03-08,7,4.1,1,0.0,0,Resolved,1.1,
BPS-03661,Land Board,Land Allocation,In-Person,Serowe,LBD-003,2024-03-29,2024-05-30,21,62.3,0,41.3,1,Resolved,1.5,
BPS-03712,Land Board,Consent to Transfer,Phone,Kanye,LBD-004,2022-05-31,2022-06-27,21,27.8,0,6.8,1,Resolved,1.3,
BPS-00577,Health,Specialist Referral,Digital,Molepolole,HLT-003,2022-08-05,2022-08-10,7,5.9,1,0.0,0,Resolved,1.2,3.8
BPS-02064,BURS,Compliance Certificate,In-Person,Francistown,BRS-012,2022-12-04,2022-12-11,10,7.7,1,0.0,0,Resolved,0.85,
BPS-04436,Motor Registry,Roadworthy Certificate,In-Person,Kanye,MTR-008,2024-04-20,2024-04-24,5,4.4,1,0.0,0,Resolved,1.0,5.0
BPS-01181,Education,School Admin,In-Person,Molepolole,EDU-005,2022-09-02,2022-09-12,14,10.3,1,0.0,0,Resolved,0.8,4.3
BPS-00889,Education,Teacher Posting,Post,Francistown,EDU-009,2023-03-12,2023-04-03,14,22.8,0,8.8,1,Resolved,1.3,2.3
BPS-03129,Immigration,Border Documentation,In-Person,Molepolole,IMG-006,2025-01-26,2025-02-20,30,25.6,1,0.0,0,Resolved,0.9,
BPS-01733,Police,Clearance Certificate,In-Person,Lobatse,POL-007,2024-03-18,2024-03-21,5,3.6,1,0.0,0,Resolved,0.85,
BPS-02664,Social Welfare,Destitute Support,In-Person,Gaborone,SWL-007,2023-08-28,2023-09-13,21,16.8,1,0.0,0,Resolved,1.3,3.7
BPS-00818,Health,Medical Certificate,In-Person,Kanye,HLT-010,2024-07-17,2024-07-23,7,6.5,1,0.0,0,Resolved,0.8,3.4
BPS-03278,Immigration,Citizenship Application,In-Person,Gaborone,IMG-004,2024-04-01,2024-05-16,30,45.2,0,15.2,0,Resolved,1.6,1.4
BPS-01860,Police,Document Request,Post,Palapye,POL-002,2024-10-22,2024-10-27,5,5.5,0,0.5,0,Resolved,0.75,2.1
BPS-00209,Health,Specialist Referral,Post,Kanye,HLT-003,2023-10-03,2023-10-14,7,11.8,0,4.8,0,Resolved,1.2,2.9
BPS-00294,Health,Facility Request,Digital,Francistown,HLT-006,2022-08-12,2022-08-18,7,6.9,1,0.0,0,Resolved,1.1,3.7
BPS-01120,Education,Scholarship Application,In-Person,Gaborone,EDU-001,2022-12-22,2023-01-13,14,22.6,0,8.6,0,Resolved,1.4,2.8
BPS-02214,BURS,VAT Filing,Phone,Maun,BRS-010,2022-01-03,2022-01-08,10,5.4,1,0.0,0,Resolved,1.0,5.0
BPS-01610,Police,Document Request,Digital,Kanye,POL-014,2024-09-02,2024-09-04,5,2.2,1,0.0,0,Resolved,0.75,3.7
BPS-01265,Education,Scholarship Application,In-Person,Lobatse,EDU-007,2022-06-23,2022-07-12,14,19.0,0,5.0,0,Resolved,1.4,
BPS-00991,Education,Student Enrollment,Phone,Serowe,EDU-002,2022-04-17,2022-04-26,14,9.7,1,0.0,0,Resolved,0.9,
BPS-04198,Works,Property Maintenance,Digital,Maun,WRK-006,2023-07-03,2023-07-05,14,2.0,1,0.0,0,Resolved,1.0,
BPS-01617,Police,Document Request,In-Person,Molepolole,POL-007,2022-01-23,2022-01-26,5,3.4,1,0.0,0,Resolved,0.75,4.2
BPS-00354,Health,Specialist Referral,Phone,Francistown,HLT-010,2022-11-15,2022-11-22,7,7.0,1,0.0,0,Resolved,1.2,4.3
BPS-04558,Motor Registry,Driver Licence,Phone,Francistown,MTR-004,2022-01-21,2022-01-24,5,3.3,1,0.0,0,Resolved,0.95,4.8
BPS-02023,BURS,Assessment Dispute,Phone,Gaborone,BRS-009,2022-05-25,2022-06-13,10,19.6,0,9.6,0,Resolved,1.5,2.7
BPS-03691,Land Board,Land Certificate,Phone,Serowe,LBD-001,2024-06-25,2024-08-24,21,60.5,0,39.5,1,Resolved,1.2,1.0
BPS-02556,Social Welfare,Orphan Welfare,Digital,Francistown,SWL-006,2023-01-05,2023-01-23,21,18.2,1,0.0,0,Resolved,1.2,2.9
BPS-03049,Social Welfare,Orphan Welfare,Digital,Maun,SWL-003,2022-08-21,2022-09-07,21,17.5,1,0.0,0,Resolved,1.2,3.8
BPS-01229,Education,Teacher Posting,In-Person,Maun,EDU-001,2022-09-05,2022-09-24,14,19.8,0,5.8,1,Resolved,1.3,
BPS-00260,Health,Specialist Referral,Phone,Serowe,HLT-010,2024-09-08,2024-09-17,7,9.8,0,2.8,0,Resolved,1.2,3.5
BPS-01520,Police,Document Request,In-Person,Lobatse,POL-012,2023-06-01,2023-06-08,5,7.5,0,2.5,0,Resolved,0.75,2.4
BPS-01778,Police,Case Registration,Phone,Molepolole,POL-013,2023-03-11,2023-03-15,5,4.8,1,0.0,0,Resolved,1.1,4.4
BPS-04740,Motor Registry,Driver Licence,Digital,Serowe,MTR-002,2023-03-04,2023-03-05,5,1.1,1,0.0,0,Resolved,0.95,5.0
BPS-01771,Police,Clearance Certificate,Post,Lobatse,POL-012,2022-12-13,2022-12-16,5,3.7,1,0.0,0,Resolved,0.85,3.4
BPS-04354,Motor Registry,Roadworthy Certificate,Digital,Gaborone,MTR-008,2024-01-25,2024-01-26,5,1.7,1,0.0,0,Resolved,1.0,5.0
BPS-00053,Health,Specialist Referral,Digital,Kanye,HLT-005,2022-07-11,2022-07-15,7,4.2,1,0.0,0,Resolved,1.2,3.7
BPS-03474,Land Board,Land Certificate,Phone,Palapye,LBD-003,2023-06-02,2023-07-04,21,32.1,0,11.1,1,Resolved,1.2,1.0
BPS-04684,Motor Registry,Number Plate,In-Person,Maun,MTR-005,2023-01-31,2023-02-01,5,1.0,1,0.0,0,Resolved,0.8,5.0
BPS-04412,Motor Registry,Roadworthy Certificate,In-Person,Serowe,MTR-004,2024-01-18,2024-01-21,5,3.0,1,0.0,0,Resolved,1.0,5.0
BPS-02410,BURS,Tax Registration,Digital,Lobatse,BRS-012,2022-07-22,2022-07-26,10,4.7,1,0.0,0,Resolved,0.9,
BPS-02788,Social Welfare,Destitute Support,In-Person,Serowe,SWL-004,2022-05-16,2022-05-27,21,11.8,1,0.0,0,Resolved,1.3,4.1
BPS-02345,BURS,Assessment Dispute,Digital,Molepolole,BRS-007,2024-02-06,2024-02-08,10,2.3,1,0.0,0,Resolved,1.5,5.0
BPS-01034,Education,Scholarship Application,Digital,Maun,EDU-002,2024-02-11,2024-02-26,14,15.1,0,1.1,0,Resolved,1.4,3.0
BPS-01098,Education,School Admin,In-Person,Serowe,EDU-003,2024-10-01,2024-10-03,14,2.6,1,0.0,0,Resolved,0.8,4.0
BPS-00544,Health,Facility Request,Digital,Molepolole,HLT-001,2024-12-09,2024-12-17,7,8.1,0,1.1,0,Resolved,1.1,
BPS-01047,Education,Teacher Posting,Digital,Serowe,EDU-001,2022-03-17,2022-03-30,14,13.5,1,0.0,0,Resolved,1.3,4.7
BPS-01895,Police,Document Request,Phone,Gaborone,POL-014,2022-04-09,2022-04-12,5,3.6,1,0.0,0,Resolved,0.75,
BPS-04377,Motor Registry,Vehicle Licensing,In-Person,Molepolole,MTR-004,2023-10-01,2023-10-02,5,1.0,1,0.0,0,Resolved,0.9,4.6
BPS-00031,Health,Medical Certificate,Digital,Molepolole,HLT-004,2022-09-03,2022-09-06,7,3.7,1,0.0,0,Resolved,0.8,4.1
BPS-00726,Health,Medical Certificate,In-Person,Palapye,HLT-007,2022-07-20,2022-07-23,7,3.8,1,0.0,0,Resolved,0.8,4.1
BPS-04962,Motor Registry,Roadworthy Certificate,Phone,Gaborone,MTR-010,2024-08-25,2024-08-26,5,1.9,1,0.0,0,Resolved,1.0,5.0
BPS-04719,Motor Registry,Driver Licence,In-Person,Maun,MTR-002,2022-08-30,2022-09-01,5,2.3,1,0.0,0,Resolved,0.95,5.0
BPS-03904,Works,Utility Request,Phone,Francistown,WRK-002,2024-06-12,2024-06-16,14,4.6,1,0.0,0,Resolved,0.9,3.7
BPS-01427,Education,School Admin,In-Person,Gaborone,EDU-009,2023-10-16,2023-11-01,14,16.7,0,2.7,0,Resolved,0.8,2.6
BPS-02498,BURS,VAT Filing,Digital,Lobatse,BRS-005,2024-10-27,2024-11-01,10,5.2,1,0.0,0,Resolved,1.0,4.5
BPS-00437,Health,Medical Certificate,Post,Francistown,HLT-003,2024-05-02,2024-05-14,7,12.1,0,5.1,0,Resolved,0.8,2.5
BPS-02471,BURS,Assessment Dispute,Phone,Gaborone,BRS-005,2023-09-22,2023-10-07,10,15.7,0,5.7,0,Resolved,1.5,2.1
BPS-00913,Education,School Admin,Phone,Francistown,EDU-009,2022-06-08,2022-06-15,14,7.0,1,0.0,0,Resolved,0.8,3.9
BPS-04223,Works,Infrastructure Defect,In-Person,Francistown,WRK-001,2023-07-05,2023-07-20,14,15.2,0,1.2,0,Resolved,1.2,2.5
BPS-04353,Motor Registry,Number Plate,In-Person,Serowe,MTR-004,2025-01-17,2025-01-19,5,2.3,1,0.0,0,Resolved,0.8,4.8
BPS-04513,Motor Registry,Number Plate,In-Person,Francistown,MTR-007,2023-04-06,2023-04-08,5,2.4,1,0.0,0,Resolved,0.8,4.6
BPS-04444,Motor Registry,Roadworthy Certificate,In-Person,Gaborone,MTR-007,2022-08-07,2022-08-08,5,1.4,1,0.0,0,Resolved,1.0,5.0
BPS-02288,BURS,Assessment Dispute,Digital,Molepolole,BRS-005,2023-01-29,2023-02-07,10,9.0,1,0.0,0,Resolved,1.5,
BPS-04598,Motor Registry,Roadworthy Certificate,In-Person,Maun,MTR-010,2022-08-17,2022-08-20,5,3.8,1,0.0,0,Resolved,1.0,5.0
BPS-01239,Education,Scholarship Application,Digital,Molepolole,EDU-006,2022-05-19,2022-06-03,14,15.7,0,1.7,1,Resolved,1.4,
BPS-00904,Education,Teacher Posting,In-Person,Molepolole,EDU-009,2022-08-24,2022-09-15,14,22.3,0,8.3,0,Resolved,1.3,
BPS-03621,Land Board,Consent to Transfer,In-Person,Serowe,LBD-003,2024-10-20,2024-11-16,21,27.8,0,6.8,0,Resolved,1.3,
BPS-03232,Immigration,Citizenship Application,In-Person,Maun,IMG-006,2023-10-23,2023-11-06,30,14.4,1,0.0,0,Resolved,1.6,
BPS-02860,Social Welfare,Destitute Support,Phone,Lobatse,SWL-002,2023-11-06,2023-11-28,21,22.9,0,1.9,0,Resolved,1.3,2.6
BPS-00508,Health,Facility Request,In-Person,Gaborone,HLT-001,2024-12-06,2024-12-10,7,4.1,1,0.0,0,Resolved,1.1,4.0
BPS-03222,Immigration,Citizenship Application,Digital,Molepolole,IMG-007,2024-06-30,2024-08-05,30,36.7,0,6.7,0,Resolved,1.6,2.7
BPS-00184,Health,Patient Query,In-Person,Kanye,HLT-001,2023-07-14,2023-07-20,7,6.0,1,0.0,0,Resolved,0.7,4.3
BPS-01565,Police,Clearance Certificate,Post,Kanye,POL-012,2024-08-06,2024-08-10,5,4.4,1,0.0,0,Resolved,0.85,3.7
BPS-02705,Social Welfare,Destitute Support,Phone,Maun,SWL-007,2022-01-29,2022-02-21,21,23.7,0,2.7,0,Resolved,1.3,2.1
BPS-00322,Health,Medical Certificate,In-Person,Palapye,HLT-011,2022-02-03,2022-02-10,7,7.8,0,0.8,0,Resolved,0.8,
BPS-03564,Land Board,Consent to Transfer,Phone,Palapye,LBD-004,2022-03-16,2022-06-07,21,83.8,0,62.8,1,Resolved,1.3,1.0
BPS-01539,Police,Document Request,Phone,Maun,POL-012,2023-10-05,2023-10-06,5,1.2,1,0.0,0,Resolved,0.75,
BPS-01838,Police,Case Registration,In-Person,Gaborone,POL-008,2024-11-04,2024-11-08,5,4.6,1,0.0,0,Resolved,1.1,3.9
BPS-02381,BURS,Tax Registration,Phone,Gaborone,BRS-008,2023-10-15,2023-10-19,10,4.3,1,0.0,0,Resolved,0.9,
BPS-01913,Police,Case Registration,In-Person,Palapye,POL-010,2022-02-16,2022-02-20,5,4.5,1,0.0,0,Resolved,1.1,3.9
BPS-01841,Police,Clearance Certificate,Post,Gaborone,POL-006,2024-01-20,2024-01-24,5,4.0,1,0.0,0,Resolved,0.85,4.1
BPS-02116,BURS,Tax Registration,Digital,Maun,BRS-001,2024-08-07,2024-08-11,10,4.3,1,0.0,0,Resolved,0.9,4.4
BPS-04438,Motor Registry,Number Plate,Digital,Maun,MTR-003,2024-10-27,2024-10-28,5,1.0,1,0.0,0,Resolved,0.8,4.9
BPS-01147,Education,Teacher Posting,In-Person,Kanye,EDU-003,2023-10-11,2023-10-21,14,10.7,1,0.0,0,Resolved,1.3,4.2
BPS-02487,BURS,Tax Registration,Digital,Francistown,BRS-008,2024-04-30,2024-05-04,10,4.4,1,0.0,0,Resolved,0.9,4.6
BPS-00045,Health,Specialist Referral,In-Person,Molepolole,HLT-004,2023-11-04,2023-11-06,7,2.0,1,0.0,0,Resolved,1.2,4.1
BPS-02155,BURS,Compliance Certificate,In-Person,Palapye,BRS-010,2023-10-25,2023-10-29,10,4.4,1,0.0,0,Resolved,0.85,
BPS-01527,Police,Case Registration,In-Person,Francistown,POL-013,2024-12-08,2024-12-16,5,8.7,0,3.7,1,Resolved,1.1,2.9
BPS-04856,Motor Registry,Number Plate,In-Person,Gaborone,MTR-002,2022-01-12,2022-01-18,5,6.3,0,1.3,0,Resolved,0.8,
BPS-01379,Education,Student Enrollment,In-Person,Molepolole,EDU-002,2022-01-26,2022-02-03,14,8.2,1,0.0,0,Resolved,0.9,4.3
BPS-01766,Police,Case Registration,Digital,Serowe,POL-001,2024-07-09,2024-07-10,5,1.9,1,0.0,0,Resolved,1.1,
BPS-03013,Social Welfare,Destitute Support,Post,Lobatse,SWL-004,2023-04-15,2023-04-30,21,15.5,1,0.0,0,Resolved,1.3,3.3
BPS-00414,Health,Specialist Referral,In-Person,Maun,HLT-008,2023-06-14,2023-06-25,7,11.8,0,4.8,0,Resolved,1.2,2.2
BPS-04285,Works,Property Maintenance,Post,Palapye,WRK-007,2023-10-01,2023-10-10,14,9.6,1,0.0,0,Resolved,1.0,3.6
BPS-01408,Education,Scholarship Application,In-Person,Serowe,EDU-001,2024-08-02,2024-08-26,14,24.1,0,10.1,0,Resolved,1.4,
BPS-01659,Police,Clearance Certificate,In-Person,Lobatse,POL-001,2022-09-05,2022-09-07,5,2.4,1,0.0,0,Resolved,0.85,4.6
BPS-00802,Health,Medical Certificate,Digital,Palapye,HLT-006,2022-10-30,2022-11-01,7,2.7,1,0.0,0,Resolved,0.8,5.0
BPS-01289,Education,Student Enrollment,In-Person,Molepolole,EDU-001,2022-02-19,2022-02-23,14,4.8,1,0.0,0,Resolved,0.9,
BPS-02183,BURS,VAT Filing,Phone,Maun,BRS-007,2024-06-07,2024-06-14,10,7.1,1,0.0,0,Resolved,1.0,4.1
BPS-02589,Social Welfare,Orphan Welfare,Phone,Molepolole,SWL-005,2024-08-15,2024-08-30,21,15.0,1,0.0,0,Resolved,1.2,4.3
BPS-02616,Social Welfare,Destitute Support,Digital,Francistown,SWL-007,2022-12-18,2023-01-08,21,21.1,0,0.1,1,Resolved,1.3,1.8
BPS-02319,BURS,Assessment Dispute,Post,Gaborone,BRS-002,2022-06-02,2022-06-14,10,12.1,0,2.1,0,Resolved,1.5,
BPS-00257,Health,Facility Request,In-Person,Palapye,HLT-009,2023-05-09,2023-05-20,7,11.5,0,4.5,0,Resolved,1.1,2.4
BPS-04542,Motor Registry,Roadworthy Certificate,Digital,Lobatse,MTR-007,2022-04-26,2022-04-28,5,2.6,1,0.0,0,Resolved,1.0,5.0
BPS-01730,Police,Protection Service,In-Person,Lobatse,POL-006,2024-01-24,2024-02-04,5,11.4,0,6.4,1,Resolved,1.3,2.3
BPS-01152,Education,School Admin,Digital,Francistown,EDU-006,2022-12-27,2022-12-28,14,1.0,1,0.0,0,Resolved,0.8,4.5
BPS-04145,Works,Infrastructure Defect,Digital,Kanye,WRK-008,2022-11-11,2022-11-16,14,5.2,1,0.0,0,Resolved,1.2,4.8
BPS-00648,Health,Patient Query,In-Person,Serowe,HLT-005,2023-10-20,2023-10-24,7,4.5,1,0.0,0,Resolved,0.7,4.3
BPS-02909,Social Welfare,Orphan Welfare,Digital,Serowe,SWL-008,2023-06-12,2023-06-24,21,12.3,1,0.0,0,Resolved,1.2,
BPS-01703,Police,Clearance Certificate,Phone,Lobatse,POL-004,2022-08-08,2022-08-13,5,5.7,0,0.7,0,Resolved,0.85,2.6
BPS-01882,Police,Clearance Certificate,Post,Francistown,POL-004,2023-01-14,2023-01-22,5,8.9,0,3.9,1,Resolved,0.85,1.5
BPS-03769,Land Board,Land Allocation,In-Person,Gaborone,LBD-006,2023-09-21,2023-12-18,21,88.9,0,67.9,1,Resolved,1.5,1.0
BPS-01316,Education,Teacher Posting,Post,Molepolole,EDU-009,2023-04-15,2023-04-23,14,8.9,1,0.0,0,Resolved,1.3,4.3
BPS-02270,BURS,Tax Registration,In-Person,Serowe,BRS-001,2022-02-14,2022-02-21,10,7.2,1,0.0,0,Resolved,0.9,4.5
BPS-01967,Police,Clearance Certificate,Digital,Francistown,POL-003,2024-05-24,2024-05-26,5,2.7,1,0.0,0,Resolved,0.85,3.6
BPS-02466,BURS,Compliance Certificate,Digital,Molepolole,BRS-003,2024-07-16,2024-07-23,10,7.9,1,0.0,0,Resolved,0.85,4.5
BPS-03856,Land Board,Land Certificate,Digital,Palapye,LBD-006,2024-06-27,2024-08-04,21,38.7,0,17.7,1,Resolved,1.2,
BPS-01351,Education,Student Enrollment,In-Person,Maun,EDU-006,2024-01-21,2024-01-24,14,3.2,1,0.0,0,Resolved,0.9,4.0
BPS-03297,Immigration,Citizenship Application,In-Person,Palapye,IMG-003,2022-10-18,2022-12-24,30,67.8,0,37.8,1,Resolved,1.6,1.3
BPS-00113,Health,Patient Query,In-Person,Gaborone,HLT-011,2024-08-10,2024-08-15,7,5.7,1,0.0,0,Resolved,0.7,
BPS-03134,Immigration,Permanent Residency,In-Person,Serowe,IMG-004,2023-03-13,2023-05-06,30,54.1,0,24.1,1,Resolved,1.4,1.5
BPS-00264,Health,Specialist Referral,Digital,Lobatse,HLT-001,2024-05-05,2024-05-07,7,2.4,1,0.0,0,Resolved,1.2,
BPS-01394,Education,Teacher Posting,In-Person,Serowe,EDU-006,2022-05-11,2022-05-25,14,14.5,0,0.5,0,Resolved,1.3,2.4
BPS-01879,Police,Protection Service,Phone,Molepolole,POL-010,2023-08-31,2023-09-01,5,1.9,1,0.0,0,Resolved,1.3,3.4
BPS-01187,Education,Scholarship Application,Phone,Serowe,EDU-007,2022-12-15,2022-12-25,14,10.3,1,0.0,0,Resolved,1.4,4.4
BPS-03072,Social Welfare,Destitute Support,In-Person,Francistown,SWL-002,2023-02-27,2023-04-07,21,39.5,0,18.5,1,Resolved,1.3,2.4
BPS-00057,Health,Medical Certificate,In-Person,Kanye,HLT-008,2024-06-25,2024-06-26,7,1.7,1,0.0,0,Resolved,0.8,3.6
BPS-01310,Education,Scholarship Application,Digital,Molepolole,EDU-006,2022-09-20,2022-10-03,14,13.5,1,0.0,0,Resolved,1.4,3.9
BPS-00696,Health,Facility Request,Digital,Palapye,HLT-009,2024-09-06,2024-09-08,7,2.3,1,0.0,0,Resolved,1.1,4.6
BPS-02953,Social Welfare,Orphan Welfare,In-Person,Maun,SWL-002,2022-08-09,2022-09-03,21,25.5,0,4.5,0,Resolved,1.2,2.8
BPS-01727,Police,Protection Service,In-Person,Kanye,POL-005,2024-11-15,2024-11-18,5,3.8,1,0.0,0,Resolved,1.3,3.9
BPS-02092,BURS,Assessment Dispute,Phone,Gaborone,BRS-002,2022-01-08,2022-01-20,10,12.9,0,2.9,1,Resolved,1.5,3.1
BPS-03870,Works,Asset Management,Digital,Kanye,WRK-001,2024-04-17,2024-04-30,14,13.4,1,0.0,0,Resolved,1.1,
BPS-00320,Health,Medical Certificate,Digital,Kanye,HLT-008,2022-05-10,2022-05-13,7,3.5,1,0.0,0,Resolved,0.8,3.9
BPS-04321,Motor Registry,Vehicle Licensing,Digital,Gaborone,MTR-012,2023-12-13,2023-12-14,5,1.0,1,0.0,0,Resolved,0.9,5.0
BPS-00683,Health,Patient Query,In-Person,Gaborone,HLT-007,2023-08-15,2023-08-19,7,4.2,1,0.0,0,Resolved,0.7,3.8
BPS-03842,Land Board,Land Certificate,In-Person,Kanye,LBD-003,2023-05-08,2023-06-19,21,42.9,0,21.9,1,Resolved,1.2,1.0
BPS-03214,Immigration,Work Permit,Phone,Maun,IMG-004,2023-05-04,2023-06-16,30,43.8,0,13.8,0,Resolved,1.2,2.8
BPS-02003,BURS,Assessment Dispute,In-Person,Gaborone,BRS-003,2022-08-10,2022-08-19,10,9.5,1,0.0,0,Resolved,1.5,4.1
BPS-04783,Motor Registry,Number Plate,Digital,Palapye,MTR-011,2024-05-06,2024-05-07,5,1.2,1,0.0,0,Resolved,0.8,4.5
BPS-04151,Works,Asset Management,Digital,Lobatse,WRK-003,2022-02-22,2022-03-02,14,8.6,1,0.0,0,Resolved,1.1,4.2
BPS-00287,Health,Patient Query,Post,Palapye,HLT-011,2023-02-05,2023-02-09,7,4.5,1,0.0,0,Resolved,0.7,
BPS-01889,Police,Protection Service,Digital,Molepolole,POL-002,2024-02-14,2024-02-16,5,2.2,1,0.0,0,Resolved,1.3,4.7
BPS-02338,BURS,Compliance Certificate,In-Person,Francistown,BRS-012,2023-12-13,2023-12-18,10,5.3,1,0.0,0,Resolved,0.85,
BPS-02521,Social Welfare,Orphan Welfare,In-Person,Palapye,SWL-003,2023-03-07,2023-03-31,21,24.4,0,3.4,1,Resolved,1.2,1.4
BPS-02278,BURS,Assessment Dispute,In-Person,Maun,BRS-010,2023-06-25,2023-07-02,10,7.0,1,0.0,0,Resolved,1.5,4.3
BPS-02128,BURS,Compliance Certificate,Phone,Lobatse,BRS-011,2024-04-11,2024-04-21,10,10.3,0,0.3,0,Resolved,0.85,
BPS-03500,Land Board,Consent to Transfer,Digital,Serowe,LBD-005,2023-05-02,2023-06-09,21,38.2,0,17.2,1,Resolved,1.3,1.0
BPS-04212,Works,Utility Request,In-Person,Serowe,WRK-004,2024-01-17,2024-01-25,14,8.3,1,0.0,0,Resolved,0.9,3.9
BPS-02084,BURS,Compliance Certificate,Digital,Lobatse,BRS-003,2022-09-28,2022-09-30,10,2.2,1,0.0,0,Resolved,0.85,4.1
BPS-00737,Health,Specialist Referral,In-Person,Francistown,HLT-002,2022-12-04,2022-12-12,7,8.1,0,1.1,0,Resolved,1.2,3.3
BPS-04802,Motor Registry,Number Plate,Phone,Kanye,MTR-007,2023-04-04,2023-04-05,5,1.0,1,0.0,0,Resolved,0.8,5.0
BPS-00337,Health,Medical Certificate,In-Person,Serowe,HLT-007,2022-04-29,2022-05-02,7,3.1,1,0.0,0,Resolved,0.8,
BPS-02597,Social Welfare,Orphan Welfare,Digital,Molepolole,SWL-001,2024-08-22,2024-09-02,21,11.7,1,0.0,0,Resolved,1.2,
BPS-02772,Social Welfare,Destitute Support,In-Person,Lobatse,SWL-002,2022-07-22,2022-08-08,21,17.1,1,0.0,0,Resolved,1.3,4.4
BPS-03705,Land Board,Land Certificate,In-Person,Kanye,LBD-003,2022-09-05,2022-10-28,21,53.6,0,32.6,1,Resolved,1.2,1.0
BPS-04405,Motor Registry,Vehicle Licensing,Phone,Maun,MTR-002,2023-03-09,2023-03-10,5,1.6,1,0.0,0,Resolved,0.9,
BPS-01072,Education,Teacher Posting,In-Person,Gaborone,EDU-006,2022-11-25,2022-12-11,14,16.5,0,2.5,0,Resolved,1.3,2.0
BPS-02291,BURS,Assessment Dispute,Digital,Kanye,BRS-007,2022-05-27,2022-06-09,10,13.3,0,3.3,1,Resolved,1.5,2.2
BPS-01673,Police,Case Registration,In-Person,Lobatse,POL-001,2024-06-12,2024-06-14,5,2.8,1,0.0,0,Resolved,1.1,
BPS-04084,Works,Infrastructure Defect,In-Person,Gaborone,WRK-008,2022-04-15,2022-04-19,14,4.2,1,0.0,0,Resolved,1.2,
BPS-04251,Works,Infrastructure Defect,In-Person,Kanye,WRK-001,2022-10-16,2022-11-08,14,23.6,0,9.6,1,Resolved,1.2,2.1
BPS-04114,Works,Asset Management,Phone,Gaborone,WRK-003,2023-01-20,2023-01-23,14,3.7,1,0.0,0,Resolved,1.1,
BPS-04409,Motor Registry,Roadworthy Certificate,Phone,Molepolole,MTR-010,2024-04-09,2024-04-12,5,3.1,1,0.0,0,Resolved,1.0,
BPS-03367,Immigration,Permanent Residency,Digital,Gaborone,IMG-002,2024-10-04,2024-10-24,30,20.8,1,0.0,0,Resolved,1.4,
BPS-01489,Police,Clearance Certificate,In-Person,Molepolole,POL-003,2024-03-11,2024-03-12,5,1.0,1,0.0,0,Resolved,0.85,3.7
BPS-00499,Health,Specialist Referral,In-Person,Gaborone,HLT-009,2022-10-28,2022-11-02,7,5.0,1,0.0,0,Resolved,1.2,
BPS-04383,Motor Registry,Vehicle Licensing,Digital,Lobatse,MTR-009,2024-12-15,2024-12-16,5,1.1,1,0.0,0,Resolved,0.9,5.0
BPS-03480,Land Board,Land Allocation,In-Person,Serowe,LBD-006,2022-04-27,2022-08-16,21,111.3,0,90.3,1,Resolved,1.5,1.1
BPS-02582,Social Welfare,Destitute Support,In-Person,Kanye,SWL-005,2023-04-07,2023-05-03,21,26.0,0,5.0,0,Resolved,1.3,2.9
BPS-03124,Immigration,Citizenship Application,Post,Gaborone,IMG-004,2022-01-28,2022-03-15,30,46.7,0,16.7,0,Resolved,1.6,2.1
BPS-02922,Social Welfare,Destitute Support,In-Person,Lobatse,SWL-006,2024-03-12,2024-04-12,21,31.1,0,10.1,0,Resolved,1.3,2.6
BPS-04378,Motor Registry,Number Plate,In-Person,Francistown,MTR-002,2024-06-06,2024-06-10,5,4.5,1,0.0,0,Resolved,0.8,4.6
BPS-02645,Social Welfare,Orphan Welfare,In-Person,Francistown,SWL-007,2023-01-03,2023-01-16,21,13.2,1,0.0,0,Resolved,1.2,3.7
BPS-04287,Works,Property Maintenance,Digital,Gaborone,WRK-004,2023-12-13,2023-12-21,14,8.1,1,0.0,0,Resolved,1.0,4.6
BPS-04041,Works,Property Maintenance,In-Person,Francistown,WRK-004,2024-10-06,2024-10-19,14,13.6,1,0.0,0,Resolved,1.0,3.5
BPS-02035,BURS,VAT Filing,Phone,Lobatse,BRS-007,2025-01-16,2025-01-26,10,10.6,0,0.6,0,Resolved,1.0,2.9
BPS-01023,Education,Teacher Posting,Digital,Kanye,EDU-002,2022-09-18,2022-09-29,14,11.9,1,0.0,0,Resolved,1.3,3.6
BPS-02283,BURS,VAT Filing,Digital,Molepolole,BRS-012,2022-04-13,2022-04-20,10,7.6,1,0.0,0,Resolved,1.0,3.8
BPS-04887,Motor Registry,Roadworthy Certificate,In-Person,Gaborone,MTR-001,2024-10-05,2024-10-06,5,1.9,1,0.0,0,Resolved,1.0,5.0
BPS-04220,Works,Property Maintenance,Phone,Lobatse,WRK-004,2024-09-10,2024-09-13,14,3.9,1,0.0,0,Resolved,1.0,3.6
BPS-03064,Social Welfare,Social Grant,Phone,Francistown,SWL-004,2022-11-10,2022-11-22,21,12.2,1,0.0,0,Resolved,1.0,3.7
BPS-04366,Motor Registry,Driver Licence,In-Person,Gaborone,MTR-013,2024-03-13,2024-03-18,5,5.4,0,0.4,0,Resolved,0.95,3.9
BPS-00666,Health,Patient Query,Phone,Molepolole,HLT-004,2024-03-18,2024-03-21,7,3.0,1,0.0,0,Resolved,0.7,3.6
BPS-03933,Works,Property Maintenance,In-Person,Serowe,WRK-003,2024-01-28,2024-02-11,14,14.9,0,0.9,0,Resolved,1.0,2.8
BPS-02639,Social Welfare,Social Grant,Post,Francistown,SWL-007,2023-06-19,2023-07-01,21,12.4,1,0.0,0,Resolved,1.0,
BPS-03177,Immigration,Permanent Residency,In-Person,Lobatse,IMG-006,2024-05-15,2024-06-01,30,17.6,1,0.0,0,Resolved,1.4,3.5
BPS-04266,Works,Utility Request,In-Person,Lobatse,WRK-003,2022-04-20,2022-05-02,14,12.9,1,0.0,0,Resolved,0.9,3.9
BPS-03122,Immigration,Permanent Residency,Digital,Serowe,IMG-002,2023-08-18,2023-09-07,30,20.4,1,0.0,0,Resolved,1.4,3.4
BPS-01018,Education,Student Enrollment,In-Person,Serowe,EDU-009,2023-05-14,2023-05-22,14,8.8,1,0.0,0,Resolved,0.9,4.7
BPS-00558,Health,Facility Request,In-Person,Maun,HLT-008,2023-01-29,2023-02-04,7,6.0,1,0.0,0,Resolved,1.1,3.8
BPS-02400,BURS,Assessment Dispute,In-Person,Serowe,BRS-012,2023-11-05,2023-11-15,10,10.5,0,0.5,1,Resolved,1.5,2.2
BPS-01208,Education,Scholarship Application,In-Person,Lobatse,EDU-006,2024-09-23,2024-10-04,14,11.9,1,0.0,0,Resolved,1.4,4.5
BPS-02006,BURS,Compliance Certificate,In-Person,Serowe,BRS-012,2022-02-20,2022-02-28,10,8.6,1,0.0,0,Resolved,0.85,4.2
BPS-02657,Social Welfare,Old Age Pension,Digital,Lobatse,SWL-007,2022-02-13,2022-02-20,21,7.5,1,0.0,0,Resolved,1.1,
BPS-02136,BURS,Tax Registration,In-Person,Kanye,BRS-002,2023-03-16,2023-03-23,10,7.0,1,0.0,0,Resolved,0.9,3.5
BPS-01511,Police,Document Request,Digital,Kanye,POL-002,2023-04-06,2023-04-07,5,1.0,1,0.0,0,Resolved,0.75,4.2
BPS-01737,Police,Document Request,Phone,Kanye,POL-005,2023-10-31,2023-11-01,5,1.0,1,0.0,0,Resolved,0.75,3.8
BPS-00246,Health,Medical Certificate,In-Person,Francistown,HLT-006,2025-01-13,2025-01-19,7,6.5,1,0.0,0,Resolved,0.8,
BPS-01164,Education,Teacher Posting,In-Person,Serowe,EDU-009,2024-02-14,2024-02-19,14,5.5,1,0.0,0,Resolved,1.3,3.5
BPS-03363,Immigration,Permanent Residency,In-Person,Kanye,IMG-001,2023-08-29,2023-09-12,30,14.3,1,0.0,0,Resolved,1.4,3.4
BPS-00267,Health,Medical Certificate,Digital,Gaborone,HLT-002,2022-01-14,2022-01-18,7,4.6,1,0.0,0,Resolved,0.8,
BPS-02367,BURS,Compliance Certificate,In-Person,Lobatse,BRS-010,2024-02-10,2024-02-14,10,4.6,1,0.0,0,Resolved,0.85,3.9
BPS-01115,Education,School Admin,Post,Gaborone,EDU-002,2023-12-17,2023-12-27,14,10.9,1,0.0,0,Resolved,0.8,4.7
BPS-00064,Health,Facility Request,Digital,Maun,HLT-008,2024-12-29,2025-01-01,7,3.0,1,0.0,0,Resolved,1.1,4.4
BPS-02593,Social Welfare,Social Grant,In-Person,Serowe,SWL-001,2023-05-23,2023-06-07,21,15.8,1,0.0,0,Resolved,1.0,4.0
BPS-02789,Social Welfare,Destitute Support,In-Person,Lobatse,SWL-008,2023-02-10,2023-03-01,21,19.8,1,0.0,0,Resolved,1.3,3.8
BPS-02758,Social Welfare,Orphan Welfare,Post,Francistown,SWL-004,2022-06-06,2022-06-25,21,19.0,1,0.0,0,Resolved,1.2,4.0
BPS-03012,Social Welfare,Orphan Welfare,In-Person,Maun,SWL-006,2022-09-14,2022-10-18,21,34.3,0,13.3,0,Resolved,1.2,
BPS-03077,Social Welfare,Orphan Welfare,In-Person,Maun,SWL-001,2023-07-27,2023-08-24,21,28.4,0,7.4,0,Resolved,1.2,3.2
BPS-02999,Social Welfare,Orphan Welfare,In-Person,Gaborone,SWL-003,2023-09-07,2023-10-01,21,24.9,0,3.9,1,Resolved,1.2,1.9
BPS-02816,Social Welfare,Social Grant,In-Person,Molepolole,SWL-001,2022-07-27,2022-08-18,21,22.9,0,1.9,0,Resolved,1.0,2.7
BPS-02260,BURS,Tax Registration,Phone,Serowe,BRS-010,2022-05-21,2022-05-28,10,7.1,1,0.0,0,Resolved,0.9,4.6
BPS-04959,Motor Registry,Roadworthy Certificate,Post,Maun,MTR-011,2023-04-02,2023-04-05,5,3.0,1,0.0,0,Resolved,1.0,5.0
BPS-03205,Immigration,Work Permit,In-Person,Maun,IMG-004,2022-10-16,2022-11-06,30,21.2,1,0.0,0,Resolved,1.2,2.8
BPS-01238,Education,School Admin,In-Person,Maun,EDU-008,2024-11-04,2024-11-11,14,7.4,1,0.0,0,Resolved,0.8,
BPS-00104,Health,Facility Request,In-Person,Serowe,HLT-006,2023-05-05,2023-05-08,7,3.5,1,0.0,0,Resolved,1.1,3.9
BPS-02644,Social Welfare,Social Grant,In-Person,Palapye,SWL-001,2024-09-30,2024-10-12,21,12.2,1,0.0,0,Resolved,1.0,
BPS-00273,Health,Medical Certificate,Digital,Gaborone,HLT-011,2022-07-11,2022-07-15,7,4.6,1,0.0,0,Resolved,0.8,4.5
BPS-00509,Health,Patient Query,In-Person,Maun,HLT-002,2024-05-22,2024-05-26,7,4.0,1,0.0,0,Resolved,0.7,3.8
BPS-02227,BURS,Compliance Certificate,Digital,Lobatse,BRS-009,2024-03-28,2024-04-05,10,8.0,1,0.0,0,Resolved,0.85,5.0
BPS-04934,Motor Registry,Number Plate,In-Person,Molepolole,MTR-005,2022-03-16,2022-03-18,5,2.5,1,0.0,0,Resolved,0.8,4.7
BPS-02442,BURS,VAT Filing,Phone,Palapye,BRS-003,2023-02-17,2023-03-02,10,13.1,0,3.1,0,Resolved,1.0,2.6
BPS-00866,Education,Student Enrollment,Phone,Lobatse,EDU-008,2023-04-26,2023-05-04,14,8.0,1,0.0,0,Resolved,0.9,
BPS-03327,Immigration,Work Permit,Digital,Kanye,IMG-004,2023-07-03,2023-07-25,30,22.9,1,0.0,0,Resolved,1.2,
BPS-00909,Education,School Admin,Post,Lobatse,EDU-004,2022-04-04,2022-04-19,14,15.1,0,1.1,1,Resolved,0.8,
BPS-02115,BURS,Assessment Dispute,In-Person,Gaborone,BRS-002,2023-12-21,2024-01-07,10,17.4,0,7.4,0,Resolved,1.5,
BPS-03897,Works,Property Maintenance,In-Person,Kanye,WRK-008,2022-03-17,2022-04-05,14,19.5,0,5.5,0,Resolved,1.0,
BPS-01628,Police,Case Registration,In-Person,Maun,POL-004,2022-10-09,2022-10-15,5,6.6,0,1.6,0,Resolved,1.1,2.6
BPS-02874,Social Welfare,Orphan Welfare,In-Person,Francistown,SWL-007,2023-11-02,2023-11-18,21,16.1,1,0.0,0,Resolved,1.2,3.6
BPS-01523,Police,Case Registration,Digital,Molepolole,POL-009,2022-11-27,2022-11-29,5,2.8,1,0.0,0,Resolved,1.1,3.9
BPS-00836,Education,School Admin,In-Person,Francistown,EDU-003,2023-12-17,2023-12-28,14,11.7,1,0.0,0,Resolved,0.8,
BPS-00359,Health,Medical Certificate,In-Person,Maun,HLT-004,2023-02-10,2023-02-16,7,6.2,1,0.0,0,Resolved,0.8,3.7
BPS-00139,Health,Patient Query,Digital,Kanye,HLT-007,2024-05-16,2024-05-21,7,5.3,1,0.0,0,Resolved,0.7,3.8
BPS-00300,Health,Specialist Referral,Digital,Maun,HLT-009,2023-11-09,2023-11-13,7,4.4,1,0.0,0,Resolved,1.2,
BPS-01557,Police,Protection Service,Digital,Maun,POL-001,2023-10-21,2023-10-26,5,5.1,0,0.1,1,Resolved,1.3,
BPS-01004,Education,Scholarship Application,Digital,Francistown,EDU-002,2023-12-07,2023-12-15,14,8.7,1,0.0,0,Resolved,1.4,
BPS-00383,Health,Facility Request,Digital,Maun,HLT-007,2024-06-08,2024-06-09,7,1.0,1,0.0,0,Resolved,1.1,
BPS-00942,Education,Teacher Posting,Post,Francistown,EDU-007,2022-08-31,2022-09-26,14,26.5,0,12.5,0,Resolved,1.3,
BPS-04447,Motor Registry,Vehicle Licensing,In-Person,Palapye,MTR-003,2024-08-17,2024-08-19,5,2.5,1,0.0,0,Resolved,0.9,5.0
BPS-04855,Motor Registry,Roadworthy Certificate,In-Person,Francistown,MTR-008,2023-10-23,2023-10-29,5,6.1,0,1.1,0,Resolved,1.0,
BPS-00762,Health,Patient Query,In-Person,Francistown,HLT-011,2024-11-18,2024-11-23,7,5.1,1,0.0,0,Resolved,0.7,4.5
BPS-01706,Police,Document Request,In-Person,Molepolole,POL-009,2024-06-24,2024-06-26,5,2.0,1,0.0,0,Resolved,0.75,3.7
BPS-01874,Police,Clearance Certificate,Post,Lobatse,POL-014,2023-08-18,2023-08-24,5,6.1,0,1.1,0,Resolved,0.85,2.5
BPS-02551,Social Welfare,Social Grant,In-Person,Gaborone,SWL-004,2022-01-10,2022-01-16,21,6.6,1,0.0,0,Resolved,1.0,3.6
BPS-02087,BURS,VAT Filing,In-Person,Gaborone,BRS-002,2022-08-28,2022-09-04,10,7.0,1,0.0,0,Resolved,1.0,4.2
BPS-02198,BURS,VAT Filing,Phone,Molepolole,BRS-003,2022-08-27,2022-09-03,10,7.1,1,0.0,0,Resolved,1.0,4.5
BPS-00899,Education,Scholarship Application,Phone,Palapye,EDU-004,2022-06-23,2022-07-14,14,21.8,0,7.8,0,Resolved,1.4,
BPS-04000,Works,Property Maintenance,Phone,Palapye,WRK-004,2023-07-26,2023-08-08,14,13.7,1,0.0,0,Resolved,1.0,4.4
BPS-03616,Land Board,Consent to Transfer,Digital,Molepolole,LBD-004,2022-03-18,2022-05-13,21,56.7,0,35.7,1,Resolved,1.3,1.7
BPS-01403,Education,School Admin,In-Person,Maun,EDU-008,2022-12-30,2023-01-12,14,13.4,1,0.0,0,Resolved,0.8,4.1
BPS-03874,Works,Property Maintenance,Digital,Gaborone,WRK-008,2022-03-20,2022-03-23,14,3.4,1,0.0,0,Resolved,1.0,
BPS-03786,Land Board,Land Use Approval,In-Person,Molepolole,LBD-005,2024-11-06,2025-01-05,21,60.8,0,39.8,1,Resolved,1.6,1.5
BPS-04387,Motor Registry,Number Plate,Digital,Kanye,MTR-005,2024-08-21,2024-08-22,5,1.7,1,0.0,0,Resolved,0.8,5.0
BPS-02956,Social Welfare,Orphan Welfare,In-Person,Lobatse,SWL-006,2022-12-07,2023-01-13,21,37.7,0,16.7,1,Resolved,1.2,
BPS-01513,Police,Clearance Certificate,In-Person,Gaborone,POL-004,2024-09-16,2024-09-18,5,2.9,1,0.0,0,Resolved,0.85,3.5
BPS-01189,Education,Scholarship Application,Digital,Lobatse,EDU-007,2022-12-15,2022-12-29,14,14.9,0,0.9,1,Resolved,1.4,2.4
BPS-02990,Social Welfare,Orphan Welfare,Digital,Serowe,SWL-005,2023-12-25,2024-01-22,21,28.1,0,7.1,0,Resolved,1.2,1.9
BPS-02081,BURS,Assessment Dispute,Phone,Molepolole,BRS-012,2024-05-21,2024-06-02,10,12.2,0,2.2,0,Resolved,1.5,2.9
BPS-04984,Motor Registry,Driver Licence,Digital,Serowe,MTR-013,2025-01-08,2025-01-09,5,1.0,1,0.0,0,Resolved,0.95,
BPS-03438,Immigration,Citizenship Application,Post,Maun,IMG-007,2022-08-15,2022-09-15,30,31.1,0,1.1,0,Resolved,1.6,2.3
BPS-00109,Health,Facility Request,Post,Palapye,HLT-011,2025-01-13,2025-01-23,7,10.0,0,3.0,0,Resolved,1.1,2.7
BPS-04699,Motor Registry,Driver Licence,In-Person,Francistown,MTR-011,2022-09-08,2022-09-10,5,2.8,1,0.0,0,Resolved,0.95,5.0
BPS-02828,Social Welfare,Orphan Welfare,In-Person,Palapye,SWL-007,2023-02-25,2023-03-19,21,22.1,0,1.1,0,Resolved,1.2,2.3
BPS-04748,Motor Registry,Number Plate,In-Person,Serowe,MTR-015,2022-07-05,2022-07-07,5,2.7,1,0.0,0,Resolved,0.8,
BPS-00059,Health,Facility Request,Digital,Palapye,HLT-005,2022-06-08,2022-06-13,7,5.4,1,0.0,0,Resolved,1.1,4.0
BPS-00077,Health,Specialist Referral,In-Person,Palapye,HLT-007,2023-05-08,2023-05-15,7,7.2,0,0.2,0,Resolved,1.2,2.2
BPS-00797,Health,Specialist Referral,In-Person,Lobatse,HLT-001,2024-04-03,2024-04-10,7,7.8,0,0.8,0,Resolved,1.2,2.2
BPS-00369,Health,Patient Query,Phone,Gaborone,HLT-006,2023-12-22,2023-12-27,7,5.3,1,0.0,0,Resolved,0.7,3.8
BPS-04906,Motor Registry,Number Plate,Phone,Palapye,MTR-007,2024-12-16,2024-12-20,5,4.3,1,0.0,0,Resolved,0.8,4.7
BPS-00786,Health,Patient Query,Digital,Lobatse,HLT-008,2025-01-15,2025-01-18,7,3.5,1,0.0,0,Resolved,0.7,5.0
BPS-02089,BURS,Compliance Certificate,Digital,Gaborone,BRS-002,2025-01-26,2025-01-30,10,4.6,1,0.0,0,Resolved,0.85,4.7
BPS-02315,BURS,VAT Filing,Digital,Gaborone,BRS-010,2022-05-03,2022-05-09,10,6.1,1,0.0,0,Resolved,1.0,4.6
BPS-03385,Immigration,Permanent Residency,In-Person,Lobatse,IMG-005,2022-04-08,2022-05-29,30,51.8,0,21.8,1,Resolved,1.4,1.0
BPS-03606,Land Board,Consent to Transfer,In-Person,Gaborone,LBD-004,2022-03-01,2022-04-15,21,45.9,0,24.9,1,Resolved,1.3,1.1
BPS-04112,Works,Asset Management,Phone,Palapye,WRK-008,2023-01-27,2023-02-03,14,7.6,1,0.0,0,Resolved,1.1,4.0
BPS-01903,Police,Clearance Certificate,In-Person,Francistown,POL-007,2024-08-14,2024-08-19,5,5.2,0,0.2,1,Resolved,0.85,2.1
BPS-01704,Police,Protection Service,In-Person,Francistown,POL-004,2022-06-17,2022-06-24,5,7.4,0,2.4,1,Resolved,1.3,2.3
BPS-00122,Health,Patient Query,Digital,Kanye,HLT-011,2022-08-10,2022-08-11,7,1.2,1,0.0,0,Resolved,0.7,3.9
BPS-01845,Police,Case Registration,In-Person,Lobatse,POL-012,2022-12-30,2023-01-02,5,3.9,1,0.0,0,Resolved,1.1,3.8
BPS-02370,BURS,Compliance Certificate,Digital,Lobatse,BRS-005,2022-12-15,2022-12-21,10,6.8,1,0.0,0,Resolved,0.85,4.2
BPS-03729,Land Board,Land Use Approval,In-Person,Molepolole,LBD-006,2024-06-10,2024-07-23,21,43.4,0,22.4,1,Resolved,1.6,
BPS-00911,Education,Scholarship Application,Digital,Lobatse,EDU-008,2023-05-19,2023-05-28,14,9.5,1,0.0,0,Resolved,1.4,
BPS-00125,Health,Patient Query,Digital,Molepolole,HLT-009,2022-11-13,2022-11-18,7,5.0,1,0.0,0,Resolved,0.7,3.9
BPS-02573,Social Welfare,Orphan Welfare,In-Person,Serowe,SWL-006,2024-08-06,2024-08-25,21,19.7,1,0.0,0,Resolved,1.2,
BPS-01587,Police,Document Request,In-Person,Serowe,POL-010,2022-06-28,2022-07-01,5,3.5,1,0.0,0,Resolved,0.75,
BPS-01258,Education,Student Enrollment,In-Person,Gaborone,EDU-009,2022-01-31,2022-02-12,14,12.6,1,0.0,0,Resolved,0.9,
BPS-03442,Immigration,Citizenship Application,Digital,Francistown,IMG-003,2022-11-18,2022-12-10,30,22.3,1,0.0,0,Resolved,1.6,3.3
BPS-03481,Land Board,Land Use Approval,In-Person,Francistown,LBD-004,2023-01-31,2023-04-09,21,68.5,0,47.5,1,Resolved,1.6,1.2
BPS-04109,Works,Utility Request,Digital,Palapye,WRK-002,2024-12-29,2025-01-06,14,8.2,1,0.0,0,Resolved,0.9,3.9
BPS-01179,Education,Student Enrollment,In-Person,Serowe,EDU-004,2022-07-30,2022-08-03,14,4.9,1,0.0,0,Resolved,0.9,3.9
BPS-03464,Land Board,Land Use Approval,Digital,Francistown,LBD-001,2023-01-21,2023-04-06,21,75.4,0,54.4,1,Resolved,1.6,
BPS-03470,Land Board,Land Use Approval,Digital,Maun,LBD-005,2024-08-13,2024-10-03,21,51.4,0,30.4,1,Resolved,1.6,1.9
BPS-03468,Land Board,Land Use Approval,In-Person,Serowe,LBD-005,2023-07-12,2023-09-29,21,79.6,0,58.6,1,Resolved,1.6,1.3
BPS-02104,BURS,VAT Filing,Post,Kanye,BRS-008,2023-11-19,2023-12-01,10,12.4,0,2.4,1,Resolved,1.0,2.3
BPS-00443,Health,Patient Query,In-Person,Molepolole,HLT-004,2024-04-05,2024-04-06,7,1.0,1,0.0,0,Resolved,0.7,3.9
BPS-02228,BURS,Assessment Dispute,In-Person,Lobatse,BRS-006,2024-09-02,2024-09-11,10,9.8,1,0.0,0,Resolved,1.5,4.3
BPS-04417,Motor Registry,Roadworthy Certificate,In-Person,Maun,MTR-006,2024-03-24,2024-03-28,5,4.6,1,0.0,0,Resolved,1.0,5.0
BPS-00926,Education,Student Enrollment,Phone,Kanye,EDU-007,2022-05-14,2022-05-17,14,3.8,1,0.0,0,Resolved,0.9,4.0
BPS-04021,Works,Utility Request,Phone,Serowe,WRK-008,2024-01-19,2024-02-07,14,19.7,0,5.7,0,Resolved,0.9,2.0
BPS-02146,BURS,Tax Registration,Phone,Palapye,BRS-004,2024-10-22,2024-11-01,10,10.6,0,0.6,0,Resolved,0.9,3.5
BPS-04771,Motor Registry,Roadworthy Certificate,In-Person,Kanye,MTR-011,2022-05-03,2022-05-05,5,2.4,1,0.0,0,Resolved,1.0,4.8
BPS-01412,Education,School Admin,Phone,Kanye,EDU-001,2024-03-29,2024-04-07,14,9.8,1,0.0,0,Resolved,0.8,3.6
BPS-03467,Land Board,Land Certificate,Digital,Maun,LBD-002,2022-08-27,2022-09-30,21,34.5,0,13.5,0,Resolved,1.2,1.6
BPS-02073,BURS,Tax Registration,Digital,Serowe,BRS-007,2022-03-27,2022-04-01,10,5.2,1,0.0,0,Resolved,0.9,
BPS-01510,Police,Protection Service,Phone,Kanye,POL-003,2024-12-27,2025-01-04,5,8.0,0,3.0,0,Resolved,1.3,2.8
BPS-01228,Education,Teacher Posting,In-Person,Lobatse,EDU-003,2023-09-29,2023-10-12,14,13.6,1,0.0,0,Resolved,1.3,3.2
BPS-04073,Works,Infrastructure Defect,Phone,Serowe,WRK-005,2024-06-17,2024-06-21,14,4.8,1,0.0,0,Resolved,1.2,
BPS-02586,Social Welfare,Old Age Pension,In-Person,Lobatse,SWL-002,2024-05-25,2024-06-10,21,16.3,1,0.0,0,Resolved,1.1,3.8
BPS-04451,Motor Registry,Number Plate,Digital,Francistown,MTR-004,2023-10-15,2023-10-16,5,1.0,1,0.0,0,Resolved,0.8,5.0
BPS-02952,Social Welfare,Social Grant,Phone,Serowe,SWL-008,2023-03-28,2023-04-17,21,20.8,1,0.0,0,Resolved,1.0,4.1
BPS-03886,Works,Infrastructure Defect,In-Person,Francistown,WRK-009,2024-02-24,2024-03-12,14,17.1,0,3.1,1,Resolved,1.2,
BPS-00325,Health,Medical Certificate,Digital,Serowe,HLT-001,2024-09-03,2024-09-06,7,3.0,1,0.0,0,Resolved,0.8,4.6
BPS-03978,Works,Property Maintenance,In-Person,Serowe,WRK-009,2023-12-25,2024-01-14,14,20.8,0,6.8,0,Resolved,1.0,2.4
BPS-03577,Land Board,Consent to Transfer,In-Person,Gaborone,LBD-004,2022-09-22,2022-11-05,21,44.4,0,23.4,1,Resolved,1.3,1.0
BPS-02212,BURS,Compliance Certificate,Phone,Maun,BRS-006,2024-02-04,2024-02-12,10,8.7,1,0.0,0,Resolved,0.85,4.1
BPS-03299,Immigration,Citizenship Application,In-Person,Lobatse,IMG-001,2024-12-24,2025-01-17,30,24.9,1,0.0,0,Resolved,1.6,4.0
BPS-03036,Social Welfare,Orphan Welfare,Digital,Gaborone,SWL-002,2024-08-28,2024-09-15,21,18.9,1,0.0,0,Resolved,1.2,3.8
BPS-01499,Police,Case Registration,Digital,Serowe,POL-002,2024-01-09,2024-01-12,5,3.4,1,0.0,0,Resolved,1.1,3.9
BPS-01503,Police,Clearance Certificate,In-Person,Gaborone,POL-013,2023-10-27,2023-10-28,5,1.0,1,0.0,0,Resolved,0.85,4.2
BPS-01007,Education,Teacher Posting,Digital,Palapye,EDU-002,2023-03-12,2023-03-26,14,14.3,0,0.3,0,Resolved,1.3,3.2
BPS-04180,Works,Asset Management,In-Person,Maun,WRK-004,2024-03-02,2024-03-14,14,12.0,1,0.0,0,Resolved,1.1,3.8
BPS-03014,Social Welfare,Destitute Support,In-Person,Francistown,SWL-006,2023-08-21,2023-08-31,21,10.7,1,0.0,0,Resolved,1.3,3.6
BPS-03517,Land Board,Land Use Approval,In-Person,Kanye,LBD-001,2022-12-16,2023-02-09,21,55.5,0,34.5,1,Resolved,1.6,1.2
BPS-01468,Police,Clearance Certificate,In-Person,Kanye,POL-001,2023-04-02,2023-04-08,5,6.7,0,1.7,1,Resolved,0.85,2.8
BPS-01226,Education,Student Enrollment,In-Person,Francistown,EDU-005,2023-11-14,2023-11-22,14,8.3,1,0.0,0,Resolved,0.9,3.7
BPS-03168,Immigration,Work Permit,Phone,Lobatse,IMG-004,2024-07-04,2024-08-03,30,30.5,0,0.5,0,Resolved,1.2,
BPS-02268,BURS,Tax Registration,In-Person,Lobatse,BRS-009,2024-05-14,2024-05-21,10,7.8,1,0.0,0,Resolved,0.9,4.4
BPS-03809,Land Board,Land Certificate,Post,Serowe,LBD-001,2023-05-24,2023-08-19,21,87.8,0,66.8,1,Resolved,1.2,1.1
BPS-01217,Education,Student Enrollment,In-Person,Kanye,EDU-003,2023-08-04,2023-08-11,14,7.9,1,0.0,0,Resolved,0.9,3.6
BPS-03977,Works,Utility Request,Phone,Serowe,WRK-001,2022-12-20,2023-01-01,14,12.8,1,0.0,0,Resolved,0.9,
BPS-04585,Motor Registry,Driver Licence,Phone,Palapye,MTR-013,2023-01-25,2023-01-26,5,1.0,1,0.0,0,Resolved,0.95,
BPS-00421,Health,Facility Request,In-Person,Serowe,HLT-009,2024-02-04,2024-02-19,7,15.6,0,8.6,0,Resolved,1.1,2.4
BPS-03423,Immigration,Citizenship Application,Digital,Maun,IMG-003,2024-12-28,2025-02-01,30,35.2,0,5.2,0,Resolved,1.6,3.2
BPS-00007,Health,Patient Query,Post,Francistown,HLT-004,2024-02-18,2024-02-27,7,9.3,0,2.3,0,Resolved,0.7,3.3
BPS-00933,Education,Teacher Posting,In-Person,Gaborone,EDU-009,2024-05-14,2024-05-19,14,5.0,1,0.0,0,Resolved,1.3,5.0
BPS-01692,Police,Document Request,Digital,Kanye,POL-009,2023-02-23,2023-02-25,5,2.1,1,0.0,0,Resolved,0.75,
BPS-00440,Health,Specialist Referral,Post,Kanye,HLT-011,2024-11-29,2024-12-06,7,7.5,0,0.5,1,Resolved,1.2,2.1
BPS-01314,Education,Teacher Posting,Digital,Kanye,EDU-002,2022-09-22,2022-10-04,14,12.6,1,0.0,0,Resolved,1.3,4.4
BPS-00679,Health,Specialist Referral,Digital,Maun,HLT-006,2023-06-20,2023-06-27,7,7.7,0,0.7,1,Resolved,1.2,2.2
BPS-01944,Police,Case Registration,Post,Maun,POL-005,2022-08-12,2022-08-16,5,4.5,1,0.0,0,Resolved,1.1,
BPS-04611,Motor Registry,Roadworthy Certificate,In-Person,Maun,MTR-011,2022-09-24,2022-09-26,5,2.8,1,0.0,0,Resolved,1.0,4.8
BPS-03304,Immigration,Permanent Residency,Phone,Francistown,IMG-007,2022-06-08,2022-06-29,30,21.1,1,0.0,0,Resolved,1.4,3.6
BPS-02269,BURS,VAT Filing,In-Person,Maun,BRS-003,2023-04-24,2023-04-30,10,6.5,1,0.0,0,Resolved,1.0,4.2
BPS-04634,Motor Registry,Roadworthy Certificate,In-Person,Kanye,MTR-003,2023-12-25,2023-12-28,5,3.7,1,0.0,0,Resolved,1.0,
BPS-04081,Works,Property Maintenance,In-Person,Francistown,WRK-005,2023-05-19,2023-06-04,14,16.4,0,2.4,0,Resolved,1.0,
BPS-02519,Social Welfare,Destitute Support,In-Person,Molepolole,SWL-006,2024-07-11,2024-08-02,21,22.6,0,1.6,0,Resolved,1.3,2.6
BPS-02440,BURS,Compliance Certificate,In-Person,Francistown,BRS-010,2022-01-10,2022-01-13,10,3.3,1,0.0,0,Resolved,0.85,4.2
BPS-04038,Works,Asset Management,In-Person,Lobatse,WRK-009,2023-07-02,2023-07-15,14,13.9,1,0.0,0,Resolved,1.1,3.6
BPS-01894,Police,Protection Service,In-Person,Francistown,POL-001,2024-03-03,2024-03-07,5,4.8,1,0.0,0,Resolved,1.3,3.9
BPS-04245,Works,Asset Management,In-Person,Francistown,WRK-001,2024-10-04,2024-10-18,14,14.8,0,0.8,0,Resolved,1.1,1.9
BPS-04830,Motor Registry,Vehicle Licensing,Post,Palapye,MTR-012,2023-07-18,2023-07-19,5,1.4,1,0.0,0,Resolved,0.9,4.8
BPS-02641,Social Welfare,Orphan Welfare,In-Person,Palapye,SWL-001,2024-04-16,2024-05-21,21,35.1,0,14.1,0,Resolved,1.2,2.9
BPS-00195,Health,Facility Request,Post,Kanye,HLT-011,2023-12-13,2023-12-21,7,8.9,0,1.9,0,Resolved,1.1,2.2
BPS-01475,Police,Case Registration,Digital,Molepolole,POL-013,2022-04-09,2022-04-11,5,2.8,1,0.0,0,Resolved,1.1,
BPS-04617,Motor Registry,Vehicle Licensing,In-Person,Molepolole,MTR-014,2024-10-12,2024-10-14,5,2.5,1,0.0,0,Resolved,0.9,
BPS-01212,Education,School Admin,Post,Maun,EDU-009,2023-06-28,2023-07-07,14,9.2,1,0.0,0,Resolved,0.8,3.9
BPS-02439,BURS,VAT Filing,In-Person,Gaborone,BRS-001,2025-01-28,2025-02-02,10,5.8,1,0.0,0,Resolved,1.0,4.2
BPS-01658,Police,Case Registration,In-Person,Lobatse,POL-002,2023-05-11,2023-05-18,5,7.5,0,2.5,1,Resolved,1.1,1.8
BPS-02701,Social Welfare,Destitute Support,In-Person,Molepolole,SWL-001,2024-04-02,2024-04-30,21,28.6,0,7.6,1,Resolved,1.3,1.6
BPS-03083,Social Welfare,Old Age Pension,In-Person,Molepolole,SWL-007,2024-06-05,2024-06-07,21,2.8,1,0.0,0,Resolved,1.1,3.2
BPS-02706,Social Welfare,Orphan Welfare,Digital,Lobatse,SWL-007,2024-04-23,2024-05-14,21,21.3,0,0.3,0,Resolved,1.2,2.4
BPS-04227,Works,Infrastructure Defect,In-Person,Gaborone,WRK-001,2023-06-05,2023-07-01,14,26.6,0,12.6,0,Resolved,1.2,
BPS-02843,Social Welfare,Orphan Welfare,Phone,Maun,SWL-006,2023-10-24,2023-11-24,21,31.5,0,10.5,0,Resolved,1.2,2.9
BPS-02303,BURS,Tax Registration,Phone,Kanye,BRS-002,2023-06-21,2023-06-26,10,5.1,1,0.0,0,Resolved,0.9,4.2
BPS-01131,Education,Student Enrollment,Post,Serowe,EDU-004,2022-10-16,2022-10-30,14,14.6,0,0.6,0,Resolved,0.9,2.6
BPS-01462,Police,Document Request,In-Person,Francistown,POL-012,2024-03-09,2024-03-10,5,1.4,1,0.0,0,Resolved,0.75,3.8
BPS-00277,Health,Patient Query,In-Person,Maun,HLT-004,2024-03-26,2024-03-31,7,5.5,1,0.0,0,Resolved,0.7,3.9
BPS-02223,BURS,Assessment Dispute,In-Person,Gaborone,BRS-011,2024-03-08,2024-03-24,10,16.2,0,6.2,0,Resolved,1.5,3.8
BPS-02332,BURS,Assessment Dispute,In-Person,Serowe,BRS-008,2023-08-15,2023-08-27,10,12.4,0,2.4,0,Resolved,1.5,
BPS-04323,Motor Registry,Number Plate,In-Person,Francistown,MTR-004,2024-03-14,2024-03-17,5,3.5,1,0.0,0,Resolved,0.8,5.0
BPS-01303,Education,Student Enrollment,In-Person,Kanye,EDU-009,2023-01-25,2023-02-04,14,10.4,1,0.0,0,Resolved,0.9,3.6
BPS-02518,Social Welfare,Old Age Pension,In-Person,Francistown,SWL-007,2023-11-02,2023-11-04,21,2.0,1,0.0,0,Resolved,1.1,3.5
BPS-00223,Health,Specialist Referral,In-Person,Kanye,HLT-009,2025-01-23,2025-01-31,7,8.9,0,1.9,0,Resolved,1.2,3.2
BPS-02037,BURS,Compliance Certificate,Digital,Molepolole,BRS-002,2022-02-15,2022-02-20,10,5.4,1,0.0,0,Resolved,0.85,4.4
BPS-01925,Police,Protection Service,In-Person,Maun,POL-004,2022-02-23,2022-03-06,5,11.9,0,6.9,0,Resolved,1.3,
BPS-00574,Health,Specialist Referral,Digital,Palapye,HLT-002,2022-05-05,2022-05-08,7,3.6,1,0.0,0,Resolved,1.2,4.8
BPS-01237,Education,Teacher Posting,In-Person,Palapye,EDU-006,2022-10-14,2022-11-07,14,24.5,0,10.5,0,Resolved,1.3,3.5
BPS-03545,Land Board,Land Use Approval,In-Person,Kanye,LBD-004,2022-05-12,2022-09-05,21,116.2,0,95.2,0,Resolved,1.6,1.3
BPS-02134,BURS,Assessment Dispute,Phone,Lobatse,BRS-006,2022-06-20,2022-07-02,10,12.3,0,2.3,0,Resolved,1.5,1.6
BPS-01335,Education,Scholarship Application,Digital,Francistown,EDU-004,2025-01-06,2025-01-17,14,11.5,1,0.0,0,Resolved,1.4,4.4
BPS-02458,BURS,VAT Filing,In-Person,Molepolole,BRS-005,2024-04-16,2024-04-25,10,9.4,1,0.0,0,Resolved,1.0,4.2
BPS-00419,Health,Specialist Referral,In-Person,Gaborone,HLT-001,2024-07-14,2024-07-25,7,11.4,0,4.4,1,Resolved,1.2,2.9
BPS-04915,Motor Registry,Vehicle Licensing,In-Person,Molepolole,MTR-007,2023-09-02,2023-09-05,5,3.4,1,0.0,0,Resolved,0.9,5.0
BPS-01105,Education,Teacher Posting,In-Person,Gaborone,EDU-004,2023-04-10,2023-04-30,14,20.9,0,6.9,0,Resolved,1.3,
BPS-00258,Health,Medical Certificate,Digital,Maun,HLT-007,2024-03-06,2024-03-08,7,2.3,1,0.0,0,Resolved,0.8,4.6
BPS-00296,Health,Patient Query,In-Person,Serowe,HLT-009,2024-07-01,2024-07-03,7,2.1,1,0.0,0,Resolved,0.7,4.3
BPS-02362,BURS,Tax Registration,In-Person,Palapye,BRS-003,2025-01-17,2025-01-19,10,2.9,1,0.0,0,Resolved,0.9,4.2
BPS-00387,Health,Medical Certificate,In-Person,Palapye,HLT-007,2024-09-28,2024-10-04,7,6.4,1,0.0,0,Resolved,0.8,3.8
BPS-03309,Immigration,Border Documentation,In-Person,Lobatse,IMG-007,2023-09-01,2023-10-09,30,38.4,0,8.4,0,Resolved,0.9,2.5
BPS-04014,Works,Asset Management,Digital,Francistown,WRK-006,2024-11-10,2024-11-20,14,10.8,1,0.0,0,Resolved,1.1,3.9
BPS-02232,BURS,Tax Registration,In-Person,Maun,BRS-001,2022-02-07,2022-02-16,10,9.8,1,0.0,0,Resolved,0.9,
BPS-02555,Social Welfare,Old Age Pension,In-Person,Maun,SWL-005,2022-11-11,2022-11-25,21,14.5,1,0.0,0,Resolved,1.1,
BPS-04336,Motor Registry,Driver Licence,Digital,Palapye,MTR-012,2024-05-07,2024-05-09,5,2.4,1,0.0,0,Resolved,0.95,5.0
BPS-03516,Land Board,Land Certificate,Digital,Palapye,LBD-005,2022-01-06,2022-02-23,21,48.2,0,27.2,1,Resolved,1.2,1.3
BPS-01840,Police,Document Request,Digital,Molepolole,POL-007,2022-09-09,2022-09-11,5,2.0,1,0.0,0,Resolved,0.75,4.4
BPS-04385,Motor Registry,Vehicle Licensing,Digital,Lobatse,MTR-008,2023-11-19,2023-11-21,5,2.0,1,0.0,0,Resolved,0.9,5.0
BPS-01564,Police,Protection Service,In-Person,Molepolole,POL-006,2022-09-30,2022-10-07,5,7.6,0,2.6,0,Resolved,1.3,
BPS-02016,BURS,Assessment Dispute,In-Person,Francistown,BRS-007,2022-11-01,2022-11-12,10,11.3,0,1.3,1,Resolved,1.5,2.7
BPS-01401,Education,Teacher Posting,Phone,Molepolole,EDU-007,2023-12-22,2023-12-30,14,8.0,1,0.0,0,Resolved,1.3,3.7
BPS-00713,Health,Patient Query,In-Person,Serowe,HLT-001,2023-01-29,2023-02-02,7,4.1,1,0.0,0,Resolved,0.7,
BPS-02421,BURS,Compliance Certificate,In-Person,Francistown,BRS-003,2022-02-21,2022-03-03,10,10.3,0,0.3,0,Resolved,0.85,2.6
BPS-02620,Social Welfare,Old Age Pension,In-Person,Serowe,SWL-006,2024-04-15,2024-05-15,21,30.1,0,9.1,0,Resolved,1.1,
BPS-00210,Health,Patient Query,In-Person,Molepolole,HLT-002,2024-11-01,2024-11-12,7,11.7,0,4.7,0,Resolved,0.7,
BPS-04945,Motor Registry,Vehicle Licensing,In-Person,Gaborone,MTR-007,2022-11-18,2022-11-20,5,2.9,1,0.0,0,Resolved,0.9,4.9
BPS-01290,Education,School Admin,Phone,Maun,EDU-006,2024-04-03,2024-04-04,14,1.1,1,0.0,0,Resolved,0.8,3.8
BPS-00450,Health,Specialist Referral,Digital,Molepolole,HLT-002,2022-04-06,2022-04-10,7,4.2,1,0.0,0,Resolved,1.2,4.0
BPS-04092,Works,Asset Management,In-Person,Francistown,WRK-008,2024-01-15,2024-02-06,14,22.6,0,8.6,1,Resolved,1.1,1.5
BPS-02570,Social Welfare,Old Age Pension,In-Person,Gaborone,SWL-001,2024-05-09,2024-05-29,21,20.5,1,0.0,0,Resolved,1.1,
BPS-01821,Police,Clearance Certificate,Digital,Francistown,POL-001,2023-02-23,2023-02-24,5,1.2,1,0.0,0,Resolved,0.85,4.7
BPS-00959,Education,Scholarship Application,In-Person,Gaborone,EDU-001,2022-10-12,2022-11-02,14,21.1,0,7.1,0,Resolved,1.4,3.6
BPS-01794,Police,Document Request,In-Person,Molepolole,POL-007,2023-08-13,2023-08-17,5,4.0,1,0.0,0,Resolved,0.75,4.4
BPS-04787,Motor Registry,Driver Licence,Phone,Molepolole,MTR-003,2023-06-03,2023-06-07,5,4.1,1,0.0,0,Resolved,0.95,5.0
BPS-00655,Health,Patient Query,Phone,Maun,HLT-007,2023-11-08,2023-11-17,7,9.3,0,2.3,0,Resolved,0.7,
BPS-02408,BURS,Compliance Certificate,In-Person,Lobatse,BRS-005,2022-05-16,2022-05-26,10,10.9,0,0.9,0,Resolved,0.85,3.0
BPS-03853,Land Board,Consent to Transfer,Digital,Maun,LBD-003,2022-01-17,2022-03-22,21,64.4,0,43.4,1,Resolved,1.3,
BPS-01996,Police,Case Registration,In-Person,Maun,POL-005,2022-01-16,2022-01-23,5,7.3,0,2.3,0,Resolved,1.1,
BPS-01761,Police,Protection Service,Phone,Serowe,POL-009,2023-03-09,2023-03-18,5,9.7,0,4.7,0,Resolved,1.3,3.1
BPS-02355,BURS,Assessment Dispute,In-Person,Kanye,BRS-002,2024-09-28,2024-10-16,10,18.2,0,8.2,1,Resolved,1.5,2.5
BPS-02742,Social Welfare,Social Grant,Digital,Molepolole,SWL-001,2022-11-09,2022-11-24,21,15.1,1,0.0,0,Resolved,1.0,
BPS-02618,Social Welfare,Social Grant,In-Person,Lobatse,SWL-005,2023-07-06,2023-07-25,21,19.1,1,0.0,0,Resolved,1.0,4.4
BPS-00412,Health,Patient Query,In-Person,Molepolole,HLT-007,2024-03-06,2024-03-07,7,1.9,1,0.0,0,Resolved,0.7,3.5
BPS-01775,Police,Case Registration,In-Person,Lobatse,POL-010,2022-06-20,2022-06-22,5,2.7,1,0.0,0,Resolved,1.1,
BPS-03979,Works,Asset Management,Phone,Francistown,WRK-002,2022-11-27,2022-12-11,14,14.7,0,0.7,0,Resolved,1.1,
BPS-02187,BURS,Compliance Certificate,In-Person,Kanye,BRS-004,2023-05-06,2023-05-09,10,3.9,1,0.0,0,Resolved,0.85,3.8
BPS-02380,BURS,Compliance Certificate,Digital,Kanye,BRS-004,2022-07-03,2022-07-07,10,4.3,1,0.0,0,Resolved,0.85,4.1
BPS-03964,Works,Infrastructure Defect,Digital,Maun,WRK-006,2023-03-26,2023-04-08,14,13.5,1,0.0,0,Resolved,1.2,4.0
BPS-04312,Works,Infrastructure Defect,Digital,Kanye,WRK-005,2024-07-27,2024-07-28,14,1.6,1,0.0,0,Resolved,1.2,4.2
BPS-04775,Motor Registry,Driver Licence,Digital,Palapye,MTR-002,2024-04-03,2024-04-04,5,1.0,1,0.0,0,Resolved,0.95,5.0
BPS-03703,Land Board,Land Allocation,In-Person,Kanye,LBD-003,2024-08-11,2024-09-28,21,48.7,0,27.7,0,Resolved,1.5,1.9
BPS-03973,Works,Property Maintenance,Digital,Kanye,WRK-002,2023-08-26,2023-09-06,14,11.0,1,0.0,0,Resolved,1.0,4.3
BPS-04766,Motor Registry,Vehicle Licensing,In-Person,Gaborone,MTR-005,2022-02-16,2022-02-18,5,2.6,1,0.0,0,Resolved,0.9,5.0
BPS-03559,Land Board,Land Allocation,In-Person,Molepolole,LBD-004,2024-12-07,2025-02-13,21,68.8,0,47.8,1,Resolved,1.5,1.0
BPS-04111,Works,Utility Request,In-Person,Serowe,WRK-003,2024-03-16,2024-04-02,14,17.2,0,3.2,0,Resolved,0.9,
BPS-03498,Land Board,Land Use Approval,In-Person,Francistown,LBD-006,2023-11-29,2024-02-12,21,75.6,0,54.6,1,Resolved,1.6,1.0
BPS-03766,Land Board,Land Certificate,Post,Maun,LBD-001,2023-02-19,2023-05-02,21,72.9,0,51.9,1,Resolved,1.2,2.0
BPS-00431,Health,Specialist Referral,Digital,Kanye,HLT-008,2023-04-26,2023-04-29,7,3.7,1,0.0,0,Resolved,1.2,4.3
BPS-04485,Motor Registry,Number Plate,In-Person,Molepolole,MTR-002,2023-07-09,2023-07-10,5,1.6,1,0.0,0,Resolved,0.8,
BPS-02322,BURS,Tax Registration,In-Person,Palapye,BRS-008,2024-02-29,2024-03-10,10,10.0,1,0.0,0,Resolved,0.9,4.3
BPS-01367,Education,Student Enrollment,In-Person,Molepolole,EDU-005,2022-02-28,2022-03-10,14,10.5,1,0.0,0,Resolved,0.9,4.3
BPS-01993,Police,Case Registration,In-Person,Maun,POL-002,2022-02-22,2022-03-02,5,8.0,0,3.0,1,Resolved,1.1,
BPS-02852,Social Welfare,Social Grant,Digital,Lobatse,SWL-001,2022-07-25,2022-08-09,21,15.6,1,0.0,0,Resolved,1.0,
BPS-01177,Education,Teacher Posting,In-Person,Serowe,EDU-002,2024-02-01,2024-02-04,14,3.8,1,0.0,0,Resolved,1.3,
BPS-03529,Land Board,Land Allocation,Phone,Lobatse,LBD-005,2024-03-11,2024-03-31,21,20.3,1,0.0,0,Resolved,1.5,2.9
BPS-01477,Police,Document Request,In-Person,Molepolole,POL-014,2024-07-14,2024-07-18,5,4.1,1,0.0,0,Resolved,0.75,3.9
BPS-03741,Land Board,Land Use Approval,In-Person,Maun,LBD-003,2024-04-16,2024-06-11,21,56.1,0,35.1,1,Resolved,1.6,1.5
BPS-02046,BURS,Compliance Certificate,Post,Molepolole,BRS-009,2025-01-07,2025-01-18,10,11.1,0,1.1,0,Resolved,0.85,2.3
BPS-00103,Health,Patient Query,Digital,Palapye,HLT-010,2022-11-01,2022-11-02,7,1.4,1,0.0,0,Resolved,0.7,4.5
BPS-04332,Motor Registry,Number Plate,In-Person,Serowe,MTR-009,2022-10-21,2022-10-24,5,3.2,1,0.0,0,Resolved,0.8,5.0
BPS-02993,Social Welfare,Social Grant,Phone,Lobatse,SWL-004,2023-09-08,2023-09-24,21,16.9,1,0.0,0,Resolved,1.0,4.8
BPS-01264,Education,Teacher Posting,In-Person,Palapye,EDU-004,2024-07-18,2024-07-27,14,9.8,1,0.0,0,Resolved,1.3,4.1
BPS-02882,Social Welfare,Old Age Pension,Digital,Kanye,SWL-005,2022-01-16,2022-01-18,21,2.7,1,0.0,0,Resolved,1.1,
BPS-03139,Immigration,Permanent Residency,Digital,Lobatse,IMG-002,2024-05-06,2024-06-05,30,30.3,0,0.3,1,Resolved,1.4,
BPS-03623,Land Board,Land Allocation,In-Person,Francistown,LBD-001,2022-07-09,2022-07-27,21,18.2,1,0.0,0,Resolved,1.5,2.7
BPS-03204,Immigration,Permanent Residency,Digital,Serowe,IMG-006,2023-09-19,2023-10-26,30,37.5,0,7.5,0,Resolved,1.4,3.2
BPS-04279,Works,Infrastructure Defect,Digital,Maun,WRK-004,2024-03-29,2024-04-06,14,8.3,1,0.0,0,Resolved,1.2,4.2
BPS-03300,Immigration,Border Documentation,In-Person,Gaborone,IMG-003,2022-08-07,2022-09-08,30,32.0,0,2.0,0,Resolved,0.9,2.0
BPS-04994,Motor Registry,Driver Licence,In-Person,Kanye,MTR-006,2024-07-17,2024-07-19,5,2.8,1,0.0,0,Resolved,0.95,5.0
BPS-03634,Land Board,Land Use Approval,In-Person,Palapye,LBD-006,2022-07-06,2022-10-12,21,98.1,0,77.1,1,Resolved,1.6,
BPS-01644,Police,Protection Service,In-Person,Molepolole,POL-008,2024-08-11,2024-08-15,5,4.3,1,0.0,0,Resolved,1.3,4.5
BPS-04506,Motor Registry,Vehicle Licensing,In-Person,Kanye,MTR-002,2023-01-18,2023-01-23,5,5.0,1,0.0,0,Resolved,0.9,5.0
BPS-00001,Health,Medical Certificate,In-Person,Serowe,HLT-005,2023-04-03,2023-04-09,7,6.4,1,0.0,0,Resolved,0.8,4.1
BPS-01581,Police,Case Registration,In-Person,Gaborone,POL-003,2023-05-05,2023-05-09,5,4.8,1,0.0,0,Resolved,1.1,3.6
BPS-04423,Motor Registry,Vehicle Licensing,Digital,Lobatse,MTR-013,2022-02-13,2022-02-15,5,2.4,1,0.0,0,Resolved,0.9,5.0
BPS-04117,Works,Utility Request,In-Person,Serowe,WRK-004,2023-12-24,2024-01-04,14,11.0,1,0.0,0,Resolved,0.9,
BPS-01357,Education,Teacher Posting,Digital,Serowe,EDU-007,2023-01-21,2023-01-29,14,8.1,1,0.0,0,Resolved,1.3,4.7
BPS-04202,Works,Infrastructure Defect,Digital,Kanye,WRK-001,2023-01-09,2023-01-14,14,5.0,1,0.0,0,Resolved,1.2,4.0
BPS-04575,Motor Registry,Number Plate,In-Person,Maun,MTR-008,2022-06-12,2022-06-14,5,2.4,1,0.0,0,Resolved,0.8,5.0
BPS-03734,Land Board,Land Allocation,In-Person,Kanye,LBD-001,2022-04-26,2022-07-11,21,76.1,0,55.1,1,Resolved,1.5,1.3
BPS-02026,BURS,Tax Registration,In-Person,Palapye,BRS-006,2022-07-11,2022-07-19,10,8.2,1,0.0,0,Resolved,0.9,
BPS-02219,BURS,Compliance Certificate,Phone,Lobatse,BRS-005,2024-04-04,2024-04-14,10,10.9,0,0.9,0,Resolved,0.85,
BPS-00397,Health,Facility Request,In-Person,Molepolole,HLT-010,2022-03-21,2022-03-22,7,1.0,1,0.0,0,Resolved,1.1,4.5
BPS-04942,Motor Registry,Driver Licence,In-Person,Molepolole,MTR-001,2023-07-07,2023-07-10,5,3.8,1,0.0,0,Resolved,0.95,5.0
BPS-01065,Education,Student Enrollment,In-Person,Lobatse,EDU-008,2023-06-27,2023-07-06,14,9.3,1,0.0,0,Resolved,0.9,4.7
BPS-03081,Social Welfare,Orphan Welfare,Post,Maun,SWL-001,2024-02-29,2024-04-09,21,40.9,0,19.9,0,Resolved,1.2,
BPS-02154,BURS,Compliance Certificate,In-Person,Gaborone,BRS-003,2023-07-31,2023-08-08,10,8.3,1,0.0,0,Resolved,0.85,4.0
BPS-00819,Education,Teacher Posting,Digital,Gaborone,EDU-003,2024-03-31,2024-04-11,14,11.1,1,0.0,0,Resolved,1.3,4.7
BPS-01813,Police,Clearance Certificate,In-Person,Gaborone,POL-014,2023-02-24,2023-03-01,5,5.1,0,0.1,0,Resolved,0.85,
BPS-02553,Social Welfare,Old Age Pension,Phone,Gaborone,SWL-006,2023-10-13,2023-11-13,21,31.6,0,10.6,0,Resolved,1.1,
BPS-01553,Police,Clearance Certificate,Phone,Kanye,POL-012,2022-03-31,2022-04-01,5,1.0,1,0.0,0,Resolved,0.85,3.5
BPS-04048,Works,Asset Management,In-Person,Kanye,WRK-004,2023-06-27,2023-07-26,14,29.9,0,15.9,0,Resolved,1.1,3.2
BPS-00817,Health,Facility Request,In-Person,Kanye,HLT-007,2024-05-15,2024-05-24,7,9.0,0,2.0,0,Resolved,1.1,2.2
BPS-01573,Police,Protection Service,In-Person,Maun,POL-012,2023-08-17,2023-08-22,5,5.6,0,0.6,0,Resolved,1.3,3.3
BPS-04553,Motor Registry,Roadworthy Certificate,In-Person,Kanye,MTR-003,2024-10-01,2024-10-04,5,3.0,1,0.0,0,Resolved,1.0,4.2
BPS-01801,Police,Clearance Certificate,In-Person,Molepolole,POL-005,2022-04-11,2022-04-17,5,6.8,0,1.8,1,Resolved,0.85,2.5
BPS-04288,Works,Infrastructure Defect,In-Person,Maun,WRK-003,2023-12-13,2023-12-30,14,17.1,0,3.1,0,Resolved,1.2,
BPS-00382,Health,Patient Query,In-Person,Maun,HLT-007,2022-06-03,2022-06-04,7,1.0,1,0.0,0,Resolved,0.7,
BPS-02875,Social Welfare,Destitute Support,In-Person,Molepolole,SWL-008,2022-01-31,2022-02-23,21,23.7,0,2.7,0,Resolved,1.3,
BPS-04348,Motor Registry,Number Plate,In-Person,Palapye,MTR-013,2022-05-12,2022-05-13,5,1.2,1,0.0,0,Resolved,0.8,5.0
BPS-04627,Motor Registry,Roadworthy Certificate,In-Person,Molepolole,MTR-015,2023-11-13,2023-11-15,5,2.9,1,0.0,0,Resolved,1.0,5.0
BPS-03504,Land Board,Land Use Approval,Phone,Maun,LBD-005,2022-05-08,2022-07-17,21,70.4,0,49.4,1,Resolved,1.6,1.2
BPS-02312,BURS,VAT Filing,Digital,Gaborone,BRS-001,2023-12-14,2023-12-25,10,11.6,0,1.6,0,Resolved,1.0,
BPS-01781,Police,Document Request,Digital,Gaborone,POL-007,2023-10-08,2023-10-09,5,1.0,1,0.0,0,Resolved,0.75,4.1
BPS-02727,Social Welfare,Destitute Support,Phone,Lobatse,SWL-005,2022-11-12,2022-12-12,21,30.6,0,9.6,0,Resolved,1.3,
BPS-02438,BURS,VAT Filing,In-Person,Palapye,BRS-012,2022-10-31,2022-11-11,10,11.6,0,1.6,0,Resolved,1.0,2.6
BPS-02334,BURS,Compliance Certificate,Phone,Maun,BRS-006,2022-08-31,2022-09-06,10,6.7,1,0.0,0,Resolved,0.85,
BPS-00865,Education,Teacher Posting,Digital,Francistown,EDU-005,2024-09-15,2024-09-23,14,8.4,1,0.0,0,Resolved,1.3,4.6
BPS-03639,Land Board,Land Use Approval,In-Person,Palapye,LBD-004,2022-07-16,2022-09-28,21,74.1,0,53.1,1,Resolved,1.6,1.0
BPS-03165,Immigration,Border Documentation,Phone,Palapye,IMG-002,2024-12-23,2025-01-03,30,11.9,1,0.0,0,Resolved,0.9,3.5
BPS-00555,Health,Specialist Referral,In-Person,Gaborone,HLT-009,2023-01-16,2023-01-25,7,9.5,0,2.5,1,Resolved,1.2,2.1
BPS-01160,Education,School Admin,In-Person,Maun,EDU-007,2024-04-05,2024-04-14,14,9.0,1,0.0,0,Resolved,0.8,3.8
BPS-01214,Education,Student Enrollment,In-Person,Kanye,EDU-008,2023-08-14,2023-08-28,14,14.1,0,0.1,0,Resolved,0.9,
BPS-03761,Land Board,Land Allocation,In-Person,Molepolole,LBD-004,2023-12-25,2024-03-15,21,81.1,0,60.1,0,Resolved,1.5,1.6
BPS-04214,Works,Utility Request,In-Person,Lobatse,WRK-005,2023-11-12,2023-11-14,14,2.3,1,0.0,0,Resolved,0.9,3.8
BPS-00049,Health,Specialist Referral,In-Person,Kanye,HLT-002,2023-10-05,2023-10-13,7,8.4,0,1.4,0,Resolved,1.2,2.5
BPS-02368,BURS,Assessment Dispute,In-Person,Gaborone,BRS-010,2022-03-17,2022-03-21,10,4.1,1,0.0,0,Resolved,1.5,4.5
BPS-00701,Health,Specialist Referral,In-Person,Serowe,HLT-001,2024-09-28,2024-10-02,7,4.2,1,0.0,0,Resolved,1.2,4.5
BPS-00653,Health,Medical Certificate,Post,Maun,HLT-008,2022-07-10,2022-07-16,7,6.3,1,0.0,0,Resolved,0.8,3.2
BPS-03934,Works,Property Maintenance,In-Person,Palapye,WRK-006,2022-03-18,2022-04-04,14,17.1,0,3.1,0,Resolved,1.0,
BPS-04410,Motor Registry,Number Plate,In-Person,Lobatse,MTR-001,2024-08-20,2024-08-23,5,3.1,1,0.0,0,Resolved,0.8,5.0
BPS-03312,Immigration,Citizenship Application,Digital,Gaborone,IMG-005,2023-04-09,2023-05-13,30,34.1,0,4.1,1,Resolved,1.6,2.5
BPS-00749,Health,Specialist Referral,Digital,Lobatse,HLT-004,2023-02-05,2023-02-09,7,4.9,1,0.0,0,Resolved,1.2,4.4
BPS-01456,Police,Clearance Certificate,In-Person,Molepolole,POL-003,2023-07-10,2023-07-11,5,1.1,1,0.0,0,Resolved,0.85,4.8
BPS-04196,Works,Asset Management,Digital,Serowe,WRK-002,2025-01-15,2025-01-24,14,9.2,1,0.0,0,Resolved,1.1,4.0
BPS-02390,BURS,Tax Registration,In-Person,Serowe,BRS-005,2024-03-15,2024-03-26,10,11.9,0,1.9,0,Resolved,0.9,2.8
BPS-03495,Land Board,Land Allocation,In-Person,Gaborone,LBD-004,2022-03-01,2022-05-24,21,84.7,0,63.7,1,Resolved,1.5,1.0
BPS-00867,Education,Scholarship Application,In-Person,Maun,EDU-003,2024-10-28,2024-11-15,14,18.3,0,4.3,0,Resolved,1.4,2.8
BPS-00753,Health,Specialist Referral,Phone,Molepolole,HLT-007,2022-10-13,2022-10-17,7,4.2,1,0.0,0,Resolved,1.2,
BPS-01645,Police,Case Registration,Digital,Lobatse,POL-013,2023-07-31,2023-08-01,5,1.5,1,0.0,0,Resolved,1.1,3.9
BPS-00093,Health,Medical Certificate,Post,Lobatse,HLT-011,2022-03-24,2022-03-28,7,4.1,1,0.0,0,Resolved,0.8,3.8
BPS-04825,Motor Registry,Vehicle Licensing,In-Person,Francistown,MTR-002,2022-10-03,2022-10-04,5,1.0,1,0.0,0,Resolved,0.9,
BPS-03102,Immigration,Border Documentation,In-Person,Serowe,IMG-006,2024-09-19,2024-10-19,30,30.6,0,0.6,0,Resolved,0.9,2.3
BPS-02433,BURS,Tax Registration,Post,Gaborone,BRS-002,2024-10-01,2024-10-09,10,8.5,1,0.0,0,Resolved,0.9,
BPS-02630,Social Welfare,Social Grant,In-Person,Molepolole,SWL-006,2022-11-13,2022-11-26,21,13.5,1,0.0,0,Resolved,1.0,3.4
BPS-01491,Police,Protection Service,In-Person,Kanye,POL-005,2022-01-23,2022-01-26,5,3.2,1,0.0,0,Resolved,1.3,3.5
BPS-02896,Social Welfare,Orphan Welfare,In-Person,Francistown,SWL-008,2022-06-20,2022-08-13,21,54.7,0,33.7,1,Resolved,1.2,
BPS-02178,BURS,Tax Registration,In-Person,Gaborone,BRS-001,2024-01-22,2024-01-28,10,6.1,1,0.0,0,Resolved,0.9,4.7
BPS-00730,Health,Medical Certificate,Phone,Molepolole,HLT-002,2023-11-13,2023-11-15,7,2.0,1,0.0,0,Resolved,0.8,3.9
BPS-04760,Motor Registry,Roadworthy Certificate,Post,Kanye,MTR-001,2023-06-18,2023-06-25,5,7.1,0,2.1,0,Resolved,1.0,
BPS-02472,BURS,Tax Registration,In-Person,Molepolole,BRS-006,2023-06-02,2023-06-15,10,13.4,0,3.4,1,Resolved,0.9,2.0
BPS-02243,BURS,Compliance Certificate,Phone,Gaborone,BRS-007,2023-06-11,2023-06-22,10,11.7,0,1.7,0,Resolved,0.85,2.8
BPS-01937,Police,Case Registration,Digital,Kanye,POL-007,2024-01-20,2024-01-25,5,5.0,1,0.0,0,Resolved,1.1,4.3
BPS-01746,Police,Protection Service,In-Person,Maun,POL-002,2022-04-16,2022-04-22,5,6.7,0,1.7,1,Resolved,1.3,2.1
BPS-04747,Motor Registry,Driver Licence,Digital,Gaborone,MTR-008,2024-02-20,2024-02-21,5,1.0,1,0.0,0,Resolved,0.95,5.0
BPS-04374,Motor Registry,Vehicle Licensing,Digital,Kanye,MTR-014,2025-01-19,2025-01-20,5,1.0,1,0.0,0,Resolved,0.9,5.0
BPS-03492,Land Board,Land Allocation,Post,Kanye,LBD-003,2023-10-26,2024-01-17,21,83.7,0,62.7,1,Resolved,1.5,
BPS-01111,Education,Student Enrollment,In-Person,Lobatse,EDU-007,2022-10-24,2022-11-05,14,12.3,1,0.0,0,Resolved,0.9,
BPS-03338,Immigration,Citizenship Application,Phone,Kanye,IMG-006,2022-02-13,2022-03-20,30,35.3,0,5.3,0,Resolved,1.6,2.7
BPS-04033,Works,Asset Management,Phone,Molepolole,WRK-005,2022-02-12,2022-02-18,14,6.5,1,0.0,0,Resolved,1.1,
BPS-04472,Motor Registry,Number Plate,In-Person,Lobatse,MTR-009,2022-03-31,2022-04-03,5,3.7,1,0.0,0,Resolved,0.8,4.4
BPS-04158,Works,Utility Request,Phone,Palapye,WRK-003,2022-04-23,2022-05-01,14,8.3,1,0.0,0,Resolved,0.9,
BPS-00347,Health,Facility Request,In-Person,Lobatse,HLT-004,2023-09-15,2023-09-17,7,2.0,1,0.0,0,Resolved,1.1,3.7
BPS-01186,Education,Student Enrollment,Phone,Gaborone,EDU-002,2023-04-04,2023-04-16,14,12.9,1,0.0,0,Resolved,0.9,
BPS-04007,Works,Asset Management,Phone,Gaborone,WRK-008,2023-06-14,2023-06-15,14,1.0,1,0.0,0,Resolved,1.1,
BPS-01516,Police,Document Request,Phone,Serowe,POL-012,2025-01-07,2025-01-09,5,2.3,1,0.0,0,Resolved,0.75,3.8
BPS-04670,Motor Registry,Driver Licence,In-Person,Kanye,MTR-006,2024-01-19,2024-01-21,5,2.3,1,0.0,0,Resolved,0.95,4.6
BPS-00579,Health,Facility Request,Post,Kanye,HLT-006,2024-02-01,2024-02-02,7,1.2,1,0.0,0,Resolved,1.1,4.3
BPS-01965,Police,Case Registration,Digital,Francistown,POL-003,2024-07-25,2024-07-28,5,3.8,1,0.0,0,Resolved,1.1,4.0
BPS-00076,Health,Specialist Referral,In-Person,Kanye,HLT-005,2023-07-27,2023-08-07,7,11.5,0,4.5,1,Resolved,1.2,
BPS-01430,Education,Scholarship Application,In-Person,Kanye,EDU-003,2024-11-04,2024-11-17,14,13.5,1,0.0,0,Resolved,1.4,4.1
BPS-03713,Land Board,Land Use Approval,In-Person,Francistown,LBD-006,2025-01-15,,21,85.8,0,64.8,1,Pending,1.6,
BPS-04431,Motor Registry,Roadworthy Certificate,Phone,Lobatse,MTR-003,2022-05-12,2022-05-13,5,1.0,1,0.0,0,Resolved,1.0,4.6
BPS-02752,Social Welfare,Destitute Support,Phone,Palapye,SWL-001,2022-09-28,2022-11-01,21,34.5,0,13.5,0,Resolved,1.3,
BPS-04953,Motor Registry,Roadworthy Certificate,Phone,Maun,MTR-008,2024-11-10,2024-11-13,5,3.9,1,0.0,0,Resolved,1.0,
BPS-01847,Police,Case Registration,In-Person,Lobatse,POL-007,2022-12-16,2022-12-22,5,6.0,0,1.0,0,Resolved,1.1,2.5
BPS-00132,Health,Facility Request,Digital,Palapye,HLT-002,2024-07-07,2024-07-12,7,5.1,1,0.0,0,Resolved,1.1,
BPS-00179,Health,Medical Certificate,Post,Gaborone,HLT-009,2024-03-10,2024-03-15,7,5.6,1,0.0,0,Resolved,0.8,3.9
BPS-02900,Social Welfare,Social Grant,Digital,Palapye,SWL-004,2024-04-25,2024-05-08,21,13.9,1,0.0,0,Resolved,1.0,4.1
BPS-04467,Motor Registry,Driver Licence,In-Person,Palapye,MTR-003,2023-02-10,2023-02-13,5,3.5,1,0.0,0,Resolved,0.95,5.0
BPS-04195,Works,Property Maintenance,In-Person,Gaborone,WRK-005,2024-07-06,2024-07-07,14,1.0,1,0.0,0,Resolved,1.0,3.3
BPS-02523,Social Welfare,Orphan Welfare,Digital,Molepolole,SWL-008,2022-09-05,2022-09-22,21,17.9,1,0.0,0,Resolved,1.2,
BPS-01843,Police,Protection Service,Digital,Gaborone,POL-013,2024-12-12,2024-12-15,5,3.0,1,0.0,0,Resolved,1.3,4.3
BPS-02099,BURS,VAT Filing,In-Person,Gaborone,BRS-008,2024-12-17,2024-12-19,10,2.8,1,0.0,0,Resolved,1.0,4.6
BPS-03950,Works,Infrastructure Defect,Phone,Francistown,WRK-001,2024-07-11,2024-07-17,14,6.8,1,0.0,0,Resolved,1.2,
BPS-02374,BURS,Tax Registration,Phone,Serowe,BRS-005,2024-07-14,2024-07-22,10,8.9,1,0.0,0,Resolved,0.9,3.9
BPS-00605,Health,Specialist Referral,In-Person,Serowe,HLT-007,2024-05-04,2024-05-13,7,9.0,0,2.0,0,Resolved,1.2,2.9
BPS-02628,Social Welfare,Old Age Pension,In-Person,Lobatse,SWL-001,2023-01-16,2023-02-09,21,24.6,0,3.6,1,Resolved,1.1,1.7
BPS-00026,Health,Medical Certificate,In-Person,Francistown,HLT-009,2022-04-14,2022-04-18,7,4.5,1,0.0,0,Resolved,0.8,
BPS-00659,Health,Facility Request,Phone,Kanye,HLT-007,2025-01-20,2025-01-26,7,6.5,1,0.0,0,Resolved,1.1,3.8
BPS-04978,Motor Registry,Roadworthy Certificate,Digital,Kanye,MTR-013,2024-12-04,2024-12-05,5,1.3,1,0.0,0,Resolved,1.0,4.6
BPS-03318,Immigration,Border Documentation,In-Person,Molepolole,IMG-002,2023-09-29,2023-10-15,30,16.6,1,0.0,0,Resolved,0.9,3.3
BPS-03869,Works,Property Maintenance,Phone,Gaborone,WRK-003,2023-05-27,2023-06-07,14,11.5,1,0.0,0,Resolved,1.0,
BPS-00174,Health,Patient Query,In-Person,Francistown,HLT-006,2023-11-18,2023-11-23,7,5.2,1,0.0,0,Resolved,0.7,3.8
BPS-01612,Police,Clearance Certificate,In-Person,Gaborone,POL-008,2023-10-04,2023-10-05,5,1.0,1,0.0,0,Resolved,0.85,3.9
BPS-00438,Health,Facility Request,Phone,Gaborone,HLT-010,2022-09-25,2022-09-26,7,1.0,1,0.0,0,Resolved,1.1,4.0
BPS-00332,Health,Patient Query,Digital,Palapye,HLT-004,2024-03-01,2024-03-03,7,2.6,1,0.0,0,Resolved,0.7,4.6
BPS-03101,Immigration,Border Documentation,Digital,Gaborone,IMG-003,2023-07-24,2023-08-04,30,11.7,1,0.0,0,Resolved,0.9,4.6
BPS-01455,Police,Case Registration,Phone,Kanye,POL-009,2022-05-22,2022-05-26,5,4.9,1,0.0,0,Resolved,1.1,
BPS-00343,Health,Medical Certificate,In-Person,Kanye,HLT-008,2024-02-24,2024-03-01,7,6.1,1,0.0,0,Resolved,0.8,3.9
BPS-03210,Immigration,Permanent Residency,In-Person,Lobatse,IMG-003,2024-09-26,2024-11-07,30,42.4,0,12.4,1,Resolved,1.4,2.1
BPS-04577,Motor Registry,Number Plate,In-Person,Serowe,MTR-008,2022-09-17,2022-09-18,5,1.0,1,0.0,0,Resolved,0.8,
BPS-01089,Education,Student Enrollment,Post,Serowe,EDU-001,2024-03-25,2024-04-04,14,10.4,1,0.0,0,Resolved,0.9,4.1
BPS-00480,Health,Medical Certificate,In-Person,Serowe,HLT-006,2024-04-25,2024-05-04,7,9.3,0,2.3,1,Resolved,0.8,
BPS-00728,Health,Medical Certificate,In-Person,Maun,HLT-005,2024-07-29,2024-08-04,7,6.8,1,0.0,0,Resolved,0.8,
BPS-03784,Land Board,Land Certificate,In-Person,Palapye,LBD-006,2023-02-05,2023-03-10,21,33.8,0,12.8,1,Resolved,1.2,
BPS-00977,Education,Teacher Posting,In-Person,Francistown,EDU-001,2024-03-10,2024-03-21,14,11.9,1,0.0,0,Resolved,1.3,3.7
BPS-03785,Land Board,Land Certificate,In-Person,Francistown,LBD-005,2024-08-13,2024-10-19,21,67.7,0,46.7,1,Resolved,1.2,1.0
BPS-02978,Social Welfare,Old Age Pension,Digital,Molepolole,SWL-006,2023-12-20,2023-12-29,21,9.8,1,0.0,0,Resolved,1.1,3.5
BPS-01929,Police,Clearance Certificate,In-Person,Lobatse,POL-012,2022-03-03,2022-03-07,5,4.4,1,0.0,0,Resolved,0.85,3.2
BPS-01469,Police,Protection Service,Phone,Palapye,POL-009,2022-10-03,2022-10-06,5,3.2,1,0.0,0,Resolved,1.3,
BPS-01225,Education,Scholarship Application,In-Person,Maun,EDU-007,2024-04-05,2024-04-19,14,14.4,0,0.4,0,Resolved,1.4,2.4
BPS-02857,Social Welfare,Old Age Pension,In-Person,Kanye,SWL-001,2023-02-02,2023-02-15,21,13.8,1,0.0,0,Resolved,1.1,4.3
BPS-01953,Police,Clearance Certificate,In-Person,Francistown,POL-014,2023-10-30,2023-11-01,5,2.3,1,0.0,0,Resolved,0.85,
BPS-04831,Motor Registry,Roadworthy Certificate,In-Person,Palapye,MTR-001,2023-04-23,2023-04-29,5,6.3,0,1.3,0,Resolved,1.0,3.6
BPS-04501,Motor Registry,Vehicle Licensing,In-Person,Gaborone,MTR-014,2023-08-28,2023-08-30,5,2.3,1,0.0,0,Resolved,0.9,4.9
BPS-01893,Police,Clearance Certificate,In-Person,Gaborone,POL-004,2022-01-14,2022-01-16,5,2.2,1,0.0,0,Resolved,0.85,3.5
BPS-01300,Education,Teacher Posting,Phone,Francistown,EDU-005,2022-09-03,2022-09-17,14,14.1,0,0.1,0,Resolved,1.3,2.9
BPS-02991,Social Welfare,Social Grant,In-Person,Lobatse,SWL-007,2024-11-26,2024-12-24,21,28.6,0,7.6,0,Resolved,1.0,2.6
BPS-04600,Motor Registry,Driver Licence,Digital,Kanye,MTR-014,2024-12-22,2024-12-25,5,3.2,1,0.0,0,Resolved,0.95,5.0
BPS-00661,Health,Facility Request,In-Person,Molepolole,HLT-002,2023-11-02,2023-11-05,7,3.5,1,0.0,0,Resolved,1.1,
BPS-04578,Motor Registry,Vehicle Licensing,Phone,Gaborone,MTR-006,2023-10-17,2023-10-20,5,3.7,1,0.0,0,Resolved,0.9,5.0
BPS-04074,Works,Property Maintenance,In-Person,Molepolole,WRK-004,2023-12-07,2023-12-20,14,13.2,1,0.0,0,Resolved,1.0,4.0
BPS-02785,Social Welfare,Orphan Welfare,Phone,Gaborone,SWL-005,2022-02-23,2022-03-11,21,16.4,1,0.0,0,Resolved,1.2,4.5
BPS-04938,Motor Registry,Vehicle Licensing,Phone,Maun,MTR-006,2022-09-25,2022-09-27,5,2.7,1,0.0,0,Resolved,0.9,5.0
BPS-03828,Land Board,Land Use Approval,Phone,Francistown,LBD-005,2023-11-21,2024-02-12,21,83.3,0,62.3,1,Resolved,1.6,1.0
BPS-02715,Social Welfare,Old Age Pension,In-Person,Gaborone,SWL-008,2023-11-07,2023-11-28,21,21.4,0,0.4,0,Resolved,1.1,1.5
BPS-04658,Motor Registry,Number Plate,Digital,Molepolole,MTR-003,2024-12-23,2024-12-24,5,1.0,1,0.0,0,Resolved,0.8,
BPS-00268,Health,Specialist Referral,In-Person,Palapye,HLT-009,2024-02-04,2024-02-07,7,3.6,1,0.0,0,Resolved,1.2,4.2
BPS-04443,Motor Registry,Driver Licence,In-Person,Gaborone,MTR-012,2024-05-30,2024-06-02,5,3.0,1,0.0,0,Resolved,0.95,
BPS-04960,Motor Registry,Number Plate,Digital,Gaborone,MTR-009,2024-04-28,2024-04-30,5,2.4,1,0.0,0,Resolved,0.8,5.0
BPS-03373,Immigration,Border Documentation,In-Person,Francistown,IMG-006,2023-01-04,2023-02-08,30,35.7,0,5.7,0,Resolved,0.9,2.4
BPS-03596,Land Board,Land Allocation,Digital,Serowe,LBD-001,2023-01-29,2023-04-10,21,71.7,0,50.7,1,Resolved,1.5,2.0
BPS-04317,Works,Utility Request,Digital,Maun,WRK-008,2022-01-02,2022-01-06,14,4.4,1,0.0,0,Resolved,0.9,4.0
BPS-03723,Land Board,Land Certificate,Digital,Palapye,LBD-001,2023-06-13,2023-06-30,21,17.6,1,0.0,0,Resolved,1.2,
BPS-03407,Immigration,Border Documentation,In-Person,Francistown,IMG-003,2024-09-05,2024-10-05,30,30.7,0,0.7,0,Resolved,0.9,
BPS-01279,Education,Scholarship Application,In-Person,Kanye,EDU-007,2024-08-21,2024-09-08,14,18.1,0,4.1,1,Resolved,1.4,2.2
BPS-04641,Motor Registry,Number Plate,In-Person,Molepolole,MTR-012,2024-06-18,2024-06-20,5,2.6,1,0.0,0,Resolved,0.8,5.0
BPS-03918,Works,Property Maintenance,Digital,Serowe,WRK-004,2024-01-27,2024-02-06,14,10.9,1,0.0,0,Resolved,1.0,4.2
BPS-02679,Social Welfare,Orphan Welfare,Phone,Molepolole,SWL-007,2022-11-18,2022-12-09,21,21.3,0,0.3,0,Resolved,1.2,
BPS-01622,Police,Protection Service,Digital,Maun,POL-007,2023-10-31,2023-11-01,5,1.0,1,0.0,0,Resolved,1.3,3.8
BPS-04104,Works,Utility Request,In-Person,Kanye,WRK-009,2023-12-04,2023-12-18,14,14.6,0,0.6,1,Resolved,0.9,1.9
BPS-02858,Social Welfare,Old Age Pension,In-Person,Gaborone,SWL-003,2024-06-13,2024-06-30,21,17.9,1,0.0,0,Resolved,1.1,4.3
BPS-01897,Police,Clearance Certificate,Phone,Molepolole,POL-008,2022-10-22,2022-10-25,5,3.7,1,0.0,0,Resolved,0.85,4.0
BPS-03925,Works,Utility Request,Digital,Palapye,WRK-002,2023-09-08,2023-09-15,14,7.9,1,0.0,0,Resolved,0.9,5.0
BPS-03015,Social Welfare,Old Age Pension,In-Person,Gaborone,SWL-006,2022-10-24,2022-11-06,21,13.9,1,0.0,0,Resolved,1.1,
BPS-04439,Motor Registry,Driver Licence,In-Person,Lobatse,MTR-004,2023-06-14,2023-06-17,5,3.9,1,0.0,0,Resolved,0.95,4.9
BPS-00068,Health,Specialist Referral,In-Person,Maun,HLT-001,2023-05-04,2023-05-16,7,12.1,0,5.1,0,Resolved,1.2,
BPS-02043,BURS,Tax Registration,In-Person,Palapye,BRS-012,2022-05-14,2022-05-19,10,5.7,1,0.0,0,Resolved,0.9,4.0
BPS-02581,Social Welfare,Orphan Welfare,In-Person,Serowe,SWL-006,2024-10-23,2024-11-17,21,25.5,0,4.5,0,Resolved,1.2,1.9
BPS-03783,Land Board,Land Use Approval,Digital,Maun,LBD-004,2023-07-01,2023-08-04,21,34.3,0,13.3,1,Resolved,1.6,1.1
BPS-03791,Land Board,Land Certificate,In-Person,Serowe,LBD-006,2023-07-18,2023-09-27,21,71.9,0,50.9,1,Resolved,1.2,1.0
BPS-00821,Education,Scholarship Application,In-Person,Lobatse,EDU-006,2023-02-11,2023-02-24,14,13.7,1,0.0,0,Resolved,1.4,4.3
BPS-01227,Education,Scholarship Application,Phone,Gaborone,EDU-002,2023-02-24,2023-03-09,14,13.5,1,0.0,0,Resolved,1.4,4.0
BPS-02992,Social Welfare,Social Grant,In-Person,Gaborone,SWL-008,2024-11-06,2024-11-29,21,23.1,0,2.1,1,Resolved,1.0,1.7
BPS-03133,Immigration,Work Permit,In-Person,Francistown,IMG-003,2023-03-19,2023-04-02,30,14.0,1,0.0,0,Resolved,1.2,3.2
BPS-02744,Social Welfare,Destitute Support,Digital,Kanye,SWL-007,2023-07-13,2023-08-03,21,21.2,0,0.2,0,Resolved,1.3,2.2
BPS-04458,Motor Registry,Number Plate,Post,Serowe,MTR-005,2023-11-17,2023-11-18,5,1.4,1,0.0,0,Resolved,0.8,5.0
BPS-04270,Works,Property Maintenance,Digital,Kanye,WRK-005,2024-03-17,2024-03-28,14,11.8,1,0.0,0,Resolved,1.0,3.8
BPS-03350,Immigration,Citizenship Application,In-Person,Gaborone,IMG-002,2022-01-25,2022-03-05,30,39.8,0,9.8,0,Resolved,1.6,2.2
BPS-01144,Education,Student Enrollment,In-Person,Molepolole,EDU-008,2024-12-10,2024-12-21,14,11.3,1,0.0,0,Resolved,0.9,
BPS-00398,Health,Medical Certificate,Digital,Kanye,HLT-005,2022-02-11,2022-02-15,7,4.8,1,0.0,0,Resolved,0.8,4.9
BPS-02907,Social Welfare,Social Grant,Digital,Kanye,SWL-007,2024-02-24,2024-03-04,21,9.8,1,0.0,0,Resolved,1.0,
BPS-04302,Works,Asset Management,In-Person,Serowe,WRK-004,2024-10-03,2024-10-08,14,5.4,1,0.0,0,Resolved,1.1,3.4
BPS-02760,Social Welfare,Old Age Pension,In-Person,Francistown,SWL-008,2023-10-27,2023-11-20,21,24.1,0,3.1,0,Resolved,1.1,2.1
BPS-01399,Education,Scholarship Application,Digital,Gaborone,EDU-007,2023-08-05,2023-08-20,14,15.5,0,1.5,0,Resolved,1.4,2.9
BPS-01660,Police,Case Registration,In-Person,Molepolole,POL-002,2024-01-03,2024-01-10,5,7.1,0,2.1,0,Resolved,1.1,2.6
BPS-00980,Education,Teacher Posting,Digital,Molepolole,EDU-001,2024-11-15,2024-11-29,14,14.3,0,0.3,0,Resolved,1.3,
BPS-01299,Education,Teacher Posting,In-Person,Kanye,EDU-001,2023-02-21,2023-03-09,14,16.0,0,2.0,0,Resolved,1.3,3.8
BPS-03556,Land Board,Land Certificate,Phone,Lobatse,LBD-005,2024-03-09,2024-04-28,21,50.6,0,29.6,1,Resolved,1.2,1.0
BPS-00083,Health,Specialist Referral,Digital,Francistown,HLT-008,2022-01-26,2022-02-02,7,7.9,0,0.9,0,Resolved,1.2,
BPS-04508,Motor Registry,Number Plate,Digital,Lobatse,MTR-009,2022-12-28,2022-12-29,5,1.9,1,0.0,0,Resolved,0.8,5.0
BPS-02459,BURS,VAT Filing,In-Person,Francistown,BRS-001,2022-12-26,2023-01-05,10,10.5,0,0.5,0,Resolved,1.0,3.7
BPS-03740,Land Board,Consent to Transfer,In-Person,Palapye,LBD-002,2024-11-24,2024-12-25,21,31.7,0,10.7,1,Resolved,1.3,
BPS-03782,Land Board,Consent to Transfer,Phone,Maun,LBD-004,2024-06-04,2024-07-23,21,49.1,0,28.1,1,Resolved,1.3,1.7
BPS-02289,BURS,VAT Filing,In-Person,Lobatse,BRS-005,2023-09-11,2023-09-15,10,4.0,1,0.0,0,Resolved,1.0,
BPS-00424,Health,Patient Query,In-Person,Maun,HLT-011,2023-12-03,2023-12-10,7,7.5,0,0.5,0,Resolved,0.7,
BPS-04340,Motor Registry,Driver Licence,Digital,Palapye,MTR-014,2022-01-18,2022-01-20,5,2.4,1,0.0,0,Resolved,0.95,
BPS-01905,Police,Document Request,In-Person,Kanye,POL-008,2024-02-10,2024-02-13,5,3.5,1,0.0,0,Resolved,0.75,
BPS-04539,Motor Registry,Number Plate,In-Person,Lobatse,MTR-012,2023-06-08,2023-06-10,5,2.4,1,0.0,0,Resolved,0.8,
BPS-03353,Immigration,Border Documentation,Post,Kanye,IMG-005,2022-07-31,2022-09-02,30,33.6,0,3.6,1,Resolved,0.9,1.4
BPS-03103,Immigration,Permanent Residency,Phone,Molepolole,IMG-007,2022-05-28,2022-07-17,30,50.6,0,20.6,0,Resolved,1.4,2.3
BPS-01566,Police,Document Request,In-Person,Palapye,POL-003,2022-08-11,2022-08-12,5,1.7,1,0.0,0,Resolved,0.75,3.8
BPS-03356,Immigration,Border Documentation,Phone,Molepolole,IMG-001,2023-09-16,2023-10-06,30,20.1,1,0.0,0,Resolved,0.9,3.6
BPS-00840,Education,Scholarship Application,Digital,Kanye,EDU-001,2022-03-31,2022-04-09,14,9.0,1,0.0,0,Resolved,1.4,3.6
BPS-00501,Health,Facility Request,Phone,Serowe,HLT-003,2024-04-21,2024-04-28,7,7.5,0,0.5,0,Resolved,1.1,
BPS-00142,Health,Medical Certificate,Digital,Lobatse,HLT-011,2022-03-01,2022-03-07,7,6.3,1,0.0,0,Resolved,0.8,4.9
BPS-01378,Education,Student Enrollment,In-Person,Maun,EDU-007,2022-12-01,2022-12-14,14,13.6,1,0.0,0,Resolved,0.9,
BPS-03698,Land Board,Land Allocation,Digital,Molepolole,LBD-001,2022-06-16,2022-08-12,21,57.2,0,36.2,1,Resolved,1.5,1.6
BPS-02145,BURS,Compliance Certificate,Digital,Gaborone,BRS-009,2022-05-31,2022-06-02,10,2.8,1,0.0,0,Resolved,0.85,4.3
BPS-01139,Education,School Admin,Phone,Molepolole,EDU-004,2024-08-04,2024-08-13,14,9.8,1,0.0,0,Resolved,0.8,3.8
BPS-02928,Social Welfare,Orphan Welfare,In-Person,Maun,SWL-001,2024-08-05,2024-08-29,21,24.0,0,3.0,0,Resolved,1.2,1.8
BPS-01788,Police,Case Registration,Phone,Lobatse,POL-009,2023-09-02,2023-09-05,5,3.5,1,0.0,0,Resolved,1.1,4.1
BPS-03485,Land Board,Land Certificate,Phone,Palapye,LBD-003,2022-11-16,2022-12-18,21,32.4,0,11.4,1,Resolved,1.2,1.7
BPS-00551,Health,Medical Certificate,Digital,Molepolole,HLT-004,2024-06-14,2024-06-17,7,3.1,1,0.0,0,Resolved,0.8,4.4
BPS-04907,Motor Registry,Vehicle Licensing,Phone,Molepolole,MTR-009,2022-01-24,2022-01-27,5,3.6,1,0.0,0,Resolved,0.9,5.0
BPS-02020,BURS,VAT Filing,In-Person,Gaborone,BRS-007,2022-11-21,2022-11-24,10,3.0,1,0.0,0,Resolved,1.0,3.7
BPS-00949,Education,Teacher Posting,Phone,Palapye,EDU-005,2024-11-28,2024-12-10,14,12.4,1,0.0,0,Resolved,1.3,4.5
BPS-02601,Social Welfare,Destitute Support,Phone,Maun,SWL-007,2022-01-31,2022-02-03,21,3.6,1,0.0,0,Resolved,1.3,3.9
BPS-00533,Health,Patient Query,In-Person,Molepolole,HLT-008,2023-03-08,2023-03-10,7,2.7,1,0.0,0,Resolved,0.7,4.3
BPS-01830,Police,Clearance Certificate,Phone,Molepolole,POL-001,2024-10-01,2024-10-04,5,3.6,1,0.0,0,Resolved,0.85,3.7
BPS-02918,Social Welfare,Old Age Pension,In-Person,Molepolole,SWL-004,2024-07-13,2024-08-06,21,24.7,0,3.7,0,Resolved,1.1,2.1
BPS-04419,Motor Registry,Roadworthy Certificate,Digital,Palapye,MTR-010,2023-09-16,2023-09-17,5,1.0,1,0.0,0,Resolved,1.0,5.0
BPS-03872,Works,Utility Request,Phone,Serowe,WRK-007,2023-01-17,2023-01-28,14,11.9,1,0.0,0,Resolved,0.9,3.3
BPS-01603,Police,Clearance Certificate,In-Person,Serowe,POL-003,2022-07-14,2022-07-17,5,3.6,1,0.0,0,Resolved,0.85,3.9
BPS-00640,Health,Medical Certificate,In-Person,Kanye,HLT-011,2023-12-26,2023-12-28,7,2.4,1,0.0,0,Resolved,0.8,4.1
BPS-04833,Motor Registry,Vehicle Licensing,In-Person,Lobatse,MTR-015,2022-12-18,2022-12-20,5,2.9,1,0.0,0,Resolved,0.9,5.0
BPS-00968,Education,Scholarship Application,In-Person,Molepolole,EDU-003,2023-05-26,2023-06-23,14,28.0,0,14.0,0,Resolved,1.4,3.3
BPS-04238,Works,Utility Request,Digital,Molepolole,WRK-007,2022-01-31,2022-02-07,14,7.6,1,0.0,0,Resolved,0.9,3.8
BPS-02698,Social Welfare,Orphan Welfare,In-Person,Gaborone,SWL-007,2024-06-25,2024-07-05,21,10.2,1,0.0,0,Resolved,1.2,4.2
BPS-01684,Police,Protection Service,Digital,Maun,POL-013,2023-05-10,2023-05-13,5,3.7,1,0.0,0,Resolved,1.3,4.0
BPS-04471,Motor Registry,Number Plate,In-Person,Francistown,MTR-011,2022-01-05,2022-01-08,5,3.6,1,0.0,0,Resolved,0.8,
BPS-02343,BURS,Tax Registration,In-Person,Serowe,BRS-011,2024-05-25,2024-06-01,10,7.8,1,0.0,0,Resolved,0.9,
BPS-00156,Health,Patient Query,Phone,Kanye,HLT-011,2022-11-06,2022-11-07,7,1.5,1,0.0,0,Resolved,0.7,4.2
BPS-02488,BURS,Tax Registration,Phone,Maun,BRS-008,2022-09-23,2022-09-30,10,7.6,1,0.0,0,Resolved,0.9,3.8
BPS-04642,Motor Registry,Vehicle Licensing,Digital,Lobatse,MTR-014,2024-02-28,2024-02-29,5,1.0,1,0.0,0,Resolved,0.9,5.0
BPS-01090,Education,Student Enrollment,In-Person,Molepolole,EDU-009,2024-03-10,2024-03-18,14,8.9,1,0.0,0,Resolved,0.9,
BPS-02656,Social Welfare,Old Age Pension,In-Person,Serowe,SWL-001,2024-02-23,2024-03-20,21,26.1,0,5.1,0,Resolved,1.1,2.5
BPS-04241,Works,Property Maintenance,Phone,Lobatse,WRK-003,2023-12-09,2023-12-11,14,2.9,1,0.0,0,Resolved,1.0,3.7
BPS-00289,Health,Specialist Referral,In-Person,Serowe,HLT-010,2024-09-08,2024-09-15,7,7.4,0,0.4,0,Resolved,1.2,3.7
BPS-00931,Education,School Admin,In-Person,Gaborone,EDU-003,2022-05-04,2022-05-12,14,8.1,1,0.0,0,Resolved,0.8,4.5
BPS-02536,Social Welfare,Orphan Welfare,In-Person,Molepolole,SWL-001,2023-09-10,2023-09-29,21,19.8,1,0.0,0,Resolved,1.2,3.3
BPS-04029,Works,Asset Management,Phone,Maun,WRK-006,2023-07-29,2023-08-18,14,20.3,0,6.3,0,Resolved,1.1,2.1
BPS-03372,Immigration,Work Permit,Phone,Maun,IMG-001,2024-11-04,2024-11-21,30,17.1,1,0.0,0,Resolved,1.2,
BPS-04622,Motor Registry,Driver Licence,In-Person,Francistown,MTR-004,2022-11-14,2022-11-19,5,5.2,0,0.2,0,Resolved,0.95,3.4
BPS-03292,Immigration,Work Permit,In-Person,Maun,IMG-001,2022-11-23,2022-11-27,30,4.8,1,0.0,0,Resolved,1.2,
BPS-00943,Education,School Admin,Digital,Molepolole,EDU-006,2023-05-16,2023-05-25,14,9.6,1,0.0,0,Resolved,0.8,4.1
BPS-03860,Land Board,Land Allocation,Post,Maun,LBD-001,2022-10-12,2023-01-02,21,82.4,0,61.4,1,Resolved,1.5,1.0
BPS-04663,Motor Registry,Roadworthy Certificate,In-Person,Kanye,MTR-009,2024-07-08,2024-07-09,5,1.1,1,0.0,0,Resolved,1.0,4.5
BPS-01699,Police,Protection Service,In-Person,Gaborone,POL-011,2022-01-21,2022-01-29,5,8.9,0,3.9,0,Resolved,1.3,3.3
BPS-04709,Motor Registry,Vehicle Licensing,In-Person,Kanye,MTR-012,2023-07-24,2023-07-26,5,2.9,1,0.0,0,Resolved,0.9,4.5
BPS-03201,Immigration,Permanent Residency,In-Person,Lobatse,IMG-007,2022-12-05,2023-01-12,30,38.6,0,8.6,0,Resolved,1.4,2.7
BPS-04602,Motor Registry,Roadworthy Certificate,Digital,Molepolole,MTR-001,2024-08-30,2024-08-31,5,1.0,1,0.0,0,Resolved,1.0,5.0
BPS-04609,Motor Registry,Vehicle Licensing,In-Person,Kanye,MTR-011,2024-02-23,2024-02-26,5,3.8,1,0.0,0,Resolved,0.9,4.9
BPS-00986,Education,Teacher Posting,Digital,Serowe,EDU-001,2022-02-13,2022-02-17,14,4.1,1,0.0,0,Resolved,1.3,3.8
BPS-03319,Immigration,Permanent Residency,In-Person,Gaborone,IMG-007,2022-01-24,2022-03-15,30,50.4,0,20.4,1,Resolved,1.4,1.3
BPS-02868,Social Welfare,Social Grant,In-Person,Gaborone,SWL-002,2024-03-06,2024-03-17,21,11.4,1,0.0,0,Resolved,1.0,
BPS-04057,Works,Property Maintenance,In-Person,Gaborone,WRK-003,2024-09-05,2024-09-25,14,20.6,0,6.6,0,Resolved,1.0,2.6
BPS-04778,Motor Registry,Vehicle Licensing,Phone,Serowe,MTR-013,2024-06-28,2024-07-01,5,3.0,1,0.0,0,Resolved,0.9,4.7
BPS-00982,Education,Scholarship Application,In-Person,Palapye,EDU-004,2023-03-27,2023-04-16,14,20.5,0,6.5,0,Resolved,1.4,3.1
BPS-02493,BURS,Compliance Certificate,Digital,Kanye,BRS-007,2024-07-22,2024-07-25,10,3.7,1,0.0,0,Resolved,0.85,
BPS-03793,Land Board,Land Use Approval,In-Person,Lobatse,LBD-002,2023-11-13,2024-02-06,21,85.2,0,64.2,1,Resolved,1.6,1.0
BPS-03549,Land Board,Land Certificate,Post,Molepolole,LBD-001,2022-03-13,2022-04-25,21,43.1,0,22.1,1,Resolved,1.2,1.5
BPS-02943,Social Welfare,Destitute Support,In-Person,Palapye,SWL-008,2024-08-19,2024-09-18,21,30.6,0,9.6,0,Resolved,1.3,2.7
BPS-03528,Land Board,Land Allocation,Phone,Kanye,LBD-003,2024-10-13,2025-02-05,21,115.6,0,94.6,1,Resolved,1.5,1.0
BPS-03846,Land Board,Land Use Approval,In-Person,Palapye,LBD-003,2023-10-20,2024-01-29,21,101.2,0,80.2,1,Resolved,1.6,1.0
BPS-01458,Police,Case Registration,In-Person,Serowe,POL-007,2023-02-26,2023-03-03,5,5.6,0,0.6,1,Resolved,1.1,1.6
BPS-01396,Education,Scholarship Application,Phone,Palapye,EDU-003,2024-10-18,2024-11-02,14,15.9,0,1.9,0,Resolved,1.4,3.4
BPS-00265,Health,Specialist Referral,In-Person,Kanye,HLT-011,2023-06-12,2023-06-18,7,6.6,1,0.0,0,Resolved,1.2,3.5
BPS-04096,Works,Utility Request,In-Person,Maun,WRK-006,2022-01-18,2022-01-23,14,5.2,1,0.0,0,Resolved,0.9,3.8
BPS-00930,Education,Student Enrollment,Digital,Maun,EDU-004,2024-11-08,2024-11-15,14,7.0,1,0.0,0,Resolved,0.9,4.8
BPS-04872,Motor Registry,Roadworthy Certificate,In-Person,Palapye,MTR-008,2023-02-23,2023-02-28,5,5.5,0,0.5,0,Resolved,1.0,2.8
BPS-02693,Social Welfare,Old Age Pension,In-Person,Lobatse,SWL-007,2023-06-15,2023-07-06,21,21.7,0,0.7,0,Resolved,1.1,2.6
BPS-00247,Health,Facility Request,In-Person,Maun,HLT-007,2022-10-05,2022-10-10,7,5.5,1,0.0,0,Resolved,1.1,2.9
BPS-03590,Land Board,Land Certificate,In-Person,Francistown,LBD-001,2022-06-28,2022-08-15,21,48.0,0,27.0,0,Resolved,1.2,1.7
BPS-01759,Police,Clearance Certificate,In-Person,Serowe,POL-003,2024-11-16,2024-11-20,5,4.3,1,0.0,0,Resolved,0.85,3.3
BPS-04866,Motor Registry,Vehicle Licensing,Digital,Serowe,MTR-007,2024-07-26,2024-07-28,5,2.6,1,0.0,0,Resolved,0.9,5.0
BPS-02811,Social Welfare,Destitute Support,In-Person,Serowe,SWL-006,2023-05-26,2023-06-16,21,21.5,0,0.5,0,Resolved,1.3,2.7
BPS-00924,Education,Scholarship Application,Phone,Francistown,EDU-004,2024-08-27,2024-09-06,14,10.6,1,0.0,0,Resolved,1.4,
BPS-02881,Social Welfare,Social Grant,In-Person,Kanye,SWL-003,2022-03-09,2022-03-12,21,3.0,1,0.0,0,Resolved,1.0,
BPS-00269,Health,Facility Request,Digital,Gaborone,HLT-001,2024-12-25,2024-12-28,7,3.6,1,0.0,0,Resolved,1.1,4.3
BPS-00670,Health,Facility Request,Digital,Molepolole,HLT-008,2024-07-10,2024-07-16,7,6.8,1,0.0,0,Resolved,1.1,4.5
BPS-04476,Motor Registry,Vehicle Licensing,In-Person,Francistown,MTR-001,2022-04-09,2022-04-10,5,1.7,1,0.0,0,Resolved,0.9,5.0
BPS-01911,Police,Protection Service,In-Person,Kanye,POL-009,2024-10-03,2024-10-13,5,10.3,0,5.3,0,Resolved,1.3,2.0
BPS-02986,Social Welfare,Social Grant,Post,Gaborone,SWL-005,2023-10-31,2023-11-12,21,12.6,1,0.0,0,Resolved,1.0,
BPS-01153,Education,Teacher Posting,Digital,Lobatse,EDU-007,2024-06-14,2024-06-20,14,6.8,1,0.0,0,Resolved,1.3,3.9
BPS-04818,Motor Registry,Roadworthy Certificate,In-Person,Molepolole,MTR-003,2024-06-27,2024-06-28,5,1.4,1,0.0,0,Resolved,1.0,4.7
BPS-03456,Land Board,Land Certificate,Digital,Serowe,LBD-005,2024-07-22,2024-09-30,21,70.8,0,49.8,1,Resolved,1.2,1.0
BPS-04242,Works,Infrastructure Defect,In-Person,Serowe,WRK-006,2023-11-20,2023-12-11,14,21.2,0,7.2,1,Resolved,1.2,2.3
BPS-04550,Motor Registry,Driver Licence,In-Person,Lobatse,MTR-009,2022-06-05,2022-06-06,5,1.8,1,0.0,0,Resolved,0.95,5.0
BPS-02173,BURS,Tax Registration,In-Person,Serowe,BRS-010,2024-06-20,2024-06-25,10,5.4,1,0.0,0,Resolved,0.9,4.3
BPS-04516,Motor Registry,Number Plate,Digital,Molepolole,MTR-003,2023-02-07,2023-02-08,5,1.0,1,0.0,0,Resolved,0.8,5.0
BPS-01916,Police,Case Registration,Digital,Maun,POL-003,2023-04-04,2023-04-05,5,1.8,1,0.0,0,Resolved,1.1,
BPS-00613,Health,Medical Certificate,In-Person,Lobatse,HLT-001,2024-04-25,2024-04-30,7,5.9,1,0.0,0,Resolved,0.8,
BPS-02407,BURS,Tax Registration,Digital,Serowe,BRS-003,2022-06-24,2022-06-25,10,1.0,1,0.0,0,Resolved,0.9,4.1
BPS-04206,Works,Utility Request,In-Person,Lobatse,WRK-005,2022-10-05,2022-10-13,14,8.4,1,0.0,0,Resolved,0.9,3.5
BPS-01899,Police,Protection Service,Phone,Molepolole,POL-012,2024-04-23,2024-04-28,5,5.6,0,0.6,0,Resolved,1.3,2.1
BPS-01650,Police,Document Request,In-Person,Palapye,POL-011,2025-01-15,2025-01-19,5,4.9,1,0.0,0,Resolved,0.75,
BPS-02608,Social Welfare,Orphan Welfare,Digital,Gaborone,SWL-004,2022-10-28,2022-10-30,21,2.6,1,0.0,0,Resolved,1.2,3.4
BPS-00259,Health,Facility Request,Phone,Serowe,HLT-002,2022-04-16,2022-04-23,7,7.3,0,0.3,0,Resolved,1.1,3.3
BPS-00848,Education,Scholarship Application,In-Person,Lobatse,EDU-003,2023-05-25,2023-06-24,14,30.7,0,16.7,1,Resolved,1.4,
BPS-04252,Works,Property Maintenance,In-Person,Palapye,WRK-008,2023-01-22,2023-02-03,14,12.7,1,0.0,0,Resolved,1.0,4.0
BPS-01234,Education,School Admin,In-Person,Palapye,EDU-005,2022-09-04,2022-09-22,14,18.4,0,4.4,0,Resolved,0.8,2.8
BPS-01128,Education,School Admin,Digital,Molepolole,EDU-006,2023-12-30,2024-01-05,14,6.1,1,0.0,0,Resolved,0.8,
BPS-01968,Police,Document Request,In-Person,Maun,POL-009,2023-04-30,2023-05-03,5,3.6,1,0.0,0,Resolved,0.75,3.7
BPS-00559,Health,Medical Certificate,In-Person,Molepolole,HLT-004,2024-06-26,2024-07-02,7,6.0,1,0.0,0,Resolved,0.8,
BPS-03906,Works,Property Maintenance,Digital,Gaborone,WRK-001,2023-02-07,2023-02-16,14,9.0,1,0.0,0,Resolved,1.0,4.1
BPS-00485,Health,Facility Request,In-Person,Maun,HLT-006,2023-11-11,2023-11-16,7,5.1,1,0.0,0,Resolved,1.1,3.7
BPS-01321,Education,Teacher Posting,In-Person,Serowe,EDU-007,2023-10-02,2023-10-17,14,15.5,0,1.5,0,Resolved,1.3,2.4
BPS-03405,Immigration,Citizenship Application,Phone,Palapye,IMG-002,2024-03-05,2024-04-16,30,42.4,0,12.4,1,Resolved,1.6,
BPS-00008,Health,Specialist Referral,Digital,Francistown,HLT-011,2022-12-17,2022-12-23,7,6.4,1,0.0,0,Resolved,1.2,4.2
BPS-03280,Immigration,Permanent Residency,In-Person,Kanye,IMG-004,2022-10-15,2022-11-27,30,43.7,0,13.7,0,Resolved,1.4,
BPS-03190,Immigration,Citizenship Application,In-Person,Gaborone,IMG-003,2022-05-28,2022-08-05,30,69.2,0,39.2,1,Resolved,1.6,1.4
BPS-01451,Education,School Admin,Phone,Palapye,EDU-008,2022-11-08,2022-11-17,14,9.1,1,0.0,0,Resolved,0.8,4.0
BPS-03981,Works,Property Maintenance,Phone,Molepolole,WRK-009,2022-11-28,2022-12-16,14,18.0,0,4.0,0,Resolved,1.0,2.5
BPS-01815,Police,Case Registration,Post,Palapye,POL-011,2023-03-05,2023-03-11,5,6.9,0,1.9,0,Resolved,1.1,
BPS-00774,Health,Medical Certificate,Phone,Palapye,HLT-009,2024-01-21,2024-01-27,7,6.4,1,0.0,0,Resolved,0.8,3.8
BPS-01012,Education,Teacher Posting,Post,Molepolole,EDU-007,2022-04-28,2022-05-20,14,22.1,0,8.1,0,Resolved,1.3,
BPS-02819,Social Welfare,Social Grant,In-Person,Gaborone,SWL-003,2022-07-15,2022-08-04,21,20.8,1,0.0,0,Resolved,1.0,4.2
BPS-03276,Immigration,Work Permit,In-Person,Molepolole,IMG-005,2022-12-20,2023-02-05,30,47.1,0,17.1,1,Resolved,1.2,2.4
BPS-01992,Police,Document Request,Digital,Kanye,POL-009,2024-03-04,2024-03-06,5,2.2,1,0.0,0,Resolved,0.75,
BPS-01278,Education,Teacher Posting,In-Person,Molepolole,EDU-006,2022-05-27,2022-06-12,14,16.0,0,2.0,1,Resolved,1.3,1.7
BPS-01784,Police,Clearance Certificate,Digital,Molepolole,POL-014,2022-11-10,2022-11-13,5,3.0,1,0.0,0,Resolved,0.85,5.0
BPS-03106,Immigration,Citizenship Application,Digital,Serowe,IMG-003,2024-04-13,2024-05-17,30,34.6,0,4.6,0,Resolved,1.6,
BPS-00447,Health,Facility Request,Digital,Palapye,HLT-006,2022-08-22,2022-08-28,7,6.8,1,0.0,0,Resolved,1.1,
BPS-00881,Education,Teacher Posting,Digital,Lobatse,EDU-009,2023-03-14,2023-04-04,14,21.9,0,7.9,0,Resolved,1.3,3.4
BPS-04460,Motor Registry,Vehicle Licensing,Post,Serowe,MTR-008,2023-01-18,2023-01-22,5,4.9,1,0.0,0,Resolved,0.9,5.0
BPS-00782,Health,Patient Query,Phone,Molepolole,HLT-011,2023-12-31,2024-01-01,7,1.0,1,0.0,0,Resolved,0.7,4.1
BPS-01750,Police,Clearance Certificate,Digital,Francistown,POL-012,2024-10-13,2024-10-15,5,2.5,1,0.0,0,Resolved,0.85,
BPS-03389,Immigration,Border Documentation,In-Person,Serowe,IMG-002,2022-08-07,2022-09-06,30,30.6,0,0.6,0,Resolved,0.9,1.8
BPS-04882,Motor Registry,Number Plate,In-Person,Maun,MTR-007,2024-11-11,2024-11-15,5,4.1,1,0.0,0,Resolved,0.8,
BPS-00884,Education,Student Enrollment,In-Person,Palapye,EDU-001,2023-11-26,2023-12-12,14,16.4,0,2.4,0,Resolved,0.9,2.7
BPS-02945,Social Welfare,Social Grant,In-Person,Molepolole,SWL-008,2023-08-30,2023-09-20,21,21.8,0,0.8,0,Resolved,1.0,2.5
BPS-01092,Education,Teacher Posting,In-Person,Francistown,EDU-005,2022-12-17,2022-12-31,14,14.9,0,0.9,0,Resolved,1.3,3.3
BPS-04784,Motor Registry,Driver Licence,In-Person,Kanye,MTR-001,2023-05-24,2023-05-25,5,1.6,1,0.0,0,Resolved,0.95,
BPS-00532,Health,Patient Query,In-Person,Maun,HLT-005,2025-01-28,2025-01-29,7,1.0,1,0.0,0,Resolved,0.7,4.3
BPS-04023,Works,Asset Management,In-Person,Molepolole,WRK-003,2022-06-24,2022-06-26,14,2.0,1,0.0,0,Resolved,1.1,3.6
BPS-04422,Motor Registry,Number Plate,Post,Palapye,MTR-006,2024-07-12,2024-07-13,5,1.7,1,0.0,0,Resolved,0.8,5.0
BPS-04099,Works,Infrastructure Defect,In-Person,Lobatse,WRK-005,2022-10-18,2022-11-02,14,15.1,0,1.1,0,Resolved,1.2,2.9
BPS-01728,Police,Protection Service,In-Person,Serowe,POL-006,2023-09-28,2023-10-06,5,8.1,0,3.1,0,Resolved,1.3,
BPS-00611,Health,Specialist Referral,Digital,Gaborone,HLT-004,2024-01-06,2024-01-14,7,8.4,0,1.4,1,Resolved,1.2,2.8
BPS-00571,Health,Facility Request,Phone,Lobatse,HLT-003,2023-10-23,2023-10-28,7,5.4,1,0.0,0,Resolved,1.1,
BPS-02672,Social Welfare,Social Grant,In-Person,Francistown,SWL-001,2022-01-23,2022-02-15,21,23.1,0,2.1,0,Resolved,1.0,2.0
BPS-03719,Land Board,Land Allocation,In-Person,Molepolole,LBD-006,2022-03-29,2022-06-02,21,65.2,0,44.2,1,Resolved,1.5,1.0
BPS-00344,Health,Medical Certificate,Digital,Molepolole,HLT-011,2023-04-05,2023-04-07,7,2.2,1,0.0,0,Resolved,0.8,4.7
BPS-03001,Social Welfare,Old Age Pension,Phone,Kanye,SWL-008,2023-01-21,2023-01-27,21,6.2,1,0.0,0,Resolved,1.1,4.0
BPS-03140,Immigration,Permanent Residency,Digital,Francistown,IMG-006,2024-09-28,2024-10-20,30,22.8,1,0.0,0,Resolved,1.4,3.7
BPS-00435,Health,Patient Query,In-Person,Lobatse,HLT-008,2022-07-10,2022-07-16,7,6.9,1,0.0,0,Resolved,0.7,
BPS-01904,Police,Clearance Certificate,Digital,Maun,POL-002,2022-01-01,2022-01-03,5,2.4,1,0.0,0,Resolved,0.85,4.4
BPS-03805,Land Board,Land Certificate,In-Person,Serowe,LBD-004,2023-12-01,2024-01-10,21,40.5,0,19.5,1,Resolved,1.2,1.2
BPS-04777,Motor Registry,Driver Licence,In-Person,Francistown,MTR-005,2025-01-15,2025-01-17,5,2.9,1,0.0,0,Resolved,0.95,5.0
BPS-02070,BURS,Compliance Certificate,Digital,Francistown,BRS-010,2024-07-12,2024-07-17,10,5.2,1,0.0,0,Resolved,0.85,4.8
BPS-01538,Police,Document Request,In-Person,Lobatse,POL-013,2022-04-23,2022-04-25,5,2.1,1,0.0,0,Resolved,0.75,3.9
BPS-02253,BURS,Compliance Certificate,Digital,Lobatse,BRS-004,2022-07-24,2022-07-25,10,1.8,1,0.0,0,Resolved,0.85,
BPS-02347,BURS,VAT Filing,In-Person,Kanye,BRS-001,2023-04-29,2023-05-05,10,6.7,1,0.0,0,Resolved,1.0,4.8
BPS-01518,Police,Protection Service,In-Person,Gaborone,POL-014,2024-07-31,2024-08-06,5,6.2,0,1.2,0,Resolved,1.3,2.3
BPS-00966,Education,Scholarship Application,In-Person,Palapye,EDU-003,2022-05-12,2022-06-06,14,25.8,0,11.8,1,Resolved,1.4,1.8
BPS-04407,Motor Registry,Vehicle Licensing,In-Person,Lobatse,MTR-008,2022-01-21,2022-01-25,5,4.0,1,0.0,0,Resolved,0.9,5.0
BPS-00529,Health,Patient Query,In-Person,Lobatse,HLT-009,2024-03-25,2024-03-30,7,5.1,1,0.0,0,Resolved,0.7,
BPS-00177,Health,Facility Request,In-Person,Gaborone,HLT-008,2024-11-21,2024-11-26,7,5.4,1,0.0,0,Resolved,1.1,3.7
BPS-03483,Land Board,Land Allocation,In-Person,Molepolole,LBD-002,2023-11-28,2024-01-30,21,63.6,0,42.6,1,Resolved,1.5,
BPS-02544,Social Welfare,Social Grant,Phone,Maun,SWL-007,2022-01-15,2022-01-29,21,14.5,1,0.0,0,Resolved,1.0,3.6
BPS-04936,Motor Registry,Roadworthy Certificate,In-Person,Serowe,MTR-005,2022-03-21,2022-03-25,5,4.6,1,0.0,0,Resolved,1.0,5.0
BPS-00573,Health,Facility Request,Digital,Lobatse,HLT-009,2022-04-11,2022-04-15,7,4.6,1,0.0,0,Resolved,1.1,
BPS-02300,BURS,VAT Filing,Digital,Francistown,BRS-003,2022-06-21,2022-06-23,10,2.2,1,0.0,0,Resolved,1.0,4.7
BPS-03509,Land Board,Land Allocation,Phone,Lobatse,LBD-006,2024-05-03,2024-07-18,21,76.9,0,55.9,1,Resolved,1.5,
BPS-02460,BURS,Compliance Certificate,In-Person,Maun,BRS-002,2022-03-02,2022-03-09,10,7.8,1,0.0,0,Resolved,0.85,3.9
BPS-03610,Land Board,Land Use Approval,In-Person,Kanye,LBD-005,2025-01-14,2025-03-20,21,65.6,0,44.6,1,Resolved,1.6,1.0
BPS-04555,Motor Registry,Driver Licence,Phone,Maun,MTR-006,2025-01-17,2025-01-20,5,3.1,1,0.0,0,Resolved,0.95,4.5
BPS-02209,BURS,Tax Registration,Digital,Francistown,BRS-004,2023-03-22,2023-03-26,10,4.5,1,0.0,0,Resolved,0.9,4.0
BPS-04721,Motor Registry,Number Plate,In-Person,Gaborone,MTR-006,2023-03-15,2023-03-17,5,2.4,1,0.0,0,Resolved,0.8,4.9
BPS-02756,Social Welfare,Old Age Pension,In-Person,Kanye,SWL-006,2022-03-29,2022-04-13,21,15.8,1,0.0,0,Resolved,1.1,3.1
BPS-00384,Health,Specialist Referral,In-Person,Lobatse,HLT-009,2023-07-31,2023-08-05,7,5.4,1,0.0,0,Resolved,1.2,4.2
BPS-00853,Education,School Admin,Digital,Molepolole,EDU-001,2022-08-27,2022-09-02,14,6.3,1,0.0,0,Resolved,0.8,4.4
BPS-01881,Police,Clearance Certificate,In-Person,Francistown,POL-010,2023-08-26,2023-09-01,5,6.4,0,1.4,0,Resolved,0.85,2.7
BPS-00371,Health,Specialist Referral,In-Person,Gaborone,HLT-008,2023-11-11,2023-11-19,7,8.1,0,1.1,1,Resolved,1.2,2.1
BPS-02379,BURS,VAT Filing,Phone,Palapye,BRS-008,2022-04-07,2022-04-12,10,5.6,1,0.0,0,Resolved,1.0,4.4
BPS-04324,Motor Registry,Roadworthy Certificate,In-Person,Palapye,MTR-007,2023-05-09,2023-05-10,5,1.5,1,0.0,0,Resolved,1.0,4.8
BPS-01106,Education,School Admin,Digital,Palapye,EDU-002,2022-12-14,2022-12-18,14,4.5,1,0.0,0,Resolved,0.8,4.4
BPS-03414,Immigration,Border Documentation,In-Person,Lobatse,IMG-003,2024-11-19,2024-12-08,30,19.2,1,0.0,0,Resolved,0.9,4.0
BPS-03947,Works,Property Maintenance,Phone,Francistown,WRK-002,2023-08-03,2023-08-17,14,14.6,0,0.6,0,Resolved,1.0,2.9
BPS-01337,Education,School Admin,Digital,Kanye,EDU-005,2024-04-05,2024-04-11,14,6.1,1,0.0,0,Resolved,0.8,4.2
BPS-02190,BURS,Compliance Certificate,In-Person,Lobatse,BRS-006,2024-01-28,2024-02-06,10,9.8,1,0.0,0,Resolved,0.85,3.7
BPS-04595,Motor Registry,Driver Licence,Phone,Gaborone,MTR-006,2024-07-17,2024-07-19,5,2.3,1,0.0,0,Resolved,0.95,3.8
BPS-02320,BURS,VAT Filing,Digital,Francistown,BRS-003,2025-01-12,2025-01-15,10,3.9,1,0.0,0,Resolved,1.0,
BPS-04706,Motor Registry,Vehicle Licensing,Post,Lobatse,MTR-011,2024-05-20,2024-05-23,5,3.0,1,0.0,0,Resolved,0.9,4.2
BPS-03711,Land Board,Land Allocation,In-Person,Francistown,LBD-001,2023-01-07,2023-02-11,21,35.1,0,14.1,0,Resolved,1.5,1.2
BPS-04849,Motor Registry,Vehicle Licensing,Digital,Gaborone,MTR-014,2022-05-13,2022-05-14,5,1.2,1,0.0,0,Resolved,0.9,5.0
BPS-01172,Education,School Admin,In-Person,Serowe,EDU-007,2023-05-28,2023-06-07,14,10.9,1,0.0,0,Resolved,0.8,4.6
BPS-04326,Motor Registry,Driver Licence,In-Person,Molepolole,MTR-015,2022-09-19,2022-09-21,5,2.8,1,0.0,0,Resolved,0.95,5.0
BPS-02695,Social Welfare,Old Age Pension,In-Person,Maun,SWL-006,2022-04-06,2022-04-29,21,23.6,0,2.6,1,Resolved,1.1,
BPS-01423,Education,Teacher Posting,Digital,Gaborone,EDU-006,2024-03-27,2024-04-03,14,7.2,1,0.0,0,Resolved,1.3,3.7
BPS-02342,BURS,Compliance Certificate,Digital,Palapye,BRS-009,2022-02-09,2022-02-14,10,5.0,1,0.0,0,Resolved,0.85,
BPS-02652,Social Welfare,Orphan Welfare,Digital,Kanye,SWL-006,2025-01-20,2025-02-13,21,24.1,0,3.1,0,Resolved,1.2,2.1
BPS-04156,Works,Asset Management,Phone,Maun,WRK-007,2024-09-03,2024-09-14,14,11.9,1,0.0,0,Resolved,1.1,3.4
BPS-01465,Police,Clearance Certificate,In-Person,Maun,POL-009,2023-01-07,2023-01-08,5,1.1,1,0.0,0,Resolved,0.85,4.6
BPS-00875,Education,Scholarship Application,Post,Maun,EDU-008,2022-01-21,2022-02-09,14,19.6,0,5.6,1,Resolved,1.4,1.8
BPS-03340,Immigration,Work Permit,Phone,Molepolole,IMG-004,2023-04-18,2023-06-03,30,46.6,0,16.6,0,Resolved,1.2,2.6
BPS-04341,Motor Registry,Driver Licence,Phone,Francistown,MTR-008,2023-12-15,2023-12-19,5,4.6,1,0.0,0,Resolved,0.95,4.7
BPS-01252,Education,Scholarship Application,Phone,Serowe,EDU-001,2024-10-07,2024-10-28,14,21.4,0,7.4,0,Resolved,1.4,3.2
BPS-02349,BURS,Assessment Dispute,In-Person,Molepolole,BRS-004,2023-10-31,2023-11-16,10,16.7,0,6.7,0,Resolved,1.5,3.6
BPS-00841,Education,Teacher Posting,In-Person,Lobatse,EDU-001,2023-10-24,2023-11-08,14,15.2,0,1.2,0,Resolved,1.3,2.2
BPS-04569,Motor Registry,Number Plate,In-Person,Lobatse,MTR-002,2023-12-29,2024-01-02,5,4.8,1,0.0,0,Resolved,0.8,
BPS-00582,Health,Patient Query,In-Person,Serowe,HLT-004,2023-10-07,2023-10-12,7,5.3,1,0.0,0,Resolved,0.7,4.1
BPS-00205,Health,Facility Request,Digital,Palapye,HLT-001,2025-01-22,2025-01-23,7,1.0,1,0.0,0,Resolved,1.1,5.0
BPS-01642,Police,Clearance Certificate,In-Person,Gaborone,POL-011,2024-09-02,2024-09-08,5,6.2,0,1.2,0,Resolved,0.85,2.8
BPS-02015,BURS,VAT Filing,Digital,Palapye,BRS-004,2024-06-18,2024-06-25,10,7.0,1,0.0,0,Resolved,1.0,3.8
BPS-00906,Education,Teacher Posting,In-Person,Palapye,EDU-007,2022-06-21,2022-07-06,14,15.9,0,1.9,0,Resolved,1.3,
BPS-00632,Health,Medical Certificate,In-Person,Lobatse,HLT-010,2024-05-24,2024-06-01,7,8.0,0,1.0,0,Resolved,0.8,2.5
BPS-03365,Immigration,Border Documentation,In-Person,Francistown,IMG-004,2024-03-13,2024-03-31,30,18.3,1,0.0,0,Resolved,0.9,3.8
BPS-01975,Police,Case Registration,Digital,Gaborone,POL-003,2022-04-02,2022-04-05,5,3.1,1,0.0,0,Resolved,1.1,4.7
BPS-00163,Health,Specialist Referral,In-Person,Maun,HLT-010,2023-12-18,2023-12-29,7,11.1,0,4.1,0,Resolved,1.2,
BPS-03173,Immigration,Citizenship Application,Digital,Palapye,IMG-004,2022-01-17,2022-02-02,30,16.7,1,0.0,0,Resolved,1.6,3.5
BPS-03613,Land Board,Consent to Transfer,In-Person,Serowe,LBD-005,2022-10-25,2022-12-23,21,59.8,0,38.8,1,Resolved,1.3,1.0
BPS-04676,Motor Registry,Driver Licence,Post,Molepolole,MTR-013,2022-04-22,2022-04-23,5,1.8,1,0.0,0,Resolved,0.95,4.6
BPS-00618,Health,Patient Query,In-Person,Lobatse,HLT-007,2022-04-22,2022-04-27,7,5.1,1,0.0,0,Resolved,0.7,3.2
BPS-04069,Works,Asset Management,Digital,Lobatse,WRK-008,2022-06-04,2022-06-09,14,5.7,1,0.0,0,Resolved,1.1,4.1
BPS-01432,Education,Teacher Posting,In-Person,Palapye,EDU-006,2024-10-12,2024-10-31,14,19.9,0,5.9,0,Resolved,1.3,2.9
BPS-00548,Health,Patient Query,Phone,Serowe,HLT-008,2022-07-03,2022-07-05,7,2.6,1,0.0,0,Resolved,0.7,4.1
BPS-03335,Immigration,Permanent Residency,Digital,Gaborone,IMG-006,2023-07-14,2023-08-22,30,39.5,0,9.5,0,Resolved,1.4,3.2
BPS-04547,Motor Registry,Number Plate,Digital,Francistown,MTR-010,2023-10-29,2023-10-30,5,1.2,1,0.0,0,Resolved,0.8,5.0
BPS-04224,Works,Utility Request,In-Person,Molepolole,WRK-001,2024-04-26,2024-05-12,14,16.9,0,2.9,0,Resolved,0.9,
BPS-02388,BURS,Assessment Dispute,Digital,Francistown,BRS-007,2024-01-22,2024-01-26,10,4.6,1,0.0,0,Resolved,1.5,4.3
BPS-04244,Works,Utility Request,Phone,Kanye,WRK-005,2022-11-13,2022-11-25,14,12.9,1,0.0,0,Resolved,0.9,4.0
BPS-03996,Works,Utility Request,Phone,Serowe,WRK-001,2022-08-08,2022-08-17,14,9.8,1,0.0,0,Resolved,0.9,4.2
BPS-04066,Works,Utility Request,In-Person,Molepolole,WRK-008,2023-06-19,2023-06-26,14,7.5,1,0.0,0,Resolved,0.9,3.0
BPS-01862,Police,Protection Service,In-Person,Gaborone,POL-003,2023-05-16,2023-05-23,5,7.2,0,2.2,0,Resolved,1.3,2.3
BPS-00641,Health,Patient Query,Post,Maun,HLT-011,2024-03-08,2024-03-12,7,4.7,1,0.0,0,Resolved,0.7,4.2
BPS-03903,Works,Asset Management,In-Person,Palapye,WRK-003,2022-08-15,2022-09-05,14,21.6,0,7.6,0,Resolved,1.1,2.1
BPS-00638,Health,Specialist Referral,In-Person,Palapye,HLT-006,2024-08-29,2024-09-06,7,8.1,0,1.1,0,Resolved,1.2,2.1
BPS-04263,Works,Property Maintenance,In-Person,Gaborone,WRK-005,2024-06-04,2024-06-21,14,17.7,0,3.7,1,Resolved,1.0,2.5
BPS-03911,Works,Infrastructure Defect,In-Person,Palapye,WRK-004,2023-08-02,2023-08-08,14,6.7,1,0.0,0,Resolved,1.2,3.1
BPS-02987,Social Welfare,Orphan Welfare,In-Person,Molepolole,SWL-006,2024-10-12,2024-11-01,21,20.8,1,0.0,0,Resolved,1.2,4.3
BPS-02097,BURS,Assessment Dispute,Phone,Gaborone,BRS-008,2024-12-06,2024-12-19,10,13.4,0,3.4,0,Resolved,1.5,
BPS-04612,Motor Registry,Vehicle Licensing,Phone,Lobatse,MTR-007,2023-09-23,2023-09-24,5,1.0,1,0.0,0,Resolved,0.9,4.6
BPS-03076,Social Welfare,Destitute Support,In-Person,Lobatse,SWL-002,2023-08-18,2023-09-27,21,40.1,0,19.1,0,Resolved,1.3,2.7
BPS-03675,Land Board,Land Use Approval,Digital,Molepolole,LBD-001,2024-07-26,2024-09-16,21,52.9,0,31.9,1,Resolved,1.6,
BPS-02842,Social Welfare,Orphan Welfare,In-Person,Molepolole,SWL-001,2024-06-06,2024-06-15,21,9.7,1,0.0,0,Resolved,1.2,
BPS-00922,Education,Student Enrollment,Post,Molepolole,EDU-004,2022-06-02,2022-06-10,14,8.3,1,0.0,0,Resolved,0.9,4.0
BPS-00547,Health,Facility Request,In-Person,Maun,HLT-009,2024-07-24,2024-07-31,7,7.8,0,0.8,0,Resolved,1.1,2.3
BPS-03667,Land Board,Land Allocation,In-Person,Palapye,LBD-002,2022-07-26,2022-10-24,21,90.5,0,69.5,1,Resolved,1.5,1.3
BPS-01901,Police,Case Registration,Phone,Gaborone,POL-005,2024-03-24,2024-03-30,5,6.9,0,1.9,0,Resolved,1.1,2.4
BPS-02029,BURS,Compliance Certificate,Digital,Lobatse,BRS-001,2022-03-30,2022-04-03,10,4.6,1,0.0,0,Resolved,0.85,
BPS-02302,BURS,VAT Filing,Phone,Molepolole,BRS-009,2025-01-02,2025-01-05,10,3.1,1,0.0,0,Resolved,1.0,4.2
BPS-01886,Police,Document Request,Digital,Maun,POL-009,2022-02-05,2022-02-08,5,3.9,1,0.0,0,Resolved,0.75,3.2
BPS-01643,Police,Document Request,In-Person,Palapye,POL-012,2022-05-10,2022-05-13,5,3.0,1,0.0,0,Resolved,0.75,
BPS-03510,Land Board,Land Use Approval,In-Person,Palapye,LBD-005,2022-11-10,2023-01-10,21,61.4,0,40.4,1,Resolved,1.6,1.0
BPS-04810,Motor Registry,Roadworthy Certificate,In-Person,Gaborone,MTR-005,2023-05-22,2023-05-24,5,2.8,1,0.0,0,Resolved,1.0,
BPS-02098,BURS,Compliance Certificate,Digital,Maun,BRS-005,2024-02-13,2024-02-14,10,1.3,1,0.0,0,Resolved,0.85,4.4
BPS-04358,Motor Registry,Driver Licence,In-Person,Kanye,MTR-010,2022-10-11,2022-10-13,5,2.2,1,0.0,0,Resolved,0.95,
BPS-03789,Land Board,Consent to Transfer,In-Person,Molepolole,LBD-004,2023-12-20,2024-02-23,21,65.5,0,44.5,1,Resolved,1.3,1.0
BPS-04495,Motor Registry,Driver Licence,Phone,Francistown,MTR-001,2024-07-19,2024-07-20,5,1.9,1,0.0,0,Resolved,0.95,
BPS-04968,Motor Registry,Number Plate,Digital,Lobatse,MTR-001,2024-10-02,2024-10-05,5,3.5,1,0.0,0,Resolved,0.8,5.0
BPS-00837,Education,Teacher Posting,Digital,Serowe,EDU-005,2022-01-09,2022-01-24,14,15.5,0,1.5,0,Resolved,1.3,
BPS-00602,Health,Facility Request,Digital,Gaborone,HLT-001,2023-05-22,2023-05-25,7,3.4,1,0.0,0,Resolved,1.1,4.1
BPS-02185,BURS,Tax Registration,Digital,Gaborone,BRS-009,2024-12-29,2024-12-30,10,1.0,1,0.0,0,Resolved,0.9,3.5
BPS-03866,Works,Utility Request,Digital,Lobatse,WRK-005,2023-06-25,2023-07-01,14,6.0,1,0.0,0,Resolved,0.9,
BPS-02482,BURS,Tax Registration,In-Person,Palapye,BRS-012,2022-07-22,2022-08-02,10,11.8,0,1.8,0,Resolved,0.9,2.7
BPS-04308,Works,Infrastructure Defect,Digital,Gaborone,WRK-003,2022-06-01,2022-06-14,14,13.4,1,0.0,0,Resolved,1.2,4.4
BPS-01583,Police,Case Registration,Digital,Lobatse,POL-001,2024-02-19,2024-02-21,5,2.0,1,0.0,0,Resolved,1.1,4.6
BPS-04267,Works,Infrastructure Defect,In-Person,Maun,WRK-001,2023-04-14,2023-05-01,14,17.0,0,3.0,0,Resolved,1.2,1.8
BPS-02534,Social Welfare,Orphan Welfare,Post,Gaborone,SWL-007,2022-09-14,2022-10-02,21,18.4,1,0.0,0,Resolved,1.2,3.1
BPS-02726,Social Welfare,Old Age Pension,Phone,Gaborone,SWL-008,2022-05-11,2022-05-26,21,15.6,1,0.0,0,Resolved,1.1,4.0
BPS-01071,Education,Teacher Posting,In-Person,Gaborone,EDU-007,2024-01-06,2024-01-21,14,15.8,0,1.8,1,Resolved,1.3,1.9
BPS-01776,Police,Clearance Certificate,Digital,Gaborone,POL-005,2022-06-26,2022-06-27,5,1.5,1,0.0,0,Resolved,0.85,4.2
BPS-04809,Motor Registry,Number Plate,Digital,Kanye,MTR-011,2022-08-30,2022-09-02,5,3.7,1,0.0,0,Resolved,0.8,5.0
BPS-01284,Education,Teacher Posting,In-Person,Serowe,EDU-006,2024-07-22,2024-08-10,14,19.5,0,5.5,0,Resolved,1.3,3.8
BPS-03051,Social Welfare,Old Age Pension,Digital,Palapye,SWL-002,2022-12-15,2022-12-22,21,7.0,1,0.0,0,Resolved,1.1,4.2
BPS-04754,Motor Registry,Roadworthy Certificate,In-Person,Lobatse,MTR-007,2024-09-06,2024-09-08,5,2.4,1,0.0,0,Resolved,1.0,5.0
BPS-01837,Police,Protection Service,In-Person,Francistown,POL-009,2022-11-05,2022-11-08,5,3.3,1,0.0,0,Resolved,1.3,4.5
BPS-04243,Works,Asset Management,In-Person,Molepolole,WRK-008,2024-01-13,2024-01-24,14,11.0,1,0.0,0,Resolved,1.1,3.5
BPS-01020,Education,Scholarship Application,Digital,Maun,EDU-002,2024-12-30,2025-01-11,14,12.4,1,0.0,0,Resolved,1.4,4.1
BPS-04134,Works,Asset Management,In-Person,Maun,WRK-004,2024-05-06,2024-05-26,14,20.4,0,6.4,1,Resolved,1.1,1.8
BPS-01327,Education,Scholarship Application,Phone,Kanye,EDU-001,2024-04-12,2024-04-21,14,9.7,1,0.0,0,Resolved,1.4,
BPS-00476,Health,Medical Certificate,Phone,Gaborone,HLT-010,2022-05-29,2022-06-01,7,3.2,1,0.0,0,Resolved,0.8,4.4
BPS-04272,Works,Asset Management,Phone,Molepolole,WRK-009,2024-10-11,2024-10-20,14,9.2,1,0.0,0,Resolved,1.1,3.7
BPS-01652,Police,Case Registration,In-Person,Maun,POL-014,2023-12-01,2023-12-04,5,3.5,1,0.0,0,Resolved,1.1,
BPS-03999,Works,Property Maintenance,Post,Kanye,WRK-004,2024-05-11,2024-06-06,14,26.4,0,12.4,0,Resolved,1.0,2.5
BPS-04468,Motor Registry,Roadworthy Certificate,Digital,Francistown,MTR-001,2024-10-05,2024-10-06,5,1.9,1,0.0,0,Resolved,1.0,
BPS-02611,Social Welfare,Social Grant,Digital,Maun,SWL-005,2024-11-12,2024-11-28,21,16.0,1,0.0,0,Resolved,1.0,4.0
BPS-02477,BURS,Tax Registration,In-Person,Francistown,BRS-002,2022-03-31,2022-04-06,10,6.8,1,0.0,0,Resolved,0.9,4.4
BPS-02584,Social Welfare,Destitute Support,Post,Kanye,SWL-001,2023-04-11,2023-05-23,21,42.6,0,21.6,0,Resolved,1.3,2.4
BPS-01374,Education,School Admin,Digital,Francistown,EDU-009,2023-12-12,2023-12-13,14,1.0,1,0.0,0,Resolved,0.8,4.4
BPS-00740,Health,Patient Query,In-Person,Palapye,HLT-011,2024-07-26,2024-08-01,7,6.3,1,0.0,0,Resolved,0.7,4.2
BPS-03619,Land Board,Consent to Transfer,Phone,Francistown,LBD-001,2024-11-23,2025-02-11,21,80.9,0,59.9,1,Resolved,1.3,1.0
BPS-02441,BURS,Tax Registration,In-Person,Molepolole,BRS-002,2022-01-06,2022-01-21,10,15.3,0,5.3,0,Resolved,0.9,3.0
BPS-00868,Education,Student Enrollment,Digital,Lobatse,EDU-008,2023-11-28,2023-12-06,14,8.6,1,0.0,0,Resolved,0.9,3.7
BPS-01141,Education,Scholarship Application,In-Person,Serowe,EDU-008,2024-09-02,2024-09-17,14,15.1,0,1.1,0,Resolved,1.4,3.1
BPS-00998,Education,Scholarship Application,In-Person,Molepolole,EDU-007,2024-02-04,2024-02-23,14,19.5,0,5.5,0,Resolved,1.4,
BPS-01338,Education,Teacher Posting,In-Person,Francistown,EDU-003,2023-03-20,2023-04-02,14,13.0,1,0.0,0,Resolved,1.3,
BPS-00542,Health,Facility Request,In-Person,Kanye,HLT-008,2024-12-02,2024-12-06,7,4.1,1,0.0,0,Resolved,1.1,
BPS-01100,Education,School Admin,In-Person,Maun,EDU-009,2022-01-25,2022-02-03,14,9.7,1,0.0,0,Resolved,0.8,
BPS-01133,Education,School Admin,In-Person,Maun,EDU-002,2024-10-15,2024-10-30,14,15.2,0,1.2,0,Resolved,0.8,2.8
BPS-04065,Works,Property Maintenance,In-Person,Lobatse,WRK-004,2023-10-26,2023-11-04,14,9.1,1,0.0,0,Resolved,1.0,3.5
BPS-02716,Social Welfare,Destitute Support,In-Person,Serowe,SWL-002,2023-06-08,2023-06-11,21,3.7,1,0.0,0,Resolved,1.3,3.5
BPS-02259,BURS,Compliance Certificate,In-Person,Kanye,BRS-010,2024-08-23,2024-08-25,10,2.1,1,0.0,0,Resolved,0.85,4.1
BPS-04751,Motor Registry,Vehicle Licensing,Post,Serowe,MTR-001,2024-09-21,2024-09-24,5,3.4,1,0.0,0,Resolved,0.9,
BPS-00060,Health,Medical Certificate,In-Person,Molepolole,HLT-004,2022-11-09,2022-11-16,7,7.2,0,0.2,0,Resolved,0.8,2.6
BPS-02884,Social Welfare,Destitute Support,Digital,Gaborone,SWL-001,2022-02-14,2022-03-06,21,20.0,1,0.0,0,Resolved,1.3,4.5
BPS-01939,Police,Document Request,In-Person,Lobatse,POL-004,2022-09-03,2022-09-09,5,6.3,0,1.3,0,Resolved,0.75,
BPS-02577,Social Welfare,Social Grant,Digital,Molepolole,SWL-008,2022-03-06,2022-03-24,21,18.6,1,0.0,0,Resolved,1.0,4.3
BPS-04937,Motor Registry,Roadworthy Certificate,Phone,Palapye,MTR-003,2023-09-03,2023-09-06,5,3.6,1,0.0,0,Resolved,1.0,
BPS-01079,Education,Teacher Posting,In-Person,Francistown,EDU-004,2022-04-15,2022-05-07,14,22.8,0,8.8,0,Resolved,1.3,3.1
BPS-03250,Immigration,Permanent Residency,Phone,Serowe,IMG-001,2024-03-26,2024-04-07,30,12.1,1,0.0,0,Resolved,1.4,2.8
BPS-03128,Immigration,Border Documentation,In-Person,Molepolole,IMG-001,2024-11-12,2024-12-16,30,34.5,0,4.5,0,Resolved,0.9,2.2
BPS-02489,BURS,Compliance Certificate,In-Person,Francistown,BRS-008,2025-01-01,2025-01-08,10,7.3,1,0.0,0,Resolved,0.85,
BPS-00941,Education,School Admin,Digital,Kanye,EDU-002,2023-03-07,2023-03-10,14,3.0,1,0.0,0,Resolved,0.8,4.7
BPS-01081,Education,Scholarship Application,Digital,Kanye,EDU-004,2022-04-08,2022-04-17,14,9.7,1,0.0,0,Resolved,1.4,4.4
BPS-00188,Health,Facility Request,In-Person,Kanye,HLT-001,2024-06-09,2024-06-15,7,6.1,1,0.0,0,Resolved,1.1,5.0
BPS-02635,Social Welfare,Orphan Welfare,Digital,Gaborone,SWL-004,2023-08-06,2023-08-31,21,25.1,0,4.1,1,Resolved,1.2,
BPS-02086,BURS,Compliance Certificate,In-Person,Serowe,BRS-003,2022-12-20,2022-12-22,10,2.1,1,0.0,0,Resolved,0.85,
BPS-02250,BURS,Tax Registration,Phone,Francistown,BRS-005,2024-03-21,2024-03-28,10,7.9,1,0.0,0,Resolved,0.9,
BPS-04891,Motor Registry,Vehicle Licensing,In-Person,Molepolole,MTR-004,2022-04-03,2022-04-04,5,1.2,1,0.0,0,Resolved,0.9,5.0
BPS-02024,BURS,VAT Filing,In-Person,Palapye,BRS-002,2023-12-31,2024-01-01,10,1.9,1,0.0,0,Resolved,1.0,
BPS-03540,Land Board,Land Use Approval,Post,Lobatse,LBD-004,2024-08-29,2024-11-29,21,92.9,0,71.9,1,Resolved,1.6,1.0
BPS-04049,Works,Utility Request,In-Person,Palapye,WRK-003,2024-12-01,2024-12-13,14,12.4,1,0.0,0,Resolved,0.9,3.7
BPS-03607,Land Board,Land Allocation,Digital,Lobatse,LBD-001,2022-04-10,2022-05-15,21,35.1,0,14.1,1,Resolved,1.5,1.5
BPS-00227,Health,Patient Query,Post,Kanye,HLT-002,2024-06-24,2024-06-28,7,4.7,1,0.0,0,Resolved,0.7,
BPS-04848,Motor Registry,Driver Licence,Digital,Lobatse,MTR-015,2022-10-24,2022-10-25,5,1.5,1,0.0,0,Resolved,0.95,4.7
BPS-01930,Police,Protection Service,In-Person,Kanye,POL-010,2024-07-24,2024-08-03,5,10.3,0,5.3,1,Resolved,1.3,2.1
BPS-03056,Social Welfare,Destitute Support,In-Person,Molepolole,SWL-006,2023-05-14,2023-05-30,21,16.7,1,0.0,0,Resolved,1.3,3.9
BPS-04490,Motor Registry,Roadworthy Certificate,In-Person,Lobatse,MTR-014,2022-10-16,2022-10-18,5,2.4,1,0.0,0,Resolved,1.0,4.5
BPS-01405,Education,Teacher Posting,In-Person,Francistown,EDU-009,2024-04-17,2024-05-08,14,21.6,0,7.6,0,Resolved,1.3,2.7
BPS-02180,BURS,Compliance Certificate,In-Person,Lobatse,BRS-001,2023-08-11,2023-08-18,10,7.2,1,0.0,0,Resolved,0.85,3.5
BPS-00698,Health,Patient Query,Digital,Gaborone,HLT-007,2022-07-05,2022-07-06,7,1.0,1,0.0,0,Resolved,0.7,4.9
BPS-01125,Education,Scholarship Application,In-Person,Maun,EDU-005,2025-01-14,2025-02-09,14,26.9,0,12.9,1,Resolved,1.4,2.5
BPS-03362,Immigration,Work Permit,In-Person,Gaborone,IMG-006,2022-10-11,2022-10-27,30,16.0,1,0.0,0,Resolved,1.2,3.2
BPS-04136,Works,Infrastructure Defect,In-Person,Gaborone,WRK-008,2024-11-04,2024-11-18,14,14.9,0,0.9,0,Resolved,1.2,2.0
BPS-01779,Police,Case Registration,Post,Serowe,POL-012,2024-10-09,2024-10-12,5,3.6,1,0.0,0,Resolved,1.1,3.7
BPS-02859,Social Welfare,Orphan Welfare,Post,Palapye,SWL-001,2024-12-09,2025-01-17,21,39.7,0,18.7,0,Resolved,1.2,2.6
BPS-01038,Education,School Admin,In-Person,Francistown,EDU-002,2022-06-19,2022-06-24,14,5.0,1,0.0,0,Resolved,0.8,4.5
BPS-04457,Motor Registry,Vehicle Licensing,In-Person,Maun,MTR-012,2023-07-23,2023-07-25,5,2.8,1,0.0,0,Resolved,0.9,
BPS-02257,BURS,Assessment Dispute,In-Person,Maun,BRS-002,2023-04-03,2023-04-18,10,15.1,0,5.1,1,Resolved,1.5,2.1
BPS-00314,Health,Patient Query,Phone,Molepolole,HLT-010,2022-12-06,2022-12-10,7,4.1,1,0.0,0,Resolved,0.7,3.5
BPS-02282,BURS,VAT Filing,In-Person,Francistown,BRS-002,2022-04-07,2022-04-13,10,6.5,1,0.0,0,Resolved,1.0,4.5
BPS-01417,Education,Scholarship Application,Digital,Lobatse,EDU-005,2022-11-21,2022-12-01,14,10.7,1,0.0,0,Resolved,1.4,4.3
BPS-01037,Education,Teacher Posting,Digital,Francistown,EDU-007,2024-08-07,2024-08-13,14,6.4,1,0.0,0,Resolved,1.3,4.0
BPS-02160,BURS,VAT Filing,In-Person,Francistown,BRS-009,2024-12-05,2024-12-14,10,9.0,1,0.0,0,Resolved,1.0,
BPS-04164,Works,Property Maintenance,Phone,Serowe,WRK-009,2023-04-27,2023-05-01,14,4.1,1,0.0,0,Resolved,1.0,3.4
BPS-01755,Police,Document Request,Post,Palapye,POL-004,2022-03-11,2022-03-15,5,4.2,1,0.0,0,Resolved,0.75,4.2
BPS-03113,Immigration,Work Permit,In-Person,Francistown,IMG-002,2024-07-03,2024-07-30,30,27.9,1,0.0,0,Resolved,1.2,4.3
BPS-02814,Social Welfare,Social Grant,Phone,Lobatse,SWL-003,2022-07-31,2022-08-14,21,14.1,1,0.0,0,Resolved,1.0,3.8
BPS-02699,Social Welfare,Destitute Support,In-Person,Francistown,SWL-004,2022-03-02,2022-04-02,21,31.2,0,10.2,0,Resolved,1.3,2.4
BPS-03208,Immigration,Border Documentation,Phone,Lobatse,IMG-007,2023-06-23,2023-07-20,30,27.5,1,0.0,0,Resolved,0.9,3.7
BPS-04351,Motor Registry,Driver Licence,Post,Maun,MTR-006,2024-05-08,2024-05-09,5,1.0,1,0.0,0,Resolved,0.95,4.1
BPS-03432,Immigration,Work Permit,Digital,Maun,IMG-001,2023-10-17,2023-11-17,30,31.7,0,1.7,0,Resolved,1.2,3.0
BPS-01507,Police,Protection Service,In-Person,Palapye,POL-014,2023-12-20,2023-12-26,5,6.7,0,1.7,0,Resolved,1.3,
BPS-01924,Police,Case Registration,Digital,Francistown,POL-008,2024-01-02,2024-01-06,5,4.3,1,0.0,0,Resolved,1.1,4.1
BPS-00449,Health,Facility Request,In-Person,Serowe,HLT-010,2023-01-20,2023-01-26,7,6.5,1,0.0,0,Resolved,1.1,
BPS-04129,Works,Infrastructure Defect,In-Person,Kanye,WRK-009,2024-10-29,2024-11-09,14,11.3,1,0.0,0,Resolved,1.2,4.1
BPS-02529,Social Welfare,Destitute Support,In-Person,Serowe,SWL-004,2023-01-14,2023-02-24,21,41.4,0,20.4,1,Resolved,1.3,2.1
BPS-04970,Motor Registry,Driver Licence,Digital,Molepolole,MTR-010,2023-02-04,2023-02-05,5,1.7,1,0.0,0,Resolved,0.95,5.0
BPS-02790,Social Welfare,Social Grant,Digital,Kanye,SWL-008,2023-03-14,2023-03-29,21,15.5,1,0.0,0,Resolved,1.0,
BPS-00362,Health,Facility Request,In-Person,Molepolole,HLT-007,2022-12-20,2022-12-30,7,10.5,0,3.5,0,Resolved,1.1,3.4
BPS-02184,BURS,VAT Filing,In-Person,Maun,BRS-007,2023-12-05,2023-12-19,10,14.1,0,4.1,0,Resolved,1.0,2.7
BPS-01135,Education,Scholarship Application,In-Person,Maun,EDU-002,2024-08-01,2024-08-15,14,14.5,0,0.5,0,Resolved,1.4,3.3
BPS-03881,Works,Utility Request,Phone,Serowe,WRK-003,2023-02-17,2023-02-26,14,9.8,1,0.0,0,Resolved,0.9,4.3
BPS-02156,BURS,Compliance Certificate,In-Person,Gaborone,BRS-007,2023-04-18,2023-04-23,10,5.8,1,0.0,0,Resolved,0.85,4.1
BPS-01831,Police,Clearance Certificate,Digital,Maun,POL-002,2024-06-24,2024-06-28,5,4.8,1,0.0,0,Resolved,0.85,4.5
BPS-01054,Education,Student Enrollment,In-Person,Palapye,EDU-005,2022-07-15,2022-07-24,14,9.9,1,0.0,0,Resolved,0.9,4.0
BPS-00023,Health,Facility Request,In-Person,Molepolole,HLT-008,2023-01-25,2023-02-02,7,8.3,0,1.3,0,Resolved,1.1,3.0
BPS-02067,BURS,VAT Filing,Digital,Kanye,BRS-005,2023-07-04,2023-07-06,10,2.1,1,0.0,0,Resolved,1.0,4.7
BPS-01654,Police,Case Registration,Digital,Gaborone,POL-010,2023-06-06,2023-06-10,5,4.0,1,0.0,0,Resolved,1.1,
BPS-02588,Social Welfare,Old Age Pension,In-Person,Molepolole,SWL-007,2022-06-18,2022-07-05,21,17.4,1,0.0,0,Resolved,1.1,3.6
BPS-03211,Immigration,Border Documentation,In-Person,Kanye,IMG-006,2022-11-07,2022-12-10,30,33.5,0,3.5,0,Resolved,0.9,2.4
BPS-04303,Works,Asset Management,Post,Serowe,WRK-001,2024-10-01,2024-10-11,14,10.3,1,0.0,0,Resolved,1.1,4.1
BPS-04037,Works,Asset Management,In-Person,Gaborone,WRK-007,2023-03-22,2023-04-08,14,17.2,0,3.2,0,Resolved,1.1,2.6
BPS-02326,BURS,Tax Registration,Post,Maun,BRS-012,2024-03-11,2024-03-21,10,10.6,0,0.6,0,Resolved,0.9,3.3
BPS-00461,Health,Medical Certificate,Phone,Molepolole,HLT-007,2023-10-03,2023-10-12,7,9.0,0,2.0,0,Resolved,0.8,
BPS-01068,Education,School Admin,In-Person,Molepolole,EDU-002,2024-10-04,2024-10-17,14,13.8,1,0.0,0,Resolved,0.8,4.6
BPS-00088,Health,Medical Certificate,In-Person,Palapye,HLT-007,2024-08-20,2024-08-25,7,5.6,1,0.0,0,Resolved,0.8,4.3
BPS-01431,Education,Scholarship Application,Phone,Kanye,EDU-004,2023-07-18,2023-08-02,14,15.7,0,1.7,0,Resolved,1.4,
BPS-02648,Social Welfare,Social Grant,In-Person,Molepolole,SWL-008,2022-09-21,2022-09-29,21,8.5,1,0.0,0,Resolved,1.0,
BPS-00283,Health,Patient Query,In-Person,Francistown,HLT-005,2022-09-29,2022-10-07,7,8.6,0,1.6,0,Resolved,0.7,2.9
BPS-00463,Health,Specialist Referral,In-Person,Francistown,HLT-003,2023-01-18,2023-01-24,7,6.5,1,0.0,0,Resolved,1.2,
BPS-00213,Health,Patient Query,In-Person,Palapye,HLT-009,2023-07-27,2023-08-03,7,7.0,1,0.0,0,Resolved,0.7,3.5
BPS-02500,Social Welfare,Orphan Welfare,Phone,Palapye,SWL-007,2024-01-17,2024-02-08,21,22.4,0,1.4,0,Resolved,1.2,1.8
BPS-01369,Education,Teacher Posting,Phone,Molepolole,EDU-008,2022-12-05,2022-12-14,14,9.7,1,0.0,0,Resolved,1.3,
BPS-00235,Health,Medical Certificate,In-Person,Lobatse,HLT-008,2023-01-17,2023-01-28,7,11.0,0,4.0,0,Resolved,0.8,2.7
BPS-02771,Social Welfare,Social Grant,In-Person,Kanye,SWL-001,2022-01-27,2022-02-14,21,18.8,1,0.0,0,Resolved,1.0,
BPS-00598,Health,Facility Request,Digital,Gaborone,HLT-003,2024-02-11,2024-02-12,7,1.2,1,0.0,0,Resolved,1.1,
BPS-04421,Motor Registry,Vehicle Licensing,Digital,Palapye,MTR-007,2024-12-29,2025-01-01,5,3.6,1,0.0,0,Resolved,0.9,5.0
BPS-02251,BURS,VAT Filing,Phone,Lobatse,BRS-005,2024-07-12,2024-07-18,10,6.6,1,0.0,0,Resolved,1.0,4.7
BPS-04032,Works,Asset Management,Phone,Palapye,WRK-004,2024-08-05,2024-08-09,14,4.2,1,0.0,0,Resolved,1.1,3.4
BPS-02284,BURS,Compliance Certificate,Phone,Lobatse,BRS-008,2022-03-15,2022-03-19,10,4.3,1,0.0,0,Resolved,0.85,3.3
BPS-00663,Health,Facility Request,In-Person,Kanye,HLT-011,2023-09-06,2023-09-10,7,4.7,1,0.0,0,Resolved,1.1,3.6
BPS-04964,Motor Registry,Vehicle Licensing,In-Person,Palapye,MTR-005,2024-10-31,2024-11-01,5,1.5,1,0.0,0,Resolved,0.9,4.6
BPS-02286,BURS,Compliance Certificate,In-Person,Maun,BRS-003,2024-10-05,2024-10-14,10,9.8,1,0.0,0,Resolved,0.85,
BPS-04717,Motor Registry,Driver Licence,In-Person,Francistown,MTR-007,2022-07-05,2022-07-08,5,3.8,1,0.0,0,Resolved,0.95,
BPS-03194,Immigration,Permanent Residency,Digital,Francistown,IMG-001,2022-11-10,2022-11-30,30,20.1,1,0.0,0,Resolved,1.4,3.1
BPS-02504,Social Welfare,Destitute Support,In-Person,Palapye,SWL-002,2024-10-06,2024-10-23,21,17.9,1,0.0,0,Resolved,1.3,
BPS-04044,Works,Asset Management,Digital,Gaborone,WRK-005,2023-07-24,2023-08-03,14,10.9,1,0.0,0,Resolved,1.1,3.7
BPS-00780,Health,Medical Certificate,In-Person,Molepolole,HLT-007,2022-07-28,2022-08-03,7,6.3,1,0.0,0,Resolved,0.8,
BPS-04020,Works,Property Maintenance,In-Person,Maun,WRK-003,2022-06-04,2022-06-17,14,13.2,1,0.0,0,Resolved,1.0,
BPS-03427,Immigration,Permanent Residency,Phone,Serowe,IMG-002,2022-04-05,2022-05-11,30,36.1,0,6.1,0,Resolved,1.4,
BPS-04307,Works,Utility Request,In-Person,Lobatse,WRK-005,2025-01-14,2025-01-21,14,7.7,1,0.0,0,Resolved,0.9,
BPS-03197,Immigration,Permanent Residency,Digital,Maun,IMG-001,2024-03-02,2024-04-03,30,32.6,0,2.6,0,Resolved,1.4,2.8
BPS-04836,Motor Registry,Vehicle Licensing,Post,Serowe,MTR-005,2023-12-01,2023-12-04,5,3.1,1,0.0,0,Resolved,0.9,4.9
BPS-00686,Health,Specialist Referral,Digital,Maun,HLT-011,2023-10-04,2023-10-09,7,5.6,1,0.0,0,Resolved,1.2,4.1
BPS-03170,Immigration,Citizenship Application,Digital,Lobatse,IMG-006,2023-09-23,2023-10-19,30,26.9,1,0.0,0,Resolved,1.6,
BPS-03927,Works,Asset Management,In-Person,Maun,WRK-001,2024-07-29,2024-08-18,14,20.1,0,6.1,0,Resolved,1.1,3.0
BPS-03435,Immigration,Border Documentation,In-Person,Molepolole,IMG-006,2022-10-31,2022-12-13,30,43.2,0,13.2,0,Resolved,0.9,2.1
BPS-02172,BURS,VAT Filing,Digital,Kanye,BRS-007,2022-04-07,2022-04-11,10,4.6,1,0.0,0,Resolved,1.0,
BPS-03690,Land Board,Land Use Approval,Phone,Kanye,LBD-001,2022-09-25,2022-11-28,21,64.3,0,43.3,1,Resolved,1.6,1.1
BPS-01851,Police,Document Request,In-Person,Maun,POL-011,2023-08-25,2023-08-27,5,2.9,1,0.0,0,Resolved,0.75,4.6
BPS-00488,Health,Facility Request,Phone,Gaborone,HLT-004,2023-06-18,2023-06-19,7,1.0,1,0.0,0,Resolved,1.1,3.6
BPS-01689,Police,Document Request,Post,Lobatse,POL-014,2024-11-17,2024-11-21,5,4.8,1,0.0,0,Resolved,0.75,4.8
BPS-02231,BURS,Tax Registration,Digital,Serowe,BRS-007,2023-10-20,2023-10-22,10,2.5,1,0.0,0,Resolved,0.9,4.6
BPS-03265,Immigration,Permanent Residency,Digital,Serowe,IMG-004,2022-08-28,2022-09-25,30,28.9,1,0.0,0,Resolved,1.4,3.5
BPS-02321,BURS,VAT Filing,In-Person,Francistown,BRS-010,2024-12-18,2024-12-26,10,8.1,1,0.0,0,Resolved,1.0,4.3
BPS-00783,Health,Facility Request,Digital,Palapye,HLT-003,2022-08-10,2022-08-16,7,6.5,1,0.0,0,Resolved,1.1,
BPS-00522,Health,Facility Request,Digital,Kanye,HLT-004,2024-07-28,2024-08-02,7,5.1,1,0.0,0,Resolved,1.1,3.5
BPS-00523,Health,Facility Request,In-Person,Molepolole,HLT-002,2023-03-28,2023-04-01,7,4.3,1,0.0,0,Resolved,1.1,3.7
BPS-02838,Social Welfare,Destitute Support,In-Person,Lobatse,SWL-008,2023-10-12,2023-11-20,21,39.2,0,18.2,0,Resolved,1.3,2.7
BPS-04540,Motor Registry,Roadworthy Certificate,In-Person,Kanye,MTR-010,2024-03-16,2024-03-20,5,4.6,1,0.0,0,Resolved,1.0,4.6
BPS-02399,BURS,Tax Registration,Digital,Lobatse,BRS-003,2024-11-08,2024-11-12,10,4.8,1,0.0,0,Resolved,0.9,4.6
BPS-02208,BURS,VAT Filing,In-Person,Kanye,BRS-003,2024-08-06,2024-08-14,10,8.1,1,0.0,0,Resolved,1.0,
BPS-03478,Land Board,Land Certificate,Digital,Palapye,LBD-003,2024-11-05,2024-11-13,21,8.8,1,0.0,0,Resolved,1.2,2.3
BPS-03553,Land Board,Land Allocation,Phone,Francistown,LBD-004,2023-10-16,2023-12-27,21,72.6,0,51.6,1,Resolved,1.5,1.0
BPS-04088,Works,Infrastructure Defect,In-Person,Palapye,WRK-009,2023-09-22,2023-10-08,14,16.4,0,2.4,0,Resolved,1.2,2.6
BPS-02823,Social Welfare,Old Age Pension,Digital,Maun,SWL-008,2023-09-08,2023-09-22,21,14.8,1,0.0,0,Resolved,1.1,4.0
BPS-01512,Police,Document Request,In-Person,Serowe,POL-004,2023-05-18,2023-05-21,5,3.6,1,0.0,0,Resolved,0.75,3.6
BPS-01883,Police,Protection Service,In-Person,Gaborone,POL-009,2024-04-15,2024-04-17,5,2.1,1,0.0,0,Resolved,1.3,3.8
BPS-00652,Health,Medical Certificate,In-Person,Maun,HLT-007,2024-07-02,2024-07-09,7,7.0,1,0.0,0,Resolved,0.8,3.8
BPS-04931,Motor Registry,Number Plate,Phone,Gaborone,MTR-002,2023-04-10,2023-04-12,5,2.4,1,0.0,0,Resolved,0.8,5.0
BPS-03090,Social Welfare,Old Age Pension,In-Person,Kanye,SWL-001,2022-12-01,2022-12-24,21,23.1,0,2.1,0,Resolved,1.1,2.3
BPS-00370,Health,Specialist Referral,Phone,Lobatse,HLT-008,2022-12-26,2022-12-29,7,3.8,1,0.0,0,Resolved,1.2,
BPS-04998,Motor Registry,Number Plate,Digital,Molepolole,MTR-014,2022-07-20,2022-07-25,5,5.0,1,0.0,0,Resolved,0.8,4.4
BPS-00119,Health,Specialist Referral,In-Person,Kanye,HLT-009,2024-12-23,2025-01-02,7,10.8,0,3.8,1,Resolved,1.2,2.2
BPS-03321,Immigration,Permanent Residency,Digital,Molepolole,IMG-006,2024-09-12,2024-10-10,30,28.1,1,0.0,0,Resolved,1.4,
BPS-03035,Social Welfare,Orphan Welfare,Digital,Palapye,SWL-007,2023-01-13,2023-01-28,21,15.8,1,0.0,0,Resolved,1.2,
BPS-02217,BURS,Tax Registration,Phone,Serowe,BRS-003,2024-02-20,2024-02-25,10,5.5,1,0.0,0,Resolved,0.9,
BPS-03543,Land Board,Land Certificate,In-Person,Palapye,LBD-003,2023-08-27,2023-11-11,21,76.6,0,55.6,0,Resolved,1.2,1.6
BPS-01614,Police,Clearance Certificate,In-Person,Gaborone,POL-013,2024-08-28,2024-08-31,5,3.5,1,0.0,0,Resolved,0.85,4.5
BPS-03152,Immigration,Permanent Residency,In-Person,Molepolole,IMG-001,2023-09-21,2023-10-22,30,31.5,0,1.5,0,Resolved,1.4,1.3
BPS-00963,Education,Student Enrollment,In-Person,Gaborone,EDU-006,2022-12-18,2022-12-28,14,10.1,1,0.0,0,Resolved,0.9,4.9
BPS-02511,Social Welfare,Orphan Welfare,Digital,Molepolole,SWL-003,2022-04-13,2022-05-01,21,18.4,1,0.0,0,Resolved,1.2,4.2
BPS-03832,Land Board,Land Allocation,In-Person,Kanye,LBD-004,2023-12-11,2024-02-07,21,58.5,0,37.5,1,Resolved,1.5,1.0
BPS-02824,Social Welfare,Destitute Support,Post,Maun,SWL-002,2024-04-27,2024-05-10,21,13.3,1,0.0,0,Resolved,1.3,3.3
BPS-04344,Motor Registry,Driver Licence,Phone,Serowe,MTR-014,2022-05-01,2022-05-05,5,4.6,1,0.0,0,Resolved,0.95,4.7
BPS-03033,Social Welfare,Old Age Pension,In-Person,Francistown,SWL-004,2024-03-03,2024-03-24,21,21.9,0,0.9,0,Resolved,1.1,
BPS-02416,BURS,VAT Filing,Phone,Kanye,BRS-001,2023-04-30,2023-05-06,10,6.8,1,0.0,0,Resolved,1.0,4.7
BPS-04655,Motor Registry,Driver Licence,Phone,Molepolole,MTR-015,2022-07-23,2022-07-27,5,4.8,1,0.0,0,Resolved,0.95,4.7
BPS-04237,Works,Infrastructure Defect,Digital,Kanye,WRK-004,2024-06-07,2024-06-23,14,16.7,0,2.7,0,Resolved,1.2,2.0
BPS-02186,BURS,Tax Registration,Digital,Maun,BRS-007,2023-05-07,2023-05-15,10,8.1,1,0.0,0,Resolved,0.9,3.6
BPS-03670,Land Board,Consent to Transfer,In-Person,Maun,LBD-006,2024-06-10,2024-08-19,21,70.5,0,49.5,1,Resolved,1.3,1.4
BPS-02038,BURS,VAT Filing,Post,Serowe,BRS-002,2024-01-03,2024-01-09,10,6.3,1,0.0,0,Resolved,1.0,3.2
BPS-04363,Motor Registry,Driver Licence,Digital,Serowe,MTR-001,2023-12-07,2023-12-08,5,1.7,1,0.0,0,Resolved,0.95,4.9
BPS-00773,Health,Medical Certificate,Digital,Lobatse,HLT-004,2022-12-18,2022-12-23,7,5.5,1,0.0,0,Resolved,0.8,4.0
BPS-01285,Education,School Admin,In-Person,Francistown,EDU-006,2024-01-12,2024-01-17,14,5.6,1,0.0,0,Resolved,0.8,3.7
BPS-04604,Motor Registry,Number Plate,In-Person,Maun,MTR-011,2023-12-26,2023-12-30,5,4.4,1,0.0,0,Resolved,0.8,
BPS-04795,Motor Registry,Number Plate,In-Person,Molepolole,MTR-014,2023-03-08,2023-03-10,5,2.2,1,0.0,0,Resolved,0.8,5.0
BPS-01415,Education,Student Enrollment,In-Person,Serowe,EDU-008,2023-06-17,2023-06-23,14,6.9,1,0.0,0,Resolved,0.9,4.6
BPS-01235,Education,School Admin,In-Person,Maun,EDU-006,2024-08-16,2024-08-23,14,7.1,1,0.0,0,Resolved,0.8,
BPS-02700,Social Welfare,Old Age Pension,Digital,Molepolole,SWL-003,2022-11-05,2022-11-27,21,22.2,0,1.2,0,Resolved,1.1,
BPS-00436,Health,Facility Request,Post,Molepolole,HLT-005,2024-09-06,2024-09-15,7,9.3,0,2.3,0,Resolved,1.1,
BPS-01675,Police,Clearance Certificate,In-Person,Francistown,POL-003,2023-01-18,2023-01-23,5,5.8,0,0.8,0,Resolved,0.85,2.2
BPS-00366,Health,Patient Query,In-Person,Serowe,HLT-006,2022-03-02,2022-03-06,7,4.9,1,0.0,0,Resolved,0.7,
BPS-02650,Social Welfare,Social Grant,Digital,Francistown,SWL-006,2024-09-16,2024-10-02,21,16.3,1,0.0,0,Resolved,1.0,
BPS-00232,Health,Medical Certificate,Phone,Molepolole,HLT-003,2022-12-27,2023-01-01,7,5.2,1,0.0,0,Resolved,0.8,4.0
BPS-04268,Works,Utility Request,In-Person,Maun,WRK-002,2024-02-06,2024-02-07,14,1.4,1,0.0,0,Resolved,0.9,3.7
BPS-04042,Works,Infrastructure Defect,In-Person,Serowe,WRK-002,2022-09-29,2022-10-20,14,21.3,0,7.3,1,Resolved,1.2,
BPS-04400,Motor Registry,Driver Licence,Digital,Lobatse,MTR-009,2023-08-29,2023-09-02,5,4.8,1,0.0,0,Resolved,0.95,5.0
BPS-00408,Health,Patient Query,In-Person,Kanye,HLT-007,2024-07-29,2024-08-02,7,4.0,1,0.0,0,Resolved,0.7,4.4
BPS-02091,BURS,Tax Registration,Phone,Molepolole,BRS-005,2022-10-11,2022-10-18,10,7.8,1,0.0,0,Resolved,0.9,4.5
BPS-00087,Health,Medical Certificate,Digital,Serowe,HLT-002,2023-03-09,2023-03-14,7,5.0,1,0.0,0,Resolved,0.8,
BPS-00845,Education,School Admin,In-Person,Francistown,EDU-007,2024-05-15,2024-05-25,14,10.3,1,0.0,0,Resolved,0.8,3.6
BPS-01032,Education,School Admin,In-Person,Gaborone,EDU-006,2023-09-15,2023-09-17,14,2.6,1,0.0,0,Resolved,0.8,
BPS-02856,Social Welfare,Orphan Welfare,In-Person,Serowe,SWL-002,2024-02-03,2024-02-20,21,17.9,1,0.0,0,Resolved,1.2,
BPS-04110,Works,Property Maintenance,Digital,Molepolole,WRK-002,2022-09-22,2022-10-01,14,9.7,1,0.0,0,Resolved,1.0,4.5
BPS-04397,Motor Registry,Number Plate,In-Person,Kanye,MTR-001,2022-04-27,2022-04-28,5,1.0,1,0.0,0,Resolved,0.8,4.9
BPS-03894,Works,Property Maintenance,In-Person,Serowe,WRK-005,2024-07-12,2024-07-15,14,3.5,1,0.0,0,Resolved,1.0,3.8
BPS-02659,Social Welfare,Old Age Pension,In-Person,Maun,SWL-007,2023-02-14,2023-03-08,21,22.0,0,1.0,0,Resolved,1.1,2.5
BPS-00856,Education,Teacher Posting,In-Person,Serowe,EDU-003,2024-06-11,2024-06-23,14,12.7,1,0.0,0,Resolved,1.3,3.4
BPS-00079,Health,Patient Query,In-Person,Kanye,HLT-009,2023-12-22,2023-12-26,7,4.3,1,0.0,0,Resolved,0.7,3.7
BPS-02248,BURS,Assessment Dispute,Phone,Kanye,BRS-010,2024-03-16,2024-03-20,10,4.2,1,0.0,0,Resolved,1.5,4.5
BPS-04571,Motor Registry,Number Plate,Post,Molepolole,MTR-004,2024-06-11,2024-06-12,5,1.3,1,0.0,0,Resolved,0.8,5.0
BPS-03657,Land Board,Consent to Transfer,In-Person,Molepolole,LBD-002,2023-06-08,2023-08-09,21,62.8,0,41.8,1,Resolved,1.3,1.5
BPS-04152,Works,Asset Management,In-Person,Palapye,WRK-001,2025-01-07,2025-01-28,14,21.6,0,7.6,0,Resolved,1.1,2.3
BPS-03379,Immigration,Permanent Residency,Phone,Serowe,IMG-005,2024-04-17,2024-05-26,30,39.5,0,9.5,1,Resolved,1.4,1.7
BPS-02280,BURS,VAT Filing,In-Person,Kanye,BRS-001,2024-02-29,2024-03-08,10,8.7,1,0.0,0,Resolved,1.0,4.5
BPS-02599,Social Welfare,Orphan Welfare,Phone,Maun,SWL-005,2022-10-12,2022-11-10,21,29.5,0,8.5,1,Resolved,1.2,1.4
BPS-04160,Works,Asset Management,Digital,Francistown,WRK-007,2025-01-24,2025-02-04,14,11.1,1,0.0,0,Resolved,1.1,4.2
BPS-03871,Works,Asset Management,In-Person,Lobatse,WRK-002,2023-01-20,2023-01-28,14,8.0,1,0.0,0,Resolved,1.1,3.4
BPS-03429,Immigration,Border Documentation,Digital,Palapye,IMG-002,2024-12-22,2025-01-08,30,17.9,1,0.0,0,Resolved,0.9,
BPS-02177,BURS,Assessment Dispute,In-Person,Molepolole,BRS-007,2022-11-29,2022-12-02,10,3.9,1,0.0,0,Resolved,1.5,4.3
BPS-00425,Health,Facility Request,In-Person,Maun,HLT-004,2023-03-09,2023-03-17,7,8.8,0,1.8,1,Resolved,1.1,1.7
BPS-00393,Health,Facility Request,In-Person,Maun,HLT-011,2023-06-13,2023-06-14,7,1.8,1,0.0,0,Resolved,1.1,4.6
BPS-04727,Motor Registry,Vehicle Licensing,Phone,Kanye,MTR-010,2024-01-06,2024-01-07,5,1.9,1,0.0,0,Resolved,0.9,4.3
BPS-03694,Land Board,Land Use Approval,In-Person,Maun,LBD-005,2023-06-28,2023-10-14,21,108.5,0,87.5,1,Resolved,1.6,1.0
BPS-00105,Health,Medical Certificate,In-Person,Molepolole,HLT-008,2024-03-01,2024-03-07,7,6.3,1,0.0,0,Resolved,0.8,3.9
BPS-03995,Works,Utility Request,Phone,Lobatse,WRK-004,2022-08-21,2022-08-22,14,1.0,1,0.0,0,Resolved,0.9,
BPS-04413,Motor Registry,Roadworthy Certificate,In-Person,Kanye,MTR-008,2022-09-29,2022-09-30,5,1.2,1,0.0,0,Resolved,1.0,4.5
BPS-01949,Police,Document Request,Digital,Lobatse,POL-012,2025-01-13,2025-01-15,5,2.3,1,0.0,0,Resolved,0.75,3.7
BPS-01460,Police,Clearance Certificate,Post,Kanye,POL-013,2024-09-05,2024-09-10,5,5.9,0,0.9,0,Resolved,0.85,
BPS-03258,Immigration,Work Permit,In-Person,Molepolole,IMG-003,2024-10-21,2024-11-13,30,23.8,1,0.0,0,Resolved,1.2,3.5
BPS-02804,Social Welfare,Old Age Pension,In-Person,Francistown,SWL-007,2023-03-16,2023-03-29,21,13.2,1,0.0,0,Resolved,1.1,4.2
BPS-02707,Social Welfare,Social Grant,Digital,Francistown,SWL-004,2024-12-06,2024-12-22,21,16.0,1,0.0,0,Resolved,1.0,3.5
BPS-04790,Motor Registry,Number Plate,In-Person,Lobatse,MTR-011,2023-07-23,2023-07-25,5,2.4,1,0.0,0,Resolved,0.8,4.5
BPS-01588,Police,Document Request,Phone,Francistown,POL-010,2022-11-16,2022-11-17,5,1.0,1,0.0,0,Resolved,0.75,3.4
BPS-03660,Land Board,Land Use Approval,Digital,Francistown,LBD-003,2022-09-14,2022-12-22,21,99.9,0,78.9,1,Resolved,1.6,1.0
BPS-01732,Police,Clearance Certificate,Post,Kanye,POL-007,2024-06-19,2024-06-22,5,3.6,1,0.0,0,Resolved,0.85,
BPS-04765,Motor Registry,Roadworthy Certificate,Phone,Molepolole,MTR-005,2024-01-06,2024-01-07,5,1.3,1,0.0,0,Resolved,1.0,5.0
BPS-04225,Works,Infrastructure Defect,Phone,Palapye,WRK-002,2022-03-17,2022-03-23,14,6.3,1,0.0,0,Resolved,1.2,
BPS-03682,Land Board,Land Use Approval,In-Person,Maun,LBD-006,2023-12-20,2024-02-23,21,65.8,0,44.8,1,Resolved,1.6,1.0
BPS-01792,Police,Clearance Certificate,In-Person,Serowe,POL-014,2024-04-15,2024-04-20,5,5.0,1,0.0,0,Resolved,0.85,3.9
BPS-02356,BURS,Tax Registration,Digital,Gaborone,BRS-011,2024-01-14,2024-01-19,10,5.5,1,0.0,0,Resolved,0.9,4.7
BPS-01941,Police,Document Request,Phone,Kanye,POL-002,2023-03-07,2023-03-09,5,2.9,1,0.0,0,Resolved,0.75,4.0
BPS-00703,Health,Facility Request,In-Person,Palapye,HLT-011,2025-01-03,2025-01-08,7,5.3,1,0.0,0,Resolved,1.1,4.4
BPS-02443,BURS,Compliance Certificate,Digital,Gaborone,BRS-010,2024-03-06,2024-03-09,10,3.9,1,0.0,0,Resolved,0.85,4.5
BPS-04376,Motor Registry,Roadworthy Certificate,In-Person,Palapye,MTR-002,2022-11-19,2022-11-22,5,3.6,1,0.0,0,Resolved,1.0,
BPS-00497,Health,Specialist Referral,In-Person,Francistown,HLT-010,2023-04-17,2023-04-19,7,2.9,1,0.0,0,Resolved,1.2,
BPS-00465,Health,Facility Request,Digital,Gaborone,HLT-003,2022-11-11,2022-11-16,7,5.7,1,0.0,0,Resolved,1.1,4.1
BPS-04072,Works,Infrastructure Defect,Phone,Molepolole,WRK-002,2023-06-29,2023-07-08,14,9.1,1,0.0,0,Resolved,1.2,4.3
BPS-04334,Motor Registry,Vehicle Licensing,In-Person,Lobatse,MTR-006,2022-01-30,2022-02-01,5,2.3,1,0.0,0,Resolved,0.9,4.8
BPS-00173,Health,Specialist Referral,Phone,Gaborone,HLT-006,2024-04-29,2024-05-06,7,7.6,0,0.6,0,Resolved,1.2,2.9
BPS-04944,Motor Registry,Roadworthy Certificate,In-Person,Serowe,MTR-006,2023-08-06,2023-08-07,5,1.0,1,0.0,0,Resolved,1.0,4.9
BPS-04797,Motor Registry,Vehicle Licensing,Digital,Palapye,MTR-003,2024-08-20,2024-08-23,5,3.1,1,0.0,0,Resolved,0.9,5.0
BPS-02541,Social Welfare,Old Age Pension,Phone,Kanye,SWL-006,2022-05-02,2022-05-16,21,14.7,1,0.0,0,Resolved,1.1,
BPS-03263,Immigration,Citizenship Application,In-Person,Molepolole,IMG-003,2024-07-13,2024-08-10,30,28.5,1,0.0,0,Resolved,1.6,4.1
BPS-04681,Motor Registry,Number Plate,Phone,Kanye,MTR-004,2022-11-19,2022-11-22,5,3.0,1,0.0,0,Resolved,0.8,3.6
BPS-02261,BURS,Assessment Dispute,Digital,Molepolole,BRS-007,2023-03-30,2023-04-09,10,10.7,0,0.7,0,Resolved,1.5,3.3
BPS-02113,BURS,Assessment Dispute,In-Person,Palapye,BRS-002,2024-12-01,2024-12-12,10,11.1,0,1.1,0,Resolved,1.5,
BPS-00901,Education,Student Enrollment,Post,Maun,EDU-009,2023-08-08,2023-08-23,14,15.3,0,1.3,1,Resolved,0.9,2.5
BPS-01447,Education,Scholarship Application,In-Person,Maun,EDU-001,2022-09-02,2022-09-14,14,12.1,1,0.0,0,Resolved,1.4,3.8
BPS-03574,Land Board,Land Allocation,In-Person,Gaborone,LBD-002,2022-08-29,2022-11-14,21,77.3,0,56.3,1,Resolved,1.5,1.5
BPS-00742,Health,Patient Query,In-Person,Maun,HLT-003,2025-01-01,2025-01-02,7,1.1,1,0.0,0,Resolved,0.7,5.0
BPS-02294,BURS,Assessment Dispute,Digital,Molepolole,BRS-001,2022-06-14,2022-06-20,10,6.2,1,0.0,0,Resolved,1.5,
BPS-02453,BURS,Assessment Dispute,Digital,Palapye,BRS-002,2023-06-21,2023-06-28,10,7.4,1,0.0,0,Resolved,1.5,3.7
BPS-02623,Social Welfare,Orphan Welfare,In-Person,Serowe,SWL-006,2024-05-20,2024-06-11,21,22.5,0,1.5,0,Resolved,1.2,3.1
BPS-04079,Works,Asset Management,Phone,Gaborone,WRK-007,2022-01-15,2022-01-24,14,9.2,1,0.0,0,Resolved,1.1,3.5
BPS-01207,Education,Scholarship Application,Phone,Maun,EDU-009,2022-10-28,2022-11-07,14,10.6,1,0.0,0,Resolved,1.4,3.9
BPS-00510,Health,Facility Request,Digital,Lobatse,HLT-010,2024-03-24,2024-03-26,7,2.9,1,0.0,0,Resolved,1.1,3.9
BPS-02621,Social Welfare,Old Age Pension,In-Person,Gaborone,SWL-004,2023-01-10,2023-02-03,21,24.7,0,3.7,0,Resolved,1.1,2.3
BPS-02803,Social Welfare,Destitute Support,Phone,Serowe,SWL-002,2023-06-09,2023-07-02,21,23.5,0,2.5,0,Resolved,1.3,
BPS-03314,Immigration,Work Permit,In-Person,Palapye,IMG-003,2023-04-13,2023-05-03,30,20.3,1,0.0,0,Resolved,1.2,3.5
BPS-01550,Police,Document Request,In-Person,Molepolole,POL-002,2023-02-18,2023-02-24,5,6.2,0,1.2,0,Resolved,0.75,
BPS-04564,Motor Registry,Driver Licence,In-Person,Palapye,MTR-008,2023-07-21,2023-07-24,5,3.0,1,0.0,0,Resolved,0.95,
BPS-02203,BURS,Compliance Certificate,In-Person,Serowe,BRS-008,2022-12-02,2022-12-12,10,10.6,0,0.6,0,Resolved,0.85,2.2
BPS-02567,Social Welfare,Social Grant,In-Person,Kanye,SWL-005,2022-04-18,2022-04-30,21,12.2,1,0.0,0,Resolved,1.0,
BPS-03893,Works,Asset Management,Digital,Palapye,WRK-004,2022-04-19,2022-04-27,14,8.6,1,0.0,0,Resolved,1.1,4.1
BPS-02045,BURS,Tax Registration,In-Person,Francistown,BRS-007,2023-04-09,2023-04-14,10,5.4,1,0.0,0,Resolved,0.9,3.7
BPS-00768,Health,Specialist Referral,In-Person,Serowe,HLT-003,2023-09-22,2023-10-06,7,14.2,0,7.2,1,Resolved,1.2,2.3
BPS-04873,Motor Registry,Vehicle Licensing,Phone,Serowe,MTR-009,2023-08-12,2023-08-14,5,2.4,1,0.0,0,Resolved,0.9,4.5
BPS-03739,Land Board,Land Use Approval,Phone,Maun,LBD-004,2023-09-15,2023-11-14,21,60.5,0,39.5,0,Resolved,1.6,1.7
BPS-00422,Health,Medical Certificate,Digital,Serowe,HLT-011,2023-04-09,2023-04-15,7,6.1,1,0.0,0,Resolved,0.8,
BPS-00124,Health,Medical Certificate,In-Person,Francistown,HLT-008,2022-07-19,2022-07-20,7,1.7,1,0.0,0,Resolved,0.8,4.5
BPS-04163,Works,Asset Management,In-Person,Kanye,WRK-007,2024-05-04,2024-05-16,14,12.8,1,0.0,0,Resolved,1.1,3.5
BPS-02629,Social Welfare,Old Age Pension,In-Person,Molepolole,SWL-007,2022-05-29,2022-06-17,21,19.0,1,0.0,0,Resolved,1.1,3.5
BPS-00820,Education,Student Enrollment,In-Person,Maun,EDU-009,2024-04-20,2024-05-04,14,14.9,0,0.9,0,Resolved,0.9,2.5
BPS-01404,Education,School Admin,Digital,Molepolole,EDU-002,2024-05-06,2024-05-15,14,9.3,1,0.0,0,Resolved,0.8,4.3
BPS-01383,Education,Scholarship Application,In-Person,Molepolole,EDU-008,2022-04-10,2022-05-09,14,29.4,0,15.4,0,Resolved,1.4,2.8
BPS-02149,BURS,Tax Registration,In-Person,Molepolole,BRS-004,2023-10-04,2023-10-10,10,6.9,1,0.0,0,Resolved,0.9,
BPS-01576,Police,Protection Service,In-Person,Maun,POL-008,2022-02-10,2022-02-12,5,2.8,1,0.0,0,Resolved,1.3,3.3
BPS-01639,Police,Case Registration,Phone,Gaborone,POL-005,2023-09-14,2023-09-20,5,6.7,0,1.7,0,Resolved,1.1,
BPS-01796,Police,Clearance Certificate,Digital,Francistown,POL-014,2023-05-25,2023-05-26,5,1.8,1,0.0,0,Resolved,0.85,4.3
BPS-04816,Motor Registry,Roadworthy Certificate,In-Person,Gaborone,MTR-004,2023-01-03,2023-01-06,5,3.4,1,0.0,0,Resolved,1.0,
BPS-00400,Health,Patient Query,Digital,Francistown,HLT-010,2023-01-20,2023-01-22,7,2.8,1,0.0,0,Resolved,0.7,4.6
BPS-02311,BURS,Tax Registration,Digital,Gaborone,BRS-001,2023-03-26,2023-03-31,10,5.1,1,0.0,0,Resolved,0.9,
BPS-00883,Education,Student Enrollment,Digital,Lobatse,EDU-006,2024-11-05,2024-11-10,14,5.7,1,0.0,0,Resolved,0.9,4.5
BPS-04974,Motor Registry,Number Plate,Phone,Palapye,MTR-008,2022-07-22,2022-07-23,5,1.0,1,0.0,0,Resolved,0.8,
BPS-02898,Social Welfare,Old Age Pension,Phone,Serowe,SWL-002,2022-10-21,2022-11-19,21,29.9,0,8.9,0,Resolved,1.1,2.8
BPS-01353,Education,Teacher Posting,Digital,Maun,EDU-007,2022-01-07,2022-01-19,14,12.2,1,0.0,0,Resolved,1.3,
BPS-02743,Social Welfare,Social Grant,In-Person,Maun,SWL-001,2022-12-17,2023-01-04,21,18.7,1,0.0,0,Resolved,1.0,4.3
BPS-04551,Motor Registry,Vehicle Licensing,Digital,Kanye,MTR-003,2022-05-10,2022-05-12,5,2.7,1,0.0,0,Resolved,0.9,4.8
BPS-02131,BURS,Assessment Dispute,In-Person,Lobatse,BRS-008,2022-02-26,2022-03-11,10,13.8,0,3.8,0,Resolved,1.5,
BPS-00983,Education,Student Enrollment,Phone,Lobatse,EDU-007,2024-10-20,2024-10-26,14,6.3,1,0.0,0,Resolved,0.9,4.1
BPS-00457,Health,Facility Request,Phone,Francistown,HLT-009,2022-02-21,2022-02-26,7,5.6,1,0.0,0,Resolved,1.1,
BPS-04120,Works,Asset Management,Digital,Kanye,WRK-004,2022-04-11,2022-04-15,14,4.9,1,0.0,0,Resolved,1.1,4.1
BPS-01080,Education,Teacher Posting,In-Person,Gaborone,EDU-008,2024-11-10,2024-11-29,14,19.6,0,5.6,1,Resolved,1.3,2.4
BPS-01951,Police,Case Registration,Post,Molepolole,POL-013,2023-11-12,2023-11-15,5,3.7,1,0.0,0,Resolved,1.1,
BPS-04315,Works,Infrastructure Defect,Post,Serowe,WRK-006,2024-02-25,2024-03-12,14,16.9,0,2.9,0,Resolved,1.2,1.7
BPS-00690,Health,Specialist Referral,Phone,Lobatse,HLT-003,2023-08-27,2023-09-01,7,5.8,1,0.0,0,Resolved,1.2,4.2
BPS-02430,BURS,Tax Registration,In-Person,Molepolole,BRS-007,2023-08-08,2023-08-14,10,6.0,1,0.0,0,Resolved,0.9,3.5
BPS-00642,Health,Patient Query,Digital,Gaborone,HLT-006,2023-07-11,2023-07-15,7,4.5,1,0.0,0,Resolved,0.7,
BPS-02393,BURS,Assessment Dispute,In-Person,Molepolole,BRS-012,2022-06-06,2022-06-10,10,4.8,1,0.0,0,Resolved,1.5,4.2
BPS-01954,Police,Document Request,In-Person,Serowe,POL-009,2024-05-21,2024-05-22,5,1.6,1,0.0,0,Resolved,0.75,
BPS-02749,Social Welfare,Old Age Pension,Post,Molepolole,SWL-008,2022-06-12,2022-07-11,21,29.5,0,8.5,0,Resolved,1.1,
BPS-04314,Works,Property Maintenance,Digital,Kanye,WRK-002,2023-12-11,2023-12-21,14,10.0,1,0.0,0,Resolved,1.0,3.5
BPS-03436,Immigration,Work Permit,In-Person,Lobatse,IMG-003,2022-11-25,2023-01-05,30,41.5,0,11.5,1,Resolved,1.2,
BPS-03337,Immigration,Permanent Residency,In-Person,Gaborone,IMG-007,2024-09-22,2024-10-11,30,19.9,1,0.0,0,Resolved,1.4,
BPS-04767,Motor Registry,Roadworthy Certificate,Digital,Serowe,MTR-007,2023-08-29,2023-08-30,5,1.0,1,0.0,0,Resolved,1.0,4.7
BPS-03371,Immigration,Border Documentation,In-Person,Francistown,IMG-007,2023-01-13,2023-02-04,30,22.3,1,0.0,0,Resolved,0.9,4.0
BPS-01885,Police,Clearance Certificate,In-Person,Serowe,POL-012,2024-11-30,2024-12-02,5,2.8,1,0.0,0,Resolved,0.85,3.7
BPS-00390,Health,Specialist Referral,Digital,Molepolole,HLT-007,2025-01-01,2025-01-03,7,2.9,1,0.0,0,Resolved,1.2,3.4
BPS-02495,BURS,Assessment Dispute,Digital,Francistown,BRS-003,2023-10-22,2023-10-26,10,4.4,1,0.0,0,Resolved,1.5,4.6
BPS-03879,Works,Infrastructure Defect,Phone,Lobatse,WRK-002,2024-07-04,2024-07-09,14,5.7,1,0.0,0,Resolved,1.2,
BPS-03857,Land Board,Land Use Approval,Digital,Francistown,LBD-006,2023-09-19,2023-10-15,21,26.7,0,5.7,0,Resolved,1.6,
BPS-00846,Education,School Admin,In-Person,Kanye,EDU-009,2024-08-07,2024-08-17,14,10.3,1,0.0,0,Resolved,0.8,3.6
BPS-00543,Health,Medical Certificate,In-Person,Lobatse,HLT-004,2022-06-13,2022-06-19,7,6.5,1,0.0,0,Resolved,0.8,
BPS-00092,Health,Medical Certificate,Digital,Kanye,HLT-007,2023-05-28,2023-06-02,7,5.8,1,0.0,0,Resolved,0.8,4.3
BPS-03890,Works,Asset Management,Digital,Francistown,WRK-006,2022-02-20,2022-03-05,14,13.3,1,0.0,0,Resolved,1.1,
BPS-01980,Police,Case Registration,In-Person,Maun,POL-003,2023-12-15,2023-12-20,5,5.3,0,0.3,0,Resolved,1.1,2.4
BPS-02813,Social Welfare,Social Grant,In-Person,Serowe,SWL-006,2022-11-12,2022-12-11,21,29.9,0,8.9,0,Resolved,1.0,3.2
BPS-04083,Works,Property Maintenance,Digital,Molepolole,WRK-001,2022-04-01,2022-04-16,14,15.6,0,1.6,0,Resolved,1.0,2.8
BPS-02903,Social Welfare,Old Age Pension,Phone,Francistown,SWL-006,2022-10-23,2022-11-02,21,10.9,1,0.0,0,Resolved,1.1,3.8
BPS-02530,Social Welfare,Old Age Pension,Phone,Maun,SWL-008,2023-07-25,2023-08-04,21,10.4,1,0.0,0,Resolved,1.1,
BPS-01677,Police,Document Request,In-Person,Molepolole,POL-012,2022-01-23,2022-01-27,5,4.1,1,0.0,0,Resolved,0.75,
BPS-01049,Education,Scholarship Application,In-Person,Molepolole,EDU-003,2024-07-23,2024-08-18,14,26.1,0,12.1,0,Resolved,1.4,3.0
BPS-01961,Police,Case Registration,Digital,Palapye,POL-013,2024-04-07,2024-04-09,5,2.7,1,0.0,0,Resolved,1.1,4.2
BPS-02531,Social Welfare,Destitute Support,Digital,Molepolole,SWL-001,2023-10-28,2023-11-16,21,19.5,1,0.0,0,Resolved,1.3,4.2
BPS-03993,Works,Property Maintenance,Digital,Palapye,WRK-004,2022-11-26,2022-11-29,14,3.2,1,0.0,0,Resolved,1.0,
BPS-00238,Health,Patient Query,In-Person,Gaborone,HLT-010,2023-06-20,2023-06-23,7,3.9,1,0.0,0,Resolved,0.7,
BPS-03098,Immigration,Citizenship Application,Phone,Palapye,IMG-003,2022-07-30,2022-09-13,30,45.1,0,15.1,1,Resolved,1.6,2.1
BPS-03489,Land Board,Land Use Approval,In-Person,Francistown,LBD-002,2023-05-26,2023-07-16,21,51.9,0,30.9,0,Resolved,1.6,
BPS-01134,Education,Student Enrollment,In-Person,Kanye,EDU-008,2022-12-14,2022-12-26,14,12.7,1,0.0,0,Resolved,0.9,4.0
BPS-01806,Police,Protection Service,In-Person,Maun,POL-009,2022-08-13,2022-08-14,5,1.2,1,0.0,0,Resolved,1.3,4.3
BPS-04318,Works,Infrastructure Defect,Phone,Francistown,WRK-004,2022-05-17,2022-06-06,14,20.8,0,6.8,0,Resolved,1.2,3.1
BPS-00164,Health,Medical Certificate,In-Person,Kanye,HLT-007,2022-09-19,2022-09-21,7,2.1,1,0.0,0,Resolved,0.8,3.3
BPS-03493,Land Board,Land Use Approval,In-Person,Molepolole,LBD-003,2022-01-14,2022-04-14,21,90.4,0,69.4,1,Resolved,1.6,1.1
BPS-04710,Motor Registry,Driver Licence,In-Person,Serowe,MTR-012,2024-01-31,2024-02-04,5,4.6,1,0.0,0,Resolved,0.95,4.8
BPS-04631,Motor Registry,Driver Licence,In-Person,Serowe,MTR-004,2024-06-28,2024-06-29,5,1.0,1,0.0,0,Resolved,0.95,5.0
BPS-03454,Immigration,Border Documentation,In-Person,Serowe,IMG-006,2022-09-08,2022-09-27,30,19.0,1,0.0,0,Resolved,0.9,3.7
BPS-03200,Immigration,Work Permit,Digital,Palapye,IMG-001,2024-09-16,2024-10-11,30,25.3,1,0.0,0,Resolved,1.2,3.9
BPS-03635,Land Board,Land Allocation,In-Person,Maun,LBD-001,2023-08-05,2023-10-27,21,83.2,0,62.2,1,Resolved,1.5,
BPS-03940,Works,Infrastructure Defect,Phone,Francistown,WRK-009,2022-04-16,2022-04-22,14,6.6,1,0.0,0,Resolved,1.2,4.3
BPS-01812,Police,Clearance Certificate,Digital,Serowe,POL-008,2024-06-01,2024-06-03,5,2.8,1,0.0,0,Resolved,0.85,
BPS-03650,Land Board,Land Allocation,In-Person,Palapye,LBD-002,2024-12-01,2025-01-30,21,60.8,0,39.8,1,Resolved,1.5,1.0
BPS-04050,Works,Infrastructure Defect,In-Person,Francistown,WRK-006,2022-03-26,2022-04-13,14,18.7,0,4.7,0,Resolved,1.2,2.5
BPS-01429,Education,Student Enrollment,Digital,Serowe,EDU-008,2024-07-23,2024-07-30,14,7.4,1,0.0,0,Resolved,0.9,4.4
BPS-03614,Land Board,Land Use Approval,In-Person,Lobatse,LBD-003,2024-04-26,2024-07-22,21,87.1,0,66.1,1,Resolved,1.6,1.4
BPS-03132,Immigration,Permanent Residency,Phone,Lobatse,IMG-003,2024-09-12,2024-10-14,30,32.4,0,2.4,0,Resolved,1.4,1.7
BPS-03397,Immigration,Border Documentation,Digital,Francistown,IMG-001,2024-06-24,2024-07-14,30,20.8,1,0.0,0,Resolved,0.9,4.2
BPS-04461,Motor Registry,Number Plate,In-Person,Kanye,MTR-006,2022-10-01,2022-10-03,5,2.7,1,0.0,0,Resolved,0.8,
BPS-04650,Motor Registry,Roadworthy Certificate,Post,Francistown,MTR-002,2023-12-26,2023-12-28,5,2.9,1,0.0,0,Resolved,1.0,5.0
BPS-02821,Social Welfare,Orphan Welfare,In-Person,Lobatse,SWL-004,2024-06-24,2024-07-12,21,18.8,1,0.0,0,Resolved,1.2,3.9
BPS-01453,Education,Teacher Posting,In-Person,Lobatse,EDU-003,2023-04-02,2023-04-16,14,14.9,0,0.9,0,Resolved,1.3,2.5
BPS-00594,Health,Patient Query,In-Person,Kanye,HLT-006,2022-02-19,2022-02-24,7,5.1,1,0.0,0,Resolved,0.7,3.8
BPS-00042,Health,Facility Request,Post,Serowe,HLT-003,2022-11-29,2022-12-10,7,11.0,0,4.0,0,Resolved,1.1,
BPS-00561,Health,Medical Certificate,Digital,Francistown,HLT-009,2023-06-03,2023-06-06,7,3.1,1,0.0,0,Resolved,0.8,4.3
BPS-03274,Immigration,Border Documentation,In-Person,Palapye,IMG-002,2024-08-17,2024-09-13,30,27.9,1,0.0,0,Resolved,0.9,3.1
BPS-03245,Immigration,Citizenship Application,Phone,Maun,IMG-006,2024-03-03,2024-04-08,30,36.7,0,6.7,0,Resolved,1.6,1.7
BPS-00244,Health,Facility Request,In-Person,Palapye,HLT-009,2022-04-24,2022-05-02,7,8.5,0,1.5,0,Resolved,1.1,
BPS-01340,Education,Student Enrollment,Phone,Maun,EDU-003,2022-12-04,2022-12-13,14,9.9,1,0.0,0,Resolved,0.9,
BPS-02781,Social Welfare,Orphan Welfare,In-Person,Serowe,SWL-003,2023-05-18,2023-06-16,21,29.3,0,8.3,0,Resolved,1.2,2.0
BPS-03188,Immigration,Permanent Residency,Phone,Maun,IMG-005,2024-09-09,2024-10-21,30,42.6,0,12.6,0,Resolved,1.4,2.5
BPS-03800,Land Board,Land Use Approval,Phone,Gaborone,LBD-006,2023-05-23,2023-07-05,21,43.6,0,22.6,1,Resolved,1.6,1.9
BPS-01443,Education,Scholarship Application,In-Person,Francistown,EDU-003,2023-10-27,2023-11-14,14,18.8,0,4.8,0,Resolved,1.4,2.7
BPS-00262,Health,Specialist Referral,Digital,Molepolole,HLT-005,2024-08-12,2024-08-16,7,4.1,1,0.0,0,Resolved,1.2,4.2
BPS-02765,Social Welfare,Social Grant,In-Person,Maun,SWL-003,2024-06-18,2024-07-08,21,20.1,1,0.0,0,Resolved,1.0,4.2
BPS-01690,Police,Clearance Certificate,Digital,Lobatse,POL-006,2023-01-28,2023-01-30,5,2.7,1,0.0,0,Resolved,0.85,3.8
BPS-01726,Police,Case Registration,In-Person,Francistown,POL-003,2023-08-29,2023-09-04,5,6.4,0,1.4,0,Resolved,1.1,2.9
BPS-04793,Motor Registry,Roadworthy Certificate,In-Person,Maun,MTR-006,2024-01-29,2024-01-30,5,1.7,1,0.0,0,Resolved,1.0,5.0
BPS-00835,Education,School Admin,In-Person,Gaborone,EDU-008,2024-06-23,2024-07-01,14,8.1,1,0.0,0,Resolved,0.8,4.6
BPS-01867,Police,Clearance Certificate,In-Person,Lobatse,POL-008,2023-11-18,2023-11-23,5,5.1,0,0.1,0,Resolved,0.85,
BPS-02497,BURS,Assessment Dispute,Phone,Lobatse,BRS-003,2023-03-10,2023-03-19,10,9.2,1,0.0,0,Resolved,1.5,3.6
BPS-02011,BURS,Tax Registration,Phone,Palapye,BRS-001,2024-09-21,2024-09-22,10,1.7,1,0.0,0,Resolved,0.9,4.0
BPS-00341,Health,Medical Certificate,In-Person,Kanye,HLT-009,2022-04-24,2022-04-25,7,1.7,1,0.0,0,Resolved,0.8,4.0
BPS-02989,Social Welfare,Destitute Support,In-Person,Molepolole,SWL-007,2023-12-26,2024-01-09,21,14.5,1,0.0,0,Resolved,1.3,3.5
BPS-01602,Police,Clearance Certificate,Phone,Maun,POL-007,2024-03-29,2024-04-02,5,4.6,1,0.0,0,Resolved,0.85,4.2
BPS-03876,Works,Utility Request,In-Person,Kanye,WRK-003,2024-05-29,2024-06-15,14,17.3,0,3.3,0,Resolved,0.9,2.6
BPS-04695,Motor Registry,Driver Licence,Phone,Francistown,MTR-011,2024-07-20,2024-07-23,5,3.5,1,0.0,0,Resolved,0.95,5.0
BPS-00481,Health,Patient Query,In-Person,Gaborone,HLT-003,2025-01-29,2025-01-31,7,2.8,1,0.0,0,Resolved,0.7,4.1
BPS-02826,Social Welfare,Orphan Welfare,In-Person,Gaborone,SWL-002,2022-08-03,2022-09-08,21,36.6,0,15.6,1,Resolved,1.2,1.8
BPS-04330,Motor Registry,Driver Licence,Digital,Palapye,MTR-012,2023-08-03,2023-08-04,5,1.6,1,0.0,0,Resolved,0.95,5.0
BPS-03541,Land Board,Land Use Approval,In-Person,Gaborone,LBD-003,2023-07-10,2023-10-04,21,86.5,0,65.5,1,Resolved,1.6,
BPS-04639,Motor Registry,Driver Licence,In-Person,Maun,MTR-001,2023-03-10,2023-03-11,5,1.0,1,0.0,0,Resolved,0.95,5.0
BPS-03047,Social Welfare,Orphan Welfare,In-Person,Palapye,SWL-007,2022-02-14,2022-03-17,21,31.8,0,10.8,0,Resolved,1.2,
BPS-03991,Works,Property Maintenance,Digital,Palapye,WRK-009,2024-07-18,2024-07-19,14,1.9,1,0.0,0,Resolved,1.0,4.1
BPS-01767,Police,Case Registration,Phone,Molepolole,POL-005,2022-02-03,2022-02-09,5,6.0,0,1.0,0,Resolved,1.1,2.6
BPS-04474,Motor Registry,Driver Licence,In-Person,Gaborone,MTR-001,2023-10-25,2023-10-26,5,1.6,1,0.0,0,Resolved,0.95,4.8
BPS-02454,BURS,Assessment Dispute,Digital,Molepolole,BRS-004,2023-10-01,2023-10-08,10,7.1,1,0.0,0,Resolved,1.5,5.0
BPS-02878,Social Welfare,Social Grant,In-Person,Palapye,SWL-002,2022-11-20,2022-12-04,21,14.2,1,0.0,0,Resolved,1.0,
BPS-03816,Land Board,Land Certificate,Post,Serowe,LBD-005,2022-02-19,2022-03-15,21,24.2,0,3.2,0,Resolved,1.2,1.8
BPS-04017,Works,Asset Management,In-Person,Kanye,WRK-003,2022-07-07,2022-07-19,14,12.5,1,0.0,0,Resolved,1.1,
BPS-04678,Motor Registry,Driver Licence,In-Person,Francistown,MTR-001,2024-08-31,2024-09-05,5,5.0,1,0.0,0,Resolved,0.95,5.0
BPS-03680,Land Board,Land Use Approval,In-Person,Kanye,LBD-006,2023-02-11,2023-04-27,21,75.2,0,54.2,1,Resolved,1.6,
BPS-01272,Education,Student Enrollment,In-Person,Lobatse,EDU-006,2023-01-02,2023-01-14,14,12.6,1,0.0,0,Resolved,0.9,
BPS-03078,Social Welfare,Orphan Welfare,In-Person,Francistown,SWL-006,2022-08-30,2022-09-24,21,25.9,0,4.9,0,Resolved,1.2,2.0
BPS-04502,Motor Registry,Number Plate,Phone,Molepolole,MTR-003,2022-02-06,2022-02-07,5,1.3,1,0.0,0,Resolved,0.8,4.3
BPS-03095,Immigration,Border Documentation,Digital,Molepolole,IMG-005,2024-05-30,2024-06-09,30,10.6,1,0.0,0,Resolved,0.9,4.0
BPS-04654,Motor Registry,Driver Licence,Phone,Palapye,MTR-005,2022-09-27,2022-10-01,5,4.5,1,0.0,0,Resolved,0.95,5.0
BPS-00348,Health,Facility Request,Post,Serowe,HLT-004,2022-11-05,2022-11-08,7,3.7,1,0.0,0,Resolved,1.1,
BPS-03882,Works,Asset Management,Digital,Maun,WRK-007,2023-05-29,2023-06-07,14,9.7,1,0.0,0,Resolved,1.1,
BPS-04624,Motor Registry,Roadworthy Certificate,In-Person,Gaborone,MTR-006,2022-05-03,2022-05-05,5,2.8,1,0.0,0,Resolved,1.0,4.5
BPS-02563,Social Welfare,Old Age Pension,Phone,Francistown,SWL-001,2024-12-28,2025-01-09,21,12.3,1,0.0,0,Resolved,1.1,4.3
BPS-04591,Motor Registry,Roadworthy Certificate,Digital,Kanye,MTR-012,2024-05-21,2024-05-22,5,1.1,1,0.0,0,Resolved,1.0,5.0
BPS-01424,Education,Scholarship Application,Digital,Francistown,EDU-009,2022-04-25,2022-05-01,14,6.4,1,0.0,0,Resolved,1.4,
BPS-00657,Health,Medical Certificate,In-Person,Kanye,HLT-002,2022-05-26,2022-05-31,7,5.3,1,0.0,0,Resolved,0.8,3.5
BPS-02103,BURS,VAT Filing,In-Person,Francistown,BRS-005,2022-01-12,2022-01-17,10,5.3,1,0.0,0,Resolved,1.0,3.1
BPS-00633,Health,Patient Query,Phone,Palapye,HLT-010,2024-11-30,2024-12-03,7,3.5,1,0.0,0,Resolved,0.7,3.5
BPS-02893,Social Welfare,Old Age Pension,In-Person,Molepolole,SWL-002,2024-09-06,2024-09-30,21,24.9,0,3.9,0,Resolved,1.1,2.0
BPS-02494,BURS,Compliance Certificate,Digital,Francistown,BRS-006,2024-06-13,2024-06-20,10,7.5,1,0.0,0,Resolved,0.85,4.4
BPS-02666,Social Welfare,Orphan Welfare,In-Person,Maun,SWL-001,2023-02-07,2023-02-18,21,11.8,1,0.0,0,Resolved,1.2,4.0
BPS-04016,Works,Asset Management,In-Person,Kanye,WRK-003,2024-02-20,2024-03-02,14,11.3,1,0.0,0,Resolved,1.1,
BPS-03663,Land Board,Consent to Transfer,In-Person,Palapye,LBD-002,2022-12-28,2023-03-09,21,71.3,0,50.3,1,Resolved,1.3,
BPS-03308,Immigration,Permanent Residency,Digital,Palapye,IMG-007,2024-07-09,2024-08-07,30,29.4,1,0.0,0,Resolved,1.4,4.7
BPS-03097,Immigration,Border Documentation,Digital,Lobatse,IMG-001,2024-06-20,2024-07-12,30,22.9,1,0.0,0,Resolved,0.9,3.7
BPS-03920,Works,Utility Request,In-Person,Kanye,WRK-004,2023-11-10,2023-11-21,14,11.9,1,0.0,0,Resolved,0.9,
BPS-02501,Social Welfare,Social Grant,Digital,Serowe,SWL-004,2023-11-07,2023-11-22,21,15.7,1,0.0,0,Resolved,1.0,
BPS-01466,Police,Case Registration,In-Person,Molepolole,POL-005,2024-02-04,2024-02-10,5,6.6,0,1.6,0,Resolved,1.1,2.4
BPS-02834,Social Welfare,Social Grant,In-Person,Francistown,SWL-008,2024-09-21,2024-10-08,21,17.5,1,0.0,0,Resolved,1.0,
BPS-00116,Health,Facility Request,In-Person,Gaborone,HLT-010,2024-10-14,2024-10-22,7,8.9,0,1.9,0,Resolved,1.1,
BPS-01822,Police,Protection Service,In-Person,Maun,POL-002,2024-08-28,2024-09-02,5,5.2,0,0.2,1,Resolved,1.3,
BPS-01495,Police,Protection Service,Phone,Molepolole,POL-007,2022-04-27,2022-05-04,5,7.2,0,2.2,0,Resolved,1.3,2.0
BPS-02402,BURS,Tax Registration,Phone,Gaborone,BRS-005,2023-02-20,2023-02-26,10,6.8,1,0.0,0,Resolved,0.9,4.5
BPS-01233,Education,School Admin,In-Person,Molepolole,EDU-005,2024-03-01,2024-03-09,14,8.7,1,0.0,0,Resolved,0.8,3.9
BPS-02662,Social Welfare,Orphan Welfare,Phone,Francistown,SWL-002,2023-02-13,2023-02-25,21,12.0,1,0.0,0,Resolved,1.2,2.9
BPS-04101,Works,Property Maintenance,In-Person,Maun,WRK-008,2023-09-18,2023-09-21,14,3.1,1,0.0,0,Resolved,1.0,
BPS-04574,Motor Registry,Number Plate,In-Person,Serowe,MTR-007,2023-10-18,2023-10-20,5,2.2,1,0.0,0,Resolved,0.8,5.0
BPS-01154,Education,Student Enrollment,Post,Francistown,EDU-002,2022-02-03,2022-02-08,14,5.5,1,0.0,0,Resolved,0.9,3.8
BPS-03849,Land Board,Consent to Transfer,Digital,Francistown,LBD-001,2024-01-27,2024-03-08,21,41.8,0,20.8,1,Resolved,1.3,1.2
BPS-00058,Health,Facility Request,Phone,Palapye,HLT-008,2023-06-15,2023-06-20,7,5.2,1,0.0,0,Resolved,1.1,3.2
BPS-04105,Works,Infrastructure Defect,Digital,Kanye,WRK-002,2022-06-03,2022-06-13,14,10.3,1,0.0,0,Resolved,1.2,4.5
BPS-04289,Works,Property Maintenance,Post,Palapye,WRK-003,2023-07-31,2023-08-23,14,23.6,0,9.6,0,Resolved,1.0,
BPS-04946,Motor Registry,Driver Licence,Digital,Palapye,MTR-015,2023-12-05,2023-12-06,5,1.9,1,0.0,0,Resolved,0.95,5.0
BPS-01736,Police,Clearance Certificate,In-Person,Palapye,POL-003,2022-08-22,2022-08-23,5,1.8,1,0.0,0,Resolved,0.85,4.1
BPS-02197,BURS,Assessment Dispute,In-Person,Lobatse,BRS-002,2022-04-18,2022-05-04,10,16.9,0,6.9,0,Resolved,1.5,2.9
BPS-03554,Land Board,Land Use Approval,In-Person,Molepolole,LBD-003,2023-10-30,2024-03-28,21,150.9,0,129.9,1,Resolved,1.6,
BPS-02476,BURS,Tax Registration,Digital,Molepolole,BRS-005,2025-01-04,2025-01-11,10,7.7,1,0.0,0,Resolved,0.9,4.6
BPS-02565,Social Welfare,Old Age Pension,Digital,Maun,SWL-002,2022-11-29,2022-12-08,21,9.2,1,0.0,0,Resolved,1.1,4.3
BPS-03159,Immigration,Border Documentation,Phone,Kanye,IMG-003,2024-10-07,2024-11-07,30,31.1,0,1.1,1,Resolved,0.9,1.4
BPS-04035,Works,Utility Request,In-Person,Gaborone,WRK-007,2023-04-01,2023-04-09,14,8.8,1,0.0,0,Resolved,0.9,4.2
BPS-03656,Land Board,Consent to Transfer,In-Person,Maun,LBD-002,2022-05-05,2022-07-16,21,72.9,0,51.9,1,Resolved,1.3,1.5
BPS-00708,Health,Patient Query,Phone,Gaborone,HLT-004,2022-12-22,2022-12-29,7,7.0,1,0.0,0,Resolved,0.7,
BPS-04281,Works,Property Maintenance,Digital,Molepolole,WRK-006,2024-05-02,2024-05-19,14,17.2,0,3.2,0,Resolved,1.0,3.0
BPS-01094,Education,Scholarship Application,In-Person,Lobatse,EDU-009,2022-10-01,2022-10-16,14,15.3,0,1.3,0,Resolved,1.4,
BPS-04840,Motor Registry,Roadworthy Certificate,Phone,Palapye,MTR-013,2024-09-19,2024-09-20,5,1.1,1,0.0,0,Resolved,1.0,4.6
BPS-01377,Education,Scholarship Application,In-Person,Molepolole,EDU-003,2022-11-05,2022-11-16,14,11.7,1,0.0,0,Resolved,1.4,4.5
BPS-04914,Motor Registry,Number Plate,Phone,Maun,MTR-008,2024-03-03,2024-03-05,5,2.7,1,0.0,0,Resolved,0.8,
BPS-00073,Health,Facility Request,Digital,Maun,HLT-007,2024-12-04,2024-12-09,7,5.5,1,0.0,0,Resolved,1.1,4.2
BPS-01923,Police,Case Registration,Digital,Kanye,POL-005,2024-07-14,2024-07-15,5,1.0,1,0.0,0,Resolved,1.1,3.9
BPS-03174,Immigration,Border Documentation,Phone,Molepolole,IMG-005,2023-11-11,2023-12-07,30,26.1,1,0.0,0,Resolved,0.9,3.9
BPS-01765,Police,Document Request,In-Person,Gaborone,POL-011,2023-04-15,2023-04-17,5,2.1,1,0.0,0,Resolved,0.75,3.4
BPS-00744,Health,Specialist Referral,Digital,Kanye,HLT-001,2023-12-06,2023-12-11,7,5.9,1,0.0,0,Resolved,1.2,4.6
BPS-04319,Motor Registry,Number Plate,In-Person,Palapye,MTR-004,2022-12-02,2022-12-05,5,3.1,1,0.0,0,Resolved,0.8,4.8
BPS-01006,Education,School Admin,Digital,Maun,EDU-007,2022-12-28,2023-01-03,14,6.3,1,0.0,0,Resolved,0.8,
BPS-02669,Social Welfare,Orphan Welfare,In-Person,Maun,SWL-001,2024-02-27,2024-03-25,21,27.6,0,6.6,1,Resolved,1.2,2.1
BPS-01191,Education,School Admin,Post,Palapye,EDU-006,2023-04-08,2023-04-21,14,13.4,1,0.0,0,Resolved,0.8,4.5
BPS-04632,Motor Registry,Driver Licence,In-Person,Palapye,MTR-003,2024-05-03,2024-05-06,5,3.9,1,0.0,0,Resolved,0.95,4.9
BPS-02602,Social Welfare,Old Age Pension,Phone,Maun,SWL-002,2024-10-01,2024-10-23,21,22.7,0,1.7,0,Resolved,1.1,2.6
BPS-01126,Education,Teacher Posting,Digital,Serowe,EDU-001,2023-07-06,2023-07-12,14,6.9,1,0.0,0,Resolved,1.3,
BPS-01242,Education,Student Enrollment,In-Person,Gaborone,EDU-006,2022-12-23,2022-12-31,14,8.9,1,0.0,0,Resolved,0.9,4.7
BPS-04607,Motor Registry,Vehicle Licensing,In-Person,Francistown,MTR-005,2024-01-28,2024-01-31,5,3.3,1,0.0,0,Resolved,0.9,5.0
BPS-04131,Works,Utility Request,In-Person,Kanye,WRK-004,2023-10-08,2023-10-16,14,8.2,1,0.0,0,Resolved,0.9,4.0
BPS-03443,Immigration,Work Permit,Digital,Gaborone,IMG-001,2024-01-15,2024-02-07,30,23.5,1,0.0,0,Resolved,1.2,
BPS-00999,Education,Student Enrollment,Post,Molepolole,EDU-002,2022-11-29,2022-12-09,14,10.4,1,0.0,0,Resolved,0.9,4.5
BPS-03387,Immigration,Border Documentation,In-Person,Maun,IMG-004,2022-11-09,2022-11-24,30,15.8,1,0.0,0,Resolved,0.9,3.7
BPS-02685,Social Welfare,Old Age Pension,In-Person,Serowe,SWL-002,2023-05-18,2023-06-08,21,21.9,0,0.9,0,Resolved,1.1,
BPS-01578,Police,Document Request,Post,Francistown,POL-006,2022-12-29,2023-01-04,5,6.7,0,1.7,0,Resolved,0.75,
BPS-04791,Motor Registry,Vehicle Licensing,In-Person,Palapye,MTR-006,2024-08-16,2024-08-18,5,2.6,1,0.0,0,Resolved,0.9,4.9
BPS-01827,Police,Clearance Certificate,Phone,Francistown,POL-004,2024-09-08,2024-09-09,5,1.0,1,0.0,0,Resolved,0.85,4.3
BPS-03293,Immigration,Border Documentation,In-Person,Lobatse,IMG-003,2022-05-17,2022-06-19,30,33.2,0,3.2,0,Resolved,0.9,2.5
BPS-04990,Motor Registry,Roadworthy Certificate,In-Person,Francistown,MTR-015,2022-03-04,2022-03-10,5,6.2,0,1.2,0,Resolved,1.0,3.5
BPS-03537,Land Board,Land Allocation,In-Person,Lobatse,LBD-003,2025-01-24,,21,90.5,0,69.5,1,Pending,1.5,
BPS-00441,Health,Specialist Referral,In-Person,Molepolole,HLT-011,2022-11-01,2022-11-10,7,9.5,0,2.5,0,Resolved,1.2,
BPS-04952,Motor Registry,Vehicle Licensing,In-Person,Palapye,MTR-014,2024-07-19,2024-07-23,5,4.9,1,0.0,0,Resolved,0.9,5.0
BPS-01101,Education,Student Enrollment,Phone,Maun,EDU-001,2023-05-24,2023-06-06,14,13.1,1,0.0,0,Resolved,0.9,3.8
BPS-04011,Works,Property Maintenance,In-Person,Francistown,WRK-004,2024-08-08,2024-08-19,14,11.7,1,0.0,0,Resolved,1.0,4.0
BPS-03059,Social Welfare,Old Age Pension,Digital,Molepolole,SWL-001,2024-12-22,2024-12-30,21,8.1,1,0.0,0,Resolved,1.1,
BPS-00650,Health,Medical Certificate,In-Person,Kanye,HLT-006,2023-07-10,2023-07-17,7,7.6,0,0.6,0,Resolved,0.8,
BPS-01547,Police,Protection Service,In-Person,Molepolole,POL-001,2022-03-27,2022-03-29,5,2.5,1,0.0,0,Resolved,1.3,3.5
BPS-04757,Motor Registry,Vehicle Licensing,Digital,Gaborone,MTR-008,2023-04-25,2023-04-26,5,1.0,1,0.0,0,Resolved,0.9,5.0
BPS-03561,Land Board,Land Use Approval,Digital,Serowe,LBD-001,2022-11-03,2022-12-31,21,58.2,0,37.2,1,Resolved,1.6,1.9
BPS-03887,Works,Infrastructure Defect,In-Person,Serowe,WRK-004,2023-04-19,2023-04-23,14,4.2,1,0.0,0,Resolved,1.2,3.9
BPS-03742,Land Board,Land Use Approval,Phone,Kanye,LBD-006,2024-01-11,2024-04-02,21,82.0,0,61.0,1,Resolved,1.6,1.1
BPS-00631,Health,Patient Query,Digital,Serowe,HLT-009,2023-03-05,2023-03-06,7,1.0,1,0.0,0,Resolved,0.7,4.2
BPS-00673,Health,Patient Query,In-Person,Francistown,HLT-002,2023-05-18,2023-05-20,7,2.0,1,0.0,0,Resolved,0.7,4.1
BPS-01250,Education,Scholarship Application,In-Person,Francistown,EDU-001,2024-08-22,2024-08-31,14,9.0,1,0.0,0,Resolved,1.4,3.7
BPS-00483,Health,Patient Query,Digital,Kanye,HLT-004,2024-09-22,2024-09-23,7,1.0,1,0.0,0,Resolved,0.7,4.5
BPS-01585,Police,Document Request,In-Person,Lobatse,POL-006,2023-01-31,2023-02-03,5,3.0,1,0.0,0,Resolved,0.75,3.9
BPS-03075,Social Welfare,Old Age Pension,Phone,Molepolole,SWL-001,2023-05-19,2023-06-01,21,13.2,1,0.0,0,Resolved,1.1,4.0
BPS-04628,Motor Registry,Roadworthy Certificate,In-Person,Lobatse,MTR-005,2023-12-08,2023-12-09,5,1.5,1,0.0,0,Resolved,1.0,4.5
BPS-03039,Social Welfare,Social Grant,In-Person,Francistown,SWL-007,2023-01-17,2023-01-27,21,10.3,1,0.0,0,Resolved,1.0,
BPS-01463,Police,Document Request,In-Person,Serowe,POL-014,2022-12-30,2023-01-01,5,2.4,1,0.0,0,Resolved,0.75,
BPS-03930,Works,Utility Request,Digital,Serowe,WRK-005,2023-07-13,2023-07-21,14,8.6,1,0.0,0,Resolved,0.9,4.3
BPS-03622,Land Board,Land Certificate,Digital,Lobatse,LBD-003,2023-11-24,2024-01-09,21,46.4,0,25.4,1,Resolved,1.2,1.1
BPS-02579,Social Welfare,Social Grant,In-Person,Palapye,SWL-002,2023-01-22,2023-02-11,21,20.9,1,0.0,0,Resolved,1.0,
BPS-03802,Land Board,Land Allocation,Phone,Maun,LBD-001,2024-09-28,2024-10-23,21,25.3,0,4.3,0,Resolved,1.5,1.8
BPS-00050,Health,Facility Request,In-Person,Maun,HLT-005,2023-01-28,2023-01-29,7,1.0,1,0.0,0,Resolved,1.1,4.5
BPS-04290,Works,Utility Request,In-Person,Francistown,WRK-002,2024-10-25,2024-11-08,14,14.7,0,0.7,0,Resolved,0.9,2.3
BPS-03345,Immigration,Border Documentation,In-Person,Gaborone,IMG-005,2022-03-19,2022-04-04,30,16.3,1,0.0,0,Resolved,0.9,3.6
BPS-00859,Education,School Admin,In-Person,Francistown,EDU-001,2024-06-03,2024-06-12,14,9.1,1,0.0,0,Resolved,0.8,4.0
BPS-01073,Education,Student Enrollment,In-Person,Palapye,EDU-009,2022-09-18,2022-09-27,14,9.9,1,0.0,0,Resolved,0.9,4.7
BPS-00720,Health,Specialist Referral,Phone,Maun,HLT-008,2024-03-04,2024-03-09,7,5.7,1,0.0,0,Resolved,1.2,
BPS-03718,Land Board,Consent to Transfer,Phone,Francistown,LBD-001,2024-04-09,2024-07-23,21,105.4,0,84.4,1,Resolved,1.3,1.3
BPS-02632,Social Welfare,Social Grant,In-Person,Serowe,SWL-002,2023-06-06,2023-06-27,21,21.1,0,0.1,0,Resolved,1.0,2.4
BPS-04874,Motor Registry,Vehicle Licensing,In-Person,Lobatse,MTR-006,2024-11-21,2024-11-23,5,2.3,1,0.0,0,Resolved,0.9,5.0
BPS-01661,Police,Document Request,In-Person,Palapye,POL-007,2022-03-27,2022-03-30,5,3.9,1,0.0,0,Resolved,0.75,2.9
BPS-01657,Police,Case Registration,In-Person,Palapye,POL-011,2022-11-15,2022-11-21,5,6.1,0,1.1,0,Resolved,1.1,
BPS-02426,BURS,Tax Registration,Digital,Palapye,BRS-005,2024-08-29,2024-09-05,10,7.0,1,0.0,0,Resolved,0.9,
BPS-03525,Land Board,Consent to Transfer,In-Person,Lobatse,LBD-004,2022-12-06,2023-01-24,21,49.6,0,28.6,1,Resolved,1.3,1.2
BPS-04230,Works,Utility Request,Digital,Lobatse,WRK-008,2022-12-02,2022-12-10,14,8.4,1,0.0,0,Resolved,0.9,
BPS-04975,Motor Registry,Driver Licence,In-Person,Palapye,MTR-011,2023-04-12,2023-04-14,5,2.4,1,0.0,0,Resolved,0.95,5.0
BPS-03310,Immigration,Permanent Residency,Digital,Palapye,IMG-004,2022-12-04,2022-12-28,30,24.4,1,0.0,0,Resolved,1.4,3.3
BPS-04477,Motor Registry,Roadworthy Certificate,Post,Molepolole,MTR-009,2022-03-19,2022-03-20,5,1.2,1,0.0,0,Resolved,1.0,4.1
BPS-03306,Immigration,Work Permit,Post,Maun,IMG-003,2023-09-05,2023-10-28,30,53.0,0,23.0,1,Resolved,1.2,1.5
BPS-04752,Motor Registry,Vehicle Licensing,Phone,Maun,MTR-010,2022-04-15,2022-04-17,5,2.8,1,0.0,0,Resolved,0.9,4.7
BPS-04127,Works,Infrastructure Defect,Digital,Lobatse,WRK-003,2023-01-03,2023-01-09,14,6.7,1,0.0,0,Resolved,1.2,
BPS-02607,Social Welfare,Social Grant,In-Person,Lobatse,SWL-006,2024-12-22,2025-01-07,21,16.0,1,0.0,0,Resolved,1.0,
BPS-01386,Education,Student Enrollment,Digital,Serowe,EDU-007,2022-12-25,2023-01-02,14,8.5,1,0.0,0,Resolved,0.9,4.5
BPS-03836,Land Board,Land Use Approval,Digital,Palapye,LBD-001,2022-05-08,2022-06-22,21,45.6,0,24.6,1,Resolved,1.6,1.0
BPS-01400,Education,Teacher Posting,In-Person,Francistown,EDU-002,2024-03-21,2024-04-01,14,11.7,1,0.0,0,Resolved,1.3,5.0
BPS-01196,Education,Scholarship Application,Post,Maun,EDU-002,2024-08-02,2024-08-26,14,24.8,0,10.8,1,Resolved,1.4,1.8
BPS-01409,Education,Teacher Posting,Post,Francistown,EDU-009,2023-11-10,2023-11-27,14,17.8,0,3.8,0,Resolved,1.3,2.2
BPS-03825,Land Board,Land Use Approval,Digital,Maun,LBD-002,2023-07-09,2023-08-19,21,41.0,0,20.0,1,Resolved,1.6,
BPS-01799,Police,Clearance Certificate,Digital,Francistown,POL-013,2024-01-26,2024-01-29,5,3.3,1,0.0,0,Resolved,0.85,4.6
BPS-01476,Police,Case Registration,Phone,Maun,POL-004,2024-03-23,2024-03-27,5,4.9,1,0.0,0,Resolved,1.1,4.4
BPS-04966,Motor Registry,Vehicle Licensing,Digital,Maun,MTR-015,2024-02-28,2024-02-29,5,1.3,1,0.0,0,Resolved,0.9,5.0
BPS-00036,Health,Medical Certificate,Digital,Lobatse,HLT-009,2022-08-01,2022-08-02,7,1.9,1,0.0,0,Resolved,0.8,
BPS-03542,Land Board,Land Use Approval,Phone,Palapye,LBD-004,2025-01-14,,21,104.8,0,83.8,1,Pending,1.6,
BPS-02346,BURS,VAT Filing,In-Person,Molepolole,BRS-006,2024-09-05,2024-09-18,10,13.5,0,3.5,0,Resolved,1.0,
BPS-04679,Motor Registry,Roadworthy Certificate,In-Person,Lobatse,MTR-015,2022-04-05,2022-04-08,5,3.7,1,0.0,0,Resolved,1.0,5.0
BPS-02360,BURS,VAT Filing,In-Person,Serowe,BRS-009,2024-05-12,2024-05-23,10,11.1,0,1.1,0,Resolved,1.0,
BPS-02207,BURS,Assessment Dispute,In-Person,Gaborone,BRS-009,2022-03-16,2022-04-05,10,20.5,0,10.5,0,Resolved,1.5,
BPS-03768,Land Board,Land Certificate,In-Person,Maun,LBD-003,2022-08-31,2022-11-26,21,87.1,0,66.1,1,Resolved,1.2,1.2
BPS-01287,Education,Scholarship Application,In-Person,Francistown,EDU-002,2024-04-16,2024-04-18,14,2.0,1,0.0,0,Resolved,1.4,4.6
BPS-00350,Health,Patient Query,In-Person,Serowe,HLT-009,2024-05-09,2024-05-12,7,3.5,1,0.0,0,Resolved,0.7,4.0
BPS-02138,BURS,Compliance Certificate,In-Person,Serowe,BRS-008,2022-09-22,2022-10-02,10,10.3,0,0.3,0,Resolved,0.85,3.0
BPS-02692,Social Welfare,Social Grant,In-Person,Serowe,SWL-004,2022-10-22,2022-11-07,21,16.0,1,0.0,0,Resolved,1.0,3.2
BPS-04561,Motor Registry,Vehicle Licensing,In-Person,Molepolole,MTR-015,2024-09-23,2024-09-24,5,1.0,1,0.0,0,Resolved,0.9,4.5
BPS-03968,Works,Utility Request,Digital,Gaborone,WRK-006,2024-08-19,2024-08-24,14,5.5,1,0.0,0,Resolved,0.9,
BPS-01682,Police,Case Registration,Phone,Molepolole,POL-013,2022-02-26,2022-03-02,5,4.7,1,0.0,0,Resolved,1.1,4.5
BPS-04835,Motor Registry,Number Plate,In-Person,Molepolole,MTR-014,2024-04-05,2024-04-07,5,2.9,1,0.0,0,Resolved,0.8,5.0
BPS-01444,Education,Scholarship Application,Digital,Francistown,EDU-009,2024-06-16,2024-06-21,14,5.6,1,0.0,0,Resolved,1.4,4.9
BPS-03244,Immigration,Border Documentation,Digital,Lobatse,IMG-006,2022-07-30,2022-08-19,30,20.9,1,0.0,0,Resolved,0.9,
BPS-01672,Police,Case Registration,In-Person,Molepolole,POL-006,2022-02-12,2022-02-15,5,3.3,1,0.0,0,Resolved,1.1,3.1
BPS-03837,Land Board,Land Certificate,Digital,Molepolole,LBD-003,2024-08-03,2024-10-03,21,61.1,0,40.1,1,Resolved,1.2,
BPS-01180,Education,Student Enrollment,Digital,Molepolole,EDU-007,2023-10-13,2023-10-17,14,4.4,1,0.0,0,Resolved,0.9,
BPS-02799,Social Welfare,Destitute Support,In-Person,Gaborone,SWL-003,2024-04-06,2024-04-26,21,20.2,1,0.0,0,Resolved,1.3,3.8
BPS-01693,Police,Document Request,Digital,Kanye,POL-004,2023-01-10,2023-01-14,5,4.5,1,0.0,0,Resolved,0.75,3.7
BPS-03957,Works,Infrastructure Defect,Post,Gaborone,WRK-003,2022-10-13,2022-10-30,14,17.6,0,3.6,0,Resolved,1.2,3.4
BPS-00373,Health,Patient Query,Digital,Molepolole,HLT-011,2022-07-26,2022-07-30,7,4.7,1,0.0,0,Resolved,0.7,4.6
BPS-03611,Land Board,Land Certificate,In-Person,Serowe,LBD-001,2022-08-23,2022-10-22,21,60.7,0,39.7,1,Resolved,1.2,1.0
BPS-01917,Police,Protection Service,Digital,Kanye,POL-011,2022-01-31,2022-02-02,5,2.6,1,0.0,0,Resolved,1.3,3.7
BPS-01358,Education,Scholarship Application,Digital,Francistown,EDU-005,2024-09-30,2024-10-12,14,12.4,1,0.0,0,Resolved,1.4,4.7
BPS-01826,Police,Case Registration,In-Person,Molepolole,POL-005,2025-01-01,2025-01-06,5,5.2,0,0.2,0,Resolved,1.1,2.6
BPS-00787,Health,Medical Certificate,Post,Molepolole,HLT-002,2024-07-10,2024-07-18,7,8.3,0,1.3,0,Resolved,0.8,
BPS-00470,Health,Medical Certificate,Digital,Molepolole,HLT-006,2022-08-21,2022-08-22,7,1.6,1,0.0,0,Resolved,0.8,4.6
BPS-00141,Health,Patient Query,In-Person,Serowe,HLT-005,2024-05-28,2024-06-03,7,6.3,1,0.0,0,Resolved,0.7,3.1
BPS-00789,Health,Medical Certificate,Digital,Palapye,HLT-008,2024-09-01,2024-09-03,7,2.8,1,0.0,0,Resolved,0.8,
BPS-00324,Health,Patient Query,In-Person,Maun,HLT-006,2022-04-17,2022-04-25,7,8.1,0,1.1,0,Resolved,0.7,
BPS-00051,Health,Specialist Referral,Digital,Molepolole,HLT-005,2025-01-27,2025-02-02,7,6.5,1,0.0,0,Resolved,1.2,
BPS-00715,Health,Specialist Referral,In-Person,Palapye,HLT-003,2024-10-15,2024-10-23,7,8.0,0,1.0,1,Resolved,1.2,2.7
BPS-04890,Motor Registry,Vehicle Licensing,Digital,Kanye,MTR-003,2022-12-31,2023-01-03,5,3.1,1,0.0,0,Resolved,0.9,4.8
BPS-02841,Social Welfare,Old Age Pension,In-Person,Francistown,SWL-003,2023-12-15,2024-01-06,21,22.2,0,1.2,0,Resolved,1.1,
BPS-02447,BURS,Assessment Dispute,In-Person,Lobatse,BRS-003,2022-11-04,2022-11-18,10,14.3,0,4.3,0,Resolved,1.5,2.9
BPS-04814,Motor Registry,Roadworthy Certificate,Phone,Serowe,MTR-009,2024-09-13,2024-09-14,5,1.0,1,0.0,0,Resolved,1.0,5.0
BPS-04420,Motor Registry,Driver Licence,Digital,Palapye,MTR-011,2024-08-06,2024-08-08,5,2.3,1,0.0,0,Resolved,0.95,5.0
BPS-04597,Motor Registry,Roadworthy Certificate,In-Person,Palapye,MTR-004,2022-02-27,2022-03-01,5,2.9,1,0.0,0,Resolved,1.0,4.7
BPS-03016,Social Welfare,Old Age Pension,In-Person,Kanye,SWL-008,2024-01-30,2024-02-26,21,27.0,0,6.0,0,Resolved,1.1,
BPS-02667,Social Welfare,Destitute Support,Phone,Serowe,SWL-006,2023-07-12,2023-08-07,21,26.7,0,5.7,0,Resolved,1.3,2.7
BPS-00407,Health,Medical Certificate,In-Person,Maun,HLT-003,2022-01-18,2022-01-20,7,2.6,1,0.0,0,Resolved,0.8,4.5
BPS-03725,Land Board,Land Use Approval,Phone,Kanye,LBD-002,2023-01-26,2023-03-19,21,52.8,0,31.8,1,Resolved,1.6,1.0
BPS-01005,Education,School Admin,Digital,Maun,EDU-001,2024-10-04,2024-10-12,14,8.6,1,0.0,0,Resolved,0.8,4.4
BPS-03788,Land Board,Land Certificate,Phone,Serowe,LBD-006,2024-04-21,2024-05-25,21,34.6,0,13.6,1,Resolved,1.2,1.9
BPS-00891,Education,Student Enrollment,In-Person,Lobatse,EDU-006,2023-08-26,2023-09-06,14,11.9,1,0.0,0,Resolved,0.9,
BPS-02412,BURS,Compliance Certificate,In-Person,Kanye,BRS-003,2022-06-10,2022-06-23,10,13.4,0,3.4,0,Resolved,0.85,
BPS-02546,Social Welfare,Social Grant,In-Person,Gaborone,SWL-003,2022-08-30,2022-09-21,21,22.9,0,1.9,0,Resolved,1.0,
BPS-04834,Motor Registry,Driver Licence,Phone,Lobatse,MTR-003,2022-02-01,2022-02-05,5,4.1,1,0.0,0,Resolved,0.95,
BPS-02391,BURS,VAT Filing,In-Person,Palapye,BRS-003,2022-02-27,2022-03-01,10,2.4,1,0.0,0,Resolved,1.0,3.8
BPS-03941,Works,Utility Request,In-Person,Francistown,WRK-003,2023-06-16,2023-06-28,14,12.1,1,0.0,0,Resolved,0.9,3.3
BPS-00043,Health,Patient Query,Phone,Serowe,HLT-007,2023-07-01,2023-07-05,7,4.5,1,0.0,0,Resolved,0.7,4.5
BPS-02831,Social Welfare,Old Age Pension,Phone,Maun,SWL-001,2024-12-20,2024-12-24,21,4.3,1,0.0,0,Resolved,1.1,3.4
BPS-03966,Works,Property Maintenance,In-Person,Kanye,WRK-004,2024-07-24,2024-08-07,14,14.7,0,0.7,0,Resolved,1.0,2.2
BPS-00304,Health,Facility Request,Digital,Kanye,HLT-011,2024-03-06,2024-03-11,7,5.2,1,0.0,0,Resolved,1.1,4.0
BPS-04514,Motor Registry,Roadworthy Certificate,Post,Maun,MTR-010,2022-05-13,2022-05-16,5,3.2,1,0.0,0,Resolved,1.0,5.0
BPS-03748,Land Board,Land Use Approval,In-Person,Maun,LBD-006,2022-04-24,2022-07-14,21,81.8,0,60.8,1,Resolved,1.6,1.0
BPS-00665,Health,Patient Query,In-Person,Gaborone,HLT-009,2022-01-02,2022-01-04,7,2.3,1,0.0,0,Resolved,0.7,3.3
BPS-01178,Education,Scholarship Application,Digital,Serowe,EDU-006,2024-08-11,2024-08-21,14,10.0,1,0.0,0,Resolved,1.4,
BPS-02677,Social Welfare,Old Age Pension,In-Person,Lobatse,SWL-005,2023-08-08,2023-08-31,21,23.4,0,2.4,1,Resolved,1.1,1.8
BPS-01948,Police,Protection Service,Phone,Palapye,POL-008,2023-07-27,2023-07-31,5,4.7,1,0.0,0,Resolved,1.3,4.1
BPS-02502,Social Welfare,Orphan Welfare,In-Person,Lobatse,SWL-002,2024-10-18,2024-11-15,21,28.5,0,7.5,1,Resolved,1.2,2.2
BPS-01474,Police,Document Request,Phone,Kanye,POL-003,2024-05-14,2024-05-16,5,2.5,1,0.0,0,Resolved,0.75,4.1
BPS-03484,Land Board,Consent to Transfer,In-Person,Molepolole,LBD-002,2023-10-08,2023-12-08,21,61.7,0,40.7,1,Resolved,1.3,1.5
BPS-03521,Land Board,Consent to Transfer,In-Person,Maun,LBD-001,2023-12-14,2024-02-25,21,73.9,0,52.9,1,Resolved,1.3,1.0
BPS-02133,BURS,Assessment Dispute,Digital,Molepolole,BRS-008,2022-04-21,2022-05-01,10,10.7,0,0.7,0,Resolved,1.5,3.0
BPS-01027,Education,Student Enrollment,Digital,Francistown,EDU-005,2023-07-15,2023-07-23,14,8.9,1,0.0,0,Resolved,0.9,4.4
BPS-00962,Education,School Admin,In-Person,Francistown,EDU-004,2024-03-01,2024-03-14,14,13.8,1,0.0,0,Resolved,0.8,4.4
BPS-02890,Social Welfare,Destitute Support,Digital,Molepolole,SWL-008,2024-05-11,2024-05-29,21,18.8,1,0.0,0,Resolved,1.3,3.6
BPS-03135,Immigration,Permanent Residency,In-Person,Lobatse,IMG-004,2023-09-12,2023-10-19,30,37.7,0,7.7,1,Resolved,1.4,1.7
BPS-02010,BURS,Tax Registration,Post,Molepolole,BRS-007,2024-05-21,2024-06-04,10,14.9,0,4.9,0,Resolved,0.9,
BPS-02150,BURS,Tax Registration,In-Person,Maun,BRS-005,2022-05-06,2022-05-07,10,1.1,1,0.0,0,Resolved,0.9,3.8
BPS-03324,Immigration,Work Permit,Digital,Gaborone,IMG-006,2024-06-04,2024-06-27,30,23.9,1,0.0,0,Resolved,1.2,
BPS-02339,BURS,Compliance Certificate,Phone,Gaborone,BRS-001,2022-01-02,2022-01-08,10,6.6,1,0.0,0,Resolved,0.85,4.8
BPS-03889,Works,Asset Management,In-Person,Serowe,WRK-002,2022-03-07,2022-03-22,14,15.2,0,1.2,0,Resolved,1.1,2.7
BPS-00305,Health,Facility Request,Digital,Lobatse,HLT-011,2022-06-23,2022-06-27,7,4.3,1,0.0,0,Resolved,1.1,
BPS-01441,Education,Teacher Posting,In-Person,Palapye,EDU-008,2022-04-05,2022-04-24,14,19.0,0,5.0,0,Resolved,1.3,2.4
BPS-01497,Police,Protection Service,In-Person,Serowe,POL-008,2024-06-07,2024-06-17,5,10.6,0,5.6,0,Resolved,1.3,2.4
BPS-02653,Social Welfare,Social Grant,In-Person,Kanye,SWL-007,2023-05-25,2023-06-15,21,21.4,0,0.4,0,Resolved,1.0,2.3
BPS-02876,Social Welfare,Old Age Pension,In-Person,Kanye,SWL-003,2023-08-20,2023-08-31,21,11.6,1,0.0,0,Resolved,1.1,4.4
BPS-00917,Education,Teacher Posting,In-Person,Francistown,EDU-007,2023-07-23,2023-08-09,14,17.4,0,3.4,0,Resolved,1.3,2.6
BPS-04183,Works,Asset Management,Phone,Palapye,WRK-007,2023-04-24,2023-05-02,14,8.6,1,0.0,0,Resolved,1.1,
BPS-03722,Land Board,Land Certificate,In-Person,Serowe,LBD-005,2025-01-23,,21,93.4,0,72.4,0,Pending,1.2,
BPS-02773,Social Welfare,Social Grant,In-Person,Lobatse,SWL-001,2023-02-21,2023-03-09,21,16.3,1,0.0,0,Resolved,1.0,3.0
BPS-01625,Police,Document Request,Post,Francistown,POL-006,2024-04-25,2024-05-02,5,7.2,0,2.2,0,Resolved,0.75,
BPS-03838,Land Board,Land Use Approval,In-Person,Kanye,LBD-006,2024-05-13,2024-08-08,21,87.6,0,66.6,1,Resolved,1.6,1.0
BPS-00822,Education,School Admin,Post,Gaborone,EDU-004,2022-02-17,2022-03-08,14,19.1,0,5.1,0,Resolved,0.8,2.5
BPS-03965,Works,Infrastructure Defect,Phone,Maun,WRK-004,2024-07-29,2024-08-07,14,9.5,1,0.0,0,Resolved,1.2,
BPS-01355,Education,Teacher Posting,In-Person,Maun,EDU-001,2022-01-22,2022-02-02,14,11.8,1,0.0,0,Resolved,1.3,
BPS-04498,Motor Registry,Roadworthy Certificate,Digital,Francistown,MTR-010,2022-03-04,2022-03-06,5,2.9,1,0.0,0,Resolved,1.0,
BPS-00851,Education,School Admin,In-Person,Lobatse,EDU-007,2023-10-05,2023-10-11,14,6.0,1,0.0,0,Resolved,0.8,3.9
BPS-01001,Education,Teacher Posting,In-Person,Gaborone,EDU-006,2022-10-30,2022-11-22,14,23.1,0,9.1,0,Resolved,1.3,3.2
BPS-03378,Immigration,Work Permit,Phone,Maun,IMG-001,2024-02-18,2024-03-07,30,18.6,1,0.0,0,Resolved,1.2,3.0
BPS-00019,Health,Specialist Referral,In-Person,Maun,HLT-008,2023-06-27,2023-06-29,7,2.8,1,0.0,0,Resolved,1.2,3.9
BPS-01638,Police,Document Request,Phone,Serowe,POL-011,2022-06-09,2022-06-10,5,1.9,1,0.0,0,Resolved,0.75,3.3
BPS-01668,Police,Case Registration,In-Person,Palapye,POL-002,2022-12-23,2022-12-27,5,4.2,1,0.0,0,Resolved,1.1,
BPS-00494,Health,Patient Query,Digital,Maun,HLT-010,2024-02-11,2024-02-12,7,1.2,1,0.0,0,Resolved,0.7,4.0
BPS-01348,Education,Scholarship Application,In-Person,Gaborone,EDU-001,2024-08-22,2024-09-14,14,23.4,0,9.4,0,Resolved,1.4,2.8
BPS-03728,Land Board,Land Certificate,Digital,Maun,LBD-001,2024-03-04,2024-05-01,21,58.0,0,37.0,0,Resolved,1.2,
BPS-04826,Motor Registry,Driver Licence,In-Person,Maun,MTR-015,2024-05-14,2024-05-16,5,2.2,1,0.0,0,Resolved,0.95,
BPS-03615,Land Board,Land Certificate,In-Person,Palapye,LBD-002,2022-06-30,2022-09-11,21,73.6,0,52.6,1,Resolved,1.2,1.4
BPS-03482,Land Board,Consent to Transfer,In-Person,Maun,LBD-002,2023-01-26,2023-01-28,21,2.4,1,0.0,0,Resolved,1.3,3.5
BPS-00688,Health,Medical Certificate,In-Person,Gaborone,HLT-002,2023-03-21,2023-03-26,7,5.4,1,0.0,0,Resolved,0.8,3.8
BPS-03732,Land Board,Consent to Transfer,In-Person,Maun,LBD-006,2023-10-23,2023-12-05,21,43.8,0,22.8,1,Resolved,1.3,
BPS-01609,Police,Document Request,Digital,Francistown,POL-008,2022-02-06,2022-02-07,5,1.6,1,0.0,0,Resolved,0.75,
BPS-04085,Works,Utility Request,Post,Serowe,WRK-005,2024-03-04,2024-03-25,14,21.4,0,7.4,0,Resolved,0.9,2.4
BPS-03403,Immigration,Border Documentation,In-Person,Serowe,IMG-004,2023-09-14,2023-10-09,30,25.6,1,0.0,0,Resolved,0.9,
BPS-01010,Education,Student Enrollment,Digital,Francistown,EDU-001,2023-03-09,2023-03-14,14,5.6,1,0.0,0,Resolved,0.9,4.4
BPS-02409,BURS,Assessment Dispute,In-Person,Maun,BRS-004,2023-07-09,2023-07-24,10,15.2,0,5.2,0,Resolved,1.5,3.4
BPS-01093,Education,Scholarship Application,Phone,Gaborone,EDU-005,2023-05-25,2023-06-13,14,19.3,0,5.3,1,Resolved,1.4,2.3
BPS-01328,Education,School Admin,Digital,Serowe,EDU-006,2023-10-22,2023-10-27,14,5.0,1,0.0,0,Resolved,0.8,4.5
BPS-01678,Police,Document Request,Digital,Lobatse,POL-001,2022-10-08,2022-10-11,5,3.5,1,0.0,0,Resolved,0.75,4.5
BPS-02000,BURS,Assessment Dispute,In-Person,Francistown,BRS-001,2022-04-01,2022-04-07,10,6.6,1,0.0,0,Resolved,1.5,4.0
BPS-01311,Education,School Admin,Digital,Gaborone,EDU-004,2023-08-19,2023-08-25,14,6.3,1,0.0,0,Resolved,0.8,4.7
BPS-03259,Immigration,Work Permit,In-Person,Molepolole,IMG-006,2022-01-10,2022-02-22,30,43.4,0,13.4,1,Resolved,1.2,2.6
BPS-01988,Police,Protection Service,Digital,Kanye,POL-003,2022-01-18,2022-01-22,5,4.0,1,0.0,0,Resolved,1.3,
BPS-03649,Land Board,Consent to Transfer,Post,Gaborone,LBD-006,2022-01-29,2022-05-12,21,103.0,0,82.0,1,Resolved,1.3,1.6
BPS-00345,Health,Patient Query,Phone,Kanye,HLT-010,2022-09-02,2022-09-03,7,1.0,1,0.0,0,Resolved,0.7,
BPS-04483,Motor Registry,Roadworthy Certificate,In-Person,Francistown,MTR-015,2024-05-09,2024-05-10,5,1.0,1,0.0,0,Resolved,1.0,5.0
BPS-00987,Education,School Admin,Phone,Gaborone,EDU-002,2022-10-09,2022-10-21,14,12.6,1,0.0,0,Resolved,0.8,
BPS-04545,Motor Registry,Driver Licence,Phone,Kanye,MTR-010,2025-01-19,2025-01-21,5,2.0,1,0.0,0,Resolved,0.95,5.0
BPS-03808,Land Board,Consent to Transfer,Digital,Serowe,LBD-002,2024-10-04,2024-10-14,21,10.8,1,0.0,0,Resolved,1.3,3.3
BPS-04524,Motor Registry,Number Plate,In-Person,Maun,MTR-012,2023-09-02,2023-09-06,5,4.6,1,0.0,0,Resolved,0.8,
BPS-04003,Works,Property Maintenance,Digital,Maun,WRK-008,2022-01-19,2022-01-28,14,9.2,1,0.0,0,Resolved,1.0,4.1
BPS-03092,Immigration,Border Documentation,In-Person,Kanye,IMG-002,2022-07-16,2022-08-15,30,30.6,0,0.6,0,Resolved,0.9,1.8
BPS-03962,Works,Utility Request,Post,Lobatse,WRK-003,2024-08-04,2024-08-29,14,25.2,0,11.2,1,Resolved,0.9,1.8
BPS-01143,Education,Teacher Posting,In-Person,Molepolole,EDU-001,2023-07-07,2023-07-21,14,14.1,0,0.1,1,Resolved,1.3,2.5
BPS-02359,BURS,Assessment Dispute,In-Person,Serowe,BRS-010,2022-03-17,2022-03-19,10,2.2,1,0.0,0,Resolved,1.5,4.6
BPS-01199,Education,School Admin,In-Person,Molepolole,EDU-004,2022-12-28,2023-01-06,14,9.0,1,0.0,0,Resolved,0.8,3.8
BPS-00086,Health,Specialist Referral,Phone,Palapye,HLT-007,2024-06-25,2024-06-29,7,4.7,1,0.0,0,Resolved,1.2,4.5
BPS-01519,Police,Clearance Certificate,In-Person,Gaborone,POL-008,2023-12-13,2023-12-14,5,1.0,1,0.0,0,Resolved,0.85,
BPS-00517,Health,Specialist Referral,Digital,Serowe,HLT-006,2022-01-01,2022-01-07,7,6.9,1,0.0,0,Resolved,1.2,4.3
BPS-01382,Education,School Admin,Digital,Francistown,EDU-007,2022-11-04,2022-11-11,14,7.6,1,0.0,0,Resolved,0.8,4.4
BPS-02717,Social Welfare,Orphan Welfare,In-Person,Molepolole,SWL-006,2024-06-27,2024-07-23,21,26.2,0,5.2,0,Resolved,1.2,
BPS-03085,Social Welfare,Destitute Support,Digital,Gaborone,SWL-004,2023-04-18,2023-05-03,21,15.6,1,0.0,0,Resolved,1.3,3.7
BPS-01015,Education,Scholarship Application,In-Person,Gaborone,EDU-006,2023-10-29,2023-11-24,14,26.7,0,12.7,0,Resolved,1.4,2.5
BPS-00129,Health,Specialist Referral,In-Person,Serowe,HLT-009,2023-03-19,2023-03-27,7,8.1,0,1.1,0,Resolved,1.2,2.4
BPS-01365,Education,School Admin,Digital,Molepolole,EDU-007,2024-08-27,2024-09-05,14,9.8,1,0.0,0,Resolved,0.8,4.1
BPS-03624,Land Board,Consent to Transfer,In-Person,Serowe,LBD-002,2024-12-06,2025-02-06,21,62.9,0,41.9,0,Resolved,1.3,2.0
BPS-04971,Motor Registry,Roadworthy Certificate,In-Person,Francistown,MTR-005,2025-01-21,2025-01-24,5,3.4,1,0.0,0,Resolved,1.0,3.9
BPS-00892,Education,School Admin,In-Person,Lobatse,EDU-005,2023-03-18,2023-03-29,14,11.7,1,0.0,0,Resolved,0.8,
BPS-02794,Social Welfare,Social Grant,Digital,Francistown,SWL-003,2022-01-31,2022-02-06,21,6.9,1,0.0,0,Resolved,1.0,4.0
BPS-04239,Works,Utility Request,Phone,Gaborone,WRK-007,2024-09-22,2024-10-08,14,16.1,0,2.1,1,Resolved,0.9,
BPS-01360,Education,School Admin,In-Person,Serowe,EDU-005,2023-12-02,2023-12-11,14,9.5,1,0.0,0,Resolved,0.8,3.6
BPS-00308,Health,Medical Certificate,Phone,Palapye,HLT-001,2022-10-07,2022-10-10,7,3.5,1,0.0,0,Resolved,0.8,4.4
BPS-01662,Police,Document Request,In-Person,Palapye,POL-012,2024-02-25,2024-02-28,5,3.0,1,0.0,0,Resolved,0.75,3.2
BPS-02432,BURS,Assessment Dispute,In-Person,Gaborone,BRS-005,2024-11-12,2024-11-18,10,6.8,1,0.0,0,Resolved,1.5,3.8
BPS-03935,Works,Property Maintenance,Phone,Lobatse,WRK-007,2022-11-27,2022-12-08,14,11.2,1,0.0,0,Resolved,1.0,4.0
BPS-01318,Education,School Admin,Phone,Maun,EDU-001,2023-08-03,2023-08-10,14,7.1,1,0.0,0,Resolved,0.8,4.4
BPS-04304,Works,Property Maintenance,Digital,Lobatse,WRK-003,2023-12-04,2023-12-16,14,12.5,1,0.0,0,Resolved,1.0,4.5
BPS-02475,BURS,Compliance Certificate,In-Person,Kanye,BRS-004,2023-08-12,2023-08-17,10,5.8,1,0.0,0,Resolved,0.85,4.2
BPS-02543,Social Welfare,Orphan Welfare,Digital,Serowe,SWL-004,2023-05-18,2023-06-01,21,14.2,1,0.0,0,Resolved,1.2,4.2
BPS-01247,Education,Teacher Posting,Phone,Molepolole,EDU-008,2024-02-10,2024-02-24,14,14.5,0,0.5,1,Resolved,1.3,1.9
BPS-01209,Education,Scholarship Application,Digital,Palapye,EDU-009,2022-08-19,2022-08-23,14,4.9,1,0.0,0,Resolved,1.4,4.9
BPS-00217,Health,Patient Query,Digital,Palapye,HLT-009,2023-09-06,2023-09-07,7,1.7,1,0.0,0,Resolved,0.7,4.3
BPS-04293,Works,Utility Request,Digital,Maun,WRK-005,2024-12-02,2024-12-05,14,3.3,1,0.0,0,Resolved,0.9,4.2
BPS-03063,Social Welfare,Old Age Pension,Digital,Kanye,SWL-005,2024-11-22,2024-12-05,21,13.7,1,0.0,0,Resolved,1.1,3.5
BPS-01240,Education,Student Enrollment,In-Person,Kanye,EDU-008,2023-04-20,2023-05-08,14,18.8,0,4.8,0,Resolved,0.9,
BPS-02290,BURS,Compliance Certificate,Digital,Kanye,BRS-010,2022-01-25,2022-02-01,10,7.8,1,0.0,0,Resolved,0.85,
BPS-02741,Social Welfare,Destitute Support,In-Person,Lobatse,SWL-003,2022-10-28,2022-11-25,21,28.8,0,7.8,0,Resolved,1.3,1.9
BPS-00276,Health,Patient Query,In-Person,Lobatse,HLT-002,2025-01-17,2025-01-22,7,5.1,1,0.0,0,Resolved,0.7,4.0
BPS-00490,Health,Specialist Referral,Phone,Maun,HLT-010,2024-11-18,2024-11-27,7,9.9,0,2.9,0,Resolved,1.2,2.9
BPS-01036,Education,School Admin,Post,Serowe,EDU-007,2022-03-11,2022-03-30,14,19.3,0,5.3,0,Resolved,0.8,3.1
BPS-01230,Education,School Admin,In-Person,Lobatse,EDU-002,2024-04-08,2024-04-24,14,16.5,0,2.5,0,Resolved,0.8,2.8
BPS-04586,Motor Registry,Number Plate,In-Person,Serowe,MTR-010,2024-06-14,2024-06-18,5,4.0,1,0.0,0,Resolved,0.8,4.6
BPS-01009,Education,Scholarship Application,In-Person,Serowe,EDU-001,2024-09-05,2024-09-26,14,21.0,0,7.0,1,Resolved,1.4,2.4
BPS-04690,Motor Registry,Vehicle Licensing,Phone,Serowe,MTR-015,2024-06-27,2024-06-30,5,3.3,1,0.0,0,Resolved,0.9,5.0
BPS-04027,Works,Infrastructure Defect,Digital,Kanye,WRK-001,2022-02-27,2022-03-07,14,8.5,1,0.0,0,Resolved,1.2,
BPS-03183,Immigration,Permanent Residency,In-Person,Molepolole,IMG-005,2023-12-30,2024-01-22,30,23.3,1,0.0,0,Resolved,1.4,3.3
BPS-02533,Social Welfare,Old Age Pension,Digital,Maun,SWL-002,2022-08-30,2022-09-16,21,17.3,1,0.0,0,Resolved,1.1,3.7
BPS-04170,Works,Utility Request,In-Person,Francistown,WRK-001,2023-01-10,2023-01-17,14,7.3,1,0.0,0,Resolved,0.9,3.4
BPS-01059,Education,Teacher Posting,In-Person,Lobatse,EDU-002,2024-04-12,2024-04-30,14,18.4,0,4.4,0,Resolved,1.3,
BPS-02167,BURS,VAT Filing,In-Person,Gaborone,BRS-003,2023-06-01,2023-06-06,10,5.9,1,0.0,0,Resolved,1.0,4.4
BPS-04579,Motor Registry,Number Plate,In-Person,Lobatse,MTR-006,2022-03-08,2022-03-09,5,1.2,1,0.0,0,Resolved,0.8,5.0
BPS-00282,Health,Patient Query,In-Person,Maun,HLT-011,2024-03-08,2024-03-13,7,5.5,1,0.0,0,Resolved,0.7,
BPS-03566,Land Board,Land Use Approval,Phone,Lobatse,LBD-001,2022-12-01,2023-02-09,21,70.4,0,49.4,1,Resolved,1.6,
BPS-01317,Education,School Admin,In-Person,Gaborone,EDU-004,2022-03-15,2022-03-21,14,6.3,1,0.0,0,Resolved,0.8,3.5
BPS-04979,Motor Registry,Vehicle Licensing,Phone,Francistown,MTR-006,2022-09-14,2022-09-17,5,3.4,1,0.0,0,Resolved,0.9,4.8
BPS-00969,Education,Teacher Posting,Digital,Molepolole,EDU-002,2022-03-31,2022-04-10,14,10.4,1,0.0,0,Resolved,1.3,5.0
BPS-03127,Immigration,Citizenship Application,Digital,Lobatse,IMG-004,2024-04-02,2024-04-11,30,9.7,1,0.0,0,Resolved,1.6,4.0
BPS-03921,Works,Asset Management,Phone,Lobatse,WRK-008,2024-09-10,2024-10-01,14,21.4,0,7.4,0,Resolved,1.1,2.5
BPS-03167,Immigration,Citizenship Application,Phone,Gaborone,IMG-002,2022-06-30,2022-08-03,30,34.9,0,4.9,0,Resolved,1.6,2.2
BPS-03520,Land Board,Land Allocation,In-Person,Gaborone,LBD-004,2022-08-06,2022-08-17,21,11.0,1,0.0,0,Resolved,1.5,
BPS-00620,Health,Facility Request,In-Person,Maun,HLT-001,2024-07-18,2024-07-24,7,6.2,1,0.0,0,Resolved,1.1,
BPS-03347,Immigration,Work Permit,Digital,Gaborone,IMG-002,2023-07-30,2023-08-19,30,20.8,1,0.0,0,Resolved,1.2,3.0
BPS-01743,Police,Case Registration,In-Person,Francistown,POL-006,2023-09-23,2023-09-28,5,5.0,1,0.0,0,Resolved,1.1,4.7
BPS-01391,Education,Teacher Posting,Digital,Kanye,EDU-001,2024-08-26,2024-09-07,14,12.9,1,0.0,0,Resolved,1.3,5.0
BPS-04051,Works,Property Maintenance,In-Person,Molepolole,WRK-005,2024-02-23,2024-03-05,14,11.4,1,0.0,0,Resolved,1.0,3.6
BPS-01848,Police,Document Request,In-Person,Molepolole,POL-004,2022-09-25,2022-09-26,5,1.0,1,0.0,0,Resolved,0.75,4.4
BPS-01580,Police,Protection Service,Post,Lobatse,POL-006,2023-01-29,2023-01-30,5,1.4,1,0.0,0,Resolved,1.3,3.8
BPS-01656,Police,Protection Service,Digital,Molepolole,POL-014,2023-03-25,2023-03-26,5,1.8,1,0.0,0,Resolved,1.3,3.9
BPS-02353,BURS,Assessment Dispute,Digital,Serowe,BRS-009,2023-12-11,2023-12-20,10,9.5,1,0.0,0,Resolved,1.5,4.3
BPS-02213,BURS,VAT Filing,Phone,Maun,BRS-003,2022-11-05,2022-11-14,10,9.0,1,0.0,0,Resolved,1.0,3.7
BPS-02021,BURS,Assessment Dispute,In-Person,Francistown,BRS-009,2023-04-27,2023-05-08,10,11.4,0,1.4,0,Resolved,1.5,3.4
BPS-04973,Motor Registry,Vehicle Licensing,In-Person,Kanye,MTR-013,2022-08-03,2022-08-04,5,1.0,1,0.0,0,Resolved,0.9,5.0
BPS-01957,Police,Protection Service,In-Person,Maun,POL-001,2024-01-21,2024-01-23,5,2.9,1,0.0,0,Resolved,1.3,2.9
BPS-01308,Education,Teacher Posting,Phone,Palapye,EDU-008,2024-03-14,2024-03-26,14,12.4,1,0.0,0,Resolved,1.3,3.8
BPS-02004,BURS,VAT Filing,Digital,Palapye,BRS-007,2022-07-28,2022-08-01,10,4.9,1,0.0,0,Resolved,1.0,
BPS-04456,Motor Registry,Vehicle Licensing,Phone,Molepolole,MTR-012,2024-02-26,2024-02-27,5,1.7,1,0.0,0,Resolved,0.9,5.0
BPS-00576,Health,Specialist Referral,Post,Francistown,HLT-002,2023-04-19,2023-04-20,7,1.0,1,0.0,0,Resolved,1.2,3.9
BPS-04090,Works,Infrastructure Defect,In-Person,Maun,WRK-004,2022-09-09,2022-09-21,14,12.3,1,0.0,0,Resolved,1.2,
BPS-04320,Motor Registry,Roadworthy Certificate,Phone,Serowe,MTR-009,2024-02-08,2024-02-09,5,1.5,1,0.0,0,Resolved,1.0,5.0
BPS-04437,Motor Registry,Vehicle Licensing,In-Person,Lobatse,MTR-007,2022-03-24,2022-03-25,5,1.0,1,0.0,0,Resolved,0.9,5.0
BPS-01707,Police,Protection Service,In-Person,Serowe,POL-007,2023-03-23,2023-03-29,5,6.8,0,1.8,0,Resolved,1.3,3.0
BPS-03743,Land Board,Land Certificate,Phone,Serowe,LBD-004,2023-09-08,2023-11-03,21,56.0,0,35.0,1,Resolved,1.2,1.1
BPS-03471,Land Board,Land Allocation,Phone,Serowe,LBD-002,2024-12-02,2025-02-02,21,62.2,0,41.2,1,Resolved,1.5,1.0
BPS-01281,Education,Scholarship Application,Post,Gaborone,EDU-007,2022-11-04,2022-11-22,14,18.6,0,4.6,1,Resolved,1.4,
BPS-00862,Education,School Admin,Phone,Palapye,EDU-002,2023-12-12,2023-12-14,14,2.4,1,0.0,0,Resolved,0.8,
BPS-04146,Works,Asset Management,Digital,Gaborone,WRK-002,2022-11-24,2022-11-25,14,1.6,1,0.0,0,Resolved,1.1,4.9
BPS-01802,Police,Case Registration,Digital,Lobatse,POL-009,2023-02-22,2023-02-23,5,1.4,1,0.0,0,Resolved,1.1,
BPS-01629,Police,Case Registration,Digital,Palapye,POL-005,2022-02-18,2022-02-20,5,2.6,1,0.0,0,Resolved,1.1,3.7
BPS-01994,Police,Clearance Certificate,In-Person,Palapye,POL-009,2023-07-24,2023-07-30,5,6.0,0,1.0,1,Resolved,0.85,2.3
BPS-02640,Social Welfare,Destitute Support,Digital,Molepolole,SWL-006,2024-12-29,2025-01-17,21,19.2,1,0.0,0,Resolved,1.3,4.0
BPS-00270,Health,Patient Query,Digital,Gaborone,HLT-005,2024-10-25,2024-10-28,7,3.8,1,0.0,0,Resolved,0.7,3.7
BPS-00630,Health,Medical Certificate,Phone,Francistown,HLT-009,2023-08-23,2023-08-29,7,6.3,1,0.0,0,Resolved,0.8,4.0
BPS-03082,Social Welfare,Old Age Pension,In-Person,Lobatse,SWL-006,2023-01-07,2023-01-28,21,21.1,0,0.1,1,Resolved,1.1,1.4
BPS-02335,BURS,VAT Filing,Post,Molepolole,BRS-001,2024-03-30,2024-04-12,10,13.7,0,3.7,1,Resolved,1.0,2.9
BPS-02967,Social Welfare,Destitute Support,In-Person,Serowe,SWL-006,2023-05-16,2023-06-13,21,28.2,0,7.2,0,Resolved,1.3,
BPS-00301,Health,Facility Request,Digital,Molepolole,HLT-003,2024-03-21,2024-03-25,7,4.2,1,0.0,0,Resolved,1.1,
BPS-00460,Health,Specialist Referral,Digital,Molepolole,HLT-009,2023-05-02,2023-05-03,7,1.0,1,0.0,0,Resolved,1.2,4.3
BPS-01448,Education,Student Enrollment,Phone,Kanye,EDU-001,2022-02-03,2022-02-11,14,8.4,1,0.0,0,Resolved,0.9,3.6
BPS-01473,Police,Clearance Certificate,Digital,Kanye,POL-005,2024-08-04,2024-08-05,5,1.7,1,0.0,0,Resolved,0.85,3.8
BPS-02047,BURS,Compliance Certificate,In-Person,Molepolole,BRS-009,2023-10-02,2023-10-08,10,6.1,1,0.0,0,Resolved,0.85,3.5
BPS-04229,Works,Property Maintenance,In-Person,Lobatse,WRK-009,2022-10-16,2022-10-28,14,12.8,1,0.0,0,Resolved,1.0,4.4
BPS-03765,Land Board,Land Use Approval,Digital,Gaborone,LBD-006,2024-04-03,2024-05-29,21,56.5,0,35.5,1,Resolved,1.6,2.0
BPS-02114,BURS,Assessment Dispute,Digital,Francistown,BRS-004,2022-10-07,2022-10-12,10,5.2,1,0.0,0,Resolved,1.5,4.5
BPS-00028,Health,Medical Certificate,In-Person,Molepolole,HLT-001,2023-06-28,2023-07-05,7,7.4,0,0.4,0,Resolved,0.8,2.4
BPS-03840,Land Board,Land Certificate,In-Person,Maun,LBD-002,2024-10-02,2024-11-22,21,51.9,0,30.9,1,Resolved,1.2,1.5
BPS-04523,Motor Registry,Driver Licence,In-Person,Maun,MTR-011,2024-09-17,2024-09-21,5,4.7,1,0.0,0,Resolved,0.95,4.2
BPS-00838,Education,School Admin,Digital,Gaborone,EDU-006,2023-08-06,2023-08-09,14,3.3,1,0.0,0,Resolved,0.8,3.9
BPS-03827,Land Board,Land Use Approval,Post,Kanye,LBD-002,2022-07-21,2022-09-12,21,53.6,0,32.6,1,Resolved,1.6,1.1
BPS-02009,BURS,VAT Filing,In-Person,Francistown,BRS-010,2024-12-10,2024-12-20,10,10.4,0,0.4,0,Resolved,1.0,
BPS-04908,Motor Registry,Vehicle Licensing,Phone,Palapye,MTR-003,2022-04-07,2022-04-08,5,1.0,1,0.0,0,Resolved,0.9,5.0
BPS-00504,Health,Medical Certificate,Phone,Francistown,HLT-009,2022-07-10,2022-07-15,7,5.2,1,0.0,0,Resolved,0.8,4.0
BPS-03207,Immigration,Border Documentation,In-Person,Gaborone,IMG-001,2022-08-13,2022-08-31,30,18.2,1,0.0,0,Resolved,0.9,3.8
BPS-04305,Works,Asset Management,In-Person,Kanye,WRK-002,2022-04-08,2022-04-15,14,7.6,1,0.0,0,Resolved,1.1,3.1
BPS-00381,Health,Specialist Referral,In-Person,Gaborone,HLT-002,2023-08-27,2023-09-01,7,5.2,1,0.0,0,Resolved,1.2,
BPS-01852,Police,Case Registration,In-Person,Molepolole,POL-005,2023-07-28,2023-08-06,5,9.3,0,4.3,0,Resolved,1.1,2.2
BPS-01526,Police,Clearance Certificate,Digital,Palapye,POL-005,2022-07-05,2022-07-09,5,4.2,1,0.0,0,Resolved,0.85,
BPS-02366,BURS,Compliance Certificate,In-Person,Maun,BRS-007,2024-03-25,2024-04-05,10,11.1,0,1.1,0,Resolved,0.85,
BPS-04148,Works,Asset Management,In-Person,Molepolole,WRK-003,2023-09-21,2023-10-04,14,13.7,1,0.0,0,Resolved,1.1,4.0
BPS-03053,Social Welfare,Social Grant,Digital,Palapye,SWL-005,2023-08-07,2023-08-17,21,10.4,1,0.0,0,Resolved,1.0,3.8
BPS-02885,Social Welfare,Destitute Support,In-Person,Kanye,SWL-003,2024-02-11,2024-02-12,21,1.0,1,0.0,0,Resolved,1.3,3.1
BPS-02341,BURS,Assessment Dispute,In-Person,Serowe,BRS-005,2024-06-16,2024-07-03,10,17.3,0,7.3,0,Resolved,1.5,2.8
BPS-00375,Health,Patient Query,In-Person,Maun,HLT-010,2024-02-14,2024-02-22,7,8.3,0,1.3,1,Resolved,0.7,2.8
BPS-03261,Immigration,Border Documentation,Phone,Gaborone,IMG-004,2022-01-20,2022-02-08,30,19.2,1,0.0,0,Resolved,0.9,3.7
BPS-02382,BURS,Tax Registration,In-Person,Francistown,BRS-004,2022-01-22,2022-01-26,10,4.3,1,0.0,0,Resolved,0.9,
BPS-04310,Works,Utility Request,Phone,Maun,WRK-003,2022-10-02,2022-10-10,14,8.0,1,0.0,0,Resolved,0.9,3.1
BPS-00940,Education,Teacher Posting,In-Person,Maun,EDU-001,2023-06-21,2023-07-02,14,11.8,1,0.0,0,Resolved,1.3,4.1
BPS-04199,Works,Property Maintenance,Digital,Palapye,WRK-002,2024-05-14,2024-05-15,14,1.0,1,0.0,0,Resolved,1.0,4.2
BPS-04166,Works,Infrastructure Defect,In-Person,Serowe,WRK-008,2022-01-05,2022-01-26,14,21.4,0,7.4,1,Resolved,1.2,2.3
BPS-02800,Social Welfare,Orphan Welfare,In-Person,Gaborone,SWL-003,2022-07-15,2022-08-09,21,25.4,0,4.4,0,Resolved,1.2,
BPS-02148,BURS,Compliance Certificate,In-Person,Kanye,BRS-003,2023-11-03,2023-11-08,10,5.0,1,0.0,0,Resolved,0.85,4.2
BPS-03818,Land Board,Consent to Transfer,In-Person,Gaborone,LBD-006,2022-09-24,2022-11-21,21,58.8,0,37.8,1,Resolved,1.3,1.0
BPS-04541,Motor Registry,Vehicle Licensing,Digital,Molepolole,MTR-004,2022-10-25,2022-10-26,5,1.0,1,0.0,0,Resolved,0.9,5.0
BPS-04217,Works,Infrastructure Defect,Phone,Lobatse,WRK-007,2022-12-31,2023-01-22,14,22.1,0,8.1,0,Resolved,1.2,
BPS-02069,BURS,Tax Registration,In-Person,Maun,BRS-004,2024-07-05,2024-07-16,10,11.5,0,1.5,0,Resolved,0.9,3.4
BPS-00530,Health,Facility Request,In-Person,Gaborone,HLT-009,2024-10-26,2024-10-28,7,2.7,1,0.0,0,Resolved,1.1,4.7
BPS-04605,Motor Registry,Vehicle Licensing,In-Person,Kanye,MTR-009,2023-10-29,2023-10-30,5,1.0,1,0.0,0,Resolved,0.9,4.9
BPS-00637,Health,Medical Certificate,In-Person,Kanye,HLT-006,2024-03-22,2024-03-28,7,6.7,1,0.0,0,Resolved,0.8,
BPS-01270,Education,Teacher Posting,Post,Serowe,EDU-008,2022-09-28,2022-10-26,14,28.4,0,14.4,0,Resolved,1.3,2.6
BPS-00186,Health,Patient Query,Phone,Francistown,HLT-007,2024-05-31,2024-06-03,7,3.8,1,0.0,0,Resolved,0.7,3.6
BPS-04350,Motor Registry,Roadworthy Certificate,Phone,Palapye,MTR-006,2023-09-08,2023-09-10,5,2.8,1,0.0,0,Resolved,1.0,4.8
BPS-03180,Immigration,Border Documentation,In-Person,Kanye,IMG-003,2022-11-21,2022-12-20,30,29.4,1,0.0,0,Resolved,0.9,3.2
BPS-03455,Land Board,Consent to Transfer,Digital,Maun,LBD-006,2022-09-30,2022-10-01,21,1.0,1,0.0,0,Resolved,1.3,2.3
BPS-01798,Police,Case Registration,Digital,Francistown,POL-012,2022-01-29,2022-01-30,5,1.2,1,0.0,0,Resolved,1.1,4.4
BPS-02980,Social Welfare,Old Age Pension,In-Person,Palapye,SWL-003,2024-10-03,2024-10-23,21,20.9,1,0.0,0,Resolved,1.1,
BPS-01442,Education,Teacher Posting,In-Person,Gaborone,EDU-007,2022-07-27,2022-08-18,14,22.7,0,8.7,0,Resolved,1.3,2.9
BPS-03428,Immigration,Border Documentation,In-Person,Kanye,IMG-007,2023-10-12,2023-11-15,30,34.7,0,4.7,0,Resolved,0.9,1.7
BPS-04875,Motor Registry,Driver Licence,Post,Gaborone,MTR-013,2023-07-21,2023-07-22,5,1.9,1,0.0,0,Resolved,0.95,5.0
BPS-01536,Police,Protection Service,Phone,Serowe,POL-011,2023-08-02,2023-08-03,5,1.0,1,0.0,0,Resolved,1.3,
BPS-03444,Immigration,Permanent Residency,Digital,Lobatse,IMG-007,2022-09-21,2022-11-01,30,41.4,0,11.4,1,Resolved,1.4,
BPS-01274,Education,Scholarship Application,Post,Maun,EDU-008,2023-06-13,2023-06-30,14,17.7,0,3.7,0,Resolved,1.4,
BPS-02468,BURS,Compliance Certificate,Phone,Palapye,BRS-007,2024-11-11,2024-11-17,10,6.8,1,0.0,0,Resolved,0.85,4.0
BPS-00608,Health,Specialist Referral,In-Person,Francistown,HLT-009,2023-01-13,2023-01-15,7,2.1,1,0.0,0,Resolved,1.2,4.7
BPS-03514,Land Board,Land Allocation,In-Person,Serowe,LBD-005,2022-09-10,2022-10-06,21,26.5,0,5.5,0,Resolved,1.5,
BPS-01713,Police,Protection Service,In-Person,Serowe,POL-003,2024-04-18,2024-04-19,5,1.0,1,0.0,0,Resolved,1.3,
BPS-02200,BURS,Tax Registration,In-Person,Francistown,BRS-011,2024-10-12,2024-10-22,10,10.6,0,0.6,0,Resolved,0.9,
BPS-00956,Education,Teacher Posting,Digital,Palapye,EDU-009,2024-08-02,2024-08-16,14,14.8,0,0.8,0,Resolved,1.3,3.2
BPS-02580,Social Welfare,Old Age Pension,In-Person,Palapye,SWL-004,2023-09-23,2023-10-26,21,33.5,0,12.5,0,Resolved,1.1,
BPS-03898,Works,Infrastructure Defect,In-Person,Gaborone,WRK-002,2023-12-12,2023-12-31,14,19.2,0,5.2,0,Resolved,1.2,1.7
BPS-04426,Motor Registry,Vehicle Licensing,Phone,Palapye,MTR-009,2024-07-18,2024-07-19,5,1.7,1,0.0,0,Resolved,0.9,4.3
BPS-03381,Immigration,Permanent Residency,Phone,Maun,IMG-004,2023-09-15,2023-11-11,30,57.8,0,27.8,0,Resolved,1.4,1.8
BPS-03686,Land Board,Land Use Approval,Phone,Serowe,LBD-005,2024-08-18,2024-10-03,21,46.1,0,25.1,1,Resolved,1.6,1.1
BPS-00404,Health,Medical Certificate,Digital,Kanye,HLT-004,2024-09-28,2024-10-01,7,3.0,1,0.0,0,Resolved,0.8,4.2
BPS-02072,BURS,Compliance Certificate,Digital,Palapye,BRS-002,2023-12-26,2024-01-02,10,7.1,1,0.0,0,Resolved,0.85,
BPS-04756,Motor Registry,Driver Licence,In-Person,Palapye,MTR-015,2022-09-03,2022-09-07,5,4.4,1,0.0,0,Resolved,0.95,5.0
BPS-01978,Police,Case Registration,In-Person,Lobatse,POL-005,2023-04-29,2023-05-07,5,8.0,0,3.0,0,Resolved,1.1,2.3
BPS-00159,Health,Medical Certificate,In-Person,Serowe,HLT-010,2023-10-21,2023-10-22,7,1.2,1,0.0,0,Resolved,0.8,3.7
BPS-01749,Police,Document Request,Digital,Francistown,POL-010,2023-08-06,2023-08-09,5,3.1,1,0.0,0,Resolved,0.75,4.5
BPS-02910,Social Welfare,Old Age Pension,Digital,Molepolole,SWL-005,2024-01-31,2024-02-21,21,21.3,0,0.3,0,Resolved,1.1,2.6
BPS-03535,Land Board,Land Use Approval,Digital,Lobatse,LBD-002,2024-12-25,,21,98.0,0,77.0,1,Pending,1.6,
BPS-00903,Education,Scholarship Application,In-Person,Lobatse,EDU-006,2024-02-09,2024-02-27,14,18.3,0,4.3,1,Resolved,1.4,
BPS-00353,Health,Patient Query,Phone,Kanye,HLT-007,2023-10-14,2023-10-18,7,4.8,1,0.0,0,Resolved,0.7,4.1
BPS-01231,Education,Scholarship Application,Phone,Francistown,EDU-008,2024-06-04,2024-06-15,14,11.5,1,0.0,0,Resolved,1.4,
BPS-04671,Motor Registry,Driver Licence,Digital,Gaborone,MTR-006,2022-01-28,2022-01-31,5,3.3,1,0.0,0,Resolved,0.95,4.9
BPS-02141,BURS,Assessment Dispute,In-Person,Serowe,BRS-001,2024-05-27,2024-06-10,10,14.3,0,4.3,0,Resolved,1.5,3.1
BPS-00445,Health,Facility Request,In-Person,Gaborone,HLT-009,2022-07-06,2022-07-09,7,3.2,1,0.0,0,Resolved,1.1,3.0
BPS-04949,Motor Registry,Roadworthy Certificate,Digital,Serowe,MTR-001,2022-10-02,2022-10-03,5,1.0,1,0.0,0,Resolved,1.0,4.9
BPS-00755,Health,Patient Query,In-Person,Palapye,HLT-009,2022-10-08,2022-10-10,7,2.9,1,0.0,0,Resolved,0.7,4.7
BPS-01738,Police,Document Request,Phone,Serowe,POL-013,2023-04-09,2023-04-10,5,1.8,1,0.0,0,Resolved,0.75,3.5
BPS-02972,Social Welfare,Orphan Welfare,In-Person,Maun,SWL-007,2024-07-30,2024-08-20,21,21.8,0,0.8,1,Resolved,1.2,1.8
BPS-04980,Motor Registry,Vehicle Licensing,Phone,Molepolole,MTR-013,2023-01-31,2023-02-02,5,2.1,1,0.0,0,Resolved,0.9,5.0
BPS-02921,Social Welfare,Old Age Pension,In-Person,Francistown,SWL-006,2023-03-17,2023-03-30,21,13.2,1,0.0,0,Resolved,1.1,4.2
BPS-00312,Health,Medical Certificate,Phone,Serowe,HLT-008,2024-05-20,2024-05-28,7,8.3,0,1.3,0,Resolved,0.8,3.2
BPS-00549,Health,Patient Query,In-Person,Maun,HLT-009,2023-12-06,2023-12-10,7,4.8,1,0.0,0,Resolved,0.7,4.5
BPS-04053,Works,Infrastructure Defect,In-Person,Serowe,WRK-008,2022-03-04,2022-03-21,14,17.5,0,3.5,0,Resolved,1.2,2.1
BPS-04762,Motor Registry,Driver Licence,In-Person,Molepolole,MTR-012,2024-10-17,2024-10-20,5,3.9,1,0.0,0,Resolved,0.95,4.4
BPS-01990,Police,Case Registration,Phone,Gaborone,POL-012,2023-03-16,2023-03-20,5,4.7,1,0.0,0,Resolved,1.1,3.4
BPS-00307,Health,Facility Request,Digital,Maun,HLT-011,2022-12-08,2022-12-15,7,7.2,0,0.2,0,Resolved,1.1,3.0
BPS-02336,BURS,VAT Filing,In-Person,Kanye,BRS-005,2024-12-01,2024-12-11,10,10.7,0,0.7,0,Resolved,1.0,3.1
BPS-00695,Health,Facility Request,In-Person,Maun,HLT-008,2022-01-02,2022-01-12,7,10.1,0,3.1,0,Resolved,1.1,2.5
BPS-02357,BURS,Assessment Dispute,In-Person,Kanye,BRS-004,2023-03-16,2023-03-25,10,9.9,1,0.0,0,Resolved,1.5,4.4
BPS-01928,Police,Case Registration,Phone,Kanye,POL-009,2024-12-09,2024-12-14,5,5.0,1,0.0,0,Resolved,1.1,3.9
BPS-00685,Health,Patient Query,In-Person,Lobatse,HLT-002,2024-03-12,2024-03-13,7,1.0,1,0.0,0,Resolved,0.7,
BPS-00750,Health,Medical Certificate,Post,Serowe,HLT-007,2024-10-01,2024-10-02,7,1.4,1,0.0,0,Resolved,0.8,4.5
BPS-04009,Works,Utility Request,Phone,Lobatse,WRK-005,2023-04-05,2023-04-13,14,8.4,1,0.0,0,Resolved,0.9,
BPS-01267,Education,Scholarship Application,In-Person,Gaborone,EDU-006,2023-11-20,2023-12-07,14,17.3,0,3.3,0,Resolved,1.4,2.4
BPS-03286,Immigration,Citizenship Application,In-Person,Francistown,IMG-002,2024-09-11,2024-11-16,30,66.1,0,36.1,0,Resolved,1.6,2.4
BPS-03530,Land Board,Land Allocation,Digital,Kanye,LBD-002,2024-10-27,2024-11-26,21,30.2,0,9.2,1,Resolved,1.5,1.6
BPS-04424,Motor Registry,Vehicle Licensing,Phone,Gaborone,MTR-009,2023-08-24,2023-08-27,5,3.8,1,0.0,0,Resolved,0.9,4.3
BPS-03985,Works,Utility Request,Digital,Palapye,WRK-008,2023-01-28,2023-02-06,14,9.0,1,0.0,0,Resolved,0.9,4.2
BPS-03084,Social Welfare,Old Age Pension,Phone,Serowe,SWL-006,2023-04-20,2023-04-29,21,9.8,1,0.0,0,Resolved,1.1,3.7
BPS-03062,Social Welfare,Orphan Welfare,In-Person,Gaborone,SWL-001,2023-09-28,2023-10-16,21,18.3,1,0.0,0,Resolved,1.2,
BPS-03026,Social Welfare,Old Age Pension,In-Person,Serowe,SWL-007,2024-10-09,2024-10-25,21,16.8,1,0.0,0,Resolved,1.1,
BPS-00971,Education,Scholarship Application,In-Person,Kanye,EDU-002,2024-04-19,2024-05-05,14,16.2,0,2.2,0,Resolved,1.4,2.9
BPS-00014,Health,Facility Request,Digital,Lobatse,HLT-008,2022-01-24,2022-01-25,7,1.0,1,0.0,0,Resolved,1.1,4.1
BPS-00874,Education,School Admin,Phone,Molepolole,EDU-003,2024-04-26,2024-05-03,14,7.8,1,0.0,0,Resolved,0.8,3.7
BPS-00809,Health,Patient Query,In-Person,Serowe,HLT-002,2022-09-08,2022-09-15,7,7.1,0,0.1,0,Resolved,0.7,2.4
BPS-03199,Immigration,Work Permit,Phone,Kanye,IMG-007,2022-06-18,2022-07-11,30,23.9,1,0.0,0,Resolved,1.2,2.8
BPS-00515,Health,Medical Certificate,Digital,Lobatse,HLT-007,2022-04-28,2022-05-02,7,4.2,1,0.0,0,Resolved,0.8,4.1
BPS-04473,Motor Registry,Roadworthy Certificate,In-Person,Lobatse,MTR-013,2022-09-02,2022-09-07,5,5.2,0,0.2,0,Resolved,1.0,2.8
BPS-00410,Health,Patient Query,Digital,Lobatse,HLT-005,2023-09-04,2023-09-08,7,4.3,1,0.0,0,Resolved,0.7,
BPS-03409,Immigration,Permanent Residency,Phone,Lobatse,IMG-004,2024-03-31,2024-05-01,30,31.2,0,1.2,0,Resolved,1.4,2.7
BPS-04343,Motor Registry,Number Plate,Phone,Palapye,MTR-007,2024-10-07,2024-10-11,5,4.3,1,0.0,0,Resolved,0.8,5.0
BPS-00208,Health,Facility Request,In-Person,Serowe,HLT-008,2022-10-16,2022-10-25,7,9.2,0,2.2,0,Resolved,1.1,2.9
BPS-03692,Land Board,Consent to Transfer,Post,Serowe,LBD-003,2023-06-25,2023-10-05,21,102.2,0,81.2,1,Resolved,1.3,1.5
BPS-00459,Health,Specialist Referral,Phone,Kanye,HLT-001,2024-07-15,2024-07-21,7,6.5,1,0.0,0,Resolved,1.2,4.5
BPS-03472,Land Board,Consent to Transfer,Digital,Molepolole,LBD-006,2024-11-15,2024-12-26,21,41.9,0,20.9,1,Resolved,1.3,1.0
BPS-02431,BURS,Assessment Dispute,In-Person,Molepolole,BRS-007,2022-09-17,2022-10-02,10,15.3,0,5.3,1,Resolved,1.5,
BPS-03658,Land Board,Consent to Transfer,In-Person,Gaborone,LBD-006,2024-08-03,2024-08-16,21,13.7,1,0.0,0,Resolved,1.3,2.9
BPS-00111,Health,Medical Certificate,In-Person,Lobatse,HLT-001,2024-01-05,2024-01-06,7,1.0,1,0.0,0,Resolved,0.8,4.2
BPS-04590,Motor Registry,Roadworthy Certificate,In-Person,Maun,MTR-009,2023-12-09,2023-12-10,5,1.4,1,0.0,0,Resolved,1.0,5.0
BPS-04045,Works,Property Maintenance,In-Person,Molepolole,WRK-009,2023-04-19,2023-05-04,14,15.0,0,1.0,0,Resolved,1.0,2.5
BPS-01884,Police,Clearance Certificate,In-Person,Palapye,POL-002,2024-05-05,2024-05-07,5,2.8,1,0.0,0,Resolved,0.85,3.9
BPS-01714,Police,Case Registration,Digital,Maun,POL-010,2023-08-14,2023-08-16,5,2.3,1,0.0,0,Resolved,1.1,3.9
BPS-03959,Works,Infrastructure Defect,Digital,Palapye,WRK-009,2024-05-23,2024-06-06,14,14.9,0,0.9,0,Resolved,1.2,2.0
BPS-03400,Immigration,Border Documentation,Post,Kanye,IMG-003,2022-11-28,2022-12-24,30,26.1,1,0.0,0,Resolved,0.9,4.7
BPS-00553,Health,Patient Query,In-Person,Lobatse,HLT-009,2024-04-25,2024-05-01,7,6.9,1,0.0,0,Resolved,0.7,
BPS-01440,Education,Scholarship Application,Digital,Serowe,EDU-004,2024-10-27,2024-11-09,14,13.8,1,0.0,0,Resolved,1.4,
BPS-02271,BURS,Tax Registration,Digital,Molepolole,BRS-002,2024-07-23,2024-07-27,10,4.7,1,0.0,0,Resolved,0.9,5.0
BPS-03145,Immigration,Citizenship Application,In-Person,Francistown,IMG-002,2024-01-28,2024-03-15,30,47.1,0,17.1,1,Resolved,1.6,1.4
BPS-02822,Social Welfare,Old Age Pension,Digital,Molepolole,SWL-003,2023-08-31,2023-09-18,21,18.0,1,0.0,0,Resolved,1.1,4.3
BPS-04782,Motor Registry,Roadworthy Certificate,Digital,Palapye,MTR-014,2022-02-07,2022-02-08,5,1.6,1,0.0,0,Resolved,1.0,
BPS-01926,Police,Case Registration,Digital,Palapye,POL-011,2024-10-10,2024-10-11,5,1.0,1,0.0,0,Resolved,1.1,3.9
BPS-00635,Health,Specialist Referral,Phone,Molepolole,HLT-007,2022-04-04,2022-04-06,7,2.8,1,0.0,0,Resolved,1.2,4.4
BPS-04806,Motor Registry,Number Plate,Digital,Maun,MTR-008,2023-03-03,2023-03-05,5,2.0,1,0.0,0,Resolved,0.8,
BPS-00317,Health,Specialist Referral,Digital,Serowe,HLT-003,2022-10-27,2022-11-02,7,6.5,1,0.0,0,Resolved,1.2,3.6
BPS-04218,Works,Utility Request,Digital,Serowe,WRK-006,2024-12-17,2024-12-24,14,7.3,1,0.0,0,Resolved,0.9,3.8
BPS-04700,Motor Registry,Roadworthy Certificate,Digital,Maun,MTR-007,2023-07-17,2023-07-19,5,2.7,1,0.0,0,Resolved,1.0,
BPS-01329,Education,Student Enrollment,Phone,Francistown,EDU-007,2024-02-09,2024-02-14,14,5.0,1,0.0,0,Resolved,0.9,4.1
BPS-00428,Health,Specialist Referral,In-Person,Gaborone,HLT-011,2023-09-09,2023-09-18,7,9.5,0,2.5,0,Resolved,1.2,2.8
BPS-04375,Motor Registry,Roadworthy Certificate,In-Person,Serowe,MTR-015,2024-03-15,2024-03-19,5,4.3,1,0.0,0,Resolved,1.0,
BPS-00106,Health,Specialist Referral,In-Person,Maun,HLT-001,2024-10-25,2024-11-03,7,9.8,0,2.8,1,Resolved,1.2,2.1
BPS-03042,Social Welfare,Social Grant,In-Person,Lobatse,SWL-008,2022-04-06,2022-04-25,21,19.6,1,0.0,0,Resolved,1.0,3.9
BPS-00143,Health,Patient Query,In-Person,Maun,HLT-003,2024-03-31,2024-04-02,7,2.5,1,0.0,0,Resolved,0.7,4.3
BPS-02170,BURS,Assessment Dispute,Post,Maun,BRS-012,2023-03-25,2023-04-12,10,18.6,0,8.6,0,Resolved,1.5,2.7
BPS-03459,Land Board,Land Use Approval,Phone,Palapye,LBD-004,2025-01-17,2025-03-27,21,69.4,0,48.4,1,Resolved,1.6,
BPS-00090,Health,Patient Query,Phone,Gaborone,HLT-002,2022-12-06,2022-12-11,7,5.2,1,0.0,0,Resolved,0.7,3.5
BPS-02919,Social Welfare,Social Grant,In-Person,Serowe,SWL-002,2024-02-20,2024-03-10,21,19.8,1,0.0,0,Resolved,1.0,3.7
BPS-03238,Immigration,Permanent Residency,Phone,Lobatse,IMG-001,2024-02-22,2024-03-11,30,18.9,1,0.0,0,Resolved,1.4,3.3
BPS-02242,BURS,Compliance Certificate,In-Person,Palapye,BRS-005,2024-07-10,2024-07-20,10,10.5,0,0.5,1,Resolved,0.85,2.0
BPS-03175,Immigration,Citizenship Application,In-Person,Maun,IMG-006,2022-11-22,2022-12-19,30,27.4,1,0.0,0,Resolved,1.6,3.5
BPS-03413,Immigration,Work Permit,Digital,Francistown,IMG-007,2022-04-24,2022-06-01,30,38.1,0,8.1,1,Resolved,1.2,
BPS-02164,BURS,VAT Filing,In-Person,Maun,BRS-007,2024-11-07,2024-11-20,10,13.1,0,3.1,1,Resolved,1.0,2.2
BPS-02637,Social Welfare,Social Grant,Digital,Lobatse,SWL-007,2022-11-24,2022-12-07,21,13.6,1,0.0,0,Resolved,1.0,3.4
BPS-01950,Police,Document Request,Phone,Lobatse,POL-006,2022-12-31,2023-01-01,5,1.9,1,0.0,0,Resolved,0.75,3.9
BPS-01769,Police,Document Request,Phone,Serowe,POL-014,2024-03-07,2024-03-09,5,2.2,1,0.0,0,Resolved,0.75,3.8
BPS-04291,Works,Asset Management,Digital,Molepolole,WRK-004,2022-01-10,2022-01-21,14,11.3,1,0.0,0,Resolved,1.1,
BPS-02273,BURS,Assessment Dispute,In-Person,Maun,BRS-002,2023-04-18,2023-04-26,10,8.5,1,0.0,0,Resolved,1.5,3.7
BPS-00002,Health,Medical Certificate,Digital,Gaborone,HLT-001,2022-07-11,2022-07-14,7,3.5,1,0.0,0,Resolved,0.8,
BPS-03283,Immigration,Work Permit,In-Person,Kanye,IMG-003,2023-09-29,2023-10-08,30,9.6,1,0.0,0,Resolved,1.2,
BPS-04958,Motor Registry,Vehicle Licensing,In-Person,Lobatse,MTR-014,2023-04-14,2023-04-17,5,3.5,1,0.0,0,Resolved,0.9,5.0
BPS-01952,Police,Case Registration,In-Person,Lobatse,POL-013,2024-02-02,2024-02-08,5,6.5,0,1.5,0,Resolved,1.1,
BPS-00936,Education,School Admin,In-Person,Serowe,EDU-001,2023-04-17,2023-04-23,14,6.7,1,0.0,0,Resolved,0.8,4.2
BPS-04297,Works,Infrastructure Defect,In-Person,Gaborone,WRK-004,2024-05-29,2024-06-08,14,10.0,1,0.0,0,Resolved,1.2,3.3
BPS-02721,Social Welfare,Orphan Welfare,In-Person,Palapye,SWL-006,2023-12-23,2024-02-01,21,40.4,0,19.4,1,Resolved,1.2,2.5
BPS-04448,Motor Registry,Roadworthy Certificate,In-Person,Lobatse,MTR-014,2023-01-01,2023-01-05,5,4.1,1,0.0,0,Resolved,1.0,4.9
BPS-01110,Education,Student Enrollment,Phone,Maun,EDU-003,2023-10-18,2023-11-03,14,16.9,0,2.9,0,Resolved,0.9,3.1
BPS-03961,Works,Property Maintenance,In-Person,Gaborone,WRK-004,2024-01-29,2024-02-07,14,9.3,1,0.0,0,Resolved,1.0,3.7
BPS-00592,Health,Specialist Referral,In-Person,Palapye,HLT-004,2024-03-20,2024-03-25,7,5.3,1,0.0,0,Resolved,1.2,3.8
BPS-01696,Police,Document Request,Digital,Serowe,POL-007,2023-06-29,2023-07-04,5,5.2,0,0.2,0,Resolved,0.75,3.0
BPS-03451,Immigration,Work Permit,Digital,Lobatse,IMG-003,2023-11-10,2023-11-28,30,18.2,1,0.0,0,Resolved,1.2,3.7
BPS-02937,Social Welfare,Orphan Welfare,In-Person,Gaborone,SWL-006,2022-12-04,2022-12-19,21,15.9,1,0.0,0,Resolved,1.2,4.4
BPS-04205,Works,Infrastructure Defect,Digital,Molepolole,WRK-007,2023-02-05,2023-02-15,14,10.8,1,0.0,0,Resolved,1.2,3.4
BPS-03412,Immigration,Citizenship Application,In-Person,Gaborone,IMG-002,2023-11-06,2023-12-14,30,38.8,0,8.8,0,Resolved,1.6,
BPS-01577,Police,Protection Service,Digital,Palapye,POL-003,2022-02-10,2022-02-13,5,3.3,1,0.0,0,Resolved,1.3,4.0
BPS-03955,Works,Infrastructure Defect,In-Person,Maun,WRK-007,2023-04-28,2023-05-09,14,11.6,1,0.0,0,Resolved,1.2,4.3
BPS-00214,Health,Specialist Referral,Post,Kanye,HLT-007,2023-11-26,2023-12-07,7,11.3,0,4.3,1,Resolved,1.2,2.1
BPS-00779,Health,Facility Request,Post,Maun,HLT-006,2022-01-27,2022-02-05,7,9.4,0,2.4,1,Resolved,1.1,2.2
BPS-01416,Education,School Admin,Digital,Gaborone,EDU-005,2022-10-14,2022-10-23,14,9.3,1,0.0,0,Resolved,0.8,
BPS-03760,Land Board,Consent to Transfer,Phone,Palapye,LBD-005,2023-09-27,2023-11-20,21,54.5,0,33.5,1,Resolved,1.3,
BPS-02044,BURS,Tax Registration,Digital,Gaborone,BRS-012,2024-03-31,2024-04-04,10,4.2,1,0.0,0,Resolved,0.9,
BPS-02849,Social Welfare,Social Grant,In-Person,Molepolole,SWL-005,2022-01-17,2022-01-29,21,12.5,1,0.0,0,Resolved,1.0,
BPS-04538,Motor Registry,Driver Licence,Digital,Serowe,MTR-011,2022-08-08,2022-08-09,5,1.8,1,0.0,0,Resolved,0.95,4.8
BPS-03506,Land Board,Land Certificate,In-Person,Palapye,LBD-003,2024-04-16,2024-05-15,21,29.6,0,8.6,0,Resolved,1.2,1.6
BPS-03814,Land Board,Land Allocation,In-Person,Serowe,LBD-004,2024-03-09,2024-05-23,21,75.3,0,54.3,1,Resolved,1.5,
BPS-01568,Police,Protection Service,In-Person,Molepolole,POL-004,2022-12-19,2022-12-25,5,6.6,0,1.6,0,Resolved,1.3,
BPS-00166,Health,Facility Request,In-Person,Maun,HLT-003,2022-06-08,2022-06-15,7,7.7,0,0.7,0,Resolved,1.1,3.4
BPS-04715,Motor Registry,Vehicle Licensing,In-Person,Kanye,MTR-013,2022-03-08,2022-03-09,5,1.8,1,0.0,0,Resolved,0.9,4.6
BPS-04273,Works,Property Maintenance,Phone,Palapye,WRK-009,2024-09-26,2024-09-30,14,4.7,1,0.0,0,Resolved,1.0,
BPS-04927,Motor Registry,Vehicle Licensing,Post,Maun,MTR-003,2024-05-10,2024-05-11,5,1.9,1,0.0,0,Resolved,0.9,5.0
BPS-01344,Education,School Admin,Digital,Gaborone,EDU-003,2024-01-19,2024-01-29,14,10.5,1,0.0,0,Resolved,0.8,3.9
BPS-02014,BURS,Tax Registration,Phone,Palapye,BRS-005,2024-03-19,2024-03-23,10,4.2,1,0.0,0,Resolved,0.9,3.7
BPS-00274,Health,Medical Certificate,Digital,Palapye,HLT-002,2024-06-07,2024-06-09,7,2.9,1,0.0,0,Resolved,0.8,4.0
BPS-00072,Health,Patient Query,In-Person,Palapye,HLT-007,2022-08-05,2022-08-11,7,6.7,1,0.0,0,Resolved,0.7,4.2
BPS-03888,Works,Asset Management,Digital,Francistown,WRK-006,2024-05-07,2024-05-15,14,8.3,1,0.0,0,Resolved,1.1,4.7
BPS-01088,Education,School Admin,Digital,Gaborone,EDU-009,2022-12-08,2022-12-13,14,5.8,1,0.0,0,Resolved,0.8,
BPS-00395,Health,Facility Request,In-Person,Maun,HLT-003,2022-07-25,2022-08-05,7,11.9,0,4.9,1,Resolved,1.1,2.0
BPS-00584,Health,Patient Query,Phone,Serowe,HLT-004,2023-06-09,2023-06-17,7,8.4,0,1.4,0,Resolved,0.7,2.5
BPS-01368,Education,Teacher Posting,Post,Maun,EDU-003,2023-11-14,2023-11-25,14,11.9,1,0.0,0,Resolved,1.3,
BPS-04988,Motor Registry,Driver Licence,Phone,Francistown,MTR-008,2023-12-28,2023-12-29,5,1.0,1,0.0,0,Resolved,0.95,5.0
BPS-04089,Works,Property Maintenance,In-Person,Palapye,WRK-009,2022-12-21,2023-01-07,14,17.1,0,3.1,0,Resolved,1.0,
BPS-02549,Social Welfare,Old Age Pension,In-Person,Serowe,SWL-002,2022-07-24,2022-08-20,21,27.2,0,6.2,0,Resolved,1.1,2.4
BPS-01014,Education,Teacher Posting,In-Person,Molepolole,EDU-008,2023-01-20,2023-02-01,14,12.3,1,0.0,0,Resolved,1.3,4.1
BPS-04898,Motor Registry,Driver Licence,In-Person,Serowe,MTR-004,2022-08-01,2022-08-02,5,1.0,1,0.0,0,Resolved,0.95,4.6
BPS-03004,Social Welfare,Destitute Support,Digital,Serowe,SWL-008,2024-12-18,2025-01-16,21,29.1,0,8.1,0,Resolved,1.3,3.3
BPS-04789,Motor Registry,Number Plate,In-Person,Gaborone,MTR-002,2024-02-07,2024-02-08,5,1.4,1,0.0,0,Resolved,0.8,4.5
BPS-04408,Motor Registry,Roadworthy Certificate,Phone,Molepolole,MTR-009,2023-11-06,2023-11-07,5,1.7,1,0.0,0,Resolved,1.0,
BPS-03533,Land Board,Land Allocation,Post,Molepolole,LBD-003,2024-05-18,2024-08-14,21,88.2,0,67.2,1,Resolved,1.5,1.0
BPS-01764,Police,Case Registration,In-Person,Palapye,POL-007,2023-04-18,2023-04-20,5,2.8,1,0.0,0,Resolved,1.1,
BPS-01876,Police,Clearance Certificate,In-Person,Serowe,POL-004,2024-02-06,2024-02-11,5,5.6,0,0.6,1,Resolved,0.85,2.0
BPS-01260,Education,Scholarship Application,In-Person,Palapye,EDU-007,2022-09-08,2022-09-23,14,15.5,0,1.5,0,Resolved,1.4,
BPS-04531,Motor Registry,Number Plate,Digital,Lobatse,MTR-008,2024-08-29,2024-08-31,5,2.9,1,0.0,0,Resolved,0.8,5.0
BPS-02254,BURS,Compliance Certificate,In-Person,Maun,BRS-012,2022-08-24,2022-08-31,10,7.9,1,0.0,0,Resolved,0.85,3.7
BPS-02782,Social Welfare,Orphan Welfare,In-Person,Maun,SWL-005,2024-02-11,2024-02-27,21,16.6,1,0.0,0,Resolved,1.2,3.5
BPS-03593,Land Board,Land Allocation,In-Person,Francistown,LBD-002,2023-02-22,2023-07-08,21,136.5,0,115.5,1,Resolved,1.5,1.2
BPS-00527,Health,Specialist Referral,Phone,Maun,HLT-006,2022-08-07,2022-08-08,7,1.7,1,0.0,0,Resolved,1.2,4.1
BPS-04264,Works,Property Maintenance,In-Person,Lobatse,WRK-002,2023-09-19,2023-09-30,14,11.8,1,0.0,0,Resolved,1.0,
BPS-02947,Social Welfare,Orphan Welfare,Post,Kanye,SWL-007,2023-02-06,2023-03-06,21,28.5,0,7.5,0,Resolved,1.2,
BPS-00378,Health,Medical Certificate,Phone,Kanye,HLT-011,2024-07-03,2024-07-08,7,5.5,1,0.0,0,Resolved,0.8,4.0
BPS-01560,Police,Protection Service,Digital,Palapye,POL-006,2024-09-08,2024-09-11,5,3.8,1,0.0,0,Resolved,1.3,4.1
BPS-03821,Land Board,Land Use Approval,In-Person,Gaborone,LBD-002,2022-08-29,2022-11-04,21,67.4,0,46.4,1,Resolved,1.6,
BPS-01964,Police,Protection Service,In-Person,Serowe,POL-011,2022-07-29,2022-08-04,5,6.2,0,1.2,0,Resolved,1.3,2.9
BPS-04733,Motor Registry,Vehicle Licensing,In-Person,Maun,MTR-003,2023-01-07,2023-01-08,5,1.6,1,0.0,0,Resolved,0.9,
BPS-00349,Health,Patient Query,Digital,Kanye,HLT-001,2022-01-03,2022-01-05,7,2.0,1,0.0,0,Resolved,0.7,3.9
BPS-02435,BURS,VAT Filing,In-Person,Maun,BRS-012,2023-02-09,2023-02-18,10,9.5,1,0.0,0,Resolved,1.0,3.1
BPS-02247,BURS,Compliance Certificate,In-Person,Molepolole,BRS-004,2023-09-06,2023-09-10,10,4.2,1,0.0,0,Resolved,0.85,4.4
BPS-04167,Works,Property Maintenance,In-Person,Francistown,WRK-004,2024-10-23,2024-11-03,14,11.4,1,0.0,0,Resolved,1.0,
BPS-01710,Police,Document Request,In-Person,Kanye,POL-005,2023-06-17,2023-06-18,5,1.1,1,0.0,0,Resolved,0.75,3.9
BPS-01051,Education,Teacher Posting,In-Person,Molepolole,EDU-007,2022-02-23,2022-03-07,14,12.0,1,0.0,0,Resolved,1.3,4.0
BPS-00591,Health,Medical Certificate,Digital,Francistown,HLT-005,2024-03-27,2024-03-28,7,1.9,1,0.0,0,Resolved,0.8,
BPS-00520,Health,Specialist Referral,In-Person,Gaborone,HLT-007,2023-06-19,2023-06-29,7,10.7,0,3.7,0,Resolved,1.2,3.1
BPS-04753,Motor Registry,Driver Licence,In-Person,Francistown,MTR-003,2024-03-12,2024-03-14,5,2.8,1,0.0,0,Resolved,0.95,5.0
BPS-04309,Works,Utility Request,In-Person,Serowe,WRK-002,2024-03-30,2024-04-09,14,10.5,1,0.0,0,Resolved,0.9,3.4
BPS-02478,BURS,Assessment Dispute,In-Person,Lobatse,BRS-012,2022-06-18,2022-07-08,10,20.0,0,10.0,0,Resolved,1.5,
BPS-01084,Education,Scholarship Application,In-Person,Serowe,EDU-005,2024-02-26,2024-03-26,14,29.6,0,15.6,0,Resolved,1.4,2.9
BPS-03589,Land Board,Land Allocation,Digital,Palapye,LBD-003,2023-06-02,2023-08-14,21,73.4,0,52.4,1,Resolved,1.5,1.6
BPS-04779,Motor Registry,Roadworthy Certificate,Phone,Maun,MTR-015,2024-07-26,2024-07-27,5,1.4,1,0.0,0,Resolved,1.0,4.5
BPS-04510,Motor Registry,Number Plate,In-Person,Serowe,MTR-007,2022-12-30,2022-12-31,5,1.5,1,0.0,0,Resolved,0.8,4.9
BPS-01295,Education,School Admin,In-Person,Kanye,EDU-007,2023-01-01,2023-01-10,14,9.8,1,0.0,0,Resolved,0.8,4.1
BPS-01810,Police,Document Request,Digital,Lobatse,POL-007,2023-07-11,2023-07-12,5,1.9,1,0.0,0,Resolved,0.75,3.9
BPS-00792,Health,Facility Request,In-Person,Serowe,HLT-011,2023-05-23,2023-05-30,7,7.6,0,0.6,1,Resolved,1.1,2.5
BPS-00793,Health,Patient Query,In-Person,Gaborone,HLT-003,2025-01-07,2025-01-11,7,4.4,1,0.0,0,Resolved,0.7,4.4
BPS-04115,Works,Infrastructure Defect,In-Person,Francistown,WRK-006,2022-03-26,2022-04-18,14,23.7,0,9.7,0,Resolved,1.2,1.9
BPS-01856,Police,Document Request,Digital,Francistown,POL-012,2024-03-19,2024-03-20,5,1.3,1,0.0,0,Resolved,0.75,3.5
BPS-04758,Motor Registry,Vehicle Licensing,Digital,Molepolole,MTR-013,2025-01-10,2025-01-14,5,4.3,1,0.0,0,Resolved,0.9,4.5
BPS-01981,Police,Clearance Certificate,In-Person,Serowe,POL-014,2022-01-11,2022-01-12,5,1.0,1,0.0,0,Resolved,0.85,
BPS-03234,Immigration,Permanent Residency,In-Person,Lobatse,IMG-003,2024-02-13,2024-04-15,30,62.5,0,32.5,1,Resolved,1.4,1.4
BPS-03909,Works,Utility Request,In-Person,Palapye,WRK-001,2024-07-09,2024-07-23,14,14.4,0,0.4,0,Resolved,0.9,2.8
BPS-04985,Motor Registry,Roadworthy Certificate,In-Person,Francistown,MTR-004,2023-09-28,2023-10-02,5,4.1,1,0.0,0,Resolved,1.0,4.6
BPS-03329,Immigration,Citizenship Application,Phone,Kanye,IMG-006,2022-12-24,2023-01-15,30,22.7,1,0.0,0,Resolved,1.6,
BPS-01531,Police,Clearance Certificate,Phone,Gaborone,POL-008,2022-03-21,2022-03-26,5,5.4,0,0.4,0,Resolved,0.85,
BPS-01411,Education,School Admin,Post,Francistown,EDU-009,2024-12-29,2025-01-15,14,17.2,0,3.2,0,Resolved,0.8,
BPS-04295,Works,Asset Management,Phone,Palapye,WRK-003,2023-09-16,2023-10-06,14,20.6,0,6.6,1,Resolved,1.1,1.1
BPS-04649,Motor Registry,Vehicle Licensing,In-Person,Maun,MTR-007,2025-01-06,2025-01-07,5,1.4,1,0.0,0,Resolved,0.9,5.0
BPS-00084,Health,Medical Certificate,In-Person,Francistown,HLT-008,2022-05-14,2022-05-17,7,3.4,1,0.0,0,Resolved,0.8,4.1
BPS-00869,Education,Scholarship Application,Phone,Francistown,EDU-009,2022-04-14,2022-05-03,14,19.2,0,5.2,0,Resolved,1.4,2.6
BPS-02351,BURS,Tax Registration,In-Person,Molepolole,BRS-004,2022-09-19,2022-09-28,10,9.3,1,0.0,0,Resolved,0.9,3.4
BPS-00021,Health,Medical Certificate,In-Person,Serowe,HLT-010,2023-03-28,2023-04-07,7,10.0,0,3.0,1,Resolved,0.8,
BPS-03425,Immigration,Citizenship Application,Post,Maun,IMG-003,2024-04-28,2024-05-19,30,21.1,1,0.0,0,Resolved,1.6,3.2
BPS-02796,Social Welfare,Destitute Support,In-Person,Serowe,SWL-007,2023-05-16,2023-06-02,21,17.4,1,0.0,0,Resolved,1.3,3.4
BPS-04573,Motor Registry,Roadworthy Certificate,In-Person,Francistown,MTR-004,2025-01-01,2025-01-04,5,3.9,1,0.0,0,Resolved,1.0,5.0
BPS-01563,Police,Document Request,In-Person,Molepolole,POL-007,2024-05-05,2024-05-06,5,1.0,1,0.0,0,Resolved,0.75,4.0
BPS-03094,Immigration,Permanent Residency,In-Person,Palapye,IMG-005,2023-03-11,2023-04-25,30,45.1,0,15.1,0,Resolved,1.4,1.7
BPS-03156,Immigration,Border Documentation,Phone,Molepolole,IMG-005,2022-10-27,2022-11-06,30,10.2,1,0.0,0,Resolved,0.9,3.5
BPS-00974,Education,Teacher Posting,Digital,Maun,EDU-008,2024-08-22,2024-08-30,14,8.6,1,0.0,0,Resolved,1.3,
BPS-01711,Police,Clearance Certificate,Phone,Kanye,POL-007,2022-04-09,2022-04-13,5,4.9,1,0.0,0,Resolved,0.85,3.7
BPS-03202,Immigration,Citizenship Application,Digital,Serowe,IMG-006,2024-11-25,2024-12-29,30,34.1,0,4.1,0,Resolved,1.6,2.1
BPS-04372,Motor Registry,Roadworthy Certificate,In-Person,Maun,MTR-007,2025-01-10,2025-01-11,5,1.2,1,0.0,0,Resolved,1.0,5.0
BPS-04820,Motor Registry,Number Plate,Digital,Lobatse,MTR-004,2022-06-12,2022-06-14,5,2.1,1,0.0,0,Resolved,0.8,4.5
BPS-01099,Education,Scholarship Application,In-Person,Molepolole,EDU-003,2023-01-20,2023-02-11,14,22.2,0,8.2,1,Resolved,1.4,2.4
BPS-04162,Works,Infrastructure Defect,In-Person,Lobatse,WRK-005,2022-02-08,2022-02-26,14,18.3,0,4.3,0,Resolved,1.2,1.9
BPS-02845,Social Welfare,Orphan Welfare,Digital,Molepolole,SWL-006,2024-03-10,2024-03-25,21,15.6,1,0.0,0,Resolved,1.2,3.7
BPS-00887,Education,School Admin,In-Person,Molepolole,EDU-009,2024-11-28,2024-12-09,14,11.7,1,0.0,0,Resolved,0.8,3.3
BPS-04932,Motor Registry,Vehicle Licensing,Digital,Serowe,MTR-005,2024-10-01,2024-10-02,5,1.0,1,0.0,0,Resolved,0.9,5.0
BPS-03679,Land Board,Land Certificate,Digital,Lobatse,LBD-005,2022-01-15,2022-03-15,21,59.0,0,38.0,1,Resolved,1.2,1.9
BPS-04581,Motor Registry,Vehicle Licensing,Post,Serowe,MTR-004,2023-05-21,2023-05-26,5,5.6,0,0.6,0,Resolved,0.9,3.3
BPS-03567,Land Board,Land Certificate,In-Person,Serowe,LBD-004,2024-07-10,2024-09-11,21,63.3,0,42.3,1,Resolved,1.2,1.7
BPS-04402,Motor Registry,Roadworthy Certificate,Digital,Serowe,MTR-001,2023-04-06,2023-04-10,5,4.1,1,0.0,0,Resolved,1.0,5.0
BPS-00516,Health,Facility Request,In-Person,Lobatse,HLT-011,2023-02-03,2023-02-13,7,10.6,0,3.6,0,Resolved,1.1,
BPS-04621,Motor Registry,Vehicle Licensing,In-Person,Molepolole,MTR-002,2023-06-01,2023-06-02,5,1.1,1,0.0,0,Resolved,0.9,5.0
BPS-00738,Health,Medical Certificate,In-Person,Maun,HLT-011,2024-08-28,2024-09-03,7,6.7,1,0.0,0,Resolved,0.8,4.4
BPS-01454,Education,Teacher Posting,Phone,Maun,EDU-006,2023-01-22,2023-02-18,14,27.3,0,13.3,1,Resolved,1.3,
BPS-03972,Works,Infrastructure Defect,In-Person,Kanye,WRK-006,2023-11-21,2023-12-01,14,10.2,1,0.0,0,Resolved,1.2,4.2
BPS-04701,Motor Registry,Vehicle Licensing,Digital,Lobatse,MTR-015,2022-09-16,2022-09-17,5,1.0,1,0.0,0,Resolved,0.9,4.5
BPS-02507,Social Welfare,Orphan Welfare,In-Person,Lobatse,SWL-006,2024-05-15,2024-06-30,21,46.8,0,25.8,1,Resolved,1.2,
BPS-02995,Social Welfare,Destitute Support,In-Person,Maun,SWL-001,2024-12-25,2025-01-08,21,14.9,1,0.0,0,Resolved,1.3,4.1
BPS-02127,BURS,Assessment Dispute,Phone,Serowe,BRS-009,2025-01-25,2025-01-30,10,5.1,1,0.0,0,Resolved,1.5,4.4
BPS-02927,Social Welfare,Destitute Support,Phone,Molepolole,SWL-006,2023-08-01,2023-08-20,21,19.2,1,0.0,0,Resolved,1.3,3.9
BPS-04746,Motor Registry,Vehicle Licensing,Post,Lobatse,MTR-007,2022-07-25,2022-07-27,5,2.0,1,0.0,0,Resolved,0.9,5.0
BPS-00907,Education,Teacher Posting,Phone,Molepolole,EDU-009,2024-07-14,2024-07-22,14,8.1,1,0.0,0,Resolved,1.3,4.3
BPS-03648,Land Board,Consent to Transfer,Phone,Kanye,LBD-006,2024-07-29,2024-09-28,21,61.9,0,40.9,1,Resolved,1.3,1.0
BPS-01031,Education,School Admin,In-Person,Lobatse,EDU-009,2023-08-02,2023-08-10,14,8.1,1,0.0,0,Resolved,0.8,3.9
BPS-02508,Social Welfare,Destitute Support,In-Person,Gaborone,SWL-004,2024-10-21,2024-11-24,21,34.1,0,13.1,0,Resolved,1.3,2.5
BPS-02429,BURS,Assessment Dispute,In-Person,Maun,BRS-001,2022-08-05,2022-08-24,10,19.2,0,9.2,0,Resolved,1.5,3.3
BPS-00948,Education,School Admin,In-Person,Molepolole,EDU-007,2022-11-18,2022-11-25,14,7.6,1,0.0,0,Resolved,0.8,3.9
BPS-03807,Land Board,Land Use Approval,In-Person,Francistown,LBD-001,2022-11-24,2023-02-09,21,77.7,0,56.7,1,Resolved,1.6,1.0
BPS-04755,Motor Registry,Roadworthy Certificate,In-Person,Kanye,MTR-007,2022-10-03,2022-10-04,5,1.0,1,0.0,0,Resolved,1.0,4.7
BPS-00716,Health,Patient Query,In-Person,Kanye,HLT-005,2024-07-17,2024-07-25,7,8.2,0,1.2,0,Resolved,0.7,
BPS-04056,Works,Utility Request,Digital,Gaborone,WRK-006,2024-12-12,2024-12-21,14,9.5,1,0.0,0,Resolved,0.9,
BPS-00687,Health,Medical Certificate,In-Person,Francistown,HLT-009,2024-07-02,2024-07-05,7,3.4,1,0.0,0,Resolved,0.8,4.5
BPS-00704,Health,Medical Certificate,Digital,Gaborone,HLT-008,2024-08-23,2024-08-25,7,2.3,1,0.0,0,Resolved,0.8,
BPS-03342,Immigration,Permanent Residency,Phone,Molepolole,IMG-006,2023-05-02,2023-06-01,30,30.6,0,0.6,0,Resolved,1.4,2.2
BPS-02354,BURS,Assessment Dispute,In-Person,Lobatse,BRS-010,2022-12-15,2022-12-19,10,4.6,1,0.0,0,Resolved,1.5,3.9
BPS-02258,BURS,Assessment Dispute,In-Person,Serowe,BRS-002,2024-08-03,2024-08-12,10,9.4,1,0.0,0,Resolved,1.5,4.5
BPS-03552,Land Board,Consent to Transfer,Digital,Palapye,LBD-001,2025-01-20,2025-02-06,21,17.8,1,0.0,0,Resolved,1.3,3.5
BPS-00474,Health,Patient Query,In-Person,Gaborone,HLT-002,2022-12-31,2023-01-07,7,7.6,0,0.6,0,Resolved,0.7,
BPS-00022,Health,Medical Certificate,Phone,Serowe,HLT-002,2023-07-25,2023-07-28,7,3.6,1,0.0,0,Resolved,0.8,
BPS-02753,Social Welfare,Old Age Pension,In-Person,Lobatse,SWL-007,2024-07-19,2024-08-05,21,17.1,1,0.0,0,Resolved,1.1,3.6
BPS-00886,Education,Scholarship Application,In-Person,Molepolole,EDU-003,2024-04-23,2024-05-21,14,28.0,0,14.0,0,Resolved,1.4,2.9
BPS-02449,BURS,Compliance Certificate,Post,Lobatse,BRS-010,2023-08-04,2023-08-08,10,4.3,1,0.0,0,Resolved,0.85,3.9
BPS-00918,Education,Teacher Posting,In-Person,Francistown,EDU-003,2022-09-18,2022-10-04,14,16.0,0,2.0,0,Resolved,1.3,3.3
BPS-03758,Land Board,Consent to Transfer,In-Person,Gaborone,LBD-003,2023-03-08,2023-06-26,21,110.7,0,89.7,1,Resolved,1.3,1.3
BPS-03752,Land Board,Land Use Approval,Post,Palapye,LBD-003,2023-10-01,2024-01-17,21,108.4,0,87.4,1,Resolved,1.6,1.4
BPS-02240,BURS,Assessment Dispute,Phone,Palapye,BRS-006,2024-02-14,2024-02-28,10,14.1,0,4.1,0,Resolved,1.5,3.2
BPS-03845,Land Board,Land Certificate,Post,Francistown,LBD-006,2022-03-03,2022-06-25,21,114.2,0,93.2,1,Resolved,1.2,
BPS-03396,Immigration,Citizenship Application,Digital,Lobatse,IMG-003,2023-02-09,2023-02-25,30,16.4,1,0.0,0,Resolved,1.6,3.1
BPS-01266,Education,School Admin,In-Person,Serowe,EDU-001,2023-02-26,2023-03-01,14,3.0,1,0.0,0,Resolved,0.8,4.5
BPS-00484,Health,Specialist Referral,Digital,Kanye,HLT-006,2024-05-27,2024-06-02,7,6.1,1,0.0,0,Resolved,1.2,4.6
BPS-04338,Motor Registry,Vehicle Licensing,Digital,Palapye,MTR-010,2023-03-23,2023-03-24,5,1.4,1,0.0,0,Resolved,0.9,5.0
BPS-02964,Social Welfare,Social Grant,In-Person,Molepolole,SWL-004,2024-03-17,2024-03-28,21,11.9,1,0.0,0,Resolved,1.0,
BPS-01220,Education,Scholarship Application,Digital,Molepolole,EDU-003,2023-10-23,2023-11-12,14,20.9,0,6.9,0,Resolved,1.4,2.9
BPS-00278,Health,Facility Request,Digital,Kanye,HLT-009,2024-02-26,2024-02-29,7,3.4,1,0.0,0,Resolved,1.1,4.1
BPS-00989,Education,School Admin,Digital,Gaborone,EDU-005,2023-04-15,2023-04-21,14,6.4,1,0.0,0,Resolved,0.8,
BPS-02085,BURS,Compliance Certificate,In-Person,Serowe,BRS-004,2022-07-31,2022-08-05,10,5.5,1,0.0,0,Resolved,0.85,4.4
BPS-01246,Education,School Admin,In-Person,Palapye,EDU-004,2024-10-22,2024-10-26,14,4.0,1,0.0,0,Resolved,0.8,4.5
BPS-02383,BURS,Compliance Certificate,In-Person,Kanye,BRS-011,2023-12-17,2023-12-26,10,9.1,1,0.0,0,Resolved,0.85,
BPS-00572,Health,Medical Certificate,In-Person,Maun,HLT-003,2022-03-06,2022-03-15,7,9.3,0,2.3,1,Resolved,0.8,2.6
BPS-01436,Education,School Admin,Digital,Lobatse,EDU-007,2023-04-14,2023-04-22,14,8.2,1,0.0,0,Resolved,0.8,4.2
BPS-00994,Education,Teacher Posting,In-Person,Francistown,EDU-008,2024-01-07,2024-01-17,14,10.5,1,0.0,0,Resolved,1.3,4.2
BPS-03931,Works,Property Maintenance,In-Person,Palapye,WRK-003,2024-08-28,2024-09-13,14,16.1,0,2.1,0,Resolved,1.0,2.8
BPS-03448,Immigration,Work Permit,Phone,Molepolole,IMG-001,2024-03-22,2024-04-12,30,21.0,1,0.0,0,Resolved,1.2,3.9
BPS-00586,Health,Medical Certificate,Digital,Gaborone,HLT-005,2024-02-21,2024-02-25,7,4.2,1,0.0,0,Resolved,0.8,4.4
BPS-03659,Land Board,Land Allocation,Digital,Kanye,LBD-002,2022-06-27,2022-08-17,21,51.9,0,30.9,1,Resolved,1.5,1.1
BPS-02515,Social Welfare,Social Grant,Digital,Maun,SWL-006,2023-03-23,2023-04-05,21,13.0,1,0.0,0,Resolved,1.0,3.7
BPS-01350,Education,Student Enrollment,In-Person,Kanye,EDU-001,2022-07-19,2022-07-28,14,9.9,1,0.0,0,Resolved,0.9,3.8
BPS-01008,Education,Scholarship Application,Post,Palapye,EDU-007,2022-08-12,2022-09-06,14,25.5,0,11.5,0,Resolved,1.4,2.6
BPS-00675,Health,Facility Request,Digital,Kanye,HLT-008,2024-05-12,2024-05-13,7,1.0,1,0.0,0,Resolved,1.1,5.0
BPS-02413,BURS,Tax Registration,In-Person,Serowe,BRS-012,2022-12-20,2022-12-23,10,3.3,1,0.0,0,Resolved,0.9,4.3
BPS-02904,Social Welfare,Orphan Welfare,In-Person,Palapye,SWL-004,2024-01-19,2024-02-12,21,24.2,0,3.2,0,Resolved,1.2,2.1
BPS-00448,Health,Patient Query,Phone,Kanye,HLT-005,2022-08-06,2022-08-08,7,2.7,1,0.0,0,Resolved,0.7,
BPS-03835,Land Board,Land Allocation,In-Person,Palapye,LBD-005,2022-10-31,2022-12-17,21,47.2,0,26.2,1,Resolved,1.5,
BPS-03759,Land Board,Land Certificate,In-Person,Palapye,LBD-001,2022-01-29,2022-04-02,21,63.8,0,42.8,1,Resolved,1.2,1.4
BPS-03704,Land Board,Land Use Approval,Digital,Francistown,LBD-006,2023-08-28,2023-10-02,21,35.9,0,14.9,1,Resolved,1.6,1.0
BPS-00360,Health,Medical Certificate,Digital,Francistown,HLT-005,2022-02-14,2022-02-16,7,2.7,1,0.0,0,Resolved,0.8,4.3
BPS-02065,BURS,Compliance Certificate,In-Person,Kanye,BRS-007,2024-03-01,2024-03-09,10,8.5,1,0.0,0,Resolved,0.85,3.8
BPS-04450,Motor Registry,Driver Licence,Phone,Gaborone,MTR-008,2022-10-22,2022-10-26,5,4.0,1,0.0,0,Resolved,0.95,4.6
BPS-03811,Land Board,Land Certificate,In-Person,Palapye,LBD-001,2024-12-16,2025-01-21,21,36.8,0,15.8,1,Resolved,1.2,1.6
BPS-01691,Police,Document Request,Digital,Serowe,POL-011,2022-10-13,2022-10-16,5,3.3,1,0.0,0,Resolved,0.75,
BPS-04327,Motor Registry,Vehicle Licensing,Digital,Kanye,MTR-010,2024-11-22,2024-11-23,5,1.5,1,0.0,0,Resolved,0.9,
BPS-01549,Police,Document Request,In-Person,Lobatse,POL-012,2024-03-26,2024-03-30,5,4.1,1,0.0,0,Resolved,0.75,4.2
BPS-01248,Education,Student Enrollment,In-Person,Gaborone,EDU-004,2025-01-12,2025-01-18,14,6.9,1,0.0,0,Resolved,0.9,4.3
BPS-01986,Police,Clearance Certificate,In-Person,Serowe,POL-006,2025-01-03,2025-01-08,5,5.1,0,0.1,0,Resolved,0.85,2.6
BPS-00295,Health,Medical Certificate,Digital,Molepolole,HLT-011,2023-11-11,2023-11-16,7,5.1,1,0.0,0,Resolved,0.8,
BPS-01548,Police,Clearance Certificate,In-Person,Francistown,POL-002,2022-11-22,2022-11-27,5,5.0,1,0.0,0,Resolved,0.85,
BPS-02013,BURS,Assessment Dispute,Digital,Serowe,BRS-006,2022-05-15,2022-05-20,10,5.4,1,0.0,0,Resolved,1.5,4.7
BPS-00589,Health,Specialist Referral,In-Person,Maun,HLT-004,2022-04-14,2022-04-22,7,8.8,0,1.8,0,Resolved,1.2,1.5
BPS-03330,Immigration,Border Documentation,In-Person,Francistown,IMG-007,2023-03-30,2023-04-29,30,30.7,0,0.7,1,Resolved,0.9,2.6
BPS-02404,BURS,VAT Filing,In-Person,Palapye,BRS-005,2024-07-09,2024-07-16,10,7.9,1,0.0,0,Resolved,1.0,
BPS-02130,BURS,Assessment Dispute,Post,Serowe,BRS-003,2023-01-10,2023-01-29,10,19.9,0,9.9,1,Resolved,1.5,2.3
BPS-04389,Motor Registry,Driver Licence,In-Person,Lobatse,MTR-012,2022-01-29,2022-01-30,5,1.2,1,0.0,0,Resolved,0.95,5.0
BPS-02411,BURS,Assessment Dispute,Digital,Gaborone,BRS-008,2024-08-30,2024-09-11,10,12.1,0,2.1,0,Resolved,1.5,3.5
BPS-02720,Social Welfare,Orphan Welfare,Digital,Lobatse,SWL-007,2023-11-08,2023-11-21,21,13.7,1,0.0,0,Resolved,1.2,4.0
BPS-00426,Health,Medical Certificate,In-Person,Lobatse,HLT-011,2024-12-31,2025-01-07,7,7.3,0,0.3,1,Resolved,0.8,
BPS-02583,Social Welfare,Orphan Welfare,Digital,Serowe,SWL-003,2024-11-22,2024-12-05,21,13.5,1,0.0,0,Resolved,1.2,
BPS-01055,Education,Scholarship Application,Digital,Maun,EDU-001,2023-10-14,2023-10-23,14,9.8,1,0.0,0,Resolved,1.4,4.3
BPS-03967,Works,Infrastructure Defect,In-Person,Molepolole,WRK-002,2023-01-19,2023-02-04,14,16.6,0,2.6,0,Resolved,1.2,2.0
BPS-04563,Motor Registry,Number Plate,In-Person,Molepolole,MTR-014,2023-08-29,2023-08-30,5,1.0,1,0.0,0,Resolved,0.8,5.0
BPS-00557,Health,Facility Request,Post,Gaborone,HLT-008,2023-11-08,2023-11-16,7,8.0,0,1.0,1,Resolved,1.1,2.5
BPS-04359,Motor Registry,Vehicle Licensing,In-Person,Kanye,MTR-015,2024-08-21,2024-08-25,5,4.7,1,0.0,0,Resolved,0.9,4.1
BPS-03939,Works,Asset Management,Phone,Palapye,WRK-005,2022-04-12,2022-04-22,14,10.9,1,0.0,0,Resolved,1.1,
BPS-04713,Motor Registry,Roadworthy Certificate,In-Person,Serowe,MTR-001,2024-08-28,2024-09-02,5,5.6,0,0.6,0,Resolved,1.0,3.7
BPS-02470,BURS,Tax Registration,Phone,Palapye,BRS-005,2023-09-10,2023-09-16,10,6.5,1,0.0,0,Resolved,0.9,4.2
BPS-04711,Motor Registry,Number Plate,In-Person,Palapye,MTR-013,2022-03-12,2022-03-14,5,2.6,1,0.0,0,Resolved,0.8,5.0
BPS-00356,Health,Patient Query,Phone,Gaborone,HLT-010,2023-03-17,2023-03-19,7,2.5,1,0.0,0,Resolved,0.7,
BPS-01194,Education,Scholarship Application,Phone,Palapye,EDU-005,2022-11-12,2022-11-28,14,16.6,0,2.6,1,Resolved,1.4,2.1
BPS-01717,Police,Clearance Certificate,Phone,Gaborone,POL-009,2024-10-22,2024-10-25,5,3.4,1,0.0,0,Resolved,0.85,
BPS-03417,Immigration,Work Permit,In-Person,Francistown,IMG-003,2024-10-08,2024-11-16,30,39.8,0,9.8,0,Resolved,1.2,1.3
BPS-02605,Social Welfare,Old Age Pension,Post,Serowe,SWL-002,2023-11-01,2023-11-19,21,18.0,1,0.0,0,Resolved,1.1,4.8
BPS-04130,Works,Infrastructure Defect,In-Person,Maun,WRK-002,2022-03-30,2022-04-24,14,25.7,0,11.7,0,Resolved,1.2,
BPS-02829,Social Welfare,Orphan Welfare,In-Person,Francistown,SWL-001,2024-06-08,2024-07-07,21,29.1,0,8.1,1,Resolved,1.2,1.9
BPS-01705,Police,Protection Service,In-Person,Lobatse,POL-013,2023-02-25,2023-03-04,5,7.4,0,2.4,0,Resolved,1.3,2.3
BPS-02864,Social Welfare,Destitute Support,Digital,Serowe,SWL-002,2024-06-29,2024-07-19,21,20.9,1,0.0,0,Resolved,1.3,
BPS-02619,Social Welfare,Old Age Pension,Digital,Palapye,SWL-006,2022-01-13,2022-01-29,21,16.6,1,0.0,0,Resolved,1.1,4.0
BPS-02401,BURS,Compliance Certificate,In-Person,Gaborone,BRS-004,2024-05-20,2024-05-25,10,5.6,1,0.0,0,Resolved,0.85,3.2
BPS-02140,BURS,VAT Filing,Post,Gaborone,BRS-012,2023-02-21,2023-02-24,10,3.2,1,0.0,0,Resolved,1.0,
BPS-03240,Immigration,Work Permit,In-Person,Serowe,IMG-002,2024-03-08,2024-04-19,30,42.0,0,12.0,0,Resolved,1.2,2.2
BPS-02384,BURS,Tax Registration,Digital,Francistown,BRS-006,2024-10-25,2024-10-29,10,4.9,1,0.0,0,Resolved,0.9,4.4
BPS-03219,Immigration,Work Permit,In-Person,Kanye,IMG-004,2022-03-05,2022-03-28,30,23.7,1,0.0,0,Resolved,1.2,
BPS-03936,Works,Asset Management,In-Person,Gaborone,WRK-003,2022-12-31,2023-01-18,14,18.0,0,4.0,0,Resolved,1.1,2.3
BPS-01286,Education,School Admin,In-Person,Serowe,EDU-003,2024-04-14,2024-04-17,14,3.7,1,0.0,0,Resolved,0.8,3.6
BPS-03797,Land Board,Land Certificate,In-Person,Serowe,LBD-004,2022-12-28,2023-02-21,21,55.0,0,34.0,1,Resolved,1.2,1.0
BPS-04895,Motor Registry,Roadworthy Certificate,In-Person,Francistown,MTR-007,2024-01-24,2024-01-26,5,2.8,1,0.0,0,Resolved,1.0,5.0
BPS-04469,Motor Registry,Roadworthy Certificate,In-Person,Molepolole,MTR-002,2023-07-22,2023-07-24,5,2.9,1,0.0,0,Resolved,1.0,
BPS-02088,BURS,Tax Registration,In-Person,Molepolole,BRS-009,2024-08-02,2024-08-08,10,6.4,1,0.0,0,Resolved,0.9,4.3
BPS-01890,Police,Clearance Certificate,In-Person,Molepolole,POL-008,2022-07-21,2022-07-23,5,2.8,1,0.0,0,Resolved,0.85,
BPS-04623,Motor Registry,Number Plate,In-Person,Maun,MTR-013,2023-12-28,2023-12-31,5,3.1,1,0.0,0,Resolved,0.8,4.6
BPS-01592,Police,Clearance Certificate,In-Person,Gaborone,POL-012,2024-06-25,2024-06-26,5,1.0,1,0.0,0,Resolved,0.85,
BPS-01347,Education,Scholarship Application,Digital,Lobatse,EDU-001,2022-03-10,2022-03-11,14,1.0,1,0.0,0,Resolved,1.4,3.9
BPS-04432,Motor Registry,Roadworthy Certificate,In-Person,Kanye,MTR-012,2023-11-17,2023-11-18,5,1.5,1,0.0,0,Resolved,1.0,4.7
BPS-02163,BURS,Tax Registration,Digital,Serowe,BRS-006,2024-09-07,2024-09-11,10,4.4,1,0.0,0,Resolved,0.9,4.3
BPS-02397,BURS,Tax Registration,In-Person,Lobatse,BRS-005,2024-07-17,2024-07-22,10,5.6,1,0.0,0,Resolved,0.9,
BPS-04769,Motor Registry,Number Plate,In-Person,Serowe,MTR-002,2024-12-22,2024-12-26,5,4.4,1,0.0,0,Resolved,0.8,5.0
BPS-02272,BURS,Compliance Certificate,In-Person,Kanye,BRS-008,2023-10-08,2023-10-13,10,5.4,1,0.0,0,Resolved,0.85,
BPS-04491,Motor Registry,Vehicle Licensing,Digital,Molepolole,MTR-001,2024-02-24,2024-02-25,5,1.2,1,0.0,0,Resolved,0.9,
BPS-03112,Immigration,Citizenship Application,In-Person,Francistown,IMG-005,2022-11-05,2022-12-13,30,38.6,0,8.6,0,Resolved,1.6,
BPS-01138,Education,Student Enrollment,Digital,Serowe,EDU-001,2022-01-17,2022-01-21,14,4.0,1,0.0,0,Resolved,0.9,4.6
BPS-03896,Works,Infrastructure Defect,Digital,Serowe,WRK-004,2024-08-21,2024-09-06,14,16.2,0,2.2,0,Resolved,1.2,3.1
BPS-00973,Education,Student Enrollment,In-Person,Kanye,EDU-003,2024-08-08,2024-08-21,14,13.4,1,0.0,0,Resolved,0.9,4.1
BPS-00796,Health,Specialist Referral,Digital,Molepolole,HLT-006,2023-02-18,2023-02-23,7,5.9,1,0.0,0,Resolved,1.2,4.3
BPS-03021,Social Welfare,Destitute Support,Phone,Maun,SWL-004,2024-11-08,2024-12-09,21,31.9,0,10.9,0,Resolved,1.3,
BPS-01712,Police,Case Registration,Digital,Gaborone,POL-009,2023-05-28,2023-06-02,5,5.1,0,0.1,0,Resolved,1.1,3.3
BPS-03388,Immigration,Permanent Residency,Phone,Lobatse,IMG-004,2022-02-25,2022-03-31,30,34.6,0,4.6,0,Resolved,1.4,3.0
BPS-00037,Health,Medical Certificate,Digital,Lobatse,HLT-003,2023-08-01,2023-08-03,7,2.6,1,0.0,0,Resolved,0.8,
BPS-00454,Health,Specialist Referral,In-Person,Lobatse,HLT-010,2025-01-26,2025-02-05,7,10.3,0,3.3,0,Resolved,1.2,2.2
BPS-00914,Education,School Admin,Digital,Molepolole,EDU-006,2024-01-04,2024-01-13,14,9.0,1,0.0,0,Resolved,0.8,4.9
BPS-04082,Works,Asset Management,In-Person,Lobatse,WRK-009,2024-06-27,2024-07-08,14,11.4,1,0.0,0,Resolved,1.1,3.3
BPS-01200,Education,School Admin,In-Person,Serowe,EDU-001,2022-08-16,2022-08-30,14,14.2,0,0.2,1,Resolved,0.8,2.4
BPS-01275,Education,Teacher Posting,In-Person,Serowe,EDU-001,2022-08-23,2022-09-13,14,21.7,0,7.7,0,Resolved,1.3,2.6
BPS-02376,BURS,VAT Filing,Digital,Francistown,BRS-007,2022-06-19,2022-06-28,10,9.5,1,0.0,0,Resolved,1.0,
BPS-00038,Health,Patient Query,Digital,Gaborone,HLT-005,2022-07-09,2022-07-10,7,1.0,1,0.0,0,Resolved,0.7,
BPS-00975,Education,Student Enrollment,Digital,Lobatse,EDU-003,2022-09-12,2022-09-17,14,5.0,1,0.0,0,Resolved,0.9,
BPS-03196,Immigration,Permanent Residency,Post,Serowe,IMG-006,2023-05-19,2023-06-05,30,17.7,1,0.0,0,Resolved,1.4,3.0
BPS-00984,Education,Teacher Posting,In-Person,Kanye,EDU-002,2024-03-06,2024-03-19,14,13.5,1,0.0,0,Resolved,1.3,3.1
BPS-03905,Works,Property Maintenance,Post,Molepolole,WRK-004,2022-01-07,2022-02-01,14,25.8,0,11.8,1,Resolved,1.0,1.9
BPS-04070,Works,Utility Request,In-Person,Molepolole,WRK-003,2023-08-17,2023-09-03,14,17.4,0,3.4,0,Resolved,0.9,2.4
BPS-01419,Education,Scholarship Application,In-Person,Lobatse,EDU-001,2024-01-16,2024-02-10,14,25.4,0,11.4,0,Resolved,1.4,2.1
BPS-03333,Immigration,Citizenship Application,In-Person,Francistown,IMG-003,2024-03-29,2024-06-03,30,66.0,0,36.0,1,Resolved,1.6,
BPS-01561,Police,Document Request,In-Person,Maun,POL-005,2024-03-06,2024-03-11,5,5.2,0,0.2,0,Resolved,0.75,
BPS-00040,Health,Medical Certificate,In-Person,Gaborone,HLT-003,2024-01-27,2024-01-31,7,4.9,1,0.0,0,Resolved,0.8,
BPS-01487,Police,Clearance Certificate,Digital,Gaborone,POL-005,2022-06-03,2022-06-04,5,1.0,1,0.0,0,Resolved,0.85,4.7
BPS-03884,Works,Utility Request,Digital,Gaborone,WRK-002,2022-01-16,2022-01-22,14,6.0,1,0.0,0,Resolved,0.9,3.9
BPS-00170,Health,Facility Request,In-Person,Molepolole,HLT-005,2024-10-26,2024-10-27,7,1.8,1,0.0,0,Resolved,1.1,3.8
BPS-01356,Education,Teacher Posting,In-Person,Maun,EDU-004,2023-09-28,2023-09-30,14,2.8,1,0.0,0,Resolved,1.3,
BPS-02786,Social Welfare,Orphan Welfare,In-Person,Kanye,SWL-003,2023-12-05,2023-12-25,21,20.4,1,0.0,0,Resolved,1.2,
BPS-03633,Land Board,Land Certificate,Digital,Kanye,LBD-002,2022-08-29,2022-10-05,21,37.6,0,16.6,1,Resolved,1.2,1.0
BPS-04749,Motor Registry,Number Plate,Digital,Kanye,MTR-002,2023-11-22,2023-11-23,5,1.0,1,0.0,0,Resolved,0.8,
BPS-04005,Works,Property Maintenance,Phone,Francistown,WRK-005,2022-02-17,2022-02-25,14,8.2,1,0.0,0,Resolved,1.0,3.5
BPS-02683,Social Welfare,Orphan Welfare,In-Person,Serowe,SWL-006,2022-01-09,2022-01-28,21,19.7,1,0.0,0,Resolved,1.2,3.8
BPS-04705,Motor Registry,Roadworthy Certificate,In-Person,Kanye,MTR-001,2023-08-13,2023-08-17,5,4.8,1,0.0,0,Resolved,1.0,
BPS-04026,Works,Asset Management,Digital,Gaborone,WRK-006,2023-02-27,2023-03-09,14,10.2,1,0.0,0,Resolved,1.1,3.9
BPS-01641,Police,Case Registration,Phone,Maun,POL-005,2023-06-23,2023-06-25,5,2.0,1,0.0,0,Resolved,1.1,4.1
BPS-01291,Education,Scholarship Application,Phone,Francistown,EDU-006,2022-04-03,2022-04-21,14,18.7,0,4.7,0,Resolved,1.4,3.2
BPS-01381,Education,School Admin,Digital,Kanye,EDU-008,2024-12-31,2025-01-08,14,8.6,1,0.0,0,Resolved,0.8,
BPS-01934,Police,Case Registration,In-Person,Lobatse,POL-003,2022-06-13,2022-06-16,5,3.5,1,0.0,0,Resolved,1.1,
BPS-00580,Health,Patient Query,Digital,Serowe,HLT-010,2024-02-08,2024-02-12,7,4.9,1,0.0,0,Resolved,0.7,3.4
BPS-04221,Works,Infrastructure Defect,In-Person,Maun,WRK-008,2023-06-17,2023-06-18,14,1.0,1,0.0,0,Resolved,1.2,
BPS-03161,Immigration,Work Permit,Digital,Molepolole,IMG-002,2022-02-02,2022-02-19,30,17.8,1,0.0,0,Resolved,1.2,3.7
BPS-02031,BURS,VAT Filing,In-Person,Serowe,BRS-005,2023-11-14,2023-11-24,10,10.8,0,0.8,0,Resolved,1.0,2.5
BPS-00893,Education,Scholarship Application,In-Person,Molepolole,EDU-001,2024-09-12,2024-10-03,14,21.7,0,7.7,0,Resolved,1.4,2.6
BPS-03952,Works,Infrastructure Defect,In-Person,Serowe,WRK-002,2024-02-29,2024-03-08,14,8.9,1,0.0,0,Resolved,1.2,4.0
BPS-00781,Health,Patient Query,Post,Serowe,HLT-006,2024-04-07,2024-04-14,7,7.3,0,0.3,0,Resolved,0.7,3.2
BPS-00160,Health,Facility Request,In-Person,Francistown,HLT-006,2024-10-30,2024-11-07,7,8.8,0,1.8,0,Resolved,1.1,2.6
BPS-00003,Health,Specialist Referral,Digital,Molepolole,HLT-009,2023-03-28,2023-04-03,7,6.1,1,0.0,0,Resolved,1.2,4.4
BPS-02264,BURS,Compliance Certificate,Digital,Molepolole,BRS-007,2025-01-11,2025-01-13,10,2.7,1,0.0,0,Resolved,0.85,4.4
BPS-03217,Immigration,Citizenship Application,Post,Kanye,IMG-001,2023-10-17,2023-11-06,30,20.3,1,0.0,0,Resolved,1.6,2.9
BPS-02110,BURS,VAT Filing,In-Person,Palapye,BRS-006,2022-01-01,2022-01-11,10,10.2,0,0.2,0,Resolved,1.0,
BPS-00850,Education,Scholarship Application,In-Person,Gaborone,EDU-002,2022-08-22,2022-09-03,14,12.7,1,0.0,0,Resolved,1.4,3.7
BPS-02738,Social Welfare,Old Age Pension,In-Person,Maun,SWL-004,2024-05-29,2024-06-22,21,24.1,0,3.1,0,Resolved,1.1,2.5
BPS-02467,BURS,Compliance Certificate,Post,Molepolole,BRS-012,2022-11-09,2022-11-15,10,6.3,1,0.0,0,Resolved,0.85,
BPS-03651,Land Board,Land Use Approval,Phone,Serowe,LBD-005,2022-12-03,2023-02-20,21,79.9,0,58.9,1,Resolved,1.6,1.3
BPS-01597,Police,Protection Service,In-Person,Palapye,POL-013,2022-01-25,2022-02-02,5,8.6,0,3.6,0,Resolved,1.3,2.5
BPS-01777,Police,Clearance Certificate,In-Person,Kanye,POL-013,2022-03-03,2022-03-05,5,2.0,1,0.0,0,Resolved,0.85,4.2
BPS-01914,Police,Protection Service,In-Person,Palapye,POL-002,2024-09-06,2024-09-12,5,6.4,0,1.4,0,Resolved,1.3,
BPS-01044,Education,Scholarship Application,Phone,Francistown,EDU-001,2022-09-13,2022-09-26,14,13.3,1,0.0,0,Resolved,1.4,4.1
BPS-04714,Motor Registry,Number Plate,Digital,Palapye,MTR-012,2023-07-05,2023-07-06,5,1.0,1,0.0,0,Resolved,0.8,4.7
BPS-01545,Police,Clearance Certificate,Digital,Molepolole,POL-005,2023-09-27,2023-09-29,5,2.4,1,0.0,0,Resolved,0.85,5.0
BPS-02737,Social Welfare,Old Age Pension,Phone,Molepolole,SWL-006,2024-11-19,2024-12-05,21,16.0,1,0.0,0,Resolved,1.1,3.4
BPS-03707,Land Board,Consent to Transfer,Digital,Maun,LBD-002,2024-01-19,2024-02-25,21,37.6,0,16.6,1,Resolved,1.3,1.5
BPS-04618,Motor Registry,Vehicle Licensing,Digital,Francistown,MTR-007,2024-06-15,2024-06-16,5,1.9,1,0.0,0,Resolved,0.9,5.0
BPS-00054,Health,Specialist Referral,Phone,Gaborone,HLT-003,2022-04-05,2022-04-13,7,8.7,0,1.7,0,Resolved,1.2,
BPS-01797,Police,Case Registration,Digital,Molepolole,POL-011,2022-09-30,2022-10-03,5,3.5,1,0.0,0,Resolved,1.1,
BPS-01912,Police,Clearance Certificate,Phone,Serowe,POL-009,2022-08-24,2022-08-31,5,7.0,0,2.0,0,Resolved,0.85,2.4
BPS-02307,BURS,Tax Registration,Digital,Molepolole,BRS-012,2022-10-24,2022-10-30,10,6.7,1,0.0,0,Resolved,0.9,
BPS-02554,Social Welfare,Destitute Support,In-Person,Palapye,SWL-001,2024-09-20,2024-10-18,21,28.2,0,7.2,1,Resolved,1.3,1.7
BPS-02801,Social Welfare,Old Age Pension,In-Person,Lobatse,SWL-003,2022-03-18,2022-04-09,21,22.3,0,1.3,0,Resolved,1.1,2.5
BPS-04087,Works,Utility Request,Phone,Kanye,WRK-001,2023-06-07,2023-06-22,14,15.7,0,1.7,0,Resolved,0.9,
BPS-04128,Works,Property Maintenance,In-Person,Serowe,WRK-002,2023-06-06,2023-06-28,14,22.1,0,8.1,1,Resolved,1.0,
BPS-00825,Education,School Admin,In-Person,Serowe,EDU-004,2023-06-30,2023-07-07,14,7.3,1,0.0,0,Resolved,0.8,
BPS-04734,Motor Registry,Number Plate,Phone,Kanye,MTR-009,2024-08-29,2024-09-02,5,4.1,1,0.0,0,Resolved,0.8,5.0
BPS-03179,Immigration,Permanent Residency,Digital,Palapye,IMG-007,2023-11-17,2023-12-22,30,35.0,0,5.0,0,Resolved,1.4,
BPS-03402,Immigration,Citizenship Application,In-Person,Kanye,IMG-004,2023-03-16,2023-05-05,30,50.3,0,20.3,0,Resolved,1.6,1.6
BPS-01390,Education,Scholarship Application,Digital,Molepolole,EDU-002,2022-08-27,2022-09-04,14,8.3,1,0.0,0,Resolved,1.4,3.9
BPS-03565,Land Board,Land Use Approval,In-Person,Palapye,LBD-002,2023-03-28,2023-07-11,21,105.7,0,84.7,1,Resolved,1.6,1.0
BPS-04877,Motor Registry,Driver Licence,In-Person,Gaborone,MTR-010,2023-08-06,2023-08-07,5,1.0,1,0.0,0,Resolved,0.95,5.0
BPS-00885,Education,Teacher Posting,In-Person,Maun,EDU-005,2024-02-13,2024-03-02,14,18.2,0,4.2,0,Resolved,1.3,2.8
BPS-03806,Land Board,Consent to Transfer,In-Person,Palapye,LBD-002,2022-03-01,2022-05-14,21,74.5,0,53.5,1,Resolved,1.3,1.0
BPS-01608,Police,Protection Service,Digital,Maun,POL-010,2024-12-20,2024-12-26,5,6.5,0,1.5,0,Resolved,1.3,3.5
BPS-01595,Police,Document Request,In-Person,Kanye,POL-005,2023-05-09,2023-05-10,5,1.0,1,0.0,0,Resolved,0.75,3.8
BPS-00772,Health,Patient Query,In-Person,Serowe,HLT-009,2024-10-31,2024-11-02,7,2.7,1,0.0,0,Resolved,0.7,3.9
BPS-02612,Social Welfare,Destitute Support,In-Person,Maun,SWL-001,2024-04-24,2024-05-07,21,13.1,1,0.0,0,Resolved,1.3,3.6
BPS-04662,Motor Registry,Number Plate,In-Person,Gaborone,MTR-013,2024-09-14,2024-09-16,5,2.7,1,0.0,0,Resolved,0.8,4.9
BPS-02274,BURS,Compliance Certificate,In-Person,Serowe,BRS-001,2023-07-09,2023-07-15,10,6.5,1,0.0,0,Resolved,0.85,
BPS-01869,Police,Protection Service,Post,Molepolole,POL-007,2022-04-05,2022-04-07,5,2.8,1,0.0,0,Resolved,1.3,3.9
BPS-01086,Education,Scholarship Application,In-Person,Serowe,EDU-008,2024-12-28,2025-01-15,14,18.8,0,4.8,1,Resolved,1.4,2.2
BPS-00011,Health,Patient Query,In-Person,Molepolole,HLT-008,2024-07-28,2024-07-31,7,3.7,1,0.0,0,Resolved,0.7,4.2
BPS-03612,Land Board,Land Certificate,Digital,Serowe,LBD-002,2024-05-27,2024-07-07,21,41.0,0,20.0,1,Resolved,1.2,1.4
BPS-01326,Education,School Admin,Digital,Serowe,EDU-008,2022-05-01,2022-05-02,14,1.5,1,0.0,0,Resolved,0.8,4.1
BPS-03391,Immigration,Border Documentation,In-Person,Gaborone,IMG-001,2023-12-14,2023-12-22,30,8.7,1,0.0,0,Resolved,0.9,
BPS-01464,Police,Protection Service,Phone,Serowe,POL-001,2023-08-24,2023-08-26,5,2.2,1,0.0,0,Resolved,1.3,
BPS-00807,Health,Patient Query,Digital,Molepolole,HLT-002,2024-01-15,2024-01-17,7,2.4,1,0.0,0,Resolved,0.7,3.6
BPS-04261,Works,Asset Management,In-Person,Maun,WRK-001,2023-01-29,2023-02-17,14,19.3,0,5.3,0,Resolved,1.1,
BPS-03986,Works,Utility Request,Phone,Serowe,WRK-001,2022-09-20,2022-09-22,14,2.7,1,0.0,0,Resolved,0.9,3.7
BPS-03772,Land Board,Consent to Transfer,Phone,Serowe,LBD-004,2024-03-17,2024-05-01,21,45.4,0,24.4,1,Resolved,1.3,1.5
BPS-02109,BURS,Assessment Dispute,Digital,Palapye,BRS-006,2022-04-03,2022-04-09,10,6.6,1,0.0,0,Resolved,1.5,
BPS-04236,Works,Property Maintenance,In-Person,Lobatse,WRK-004,2025-01-01,2025-01-08,14,7.0,1,0.0,0,Resolved,1.0,3.8
BPS-04957,Motor Registry,Driver Licence,In-Person,Francistown,MTR-010,2022-01-04,2022-01-06,5,2.0,1,0.0,0,Resolved,0.95,5.0
BPS-02235,BURS,Compliance Certificate,In-Person,Palapye,BRS-010,2023-03-18,2023-03-22,10,4.2,1,0.0,0,Resolved,0.85,4.4
BPS-03212,Immigration,Work Permit,Phone,Kanye,IMG-006,2024-09-22,2024-10-09,30,17.2,1,0.0,0,Resolved,1.2,3.2
BPS-00964,Education,Student Enrollment,In-Person,Palapye,EDU-007,2022-05-21,2022-06-01,14,11.6,1,0.0,0,Resolved,0.9,
BPS-03416,Immigration,Work Permit,Phone,Molepolole,IMG-006,2024-09-06,2024-10-04,30,28.2,1,0.0,0,Resolved,1.2,
BPS-03754,Land Board,Land Use Approval,In-Person,Palapye,LBD-004,2022-02-28,2022-05-04,21,65.8,0,44.8,1,Resolved,1.6,1.5
BPS-00399,Health,Facility Request,Phone,Francistown,HLT-011,2023-04-12,2023-04-19,7,7.6,0,0.6,0,Resolved,1.1,3.5
BPS-02633,Social Welfare,Old Age Pension,In-Person,Serowe,SWL-004,2022-06-23,2022-07-14,21,21.8,0,0.8,1,Resolved,1.1,
BPS-04852,Motor Registry,Roadworthy Certificate,In-Person,Gaborone,MTR-015,2024-06-30,2024-07-07,5,7.4,0,2.4,0,Resolved,1.0,3.5
BPS-02997,Social Welfare,Social Grant,In-Person,Maun,SWL-008,2023-10-07,2023-10-26,21,19.8,1,0.0,0,Resolved,1.0,4.4
BPS-00705,Health,Specialist Referral,In-Person,Gaborone,HLT-011,2023-09-22,2023-09-24,7,2.0,1,0.0,0,Resolved,1.2,3.8
BPS-00432,Health,Facility Request,In-Person,Francistown,HLT-002,2022-07-27,2022-07-29,7,2.3,1,0.0,0,Resolved,1.1,3.7
BPS-00293,Health,Specialist Referral,Digital,Francistown,HLT-007,2024-07-08,2024-07-12,7,4.9,1,0.0,0,Resolved,1.2,4.3
BPS-04868,Motor Registry,Vehicle Licensing,In-Person,Maun,MTR-007,2024-04-11,2024-04-15,5,4.4,1,0.0,0,Resolved,0.9,4.2
BPS-00146,Health,Medical Certificate,In-Person,Molepolole,HLT-011,2024-09-21,2024-09-27,7,6.0,1,0.0,0,Resolved,0.8,
BPS-04394,Motor Registry,Driver Licence,In-Person,Maun,MTR-013,2022-11-17,2022-11-20,5,3.9,1,0.0,0,Resolved,0.95,4.9
BPS-02034,BURS,Tax Registration,In-Person,Kanye,BRS-003,2022-07-29,2022-08-06,10,8.4,1,0.0,0,Resolved,0.9,4.4
BPS-04284,Works,Infrastructure Defect,In-Person,Francistown,WRK-006,2024-11-12,2024-12-03,14,21.8,0,7.8,0,Resolved,1.2,2.8
BPS-01166,Education,Teacher Posting,In-Person,Kanye,EDU-008,2023-03-02,2023-03-30,14,28.3,0,14.3,1,Resolved,1.3,
BPS-03501,Land Board,Land Allocation,Digital,Molepolole,LBD-002,2022-10-28,2023-01-10,21,74.5,0,53.5,1,Resolved,1.5,1.9
BPS-02051,BURS,VAT Filing,In-Person,Lobatse,BRS-010,2023-11-03,2023-11-13,10,10.8,0,0.8,0,Resolved,1.0,
BPS-02625,Social Welfare,Old Age Pension,In-Person,Palapye,SWL-008,2023-05-25,2023-06-16,21,22.4,0,1.4,0,Resolved,1.1,2.4
BPS-04379,Motor Registry,Driver Licence,Phone,Gaborone,MTR-011,2023-04-14,2023-04-17,5,3.1,1,0.0,0,Resolved,0.95,4.9
BPS-00340,Health,Medical Certificate,Phone,Kanye,HLT-001,2024-05-29,2024-06-01,7,3.2,1,0.0,0,Resolved,0.8,4.1
BPS-03880,Works,Infrastructure Defect,In-Person,Palapye,WRK-003,2023-08-01,2023-08-15,14,14.2,0,0.2,0,Resolved,1.2,2.7
BPS-04633,Motor Registry,Vehicle Licensing,In-Person,Lobatse,MTR-005,2022-01-07,2022-01-10,5,3.3,1,0.0,0,Resolved,0.9,
BPS-02974,Social Welfare,Orphan Welfare,In-Person,Palapye,SWL-001,2023-08-20,2023-09-26,21,37.9,0,16.9,1,Resolved,1.2,1.8
BPS-00266,Health,Facility Request,In-Person,Maun,HLT-006,2022-10-14,2022-10-16,7,2.5,1,0.0,0,Resolved,1.1,3.5
BPS-02425,BURS,VAT Filing,Phone,Francistown,BRS-005,2022-10-18,2022-10-22,10,4.6,1,0.0,0,Resolved,1.0,3.9
BPS-01263,Education,Student Enrollment,In-Person,Serowe,EDU-003,2023-09-17,2023-09-29,14,12.5,1,0.0,0,Resolved,0.9,3.8
BPS-01772,Police,Protection Service,In-Person,Kanye,POL-003,2022-07-19,2022-07-28,5,9.9,0,4.9,0,Resolved,1.3,2.3
BPS-03512,Land Board,Land Allocation,In-Person,Francistown,LBD-004,2024-11-22,2025-01-10,21,49.0,0,28.0,1,Resolved,1.5,1.1
BPS-00272,Health,Facility Request,In-Person,Palapye,HLT-007,2023-05-14,2023-05-16,7,2.8,1,0.0,0,Resolved,1.1,4.0
BPS-00697,Health,Medical Certificate,Digital,Molepolole,HLT-001,2024-09-14,2024-09-18,7,4.9,1,0.0,0,Resolved,0.8,4.6
BPS-00748,Health,Patient Query,In-Person,Serowe,HLT-010,2024-07-02,2024-07-04,7,2.2,1,0.0,0,Resolved,0.7,4.3
BPS-00245,Health,Facility Request,Digital,Gaborone,HLT-005,2024-03-21,2024-03-23,7,2.0,1,0.0,0,Resolved,1.1,
BPS-00318,Health,Facility Request,In-Person,Lobatse,HLT-010,2024-04-28,2024-05-03,7,5.5,1,0.0,0,Resolved,1.1,4.1
BPS-00477,Health,Patient Query,Digital,Palapye,HLT-005,2024-02-21,2024-02-23,7,2.7,1,0.0,0,Resolved,0.7,4.7
BPS-02033,BURS,Compliance Certificate,Digital,Lobatse,BRS-012,2024-05-29,2024-06-04,10,6.9,1,0.0,0,Resolved,0.85,4.6
BPS-00958,Education,Student Enrollment,In-Person,Kanye,EDU-006,2023-04-07,2023-04-17,14,10.9,1,0.0,0,Resolved,0.9,4.4
BPS-03817,Land Board,Land Certificate,In-Person,Kanye,LBD-006,2022-11-13,2022-12-31,21,48.4,0,27.4,1,Resolved,1.2,1.4
BPS-00814,Health,Facility Request,In-Person,Francistown,HLT-006,2024-12-31,2025-01-08,7,8.8,0,1.8,0,Resolved,1.1,2.1
BPS-04533,Motor Registry,Driver Licence,Phone,Gaborone,MTR-012,2023-03-23,2023-03-27,5,4.0,1,0.0,0,Resolved,0.95,5.0
BPS-01915,Police,Protection Service,Digital,Maun,POL-013,2022-02-01,2022-02-02,5,1.0,1,0.0,0,Resolved,1.3,4.2
BPS-04603,Motor Registry,Roadworthy Certificate,In-Person,Kanye,MTR-004,2023-08-19,2023-08-23,5,4.9,1,0.0,0,Resolved,1.0,4.9
BPS-03488,Land Board,Land Certificate,In-Person,Lobatse,LBD-004,2023-06-28,2023-09-10,21,74.0,0,53.0,1,Resolved,1.2,1.0
BPS-01298,Education,Teacher Posting,In-Person,Maun,EDU-009,2022-02-26,2022-03-11,14,13.0,1,0.0,0,Resolved,1.3,4.0
BPS-04031,Works,Utility Request,In-Person,Maun,WRK-009,2024-03-10,2024-03-25,14,15.1,0,1.1,0,Resolved,0.9,2.9
BPS-01805,Police,Protection Service,In-Person,Serowe,POL-008,2024-06-16,2024-06-17,5,1.5,1,0.0,0,Resolved,1.3,
BPS-00759,Health,Patient Query,Digital,Molepolole,HLT-010,2023-06-13,2023-06-14,7,1.0,1,0.0,0,Resolved,0.7,4.0
BPS-00251,Health,Facility Request,In-Person,Serowe,HLT-005,2022-08-20,2022-08-24,7,4.1,1,0.0,0,Resolved,1.1,4.1
BPS-02462,BURS,Assessment Dispute,In-Person,Gaborone,BRS-012,2023-09-18,2023-10-02,10,14.9,0,4.9,0,Resolved,1.5,2.2
BPS-00546,Health,Medical Certificate,In-Person,Kanye,HLT-006,2024-09-02,2024-09-03,7,1.1,1,0.0,0,Resolved,0.8,4.2
BPS-03242,Immigration,Citizenship Application,Phone,Maun,IMG-004,2024-02-04,2024-04-20,30,76.4,0,46.4,1,Resolved,1.6,1.7
BPS-00739,Health,Patient Query,In-Person,Serowe,HLT-001,2024-11-30,2024-12-07,7,7.2,0,0.2,0,Resolved,0.7,2.4
BPS-00311,Health,Facility Request,Digital,Francistown,HLT-002,2023-07-03,2023-07-07,7,4.6,1,0.0,0,Resolved,1.1,3.6
BPS-03781,Land Board,Land Use Approval,In-Person,Molepolole,LBD-002,2024-07-14,2024-09-25,21,73.1,0,52.1,1,Resolved,1.6,
BPS-02942,Social Welfare,Old Age Pension,In-Person,Lobatse,SWL-003,2022-10-16,2022-11-01,21,16.9,1,0.0,0,Resolved,1.1,4.3
BPS-01132,Education,Scholarship Application,In-Person,Kanye,EDU-003,2023-08-19,2023-09-05,14,17.5,0,3.5,0,Resolved,1.4,3.4
BPS-01450,Education,Student Enrollment,Digital,Francistown,EDU-009,2024-08-17,2024-08-21,14,4.9,1,0.0,0,Resolved,0.9,3.6
BPS-04920,Motor Registry,Vehicle Licensing,Phone,Kanye,MTR-011,2024-03-05,2024-03-09,5,4.4,1,0.0,0,Resolved,0.9,4.9
BPS-00016,Health,Patient Query,Post,Francistown,HLT-003,2023-09-04,2023-09-08,7,4.6,1,0.0,0,Resolved,0.7,
BPS-03233,Immigration,Work Permit,Digital,Maun,IMG-007,2023-11-14,2023-11-28,30,14.9,1,0.0,0,Resolved,1.2,3.1
BPS-02770,Social Welfare,Orphan Welfare,Digital,Palapye,SWL-002,2023-07-03,2023-07-17,21,14.0,1,0.0,0,Resolved,1.2,3.1
BPS-03469,Land Board,Consent to Transfer,In-Person,Lobatse,LBD-004,2024-03-10,2024-05-02,21,53.5,0,32.5,1,Resolved,1.3,1.0
BPS-00921,Education,Teacher Posting,In-Person,Palapye,EDU-007,2023-10-10,2023-10-31,14,21.9,0,7.9,1,Resolved,1.3,2.3
BPS-03030,Social Welfare,Old Age Pension,Phone,Gaborone,SWL-002,2022-06-04,2022-06-23,21,19.7,1,0.0,0,Resolved,1.1,3.2
BPS-01373,Education,Teacher Posting,In-Person,Molepolole,EDU-003,2023-11-01,2023-11-09,14,8.4,1,0.0,0,Resolved,1.3,3.7
BPS-03588,Land Board,Consent to Transfer,Phone,Gaborone,LBD-001,2024-01-11,2024-02-17,21,37.0,0,16.0,1,Resolved,1.3,1.0
BPS-02545,Social Welfare,Old Age Pension,In-Person,Lobatse,SWL-005,2022-07-05,2022-08-13,21,39.4,0,18.4,0,Resolved,1.1,2.8
BPS-03599,Land Board,Land Use Approval,In-Person,Gaborone,LBD-003,2022-08-18,2022-11-12,21,86.7,0,65.7,1,Resolved,1.6,1.2
BPS-00039,Health,Patient Query,Phone,Lobatse,HLT-011,2022-11-27,2022-11-28,7,1.3,1,0.0,0,Resolved,0.7,3.5
BPS-00364,Health,Medical Certificate,In-Person,Molepolole,HLT-003,2023-02-13,2023-02-17,7,4.8,1,0.0,0,Resolved,0.8,
BPS-04102,Works,Property Maintenance,In-Person,Lobatse,WRK-002,2023-05-22,2023-05-31,14,9.3,1,0.0,0,Resolved,1.0,3.9
BPS-00183,Health,Medical Certificate,In-Person,Molepolole,HLT-005,2025-01-17,2025-01-19,7,2.1,1,0.0,0,Resolved,0.8,4.0
BPS-03034,Social Welfare,Destitute Support,In-Person,Palapye,SWL-002,2023-05-18,2023-06-01,21,14.6,1,0.0,0,Resolved,1.3,3.2
BPS-02984,Social Welfare,Destitute Support,In-Person,Gaborone,SWL-001,2024-10-17,2024-11-12,21,26.2,0,5.2,1,Resolved,1.3,1.8
BPS-01195,Education,School Admin,Post,Serowe,EDU-009,2024-03-30,2024-04-03,14,4.6,1,0.0,0,Resolved,0.8,
BPS-02853,Social Welfare,Social Grant,In-Person,Francistown,SWL-002,2023-12-21,2024-01-01,21,11.5,1,0.0,0,Resolved,1.0,
BPS-04543,Motor Registry,Vehicle Licensing,Phone,Francistown,MTR-014,2022-07-05,2022-07-06,5,1.2,1,0.0,0,Resolved,0.9,5.0
BPS-01122,Education,School Admin,Post,Serowe,EDU-003,2024-03-31,2024-04-16,14,16.3,0,2.3,1,Resolved,0.8,2.1
BPS-02236,BURS,VAT Filing,In-Person,Maun,BRS-010,2022-09-28,2022-10-07,10,9.7,1,0.0,0,Resolved,1.0,4.4
BPS-02668,Social Welfare,Old Age Pension,Phone,Serowe,SWL-003,2023-11-01,2023-11-10,21,9.1,1,0.0,0,Resolved,1.1,3.2
BPS-03700,Land Board,Land Allocation,Digital,Gaborone,LBD-006,2022-03-28,2022-05-13,21,46.7,0,25.7,1,Resolved,1.5,1.1
BPS-03224,Immigration,Citizenship Application,In-Person,Serowe,IMG-001,2023-04-18,2023-06-10,30,53.0,0,23.0,0,Resolved,1.6,1.5
BPS-01183,Education,School Admin,In-Person,Gaborone,EDU-007,2024-12-28,2025-01-09,14,12.8,1,0.0,0,Resolved,0.8,4.0
BPS-04185,Works,Infrastructure Defect,In-Person,Lobatse,WRK-009,2022-06-02,2022-06-15,14,13.3,1,0.0,0,Resolved,1.2,3.9
BPS-04294,Works,Property Maintenance,Phone,Serowe,WRK-001,2022-11-23,2022-12-03,14,10.4,1,0.0,0,Resolved,1.0,3.8
BPS-00615,Health,Medical Certificate,Digital,Kanye,HLT-007,2024-03-18,2024-03-24,7,6.3,1,0.0,0,Resolved,0.8,3.9
BPS-04909,Motor Registry,Roadworthy Certificate,In-Person,Gaborone,MTR-009,2024-05-14,2024-05-16,5,2.8,1,0.0,0,Resolved,1.0,4.9
BPS-01467,Police,Document Request,In-Person,Gaborone,POL-008,2022-10-23,2022-10-28,5,5.9,0,0.9,0,Resolved,0.75,2.5
BPS-00402,Health,Facility Request,In-Person,Gaborone,HLT-009,2022-12-22,2022-12-27,7,5.5,1,0.0,0,Resolved,1.1,4.7
BPS-03043,Social Welfare,Orphan Welfare,Digital,Lobatse,SWL-002,2023-09-01,2023-09-13,21,12.3,1,0.0,0,Resolved,1.2,
BPS-00935,Education,Scholarship Application,Phone,Lobatse,EDU-006,2024-05-07,2024-05-23,14,16.8,0,2.8,0,Resolved,1.4,3.0
BPS-02420,BURS,VAT Filing,In-Person,Molepolole,BRS-004,2022-03-26,2022-03-29,10,3.4,1,0.0,0,Resolved,1.0,
BPS-04861,Motor Registry,Driver Licence,In-Person,Palapye,MTR-014,2023-07-29,2023-07-31,5,2.3,1,0.0,0,Resolved,0.95,4.8
BPS-04911,Motor Registry,Vehicle Licensing,Digital,Serowe,MTR-009,2023-06-26,2023-06-27,5,1.3,1,0.0,0,Resolved,0.9,5.0
BPS-02642,Social Welfare,Social Grant,In-Person,Gaborone,SWL-005,2023-09-27,2023-10-13,21,16.7,1,0.0,0,Resolved,1.0,4.6
BPS-04018,Works,Property Maintenance,Phone,Francistown,WRK-005,2022-05-17,2022-06-02,14,16.1,0,2.1,0,Resolved,1.0,3.0
BPS-00727,Health,Medical Certificate,Digital,Serowe,HLT-007,2022-09-29,2022-10-02,7,3.0,1,0.0,0,Resolved,0.8,4.5
BPS-00827,Education,Teacher Posting,Digital,Kanye,EDU-004,2024-07-27,2024-08-13,14,17.9,0,3.9,0,Resolved,1.3,3.3
BPS-01522,Police,Protection Service,In-Person,Kanye,POL-009,2022-01-14,2022-01-21,5,7.3,0,2.3,0,Resolved,1.3,2.6
BPS-04857,Motor Registry,Roadworthy Certificate,Post,Palapye,MTR-006,2024-06-13,2024-06-19,5,6.1,0,1.1,0,Resolved,1.0,3.9
BPS-02931,Social Welfare,Old Age Pension,In-Person,Gaborone,SWL-008,2023-10-20,2023-11-16,21,27.3,0,6.3,0,Resolved,1.1,
BPS-00137,Health,Facility Request,Digital,Molepolole,HLT-006,2023-10-03,2023-10-05,7,2.5,1,0.0,0,Resolved,1.1,
BPS-03591,Land Board,Consent to Transfer,In-Person,Kanye,LBD-005,2024-08-26,2024-11-21,21,87.1,0,66.1,1,Resolved,1.3,1.3
BPS-00629,Health,Specialist Referral,Post,Kanye,HLT-010,2022-03-15,2022-03-25,7,10.3,0,3.3,0,Resolved,1.2,2.9
BPS-00335,Health,Facility Request,Digital,Molepolole,HLT-011,2024-05-17,2024-05-23,7,6.9,1,0.0,0,Resolved,1.1,4.1
BPS-00391,Health,Specialist Referral,In-Person,Molepolole,HLT-002,2022-03-13,2022-03-15,7,2.1,1,0.0,0,Resolved,1.2,4.0
BPS-04388,Motor Registry,Vehicle Licensing,In-Person,Maun,MTR-001,2023-07-15,2023-07-16,5,1.5,1,0.0,0,Resolved,0.9,5.0
BPS-04905,Motor Registry,Roadworthy Certificate,In-Person,Molepolole,MTR-012,2022-10-11,2022-10-15,5,4.7,1,0.0,0,Resolved,1.0,5.0
BPS-03833,Land Board,Land Certificate,Phone,Francistown,LBD-005,2022-05-07,2022-07-16,21,70.7,0,49.7,1,Resolved,1.2,1.1
BPS-01818,Police,Clearance Certificate,Phone,Gaborone,POL-005,2024-05-24,2024-05-25,5,1.3,1,0.0,0,Resolved,0.85,3.0
BPS-00401,Health,Facility Request,Phone,Gaborone,HLT-006,2024-11-21,2024-11-22,7,1.5,1,0.0,0,Resolved,1.1,3.9
BPS-00711,Health,Patient Query,In-Person,Maun,HLT-008,2023-02-27,2023-03-04,7,5.3,1,0.0,0,Resolved,0.7,4.2
BPS-01040,Education,School Admin,In-Person,Francistown,EDU-003,2023-10-29,2023-11-13,14,15.0,0,1.0,0,Resolved,0.8,
BPS-03990,Works,Infrastructure Defect,Digital,Molepolole,WRK-006,2024-08-08,2024-08-15,14,7.8,1,0.0,0,Resolved,1.2,4.2
BPS-03360,Immigration,Citizenship Application,In-Person,Francistown,IMG-002,2024-02-15,2024-03-13,30,27.0,1,0.0,0,Resolved,1.6,
BPS-00047,Health,Patient Query,In-Person,Molepolole,HLT-010,2023-12-09,2023-12-12,7,3.3,1,0.0,0,Resolved,0.7,3.7
BPS-01562,Police,Document Request,In-Person,Molepolole,POL-008,2025-01-13,2025-01-16,5,3.8,1,0.0,0,Resolved,0.75,
BPS-04800,Motor Registry,Number Plate,Phone,Gaborone,MTR-009,2023-01-19,2023-01-21,5,2.9,1,0.0,0,Resolved,0.8,4.5
BPS-03643,Land Board,Land Certificate,Phone,Serowe,LBD-004,2024-11-23,2024-12-27,21,34.6,0,13.6,0,Resolved,1.2,1.2
BPS-03727,Land Board,Consent to Transfer,Digital,Molepolole,LBD-006,2022-09-10,2022-10-31,21,51.3,0,30.3,1,Resolved,1.3,1.5
BPS-04983,Motor Registry,Driver Licence,In-Person,Palapye,MTR-009,2023-10-12,2023-10-15,5,3.2,1,0.0,0,Resolved,0.95,5.0
BPS-01113,Education,Scholarship Application,In-Person,Molepolole,EDU-004,2024-05-07,2024-05-27,14,20.4,0,6.4,0,Resolved,1.4,2.6
BPS-02514,Social Welfare,Social Grant,Post,Kanye,SWL-004,2023-03-03,2023-03-23,21,20.1,1,0.0,0,Resolved,1.0,2.7
BPS-03609,Land Board,Land Certificate,In-Person,Serowe,LBD-006,2022-12-17,2023-01-14,21,28.8,0,7.8,0,Resolved,1.2,2.0
BPS-01224,Education,School Admin,In-Person,Lobatse,EDU-003,2023-05-12,2023-05-21,14,9.8,1,0.0,0,Resolved,0.8,3.9
BPS-04061,Works,Asset Management,In-Person,Gaborone,WRK-004,2022-04-07,2022-04-23,14,16.9,0,2.9,0,Resolved,1.1,2.7
BPS-03024,Social Welfare,Orphan Welfare,In-Person,Palapye,SWL-008,2022-01-03,2022-02-02,21,30.8,0,9.8,0,Resolved,1.2,2.5
BPS-02422,BURS,Assessment Dispute,Digital,Palapye,BRS-002,2022-08-16,2022-08-27,10,11.7,0,1.7,0,Resolved,1.5,
BPS-01509,Police,Clearance Certificate,In-Person,Francistown,POL-012,2023-02-11,2023-02-16,5,5.0,1,0.0,0,Resolved,0.85,4.2
BPS-01751,Police,Document Request,Digital,Palapye,POL-012,2024-07-15,2024-07-16,5,1.0,1,0.0,0,Resolved,0.75,4.6
BPS-04838,Motor Registry,Roadworthy Certificate,Digital,Francistown,MTR-015,2022-08-19,2022-08-20,5,1.0,1,0.0,0,Resolved,1.0,5.0
BPS-04097,Works,Infrastructure Defect,Digital,Kanye,WRK-005,2023-10-19,2023-11-01,14,13.6,1,0.0,0,Resolved,1.2,4.0
BPS-01800,Police,Document Request,In-Person,Maun,POL-004,2023-02-28,2023-03-02,5,2.7,1,0.0,0,Resolved,0.75,4.1
BPS-00339,Health,Facility Request,Post,Lobatse,HLT-009,2022-12-08,2022-12-17,7,9.1,0,2.1,0,Resolved,1.1,3.2
BPS-00216,Health,Specialist Referral,Digital,Maun,HLT-009,2023-11-03,2023-11-10,7,7.9,0,0.9,0,Resolved,1.2,2.9
BPS-03664,Land Board,Consent to Transfer,Digital,Gaborone,LBD-006,2022-01-15,2022-03-04,21,48.4,0,27.4,1,Resolved,1.3,
BPS-01342,Education,School Admin,In-Person,Palapye,EDU-007,2023-12-29,2024-01-06,14,8.8,1,0.0,0,Resolved,0.8,4.5
BPS-00012,Health,Patient Query,Digital,Molepolole,HLT-007,2024-01-12,2024-01-15,7,3.0,1,0.0,0,Resolved,0.7,5.0
BPS-01521,Police,Clearance Certificate,Post,Palapye,POL-004,2023-09-27,2023-10-02,5,5.6,0,0.6,0,Resolved,0.85,2.5
BPS-03641,Land Board,Land Use Approval,Digital,Francistown,LBD-001,2024-05-03,2024-06-16,21,44.7,0,23.7,1,Resolved,1.6,1.6
BPS-03938,Works,Property Maintenance,Phone,Lobatse,WRK-004,2023-04-15,2023-04-20,14,5.4,1,0.0,0,Resolved,1.0,
BPS-04428,Motor Registry,Vehicle Licensing,In-Person,Kanye,MTR-009,2024-06-19,2024-06-22,5,3.9,1,0.0,0,Resolved,0.9,4.9
BPS-03005,Social Welfare,Destitute Support,In-Person,Gaborone,SWL-007,2022-06-15,2022-07-13,21,28.0,0,7.0,1,Resolved,1.3,1.7
BPS-02865,Social Welfare,Social Grant,Digital,Kanye,SWL-001,2023-11-11,2023-11-23,21,12.4,1,0.0,0,Resolved,1.0,3.7
BPS-03116,Immigration,Permanent Residency,Digital,Lobatse,IMG-006,2023-05-06,2023-06-05,30,30.0,1,0.0,0,Resolved,1.4,3.5
BPS-04841,Motor Registry,Roadworthy Certificate,Phone,Kanye,MTR-014,2024-02-10,2024-02-12,5,2.4,1,0.0,0,Resolved,1.0,
BPS-02323,BURS,Assessment Dispute,Phone,Gaborone,BRS-003,2025-01-07,2025-01-18,10,11.1,0,1.1,0,Resolved,1.5,
BPS-02572,Social Welfare,Destitute Support,In-Person,Maun,SWL-007,2024-03-11,2024-03-21,21,10.2,1,0.0,0,Resolved,1.3,4.3
BPS-02914,Social Welfare,Destitute Support,Phone,Kanye,SWL-005,2022-05-12,2022-06-08,21,27.3,0,6.3,0,Resolved,1.3,2.0
BPS-00102,Health,Specialist Referral,Phone,Molepolole,HLT-005,2023-11-28,2023-12-04,7,6.4,1,0.0,0,Resolved,1.2,3.8
BPS-03550,Land Board,Consent to Transfer,In-Person,Maun,LBD-004,2024-10-04,2024-12-06,21,63.0,0,42.0,1,Resolved,1.3,1.0
BPS-01459,Police,Case Registration,In-Person,Francistown,POL-004,2024-09-28,2024-10-05,5,7.4,0,2.4,0,Resolved,1.1,2.2
BPS-00172,Health,Medical Certificate,In-Person,Lobatse,HLT-003,2024-07-09,2024-07-12,7,3.5,1,0.0,0,Resolved,0.8,3.9
BPS-00108,Health,Facility Request,Phone,Kanye,HLT-005,2024-03-25,2024-03-30,7,5.5,1,0.0,0,Resolved,1.1,3.4
BPS-04197,Works,Property Maintenance,In-Person,Kanye,WRK-005,2024-04-13,2024-04-29,14,16.7,0,2.7,0,Resolved,1.0,2.5
BPS-03570,Land Board,Land Certificate,Digital,Palapye,LBD-004,2023-04-13,2023-06-08,21,56.7,0,35.7,1,Resolved,1.2,
BPS-04992,Motor Registry,Vehicle Licensing,Digital,Molepolole,MTR-013,2024-07-29,2024-07-30,5,1.6,1,0.0,0,Resolved,0.9,4.5
BPS-04296,Works,Infrastructure Defect,Digital,Kanye,WRK-004,2024-04-26,2024-05-01,14,5.5,1,0.0,0,Resolved,1.2,4.3
BPS-04064,Works,Infrastructure Defect,In-Person,Molepolole,WRK-009,2023-11-26,2023-12-15,14,19.0,0,5.0,0,Resolved,1.2,3.0
BPS-03862,Land Board,Land Certificate,In-Person,Francistown,LBD-004,2023-02-22,2023-04-02,21,39.8,0,18.8,1,Resolved,1.2,1.1
BPS-04123,Works,Property Maintenance,In-Person,Maun,WRK-002,2023-04-28,2023-05-14,14,16.9,0,2.9,0,Resolved,1.0,1.9
BPS-04630,Motor Registry,Vehicle Licensing,Phone,Palapye,MTR-015,2022-04-02,2022-04-04,5,2.7,1,0.0,0,Resolved,0.9,5.0
BPS-00061,Health,Facility Request,In-Person,Molepolole,HLT-007,2022-02-10,2022-02-16,7,6.3,1,0.0,0,Resolved,1.1,3.5
BPS-01241,Education,Teacher Posting,Digital,Molepolole,EDU-007,2022-05-12,2022-05-21,14,9.6,1,0.0,0,Resolved,1.3,
BPS-04638,Motor Registry,Vehicle Licensing,Digital,Maun,MTR-005,2022-01-28,2022-01-29,5,1.0,1,0.0,0,Resolved,0.9,
BPS-01041,Education,Student Enrollment,In-Person,Palapye,EDU-009,2022-05-11,2022-05-26,14,15.9,0,1.9,0,Resolved,0.9,2.7
BPS-04188,Works,Property Maintenance,Digital,Lobatse,WRK-007,2023-08-26,2023-09-01,14,6.9,1,0.0,0,Resolved,1.0,3.8
BPS-02761,Social Welfare,Destitute Support,Digital,Palapye,SWL-008,2024-07-03,2024-07-21,21,18.6,1,0.0,0,Resolved,1.3,
BPS-02121,BURS,Compliance Certificate,In-Person,Serowe,BRS-009,2024-04-24,2024-05-07,10,13.3,0,3.3,0,Resolved,0.85,3.3
BPS-01525,Police,Protection Service,Phone,Palapye,POL-007,2022-10-11,2022-10-15,5,4.4,1,0.0,0,Resolved,1.3,3.7
BPS-03522,Land Board,Consent to Transfer,Digital,Maun,LBD-005,2022-03-09,2022-03-14,21,5.7,1,0.0,0,Resolved,1.3,
BPS-00154,Health,Specialist Referral,Phone,Kanye,HLT-006,2022-10-30,2022-11-06,7,7.5,0,0.5,0,Resolved,1.2,2.9
BPS-02249,BURS,VAT Filing,In-Person,Lobatse,BRS-006,2023-08-22,2023-08-29,10,7.4,1,0.0,0,Resolved,1.0,3.9
BPS-00482,Health,Medical Certificate,In-Person,Palapye,HLT-004,2023-11-09,2023-11-10,7,1.7,1,0.0,0,Resolved,0.8,
BPS-04234,Works,Utility Request,Digital,Maun,WRK-009,2023-04-16,2023-04-26,14,10.5,1,0.0,0,Resolved,0.9,4.2
BPS-04306,Works,Property Maintenance,In-Person,Palapye,WRK-009,2022-05-07,2022-05-11,14,4.5,1,0.0,0,Resolved,1.0,3.8
BPS-03579,Land Board,Land Certificate,In-Person,Kanye,LBD-004,2023-12-04,2024-01-14,21,41.5,0,20.5,1,Resolved,1.2,1.0
BPS-04126,Works,Asset Management,In-Person,Maun,WRK-002,2024-03-08,2024-03-15,14,7.7,1,0.0,0,Resolved,1.1,3.9
BPS-03563,Land Board,Land Certificate,Phone,Kanye,LBD-006,2024-09-10,2024-09-19,21,9.2,1,0.0,0,Resolved,1.2,
BPS-03316,Immigration,Citizenship Application,In-Person,Serowe,IMG-005,2022-04-19,2022-06-06,30,48.0,0,18.0,0,Resolved,1.6,2.1
BPS-01763,Police,Document Request,Digital,Palapye,POL-013,2022-04-02,2022-04-04,5,2.2,1,0.0,0,Resolved,0.75,4.3
BPS-03539,Land Board,Land Certificate,Digital,Lobatse,LBD-005,2024-07-04,2024-08-12,21,39.8,0,18.8,1,Resolved,1.2,
BPS-04804,Motor Registry,Vehicle Licensing,In-Person,Molepolole,MTR-011,2023-11-15,2023-11-18,5,3.7,1,0.0,0,Resolved,0.9,5.0
BPS-00751,Health,Patient Query,In-Person,Kanye,HLT-007,2024-03-01,2024-03-02,7,1.8,1,0.0,0,Resolved,0.7,4.2
BPS-03620,Land Board,Land Certificate,In-Person,Lobatse,LBD-006,2024-02-16,2024-05-05,21,79.4,0,58.4,1,Resolved,1.2,1.0
BPS-01786,Police,Clearance Certificate,Post,Francistown,POL-010,2024-01-13,2024-01-16,5,3.4,1,0.0,0,Resolved,0.85,4.6
BPS-04271,Works,Asset Management,Phone,Serowe,WRK-003,2022-01-13,2022-01-25,14,12.4,1,0.0,0,Resolved,1.1,3.8
BPS-03384,Immigration,Citizenship Application,In-Person,Francistown,IMG-006,2024-06-30,2024-08-27,30,58.2,0,28.2,1,Resolved,1.6,1.3
BPS-04349,Motor Registry,Number Plate,In-Person,Kanye,MTR-005,2022-07-14,2022-07-15,5,1.1,1,0.0,0,Resolved,0.8,
BPS-00406,Health,Specialist Referral,Phone,Serowe,HLT-011,2023-02-28,2023-03-08,7,8.6,0,1.6,1,Resolved,1.2,2.6
BPS-00758,Health,Facility Request,Phone,Serowe,HLT-011,2022-02-28,2022-03-07,7,7.3,0,0.3,0,Resolved,1.1,
BPS-02712,Social Welfare,Destitute Support,Digital,Palapye,SWL-003,2024-06-13,2024-07-09,21,26.2,0,5.2,0,Resolved,1.3,
BPS-02671,Social Welfare,Social Grant,In-Person,Kanye,SWL-001,2022-04-01,2022-04-15,21,14.2,1,0.0,0,Resolved,1.0,4.1
BPS-03984,Works,Asset Management,In-Person,Palapye,WRK-002,2022-04-04,2022-04-12,14,8.4,1,0.0,0,Resolved,1.1,4.0
BPS-00098,Health,Facility Request,Digital,Serowe,HLT-001,2023-07-01,2023-07-04,7,3.2,1,0.0,0,Resolved,1.1,4.0
BPS-01334,Education,Teacher Posting,In-Person,Gaborone,EDU-008,2023-10-13,2023-11-05,14,23.2,0,9.2,1,Resolved,1.3,2.4
BPS-04452,Motor Registry,Number Plate,In-Person,Gaborone,MTR-007,2023-08-03,2023-08-04,5,1.0,1,0.0,0,Resolved,0.8,5.0
BPS-02792,Social Welfare,Old Age Pension,In-Person,Gaborone,SWL-006,2022-05-03,2022-05-20,21,17.0,1,0.0,0,Resolved,1.1,4.1
BPS-02855,Social Welfare,Old Age Pension,Digital,Lobatse,SWL-006,2022-03-07,2022-03-28,21,21.0,1,0.0,0,Resolved,1.1,4.0
BPS-00187,Health,Patient Query,In-Person,Lobatse,HLT-006,2023-09-20,2023-09-23,7,3.8,1,0.0,0,Resolved,0.7,
BPS-04004,Works,Asset Management,In-Person,Francistown,WRK-002,2022-12-22,2023-01-07,14,16.5,0,2.5,0,Resolved,1.1,2.7
BPS-02724,Social Welfare,Old Age Pension,In-Person,Lobatse,SWL-005,2023-06-17,2023-07-19,21,32.5,0,11.5,0,Resolved,1.1,2.6
BPS-03584,Land Board,Land Certificate,In-Person,Gaborone,LBD-002,2022-10-05,2022-11-04,21,30.9,0,9.9,1,Resolved,1.2,1.0
BPS-02059,BURS,Compliance Certificate,In-Person,Palapye,BRS-008,2023-09-29,2023-10-05,10,6.3,1,0.0,0,Resolved,0.85,4.6
BPS-01320,Education,Student Enrollment,In-Person,Molepolole,EDU-009,2022-02-11,2022-02-22,14,11.5,1,0.0,0,Resolved,0.9,4.2
BPS-00149,Health,Facility Request,Digital,Maun,HLT-003,2024-02-18,2024-02-23,7,5.3,1,0.0,0,Resolved,1.1,4.2
BPS-00029,Health,Facility Request,In-Person,Serowe,HLT-005,2022-04-30,2022-05-03,7,3.7,1,0.0,0,Resolved,1.1,3.8
BPS-04141,Works,Asset Management,Phone,Molepolole,WRK-006,2024-12-18,2025-01-02,14,15.3,0,1.3,1,Resolved,1.1,2.7
BPS-04010,Works,Asset Management,Phone,Palapye,WRK-007,2023-06-10,2023-06-24,14,14.3,0,0.3,1,Resolved,1.1,
BPS-03364,Immigration,Work Permit,Digital,Serowe,IMG-005,2024-10-12,2024-10-23,30,11.1,1,0.0,0,Resolved,1.2,4.1
BPS-00693,Health,Facility Request,In-Person,Francistown,HLT-008,2022-10-22,2022-10-24,7,2.2,1,0.0,0,Resolved,1.1,3.9
BPS-02867,Social Welfare,Destitute Support,Phone,Gaborone,SWL-007,2023-09-03,2023-09-17,21,14.1,1,0.0,0,Resolved,1.3,3.9
BPS-03777,Land Board,Land Certificate,Digital,Lobatse,LBD-001,2023-08-03,2023-08-16,21,13.2,1,0.0,0,Resolved,1.2,3.4
BPS-01387,Education,School Admin,In-Person,Kanye,EDU-005,2024-07-27,2024-08-09,14,13.6,1,0.0,0,Resolved,0.8,3.8
BPS-01846,Police,Clearance Certificate,Digital,Serowe,POL-007,2024-12-18,2024-12-19,5,1.0,1,0.0,0,Resolved,0.85,
BPS-04731,Motor Registry,Vehicle Licensing,In-Person,Gaborone,MTR-004,2022-08-07,2022-08-09,5,2.2,1,0.0,0,Resolved,0.9,5.0
BPS-00130,Health,Medical Certificate,In-Person,Maun,HLT-003,2025-01-11,2025-01-14,7,3.7,1,0.0,0,Resolved,0.8,4.2
BPS-01600,Police,Clearance Certificate,In-Person,Molepolole,POL-006,2024-08-10,2024-08-13,5,3.0,1,0.0,0,Resolved,0.85,3.7
BPS-03630,Land Board,Consent to Transfer,Digital,Lobatse,LBD-003,2023-08-07,2023-09-08,21,32.8,0,11.8,1,Resolved,1.3,1.1
BPS-04504,Motor Registry,Driver Licence,In-Person,Serowe,MTR-004,2022-09-23,2022-09-26,5,3.6,1,0.0,0,Resolved,0.95,5.0
BPS-00702,Health,Facility Request,Digital,Gaborone,HLT-008,2022-03-17,2022-03-23,7,6.7,1,0.0,0,Resolved,1.1,4.6
BPS-03983,Works,Utility Request,In-Person,Francistown,WRK-006,2022-03-18,2022-04-13,14,26.2,0,12.2,0,Resolved,0.9,2.4
BPS-03029,Social Welfare,Social Grant,Digital,Kanye,SWL-008,2023-09-02,2023-09-11,21,9.4,1,0.0,0,Resolved,1.0,3.6
BPS-02970,Social Welfare,Destitute Support,In-Person,Molepolole,SWL-008,2024-09-07,2024-10-03,21,26.0,0,5.0,0,Resolved,1.3,2.2
BPS-04357,Motor Registry,Vehicle Licensing,In-Person,Lobatse,MTR-011,2023-12-06,2023-12-07,5,1.8,1,0.0,0,Resolved,0.9,5.0
BPS-01709,Police,Document Request,In-Person,Palapye,POL-001,2024-06-12,2024-06-14,5,2.6,1,0.0,0,Resolved,0.75,
BPS-02954,Social Welfare,Social Grant,In-Person,Molepolole,SWL-007,2023-08-04,2023-09-01,21,28.5,0,7.5,1,Resolved,1.0,1.6
BPS-00455,Health,Specialist Referral,In-Person,Kanye,HLT-005,2022-09-29,2022-10-06,7,7.0,1,0.0,0,Resolved,1.2,3.9
BPS-02869,Social Welfare,Orphan Welfare,In-Person,Francistown,SWL-001,2024-03-28,2024-04-22,21,25.9,0,4.9,1,Resolved,1.2,
BPS-02041,BURS,Tax Registration,Phone,Lobatse,BRS-006,2023-09-11,2023-09-14,10,3.8,1,0.0,0,Resolved,0.9,4.2
BPS-01773,Police,Case Registration,In-Person,Francistown,POL-003,2022-01-07,2022-01-10,5,3.6,1,0.0,0,Resolved,1.1,3.9
BPS-02316,BURS,Compliance Certificate,Phone,Serowe,BRS-004,2022-12-30,2023-01-08,10,9.1,1,0.0,0,Resolved,0.85,
BPS-00610,Health,Patient Query,In-Person,Francistown,HLT-004,2022-09-27,2022-10-05,7,8.2,0,1.2,0,Resolved,0.7,3.3
BPS-00168,Health,Specialist Referral,Digital,Molepolole,HLT-001,2024-01-17,2024-01-26,7,9.7,0,2.7,0,Resolved,1.2,2.7
BPS-00731,Health,Specialist Referral,Phone,Kanye,HLT-002,2022-04-23,2022-04-28,7,5.1,1,0.0,0,Resolved,1.2,3.9
BPS-04249,Works,Infrastructure Defect,Phone,Kanye,WRK-009,2022-05-22,2022-06-07,14,16.3,0,2.3,0,Resolved,1.2,2.2
BPS-03359,Immigration,Border Documentation,In-Person,Serowe,IMG-007,2023-05-07,2023-06-03,30,27.8,1,0.0,0,Resolved,0.9,2.9
BPS-02075,BURS,VAT Filing,In-Person,Lobatse,BRS-004,2022-01-25,2022-02-02,10,8.1,1,0.0,0,Resolved,1.0,4.4
BPS-04040,Works,Utility Request,Digital,Lobatse,WRK-006,2023-12-27,2024-01-01,14,5.7,1,0.0,0,Resolved,0.9,3.7
BPS-03701,Land Board,Consent to Transfer,In-Person,Molepolole,LBD-002,2024-04-01,2024-06-29,21,89.6,0,68.6,1,Resolved,1.3,1.1
BPS-01623,Police,Document Request,Digital,Gaborone,POL-010,2024-11-13,2024-11-17,5,4.7,1,0.0,0,Resolved,0.75,
BPS-00588,Health,Medical Certificate,Digital,Molepolole,HLT-011,2022-04-21,2022-04-22,7,1.9,1,0.0,0,Resolved,0.8,4.4
BPS-01402,Education,Scholarship Application,Phone,Kanye,EDU-002,2024-10-25,2024-11-10,14,16.6,0,2.6,0,Resolved,1.4,2.7
BPS-03046,Social Welfare,Social Grant,Post,Serowe,SWL-007,2024-05-01,2024-05-05,21,4.8,1,0.0,0,Resolved,1.0,3.8
BPS-03225,Immigration,Work Permit,In-Person,Palapye,IMG-001,2023-09-27,2023-11-01,30,35.6,0,5.6,0,Resolved,1.2,
BPS-01701,Police,Document Request,Phone,Molepolole,POL-003,2023-02-21,2023-02-24,5,3.1,1,0.0,0,Resolved,0.75,
BPS-03089,Social Welfare,Old Age Pension,Digital,Molepolole,SWL-003,2022-10-01,2022-10-03,21,2.6,1,0.0,0,Resolved,1.1,3.9
BPS-04391,Motor Registry,Vehicle Licensing,Post,Gaborone,MTR-011,2024-05-21,2024-05-24,5,3.6,1,0.0,0,Resolved,0.9,5.0
BPS-02982,Social Welfare,Destitute Support,In-Person,Gaborone,SWL-007,2024-10-07,2024-11-11,21,35.0,0,14.0,0,Resolved,1.3,2.9
BPS-00041,Health,Patient Query,In-Person,Kanye,HLT-001,2023-03-07,2023-03-12,7,5.3,1,0.0,0,Resolved,0.7,3.5
BPS-01380,Education,School Admin,In-Person,Molepolole,EDU-007,2022-04-22,2022-05-07,14,15.5,0,1.5,0,Resolved,0.8,3.1
BPS-02090,BURS,Tax Registration,In-Person,Serowe,BRS-012,2023-08-16,2023-08-29,10,13.2,0,3.2,0,Resolved,0.9,
BPS-02176,BURS,VAT Filing,Digital,Serowe,BRS-009,2022-09-02,2022-09-13,10,11.0,0,1.0,0,Resolved,1.0,3.2
BPS-03218,Immigration,Citizenship Application,In-Person,Kanye,IMG-003,2024-04-04,2024-05-09,30,35.9,0,5.9,1,Resolved,1.6,1.8
BPS-02886,Social Welfare,Destitute Support,Digital,Kanye,SWL-006,2023-09-26,2023-10-10,21,14.5,1,0.0,0,Resolved,1.3,4.0
BPS-00075,Health,Specialist Referral,Phone,Molepolole,HLT-010,2023-11-20,2023-11-23,7,3.0,1,0.0,0,Resolved,1.2,
BPS-03910,Works,Property Maintenance,Post,Maun,WRK-003,2022-03-17,2022-03-27,14,10.3,1,0.0,0,Resolved,1.0,4.4
BPS-04965,Motor Registry,Number Plate,In-Person,Kanye,MTR-001,2022-02-27,2022-02-28,5,1.0,1,0.0,0,Resolved,0.8,5.0
BPS-02658,Social Welfare,Social Grant,In-Person,Francistown,SWL-006,2024-02-22,2024-03-17,21,24.2,0,3.2,0,Resolved,1.0,2.8
BPS-03181,Immigration,Border Documentation,Post,Francistown,IMG-001,2023-08-20,2023-09-29,30,40.7,0,10.7,0,Resolved,0.9,2.1
BPS-02077,BURS,Compliance Certificate,In-Person,Lobatse,BRS-003,2023-06-05,2023-06-13,10,8.7,1,0.0,0,Resolved,0.85,4.8
BPS-00442,Health,Specialist Referral,Digital,Palapye,HLT-008,2022-12-05,2022-12-11,7,6.2,1,0.0,0,Resolved,1.2,
BPS-04052,Works,Utility Request,In-Person,Palapye,WRK-006,2023-05-25,2023-06-06,14,12.5,1,0.0,0,Resolved,0.9,
BPS-02052,BURS,Assessment Dispute,Phone,Lobatse,BRS-005,2023-01-02,2023-01-11,10,9.0,1,0.0,0,Resolved,1.5,4.5
BPS-02542,Social Welfare,Orphan Welfare,In-Person,Serowe,SWL-001,2024-04-09,2024-04-18,21,9.7,1,0.0,0,Resolved,1.2,3.3
BPS-03307,Immigration,Border Documentation,In-Person,Francistown,IMG-005,2024-11-25,2024-12-23,30,28.8,1,0.0,0,Resolved,0.9,
BPS-01302,Education,Teacher Posting,Digital,Palapye,EDU-005,2024-11-16,2024-11-30,14,14.3,0,0.3,0,Resolved,1.3,3.0
BPS-01782,Police,Case Registration,Digital,Palapye,POL-008,2023-11-29,2023-12-03,5,4.4,1,0.0,0,Resolved,1.1,4.7
BPS-04815,Motor Registry,Roadworthy Certificate,Phone,Lobatse,MTR-009,2024-02-28,2024-03-02,5,3.0,1,0.0,0,Resolved,1.0,
BPS-03431,Immigration,Citizenship Application,In-Person,Molepolole,IMG-002,2024-03-20,2024-05-08,30,49.0,0,19.0,1,Resolved,1.6,1.4
BPS-01305,Education,Teacher Posting,In-Person,Palapye,EDU-003,2023-01-19,2023-02-06,14,18.0,0,4.0,1,Resolved,1.3,2.0
BPS-00237,Health,Specialist Referral,In-Person,Gaborone,HLT-004,2023-06-19,2023-06-20,7,1.0,1,0.0,0,Resolved,1.2,4.3
BPS-02600,Social Welfare,Social Grant,Phone,Molepolole,SWL-002,2024-06-25,2024-07-09,21,14.3,1,0.0,0,Resolved,1.0,
BPS-00521,Health,Patient Query,Post,Lobatse,HLT-009,2025-01-06,2025-01-07,7,1.5,1,0.0,0,Resolved,0.7,3.5
BPS-02574,Social Welfare,Social Grant,Digital,Francistown,SWL-004,2023-02-26,2023-03-12,21,14.6,1,0.0,0,Resolved,1.0,3.9
BPS-03281,Immigration,Work Permit,In-Person,Lobatse,IMG-004,2023-06-04,2023-06-24,30,20.7,1,0.0,0,Resolved,1.2,3.4
BPS-03187,Immigration,Citizenship Application,Phone,Maun,IMG-002,2024-12-09,2024-12-31,30,22.4,1,0.0,0,Resolved,1.6,4.0
BPS-02769,Social Welfare,Old Age Pension,In-Person,Palapye,SWL-007,2023-06-06,2023-06-20,21,14.8,1,0.0,0,Resolved,1.1,4.1
BPS-00736,Health,Patient Query,In-Person,Francistown,HLT-006,2023-01-21,2023-01-27,7,6.2,1,0.0,0,Resolved,0.7,
BPS-04704,Motor Registry,Number Plate,In-Person,Serowe,MTR-004,2022-07-21,2022-07-25,5,4.5,1,0.0,0,Resolved,0.8,4.7
BPS-04930,Motor Registry,Number Plate,In-Person,Lobatse,MTR-006,2024-05-16,2024-05-17,5,1.2,1,0.0,0,Resolved,0.8,
BPS-02107,BURS,VAT Filing,In-Person,Maun,BRS-003,2022-10-16,2022-10-20,10,4.0,1,0.0,0,Resolved,1.0,3.9
BPS-02680,Social Welfare,Social Grant,Digital,Kanye,SWL-001,2024-04-14,2024-04-24,21,10.9,1,0.0,0,Resolved,1.0,4.2
BPS-03230,Immigration,Border Documentation,Phone,Francistown,IMG-003,2022-10-17,2022-11-08,30,22.7,1,0.0,0,Resolved,0.9,3.0
BPS-02762,Social Welfare,Orphan Welfare,Phone,Kanye,SWL-005,2024-05-23,2024-06-04,21,12.8,1,0.0,0,Resolved,1.2,3.7
BPS-00593,Health,Specialist Referral,In-Person,Molepolole,HLT-005,2023-10-25,2023-11-02,7,8.6,0,1.6,1,Resolved,1.2,1.7
BPS-01304,Education,Student Enrollment,Post,Serowe,EDU-001,2022-10-08,2022-10-15,14,7.4,1,0.0,0,Resolved,0.9,
BPS-01388,Education,School Admin,In-Person,Kanye,EDU-006,2022-03-20,2022-04-05,14,16.5,0,2.5,0,Resolved,0.8,3.7
BPS-04696,Motor Registry,Number Plate,Digital,Molepolole,MTR-006,2023-06-16,2023-06-17,5,1.9,1,0.0,0,Resolved,0.8,
BPS-04527,Motor Registry,Number Plate,In-Person,Maun,MTR-005,2024-03-05,2024-03-06,5,1.5,1,0.0,0,Resolved,0.8,4.2
BPS-03948,Works,Asset Management,In-Person,Francistown,WRK-001,2023-03-20,2023-04-06,14,17.5,0,3.5,0,Resolved,1.1,1.6
BPS-01891,Police,Clearance Certificate,Phone,Kanye,POL-006,2022-09-04,2022-09-08,5,4.0,1,0.0,0,Resolved,0.85,4.2
BPS-02988,Social Welfare,Social Grant,Phone,Lobatse,SWL-006,2023-06-03,2023-06-20,21,17.6,1,0.0,0,Resolved,1.0,3.6
BPS-04925,Motor Registry,Roadworthy Certificate,Phone,Maun,MTR-006,2023-10-10,2023-10-14,5,4.3,1,0.0,0,Resolved,1.0,4.6
BPS-03298,Immigration,Work Permit,In-Person,Francistown,IMG-007,2023-06-16,2023-07-06,30,20.2,1,0.0,0,Resolved,1.2,
BPS-00905,Education,Student Enrollment,In-Person,Gaborone,EDU-004,2023-07-06,2023-07-15,14,9.9,1,0.0,0,Resolved,0.9,
BPS-04610,Motor Registry,Vehicle Licensing,Digital,Kanye,MTR-008,2022-04-03,2022-04-06,5,3.1,1,0.0,0,Resolved,0.9,5.0
BPS-01280,Education,Scholarship Application,Post,Francistown,EDU-001,2023-03-10,2023-03-28,14,18.1,0,4.1,0,Resolved,1.4,2.4
BPS-00934,Education,Teacher Posting,Phone,Serowe,EDU-006,2024-09-01,2024-09-02,14,1.0,1,0.0,0,Resolved,1.3,3.0
BPS-04900,Motor Registry,Driver Licence,Phone,Molepolole,MTR-009,2024-02-17,2024-02-19,5,2.3,1,0.0,0,Resolved,0.95,
BPS-02309,BURS,Compliance Certificate,Post,Francistown,BRS-010,2022-07-04,2022-07-13,10,9.2,1,0.0,0,Resolved,0.85,
BPS-01556,Police,Protection Service,In-Person,Lobatse,POL-004,2022-11-26,2022-12-04,5,8.0,0,3.0,1,Resolved,1.3,2.9
BPS-04534,Motor Registry,Roadworthy Certificate,Digital,Kanye,MTR-015,2023-10-30,2023-10-31,5,1.0,1,0.0,0,Resolved,1.0,5.0
BPS-03191,Immigration,Permanent Residency,Phone,Molepolole,IMG-005,2024-03-30,2024-04-28,30,29.9,1,0.0,0,Resolved,1.4,3.5
BPS-04442,Motor Registry,Driver Licence,Post,Francistown,MTR-008,2022-05-03,2022-05-07,5,4.2,1,0.0,0,Resolved,0.95,4.6
BPS-00707,Health,Specialist Referral,In-Person,Molepolole,HLT-011,2023-10-27,2023-10-30,7,3.9,1,0.0,0,Resolved,1.2,4.4
BPS-04691,Motor Registry,Roadworthy Certificate,In-Person,Gaborone,MTR-015,2024-04-19,2024-04-21,5,2.1,1,0.0,0,Resolved,1.0,5.0
BPS-03071,Social Welfare,Destitute Support,Digital,Francistown,SWL-003,2024-08-01,2024-08-07,21,6.8,1,0.0,0,Resolved,1.3,
BPS-00746,Health,Specialist Referral,In-Person,Kanye,HLT-009,2023-08-29,2023-09-02,7,4.0,1,0.0,0,Resolved,1.2,4.1
BPS-03595,Land Board,Land Use Approval,In-Person,Maun,LBD-003,2023-01-21,2023-05-13,21,112.3,0,91.3,1,Resolved,1.6,1.0
BPS-01940,Police,Case Registration,Phone,Palapye,POL-010,2022-12-04,2022-12-09,5,5.5,0,0.5,0,Resolved,1.1,2.7
BPS-04401,Motor Registry,Driver Licence,In-Person,Kanye,MTR-007,2023-06-11,2023-06-14,5,3.6,1,0.0,0,Resolved,0.95,5.0
BPS-02863,Social Welfare,Social Grant,In-Person,Palapye,SWL-006,2022-02-21,2022-03-03,21,10.2,1,0.0,0,Resolved,1.0,3.4
BPS-03997,Works,Asset Management,Digital,Kanye,WRK-002,2023-05-04,2023-05-05,14,1.0,1,0.0,0,Resolved,1.1,
BPS-00514,Health,Specialist Referral,In-Person,Molepolole,HLT-010,2022-06-30,2022-07-04,7,4.8,1,0.0,0,Resolved,1.2,
BPS-00082,Health,Patient Query,In-Person,Maun,HLT-009,2023-07-16,2023-07-21,7,5.4,1,0.0,0,Resolved,0.7,4.0
BPS-04977,Motor Registry,Vehicle Licensing,In-Person,Gaborone,MTR-013,2022-02-11,2022-02-15,5,4.2,1,0.0,0,Resolved,0.9,4.7
BPS-01309,Education,Teacher Posting,In-Person,Molepolole,EDU-005,2024-07-04,2024-07-24,14,20.6,0,6.6,1,Resolved,1.3,2.8
BPS-04615,Motor Registry,Vehicle Licensing,Phone,Lobatse,MTR-013,2023-01-12,2023-01-14,5,2.3,1,0.0,0,Resolved,0.9,5.0
BPS-00915,Education,Student Enrollment,In-Person,Serowe,EDU-006,2024-06-29,2024-07-10,14,11.6,1,0.0,0,Resolved,0.9,4.1
BPS-03453,Immigration,Citizenship Application,In-Person,Kanye,IMG-001,2022-01-13,2022-02-22,30,40.5,0,10.5,0,Resolved,1.6,2.3
BPS-03696,Land Board,Land Use Approval,In-Person,Gaborone,LBD-005,2023-03-06,2023-05-12,21,67.8,0,46.8,1,Resolved,1.6,1.4
BPS-04805,Motor Registry,Driver Licence,In-Person,Kanye,MTR-003,2022-03-15,2022-03-18,5,3.6,1,0.0,0,Resolved,0.95,5.0
BPS-03157,Immigration,Work Permit,Digital,Kanye,IMG-001,2023-04-17,2023-05-01,30,14.1,1,0.0,0,Resolved,1.2,4.4
BPS-02199,BURS,Tax Registration,In-Person,Serowe,BRS-007,2024-07-26,2024-07-31,10,5.7,1,0.0,0,Resolved,0.9,5.0
BPS-04233,Works,Asset Management,Digital,Palapye,WRK-005,2023-10-25,2023-10-31,14,6.7,1,0.0,0,Resolved,1.1,
BPS-00775,Health,Medical Certificate,In-Person,Molepolole,HLT-006,2024-05-18,2024-05-24,7,6.6,1,0.0,0,Resolved,0.8,
BPS-00330,Health,Facility Request,In-Person,Kanye,HLT-007,2022-10-14,2022-10-22,7,8.9,0,1.9,0,Resolved,1.1,3.3
BPS-02055,BURS,Tax Registration,Digital,Kanye,BRS-005,2023-03-29,2023-03-31,10,2.6,1,0.0,0,Resolved,0.9,4.9
BPS-02002,BURS,Tax Registration,In-Person,Gaborone,BRS-007,2025-01-19,2025-01-26,10,7.3,1,0.0,0,Resolved,0.9,4.2
BPS-00944,Education,Scholarship Application,Phone,Serowe,EDU-006,2022-04-20,2022-05-03,14,13.4,1,0.0,0,Resolved,1.4,
BPS-00823,Education,School Admin,In-Person,Gaborone,EDU-003,2024-04-01,2024-04-17,14,16.5,0,2.5,1,Resolved,0.8,1.9
BPS-04528,Motor Registry,Number Plate,In-Person,Francistown,MTR-004,2022-01-19,2022-01-21,5,2.6,1,0.0,0,Resolved,0.8,5.0
BPS-00910,Education,Student Enrollment,Phone,Lobatse,EDU-009,2024-06-03,2024-06-20,14,17.5,0,3.5,0,Resolved,0.9,3.3
BPS-02517,Social Welfare,Old Age Pension,In-Person,Kanye,SWL-006,2023-04-27,2023-05-17,21,20.6,1,0.0,0,Resolved,1.1,
BPS-00182,Health,Facility Request,Digital,Francistown,HLT-003,2024-07-26,2024-07-29,7,3.4,1,0.0,0,Resolved,1.1,4.4
BPS-00165,Health,Medical Certificate,Digital,Kanye,HLT-007,2022-02-07,2022-02-11,7,4.7,1,0.0,0,Resolved,0.8,
BPS-01524,Police,Clearance Certificate,Phone,Palapye,POL-001,2022-09-02,2022-09-03,5,1.5,1,0.0,0,Resolved,0.85,4.1
BPS-00452,Health,Facility Request,Phone,Maun,HLT-003,2022-09-20,2022-09-30,7,10.1,0,3.1,0,Resolved,1.1,3.1
BPS-02539,Social Welfare,Old Age Pension,Digital,Lobatse,SWL-005,2025-01-15,2025-01-22,21,7.1,1,0.0,0,Resolved,1.1,
BPS-04138,Works,Property Maintenance,Phone,Serowe,WRK-007,2022-10-15,2022-10-27,14,12.2,1,0.0,0,Resolved,1.0,4.3
BPS-04776,Motor Registry,Number Plate,In-Person,Lobatse,MTR-009,2023-08-23,2023-08-25,5,2.8,1,0.0,0,Resolved,0.8,5.0
BPS-01312,Education,School Admin,In-Person,Lobatse,EDU-006,2023-10-13,2023-10-23,14,10.6,1,0.0,0,Resolved,0.8,4.5
BPS-03150,Immigration,Permanent Residency,Digital,Kanye,IMG-003,2024-07-24,2024-08-09,30,16.5,1,0.0,0,Resolved,1.4,4.2
BPS-01112,Education,School Admin,In-Person,Molepolole,EDU-008,2024-09-12,2024-09-21,14,9.6,1,0.0,0,Resolved,0.8,3.7
BPS-04548,Motor Registry,Number Plate,In-Person,Maun,MTR-011,2023-05-22,2023-05-24,5,2.6,1,0.0,0,Resolved,0.8,
BPS-04086,Works,Utility Request,In-Person,Molepolole,WRK-008,2023-01-17,2023-01-29,14,12.1,1,0.0,0,Resolved,0.9,3.2
BPS-03490,Land Board,Land Allocation,Phone,Gaborone,LBD-003,2024-06-15,2024-07-11,21,26.3,0,5.3,1,Resolved,1.5,1.0
BPS-01288,Education,Teacher Posting,Phone,Gaborone,EDU-008,2022-12-08,2022-12-24,14,16.7,0,2.7,0,Resolved,1.3,3.0
BPS-04178,Works,Infrastructure Defect,In-Person,Serowe,WRK-002,2022-10-12,2022-10-28,14,16.5,0,2.5,1,Resolved,1.2,1.4
BPS-04646,Motor Registry,Driver Licence,Phone,Serowe,MTR-001,2022-06-04,2022-06-06,5,2.4,1,0.0,0,Resolved,0.95,5.0
BPS-03681,Land Board,Consent to Transfer,Digital,Gaborone,LBD-001,2022-10-27,2022-11-21,21,25.4,0,4.4,0,Resolved,1.3,1.0
BPS-04512,Motor Registry,Number Plate,Digital,Molepolole,MTR-005,2024-06-30,2024-07-01,5,1.6,1,0.0,0,Resolved,0.8,4.8
BPS-04169,Works,Infrastructure Defect,Digital,Gaborone,WRK-005,2022-12-30,2023-01-14,14,15.9,0,1.9,1,Resolved,1.2,
BPS-03301,Immigration,Citizenship Application,In-Person,Kanye,IMG-002,2022-05-31,2022-07-17,30,47.0,0,17.0,0,Resolved,1.6,
BPS-03311,Immigration,Work Permit,In-Person,Lobatse,IMG-004,2023-04-02,2023-04-22,30,20.6,1,0.0,0,Resolved,1.2,3.0
BPS-04557,Motor Registry,Roadworthy Certificate,Phone,Lobatse,MTR-008,2024-04-24,2024-04-25,5,1.4,1,0.0,0,Resolved,1.0,
BPS-03126,Immigration,Border Documentation,In-Person,Molepolole,IMG-005,2023-10-06,2023-11-05,30,30.3,0,0.3,1,Resolved,0.9,1.7
BPS-00328,Health,Specialist Referral,Digital,Maun,HLT-011,2022-05-21,2022-05-28,7,7.1,0,0.1,0,Resolved,1.2,3.0
BPS-01791,Police,Clearance Certificate,In-Person,Maun,POL-003,2022-08-01,2022-08-02,5,1.0,1,0.0,0,Resolved,0.85,
BPS-02491,BURS,Assessment Dispute,Phone,Gaborone,BRS-008,2022-01-31,2022-02-11,10,11.2,0,1.2,0,Resolved,1.5,
BPS-02007,BURS,Assessment Dispute,In-Person,Molepolole,BRS-012,2023-06-04,2023-06-15,10,11.5,0,1.5,0,Resolved,1.5,2.9
BPS-02008,BURS,VAT Filing,Digital,Palapye,BRS-003,2023-06-05,2023-06-09,10,4.8,1,0.0,0,Resolved,1.0,3.8
BPS-01859,Police,Clearance Certificate,In-Person,Gaborone,POL-007,2022-06-07,2022-06-13,5,6.2,0,1.2,0,Resolved,0.85,2.4
BPS-04686,Motor Registry,Driver Licence,Digital,Palapye,MTR-014,2023-12-14,2023-12-18,5,4.0,1,0.0,0,Resolved,0.95,5.0
BPS-00313,Health,Medical Certificate,In-Person,Francistown,HLT-006,2024-06-18,2024-06-25,7,7.3,0,0.3,0,Resolved,0.8,
BPS-00833,Education,Scholarship Application,Digital,Maun,EDU-007,2023-10-09,2023-10-15,14,6.7,1,0.0,0,Resolved,1.4,3.9
BPS-03080,Social Welfare,Destitute Support,Phone,Gaborone,SWL-008,2023-10-18,2023-11-05,21,18.7,1,0.0,0,Resolved,1.3,4.2
BPS-04718,Motor Registry,Number Plate,In-Person,Gaborone,MTR-008,2024-11-11,2024-11-17,5,6.8,0,1.8,0,Resolved,0.8,
BPS-03463,Land Board,Land Certificate,Digital,Gaborone,LBD-002,2023-10-30,2023-12-11,21,42.9,0,21.9,1,Resolved,1.2,1.0
BPS-01202,Education,Scholarship Application,In-Person,Serowe,EDU-003,2023-12-13,2023-12-25,14,12.4,1,0.0,0,Resolved,1.4,3.6
BPS-04392,Motor Registry,Driver Licence,Post,Serowe,MTR-011,2022-09-07,2022-09-11,5,4.2,1,0.0,0,Resolved,0.95,4.9
BPS-03548,Land Board,Consent to Transfer,Phone,Palapye,LBD-001,2022-02-27,2022-05-26,21,88.3,0,67.3,1,Resolved,1.3,
BPS-04923,Motor Registry,Vehicle Licensing,Phone,Lobatse,MTR-008,2024-04-01,2024-04-03,5,2.9,1,0.0,0,Resolved,0.9,
BPS-02135,BURS,VAT Filing,In-Person,Kanye,BRS-006,2022-05-02,2022-05-10,10,8.8,1,0.0,0,Resolved,1.0,4.3
BPS-03452,Immigration,Work Permit,In-Person,Maun,IMG-003,2024-04-25,2024-05-13,30,18.5,1,0.0,0,Resolved,1.2,
BPS-02210,BURS,Tax Registration,In-Person,Gaborone,BRS-003,2023-02-11,2023-02-19,10,8.0,1,0.0,0,Resolved,0.9,4.5
BPS-01902,Police,Clearance Certificate,In-Person,Francistown,POL-004,2022-09-29,2022-10-02,5,3.8,1,0.0,0,Resolved,0.85,3.8
BPS-01482,Police,Clearance Certificate,In-Person,Serowe,POL-009,2022-10-18,2022-10-21,5,3.3,1,0.0,0,Resolved,0.85,
BPS-00778,Health,Facility Request,In-Person,Lobatse,HLT-007,2024-05-26,2024-06-01,7,6.1,1,0.0,0,Resolved,1.1,4.1
BPS-00800,Health,Facility Request,Digital,Maun,HLT-009,2022-02-08,2022-02-12,7,4.0,1,0.0,0,Resolved,1.1,
BPS-03715,Land Board,Land Use Approval,Digital,Gaborone,LBD-002,2024-05-28,2024-08-10,21,74.8,0,53.8,1,Resolved,1.6,1.5
BPS-03943,Works,Asset Management,In-Person,Kanye,WRK-002,2023-07-07,2023-07-18,14,11.3,1,0.0,0,Resolved,1.1,
BPS-00055,Health,Facility Request,Phone,Serowe,HLT-010,2024-02-26,2024-03-05,7,8.5,0,1.5,0,Resolved,1.1,
BPS-02973,Social Welfare,Social Grant,In-Person,Serowe,SWL-001,2024-07-05,2024-07-13,21,8.4,1,0.0,0,Resolved,1.0,3.6
BPS-03336,Immigration,Permanent Residency,In-Person,Francistown,IMG-001,2022-11-17,2022-12-06,30,19.5,1,0.0,0,Resolved,1.4,
BPS-01921,Police,Case Registration,Phone,Gaborone,POL-013,2023-04-16,2023-04-17,5,1.0,1,0.0,0,Resolved,1.1,3.5
BPS-03716,Land Board,Land Certificate,Digital,Francistown,LBD-005,2022-02-11,2022-03-22,21,39.9,0,18.9,0,Resolved,1.2,1.7
BPS-04647,Motor Registry,Driver Licence,Phone,Palapye,MTR-008,2022-01-31,2022-02-01,5,1.0,1,0.0,0,Resolved,0.95,5.0
BPS-00947,Education,School Admin,In-Person,Gaborone,EDU-007,2023-03-01,2023-03-04,14,3.8,1,0.0,0,Resolved,0.8,4.4
BPS-01702,Police,Document Request,Phone,Francistown,POL-002,2023-05-20,2023-05-23,5,3.9,1,0.0,0,Resolved,0.75,3.7
BPS-03294,Immigration,Work Permit,In-Person,Molepolole,IMG-003,2024-04-30,2024-06-05,30,36.2,0,6.2,0,Resolved,1.2,
BPS-02162,BURS,Tax Registration,Digital,Palapye,BRS-006,2024-08-21,2024-08-27,10,6.4,1,0.0,0,Resolved,0.9,5.0
BPS-01137,Education,Teacher Posting,In-Person,Kanye,EDU-009,2024-02-05,2024-02-27,14,22.8,0,8.8,0,Resolved,1.3,3.0
BPS-00988,Education,Teacher Posting,Digital,Palapye,EDU-004,2023-11-05,2023-11-19,14,14.6,0,0.6,0,Resolved,1.3,
BPS-02550,Social Welfare,Orphan Welfare,In-Person,Molepolole,SWL-003,2023-05-31,2023-07-07,21,37.8,0,16.8,1,Resolved,1.2,
BPS-00194,Health,Patient Query,Digital,Serowe,HLT-008,2022-09-09,2022-09-10,7,1.5,1,0.0,0,Resolved,0.7,
BPS-03058,Social Welfare,Destitute Support,In-Person,Molepolole,SWL-005,2023-03-23,2023-04-16,21,24.2,0,3.2,1,Resolved,1.3,1.9
BPS-03247,Immigration,Work Permit,In-Person,Gaborone,IMG-003,2024-09-23,2024-10-29,30,36.1,0,6.1,1,Resolved,1.2,1.5
BPS-01395,Education,School Admin,Digital,Molepolole,EDU-006,2024-09-01,2024-09-06,14,5.7,1,0.0,0,Resolved,0.8,4.4
BPS-02638,Social Welfare,Orphan Welfare,Phone,Maun,SWL-006,2022-04-24,2022-05-20,21,26.0,0,5.0,0,Resolved,1.2,
BPS-00769,Health,Medical Certificate,In-Person,Molepolole,HLT-008,2022-03-29,2022-04-01,7,3.5,1,0.0,0,Resolved,0.8,4.1
BPS-04703,Motor Registry,Roadworthy Certificate,Phone,Molepolole,MTR-007,2023-10-15,2023-10-19,5,4.5,1,0.0,0,Resolved,1.0,5.0
BPS-03091,Immigration,Permanent Residency,Digital,Gaborone,IMG-004,2023-05-25,2023-06-02,30,8.3,1,0.0,0,Resolved,1.4,3.5
BPS-03496,Land Board,Land Use Approval,Digital,Molepolole,LBD-002,2022-02-05,2022-05-09,21,93.7,0,72.7,1,Resolved,1.6,2.0
BPS-03216,Immigration,Border Documentation,Digital,Lobatse,IMG-001,2024-10-06,2024-11-01,30,26.2,1,0.0,0,Resolved,0.9,3.4
BPS-00286,Health,Facility Request,In-Person,Molepolole,HLT-003,2023-07-20,2023-07-21,7,1.0,1,0.0,0,Resolved,1.1,
BPS-04939,Motor Registry,Number Plate,Digital,Serowe,MTR-014,2022-04-26,2022-04-27,5,1.0,1,0.0,0,Resolved,0.8,
BPS-00429,Health,Specialist Referral,In-Person,Francistown,HLT-002,2023-08-02,2023-08-13,7,11.6,0,4.6,1,Resolved,1.2,
BPS-04449,Motor Registry,Vehicle Licensing,Digital,Francistown,MTR-004,2024-09-24,2024-09-27,5,3.0,1,0.0,0,Resolved,0.9,5.0
BPS-02333,BURS,Tax Registration,Post,Gaborone,BRS-005,2023-06-28,2023-07-01,10,3.1,1,0.0,0,Resolved,0.9,4.3
BPS-02718,Social Welfare,Old Age Pension,Post,Maun,SWL-008,2023-02-17,2023-03-22,21,33.1,0,12.1,0,Resolved,1.1,
BPS-02080,BURS,Assessment Dispute,In-Person,Francistown,BRS-010,2022-10-29,2022-11-05,10,7.3,1,0.0,0,Resolved,1.5,4.0
BPS-03390,Immigration,Work Permit,In-Person,Molepolole,IMG-006,2023-09-08,2023-10-13,30,35.0,0,5.0,1,Resolved,1.2,
BPS-00723,Health,Specialist Referral,Digital,Serowe,HLT-009,2022-06-27,2022-06-28,7,1.0,1,0.0,0,Resolved,1.2,4.6
BPS-00952,Education,Student Enrollment,Phone,Francistown,EDU-004,2022-08-31,2022-09-10,14,10.9,1,0.0,0,Resolved,0.9,
BPS-04384,Motor Registry,Number Plate,Digital,Gaborone,MTR-012,2023-01-10,2023-01-13,5,3.2,1,0.0,0,Resolved,0.8,4.6
BPS-04367,Motor Registry,Vehicle Licensing,Phone,Lobatse,MTR-006,2023-12-01,2023-12-02,5,1.6,1,0.0,0,Resolved,0.9,5.0
BPS-02263,BURS,VAT Filing,In-Person,Maun,BRS-005,2023-06-27,2023-07-08,10,11.2,0,1.2,1,Resolved,1.0,
BPS-00990,Education,Student Enrollment,Phone,Serowe,EDU-004,2024-02-21,2024-02-29,14,8.8,1,0.0,0,Resolved,0.9,4.1
BPS-03213,Immigration,Work Permit,Digital,Gaborone,IMG-004,2022-11-15,2022-12-20,30,35.4,0,5.4,0,Resolved,1.2,1.6
BPS-01760,Police,Clearance Certificate,In-Person,Gaborone,POL-013,2024-01-09,2024-01-14,5,5.4,0,0.4,0,Resolved,0.85,
BPS-04580,Motor Registry,Roadworthy Certificate,In-Person,Lobatse,MTR-003,2024-04-17,2024-04-21,5,4.9,1,0.0,0,Resolved,1.0,5.0
BPS-00327,Health,Medical Certificate,Digital,Francistown,HLT-002,2023-10-04,2023-10-08,7,4.8,1,0.0,0,Resolved,0.8,4.5
BPS-02609,Social Welfare,Destitute Support,In-Person,Molepolole,SWL-002,2024-08-23,2024-09-21,21,29.5,0,8.5,0,Resolved,1.3,2.4
BPS-01384,Education,Student Enrollment,Phone,Lobatse,EDU-006,2024-05-21,2024-05-27,14,6.7,1,0.0,0,Resolved,0.9,4.4
BPS-01725,Police,Protection Service,In-Person,Palapye,POL-007,2024-08-10,2024-08-12,5,2.6,1,0.0,0,Resolved,1.3,
BPS-01087,Education,Scholarship Application,Phone,Kanye,EDU-009,2024-01-20,2024-02-07,14,18.8,0,4.8,0,Resolved,1.4,
BPS-02524,Social Welfare,Orphan Welfare,In-Person,Francistown,SWL-006,2023-08-15,2023-09-03,21,19.1,1,0.0,0,Resolved,1.2,4.2
BPS-00342,Health,Patient Query,Phone,Francistown,HLT-010,2023-04-13,2023-04-17,7,4.4,1,0.0,0,Resolved,0.7,4.0
BPS-03702,Land Board,Land Allocation,Phone,Maun,LBD-001,2023-11-25,2024-03-04,21,100.8,0,79.8,1,Resolved,1.5,
BPS-00148,Health,Medical Certificate,In-Person,Serowe,HLT-005,2022-10-09,2022-10-10,7,1.9,1,0.0,0,Resolved,0.8,
BPS-00689,Health,Medical Certificate,In-Person,Maun,HLT-010,2024-02-09,2024-02-14,7,5.5,1,0.0,0,Resolved,0.8,3.3
BPS-03433,Immigration,Citizenship Application,Digital,Serowe,IMG-007,2024-01-06,2024-02-11,30,36.9,0,6.9,1,Resolved,1.6,1.9
BPS-01108,Education,Teacher Posting,In-Person,Maun,EDU-006,2024-05-20,2024-05-29,14,9.7,1,0.0,0,Resolved,1.3,4.6
BPS-00849,Education,Student Enrollment,Digital,Molepolole,EDU-009,2024-04-25,2024-05-01,14,6.7,1,0.0,0,Resolved,0.9,4.7
BPS-00967,Education,School Admin,In-Person,Francistown,EDU-001,2023-08-13,2023-08-18,14,5.4,1,0.0,0,Resolved,0.8,3.4
BPS-04728,Motor Registry,Number Plate,Digital,Serowe,MTR-012,2024-03-20,2024-03-21,5,1.0,1,0.0,0,Resolved,0.8,5.0
BPS-01493,Police,Document Request,Phone,Molepolole,POL-001,2023-06-08,2023-06-10,5,2.9,1,0.0,0,Resolved,0.75,4.2
BPS-03954,Works,Property Maintenance,Digital,Francistown,WRK-001,2022-07-21,2022-08-01,14,11.4,1,0.0,0,Resolved,1.0,4.5
BPS-02204,BURS,Compliance Certificate,Phone,Maun,BRS-012,2023-04-01,2023-04-04,10,3.7,1,0.0,0,Resolved,0.85,
BPS-02714,Social Welfare,Social Grant,Digital,Francistown,SWL-008,2024-11-17,2024-11-23,21,6.1,1,0.0,0,Resolved,1.0,3.5
BPS-00662,Health,Specialist Referral,Phone,Gaborone,HLT-011,2022-10-28,2022-11-01,7,4.3,1,0.0,0,Resolved,1.2,3.6
BPS-01003,Education,School Admin,In-Person,Lobatse,EDU-007,2023-09-11,2023-09-19,14,8.2,1,0.0,0,Resolved,0.8,4.1
BPS-00063,Health,Specialist Referral,In-Person,Molepolole,HLT-005,2024-09-21,2024-09-25,7,4.3,1,0.0,0,Resolved,1.2,4.1
BPS-00285,Health,Medical Certificate,Digital,Serowe,HLT-009,2024-12-03,2024-12-10,7,7.5,0,0.5,1,Resolved,0.8,2.8
BPS-02225,BURS,Assessment Dispute,In-Person,Gaborone,BRS-004,2024-09-21,2024-09-29,10,8.4,1,0.0,0,Resolved,1.5,3.9
BPS-04707,Motor Registry,Vehicle Licensing,Post,Gaborone,MTR-009,2024-09-17,2024-09-20,5,3.9,1,0.0,0,Resolved,0.9,4.8
BPS-01880,Police,Protection Service,In-Person,Lobatse,POL-009,2022-10-25,2022-10-27,5,2.4,1,0.0,0,Resolved,1.3,3.8
BPS-03573,Land Board,Land Use Approval,In-Person,Molepolole,LBD-004,2022-02-19,2022-05-15,21,85.5,0,64.5,1,Resolved,1.6,
BPS-04858,Motor Registry,Vehicle Licensing,In-Person,Maun,MTR-008,2022-07-09,2022-07-12,5,3.2,1,0.0,0,Resolved,0.9,4.8
BPS-01204,Education,Student Enrollment,In-Person,Palapye,EDU-006,2022-10-18,2022-11-01,14,14.0,1,0.0,0,Resolved,0.9,4.0
BPS-01991,Police,Protection Service,Phone,Francistown,POL-013,2023-04-14,2023-04-21,5,7.3,0,2.3,0,Resolved,1.3,2.6
BPS-00025,Health,Specialist Referral,In-Person,Palapye,HLT-009,2022-10-15,2022-10-19,7,4.8,1,0.0,0,Resolved,1.2,
BPS-04853,Motor Registry,Vehicle Licensing,In-Person,Lobatse,MTR-002,2023-03-27,2023-03-29,5,2.0,1,0.0,0,Resolved,0.9,
BPS-04103,Works,Infrastructure Defect,In-Person,Francistown,WRK-001,2022-08-11,2022-09-05,14,25.1,0,11.1,0,Resolved,1.2,2.2
BPS-04168,Works,Infrastructure Defect,In-Person,Kanye,WRK-002,2022-11-08,2022-11-22,14,14.4,0,0.4,0,Resolved,1.2,3.4
BPS-00763,Health,Specialist Referral,Digital,Lobatse,HLT-006,2023-07-10,2023-07-21,7,11.1,0,4.1,1,Resolved,1.2,1.9
BPS-00876,Education,School Admin,Post,Molepolole,EDU-003,2022-05-06,2022-05-25,14,19.4,0,5.4,0,Resolved,0.8,
BPS-04743,Motor Registry,Driver Licence,Phone,Francistown,MTR-009,2022-09-12,2022-09-14,5,2.5,1,0.0,0,Resolved,0.95,4.8
BPS-00939,Education,Scholarship Application,In-Person,Serowe,EDU-001,2023-02-10,2023-02-27,14,17.5,0,3.5,0,Resolved,1.4,
BPS-02688,Social Welfare,Social Grant,Post,Molepolole,SWL-005,2023-03-16,2023-03-24,21,8.4,1,0.0,0,Resolved,1.0,
BPS-03601,Land Board,Land Use Approval,In-Person,Palapye,LBD-006,2024-07-18,2024-09-09,21,53.6,0,32.6,1,Resolved,1.6,1.0
BPS-02395,BURS,Compliance Certificate,Phone,Kanye,BRS-001,2022-09-12,2022-09-19,10,7.4,1,0.0,0,Resolved,0.85,4.3
BPS-04568,Motor Registry,Roadworthy Certificate,Phone,Lobatse,MTR-001,2024-08-27,2024-08-29,5,2.0,1,0.0,0,Resolved,1.0,5.0
BPS-04981,Motor Registry,Driver Licence,Phone,Molepolole,MTR-014,2023-03-03,2023-03-04,5,1.9,1,0.0,0,Resolved,0.95,5.0
BPS-04125,Works,Utility Request,In-Person,Palapye,WRK-006,2023-04-07,2023-04-19,14,12.5,1,0.0,0,Resolved,0.9,4.1
BPS-04565,Motor Registry,Number Plate,Digital,Maun,MTR-014,2022-11-16,2022-11-18,5,2.8,1,0.0,0,Resolved,0.8,4.3
BPS-00386,Health,Facility Request,In-Person,Serowe,HLT-001,2022-12-16,2022-12-21,7,5.5,1,0.0,0,Resolved,1.1,3.2
BPS-03878,Works,Utility Request,In-Person,Maun,WRK-003,2022-08-11,2022-08-22,14,11.5,1,0.0,0,Resolved,0.9,4.1
BPS-04371,Motor Registry,Roadworthy Certificate,In-Person,Molepolole,MTR-007,2022-10-13,2022-10-14,5,1.5,1,0.0,0,Resolved,1.0,5.0
BPS-04570,Motor Registry,Number Plate,In-Person,Kanye,MTR-010,2022-08-24,2022-08-26,5,2.0,1,0.0,0,Resolved,0.8,4.8
BPS-00537,Health,Specialist Referral,In-Person,Palapye,HLT-005,2022-07-17,2022-07-20,7,3.5,1,0.0,0,Resolved,1.2,4.1
BPS-02292,BURS,Compliance Certificate,In-Person,Maun,BRS-012,2024-03-24,2024-04-01,10,8.5,1,0.0,0,Resolved,0.85,
BPS-04666,Motor Registry,Roadworthy Certificate,In-Person,Lobatse,MTR-002,2023-05-25,2023-05-26,5,1.0,1,0.0,0,Resolved,1.0,4.6
BPS-03875,Works,Asset Management,In-Person,Molepolole,WRK-005,2024-01-12,2024-01-21,14,9.9,1,0.0,0,Resolved,1.1,3.7
BPS-00937,Education,Scholarship Application,Phone,Serowe,EDU-007,2024-03-30,2024-04-08,14,9.9,1,0.0,0,Resolved,1.4,5.0
BPS-03738,Land Board,Land Allocation,In-Person,Palapye,LBD-001,2024-11-14,2025-01-21,21,68.4,0,47.4,1,Resolved,1.5,
BPS-04729,Motor Registry,Number Plate,Digital,Maun,MTR-008,2023-04-01,2023-04-02,5,1.3,1,0.0,0,Resolved,0.8,5.0
BPS-02361,BURS,VAT Filing,In-Person,Palapye,BRS-001,2024-11-02,2024-11-05,10,3.9,1,0.0,0,Resolved,1.0,4.1
BPS-03508,Land Board,Land Certificate,In-Person,Palapye,LBD-004,2023-05-29,2023-07-23,21,55.4,0,34.4,1,Resolved,1.2,
BPS-00202,Health,Patient Query,Phone,Serowe,HLT-005,2023-07-17,2023-07-22,7,5.6,1,0.0,0,Resolved,0.7,4.2
BPS-03209,Immigration,Permanent Residency,Digital,Maun,IMG-004,2022-12-21,2023-01-23,30,33.3,0,3.3,0,Resolved,1.4,2.8
BPS-01333,Education,Scholarship Application,Digital,Palapye,EDU-005,2024-08-05,2024-08-15,14,10.5,1,0.0,0,Resolved,1.4,4.7
BPS-03017,Social Welfare,Orphan Welfare,In-Person,Lobatse,SWL-001,2023-06-14,2023-06-23,21,9.2,1,0.0,0,Resolved,1.2,3.9
BPS-03503,Land Board,Land Use Approval,In-Person,Maun,LBD-003,2024-07-18,2024-10-04,21,78.7,0,57.7,1,Resolved,1.6,1.0
BPS-02709,Social Welfare,Orphan Welfare,Phone,Lobatse,SWL-001,2023-03-02,2023-03-19,21,17.6,1,0.0,0,Resolved,1.2,4.0
BPS-04022,Works,Utility Request,In-Person,Francistown,WRK-007,2023-10-03,2023-10-07,14,4.4,1,0.0,0,Resolved,0.9,3.3
BPS-01855,Police,Case Registration,Post,Serowe,POL-005,2023-02-24,2023-03-05,5,9.1,0,4.1,0,Resolved,1.1,2.5
BPS-04470,Motor Registry,Number Plate,Phone,Maun,MTR-004,2022-10-17,2022-10-20,5,3.5,1,0.0,0,Resolved,0.8,5.0
BPS-02873,Social Welfare,Destitute Support,Phone,Francistown,SWL-005,2024-07-19,2024-07-23,21,4.0,1,0.0,0,Resolved,1.3,3.4
BPS-03031,Social Welfare,Social Grant,In-Person,Kanye,SWL-001,2022-07-25,2022-07-26,21,1.0,1,0.0,0,Resolved,1.0,
BPS-01206,Education,School Admin,Digital,Serowe,EDU-008,2024-08-25,2024-09-02,14,8.0,1,0.0,0,Resolved,0.8,4.9
BPS-01646,Police,Document Request,Post,Serowe,POL-004,2024-07-06,2024-07-12,5,6.0,0,1.0,1,Resolved,0.75,1.0
BPS-03418,Immigration,Border Documentation,Phone,Kanye,IMG-003,2024-05-08,2024-05-31,30,23.5,1,0.0,0,Resolved,0.9,3.6
BPS-03477,Land Board,Consent to Transfer,Phone,Kanye,LBD-005,2022-04-21,2022-07-05,21,75.8,0,54.8,1,Resolved,1.3,1.2
BPS-02862,Social Welfare,Old Age Pension,Digital,Francistown,SWL-003,2024-11-10,2024-11-25,21,15.6,1,0.0,0,Resolved,1.1,
BPS-01793,Police,Clearance Certificate,In-Person,Gaborone,POL-004,2024-05-30,2024-06-02,5,3.7,1,0.0,0,Resolved,0.85,
BPS-03798,Land Board,Land Allocation,Phone,Molepolole,LBD-002,2024-01-10,2024-03-18,21,68.4,0,47.4,1,Resolved,1.5,1.0
BPS-03369,Immigration,Permanent Residency,In-Person,Molepolole,IMG-005,2022-11-18,2022-12-30,30,42.5,0,12.5,0,Resolved,1.4,2.4
BPS-03368,Immigration,Border Documentation,In-Person,Molepolole,IMG-003,2024-03-04,2024-03-30,30,26.1,1,0.0,0,Resolved,0.9,4.0
BPS-03534,Land Board,Consent to Transfer,Phone,Serowe,LBD-001,2024-01-02,2024-02-01,21,30.9,0,9.9,1,Resolved,1.3,
BPS-03450,Immigration,Permanent Residency,In-Person,Francistown,IMG-003,2022-02-08,2022-03-11,30,31.1,0,1.1,1,Resolved,1.4,2.0
BPS-00604,Health,Medical Certificate,Digital,Gaborone,HLT-007,2023-07-28,2023-08-02,7,5.9,1,0.0,0,Resolved,0.8,4.7
BPS-03057,Social Welfare,Old Age Pension,Digital,Kanye,SWL-006,2024-07-07,2024-07-18,21,11.7,1,0.0,0,Resolved,1.1,3.4
BPS-04532,Motor Registry,Vehicle Licensing,In-Person,Maun,MTR-013,2023-08-17,2023-08-20,5,3.7,1,0.0,0,Resolved,0.9,4.5
BPS-00127,Health,Patient Query,Digital,Kanye,HLT-011,2022-05-05,2022-05-06,7,1.1,1,0.0,0,Resolved,0.7,
BPS-03877,Works,Infrastructure Defect,In-Person,Palapye,WRK-001,2024-09-08,2024-09-28,14,20.9,0,6.9,0,Resolved,1.2,
BPS-02936,Social Welfare,Old Age Pension,Phone,Maun,SWL-008,2024-09-07,2024-10-05,21,28.2,0,7.2,0,Resolved,1.1,2.0
BPS-03532,Land Board,Land Use Approval,Digital,Francistown,LBD-001,2022-08-27,2022-11-28,21,93.7,0,72.7,0,Resolved,1.6,2.5
BPS-02731,Social Welfare,Social Grant,In-Person,Palapye,SWL-007,2023-09-05,2023-10-04,21,29.5,0,8.5,1,Resolved,1.0,1.8
BPS-00828,Education,School Admin,Digital,Molepolole,EDU-007,2023-06-09,2023-06-15,14,6.3,1,0.0,0,Resolved,0.8,
BPS-01640,Police,Document Request,In-Person,Molepolole,POL-004,2024-02-03,2024-02-05,5,2.5,1,0.0,0,Resolved,0.75,
BPS-00985,Education,Scholarship Application,In-Person,Palapye,EDU-006,2022-05-19,2022-06-03,14,15.4,0,1.4,0,Resolved,1.4,3.3
BPS-03282,Immigration,Border Documentation,Phone,Serowe,IMG-003,2022-08-07,2022-08-29,30,22.7,1,0.0,0,Resolved,0.9,3.9
BPS-04972,Motor Registry,Number Plate,Post,Maun,MTR-015,2024-12-15,2024-12-18,5,3.7,1,0.0,0,Resolved,0.8,5.0
BPS-02189,BURS,Tax Registration,Phone,Francistown,BRS-004,2022-06-11,2022-06-16,10,5.1,1,0.0,0,Resolved,0.9,3.8
BPS-04613,Motor Registry,Vehicle Licensing,Phone,Molepolole,MTR-004,2023-03-09,2023-03-11,5,2.8,1,0.0,0,Resolved,0.9,4.7
BPS-02444,BURS,Tax Registration,Post,Molepolole,BRS-009,2024-09-10,2024-09-22,10,12.8,0,2.8,1,Resolved,0.9,
BPS-00363,Health,Specialist Referral,In-Person,Serowe,HLT-010,2023-08-28,2023-09-02,7,5.0,1,0.0,0,Resolved,1.2,4.0
BPS-02350,BURS,Assessment Dispute,In-Person,Maun,BRS-002,2023-08-12,2023-08-21,10,9.6,1,0.0,0,Resolved,1.5,
BPS-00346,Health,Medical Certificate,Post,Palapye,HLT-002,2023-08-02,2023-08-09,7,7.0,1,0.0,0,Resolved,0.8,
BPS-00815,Health,Facility Request,Phone,Lobatse,HLT-005,2022-07-04,2022-07-14,7,10.8,0,3.8,0,Resolved,1.1,2.4
BPS-03206,Immigration,Work Permit,In-Person,Serowe,IMG-006,2023-09-04,2023-09-29,30,25.1,1,0.0,0,Resolved,1.2,3.2
BPS-04161,Works,Infrastructure Defect,Digital,Molepolole,WRK-009,2024-11-30,2024-12-10,14,10.0,1,0.0,0,Resolved,1.2,3.2
BPS-04796,Motor Registry,Driver Licence,In-Person,Kanye,MTR-015,2022-02-24,2022-02-27,5,3.5,1,0.0,0,Resolved,0.95,4.9
BPS-03326,Immigration,Work Permit,Digital,Maun,IMG-003,2023-05-25,2023-06-20,30,26.8,1,0.0,0,Resolved,1.2,4.2
BPS-04107,Works,Utility Request,Digital,Serowe,WRK-002,2023-11-04,2023-11-10,14,6.6,1,0.0,0,Resolved,0.9,4.4
BPS-02117,BURS,Tax Registration,In-Person,Francistown,BRS-007,2022-03-31,2022-04-06,10,6.5,1,0.0,0,Resolved,0.9,3.9
BPS-01835,Police,Case Registration,Digital,Kanye,POL-006,2024-02-16,2024-02-17,5,1.5,1,0.0,0,Resolved,1.1,3.6
BPS-00794,Health,Facility Request,In-Person,Gaborone,HLT-008,2023-10-11,2023-10-12,7,1.9,1,0.0,0,Resolved,1.1,4.3
BPS-04947,Motor Registry,Roadworthy Certificate,Digital,Maun,MTR-012,2022-05-02,2022-05-03,5,1.4,1,0.0,0,Resolved,1.0,5.0
BPS-02675,Social Welfare,Old Age Pension,Post,Gaborone,SWL-001,2024-12-28,2025-01-11,21,14.8,1,0.0,0,Resolved,1.1,3.8
BPS-00095,Health,Patient Query,Digital,Kanye,HLT-003,2024-04-23,2024-04-25,7,2.2,1,0.0,0,Resolved,0.7,4.0
BPS-03757,Land Board,Consent to Transfer,In-Person,Maun,LBD-005,2024-10-19,2024-12-22,21,64.7,0,43.7,1,Resolved,1.3,1.0
BPS-02892,Social Welfare,Orphan Welfare,In-Person,Molepolole,SWL-001,2022-06-01,2022-06-05,21,4.4,1,0.0,0,Resolved,1.2,
BPS-02372,BURS,Compliance Certificate,In-Person,Kanye,BRS-012,2024-11-30,2024-12-06,10,6.1,1,0.0,0,Resolved,0.85,
BPS-04150,Works,Infrastructure Defect,In-Person,Lobatse,WRK-003,2023-01-25,2023-02-10,14,16.3,0,2.3,0,Resolved,1.2,
BPS-04433,Motor Registry,Vehicle Licensing,Digital,Serowe,MTR-005,2024-07-22,2024-07-24,5,2.5,1,0.0,0,Resolved,0.9,5.0
BPS-03229,Immigration,Border Documentation,Phone,Maun,IMG-005,2023-12-03,2023-12-31,30,28.4,1,0.0,0,Resolved,0.9,4.6
BPS-02854,Social Welfare,Old Age Pension,Digital,Maun,SWL-003,2022-11-14,2022-11-28,21,14.9,1,0.0,0,Resolved,1.1,4.5
BPS-02913,Social Welfare,Orphan Welfare,In-Person,Serowe,SWL-003,2023-01-31,2023-02-14,21,14.2,1,0.0,0,Resolved,1.2,
BPS-01866,Police,Clearance Certificate,Phone,Serowe,POL-007,2022-12-16,2022-12-17,5,1.0,1,0.0,0,Resolved,0.85,
BPS-01858,Police,Clearance Certificate,In-Person,Serowe,POL-002,2024-10-05,2024-10-08,5,3.4,1,0.0,0,Resolved,0.85,4.3
BPS-02646,Social Welfare,Destitute Support,Digital,Serowe,SWL-008,2023-03-07,2023-03-17,21,10.9,1,0.0,0,Resolved,1.3,4.1
BPS-02244,BURS,VAT Filing,In-Person,Molepolole,BRS-001,2023-07-12,2023-07-13,10,1.4,1,0.0,0,Resolved,1.0,4.0
BPS-02337,BURS,VAT Filing,Phone,Kanye,BRS-001,2024-09-15,2024-09-23,10,8.2,1,0.0,0,Resolved,1.0,4.9
BPS-00951,Education,School Admin,In-Person,Kanye,EDU-002,2022-06-18,2022-06-26,14,8.0,1,0.0,0,Resolved,0.8,4.6
BPS-03069,Social Welfare,Old Age Pension,In-Person,Molepolole,SWL-008,2024-12-03,2024-12-24,21,21.3,0,0.3,0,Resolved,1.1,
BPS-01121,Education,School Admin,Digital,Lobatse,EDU-005,2023-04-11,2023-04-19,14,8.7,1,0.0,0,Resolved,0.8,4.5
BPS-02598,Social Welfare,Old Age Pension,Digital,Molepolole,SWL-008,2022-02-19,2022-03-06,21,15.1,1,0.0,0,Resolved,1.1,3.7
BPS-02205,BURS,Compliance Certificate,In-Person,Molepolole,BRS-006,2023-01-21,2023-01-25,10,4.1,1,0.0,0,Resolved,0.85,4.2
BPS-00420,Health,Facility Request,Phone,Maun,HLT-002,2024-06-07,2024-06-12,7,5.7,1,0.0,0,Resolved,1.1,3.7
BPS-00923,Education,Student Enrollment,Digital,Gaborone,EDU-002,2024-09-09,2024-09-16,14,7.4,1,0.0,0,Resolved,0.9,4.4
BPS-01255,Education,Teacher Posting,In-Person,Gaborone,EDU-001,2023-02-06,2023-02-26,14,20.2,0,6.2,0,Resolved,1.3,2.6
BPS-00478,Health,Specialist Referral,In-Person,Lobatse,HLT-007,2022-10-23,2022-10-30,7,7.9,0,0.9,0,Resolved,1.2,3.5
BPS-02036,BURS,VAT Filing,In-Person,Serowe,BRS-007,2022-03-26,2022-04-13,10,18.2,0,8.2,1,Resolved,1.0,2.3
BPS-01203,Education,Student Enrollment,In-Person,Palapye,EDU-009,2023-09-18,2023-09-29,14,11.8,1,0.0,0,Resolved,0.9,
BPS-02627,Social Welfare,Social Grant,In-Person,Maun,SWL-002,2024-02-03,2024-02-29,21,26.9,0,5.9,0,Resolved,1.0,2.1
BPS-04819,Motor Registry,Roadworthy Certificate,Digital,Serowe,MTR-012,2024-08-12,2024-08-16,5,4.1,1,0.0,0,Resolved,1.0,5.0
BPS-01971,Police,Document Request,In-Person,Palapye,POL-005,2022-08-27,2022-08-31,5,4.5,1,0.0,0,Resolved,0.75,4.3
BPS-03111,Immigration,Permanent Residency,In-Person,Lobatse,IMG-005,2024-04-05,2024-04-26,30,21.1,1,0.0,0,Resolved,1.4,3.5
BPS-04019,Works,Property Maintenance,In-Person,Francistown,WRK-008,2023-05-23,2023-06-02,14,10.1,1,0.0,0,Resolved,1.0,
BPS-02152,BURS,Tax Registration,Digital,Molepolole,BRS-011,2022-04-06,2022-04-14,10,8.7,1,0.0,0,Resolved,0.9,4.5
BPS-03688,Land Board,Land Certificate,Digital,Francistown,LBD-005,2022-01-30,2022-03-15,21,44.2,0,23.2,1,Resolved,1.2,2.1
BPS-01998,Police,Protection Service,Phone,Francistown,POL-005,2024-01-30,2024-01-31,5,1.4,1,0.0,0,Resolved,1.3,4.1
BPS-04034,Works,Asset Management,In-Person,Kanye,WRK-003,2023-06-03,2023-06-04,14,1.4,1,0.0,0,Resolved,1.1,
BPS-03055,Social Welfare,Orphan Welfare,Post,Francistown,SWL-006,2024-12-30,2025-02-11,21,43.8,0,22.8,0,Resolved,1.2,
BPS-01249,Education,Scholarship Application,In-Person,Francistown,EDU-006,2022-11-20,2022-12-08,14,18.0,0,4.0,0,Resolved,1.4,2.8
BPS-02193,BURS,Compliance Certificate,Post,Molepolole,BRS-002,2023-03-04,2023-03-20,10,16.6,0,6.6,1,Resolved,0.85,2.3
BPS-02713,Social Welfare,Old Age Pension,Phone,Palapye,SWL-005,2023-09-07,2023-09-29,21,22.5,0,1.5,0,Resolved,1.1,3.1
BPS-00993,Education,Teacher Posting,Digital,Molepolole,EDU-004,2022-12-28,2023-01-05,14,8.8,1,0.0,0,Resolved,1.3,4.2
BPS-02191,BURS,Assessment Dispute,In-Person,Molepolole,BRS-008,2023-07-04,2023-07-07,10,3.3,1,0.0,0,Resolved,1.5,3.3
BPS-03763,Land Board,Land Allocation,Digital,Molepolole,LBD-002,2025-01-05,2025-02-10,21,36.0,0,15.0,1,Resolved,1.5,1.8
BPS-03598,Land Board,Land Allocation,Phone,Gaborone,LBD-001,2023-03-22,2023-06-18,21,88.9,0,67.9,1,Resolved,1.5,
BPS-01319,Education,Teacher Posting,In-Person,Molepolole,EDU-002,2024-03-31,2024-04-12,14,12.5,1,0.0,0,Resolved,1.3,4.6
BPS-01864,Police,Document Request,In-Person,Francistown,POL-001,2023-09-30,2023-10-01,5,1.0,1,0.0,0,Resolved,0.75,3.5
BPS-02344,BURS,Assessment Dispute,Phone,Lobatse,BRS-005,2022-09-27,2022-10-03,10,6.6,1,0.0,0,Resolved,1.5,3.6
BPS-02450,BURS,Compliance Certificate,In-Person,Gaborone,BRS-012,2022-07-15,2022-07-20,10,5.3,1,0.0,0,Resolved,0.85,4.3
BPS-02137,BURS,Assessment Dispute,Post,Lobatse,BRS-011,2024-06-20,2024-07-04,10,14.9,0,4.9,1,Resolved,1.5,2.0
BPS-01066,Education,Teacher Posting,Phone,Gaborone,EDU-009,2024-08-06,2024-08-15,14,9.1,1,0.0,0,Resolved,1.3,
BPS-04961,Motor Registry,Driver Licence,Digital,Lobatse,MTR-010,2023-05-04,2023-05-05,5,1.2,1,0.0,0,Resolved,0.95,5.0
BPS-02622,Social Welfare,Destitute Support,In-Person,Palapye,SWL-007,2022-01-02,2022-02-03,21,32.0,0,11.0,1,Resolved,1.3,2.4
BPS-00078,Health,Medical Certificate,In-Person,Serowe,HLT-007,2023-09-20,2023-09-23,7,3.7,1,0.0,0,Resolved,0.8,3.7
BPS-02899,Social Welfare,Social Grant,In-Person,Maun,SWL-004,2024-09-07,2024-09-23,21,16.2,1,0.0,0,Resolved,1.0,3.2
BPS-01315,Education,School Admin,In-Person,Kanye,EDU-006,2022-05-10,2022-05-18,14,8.6,1,0.0,0,Resolved,0.8,3.7
BPS-04373,Motor Registry,Driver Licence,In-Person,Gaborone,MTR-007,2024-12-08,2024-12-10,5,2.6,1,0.0,0,Resolved,0.95,
BPS-00873,Education,Teacher Posting,In-Person,Molepolole,EDU-006,2024-01-09,2024-01-15,14,6.4,1,0.0,0,Resolved,1.3,3.9
BPS-03851,Land Board,Land Allocation,Digital,Palapye,LBD-002,2024-11-28,2025-01-08,21,41.5,0,20.5,0,Resolved,1.5,2.4
BPS-04788,Motor Registry,Driver Licence,In-Person,Palapye,MTR-007,2022-02-01,2022-02-02,5,1.1,1,0.0,0,Resolved,0.95,4.8
BPS-02966,Social Welfare,Social Grant,Phone,Palapye,SWL-005,2022-01-08,2022-01-24,21,16.3,1,0.0,0,Resolved,1.0,
BPS-03392,Immigration,Work Permit,In-Person,Molepolole,IMG-005,2023-11-12,2023-12-04,30,22.6,1,0.0,0,Resolved,1.2,
BPS-02561,Social Welfare,Social Grant,Phone,Lobatse,SWL-001,2024-03-25,2024-04-02,21,8.5,1,0.0,0,Resolved,1.0,3.8
BPS-04897,Motor Registry,Number Plate,Phone,Gaborone,MTR-004,2022-09-21,2022-09-22,5,1.0,1,0.0,0,Resolved,0.8,5.0
BPS-02636,Social Welfare,Old Age Pension,Digital,Kanye,SWL-008,2022-11-08,2022-11-29,21,21.4,0,0.4,0,Resolved,1.1,
BPS-03531,Land Board,Land Certificate,In-Person,Molepolole,LBD-001,2023-03-05,2023-06-03,21,90.7,0,69.7,1,Resolved,1.2,
BPS-00376,Health,Facility Request,Phone,Gaborone,HLT-010,2023-01-08,2023-01-10,7,2.1,1,0.0,0,Resolved,1.1,3.5
BPS-01909,Police,Protection Service,Digital,Maun,POL-008,2023-01-18,2023-01-21,5,3.3,1,0.0,0,Resolved,1.3,4.5
BPS-04333,Motor Registry,Driver Licence,Post,Lobatse,MTR-009,2022-12-25,2022-12-29,5,4.3,1,0.0,0,Resolved,0.95,
BPS-04380,Motor Registry,Vehicle Licensing,In-Person,Molepolole,MTR-004,2024-06-02,2024-06-04,5,2.5,1,0.0,0,Resolved,0.9,
BPS-04028,Works,Utility Request,Digital,Francistown,WRK-009,2024-07-12,2024-07-19,14,7.6,1,0.0,0,Resolved,0.9,3.7
BPS-01605,Police,Clearance Certificate,In-Person,Palapye,POL-012,2024-06-05,2024-06-06,5,1.0,1,0.0,0,Resolved,0.85,4.2
BPS-01119,Education,Teacher Posting,In-Person,Lobatse,EDU-003,2024-08-20,2024-09-04,14,15.4,0,1.4,0,Resolved,1.3,3.0
BPS-03678,Land Board,Land Certificate,Digital,Serowe,LBD-004,2024-06-23,2024-07-30,21,37.9,0,16.9,0,Resolved,1.2,
BPS-03491,Land Board,Consent to Transfer,Digital,Gaborone,LBD-006,2024-01-17,2024-02-24,21,38.0,0,17.0,1,Resolved,1.3,1.6
BPS-04865,Motor Registry,Vehicle Licensing,In-Person,Gaborone,MTR-008,2022-05-24,2022-05-27,5,3.7,1,0.0,0,Resolved,0.9,
BPS-02959,Social Welfare,Old Age Pension,Digital,Serowe,SWL-004,2023-10-18,2023-11-08,21,21.7,0,0.7,0,Resolved,1.1,2.2
BPS-01995,Police,Case Registration,In-Person,Gaborone,POL-014,2024-04-24,2024-04-29,5,5.5,0,0.5,0,Resolved,1.1,2.8
BPS-04956,Motor Registry,Driver Licence,In-Person,Kanye,MTR-009,2024-08-20,2024-08-21,5,1.5,1,0.0,0,Resolved,0.95,4.9
BPS-04356,Motor Registry,Driver Licence,In-Person,Gaborone,MTR-006,2022-12-30,2023-01-02,5,3.6,1,0.0,0,Resolved,0.95,4.5
BPS-02377,BURS,Assessment Dispute,Phone,Francistown,BRS-009,2022-06-17,2022-06-25,10,8.0,1,0.0,0,Resolved,1.5,3.9
BPS-01343,Education,Teacher Posting,Post,Maun,EDU-005,2024-06-14,2024-07-04,14,20.8,0,6.8,0,Resolved,1.3,2.6
BPS-00321,Health,Specialist Referral,In-Person,Lobatse,HLT-006,2023-11-23,2023-11-30,7,7.3,0,0.3,0,Resolved,1.2,2.6
BPS-01620,Police,Document Request,In-Person,Palapye,POL-010,2023-08-07,2023-08-12,5,5.1,0,0.1,0,Resolved,0.75,
BPS-03714,Land Board,Consent to Transfer,Phone,Serowe,LBD-005,2023-02-05,2023-02-16,21,11.8,1,0.0,0,Resolved,1.3,3.2
BPS-02061,BURS,Assessment Dispute,Digital,Molepolole,BRS-009,2022-05-03,2022-05-16,10,13.8,0,3.8,0,Resolved,1.5,
BPS-02220,BURS,VAT Filing,Post,Maun,BRS-004,2022-10-18,2022-10-29,10,11.2,0,1.2,0,Resolved,1.0,2.6
BPS-01674,Police,Document Request,Phone,Kanye,POL-011,2024-08-30,2024-08-31,5,1.0,1,0.0,0,Resolved,0.75,4.4
BPS-00261,Health,Specialist Referral,Post,Palapye,HLT-002,2023-05-12,2023-05-16,7,4.6,1,0.0,0,Resolved,1.2,3.4
BPS-04418,Motor Registry,Driver Licence,In-Person,Palapye,MTR-013,2023-04-30,2023-05-01,5,1.0,1,0.0,0,Resolved,0.95,
BPS-02040,BURS,VAT Filing,Post,Lobatse,BRS-001,2023-10-20,2023-10-22,10,2.0,1,0.0,0,Resolved,1.0,4.1
BPS-00902,Education,School Admin,Digital,Kanye,EDU-001,2023-01-07,2023-01-12,14,5.8,1,0.0,0,Resolved,0.8,4.4
BPS-03745,Land Board,Land Allocation,In-Person,Maun,LBD-004,2022-02-21,2022-04-06,21,44.2,0,23.2,1,Resolved,1.5,2.1
BPS-02027,BURS,Tax Registration,In-Person,Francistown,BRS-007,2022-06-22,2022-07-06,10,14.1,0,4.1,0,Resolved,0.9,2.7
BPS-01918,Police,Case Registration,Digital,Maun,POL-007,2022-05-30,2022-05-31,5,1.0,1,0.0,0,Resolved,1.1,
BPS-01829,Police,Case Registration,In-Person,Francistown,POL-009,2023-11-26,2023-11-30,5,4.0,1,0.0,0,Resolved,1.1,3.9
BPS-01574,Police,Clearance Certificate,In-Person,Molepolole,POL-009,2022-11-21,2022-11-22,5,1.0,1,0.0,0,Resolved,0.85,3.7
BPS-04395,Motor Registry,Vehicle Licensing,In-Person,Maun,MTR-011,2022-04-08,2022-04-09,5,1.5,1,0.0,0,Resolved,0.9,4.9
BPS-04209,Works,Infrastructure Defect,Phone,Gaborone,WRK-005,2024-03-10,2024-03-19,14,9.0,1,0.0,0,Resolved,1.2,
BPS-00225,Health,Patient Query,Phone,Palapye,HLT-004,2023-10-12,2023-10-13,7,1.7,1,0.0,0,Resolved,0.7,4.1
BPS-00724,Health,Specialist Referral,Digital,Lobatse,HLT-008,2022-01-30,2022-02-05,7,6.9,1,0.0,0,Resolved,1.2,
BPS-04486,Motor Registry,Roadworthy Certificate,In-Person,Maun,MTR-015,2022-09-18,2022-09-19,5,1.1,1,0.0,0,Resolved,1.0,4.8
BPS-01142,Education,Teacher Posting,Digital,Gaborone,EDU-006,2024-02-18,2024-03-06,14,17.8,0,3.8,0,Resolved,1.3,3.4
BPS-02763,Social Welfare,Orphan Welfare,In-Person,Molepolole,SWL-004,2024-05-25,2024-06-25,21,31.1,0,10.1,1,Resolved,1.2,
BPS-00847,Education,School Admin,Digital,Francistown,EDU-009,2023-08-19,2023-08-25,14,6.8,1,0.0,0,Resolved,0.8,4.4
BPS-02552,Social Welfare,Orphan Welfare,In-Person,Lobatse,SWL-003,2022-05-06,2022-05-12,21,6.6,1,0.0,0,Resolved,1.2,
BPS-02929,Social Welfare,Old Age Pension,In-Person,Molepolole,SWL-002,2022-07-11,2022-08-13,21,33.1,0,12.1,0,Resolved,1.1,2.7
BPS-00118,Health,Patient Query,Phone,Kanye,HLT-001,2022-09-27,2022-09-29,7,2.4,1,0.0,0,Resolved,0.7,4.2
BPS-00646,Health,Specialist Referral,In-Person,Palapye,HLT-001,2024-03-04,2024-03-10,7,6.2,1,0.0,0,Resolved,1.2,
BPS-00004,Health,Specialist Referral,Digital,Lobatse,HLT-006,2022-11-15,2022-11-24,7,9.4,0,2.4,1,Resolved,1.2,3.2
BPS-04171,Works,Infrastructure Defect,In-Person,Palapye,WRK-008,2023-10-18,2023-10-23,14,5.0,1,0.0,0,Resolved,1.2,4.1
BPS-00468,Health,Specialist Referral,Digital,Kanye,HLT-006,2023-08-25,2023-09-01,7,7.4,0,0.4,0,Resolved,1.2,3.7
BPS-00006,Health,Facility Request,In-Person,Kanye,HLT-005,2023-01-29,2023-02-04,7,6.0,1,0.0,0,Resolved,1.1,
BPS-00920,Education,Scholarship Application,In-Person,Lobatse,EDU-007,2022-09-07,2022-09-23,14,16.8,0,2.8,0,Resolved,1.4,2.4
BPS-02596,Social Welfare,Orphan Welfare,Phone,Palapye,SWL-001,2024-11-06,2024-11-08,21,2.0,1,0.0,0,Resolved,1.2,
BPS-01064,Education,Student Enrollment,In-Person,Maun,EDU-007,2024-02-04,2024-02-08,14,4.2,1,0.0,0,Resolved,0.9,4.0
BPS-02591,Social Welfare,Destitute Support,Post,Palapye,SWL-003,2024-08-31,2024-10-14,21,44.2,0,23.2,0,Resolved,1.3,
BPS-00243,Health,Specialist Referral,Digital,Maun,HLT-003,2023-11-03,2023-11-10,7,7.1,0,0.1,0,Resolved,1.2,2.7
BPS-01161,Education,Student Enrollment,Digital,Francistown,EDU-003,2024-03-13,2024-03-14,14,1.4,1,0.0,0,Resolved,0.9,3.9
BPS-02871,Social Welfare,Social Grant,Digital,Molepolole,SWL-003,2023-08-29,2023-09-07,21,9.5,1,0.0,0,Resolved,1.0,4.4
BPS-03736,Land Board,Consent to Transfer,In-Person,Serowe,LBD-002,2022-11-03,2023-01-03,21,61.0,0,40.0,1,Resolved,1.3,1.6
BPS-02398,BURS,Assessment Dispute,Phone,Molepolole,BRS-001,2022-04-02,2022-04-07,10,5.3,1,0.0,0,Resolved,1.5,4.4
BPS-03518,Land Board,Land Use Approval,Phone,Lobatse,LBD-001,2023-04-09,2023-06-29,21,81.0,0,60.0,1,Resolved,1.6,2.2
BPS-03422,Immigration,Border Documentation,In-Person,Serowe,IMG-001,2022-10-29,2022-11-21,30,23.4,1,0.0,0,Resolved,0.9,
BPS-02564,Social Welfare,Social Grant,In-Person,Palapye,SWL-005,2022-12-19,2023-01-07,21,19.4,1,0.0,0,Resolved,1.0,3.6
BPS-01606,Police,Case Registration,In-Person,Francistown,POL-002,2023-10-25,2023-10-27,5,2.1,1,0.0,0,Resolved,1.1,
BPS-04829,Motor Registry,Driver Licence,Post,Serowe,MTR-002,2024-09-04,2024-09-09,5,5.0,1,0.0,0,Resolved,0.95,4.9
BPS-02325,BURS,Compliance Certificate,Digital,Serowe,BRS-009,2025-01-13,2025-01-17,10,4.5,1,0.0,0,Resolved,0.85,4.2
BPS-02710,Social Welfare,Orphan Welfare,In-Person,Serowe,SWL-003,2023-06-11,2023-07-16,21,35.3,0,14.3,1,Resolved,1.2,1.8
BPS-04399,Motor Registry,Driver Licence,In-Person,Maun,MTR-012,2024-09-23,2024-09-27,5,4.0,1,0.0,0,Resolved,0.95,
BPS-01313,Education,Scholarship Application,Phone,Palapye,EDU-005,2023-03-25,2023-04-15,14,21.4,0,7.4,0,Resolved,1.4,3.4
BPS-03449,Immigration,Border Documentation,Digital,Palapye,IMG-007,2023-09-18,2023-10-03,30,15.2,1,0.0,0,Resolved,0.9,
BPS-03813,Land Board,Land Certificate,Digital,Gaborone,LBD-006,2023-08-20,2023-09-17,21,28.6,0,7.6,1,Resolved,1.2,1.0
BPS-04656,Motor Registry,Number Plate,In-Person,Lobatse,MTR-001,2022-03-09,2022-03-15,5,6.2,0,1.2,0,Resolved,0.8,4.0
BPS-02363,BURS,Compliance Certificate,In-Person,Francistown,BRS-011,2023-10-04,2023-10-06,10,2.8,1,0.0,0,Resolved,0.85,4.6
BPS-01976,Police,Protection Service,Digital,Palapye,POL-009,2023-12-17,2023-12-19,5,2.5,1,0.0,0,Resolved,1.3,3.6
BPS-03515,Land Board,Land Certificate,In-Person,Lobatse,LBD-003,2022-06-20,2022-08-27,21,68.3,0,47.3,1,Resolved,1.2,1.0
BPS-01762,Police,Document Request,Digital,Serowe,POL-009,2024-06-09,2024-06-12,5,3.2,1,0.0,0,Resolved,0.75,
BPS-02740,Social Welfare,Destitute Support,In-Person,Serowe,SWL-003,2022-06-27,2022-07-26,21,29.5,0,8.5,0,Resolved,1.3,3.2
BPS-04845,Motor Registry,Number Plate,In-Person,Gaborone,MTR-009,2022-06-04,2022-06-06,5,2.1,1,0.0,0,Resolved,0.8,4.7
BPS-02473,BURS,VAT Filing,In-Person,Lobatse,BRS-007,2023-08-03,2023-08-08,10,5.1,1,0.0,0,Resolved,1.0,
BPS-04008,Works,Property Maintenance,Post,Palapye,WRK-009,2024-08-12,2024-08-24,14,12.2,1,0.0,0,Resolved,1.0,
BPS-01494,Police,Protection Service,Phone,Francistown,POL-004,2022-07-01,2022-07-07,5,6.7,0,1.7,0,Resolved,1.3,2.6
BPS-04207,Works,Asset Management,Digital,Kanye,WRK-007,2022-09-26,2022-10-07,14,11.4,1,0.0,0,Resolved,1.1,3.6
BPS-02159,BURS,VAT Filing,In-Person,Gaborone,BRS-009,2023-01-06,2023-01-19,10,13.2,0,3.2,1,Resolved,1.0,3.0
BPS-01170,Education,Teacher Posting,In-Person,Francistown,EDU-006,2023-03-21,2023-04-10,14,20.5,0,6.5,1,Resolved,1.3,2.3
BPS-04517,Motor Registry,Roadworthy Certificate,In-Person,Palapye,MTR-010,2024-08-09,2024-08-10,5,1.0,1,0.0,0,Resolved,1.0,4.6
BPS-00233,Health,Facility Request,In-Person,Gaborone,HLT-005,2022-01-19,2022-01-25,7,6.6,1,0.0,0,Resolved,1.1,4.5
BPS-00067,Health,Medical Certificate,Post,Serowe,HLT-006,2022-05-21,2022-05-27,7,6.3,1,0.0,0,Resolved,0.8,3.4
BPS-01604,Police,Clearance Certificate,In-Person,Maun,POL-007,2023-09-14,2023-09-17,5,3.2,1,0.0,0,Resolved,0.85,3.2
BPS-03284,Immigration,Citizenship Application,Post,Lobatse,IMG-004,2022-09-28,2022-12-04,30,67.6,0,37.6,1,Resolved,1.6,2.2
BPS-03597,Land Board,Land Allocation,In-Person,Serowe,LBD-002,2024-06-01,2024-07-16,21,45.8,0,24.8,1,Resolved,1.5,1.0
BPS-00126,Health,Facility Request,Post,Gaborone,HLT-005,2024-01-29,2024-02-15,7,17.8,0,10.8,1,Resolved,1.1,2.6
BPS-01297,Education,School Admin,In-Person,Lobatse,EDU-003,2023-06-16,2023-06-30,14,14.2,0,0.2,0,Resolved,0.8,2.8
BPS-01977,Police,Document Request,Digital,Maun,POL-006,2023-04-30,2023-05-02,5,2.7,1,0.0,0,Resolved,0.75,
BPS-04518,Motor Registry,Driver Licence,Phone,Maun,MTR-013,2022-02-11,2022-02-15,5,4.4,1,0.0,0,Resolved,0.95,
BPS-04482,Motor Registry,Driver Licence,In-Person,Francistown,MTR-004,2023-06-16,2023-06-19,5,3.1,1,0.0,0,Resolved,0.95,4.5
BPS-02076,BURS,Tax Registration,Digital,Molepolole,BRS-012,2024-06-21,2024-06-24,10,3.6,1,0.0,0,Resolved,0.9,4.6
BPS-03087,Social Welfare,Orphan Welfare,Digital,Serowe,SWL-004,2023-06-12,2023-06-27,21,15.2,1,0.0,0,Resolved,1.2,4.4
BPS-04346,Motor Registry,Driver Licence,Digital,Serowe,MTR-001,2024-05-05,2024-05-08,5,3.0,1,0.0,0,Resolved,0.95,5.0
BPS-03346,Immigration,Border Documentation,Digital,Gaborone,IMG-007,2023-03-20,2023-04-14,30,25.0,1,0.0,0,Resolved,0.9,3.5
BPS-04465,Motor Registry,Number Plate,In-Person,Maun,MTR-007,2023-11-17,2023-11-18,5,1.6,1,0.0,0,Resolved,0.8,
BPS-02798,Social Welfare,Social Grant,Phone,Gaborone,SWL-006,2023-10-31,2023-11-05,21,5.6,1,0.0,0,Resolved,1.0,3.6
BPS-00919,Education,Scholarship Application,In-Person,Lobatse,EDU-001,2024-07-18,2024-08-01,14,14.3,0,0.3,0,Resolved,1.4,2.8
BPS-01647,Police,Protection Service,Digital,Palapye,POL-012,2023-04-20,2023-04-23,5,3.1,1,0.0,0,Resolved,1.3,3.6
BPS-00365,Health,Medical Certificate,Post,Palapye,HLT-006,2025-01-20,2025-01-28,7,8.5,0,1.5,0,Resolved,0.8,2.3
BPS-03288,Immigration,Border Documentation,In-Person,Palapye,IMG-005,2023-02-20,2023-03-14,30,22.9,1,0.0,0,Resolved,0.9,2.9
BPS-02126,BURS,Assessment Dispute,Post,Gaborone,BRS-007,2024-05-29,2024-06-15,10,17.5,0,7.5,1,Resolved,1.5,2.6
BPS-04124,Works,Utility Request,In-Person,Palapye,WRK-004,2024-06-12,2024-06-24,14,12.0,1,0.0,0,Resolved,0.9,4.0
BPS-00526,Health,Specialist Referral,In-Person,Serowe,HLT-004,2023-05-11,2023-05-12,7,1.7,1,0.0,0,Resolved,1.2,
BPS-00056,Health,Medical Certificate,Phone,Maun,HLT-004,2024-11-26,2024-12-01,7,5.2,1,0.0,0,Resolved,0.8,4.1
BPS-00639,Health,Patient Query,In-Person,Gaborone,HLT-007,2024-12-03,2024-12-04,7,1.1,1,0.0,0,Resolved,0.7,4.6
BPS-00303,Health,Medical Certificate,Phone,Maun,HLT-009,2024-01-20,2024-01-25,7,5.6,1,0.0,0,Resolved,0.8,4.4
BPS-02767,Social Welfare,Old Age Pension,Post,Serowe,SWL-004,2022-12-25,2023-01-18,21,24.4,0,3.4,0,Resolved,1.1,2.8
BPS-01277,Education,Student Enrollment,Digital,Francistown,EDU-006,2022-06-08,2022-06-21,14,13.3,1,0.0,0,Resolved,0.9,
BPS-02056,BURS,Compliance Certificate,In-Person,Lobatse,BRS-006,2024-04-08,2024-04-13,10,5.7,1,0.0,0,Resolved,0.85,3.7
BPS-03645,Land Board,Land Allocation,In-Person,Francistown,LBD-005,2022-10-29,2022-12-18,21,50.2,0,29.2,0,Resolved,1.5,
BPS-04144,Works,Utility Request,In-Person,Molepolole,WRK-006,2023-11-02,2023-11-15,14,13.0,1,0.0,0,Resolved,0.9,3.7
BPS-02879,Social Welfare,Old Age Pension,Phone,Lobatse,SWL-001,2022-06-28,2022-07-17,21,19.0,1,0.0,0,Resolved,1.1,4.0
BPS-04203,Works,Infrastructure Defect,In-Person,Palapye,WRK-009,2022-12-24,2023-01-04,14,11.9,1,0.0,0,Resolved,1.2,3.7
BPS-02287,BURS,Compliance Certificate,In-Person,Kanye,BRS-001,2023-08-16,2023-08-25,10,9.5,1,0.0,0,Resolved,0.85,
BPS-02262,BURS,VAT Filing,In-Person,Serowe,BRS-003,2024-04-14,2024-04-24,10,10.3,0,0.3,1,Resolved,1.0,2.9
BPS-02297,BURS,Compliance Certificate,In-Person,Maun,BRS-011,2024-04-16,2024-04-24,10,8.8,1,0.0,0,Resolved,0.85,4.7
BPS-01754,Police,Document Request,Phone,Kanye,POL-012,2023-05-05,2023-05-06,5,1.0,1,0.0,0,Resolved,0.75,
BPS-01969,Police,Clearance Certificate,Phone,Serowe,POL-014,2023-10-18,2023-10-20,5,2.1,1,0.0,0,Resolved,0.85,3.8
BPS-04352,Motor Registry,Vehicle Licensing,Digital,Kanye,MTR-014,2022-08-02,2022-08-03,5,1.9,1,0.0,0,Resolved,0.9,
BPS-03118,Immigration,Work Permit,Post,Serowe,IMG-007,2024-09-02,2024-09-30,30,28.7,1,0.0,0,Resolved,1.2,3.8
BPS-02394,BURS,Compliance Certificate,Post,Serowe,BRS-006,2023-11-17,2023-11-21,10,4.4,1,0.0,0,Resolved,0.85,4.0
BPS-00524,Health,Patient Query,Digital,Lobatse,HLT-001,2023-05-24,2023-05-27,7,3.6,1,0.0,0,Resolved,0.7,4.7
BPS-03901,Works,Asset Management,Phone,Serowe,WRK-006,2024-01-25,2024-02-02,14,8.5,1,0.0,0,Resolved,1.1,3.9
BPS-03123,Immigration,Permanent Residency,Digital,Kanye,IMG-004,2023-05-19,2023-06-18,30,30.0,1,0.0,0,Resolved,1.4,
BPS-04157,Works,Infrastructure Defect,In-Person,Kanye,WRK-003,2024-07-06,2024-07-24,14,18.5,0,4.5,1,Resolved,1.2,1.8
BPS-01970,Police,Protection Service,Digital,Palapye,POL-008,2023-03-25,2023-03-31,5,6.4,0,1.4,0,Resolved,1.3,
BPS-00672,Health,Medical Certificate,Digital,Francistown,HLT-006,2024-09-13,2024-09-14,7,1.0,1,0.0,0,Resolved,0.8,4.3
BPS-04189,Works,Asset Management,In-Person,Francistown,WRK-001,2024-10-15,2024-10-27,14,12.7,1,0.0,0,Resolved,1.1,3.6
BPS-00667,Health,Facility Request,Digital,Maun,HLT-011,2024-08-30,2024-09-04,7,5.0,1,0.0,0,Resolved,1.1,4.7
BPS-04339,Motor Registry,Driver Licence,In-Person,Serowe,MTR-002,2024-04-14,2024-04-15,5,1.1,1,0.0,0,Resolved,0.95,5.0
BPS-01888,Police,Case Registration,Digital,Maun,POL-014,2024-04-11,2024-04-14,5,3.1,1,0.0,0,Resolved,1.1,4.0
BPS-03267,Immigration,Permanent Residency,Phone,Francistown,IMG-004,2022-08-04,2022-08-28,30,24.3,1,0.0,0,Resolved,1.4,3.8
BPS-00281,Health,Facility Request,In-Person,Molepolole,HLT-011,2022-06-25,2022-07-02,7,7.3,0,0.3,0,Resolved,1.1,
BPS-01720,Police,Clearance Certificate,In-Person,Palapye,POL-008,2024-03-19,2024-03-20,5,1.3,1,0.0,0,Resolved,0.85,3.7
BPS-02948,Social Welfare,Destitute Support,Digital,Serowe,SWL-005,2022-01-28,2022-01-29,21,1.0,1,0.0,0,Resolved,1.3,4.1
BPS-00900,Education,Student Enrollment,In-Person,Molepolole,EDU-003,2022-02-19,2022-02-26,14,7.6,1,0.0,0,Resolved,0.9,3.8
BPS-04851,Motor Registry,Number Plate,In-Person,Lobatse,MTR-003,2022-05-09,2022-05-10,5,1.0,1,0.0,0,Resolved,0.8,5.0
BPS-00761,Health,Specialist Referral,In-Person,Lobatse,HLT-001,2024-01-10,2024-01-13,7,3.4,1,0.0,0,Resolved,1.2,4.4
BPS-01907,Police,Protection Service,In-Person,Francistown,POL-001,2024-06-02,2024-06-03,5,1.0,1,0.0,0,Resolved,1.3,
BPS-04043,Works,Infrastructure Defect,Digital,Molepolole,WRK-004,2022-09-22,2022-09-25,14,3.5,1,0.0,0,Resolved,1.2,4.1
BPS-03824,Land Board,Land Allocation,Phone,Lobatse,LBD-003,2024-12-22,2025-03-01,21,69.4,0,48.4,0,Resolved,1.5,2.0
BPS-04139,Works,Utility Request,Post,Lobatse,WRK-006,2024-04-04,2024-04-22,14,18.7,0,4.7,0,Resolved,0.9,2.8
BPS-03819,Land Board,Consent to Transfer,In-Person,Maun,LBD-005,2023-05-19,2023-07-09,21,51.9,0,30.9,1,Resolved,1.3,1.9
BPS-04301,Works,Asset Management,In-Person,Francistown,WRK-009,2023-05-20,2023-06-02,14,13.1,1,0.0,0,Resolved,1.1,4.6
BPS-02594,Social Welfare,Old Age Pension,In-Person,Palapye,SWL-007,2024-06-20,2024-07-10,21,20.4,1,0.0,0,Resolved,1.1,3.6
BPS-04165,Works,Property Maintenance,In-Person,Lobatse,WRK-004,2024-08-18,2024-08-28,14,10.3,1,0.0,0,Resolved,1.0,
BPS-03032,Social Welfare,Orphan Welfare,In-Person,Francistown,SWL-001,2023-04-27,2023-05-12,21,15.1,1,0.0,0,Resolved,1.2,3.6
BPS-03580,Land Board,Land Certificate,Phone,Molepolole,LBD-002,2022-10-02,2022-11-03,21,32.1,0,11.1,1,Resolved,1.2,1.0
BPS-02833,Social Welfare,Old Age Pension,In-Person,Lobatse,SWL-006,2023-06-19,2023-07-23,21,34.6,0,13.6,1,Resolved,1.1,
BPS-03473,Land Board,Land Use Approval,In-Person,Gaborone,LBD-002,2022-01-18,2022-04-06,21,78.1,0,57.1,1,Resolved,1.6,1.0
BPS-00138,Health,Facility Request,In-Person,Francistown,HLT-002,2024-06-03,2024-06-10,7,7.1,0,0.1,0,Resolved,1.1,3.1
BPS-02181,BURS,Tax Registration,In-Person,Molepolole,BRS-007,2023-02-07,2023-02-13,10,6.1,1,0.0,0,Resolved,0.9,
BPS-02129,BURS,Compliance Certificate,Phone,Gaborone,BRS-012,2024-03-16,2024-03-23,10,7.2,1,0.0,0,Resolved,0.85,4.6
BPS-03178,Immigration,Work Permit,Digital,Lobatse,IMG-004,2023-10-26,2023-11-13,30,18.7,1,0.0,0,Resolved,1.2,3.5
BPS-04368,Motor Registry,Driver Licence,In-Person,Serowe,MTR-015,2022-06-25,2022-06-27,5,2.8,1,0.0,0,Resolved,0.95,4.9
BPS-04262,Works,Asset Management,Digital,Lobatse,WRK-002,2024-12-01,2024-12-09,14,8.1,1,0.0,0,Resolved,1.1,
BPS-04345,Motor Registry,Number Plate,In-Person,Lobatse,MTR-008,2022-03-10,2022-03-11,5,1.0,1,0.0,0,Resolved,0.8,5.0
BPS-01332,Education,Scholarship Application,Digital,Maun,EDU-006,2022-10-17,2022-11-02,14,16.3,0,2.3,0,Resolved,1.4,3.7
BPS-02018,BURS,Assessment Dispute,Digital,Palapye,BRS-002,2022-01-31,2022-02-02,10,2.8,1,0.0,0,Resolved,1.5,4.8
BPS-02483,BURS,Tax Registration,Phone,Maun,BRS-007,2023-12-28,2024-01-08,10,11.6,0,1.6,0,Resolved,0.9,
BPS-01359,Education,School Admin,Phone,Gaborone,EDU-003,2024-02-29,2024-03-04,14,4.2,1,0.0,0,Resolved,0.8,4.5
BPS-01330,Education,Student Enrollment,In-Person,Francistown,EDU-008,2022-03-21,2022-04-03,14,13.7,1,0.0,0,Resolved,0.9,3.8
BPS-02151,BURS,VAT Filing,In-Person,Lobatse,BRS-004,2023-11-09,2023-11-16,10,7.7,1,0.0,0,Resolved,1.0,4.1
BPS-02123,BURS,Tax Registration,In-Person,Francistown,BRS-012,2022-03-14,2022-03-21,10,7.2,1,0.0,0,Resolved,0.9,4.3
BPS-03982,Works,Asset Management,Digital,Gaborone,WRK-001,2023-04-27,2023-05-13,14,16.7,0,2.7,0,Resolved,1.1,
BPS-01253,Education,Student Enrollment,In-Person,Molepolole,EDU-002,2022-06-15,2022-06-18,14,3.1,1,0.0,0,Resolved,0.9,
BPS-03279,Immigration,Border Documentation,Digital,Serowe,IMG-003,2022-01-05,2022-01-21,30,16.4,1,0.0,0,Resolved,0.9,
BPS-03375,Immigration,Permanent Residency,Phone,Lobatse,IMG-007,2023-09-13,2023-09-27,30,14.3,1,0.0,0,Resolved,1.4,
BPS-02815,Social Welfare,Social Grant,Post,Kanye,SWL-004,2023-07-10,2023-08-18,21,39.1,0,18.1,0,Resolved,1.0,3.0
BPS-01849,Police,Clearance Certificate,In-Person,Lobatse,POL-013,2022-06-18,2022-06-22,5,4.9,1,0.0,0,Resolved,0.85,3.9
BPS-03038,Social Welfare,Destitute Support,Phone,Lobatse,SWL-002,2023-09-15,2023-10-06,21,21.2,0,0.2,0,Resolved,1.3,3.1
BPS-00389,Health,Patient Query,Digital,Francistown,HLT-003,2022-06-25,2022-06-28,7,3.5,1,0.0,0,Resolved,0.7,3.7
BPS-00236,Health,Specialist Referral,In-Person,Molepolole,HLT-011,2024-05-25,2024-06-03,7,9.3,0,2.3,0,Resolved,1.2,
BPS-01078,Education,Teacher Posting,In-Person,Serowe,EDU-003,2022-09-04,2022-09-16,14,12.6,1,0.0,0,Resolved,1.3,4.2
BPS-01985,Police,Protection Service,In-Person,Palapye,POL-006,2023-05-25,2023-06-02,5,8.4,0,3.4,0,Resolved,1.3,
BPS-04364,Motor Registry,Number Plate,Phone,Maun,MTR-012,2024-04-26,2024-04-27,5,1.8,1,0.0,0,Resolved,0.8,4.8
BPS-03963,Works,Asset Management,Phone,Serowe,WRK-007,2022-12-31,2023-01-11,14,11.0,1,0.0,0,Resolved,1.1,3.9
BPS-00771,Health,Specialist Referral,Digital,Maun,HLT-004,2023-12-21,2023-12-28,7,7.5,0,0.5,0,Resolved,1.2,3.0
BPS-02166,BURS,Tax Registration,In-Person,Serowe,BRS-009,2023-08-27,2023-08-29,10,2.7,1,0.0,0,Resolved,0.9,4.1
BPS-00674,Health,Medical Certificate,Digital,Lobatse,HLT-009,2022-04-19,2022-04-22,7,3.9,1,0.0,0,Resolved,0.8,
BPS-00250,Health,Medical Certificate,Phone,Palapye,HLT-005,2025-01-20,2025-01-24,7,4.5,1,0.0,0,Resolved,0.8,
BPS-01575,Police,Document Request,Digital,Francistown,POL-004,2022-10-28,2022-10-31,5,3.1,1,0.0,0,Resolved,0.75,
BPS-03420,Immigration,Permanent Residency,In-Person,Francistown,IMG-004,2023-04-03,2023-05-03,30,30.7,0,0.7,0,Resolved,1.4,2.0
BPS-02082,BURS,Tax Registration,In-Person,Palapye,BRS-006,2022-09-30,2022-10-09,10,9.4,1,0.0,0,Resolved,0.9,4.0
BPS-01824,Police,Clearance Certificate,In-Person,Kanye,POL-009,2024-07-16,2024-07-20,5,4.4,1,0.0,0,Resolved,0.85,5.0
BPS-00717,Health,Medical Certificate,In-Person,Francistown,HLT-002,2023-04-27,2023-05-02,7,5.0,1,0.0,0,Resolved,0.8,3.5
BPS-04669,Motor Registry,Driver Licence,Digital,Molepolole,MTR-005,2023-03-20,2023-03-21,5,1.0,1,0.0,0,Resolved,0.95,5.0
BPS-02049,BURS,Compliance Certificate,Post,Molepolole,BRS-004,2022-04-02,2022-04-09,10,7.2,1,0.0,0,Resolved,0.85,
BPS-04179,Works,Infrastructure Defect,In-Person,Maun,WRK-001,2022-06-30,2022-07-26,14,26.3,0,12.3,0,Resolved,1.2,2.7
BPS-02725,Social Welfare,Destitute Support,In-Person,Serowe,SWL-004,2024-12-19,2025-01-28,21,40.5,0,19.5,0,Resolved,1.3,2.7
BPS-04522,Motor Registry,Vehicle Licensing,Digital,Gaborone,MTR-001,2023-06-28,2023-06-30,5,2.0,1,0.0,0,Resolved,0.9,4.9
BPS-01461,Police,Protection Service,In-Person,Francistown,POL-014,2023-12-28,2024-01-01,5,4.5,1,0.0,0,Resolved,1.3,
BPS-01669,Police,Document Request,Digital,Francistown,POL-007,2022-11-14,2022-11-17,5,3.5,1,0.0,0,Resolved,0.75,4.2
BPS-02757,Social Welfare,Destitute Support,In-Person,Palapye,SWL-002,2023-04-01,2023-04-24,21,23.9,0,2.9,0,Resolved,1.3,
BPS-02001,BURS,Tax Registration,In-Person,Molepolole,BRS-001,2023-04-16,2023-04-22,10,6.0,1,0.0,0,Resolved,0.9,4.4
BPS-00405,Health,Patient Query,In-Person,Francistown,HLT-005,2023-08-07,2023-08-10,7,3.7,1,0.0,0,Resolved,0.7,4.0
BPS-00385,Health,Facility Request,In-Person,Gaborone,HLT-006,2024-05-25,2024-05-30,7,5.9,1,0.0,0,Resolved,1.1,4.4
BPS-04536,Motor Registry,Number Plate,In-Person,Serowe,MTR-012,2023-09-02,2023-09-04,5,2.4,1,0.0,0,Resolved,0.8,4.2
BPS-02153,BURS,Compliance Certificate,Digital,Gaborone,BRS-004,2022-11-07,2022-11-12,10,5.2,1,0.0,0,Resolved,0.85,4.4
BPS-01634,Police,Protection Service,In-Person,Gaborone,POL-002,2024-03-04,2024-03-12,5,8.7,0,3.7,0,Resolved,1.3,
BPS-04587,Motor Registry,Number Plate,Digital,Kanye,MTR-006,2022-01-23,2022-01-25,5,2.7,1,0.0,0,Resolved,0.8,4.6
BPS-03926,Works,Infrastructure Defect,In-Person,Serowe,WRK-006,2023-12-18,2023-12-31,14,13.4,1,0.0,0,Resolved,1.2,
BPS-04159,Works,Infrastructure Defect,In-Person,Molepolole,WRK-005,2024-05-02,2024-05-13,14,11.2,1,0.0,0,Resolved,1.2,
BPS-00224,Health,Patient Query,Digital,Serowe,HLT-004,2023-07-26,2023-07-27,7,1.0,1,0.0,0,Resolved,0.7,4.2
BPS-02194,BURS,Tax Registration,Digital,Kanye,BRS-001,2023-09-20,2023-09-21,10,1.0,1,0.0,0,Resolved,0.9,
BPS-03137,Immigration,Work Permit,Digital,Molepolole,IMG-006,2024-04-27,2024-05-25,30,28.7,1,0.0,0,Resolved,1.2,4.5
BPS-01825,Police,Clearance Certificate,Post,Maun,POL-007,2024-06-30,2024-07-04,5,4.7,1,0.0,0,Resolved,0.85,
BPS-04601,Motor Registry,Driver Licence,Post,Francistown,MTR-007,2024-05-17,2024-05-19,5,2.5,1,0.0,0,Resolved,0.95,5.0
BPS-00798,Health,Medical Certificate,Digital,Francistown,HLT-005,2024-12-23,2024-12-26,7,3.9,1,0.0,0,Resolved,0.8,4.3
BPS-02872,Social Welfare,Old Age Pension,In-Person,Lobatse,SWL-001,2023-01-13,2023-02-05,21,23.6,0,2.6,0,Resolved,1.1,
BPS-00010,Health,Medical Certificate,Phone,Lobatse,HLT-007,2022-05-16,2022-05-22,7,6.2,1,0.0,0,Resolved,0.8,4.9
BPS-01945,Police,Document Request,In-Person,Francistown,POL-007,2024-12-08,2024-12-11,5,3.7,1,0.0,0,Resolved,0.75,3.9
BPS-01839,Police,Case Registration,Digital,Molepolole,POL-004,2023-12-09,2023-12-11,5,2.9,1,0.0,0,Resolved,1.1,4.1
BPS-00256,Health,Patient Query,Post,Molepolole,HLT-011,2024-12-10,2024-12-13,7,3.7,1,0.0,0,Resolved,0.7,
BPS-04509,Motor Registry,Roadworthy Certificate,In-Person,Serowe,MTR-015,2024-01-25,2024-01-27,5,2.8,1,0.0,0,Resolved,1.0,4.3
BPS-01582,Police,Document Request,In-Person,Palapye,POL-012,2022-06-14,2022-06-18,5,4.7,1,0.0,0,Resolved,0.75,4.0
BPS-02957,Social Welfare,Destitute Support,Digital,Gaborone,SWL-003,2025-01-23,2025-02-14,21,22.3,0,1.3,0,Resolved,1.3,2.8
BPS-00925,Education,Scholarship Application,Digital,Francistown,EDU-004,2024-06-17,2024-07-03,14,16.7,0,2.7,0,Resolved,1.4,
BPS-04430,Motor Registry,Driver Licence,Phone,Francistown,MTR-010,2022-12-07,2022-12-10,5,3.0,1,0.0,0,Resolved,0.95,4.4
BPS-02509,Social Welfare,Social Grant,Digital,Palapye,SWL-004,2022-05-06,2022-05-12,21,6.4,1,0.0,0,Resolved,1.0,4.5
BPS-03776,Land Board,Land Use Approval,Phone,Kanye,LBD-001,2022-02-26,2022-05-19,21,82.2,0,61.2,1,Resolved,1.6,
BPS-04137,Works,Utility Request,In-Person,Serowe,WRK-004,2025-01-11,2025-01-22,14,11.3,1,0.0,0,Resolved,0.9,
BPS-02780,Social Welfare,Destitute Support,In-Person,Francistown,SWL-008,2023-11-02,2023-11-30,21,28.5,0,7.5,0,Resolved,1.3,
BPS-00540,Health,Facility Request,Digital,Maun,HLT-008,2022-12-10,2022-12-12,7,2.0,1,0.0,0,Resolved,1.1,3.6
BPS-02746,Social Welfare,Orphan Welfare,In-Person,Gaborone,SWL-002,2024-07-15,2024-08-03,21,19.3,1,0.0,0,Resolved,1.2,
BPS-04499,Motor Registry,Vehicle Licensing,Phone,Molepolole,MTR-007,2024-08-17,2024-08-18,5,1.7,1,0.0,0,Resolved,0.9,4.5
BPS-04572,Motor Registry,Roadworthy Certificate,Digital,Lobatse,MTR-013,2024-11-02,2024-11-03,5,1.8,1,0.0,0,Resolved,1.0,4.6
BPS-01146,Education,School Admin,Digital,Molepolole,EDU-003,2023-12-28,2024-01-04,14,7.6,1,0.0,0,Resolved,0.8,4.1
BPS-00668,Health,Patient Query,Phone,Lobatse,HLT-003,2022-09-15,2022-09-22,7,7.0,1,0.0,0,Resolved,0.7,
BPS-03020,Social Welfare,Old Age Pension,Digital,Palapye,SWL-002,2022-09-17,2022-10-02,21,15.6,1,0.0,0,Resolved,1.1,4.4
BPS-00358,Health,Facility Request,Digital,Serowe,HLT-009,2022-07-13,2022-07-15,7,2.4,1,0.0,0,Resolved,1.1,
BPS-02832,Social Welfare,Destitute Support,In-Person,Francistown,SWL-001,2022-03-23,2022-04-07,21,15.3,1,0.0,0,Resolved,1.3,3.9
BPS-02784,Social Welfare,Social Grant,Phone,Kanye,SWL-006,2022-11-20,2022-11-29,21,9.1,1,0.0,0,Resolved,1.0,3.3
BPS-01354,Education,School Admin,Digital,Palapye,EDU-002,2022-06-30,2022-07-08,14,8.7,1,0.0,0,Resolved,0.8,4.5
BPS-00471,Health,Patient Query,Digital,Palapye,HLT-009,2024-09-23,2024-09-27,7,4.7,1,0.0,0,Resolved,0.7,
BPS-02704,Social Welfare,Social Grant,In-Person,Palapye,SWL-007,2024-01-22,2024-02-15,21,24.3,0,3.3,0,Resolved,1.0,2.4
BPS-03331,Immigration,Citizenship Application,In-Person,Molepolole,IMG-002,2023-09-28,2023-11-23,30,56.1,0,26.1,1,Resolved,1.6,1.8
BPS-03638,Land Board,Land Use Approval,Digital,Palapye,LBD-004,2022-09-13,2022-11-13,21,61.4,0,40.4,1,Resolved,1.6,1.3
BPS-01397,Education,Student Enrollment,Digital,Palapye,EDU-002,2023-12-09,2023-12-13,14,4.9,1,0.0,0,Resolved,0.9,4.7
BPS-03585,Land Board,Consent to Transfer,In-Person,Maun,LBD-006,2023-09-07,2023-11-11,21,65.4,0,44.4,0,Resolved,1.3,1.8
BPS-04487,Motor Registry,Roadworthy Certificate,Phone,Palapye,MTR-009,2024-02-29,2024-03-03,5,3.0,1,0.0,0,Resolved,1.0,5.0
BPS-03377,Immigration,Citizenship Application,Phone,Palapye,IMG-002,2022-06-07,2022-07-11,30,34.4,0,4.4,0,Resolved,1.6,2.3
BPS-01257,Education,Student Enrollment,Phone,Kanye,EDU-006,2023-02-01,2023-02-15,14,14.2,0,0.2,0,Resolved,0.9,
BPS-03513,Land Board,Land Allocation,Phone,Molepolole,LBD-001,2024-02-14,2024-05-30,21,106.4,0,85.4,1,Resolved,1.5,1.5
BPS-01251,Education,Student Enrollment,In-Person,Serowe,EDU-005,2023-11-17,2023-11-29,14,12.0,1,0.0,0,Resolved,0.9,
BPS-04808,Motor Registry,Driver Licence,In-Person,Maun,MTR-007,2023-07-25,2023-07-28,5,3.2,1,0.0,0,Resolved,0.95,
BPS-04299,Works,Property Maintenance,Digital,Maun,WRK-002,2024-10-26,2024-10-31,14,5.6,1,0.0,0,Resolved,1.0,3.7
BPS-03285,Immigration,Border Documentation,Digital,Palapye,IMG-006,2025-01-19,2025-01-25,30,6.6,1,0.0,0,Resolved,0.9,
BPS-02934,Social Welfare,Old Age Pension,In-Person,Kanye,SWL-008,2022-03-30,2022-04-27,21,28.2,0,7.2,0,Resolved,1.1,2.5
BPS-04176,Works,Property Maintenance,Phone,Gaborone,WRK-001,2023-05-02,2023-05-14,14,12.8,1,0.0,0,Resolved,1.0,3.3
BPS-01853,Police,Case Registration,Phone,Francistown,POL-012,2024-01-25,2024-01-26,5,1.9,1,0.0,0,Resolved,1.1,4.5
BPS-04870,Motor Registry,Driver Licence,Post,Palapye,MTR-007,2023-01-21,2023-01-25,5,4.3,1,0.0,0,Resolved,0.95,4.6
BPS-02106,BURS,Tax Registration,Digital,Maun,BRS-011,2023-07-29,2023-08-08,10,10.0,1,0.0,0,Resolved,0.9,4.8
BPS-00134,Health,Facility Request,In-Person,Palapye,HLT-002,2024-06-27,2024-07-05,7,8.8,0,1.8,0,Resolved,1.1,
BPS-00929,Education,Student Enrollment,In-Person,Palapye,EDU-001,2024-11-25,2024-12-11,14,16.4,0,2.4,1,Resolved,0.9,2.5
BPS-00824,Education,Teacher Posting,Post,Gaborone,EDU-002,2024-12-12,2024-12-26,14,14.0,1,0.0,0,Resolved,1.3,4.5
BPS-04544,Motor Registry,Driver Licence,Phone,Palapye,MTR-012,2023-05-20,2023-05-21,5,1.1,1,0.0,0,Resolved,0.95,
BPS-01532,Police,Document Request,Post,Kanye,POL-002,2023-01-05,2023-01-06,5,1.0,1,0.0,0,Resolved,0.75,
BPS-01215,Education,Teacher Posting,Digital,Maun,EDU-005,2023-09-14,2023-09-22,14,8.9,1,0.0,0,Resolved,1.3,4.4
BPS-00505,Health,Medical Certificate,Phone,Molepolole,HLT-011,2024-12-05,2024-12-06,7,1.3,1,0.0,0,Resolved,0.8,4.4
BPS-04286,Works,Utility Request,Digital,Palapye,WRK-009,2024-11-05,2024-11-11,14,6.6,1,0.0,0,Resolved,0.9,3.2
BPS-01997,Police,Case Registration,In-Person,Molepolole,POL-006,2024-10-13,2024-10-16,5,3.0,1,0.0,0,Resolved,1.1,3.6
BPS-03073,Social Welfare,Destitute Support,In-Person,Francistown,SWL-003,2024-09-07,2024-10-01,21,24.6,0,3.6,0,Resolved,1.3,1.9
BPS-01959,Police,Case Registration,In-Person,Maun,POL-010,2022-01-15,2022-01-21,5,6.0,0,1.0,1,Resolved,1.1,1.7
BPS-01385,Education,Scholarship Application,In-Person,Molepolole,EDU-006,2022-02-05,2022-02-25,14,20.0,0,6.0,1,Resolved,1.4,
BPS-00895,Education,Teacher Posting,Phone,Francistown,EDU-006,2024-04-18,2024-05-07,14,19.1,0,5.1,0,Resolved,1.3,
BPS-00456,Health,Patient Query,Digital,Palapye,HLT-006,2024-05-04,2024-05-05,7,1.0,1,0.0,0,Resolved,0.7,3.5
BPS-04880,Motor Registry,Vehicle Licensing,In-Person,Gaborone,MTR-011,2022-08-31,2022-09-04,5,4.6,1,0.0,0,Resolved,0.9,4.6
BPS-03710,Land Board,Land Allocation,Post,Palapye,LBD-004,2024-01-14,2024-04-14,21,91.0,0,70.0,1,Resolved,1.5,1.0
BPS-04619,Motor Registry,Driver Licence,In-Person,Gaborone,MTR-014,2024-10-23,2024-10-27,5,4.8,1,0.0,0,Resolved,0.95,4.7
BPS-04269,Works,Property Maintenance,Digital,Kanye,WRK-005,2022-06-19,2022-06-22,14,3.8,1,0.0,0,Resolved,1.0,4.5
BPS-03523,Land Board,Land Use Approval,In-Person,Palapye,LBD-005,2023-07-05,2023-08-22,21,48.6,0,27.6,1,Resolved,1.6,1.0
BPS-04135,Works,Property Maintenance,Digital,Maun,WRK-008,2022-12-05,2022-12-15,14,10.8,1,0.0,0,Resolved,1.0,3.6
BPS-03603,Land Board,Land Allocation,In-Person,Gaborone,LBD-006,2023-10-09,2024-02-13,21,127.9,0,106.9,1,Resolved,1.5,1.0
BPS-00714,Health,Patient Query,Phone,Serowe,HLT-009,2024-08-08,2024-08-12,7,4.8,1,0.0,0,Resolved,0.7,3.4
BPS-04187,Works,Utility Request,Digital,Palapye,WRK-007,2024-10-04,2024-10-19,14,15.6,0,1.6,0,Resolved,0.9,
BPS-02215,BURS,VAT Filing,Phone,Maun,BRS-004,2023-04-10,2023-04-15,10,5.4,1,0.0,0,Resolved,1.0,4.3
BPS-02924,Social Welfare,Destitute Support,In-Person,Gaborone,SWL-002,2023-08-01,2023-08-24,21,23.8,0,2.8,0,Resolved,1.3,2.5
BPS-01811,Police,Document Request,In-Person,Serowe,POL-008,2023-05-17,2023-05-18,5,1.5,1,0.0,0,Resolved,0.75,4.6
BPS-03487,Land Board,Land Certificate,In-Person,Palapye,LBD-003,2022-03-27,2022-06-26,21,91.5,0,70.5,1,Resolved,1.2,
BPS-03142,Immigration,Permanent Residency,Phone,Francistown,IMG-007,2024-02-11,2024-02-18,30,7.6,1,0.0,0,Resolved,1.4,
BPS-01828,Police,Clearance Certificate,In-Person,Serowe,POL-003,2022-09-16,2022-09-22,5,6.0,0,1.0,0,Resolved,0.85,2.7
BPS-01156,Education,School Admin,In-Person,Francistown,EDU-008,2023-12-20,2024-01-04,14,15.0,0,1.0,0,Resolved,0.8,2.6
BPS-01325,Education,Scholarship Application,In-Person,Francistown,EDU-002,2022-12-13,2022-12-30,14,17.1,0,3.1,0,Resolved,1.4,
BPS-04313,Works,Utility Request,In-Person,Molepolole,WRK-004,2023-12-04,2023-12-17,14,13.6,1,0.0,0,Resolved,0.9,3.7
BPS-00511,Health,Facility Request,In-Person,Palapye,HLT-009,2023-06-04,2023-06-13,7,9.0,0,2.0,0,Resolved,1.1,2.7
BPS-01681,Police,Clearance Certificate,In-Person,Molepolole,POL-013,2024-01-11,2024-01-17,5,6.0,0,1.0,0,Resolved,0.85,2.3
BPS-00500,Health,Facility Request,Digital,Gaborone,HLT-010,2023-08-04,2023-08-06,7,2.2,1,0.0,0,Resolved,1.1,4.2
BPS-04537,Motor Registry,Number Plate,Digital,Maun,MTR-002,2024-02-15,2024-02-17,5,2.9,1,0.0,0,Resolved,0.8,5.0
BPS-01857,Police,Case Registration,In-Person,Palapye,POL-010,2024-12-13,2024-12-18,5,5.7,0,0.7,1,Resolved,1.1,
BPS-01389,Education,School Admin,Digital,Kanye,EDU-002,2023-09-11,2023-09-17,14,6.3,1,0.0,0,Resolved,0.8,4.4
BPS-03720,Land Board,Land Allocation,In-Person,Serowe,LBD-005,2023-07-14,2023-09-20,21,68.1,0,47.1,1,Resolved,1.5,1.0
BPS-02387,BURS,Compliance Certificate,Digital,Kanye,BRS-004,2023-05-11,2023-05-15,10,4.4,1,0.0,0,Resolved,0.85,
BPS-03237,Immigration,Work Permit,Digital,Palapye,IMG-002,2024-05-28,2024-06-25,30,28.1,1,0.0,0,Resolved,1.2,3.7
BPS-01541,Police,Document Request,Digital,Serowe,POL-001,2022-07-22,2022-07-23,5,1.6,1,0.0,0,Resolved,0.75,
BPS-01218,Education,Teacher Posting,Post,Maun,EDU-005,2023-02-07,2023-02-25,14,18.7,0,4.7,0,Resolved,1.3,
BPS-02682,Social Welfare,Old Age Pension,Phone,Gaborone,SWL-007,2022-09-26,2022-10-12,21,16.5,1,0.0,0,Resolved,1.1,
BPS-02994,Social Welfare,Orphan Welfare,Phone,Kanye,SWL-001,2022-02-18,2022-03-08,21,18.2,1,0.0,0,Resolved,1.2,3.0
BPS-01192,Education,Scholarship Application,Digital,Serowe,EDU-004,2022-06-09,2022-06-15,14,6.4,1,0.0,0,Resolved,1.4,
BPS-01543,Police,Protection Service,In-Person,Francistown,POL-012,2023-08-18,2023-08-28,5,10.5,0,5.5,0,Resolved,1.3,2.6
BPS-03302,Immigration,Permanent Residency,In-Person,Maun,IMG-002,2024-07-10,2024-08-05,30,26.3,1,0.0,0,Resolved,1.4,2.9
BPS-03325,Immigration,Permanent Residency,In-Person,Palapye,IMG-004,2023-05-26,2023-07-16,30,51.9,0,21.9,1,Resolved,1.4,1.2
BPS-02540,Social Welfare,Old Age Pension,In-Person,Serowe,SWL-004,2023-02-27,2023-03-20,21,21.6,0,0.6,0,Resolved,1.1,
BPS-00954,Education,Scholarship Application,In-Person,Lobatse,EDU-005,2023-12-11,2024-01-05,14,25.4,0,11.4,0,Resolved,1.4,2.4
BPS-04331,Motor Registry,Vehicle Licensing,Digital,Francistown,MTR-005,2023-03-08,2023-03-11,5,3.3,1,0.0,0,Resolved,0.9,5.0
BPS-00733,Health,Medical Certificate,Digital,Maun,HLT-004,2023-11-17,2023-11-21,7,4.2,1,0.0,0,Resolved,0.8,4.5
BPS-01157,Education,School Admin,In-Person,Serowe,EDU-006,2024-11-05,2024-11-11,14,6.3,1,0.0,0,Resolved,0.8,4.9
BPS-03295,Immigration,Work Permit,In-Person,Palapye,IMG-004,2023-06-02,2023-06-20,30,18.5,1,0.0,0,Resolved,1.2,
BPS-02983,Social Welfare,Orphan Welfare,In-Person,Maun,SWL-003,2023-04-11,2023-05-09,21,28.6,0,7.6,1,Resolved,1.2,
BPS-02157,BURS,VAT Filing,Phone,Maun,BRS-012,2024-07-26,2024-07-31,10,5.3,1,0.0,0,Resolved,1.0,
BPS-01063,Education,Student Enrollment,Digital,Serowe,EDU-003,2022-12-25,2023-01-06,14,12.2,1,0.0,0,Resolved,0.9,4.7
BPS-02617,Social Welfare,Old Age Pension,Phone,Francistown,SWL-004,2024-07-23,2024-08-06,21,14.5,1,0.0,0,Resolved,1.1,
BPS-01168,Education,Teacher Posting,Digital,Francistown,EDU-001,2023-12-04,2023-12-17,14,13.9,1,0.0,0,Resolved,1.3,4.4
BPS-03223,Immigration,Border Documentation,Post,Kanye,IMG-003,2024-12-15,2025-01-27,30,43.4,0,13.4,1,Resolved,0.9,
BPS-03637,Land Board,Consent to Transfer,In-Person,Maun,LBD-003,2025-01-14,2025-03-10,21,55.1,0,34.1,1,Resolved,1.3,1.4
BPS-02939,Social Welfare,Social Grant,In-Person,Palapye,SWL-001,2023-04-04,2023-04-09,21,5.2,1,0.0,0,Resolved,1.0,
BPS-04492,Motor Registry,Number Plate,Phone,Molepolole,MTR-008,2022-12-01,2022-12-02,5,1.9,1,0.0,0,Resolved,0.8,
BPS-03141,Immigration,Work Permit,Phone,Lobatse,IMG-005,2022-06-05,2022-07-14,30,39.2,0,9.2,0,Resolved,1.2,1.7
BPS-00144,Health,Medical Certificate,Digital,Molepolole,HLT-004,2024-05-09,2024-05-12,7,3.2,1,0.0,0,Resolved,0.8,4.4
BPS-03578,Land Board,Land Allocation,Post,Kanye,LBD-004,2024-06-02,2024-08-10,21,69.2,0,48.2,1,Resolved,1.5,1.0
BPS-02783,Social Welfare,Social Grant,Phone,Serowe,SWL-007,2022-05-17,2022-05-24,21,7.2,1,0.0,0,Resolved,1.0,3.4
BPS-00718,Health,Specialist Referral,Digital,Serowe,HLT-006,2022-08-14,2022-08-19,7,5.4,1,0.0,0,Resolved,1.2,4.5
BPS-01820,Police,Case Registration,Digital,Serowe,POL-004,2023-02-09,2023-02-11,5,2.5,1,0.0,0,Resolved,1.1,4.5
BPS-02503,Social Welfare,Social Grant,Phone,Kanye,SWL-002,2024-08-25,2024-09-08,21,14.3,1,0.0,0,Resolved,1.0,4.1
BPS-04361,Motor Registry,Driver Licence,In-Person,Francistown,MTR-007,2024-12-11,2024-12-14,5,3.1,1,0.0,0,Resolved,0.95,
BPS-04172,Works,Property Maintenance,Digital,Francistown,WRK-002,2024-08-06,2024-08-13,14,7.7,1,0.0,0,Resolved,1.0,4.4
BPS-00396,Health,Patient Query,Phone,Molepolole,HLT-005,2024-09-21,2024-09-23,7,2.0,1,0.0,0,Resolved,0.7,
BPS-04837,Motor Registry,Number Plate,In-Person,Gaborone,MTR-014,2022-03-08,2022-03-10,5,2.7,1,0.0,0,Resolved,0.8,
BPS-04493,Motor Registry,Driver Licence,In-Person,Lobatse,MTR-004,2022-09-09,2022-09-10,5,1.0,1,0.0,0,Resolved,0.95,4.8
BPS-01366,Education,Scholarship Application,In-Person,Lobatse,EDU-007,2022-03-24,2022-04-10,14,17.1,0,3.1,0,Resolved,1.4,2.7
BPS-04559,Motor Registry,Roadworthy Certificate,Digital,Gaborone,MTR-001,2025-01-10,2025-01-11,5,1.0,1,0.0,0,Resolved,1.0,5.0
BPS-00596,Health,Medical Certificate,Digital,Maun,HLT-004,2023-08-13,2023-08-17,7,4.1,1,0.0,0,Resolved,0.8,
BPS-03953,Works,Property Maintenance,Phone,Lobatse,WRK-005,2022-09-11,2022-10-05,14,24.0,0,10.0,1,Resolved,1.0,
BPS-02915,Social Welfare,Destitute Support,In-Person,Serowe,SWL-007,2022-10-15,2022-11-14,21,30.9,0,9.9,0,Resolved,1.3,1.8
BPS-02327,BURS,VAT Filing,Digital,Francistown,BRS-006,2022-10-11,2022-10-13,10,2.7,1,0.0,0,Resolved,1.0,4.7
BPS-03767,Land Board,Land Certificate,Digital,Francistown,LBD-005,2022-08-19,2022-09-15,21,27.3,0,6.3,0,Resolved,1.2,1.8
BPS-03441,Immigration,Citizenship Application,Digital,Francistown,IMG-003,2024-06-13,2024-07-13,30,30.9,0,0.9,0,Resolved,1.6,2.3
BPS-03852,Land Board,Consent to Transfer,Digital,Palapye,LBD-003,2024-11-30,2025-01-22,21,53.4,0,32.4,1,Resolved,1.3,1.8
BPS-04133,Works,Asset Management,Digital,Gaborone,WRK-001,2023-07-20,2023-08-03,14,14.3,0,0.3,0,Resolved,1.1,
BPS-04592,Motor Registry,Driver Licence,Digital,Palapye,MTR-014,2022-12-04,2022-12-05,5,1.8,1,0.0,0,Resolved,0.95,5.0
BPS-02144,BURS,Compliance Certificate,In-Person,Molepolole,BRS-001,2024-09-24,2024-09-30,10,6.4,1,0.0,0,Resolved,0.85,4.0
BPS-01572,Police,Clearance Certificate,Post,Francistown,POL-005,2024-01-14,2024-01-15,5,1.2,1,0.0,0,Resolved,0.85,3.7
BPS-04080,Works,Asset Management,Phone,Serowe,WRK-009,2024-04-14,2024-04-25,14,11.0,1,0.0,0,Resolved,1.1,3.7
BPS-01123,Education,Student Enrollment,Phone,Palapye,EDU-008,2023-10-04,2023-10-15,14,11.1,1,0.0,0,Resolved,0.9,3.8
BPS-02787,Social Welfare,Orphan Welfare,Phone,Molepolole,SWL-005,2024-09-12,2024-09-26,21,14.6,1,0.0,0,Resolved,1.2,4.1
BPS-02968,Social Welfare,Social Grant,Digital,Maun,SWL-005,2022-07-13,2022-07-20,21,7.2,1,0.0,0,Resolved,1.0,3.6
BPS-02505,Social Welfare,Orphan Welfare,Phone,Francistown,SWL-008,2023-12-01,2023-12-12,21,11.1,1,0.0,0,Resolved,1.2,3.9
BPS-03466,Land Board,Land Allocation,Post,Kanye,LBD-001,2024-12-22,2025-02-03,21,43.5,0,22.5,1,Resolved,1.5,1.0
BPS-00676,Health,Specialist Referral,In-Person,Lobatse,HLT-010,2023-06-18,2023-06-23,7,5.7,1,0.0,0,Resolved,1.2,
BPS-02809,Social Welfare,Destitute Support,In-Person,Molepolole,SWL-003,2024-04-07,2024-05-08,21,31.4,0,10.4,0,Resolved,1.3,2.7
BPS-03349,Immigration,Permanent Residency,Post,Gaborone,IMG-005,2023-12-19,2024-02-13,30,56.0,0,26.0,1,Resolved,1.4,1.3
BPS-00729,Health,Facility Request,In-Person,Molepolole,HLT-003,2023-01-14,2023-01-19,7,5.3,1,0.0,0,Resolved,1.1,3.6
BPS-00413,Health,Specialist Referral,In-Person,Palapye,HLT-004,2024-01-05,2024-01-06,7,1.0,1,0.0,0,Resolved,1.2,4.0
BPS-03147,Immigration,Work Permit,Post,Molepolole,IMG-003,2022-06-30,2022-07-30,30,30.3,0,0.3,0,Resolved,1.2,2.4
BPS-01517,Police,Protection Service,Digital,Serowe,POL-002,2023-12-15,2023-12-21,5,6.3,0,1.3,0,Resolved,1.3,2.3
BPS-00826,Education,Teacher Posting,Digital,Serowe,EDU-005,2024-05-06,2024-05-23,14,17.2,0,3.2,1,Resolved,1.3,3.2
BPS-03268,Immigration,Border Documentation,In-Person,Kanye,IMG-004,2023-08-17,2023-09-06,30,20.4,1,0.0,0,Resolved,0.9,3.2
BPS-03975,Works,Utility Request,In-Person,Gaborone,WRK-006,2023-11-18,2023-12-01,14,13.0,1,0.0,0,Resolved,0.9,3.5
BPS-00617,Health,Medical Certificate,Digital,Gaborone,HLT-009,2023-01-24,2023-01-27,7,3.4,1,0.0,0,Resolved,0.8,4.7
BPS-00115,Health,Facility Request,In-Person,Kanye,HLT-007,2023-08-29,2023-09-05,7,7.0,1,0.0,0,Resolved,1.1,4.0
BPS-00418,Health,Specialist Referral,In-Person,Palapye,HLT-010,2022-10-21,2022-10-28,7,7.2,0,0.2,0,Resolved,1.2,3.3
BPS-03070,Social Welfare,Social Grant,Digital,Kanye,SWL-005,2025-01-07,2025-01-21,21,14.8,1,0.0,0,Resolved,1.0,4.1
BPS-01626,Police,Protection Service,Digital,Maun,POL-007,2025-01-27,2025-02-02,5,6.6,0,1.6,0,Resolved,1.3,
BPS-04951,Motor Registry,Roadworthy Certificate,In-Person,Molepolole,MTR-008,2024-10-18,2024-10-20,5,2.6,1,0.0,0,Resolved,1.0,4.3
BPS-04186,Works,Asset Management,In-Person,Kanye,WRK-005,2022-12-02,2022-12-17,14,15.1,0,1.1,0,Resolved,1.1,
BPS-02897,Social Welfare,Destitute Support,Post,Palapye,SWL-004,2023-11-21,2023-11-27,21,6.0,1,0.0,0,Resolved,1.3,3.4
BPS-04672,Motor Registry,Vehicle Licensing,Digital,Serowe,MTR-001,2022-08-25,2022-08-26,5,1.0,1,0.0,0,Resolved,0.9,5.0
BPS-02083,BURS,VAT Filing,In-Person,Gaborone,BRS-004,2022-07-03,2022-07-07,10,4.9,1,0.0,0,Resolved,1.0,3.3
BPS-00754,Health,Patient Query,In-Person,Kanye,HLT-009,2022-05-16,2022-05-23,7,7.8,0,0.8,0,Resolved,0.7,
BPS-02547,Social Welfare,Social Grant,In-Person,Lobatse,SWL-006,2022-11-24,2022-12-02,21,8.7,1,0.0,0,Resolved,1.0,
BPS-03970,Works,Asset Management,In-Person,Molepolole,WRK-009,2024-04-29,2024-05-20,14,21.4,0,7.4,0,Resolved,1.1,
BPS-03374,Immigration,Permanent Residency,In-Person,Gaborone,IMG-005,2024-02-21,2024-04-21,30,60.2,0,30.2,1,Resolved,1.4,1.3
BPS-04108,Works,Utility Request,Post,Serowe,WRK-004,2025-01-16,2025-02-06,14,21.7,0,7.7,0,Resolved,0.9,2.0
BPS-02445,BURS,Assessment Dispute,Digital,Molepolole,BRS-004,2022-09-01,2022-09-08,10,7.9,1,0.0,0,Resolved,1.5,
BPS-04381,Motor Registry,Roadworthy Certificate,In-Person,Lobatse,MTR-006,2022-05-29,2022-06-01,5,3.1,1,0.0,0,Resolved,1.0,4.9
BPS-01067,Education,Student Enrollment,Digital,Lobatse,EDU-006,2023-12-26,2023-12-30,14,4.3,1,0.0,0,Resolved,0.9,4.6
BPS-03914,Works,Utility Request,In-Person,Lobatse,WRK-008,2024-10-19,2024-10-26,14,7.0,1,0.0,0,Resolved,0.9,3.9
BPS-03499,Land Board,Consent to Transfer,In-Person,Gaborone,LBD-005,2024-07-25,2024-09-20,21,57.5,0,36.5,1,Resolved,1.3,
BPS-02739,Social Welfare,Orphan Welfare,In-Person,Palapye,SWL-007,2023-08-23,2023-09-27,21,35.5,0,14.5,0,Resolved,1.2,2.3
BPS-04001,Works,Asset Management,Digital,Kanye,WRK-004,2023-07-01,2023-07-07,14,6.2,1,0.0,0,Resolved,1.1,
BPS-01569,Police,Protection Service,Digital,Serowe,POL-013,2022-11-05,2022-11-06,5,1.0,1,0.0,0,Resolved,1.3,4.4
BPS-02428,BURS,Compliance Certificate,Digital,Gaborone,BRS-005,2022-10-02,2022-10-06,10,4.6,1,0.0,0,Resolved,0.85,4.9
BPS-03747,Land Board,Land Use Approval,Digital,Maun,LBD-005,2025-01-11,2025-01-20,21,9.1,1,0.0,0,Resolved,1.6,3.1
BPS-04640,Motor Registry,Driver Licence,In-Person,Maun,MTR-008,2024-07-13,2024-07-14,5,1.0,1,0.0,0,Resolved,0.95,5.0
BPS-01688,Police,Clearance Certificate,In-Person,Palapye,POL-002,2023-12-03,2023-12-05,5,2.6,1,0.0,0,Resolved,0.85,
BPS-00852,Education,Scholarship Application,In-Person,Serowe,EDU-003,2023-01-15,2023-01-30,14,15.1,0,1.1,0,Resolved,1.4,3.3
BPS-03547,Land Board,Land Use Approval,In-Person,Kanye,LBD-001,2024-04-18,2024-07-25,21,98.7,0,77.7,1,Resolved,1.6,1.0
BPS-00896,Education,School Admin,Digital,Maun,EDU-002,2022-02-20,2022-02-26,14,6.5,1,0.0,0,Resolved,0.8,4.1
BPS-04593,Motor Registry,Number Plate,Digital,Lobatse,MTR-009,2022-01-15,2022-01-16,5,1.0,1,0.0,0,Resolved,0.8,5.0
BPS-00336,Health,Specialist Referral,In-Person,Francistown,HLT-005,2024-11-13,2024-11-22,7,9.3,0,2.3,1,Resolved,1.2,1.7
BPS-02840,Social Welfare,Destitute Support,In-Person,Lobatse,SWL-008,2022-08-16,2022-09-06,21,21.7,0,0.7,0,Resolved,1.3,2.1
BPS-03088,Social Welfare,Social Grant,In-Person,Gaborone,SWL-005,2024-11-05,2024-11-30,21,25.1,0,4.1,0,Resolved,1.0,
BPS-01349,Education,Student Enrollment,In-Person,Maun,EDU-001,2022-12-29,2023-01-03,14,5.2,1,0.0,0,Resolved,0.9,3.9
BPS-01016,Education,Student Enrollment,In-Person,Francistown,EDU-008,2024-02-28,2024-03-10,14,11.0,1,0.0,0,Resolved,0.9,
BPS-02817,Social Welfare,Old Age Pension,Digital,Molepolole,SWL-002,2022-07-16,2022-08-01,21,16.2,1,0.0,0,Resolved,1.1,4.2
BPS-01632,Police,Document Request,In-Person,Molepolole,POL-006,2022-11-24,2022-11-26,5,2.7,1,0.0,0,Resolved,0.75,3.3
BPS-02490,BURS,Compliance Certificate,Phone,Francistown,BRS-009,2022-01-15,2022-01-16,10,1.4,1,0.0,0,Resolved,0.85,
BPS-03731,Land Board,Consent to Transfer,Phone,Palapye,LBD-006,2023-08-28,2023-11-10,21,74.9,0,53.9,1,Resolved,1.3,1.1
BPS-03252,Immigration,Border Documentation,In-Person,Gaborone,IMG-003,2022-10-17,2022-11-13,30,27.8,1,0.0,0,Resolved,0.9,
BPS-04635,Motor Registry,Number Plate,Digital,Francistown,MTR-014,2023-03-02,2023-03-03,5,1.0,1,0.0,0,Resolved,0.8,5.0
BPS-02071,BURS,VAT Filing,Digital,Maun,BRS-011,2024-09-29,2024-10-07,10,8.4,1,0.0,0,Resolved,1.0,4.7
BPS-04453,Motor Registry,Driver Licence,Post,Serowe,MTR-001,2024-06-11,2024-06-15,5,4.4,1,0.0,0,Resolved,0.95,4.6
BPS-04883,Motor Registry,Driver Licence,In-Person,Maun,MTR-004,2022-01-27,2022-01-28,5,1.4,1,0.0,0,Resolved,0.95,5.0
BPS-01636,Police,Document Request,In-Person,Lobatse,POL-001,2022-01-26,2022-01-28,5,2.7,1,0.0,0,Resolved,0.75,4.1
BPS-02480,BURS,Compliance Certificate,In-Person,Serowe,BRS-001,2022-12-01,2022-12-11,10,10.4,0,0.4,1,Resolved,0.85,2.6
BPS-02266,BURS,Tax Registration,Digital,Palapye,BRS-008,2023-08-09,2023-08-17,10,8.5,1,0.0,0,Resolved,0.9,4.6
BPS-02960,Social Welfare,Old Age Pension,Phone,Gaborone,SWL-002,2022-04-27,2022-05-07,21,10.1,1,0.0,0,Resolved,1.1,3.2
BPS-04732,Motor Registry,Vehicle Licensing,In-Person,Molepolole,MTR-005,2023-07-26,2023-07-30,5,4.4,1,0.0,0,Resolved,0.9,4.7
BPS-03060,Social Welfare,Old Age Pension,Digital,Palapye,SWL-001,2022-06-07,2022-06-17,21,10.8,1,0.0,0,Resolved,1.1,
BPS-02142,BURS,Tax Registration,Digital,Francistown,BRS-011,2023-03-30,2023-04-05,10,6.1,1,0.0,0,Resolved,0.9,4.5
BPS-03119,Immigration,Work Permit,In-Person,Gaborone,IMG-002,2024-09-10,2024-10-22,30,42.3,0,12.3,1,Resolved,1.2,1.9
BPS-04726,Motor Registry,Roadworthy Certificate,In-Person,Kanye,MTR-001,2022-10-06,2022-10-07,5,1.0,1,0.0,0,Resolved,1.0,4.2
BPS-04046,Works,Infrastructure Defect,Digital,Maun,WRK-003,2022-03-19,2022-03-26,14,7.6,1,0.0,0,Resolved,1.2,4.2
BPS-03357,Immigration,Permanent Residency,Phone,Lobatse,IMG-002,2023-05-25,2023-06-28,30,34.7,0,4.7,1,Resolved,1.4,1.6
BPS-02745,Social Welfare,Orphan Welfare,Phone,Kanye,SWL-008,2023-06-16,2023-06-18,21,2.7,1,0.0,0,Resolved,1.2,4.0
BPS-03507,Land Board,Land Use Approval,Phone,Palapye,LBD-003,2022-11-15,2023-01-31,21,77.7,0,56.7,1,Resolved,1.6,1.0
BPS-01680,Police,Case Registration,In-Person,Maun,POL-003,2022-05-20,2022-05-21,5,1.0,1,0.0,0,Resolved,1.1,
BPS-04250,Works,Utility Request,Digital,Maun,WRK-006,2023-08-06,2023-08-13,14,7.1,1,0.0,0,Resolved,0.9,4.3
BPS-03148,Immigration,Citizenship Application,Phone,Kanye,IMG-001,2023-04-03,2023-05-02,30,29.3,1,0.0,0,Resolved,1.6,3.5
BPS-02295,BURS,VAT Filing,In-Person,Maun,BRS-006,2022-11-06,2022-11-10,10,4.8,1,0.0,0,Resolved,1.0,4.1
BPS-00581,Health,Facility Request,In-Person,Gaborone,HLT-007,2022-03-12,2022-03-21,7,9.3,0,2.3,0,Resolved,1.1,2.6
BPS-01471,Police,Protection Service,In-Person,Serowe,POL-014,2022-09-15,2022-09-23,5,8.7,0,3.7,0,Resolved,1.3,
BPS-04071,Works,Utility Request,Digital,Serowe,WRK-006,2024-07-19,2024-07-28,14,9.5,1,0.0,0,Resolved,0.9,
BPS-03344,Immigration,Permanent Residency,Digital,Palapye,IMG-004,2024-08-01,2024-09-07,30,37.4,0,7.4,0,Resolved,1.4,2.3
BPS-04584,Motor Registry,Vehicle Licensing,Digital,Palapye,MTR-009,2023-10-29,2023-10-30,5,1.6,1,0.0,0,Resolved,0.9,4.8
BPS-03673,Land Board,Consent to Transfer,Digital,Kanye,LBD-001,2022-02-16,2022-03-13,21,25.3,0,4.3,0,Resolved,1.3,2.1
BPS-00560,Health,Medical Certificate,Digital,Palapye,HLT-004,2024-03-07,2024-03-09,7,2.4,1,0.0,0,Resolved,0.8,4.0
BPS-02850,Social Welfare,Orphan Welfare,In-Person,Gaborone,SWL-004,2024-02-14,2024-02-28,21,14.8,1,0.0,0,Resolved,1.2,3.6
BPS-00513,Health,Specialist Referral,Digital,Gaborone,HLT-006,2022-11-26,2022-11-29,7,3.5,1,0.0,0,Resolved,1.2,4.7
BPS-01082,Education,Scholarship Application,In-Person,Lobatse,EDU-008,2022-07-26,2022-08-08,14,13.2,1,0.0,0,Resolved,1.4,4.2
BPS-01665,Police,Case Registration,In-Person,Kanye,POL-012,2023-05-10,2023-05-16,5,6.6,0,1.6,0,Resolved,1.1,2.3
BPS-01013,Education,School Admin,Digital,Gaborone,EDU-003,2022-09-09,2022-09-21,14,12.2,1,0.0,0,Resolved,0.8,4.2
BPS-01932,Police,Protection Service,In-Person,Lobatse,POL-006,2023-01-16,2023-01-21,5,5.8,0,0.8,1,Resolved,1.3,1.7
BPS-01151,Education,Scholarship Application,Digital,Palapye,EDU-002,2024-07-22,2024-07-28,14,6.1,1,0.0,0,Resolved,1.4,4.6
BPS-02839,Social Welfare,Old Age Pension,Post,Kanye,SWL-008,2024-10-02,2024-11-15,21,44.9,0,23.9,1,Resolved,1.1,
BPS-00117,Health,Patient Query,In-Person,Lobatse,HLT-004,2022-10-08,2022-10-10,7,2.8,1,0.0,0,Resolved,0.7,3.4
BPS-00741,Health,Specialist Referral,Phone,Palapye,HLT-004,2024-02-01,2024-02-03,7,2.8,1,0.0,0,Resolved,1.2,
BPS-04807,Motor Registry,Vehicle Licensing,In-Person,Lobatse,MTR-013,2022-02-07,2022-02-10,5,3.3,1,0.0,0,Resolved,0.9,5.0
BPS-03676,Land Board,Land Certificate,Phone,Molepolole,LBD-005,2023-05-21,2023-07-14,21,54.4,0,33.4,1,Resolved,1.2,
BPS-00831,Education,School Admin,In-Person,Molepolole,EDU-006,2022-10-18,2022-10-22,14,4.3,1,0.0,0,Resolved,0.8,4.4
BPS-00120,Health,Facility Request,Post,Kanye,HLT-005,2022-08-24,2022-09-04,7,11.2,0,4.2,0,Resolved,1.1,
BPS-04854,Motor Registry,Driver Licence,Digital,Palapye,MTR-011,2024-03-12,2024-03-13,5,1.6,1,0.0,0,Resolved,0.95,
BPS-04739,Motor Registry,Driver Licence,Digital,Palapye,MTR-004,2023-07-24,2023-07-25,5,1.9,1,0.0,0,Resolved,0.95,5.0
BPS-00636,Health,Medical Certificate,Digital,Lobatse,HLT-005,2022-05-19,2022-05-20,7,1.0,1,0.0,0,Resolved,0.8,4.7
BPS-04466,Motor Registry,Number Plate,Digital,Francistown,MTR-006,2023-02-16,2023-02-17,5,1.0,1,0.0,0,Resolved,0.8,5.0
BPS-04365,Motor Registry,Vehicle Licensing,Phone,Maun,MTR-003,2023-07-29,2023-08-01,5,3.3,1,0.0,0,Resolved,0.9,5.0
BPS-04143,Works,Property Maintenance,Phone,Kanye,WRK-009,2022-08-10,2022-08-23,14,13.7,1,0.0,0,Resolved,1.0,3.1
BPS-00992,Education,Student Enrollment,In-Person,Serowe,EDU-009,2023-04-29,2023-04-30,14,1.0,1,0.0,0,Resolved,0.9,4.1
BPS-00877,Education,Student Enrollment,Post,Lobatse,EDU-009,2024-05-08,2024-05-17,14,9.1,1,0.0,0,Resolved,0.9,4.4
BPS-00005,Health,Patient Query,Phone,Lobatse,HLT-010,2022-03-30,2022-04-02,7,3.3,1,0.0,0,Resolved,0.7,3.5
BPS-03052,Social Welfare,Old Age Pension,In-Person,Palapye,SWL-002,2024-03-31,2024-04-13,21,13.4,1,0.0,0,Resolved,1.1,3.1
BPS-03125,Immigration,Work Permit,In-Person,Serowe,IMG-006,2023-09-23,2023-10-21,30,28.9,1,0.0,0,Resolved,1.2,3.2
BPS-02661,Social Welfare,Destitute Support,Digital,Francistown,SWL-001,2022-07-09,2022-07-16,21,7.5,1,0.0,0,Resolved,1.3,3.8
BPS-02492,BURS,VAT Filing,In-Person,Maun,BRS-007,2022-11-29,2022-12-05,10,6.2,1,0.0,0,Resolved,1.0,4.2
BPS-03855,Land Board,Land Allocation,In-Person,Serowe,LBD-006,2022-12-07,2023-02-07,21,62.7,0,41.7,1,Resolved,1.5,
BPS-01716,Police,Case Registration,Phone,Kanye,POL-009,2023-01-02,2023-01-07,5,5.3,0,0.3,0,Resolved,1.1,
BPS-01149,Education,Teacher Posting,Digital,Gaborone,EDU-002,2023-03-24,2023-04-10,14,17.0,0,3.0,0,Resolved,1.3,2.8
BPS-03262,Immigration,Border Documentation,Digital,Serowe,IMG-006,2022-06-13,2022-06-29,30,16.2,1,0.0,0,Resolved,0.9,
BPS-00575,Health,Patient Query,Phone,Lobatse,HLT-001,2024-12-19,2024-12-24,7,5.8,1,0.0,0,Resolved,0.7,4.0
BPS-03770,Land Board,Land Allocation,In-Person,Kanye,LBD-004,2023-12-18,2024-02-15,21,59.0,0,38.0,1,Resolved,1.5,1.0
BPS-03737,Land Board,Consent to Transfer,Phone,Lobatse,LBD-005,2023-06-13,2023-07-30,21,47.4,0,26.4,1,Resolved,1.3,1.0
BPS-04147,Works,Asset Management,In-Person,Kanye,WRK-008,2023-02-10,2023-02-25,14,15.7,0,1.7,0,Resolved,1.1,2.6
BPS-00854,Education,School Admin,Phone,Lobatse,EDU-008,2024-01-09,2024-01-20,14,11.2,1,0.0,0,Resolved,0.8,3.1
BPS-01983,Police,Clearance Certificate,In-Person,Palapye,POL-014,2024-04-19,2024-04-20,5,1.1,1,0.0,0,Resolved,0.85,
BPS-02775,Social Welfare,Destitute Support,Phone,Kanye,SWL-007,2022-03-02,2022-03-18,21,16.0,1,0.0,0,Resolved,1.3,3.4
BPS-01167,Education,Student Enrollment,In-Person,Molepolole,EDU-007,2023-10-05,2023-10-20,14,15.2,0,1.2,1,Resolved,0.9,2.0
BPS-00972,Education,Student Enrollment,Digital,Molepolole,EDU-008,2023-12-05,2023-12-10,14,5.3,1,0.0,0,Resolved,0.9,3.6
BPS-02702,Social Welfare,Destitute Support,In-Person,Gaborone,SWL-006,2023-05-03,2023-06-05,21,33.4,0,12.4,0,Resolved,1.3,
BPS-04496,Motor Registry,Driver Licence,Digital,Gaborone,MTR-006,2022-10-01,2022-10-04,5,3.3,1,0.0,0,Resolved,0.95,4.6
BPS-03848,Land Board,Land Use Approval,In-Person,Kanye,LBD-005,2022-02-20,2022-04-25,21,64.2,0,43.2,1,Resolved,1.6,1.1
BPS-02369,BURS,Compliance Certificate,In-Person,Serowe,BRS-001,2023-11-29,2023-12-03,10,4.4,1,0.0,0,Resolved,0.85,4.7
BPS-04116,Works,Asset Management,Phone,Molepolole,WRK-005,2023-01-10,2023-01-21,14,11.1,1,0.0,0,Resolved,1.1,3.9
BPS-04132,Works,Infrastructure Defect,In-Person,Molepolole,WRK-002,2023-01-18,2023-02-02,14,15.6,0,1.6,0,Resolved,1.2,2.5
BPS-02951,Social Welfare,Destitute Support,In-Person,Maun,SWL-001,2024-04-01,2024-05-04,21,33.9,0,12.9,1,Resolved,1.3,2.3
BPS-00525,Health,Patient Query,In-Person,Palapye,HLT-003,2023-10-05,2023-10-06,7,1.5,1,0.0,0,Resolved,0.7,4.7
BPS-02456,BURS,VAT Filing,Digital,Francistown,BRS-006,2025-01-29,2025-02-08,10,10.1,0,0.1,1,Resolved,1.0,
BPS-01842,Police,Case Registration,Digital,Palapye,POL-001,2022-04-19,2022-04-20,5,1.0,1,0.0,0,Resolved,1.1,4.4
BPS-00538,Health,Patient Query,In-Person,Francistown,HLT-007,2023-12-21,2023-12-26,7,5.3,1,0.0,0,Resolved,0.7,
BPS-02807,Social Welfare,Orphan Welfare,In-Person,Kanye,SWL-001,2023-05-22,2023-06-11,21,20.1,1,0.0,0,Resolved,1.2,3.9
BPS-04342,Motor Registry,Vehicle Licensing,In-Person,Francistown,MTR-014,2022-06-09,2022-06-12,5,3.3,1,0.0,0,Resolved,0.9,
BPS-03176,Immigration,Work Permit,Phone,Serowe,IMG-001,2022-11-12,2022-12-03,30,21.3,1,0.0,0,Resolved,1.2,3.8
BPS-00785,Health,Specialist Referral,In-Person,Francistown,HLT-010,2022-06-06,2022-06-14,7,8.8,0,1.8,0,Resolved,1.2,2.3
BPS-04058,Works,Asset Management,In-Person,Kanye,WRK-004,2024-04-26,2024-05-12,14,16.6,0,2.6,1,Resolved,1.1,1.8
BPS-01410,Education,Student Enrollment,In-Person,Molepolole,EDU-001,2024-11-30,2024-12-11,14,11.3,1,0.0,0,Resolved,0.9,
BPS-02538,Social Welfare,Old Age Pension,Digital,Maun,SWL-003,2022-06-09,2022-06-29,21,20.4,1,0.0,0,Resolved,1.1,3.6
BPS-00155,Health,Medical Certificate,In-Person,Palapye,HLT-011,2024-08-08,2024-08-13,7,5.7,1,0.0,0,Resolved,0.8,3.3
BPS-03010,Social Welfare,Social Grant,In-Person,Gaborone,SWL-001,2024-05-18,2024-06-01,21,14.5,1,0.0,0,Resolved,1.0,3.6
BPS-01687,Police,Document Request,Phone,Palapye,POL-014,2024-11-13,2024-11-14,5,1.0,1,0.0,0,Resolved,0.75,4.0
BPS-02902,Social Welfare,Social Grant,Phone,Molepolole,SWL-003,2024-03-15,2024-03-28,21,13.4,1,0.0,0,Resolved,1.0,4.1
BPS-04950,Motor Registry,Roadworthy Certificate,Digital,Serowe,MTR-005,2023-04-12,2023-04-14,5,2.8,1,0.0,0,Resolved,1.0,4.1
BPS-03864,Works,Asset Management,Digital,Molepolole,WRK-008,2024-02-01,2024-02-10,14,9.5,1,0.0,0,Resolved,1.1,3.7
BPS-02734,Social Welfare,Orphan Welfare,Digital,Palapye,SWL-001,2023-01-27,2023-02-06,21,10.4,1,0.0,0,Resolved,1.2,
BPS-01896,Police,Document Request,In-Person,Francistown,POL-011,2023-10-21,2023-10-24,5,3.6,1,0.0,0,Resolved,0.75,
BPS-00570,Health,Patient Query,Phone,Kanye,HLT-004,2022-05-10,2022-05-12,7,2.6,1,0.0,0,Resolved,0.7,3.6
BPS-01817,Police,Case Registration,Phone,Serowe,POL-008,2024-04-23,2024-04-24,5,1.3,1,0.0,0,Resolved,1.1,3.8
BPS-02066,BURS,Assessment Dispute,Post,Maun,BRS-011,2024-01-25,2024-02-07,10,13.8,0,3.8,1,Resolved,1.5,
BPS-00128,Health,Facility Request,In-Person,Gaborone,HLT-004,2022-04-14,2022-04-19,7,5.1,1,0.0,0,Resolved,1.1,
BPS-03395,Immigration,Border Documentation,Phone,Gaborone,IMG-001,2024-07-22,2024-08-26,30,35.9,0,5.9,1,Resolved,0.9,1.7
BPS-03328,Immigration,Citizenship Application,Digital,Gaborone,IMG-004,2023-07-22,2023-08-14,30,23.4,1,0.0,0,Resolved,1.6,4.1
BPS-04987,Motor Registry,Number Plate,In-Person,Serowe,MTR-005,2023-07-24,2023-07-27,5,3.4,1,0.0,0,Resolved,0.8,4.9
BPS-02976,Social Welfare,Orphan Welfare,In-Person,Kanye,SWL-004,2024-12-25,2025-01-17,21,23.0,0,2.0,1,Resolved,1.2,1.9
BPS-00981,Education,Teacher Posting,Post,Molepolole,EDU-007,2022-09-05,2022-09-29,14,24.5,0,10.5,0,Resolved,1.3,
BPS-02301,BURS,VAT Filing,Phone,Lobatse,BRS-006,2024-11-13,2024-11-22,10,9.5,1,0.0,0,Resolved,1.0,3.5
BPS-00191,Health,Patient Query,In-Person,Gaborone,HLT-010,2022-11-11,2022-11-13,7,2.4,1,0.0,0,Resolved,0.7,3.1
BPS-01140,Education,School Admin,In-Person,Francistown,EDU-003,2024-03-23,2024-04-03,14,11.8,1,0.0,0,Resolved,0.8,3.8
BPS-00700,Health,Patient Query,Digital,Kanye,HLT-002,2024-09-23,2024-09-27,7,4.0,1,0.0,0,Resolved,0.7,4.6
BPS-04781,Motor Registry,Roadworthy Certificate,Phone,Lobatse,MTR-014,2024-04-09,2024-04-12,5,3.2,1,0.0,0,Resolved,1.0,5.0
BPS-00607,Health,Specialist Referral,In-Person,Maun,HLT-009,2024-05-30,2024-06-06,7,7.4,0,0.4,1,Resolved,1.2,2.2
BPS-04277,Works,Infrastructure Defect,In-Person,Serowe,WRK-002,2023-09-03,2023-09-15,14,12.9,1,0.0,0,Resolved,1.2,3.8
BPS-00302,Health,Facility Request,In-Person,Serowe,HLT-004,2023-07-25,2023-07-30,7,5.0,1,0.0,0,Resolved,1.1,
BPS-03421,Immigration,Border Documentation,Digital,Serowe,IMG-004,2023-10-11,2023-10-25,30,14.4,1,0.0,0,Resolved,0.9,
BPS-04821,Motor Registry,Number Plate,In-Person,Palapye,MTR-008,2023-06-11,2023-06-12,5,1.0,1,0.0,0,Resolved,0.8,4.9
BPS-01061,Education,School Admin,Digital,Palapye,EDU-003,2024-10-16,2024-10-20,14,4.9,1,0.0,0,Resolved,0.8,4.3
BPS-02566,Social Welfare,Old Age Pension,Digital,Molepolole,SWL-001,2024-03-18,2024-03-30,21,12.6,1,0.0,0,Resolved,1.1,
BPS-04995,Motor Registry,Number Plate,In-Person,Serowe,MTR-008,2022-10-13,2022-10-14,5,1.0,1,0.0,0,Resolved,0.8,4.7
BPS-01070,Education,Scholarship Application,In-Person,Maun,EDU-007,2025-01-03,2025-01-21,14,18.5,0,4.5,0,Resolved,1.4,2.6
BPS-02525,Social Welfare,Old Age Pension,In-Person,Francistown,SWL-003,2024-05-20,2024-06-16,21,27.2,0,6.2,0,Resolved,1.1,2.4
BPS-02206,BURS,Tax Registration,Digital,Kanye,BRS-001,2022-11-09,2022-11-16,10,7.0,1,0.0,0,Resolved,0.9,
BPS-01244,Education,Teacher Posting,In-Person,Francistown,EDU-001,2023-02-21,2023-03-02,14,9.6,1,0.0,0,Resolved,1.3,
BPS-00017,Health,Patient Query,Phone,Gaborone,HLT-009,2023-10-26,2023-10-27,7,1.5,1,0.0,0,Resolved,0.7,4.0
BPS-03121,Immigration,Work Permit,Phone,Gaborone,IMG-006,2023-07-23,2023-08-15,30,23.8,1,0.0,0,Resolved,1.2,2.8
BPS-04643,Motor Registry,Roadworthy Certificate,Digital,Lobatse,MTR-003,2023-07-04,2023-07-05,5,1.3,1,0.0,0,Resolved,1.0,
BPS-00816,Health,Specialist Referral,Phone,Kanye,HLT-011,2024-04-12,2024-04-14,7,2.1,1,0.0,0,Resolved,1.2,
BPS-03068,Social Welfare,Orphan Welfare,In-Person,Lobatse,SWL-004,2023-10-14,2023-11-05,21,22.1,0,1.1,1,Resolved,1.2,
BPS-04785,Motor Registry,Vehicle Licensing,Phone,Francistown,MTR-008,2024-05-17,2024-05-22,5,5.9,0,0.9,0,Resolved,0.9,4.0
BPS-00960,Education,School Admin,Post,Molepolole,EDU-004,2022-05-11,2022-05-23,14,12.9,1,0.0,0,Resolved,0.8,
BPS-00226,Health,Patient Query,In-Person,Molepolole,HLT-010,2024-03-19,2024-03-26,7,7.7,0,0.7,0,Resolved,0.7,1.8
BPS-03355,Immigration,Border Documentation,Digital,Molepolole,IMG-006,2024-07-09,2024-07-20,30,11.9,1,0.0,0,Resolved,0.9,4.4
BPS-02486,BURS,Tax Registration,In-Person,Palapye,BRS-003,2024-12-06,2024-12-16,10,10.0,1,0.0,0,Resolved,0.9,3.7
BPS-00563,Health,Medical Certificate,In-Person,Gaborone,HLT-004,2022-03-28,2022-04-02,7,5.7,1,0.0,0,Resolved,0.8,3.7
BPS-03437,Immigration,Border Documentation,Post,Maun,IMG-001,2022-12-07,2023-01-09,30,33.4,0,3.4,0,Resolved,0.9,1.3
BPS-01694,Police,Protection Service,In-Person,Palapye,POL-005,2025-01-05,2025-01-06,5,1.5,1,0.0,0,Resolved,1.3,
BPS-01046,Education,Scholarship Application,Digital,Maun,EDU-008,2024-10-01,2024-10-15,14,14.8,0,0.8,0,Resolved,1.4,2.6
BPS-03447,Immigration,Border Documentation,In-Person,Francistown,IMG-002,2024-06-09,2024-07-02,30,23.0,1,0.0,0,Resolved,0.9,3.3
BPS-04566,Motor Registry,Driver Licence,Digital,Francistown,MTR-010,2023-12-08,2023-12-10,5,2.2,1,0.0,0,Resolved,0.95,5.0
BPS-00955,Education,Student Enrollment,In-Person,Maun,EDU-009,2024-03-25,2024-04-04,14,10.2,1,0.0,0,Resolved,0.9,
BPS-04986,Motor Registry,Roadworthy Certificate,Phone,Francistown,MTR-013,2024-02-09,2024-02-12,5,3.9,1,0.0,0,Resolved,1.0,4.6
BPS-02736,Social Welfare,Orphan Welfare,In-Person,Lobatse,SWL-007,2024-12-06,2024-12-23,21,17.3,1,0.0,0,Resolved,1.2,3.4
BPS-04904,Motor Registry,Vehicle Licensing,In-Person,Maun,MTR-013,2023-08-27,2023-08-28,5,1.9,1,0.0,0,Resolved,0.9,4.9
BPS-04736,Motor Registry,Number Plate,Post,Palapye,MTR-004,2022-12-14,2022-12-19,5,5.8,0,0.8,0,Resolved,0.8,4.3
BPS-04824,Motor Registry,Roadworthy Certificate,In-Person,Gaborone,MTR-002,2022-10-16,2022-10-19,5,3.1,1,0.0,0,Resolved,1.0,
BPS-01219,Education,Scholarship Application,In-Person,Molepolole,EDU-007,2024-03-28,2024-04-08,14,11.3,1,0.0,0,Resolved,1.4,4.1
BPS-01528,Police,Document Request,In-Person,Gaborone,POL-001,2022-01-10,2022-01-15,5,5.1,0,0.1,0,Resolved,0.75,2.9
BPS-03988,Works,Property Maintenance,In-Person,Gaborone,WRK-007,2022-05-15,2022-05-25,14,10.9,1,0.0,0,Resolved,1.0,
BPS-01301,Education,Scholarship Application,Digital,Kanye,EDU-002,2022-06-11,2022-06-19,14,8.3,1,0.0,0,Resolved,1.4,
BPS-04892,Motor Registry,Vehicle Licensing,In-Person,Lobatse,MTR-004,2022-06-27,2022-06-28,5,1.9,1,0.0,0,Resolved,0.9,5.0
BPS-00161,Health,Specialist Referral,In-Person,Molepolole,HLT-005,2024-04-17,2024-04-21,7,4.2,1,0.0,0,Resolved,1.2,
BPS-04068,Works,Utility Request,In-Person,Palapye,WRK-001,2024-05-09,2024-05-20,14,11.4,1,0.0,0,Resolved,0.9,3.5
BPS-00957,Education,School Admin,In-Person,Gaborone,EDU-008,2024-02-07,2024-02-18,14,11.7,1,0.0,0,Resolved,0.8,4.7
BPS-03792,Land Board,Consent to Transfer,In-Person,Serowe,LBD-003,2024-06-25,2024-08-15,21,51.8,0,30.8,1,Resolved,1.3,1.1
BPS-03235,Immigration,Permanent Residency,In-Person,Francistown,IMG-001,2024-12-02,2024-12-24,30,22.4,1,0.0,0,Resolved,1.4,3.9
BPS-02870,Social Welfare,Destitute Support,In-Person,Maun,SWL-001,2024-01-03,2024-02-06,21,34.9,0,13.9,1,Resolved,1.3,2.0
BPS-03778,Land Board,Land Use Approval,Digital,Lobatse,LBD-001,2022-01-27,2022-02-27,21,31.0,0,10.0,1,Resolved,1.6,1.8
BPS-04434,Motor Registry,Roadworthy Certificate,Digital,Gaborone,MTR-008,2024-10-06,2024-10-08,5,2.0,1,0.0,0,Resolved,1.0,4.8
BPS-02962,Social Welfare,Destitute Support,In-Person,Kanye,SWL-004,2023-07-25,2023-08-13,21,19.3,1,0.0,0,Resolved,1.3,3.9
BPS-02201,BURS,Tax Registration,In-Person,Palapye,BRS-012,2022-07-09,2022-07-23,10,14.1,0,4.1,0,Resolved,0.9,
BPS-00099,Health,Facility Request,In-Person,Serowe,HLT-011,2022-11-21,2022-11-27,7,6.8,1,0.0,0,Resolved,1.1,4.1
BPS-02558,Social Welfare,Old Age Pension,Phone,Kanye,SWL-007,2022-07-15,2022-08-01,21,17.2,1,0.0,0,Resolved,1.1,
BPS-03184,Immigration,Border Documentation,In-Person,Molepolole,IMG-001,2024-06-21,2024-07-11,30,20.1,1,0.0,0,Resolved,0.9,3.4
BPS-00254,Health,Patient Query,In-Person,Kanye,HLT-010,2023-10-19,2023-10-25,7,6.7,1,0.0,0,Resolved,0.7,4.8
BPS-03924,Works,Asset Management,Digital,Kanye,WRK-008,2022-04-24,2022-04-26,14,2.6,1,0.0,0,Resolved,1.1,5.0
BPS-04200,Works,Utility Request,Phone,Maun,WRK-001,2022-11-09,2022-11-21,14,12.0,1,0.0,0,Resolved,0.9,3.4
BPS-01446,Education,Scholarship Application,Post,Palapye,EDU-006,2023-03-16,2023-03-31,14,15.4,0,1.4,0,Resolved,1.4,3.2
BPS-01649,Police,Clearance Certificate,In-Person,Kanye,POL-011,2024-04-13,2024-04-19,5,6.1,0,1.1,0,Resolved,0.85,3.0
BPS-04683,Motor Registry,Vehicle Licensing,In-Person,Molepolole,MTR-003,2024-09-07,2024-09-11,5,4.5,1,0.0,0,Resolved,0.9,4.9
BPS-04724,Motor Registry,Number Plate,Phone,Francistown,MTR-003,2023-09-26,2023-09-27,5,1.8,1,0.0,0,Resolved,0.8,4.8
BPS-03992,Works,Asset Management,Phone,Palapye,WRK-004,2024-08-09,2024-08-19,14,10.0,1,0.0,0,Resolved,1.1,
BPS-01697,Police,Protection Service,In-Person,Francistown,POL-006,2022-10-14,2022-10-17,5,3.3,1,0.0,0,Resolved,1.3,4.2
BPS-03192,Immigration,Permanent Residency,In-Person,Gaborone,IMG-004,2023-12-08,2024-01-23,30,46.1,0,16.1,1,Resolved,1.4,1.9
BPS-04500,Motor Registry,Number Plate,Digital,Lobatse,MTR-012,2024-08-21,2024-08-22,5,1.0,1,0.0,0,Resolved,0.8,5.0
BPS-01155,Education,Student Enrollment,Digital,Gaborone,EDU-009,2023-08-17,2023-08-29,14,12.3,1,0.0,0,Resolved,0.9,4.2
BPS-02256,BURS,Assessment Dispute,In-Person,Maun,BRS-010,2022-09-15,2022-09-29,10,14.2,0,4.2,0,Resolved,1.5,2.9
BPS-01683,Police,Protection Service,Digital,Serowe,POL-014,2022-09-18,2022-09-19,5,1.0,1,0.0,0,Resolved,1.3,4.3
BPS-03171,Immigration,Border Documentation,Phone,Gaborone,IMG-006,2024-01-11,2024-01-25,30,14.7,1,0.0,0,Resolved,0.9,3.9
BPS-02057,BURS,VAT Filing,Phone,Lobatse,BRS-006,2022-04-21,2022-04-27,10,6.9,1,0.0,0,Resolved,1.0,4.6
BPS-04091,Works,Property Maintenance,In-Person,Gaborone,WRK-003,2023-08-16,2023-08-22,14,6.8,1,0.0,0,Resolved,1.0,2.8
BPS-03109,Immigration,Permanent Residency,In-Person,Palapye,IMG-007,2024-07-30,2024-09-10,30,42.2,0,12.2,0,Resolved,1.4,2.5
BPS-04549,Motor Registry,Driver Licence,In-Person,Serowe,MTR-010,2024-08-22,2024-08-25,5,3.6,1,0.0,0,Resolved,0.95,
BPS-03724,Land Board,Consent to Transfer,Digital,Gaborone,LBD-006,2023-08-18,2023-08-31,21,13.9,1,0.0,0,Resolved,1.3,2.9
BPS-02050,BURS,Tax Registration,In-Person,Molepolole,BRS-010,2023-03-01,2023-03-08,10,7.1,1,0.0,0,Resolved,0.9,4.3
BPS-03644,Land Board,Consent to Transfer,In-Person,Palapye,LBD-006,2023-08-22,2023-10-21,21,60.2,0,39.2,1,Resolved,1.3,1.0
BPS-04928,Motor Registry,Vehicle Licensing,In-Person,Lobatse,MTR-013,2022-08-02,2022-08-05,5,3.0,1,0.0,0,Resolved,0.9,5.0
BPS-00624,Health,Facility Request,In-Person,Lobatse,HLT-008,2023-01-06,2023-01-17,7,11.7,0,4.7,1,Resolved,1.1,2.3
BPS-00263,Health,Facility Request,In-Person,Kanye,HLT-008,2023-02-21,2023-02-22,7,1.0,1,0.0,0,Resolved,1.1,4.3
BPS-03370,Immigration,Work Permit,In-Person,Serowe,IMG-002,2022-03-18,2022-04-21,30,34.7,0,4.7,1,Resolved,1.2,2.3
BPS-04062,Works,Utility Request,In-Person,Kanye,WRK-009,2022-01-11,2022-01-22,14,11.7,1,0.0,0,Resolved,0.9,
BPS-01803,Police,Document Request,In-Person,Gaborone,POL-013,2024-08-27,2024-08-29,5,2.4,1,0.0,0,Resolved,0.75,3.4
BPS-04737,Motor Registry,Driver Licence,In-Person,Gaborone,MTR-011,2024-11-22,2024-11-27,5,5.1,0,0.1,0,Resolved,0.95,3.7
BPS-04993,Motor Registry,Roadworthy Certificate,In-Person,Serowe,MTR-005,2023-07-12,2023-07-16,5,4.5,1,0.0,0,Resolved,1.0,
BPS-02386,BURS,Compliance Certificate,In-Person,Maun,BRS-007,2024-06-19,2024-06-25,10,6.0,1,0.0,0,Resolved,0.85,4.5
BPS-01960,Police,Case Registration,Digital,Lobatse,POL-007,2024-09-29,2024-10-03,5,4.4,1,0.0,0,Resolved,1.1,4.7
BPS-02977,Social Welfare,Orphan Welfare,In-Person,Francistown,SWL-008,2024-03-04,2024-04-04,21,31.8,0,10.8,1,Resolved,1.2,
BPS-00489,Health,Specialist Referral,In-Person,Lobatse,HLT-004,2022-10-02,2022-10-14,7,12.3,0,5.3,0,Resolved,1.2,2.8
BPS-01844,Police,Case Registration,Phone,Molepolole,POL-014,2023-06-02,2023-06-06,5,4.6,1,0.0,0,Resolved,1.1,3.7
BPS-01735,Police,Document Request,Post,Gaborone,POL-004,2022-05-16,2022-05-21,5,5.6,0,0.6,0,Resolved,0.75,2.7
BPS-02912,Social Welfare,Old Age Pension,In-Person,Gaborone,SWL-005,2024-07-28,2024-08-20,21,23.5,0,2.5,0,Resolved,1.1,
BPS-03220,Immigration,Work Permit,Post,Lobatse,IMG-004,2022-03-10,2022-04-27,30,48.4,0,18.4,0,Resolved,1.2,2.2
BPS-00147,Health,Medical Certificate,In-Person,Lobatse,HLT-002,2024-09-23,2024-09-24,7,1.1,1,0.0,0,Resolved,0.8,
BPS-01987,Police,Document Request,Phone,Maun,POL-002,2023-08-01,2023-08-05,5,4.0,1,0.0,0,Resolved,0.75,
BPS-01370,Education,Teacher Posting,In-Person,Maun,EDU-002,2023-04-29,2023-05-09,14,10.4,1,0.0,0,Resolved,1.3,3.8
BPS-02812,Social Welfare,Social Grant,Phone,Molepolole,SWL-005,2024-06-08,2024-06-20,21,12.1,1,0.0,0,Resolved,1.0,3.1
BPS-00660,Health,Facility Request,In-Person,Palapye,HLT-010,2023-10-29,2023-11-02,7,4.6,1,0.0,0,Resolved,1.1,
BPS-01795,Police,Protection Service,In-Person,Palapye,POL-010,2022-01-03,2022-01-10,5,7.0,0,2.0,1,Resolved,1.3,2.0
BPS-02512,Social Welfare,Social Grant,Digital,Maun,SWL-007,2024-07-12,2024-07-27,21,15.9,1,0.0,0,Resolved,1.0,4.4
BPS-03398,Immigration,Work Permit,Post,Gaborone,IMG-003,2022-12-15,2023-02-13,30,60.5,0,30.5,1,Resolved,1.2,1.6
BPS-04283,Works,Asset Management,In-Person,Francistown,WRK-007,2022-05-27,2022-06-16,14,20.7,0,6.7,0,Resolved,1.1,
BPS-01148,Education,School Admin,Phone,Molepolole,EDU-002,2023-06-23,2023-06-26,14,3.5,1,0.0,0,Resolved,0.8,4.1
BPS-03273,Immigration,Border Documentation,Phone,Palapye,IMG-004,2024-02-07,2024-03-04,30,26.2,1,0.0,0,Resolved,0.9,
BPS-00609,Health,Patient Query,Phone,Molepolole,HLT-007,2023-09-14,2023-09-15,7,1.0,1,0.0,0,Resolved,0.7,4.3
BPS-03583,Land Board,Land Certificate,In-Person,Maun,LBD-001,2022-07-09,2022-10-16,21,99.4,0,78.4,1,Resolved,1.2,1.5
BPS-01931,Police,Clearance Certificate,Phone,Kanye,POL-006,2023-07-04,2023-07-05,5,1.3,1,0.0,0,Resolved,0.85,4.8
BPS-00198,Health,Specialist Referral,Digital,Francistown,HLT-002,2023-09-26,2023-09-30,7,4.3,1,0.0,0,Resolved,1.2,4.7
BPS-02932,Social Welfare,Old Age Pension,In-Person,Kanye,SWL-002,2024-05-14,2024-05-29,21,15.8,1,0.0,0,Resolved,1.1,4.3
BPS-02328,BURS,VAT Filing,In-Person,Lobatse,BRS-004,2024-06-10,2024-06-16,10,6.7,1,0.0,0,Resolved,1.0,4.2
BPS-04390,Motor Registry,Vehicle Licensing,Digital,Maun,MTR-013,2024-11-22,2024-11-23,5,1.8,1,0.0,0,Resolved,0.9,5.0
BPS-00767,Health,Patient Query,In-Person,Kanye,HLT-008,2022-12-19,2022-12-23,7,4.2,1,0.0,0,Resolved,0.7,3.9
BPS-04497,Motor Registry,Roadworthy Certificate,In-Person,Kanye,MTR-013,2023-03-14,2023-03-15,5,1.4,1,0.0,0,Resolved,1.0,5.0
BPS-04219,Works,Property Maintenance,In-Person,Gaborone,WRK-001,2024-08-09,2024-08-23,14,14.2,0,0.2,0,Resolved,1.0,2.7
BPS-03256,Immigration,Citizenship Application,In-Person,Kanye,IMG-005,2024-01-23,2024-03-06,30,43.1,0,13.1,0,Resolved,1.6,2.2
BPS-00203,Health,Specialist Referral,Digital,Maun,HLT-010,2022-12-17,2022-12-24,7,7.1,0,0.1,0,Resolved,1.2,2.5
BPS-03511,Land Board,Consent to Transfer,Digital,Molepolole,LBD-002,2022-05-26,2022-07-28,21,63.5,0,42.5,1,Resolved,1.3,1.0
BPS-01734,Police,Clearance Certificate,In-Person,Serowe,POL-010,2024-05-05,2024-05-08,5,3.7,1,0.0,0,Resolved,0.85,3.1
BPS-02778,Social Welfare,Orphan Welfare,In-Person,Maun,SWL-001,2022-09-20,2022-10-10,21,20.8,1,0.0,0,Resolved,1.2,
BPS-01708,Police,Clearance Certificate,In-Person,Gaborone,POL-008,2023-05-15,2023-05-21,5,6.6,0,1.6,0,Resolved,0.85,
BPS-03475,Land Board,Land Use Approval,In-Person,Molepolole,LBD-002,2022-10-05,2022-11-29,21,55.3,0,34.3,1,Resolved,1.6,1.6
BPS-00855,Education,Scholarship Application,In-Person,Gaborone,EDU-003,2023-01-26,2023-02-20,14,25.2,0,11.2,0,Resolved,1.4,2.8
BPS-04738,Motor Registry,Roadworthy Certificate,In-Person,Francistown,MTR-004,2024-07-08,2024-07-11,5,3.4,1,0.0,0,Resolved,1.0,4.6
BPS-04098,Works,Asset Management,Digital,Palapye,WRK-009,2024-12-19,2024-12-27,14,8.4,1,0.0,0,Resolved,1.1,4.5
BPS-02161,BURS,Assessment Dispute,Digital,Francistown,BRS-007,2022-08-18,2022-08-21,10,3.7,1,0.0,0,Resolved,1.5,4.5
BPS-00699,Health,Facility Request,Phone,Serowe,HLT-005,2022-12-28,2023-01-03,7,6.4,1,0.0,0,Resolved,1.1,3.6
BPS-04948,Motor Registry,Roadworthy Certificate,In-Person,Maun,MTR-013,2023-04-13,2023-04-16,5,3.2,1,0.0,0,Resolved,1.0,5.0
BPS-03000,Social Welfare,Orphan Welfare,In-Person,Francistown,SWL-004,2022-10-13,2022-11-03,21,21.7,0,0.7,0,Resolved,1.2,2.1
BPS-03697,Land Board,Land Allocation,Phone,Gaborone,LBD-005,2023-03-11,2023-04-30,21,50.5,0,29.5,1,Resolved,1.5,1.1
BPS-01637,Police,Protection Service,Post,Kanye,POL-007,2024-07-26,2024-07-31,5,5.1,0,0.1,0,Resolved,1.3,2.5
BPS-03458,Land Board,Consent to Transfer,Digital,Francistown,LBD-001,2022-06-28,2022-08-05,21,38.5,0,17.5,1,Resolved,1.3,1.6
BPS-03582,Land Board,Land Certificate,In-Person,Palapye,LBD-001,2024-12-20,2025-03-16,21,86.2,0,65.2,1,Resolved,1.2,
BPS-01292,Education,School Admin,Digital,Lobatse,EDU-007,2024-09-04,2024-09-16,14,12.2,1,0.0,0,Resolved,0.8,3.8
BPS-04660,Motor Registry,Number Plate,Post,Palapye,MTR-001,2022-06-19,2022-06-22,5,3.4,1,0.0,0,Resolved,0.8,4.6
BPS-01854,Police,Document Request,In-Person,Palapye,POL-003,2022-05-07,2022-05-11,5,4.1,1,0.0,0,Resolved,0.75,3.6
BPS-03764,Land Board,Land Use Approval,In-Person,Serowe,LBD-002,2023-02-09,2023-05-22,21,102.3,0,81.3,1,Resolved,1.6,1.0
BPS-03305,Immigration,Border Documentation,In-Person,Maun,IMG-005,2022-02-09,2022-03-14,30,33.7,0,3.7,0,Resolved,0.9,1.9
BPS-04913,Motor Registry,Roadworthy Certificate,Phone,Serowe,MTR-009,2023-01-30,2023-02-02,5,3.4,1,0.0,0,Resolved,1.0,5.0
BPS-03744,Land Board,Land Use Approval,Phone,Kanye,LBD-002,2023-09-29,2023-12-11,21,73.7,0,52.7,1,Resolved,1.6,
BPS-03446,Immigration,Work Permit,Digital,Lobatse,IMG-002,2022-10-19,2022-11-02,30,14.7,1,0.0,0,Resolved,1.2,
BPS-01999,Police,Document Request,In-Person,Maun,POL-014,2023-05-20,2023-05-22,5,2.9,1,0.0,0,Resolved,0.75,
BPS-00664,Health,Facility Request,Digital,Francistown,HLT-006,2022-01-17,2022-01-19,7,2.6,1,0.0,0,Resolved,1.1,4.0
BPS-04780,Motor Registry,Roadworthy Certificate,Phone,Lobatse,MTR-005,2022-02-10,2022-02-11,5,1.9,1,0.0,0,Resolved,1.0,4.6
BPS-03749,Land Board,Consent to Transfer,Digital,Kanye,LBD-004,2023-01-24,2023-04-02,21,68.7,0,47.7,1,Resolved,1.3,1.8
BPS-04414,Motor Registry,Vehicle Licensing,In-Person,Francistown,MTR-012,2024-05-25,2024-05-26,5,1.3,1,0.0,0,Resolved,0.9,
BPS-04745,Motor Registry,Roadworthy Certificate,In-Person,Maun,MTR-010,2023-11-29,2023-12-02,5,3.2,1,0.0,0,Resolved,1.0,
BPS-00710,Health,Facility Request,Phone,Palapye,HLT-001,2022-06-15,2022-06-26,7,11.8,0,4.8,1,Resolved,1.1,2.2
BPS-01283,Education,Student Enrollment,Digital,Palapye,EDU-009,2023-10-12,2023-10-21,14,9.0,1,0.0,0,Resolved,0.9,5.0
BPS-02676,Social Welfare,Orphan Welfare,Phone,Lobatse,SWL-008,2023-10-21,2023-10-25,21,4.8,1,0.0,0,Resolved,1.2,4.0
BPS-04030,Works,Asset Management,Digital,Serowe,WRK-005,2022-03-11,2022-03-23,14,12.7,1,0.0,0,Resolved,1.1,
BPS-01307,Education,School Admin,Digital,Kanye,EDU-004,2024-09-18,2024-09-22,14,4.1,1,0.0,0,Resolved,0.8,4.2
BPS-02238,BURS,VAT Filing,Post,Lobatse,BRS-011,2023-02-20,2023-02-26,10,6.3,1,0.0,0,Resolved,1.0,4.3
BPS-03303,Immigration,Citizenship Application,Phone,Kanye,IMG-005,2024-11-01,2024-12-13,30,42.1,0,12.1,1,Resolved,1.6,2.4
BPS-02039,BURS,VAT Filing,Post,Molepolole,BRS-004,2022-08-10,2022-08-20,10,10.1,0,0.1,0,Resolved,1.0,
BPS-01530,Police,Clearance Certificate,Digital,Maun,POL-010,2024-06-21,2024-06-22,5,1.0,1,0.0,0,Resolved,0.85,
BPS-01664,Police,Case Registration,In-Person,Francistown,POL-009,2022-06-19,2022-06-22,5,3.3,1,0.0,0,Resolved,1.1,4.7
BPS-04935,Motor Registry,Vehicle Licensing,Digital,Francistown,MTR-014,2022-01-14,2022-01-15,5,1.9,1,0.0,0,Resolved,0.9,5.0
BPS-04954,Motor Registry,Vehicle Licensing,In-Person,Francistown,MTR-011,2022-02-14,2022-02-18,5,4.9,1,0.0,0,Resolved,0.9,5.0
BPS-03628,Land Board,Land Allocation,In-Person,Lobatse,LBD-005,2023-07-12,2023-10-13,21,93.7,0,72.7,1,Resolved,1.5,1.7
BPS-02694,Social Welfare,Old Age Pension,Phone,Molepolole,SWL-008,2023-01-18,2023-02-04,21,17.0,1,0.0,0,Resolved,1.1,4.1
BPS-03061,Social Welfare,Old Age Pension,In-Person,Serowe,SWL-004,2024-05-13,2024-06-06,21,24.0,0,3.0,1,Resolved,1.1,1.6
BPS-01598,Police,Document Request,Digital,Francistown,POL-010,2023-06-22,2023-06-26,5,4.2,1,0.0,0,Resolved,0.75,3.9
BPS-02730,Social Welfare,Orphan Welfare,In-Person,Molepolole,SWL-006,2023-07-08,2023-07-24,21,16.9,1,0.0,0,Resolved,1.2,3.6
BPS-02626,Social Welfare,Old Age Pension,Post,Molepolole,SWL-004,2022-03-20,2022-04-04,21,15.4,1,0.0,0,Resolved,1.1,4.2
BPS-03158,Immigration,Permanent Residency,In-Person,Maun,IMG-007,2024-07-22,2024-08-30,30,39.1,0,9.1,1,Resolved,1.4,
BPS-03315,Immigration,Border Documentation,In-Person,Maun,IMG-007,2022-09-15,2022-10-05,30,20.0,1,0.0,0,Resolved,0.9,3.9
BPS-01723,Police,Protection Service,In-Person,Kanye,POL-005,2022-02-18,2022-02-25,5,7.1,0,2.1,1,Resolved,1.3,2.3
BPS-01060,Education,Teacher Posting,Post,Gaborone,EDU-003,2022-06-23,2022-07-08,14,15.9,0,1.9,0,Resolved,1.3,2.3
BPS-04637,Motor Registry,Roadworthy Certificate,Phone,Palapye,MTR-014,2023-11-26,2023-11-30,5,4.2,1,0.0,0,Resolved,1.0,4.9
BPS-03243,Immigration,Border Documentation,In-Person,Palapye,IMG-001,2022-10-29,2022-11-09,30,11.5,1,0.0,0,Resolved,0.9,3.6
BPS-01679,Police,Clearance Certificate,In-Person,Palapye,POL-008,2024-09-07,2024-09-12,5,5.4,0,0.4,0,Resolved,0.85,2.8
BPS-01758,Police,Clearance Certificate,In-Person,Maun,POL-013,2023-05-29,2023-06-02,5,4.2,1,0.0,0,Resolved,0.85,4.1
BPS-04192,Works,Utility Request,Digital,Gaborone,WRK-002,2024-01-16,2024-01-25,14,9.7,1,0.0,0,Resolved,0.9,4.2
BPS-00564,Health,Specialist Referral,In-Person,Serowe,HLT-002,2022-11-19,2022-11-23,7,4.7,1,0.0,0,Resolved,1.2,4.0
BPS-02791,Social Welfare,Destitute Support,Digital,Serowe,SWL-005,2024-06-21,2024-07-10,21,19.3,1,0.0,0,Resolved,1.3,
BPS-00864,Education,School Admin,In-Person,Molepolole,EDU-005,2024-05-03,2024-05-19,14,16.4,0,2.4,0,Resolved,0.8,2.3
BPS-01485,Police,Clearance Certificate,Phone,Maun,POL-013,2025-01-12,2025-01-16,5,4.8,1,0.0,0,Resolved,0.85,3.7
BPS-00207,Health,Specialist Referral,In-Person,Kanye,HLT-006,2024-03-27,2024-04-05,7,9.9,0,2.9,0,Resolved,1.2,3.0
BPS-04489,Motor Registry,Vehicle Licensing,Digital,Serowe,MTR-014,2023-05-18,2023-05-19,5,1.5,1,0.0,0,Resolved,0.9,5.0
BPS-00871,Education,Teacher Posting,Digital,Palapye,EDU-008,2022-07-23,2022-08-02,14,10.3,1,0.0,0,Resolved,1.3,4.7
BPS-04494,Motor Registry,Roadworthy Certificate,Post,Palapye,MTR-011,2022-03-09,2022-03-13,5,4.3,1,0.0,0,Resolved,1.0,5.0
BPS-00503,Health,Medical Certificate,In-Person,Molepolole,HLT-009,2022-11-03,2022-11-04,7,1.1,1,0.0,0,Resolved,0.8,3.8
BPS-01029,Education,Teacher Posting,Digital,Maun,EDU-001,2024-09-25,2024-10-07,14,12.9,1,0.0,0,Resolved,1.3,4.1
BPS-03841,Land Board,Land Certificate,Phone,Serowe,LBD-001,2023-07-20,2023-08-31,21,42.0,0,21.0,1,Resolved,1.2,
BPS-02691,Social Welfare,Destitute Support,Digital,Gaborone,SWL-004,2022-07-25,2022-08-03,21,9.5,1,0.0,0,Resolved,1.3,3.9
BPS-01571,Police,Case Registration,In-Person,Gaborone,POL-001,2023-11-10,2023-11-16,5,6.9,0,1.9,0,Resolved,1.1,
BPS-02774,Social Welfare,Old Age Pension,Digital,Molepolole,SWL-003,2023-08-15,2023-08-18,21,3.9,1,0.0,0,Resolved,1.1,2.8
BPS-02732,Social Welfare,Old Age Pension,Digital,Kanye,SWL-001,2025-01-28,2025-02-21,21,24.5,0,3.5,0,Resolved,1.1,
BPS-00805,Health,Facility Request,In-Person,Serowe,HLT-001,2022-11-23,2022-11-28,7,5.4,1,0.0,0,Resolved,1.1,4.1
BPS-03646,Land Board,Land Allocation,Digital,Maun,LBD-002,2024-04-11,2024-05-08,21,27.0,0,6.0,1,Resolved,1.5,1.5
BPS-02455,BURS,Compliance Certificate,In-Person,Francistown,BRS-005,2022-11-23,2022-11-29,10,6.6,1,0.0,0,Resolved,0.85,3.3
BPS-04599,Motor Registry,Roadworthy Certificate,In-Person,Francistown,MTR-008,2024-09-08,2024-09-11,5,3.5,1,0.0,0,Resolved,1.0,5.0
BPS-03105,Immigration,Border Documentation,In-Person,Molepolole,IMG-002,2023-09-09,2023-09-25,30,16.2,1,0.0,0,Resolved,0.9,3.4
BPS-04876,Motor Registry,Number Plate,In-Person,Palapye,MTR-009,2022-03-20,2022-03-21,5,1.0,1,0.0,0,Resolved,0.8,5.0
BPS-00201,Health,Medical Certificate,Digital,Maun,HLT-005,2022-11-28,2022-12-01,7,3.4,1,0.0,0,Resolved,0.8,4.9
BPS-03100,Immigration,Border Documentation,Digital,Maun,IMG-003,2023-02-23,2023-03-14,30,19.8,1,0.0,0,Resolved,0.9,4.1
BPS-02279,BURS,Compliance Certificate,In-Person,Palapye,BRS-011,2022-10-31,2022-11-07,10,7.8,1,0.0,0,Resolved,0.85,
BPS-03562,Land Board,Land Certificate,In-Person,Gaborone,LBD-001,2024-04-12,2024-05-23,21,41.6,0,20.6,1,Resolved,1.2,1.0
BPS-04475,Motor Registry,Vehicle Licensing,In-Person,Gaborone,MTR-011,2025-01-24,2025-01-27,5,3.7,1,0.0,0,Resolved,0.9,
BPS-04515,Motor Registry,Driver Licence,In-Person,Kanye,MTR-011,2022-04-16,2022-04-19,5,3.2,1,0.0,0,Resolved,0.95,
BPS-00392,Health,Specialist Referral,In-Person,Maun,HLT-008,2022-12-09,2022-12-20,7,11.0,0,4.0,1,Resolved,1.2,2.1
BPS-01496,Police,Document Request,Phone,Kanye,POL-011,2024-05-09,2024-05-14,5,5.2,0,0.2,0,Resolved,0.75,
BPS-02696,Social Welfare,Destitute Support,In-Person,Serowe,SWL-004,2022-12-25,2023-01-29,21,35.9,0,14.9,1,Resolved,1.3,1.9
BPS-02028,BURS,Assessment Dispute,Phone,Molepolole,BRS-010,2024-10-30,2024-11-16,10,17.7,0,7.7,0,Resolved,1.5,3.4
BPS-02569,Social Welfare,Old Age Pension,In-Person,Maun,SWL-004,2022-10-03,2022-10-30,21,27.6,0,6.6,1,Resolved,1.1,2.5
BPS-00065,Health,Medical Certificate,In-Person,Maun,HLT-007,2024-08-03,2024-08-10,7,7.2,0,0.2,0,Resolved,0.8,3.0
BPS-03885,Works,Utility Request,Digital,Molepolole,WRK-001,2022-01-06,2022-01-12,14,6.8,1,0.0,0,Resolved,0.9,5.0
BPS-02063,BURS,Assessment Dispute,In-Person,Lobatse,BRS-001,2024-07-02,2024-07-17,10,15.3,0,5.3,0,Resolved,1.5,3.4
BPS-00493,Health,Medical Certificate,In-Person,Kanye,HLT-011,2022-07-31,2022-08-04,7,4.8,1,0.0,0,Resolved,0.8,3.5
BPS-00380,Health,Facility Request,Phone,Molepolole,HLT-006,2022-07-27,2022-07-31,7,4.6,1,0.0,0,Resolved,1.1,3.4
BPS-04860,Motor Registry,Driver Licence,In-Person,Palapye,MTR-003,2022-12-28,2022-12-30,5,2.6,1,0.0,0,Resolved,0.95,4.3
BPS-03994,Works,Asset Management,In-Person,Kanye,WRK-005,2023-12-01,2023-12-19,14,18.1,0,4.1,0,Resolved,1.1,2.1
BPS-04888,Motor Registry,Roadworthy Certificate,In-Person,Serowe,MTR-007,2023-03-19,2023-03-24,5,5.0,1,0.0,0,Resolved,1.0,4.7
BPS-01077,Education,Teacher Posting,Digital,Serowe,EDU-007,2024-08-28,2024-08-31,14,3.6,1,0.0,0,Resolved,1.3,3.7
BPS-00879,Education,Teacher Posting,Digital,Serowe,EDU-008,2025-01-19,2025-01-28,14,9.4,1,0.0,0,Resolved,1.3,4.0
BPS-00338,Health,Medical Certificate,In-Person,Maun,HLT-011,2022-09-02,2022-09-06,7,4.7,1,0.0,0,Resolved,0.8,
BPS-01017,Education,Student Enrollment,In-Person,Lobatse,EDU-002,2025-01-28,2025-02-05,14,8.8,1,0.0,0,Resolved,0.9,4.1
BPS-01276,Education,Scholarship Application,In-Person,Gaborone,EDU-004,2023-06-15,2023-07-02,14,17.2,0,3.2,0,Resolved,1.4,2.8
BPS-03799,Land Board,Consent to Transfer,In-Person,Molepolole,LBD-003,2024-08-14,2024-09-22,21,39.3,0,18.3,1,Resolved,1.3,1.5
BPS-04552,Motor Registry,Vehicle Licensing,In-Person,Kanye,MTR-011,2023-11-20,2023-11-23,5,3.0,1,0.0,0,Resolved,0.9,
BPS-03343,Immigration,Work Permit,In-Person,Maun,IMG-003,2022-04-23,2022-05-13,30,20.2,1,0.0,0,Resolved,1.2,4.0
BPS-04912,Motor Registry,Roadworthy Certificate,Phone,Lobatse,MTR-005,2024-12-22,2024-12-27,5,5.3,0,0.3,1,Resolved,1.0,3.1
BPS-00996,Education,Scholarship Application,Digital,Maun,EDU-003,2023-06-11,2023-06-20,14,9.4,1,0.0,0,Resolved,1.4,4.6
BPS-01982,Police,Protection Service,In-Person,Maun,POL-002,2024-03-25,2024-03-27,5,2.4,1,0.0,0,Resolved,1.3,
BPS-04298,Works,Asset Management,Digital,Maun,WRK-007,2022-05-18,2022-05-27,14,9.7,1,0.0,0,Resolved,1.1,4.0
BPS-00162,Health,Patient Query,In-Person,Molepolole,HLT-002,2023-08-05,2023-08-11,7,6.0,1,0.0,0,Resolved,0.7,4.8
BPS-04799,Motor Registry,Roadworthy Certificate,Phone,Maun,MTR-014,2024-05-23,2024-05-24,5,1.0,1,0.0,0,Resolved,1.0,4.8
BPS-01501,Police,Protection Service,Digital,Serowe,POL-001,2023-01-06,2023-01-13,5,7.6,0,2.6,1,Resolved,1.3,2.5
BPS-03844,Land Board,Land Use Approval,Digital,Molepolole,LBD-004,2024-11-08,2024-12-06,21,28.2,0,7.2,0,Resolved,1.6,2.1
BPS-02614,Social Welfare,Social Grant,Digital,Lobatse,SWL-005,2024-12-14,2024-12-25,21,11.6,1,0.0,0,Resolved,1.0,4.9
BPS-03462,Land Board,Land Certificate,Phone,Maun,LBD-002,2023-03-27,2023-06-23,21,88.0,0,67.0,0,Resolved,1.2,2.1
BPS-01022,Education,School Admin,Phone,Lobatse,EDU-004,2022-08-25,2022-08-31,14,6.3,1,0.0,0,Resolved,0.8,4.3
BPS-03074,Social Welfare,Old Age Pension,In-Person,Maun,SWL-003,2023-07-08,2023-08-10,21,33.7,0,12.7,0,Resolved,1.1,2.7
BPS-03944,Works,Utility Request,In-Person,Maun,WRK-001,2024-11-26,2024-11-27,14,1.0,1,0.0,0,Resolved,0.9,4.6
BPS-01586,Police,Case Registration,Phone,Francistown,POL-006,2022-02-17,2022-02-23,5,6.2,0,1.2,1,Resolved,1.1,
BPS-01956,Police,Protection Service,Post,Serowe,POL-012,2024-05-16,2024-05-25,5,9.9,0,4.9,0,Resolved,1.3,2.8
BPS-03153,Immigration,Work Permit,In-Person,Molepolole,IMG-001,2024-02-19,2024-02-20,30,1.0,1,0.0,0,Resolved,1.2,
BPS-00035,Health,Patient Query,Phone,Kanye,HLT-004,2023-08-07,2023-08-13,7,6.5,1,0.0,0,Resolved,0.7,4.6
BPS-04015,Works,Property Maintenance,Phone,Gaborone,WRK-008,2022-02-14,2022-02-25,14,11.2,1,0.0,0,Resolved,1.0,4.1
BPS-00776,Health,Patient Query,In-Person,Maun,HLT-002,2024-10-12,2024-10-13,7,1.2,1,0.0,0,Resolved,0.7,3.4
BPS-02557,Social Welfare,Social Grant,In-Person,Palapye,SWL-007,2024-02-22,2024-02-23,21,1.3,1,0.0,0,Resolved,1.0,
BPS-01479,Police,Protection Service,Digital,Kanye,POL-011,2024-11-29,2024-12-01,5,2.1,1,0.0,0,Resolved,1.3,4.9
BPS-01364,Education,Teacher Posting,Phone,Maun,EDU-005,2024-08-14,2024-08-20,14,6.7,1,0.0,0,Resolved,1.3,3.9
BPS-02613,Social Welfare,Old Age Pension,In-Person,Francistown,SWL-001,2024-07-19,2024-08-06,21,18.8,1,0.0,0,Resolved,1.1,
BPS-02825,Social Welfare,Social Grant,In-Person,Palapye,SWL-007,2022-02-22,2022-03-10,21,16.1,1,0.0,0,Resolved,1.0,
BPS-02042,BURS,Compliance Certificate,In-Person,Serowe,BRS-001,2023-08-16,2023-08-21,10,5.4,1,0.0,0,Resolved,0.85,4.9
BPS-00242,Health,Medical Certificate,Digital,Kanye,HLT-009,2022-06-09,2022-06-12,7,3.7,1,0.0,0,Resolved,0.8,4.2
BPS-02062,BURS,Compliance Certificate,In-Person,Maun,BRS-008,2023-02-06,2023-02-12,10,6.9,1,0.0,0,Resolved,0.85,4.0
BPS-02364,BURS,Assessment Dispute,Phone,Kanye,BRS-004,2023-04-09,2023-04-23,10,14.4,0,4.4,0,Resolved,1.5,
BPS-00601,Health,Specialist Referral,Post,Francistown,HLT-009,2023-10-09,2023-10-20,7,11.4,0,4.4,1,Resolved,1.2,
BPS-02436,BURS,Assessment Dispute,Digital,Palapye,BRS-005,2022-03-22,2022-03-28,10,6.6,1,0.0,0,Resolved,1.5,4.5
BPS-02889,Social Welfare,Destitute Support,Phone,Lobatse,SWL-002,2023-12-24,2024-01-11,21,18.6,1,0.0,0,Resolved,1.3,4.2
BPS-00647,Health,Medical Certificate,Digital,Francistown,HLT-010,2023-11-14,2023-11-15,7,1.0,1,0.0,0,Resolved,0.8,4.3
BPS-03891,Works,Property Maintenance,In-Person,Gaborone,WRK-005,2023-10-10,2023-10-27,14,17.4,0,3.4,1,Resolved,1.0,2.3
BPS-03557,Land Board,Consent to Transfer,Post,Lobatse,LBD-005,2024-07-08,2024-10-12,21,96.0,0,75.0,1,Resolved,1.3,
BPS-03203,Immigration,Border Documentation,In-Person,Kanye,IMG-004,2022-03-17,2022-04-10,30,24.7,1,0.0,0,Resolved,0.9,3.5
BPS-01529,Police,Document Request,Phone,Serowe,POL-003,2024-10-17,2024-10-19,5,2.5,1,0.0,0,Resolved,0.75,4.2
BPS-01268,Education,Student Enrollment,In-Person,Molepolole,EDU-007,2022-04-27,2022-05-04,14,7.1,1,0.0,0,Resolved,0.9,3.6
BPS-01900,Police,Case Registration,Digital,Palapye,POL-008,2024-02-27,2024-03-03,5,5.3,0,0.3,0,Resolved,1.1,2.4
BPS-04659,Motor Registry,Driver Licence,In-Person,Molepolole,MTR-002,2022-12-02,2022-12-05,5,3.3,1,0.0,0,Resolved,0.95,5.0
BPS-03006,Social Welfare,Orphan Welfare,In-Person,Kanye,SWL-006,2023-03-27,2023-04-06,21,10.0,1,0.0,0,Resolved,1.2,3.1
BPS-02735,Social Welfare,Social Grant,Digital,Lobatse,SWL-008,2024-12-26,2025-01-16,21,21.6,0,0.6,0,Resolved,1.0,2.8
BPS-00190,Health,Specialist Referral,Phone,Palapye,HLT-011,2022-03-13,2022-03-15,7,2.3,1,0.0,0,Resolved,1.2,4.2
BPS-01807,Police,Case Registration,In-Person,Lobatse,POL-011,2024-04-06,2024-04-12,5,6.5,0,1.5,0,Resolved,1.1,
BPS-00976,Education,Student Enrollment,Digital,Palapye,EDU-003,2024-01-04,2024-01-06,14,2.6,1,0.0,0,Resolved,0.9,5.0
BPS-02748,Social Welfare,Social Grant,Phone,Lobatse,SWL-004,2024-11-14,2024-11-22,21,8.5,1,0.0,0,Resolved,1.0,
BPS-02048,BURS,Assessment Dispute,Post,Gaborone,BRS-011,2022-08-15,2022-08-30,10,15.5,0,5.5,0,Resolved,1.5,
BPS-02559,Social Welfare,Orphan Welfare,In-Person,Molepolole,SWL-005,2023-07-18,2023-08-12,21,25.7,0,4.7,0,Resolved,1.2,2.6
BPS-01083,Education,Scholarship Application,In-Person,Gaborone,EDU-002,2022-09-24,2022-10-07,14,13.3,1,0.0,0,Resolved,1.4,4.7
BPS-00475,Health,Patient Query,In-Person,Molepolole,HLT-008,2024-06-05,2024-06-12,7,7.4,0,0.4,1,Resolved,0.7,
BPS-02905,Social Welfare,Social Grant,In-Person,Lobatse,SWL-008,2024-05-22,2024-05-30,21,8.0,1,0.0,0,Resolved,1.0,4.0
BPS-04844,Motor Registry,Driver Licence,In-Person,Francistown,MTR-008,2022-08-26,2022-08-28,5,2.2,1,0.0,0,Resolved,0.95,5.0
BPS-04118,Works,Infrastructure Defect,In-Person,Serowe,WRK-006,2025-01-07,2025-01-11,14,4.7,1,0.0,0,Resolved,1.2,
BPS-03386,Immigration,Border Documentation,Digital,Gaborone,IMG-001,2023-02-10,2023-02-24,30,14.9,1,0.0,0,Resolved,0.9,4.2
BPS-04556,Motor Registry,Roadworthy Certificate,Digital,Kanye,MTR-004,2024-04-19,2024-04-20,5,1.0,1,0.0,0,Resolved,1.0,5.0
BPS-01185,Education,Scholarship Application,In-Person,Molepolole,EDU-001,2023-09-04,2023-09-13,14,9.5,1,0.0,0,Resolved,1.4,3.7
BPS-02434,BURS,Compliance Certificate,In-Person,Molepolole,BRS-001,2024-12-19,2024-12-26,10,7.9,1,0.0,0,Resolved,0.85,3.9
BPS-02392,BURS,Compliance Certificate,In-Person,Serowe,BRS-006,2023-08-28,2023-09-01,10,4.3,1,0.0,0,Resolved,0.85,4.3
BPS-00770,Health,Medical Certificate,In-Person,Gaborone,HLT-005,2022-05-16,2022-05-25,7,9.3,0,2.3,1,Resolved,0.8,
BPS-01686,Police,Case Registration,In-Person,Lobatse,POL-007,2024-08-09,2024-08-14,5,5.5,0,0.5,0,Resolved,1.1,1.6
BPS-00131,Health,Medical Certificate,In-Person,Serowe,HLT-006,2023-10-26,2023-10-28,7,2.0,1,0.0,0,Resolved,0.8,
BPS-02920,Social Welfare,Orphan Welfare,Phone,Gaborone,SWL-003,2024-01-29,2024-02-28,21,30.2,0,9.2,0,Resolved,1.2,
BPS-03172,Immigration,Permanent Residency,Phone,Molepolole,IMG-006,2024-08-29,2024-10-08,30,40.4,0,10.4,0,Resolved,1.4,2.3
BPS-03445,Immigration,Citizenship Application,In-Person,Maun,IMG-004,2022-09-22,2022-11-13,30,52.4,0,22.4,0,Resolved,1.6,2.3
BPS-04427,Motor Registry,Vehicle Licensing,In-Person,Palapye,MTR-009,2023-01-06,2023-01-09,5,3.1,1,0.0,0,Resolved,0.9,5.0
BPS-00467,Health,Specialist Referral,Digital,Maun,HLT-009,2024-05-01,2024-05-06,7,5.8,1,0.0,0,Resolved,1.2,4.2
BPS-03093,Immigration,Work Permit,Phone,Serowe,IMG-005,2022-01-10,2022-02-08,30,29.0,1,0.0,0,Resolved,1.2,3.6
BPS-03773,Land Board,Land Use Approval,In-Person,Serowe,LBD-003,2024-01-10,2024-03-05,21,55.0,0,34.0,1,Resolved,1.6,1.0
BPS-00861,Education,School Admin,In-Person,Gaborone,EDU-001,2024-05-14,2024-05-22,14,8.8,1,0.0,0,Resolved,0.8,3.9
