property_id,city,suburb,property_type,transaction_type,agent,bedrooms,bathrooms,floor_area_sqm,plot_size_sqm,age_years,has_pool,has_garage,is_gated_community,true_market_value,listed_price,sale_price,monthly_rent_bwp,rental_yield_pct,pricing_error_pct,commission_earned_bwp,commission_lost_bwp,listing_date,closed_date,days_on_market,viewings_count,referral_source,client_satisfaction,deal_status
PPG-00001,Maun,Matlapana,House,Rental,Agent_Boago,2,1,288,585,6,0,0,1,2605714.2857142854,15200.0,15200.0,15200.0,7.0,0.0,15200.0,0.0,2024-01-31,2024-02-08,8,1,Referral,3.1,Closed
PPG-00002,Gaborone,Extension 14,Plot,Sale,Agent_Mpho,0,0,0,1506,17,0,0,0,315000.0,315000.0,315000.0,0.0,0.0,0.0,15750.0,0.0,2024-06-12,2024-10-05,115,13,Online Listing,,Closed
PPG-00003,Francistown,Monarch,House,Sale,Agent_Tshepho,3,2,412,1536,16,0,0,0,1256000.0,1265000.0,1185000.0,0.0,0.0,0.72,59250.0,0.0,2024-08-21,2024-11-10,81,9,Walk-in,3.8,Closed
PPG-00004,Francistown,Gerald Estate,Apartment,Rental,Agent_Lesego,2,1,333,1737,4,0,0,0,1114285.714285714,6500.0,6500.0,6500.0,7.0,0.0,6500.0,0.0,2024-09-07,2024-09-20,13,4,Agent Network,,Closed
PPG-00005,Maun,Sedie Ward,Commercial Office,Rental,Agent_Mpho,0,0,117,769,2,0,0,0,3085714.2857142854,18000.0,18000.0,18000.0,7.0,0.0,18000.0,0.0,2024-11-18,2024-12-04,16,4,Agent Network,4.3,Closed
PPG-00006,Gaborone,Phase 2,Apartment,Rental,Agent_Mpho,5,4,498,1495,25,0,0,1,2400000.0,14000.0,14000.0,14000.0,7.0,0.0,14000.0,0.0,2024-05-21,2024-06-25,35,3,Agent Network,4.7,Closed
PPG-00007,Gaborone,Mogoditshane,Retail Space,Rental,Agent_Boago,0,0,125,1088,24,0,0,0,3479999.9999999995,20300.0,20300.0,20300.0,7.0,0.0,20300.0,0.0,2024-01-12,2024-01-22,10,3,Cold Call,3.7,Closed
PPG-00008,Francistown,Tati Siding,Apartment,Sale,Agent_Tshepho,3,2,572,1860,11,0,0,0,807000.0,792000.0,811000.0,0.0,0.0,-1.86,40550.0,750.0,2024-01-01,2024-06-09,160,19,Online Listing,,Closed
PPG-00009,Francistown,Gerald Estate,Apartment,Sale,Agent_Kabo,5,4,140,475,31,0,0,0,270000.0,262000.0,272000.0,0.0,0.0,-2.96,13600.0,400.0,2024-07-24,2024-10-18,86,13,Agent Network,3.9,Closed
PPG-00010,Maun,Boseja,House,Sale,Agent_Mpho,1,1,406,343,35,1,1,1,685000.0,705000.0,650000.0,0.0,0.0,2.92,32500.0,0.0,2025-04-29,,69,9,Agent Network,,Active
PPG-00011,Gaborone,CBD,Townhouse,Rental,Agent_Tshepho,4,3,115,1679,6,1,0,0,1405714.2857142857,8200.0,8200.0,8200.0,7.0,0.0,8200.0,0.0,2024-07-15,2024-07-30,15,4,Cold Call,,Closed
PPG-00012,Gaborone,Phase 2,Plot,Sale,Agent_Mpho,0,0,0,1207,35,0,0,1,301000.0,277000.0,301000.0,0.0,0.0,-7.97,15050.0,1200.0,2024-03-01,2024-05-09,69,8,Agent Network,4.6,Closed
PPG-00013,Francistown,Tati Siding,Warehouse,Rental,Agent_Boago,0,0,218,688,18,0,1,1,10988571.428571427,64100.0,64100.0,64100.0,7.0,0.0,64100.0,0.0,2024-03-03,2024-03-26,23,2,Walk-in,4.0,Closed
PPG-00014,Maun,Matlapana,House,Sale,Agent_Neo,2,1,130,1518,4,0,1,1,322000.0,320000.0,307000.0,0.0,0.0,-0.62,15350.0,100.0,2024-11-17,2025-01-24,68,9,Online Listing,,Closed
PPG-00015,Maun,Boseja,Plot,Sale,Agent_Lesego,0,0,0,319,29,0,0,0,93000.0,93000.0,89000.0,0.0,0.0,0.0,4450.0,0.0,2025-03-24,,146,18,Online Listing,4.6,Active
PPG-00016,Maun,Matlapana,Warehouse,Rental,Agent_Gomolemo,0,0,166,575,16,0,1,1,9120000.0,53200.0,53200.0,53200.0,7.0,0.0,53200.0,0.0,2024-10-05,2024-10-26,21,3,Cold Call,3.4,Closed
PPG-00017,Maun,Boseja,Commercial Office,Rental,Agent_Tshepho,0,0,112,489,27,0,0,1,5142857.142857143,30000.0,30000.0,30000.0,7.0,0.0,30000.0,0.0,2024-05-13,2024-06-25,43,5,Online Listing,4.1,Closed
PPG-00018,Francistown,Monarch,House,Sale,Agent_Kabo,5,4,96,1056,35,1,1,1,329000.0,334000.0,330000.0,0.0,0.0,1.52,16500.0,0.0,2025-02-20,,165,17,Referral,5.0,Active
PPG-00019,Gaborone,CBD,House,Rental,Agent_Mpho,4,3,314,846,10,0,1,0,3874285.714285714,22600.0,22600.0,22600.0,7.0,0.0,22600.0,0.0,2024-08-15,2024-08-30,15,3,Agent Network,4.6,Closed
PPG-00020,Gaborone,Broadhurst,House,Sale,Agent_Boago,4,3,396,870,4,0,1,0,2330000.0,2213000.0,2233000.0,0.0,0.0,-5.02,111650.0,5850.0,2024-04-21,2024-12-09,232,26,Online Listing,4.0,Closed
PPG-00021,Francistown,Somerset,Townhouse,Rental,Agent_Kabo,1,1,592,1951,34,0,0,0,1577142.857142857,9200.0,9200.0,9200.0,7.0,0.0,9200.0,0.0,2025-03-17,2025-03-24,7,4,Online Listing,4.7,Closed
PPG-00022,Maun,Boseja,Commercial Office,Rental,Agent_Lesego,0,0,394,1124,18,0,0,1,7697142.857142856,44900.0,44900.0,44900.0,7.0,0.0,44900.0,0.0,2025-01-23,2025-02-06,14,5,Cold Call,4.1,Closed
PPG-00023,Gaborone,Phase 2,Townhouse,Rental,Agent_Mpho,5,4,389,1252,28,0,1,0,2897142.857142857,16900.0,16900.0,16900.0,7.0,0.0,16900.0,0.0,2024-06-22,2024-08-06,45,6,Walk-in,4.3,Closed
PPG-00024,Francistown,Monarch,Retail Space,Sale,Agent_Gomolemo,0,0,377,760,12,0,1,1,4125000.0,4087000.0,3993000.0,0.0,0.0,-0.92,199650.0,1900.0,2024-05-31,2024-11-21,174,17,Walk-in,3.4,Closed
PPG-00025,Maun,Sedie Ward,Plot,Sale,Agent_Kabo,0,0,0,548,29,0,0,1,90000.0,87000.0,87000.0,0.0,0.0,-3.33,4350.0,150.0,2025-04-01,2025-05-18,47,7,Agent Network,,Closed
PPG-00026,Gaborone,Phase 2,Retail Space,Rental,Agent_Gomolemo,0,0,304,862,28,0,1,1,3599999.9999999995,21000.0,21000.0,21000.0,7.0,0.0,21000.0,0.0,2024-11-23,2024-12-30,37,4,Walk-in,,Closed
PPG-00027,Francistown,Somerset,Warehouse,Sale,Agent_Mpho,0,0,484,1134,21,0,1,0,6386000.0,6569000.0,6005000.0,0.0,0.0,2.87,300250.0,0.0,2024-12-26,2025-03-19,83,11,Agent Network,4.5,Closed
PPG-00028,Maun,Matlapana,Plot,Sale,Agent_Mpho,0,0,0,1192,31,0,0,1,126000.0,126000.0,126000.0,0.0,0.0,0.0,6300.0,0.0,2025-02-18,2025-04-08,49,5,Agent Network,4.1,Closed
PPG-00029,Francistown,Monarch,House,Rental,Agent_Boago,2,1,532,672,3,0,1,0,2348571.428571428,13700.0,13700.0,13700.0,7.0,0.0,13700.0,0.0,2025-01-23,2025-02-12,20,4,Agent Network,3.9,Closed
PPG-00030,Maun,Sedie Ward,House,Sale,Agent_Lesego,1,1,101,1844,1,0,1,1,187000.0,188000.0,184000.0,0.0,0.0,0.53,9200.0,0.0,2024-04-27,2024-06-14,48,4,Online Listing,4.9,Closed
PPG-00031,Maun,Sedie Ward,Plot,Sale,Agent_Tshepho,0,0,0,455,15,0,0,1,109000.0,112000.0,105000.0,0.0,0.0,2.75,5250.0,0.0,2024-12-15,2024-12-25,10,4,Agent Network,,Closed
PPG-00032,Francistown,Tati Siding,Warehouse,Rental,Agent_Mpho,0,0,240,1802,33,0,0,1,11742857.142857142,68500.0,68500.0,68500.0,7.0,0.0,68500.0,0.0,2025-05-10,2025-06-11,32,8,Agent Network,3.6,Closed
PPG-00033,Gaborone,Tlokweng,Townhouse,Sale,Agent_Tshepho,4,3,448,988,1,0,1,0,1707000.0,1746000.0,1633000.0,0.0,0.0,2.28,81650.0,0.0,2025-02-20,,132,14,Cold Call,4.3,Active
PPG-00034,Francistown,Tati Siding,Retail Space,Sale,Agent_Kabo,0,0,361,753,25,0,0,1,3164000.0,3039000.0,3030000.0,0.0,0.0,-3.95,151500.0,6250.0,2024-05-03,2024-06-28,56,5,Online Listing,4.9,Closed
PPG-00035,Maun,Matlapana,Apartment,Rental,Agent_Mpho,3,2,597,1522,18,0,0,0,2142857.1428571427,12500.0,12500.0,12500.0,7.0,0.0,12500.0,0.0,2024-10-30,2024-11-16,17,2,Online Listing,4.4,Closed
PPG-00036,Gaborone,Phase 2,House,Rental,Agent_Kabo,2,1,562,510,0,0,1,0,1902857.1428571427,11100.0,11100.0,11100.0,7.0,0.0,11100.0,0.0,2024-02-22,2024-03-12,19,1,Agent Network,3.8,Closed
PPG-00037,Gaborone,Phakalane,Apartment,Rental,Agent_Mpho,1,1,314,542,35,0,0,0,1799999.9999999998,10500.0,10500.0,10500.0,7.0,0.0,10500.0,0.0,2024-08-19,2024-09-24,36,6,Agent Network,3.6,Closed
PPG-00038,Maun,Boseja,Townhouse,Sale,Agent_Neo,5,4,161,1862,13,0,1,1,292000.0,285000.0,280000.0,0.0,0.0,-2.4,14000.0,350.0,2025-04-09,2025-05-04,25,4,Referral,4.3,Closed
PPG-00039,Maun,Matlapana,Plot,Sale,Agent_Kabo,0,0,0,1626,9,0,0,0,127000.0,113000.0,126000.0,0.0,0.0,-11.02,6300.0,700.0,2025-02-16,2025-06-10,114,14,Agent Network,,Closed
PPG-00040,Gaborone,CBD,Warehouse,Rental,Agent_Lesego,0,0,86,487,14,0,0,0,9342857.142857142,54500.0,54500.0,54500.0,7.0,0.0,54500.0,0.0,2024-01-22,2024-02-11,20,2,Cold Call,3.4,Closed
PPG-00041,Maun,Sedie Ward,Plot,Sale,Agent_Lesego,0,0,0,1498,27,0,0,0,90000.0,88000.0,86000.0,0.0,0.0,-2.22,4300.0,100.0,2025-02-14,,147,17,Walk-in,,Active
PPG-00042,Francistown,Gerald Estate,House,Rental,Agent_Gomolemo,5,4,61,1646,34,0,1,0,3188571.428571428,18600.0,18600.0,18600.0,7.0,0.0,18600.0,0.0,2025-05-25,,43,4,Agent Network,,Active
PPG-00043,Maun,Matlapana,Townhouse,Rental,Agent_Tshepho,1,1,89,1590,15,0,1,1,1971428.5714285711,11500.0,11500.0,11500.0,7.0,0.0,11500.0,0.0,2024-08-18,2024-08-28,10,1,Agent Network,3.3,Closed
PPG-00044,Maun,Boseja,Commercial Office,Rental,Agent_Boago,0,0,485,1288,30,0,1,0,5537142.857142856,32300.0,32300.0,32300.0,7.0,0.0,32300.0,0.0,2024-05-19,2024-05-26,7,3,Online Listing,4.6,Closed
PPG-00045,Francistown,Monarch,Townhouse,Rental,Agent_Boago,5,4,561,604,28,0,1,0,2228571.428571428,13000.0,13000.0,13000.0,7.0,0.0,13000.0,0.0,2025-04-11,2025-05-04,23,7,Referral,,Closed
PPG-00046,Francistown,Somerset,Retail Space,Rental,Agent_Gomolemo,0,0,104,951,30,0,0,0,4234285.714285714,24700.0,24700.0,24700.0,7.0,0.0,24700.0,0.0,2024-06-04,2024-07-08,34,4,Walk-in,4.2,Closed
PPG-00047,Gaborone,Riverwalk,House,Rental,Agent_Neo,1,1,207,1139,9,1,0,1,3188571.428571428,18600.0,18600.0,18600.0,7.0,0.0,18600.0,0.0,2025-02-11,2025-03-27,44,6,Walk-in,4.7,Closed
PPG-00048,Francistown,Gerald Estate,Warehouse,Rental,Agent_Boago,0,0,96,1564,4,0,1,0,6377142.857142856,37200.0,37200.0,37200.0,7.0,0.0,37200.0,0.0,2024-08-20,2024-08-28,8,1,Agent Network,4.4,Closed
PPG-00049,Gaborone,Riverwalk,Apartment,Rental,Agent_Boago,1,1,107,964,3,0,0,1,1439999.9999999998,8400.0,8400.0,8400.0,7.0,0.0,8400.0,0.0,2024-05-29,2024-06-16,18,4,Cold Call,4.6,Closed
PPG-00050,Gaborone,Mogoditshane,House,Rental,Agent_Neo,5,4,306,1319,9,1,0,0,3308571.428571428,19300.0,19300.0,19300.0,7.0,0.0,19300.0,0.0,2025-04-21,2025-05-12,21,3,Cold Call,,Closed
PPG-00051,Francistown,Gerald Estate,Warehouse,Rental,Agent_Tshepho,0,0,527,918,12,0,0,0,4525714.285714285,26400.0,26400.0,26400.0,7.0,0.0,26400.0,0.0,2025-01-25,2025-03-05,39,7,Online Listing,,Closed
PPG-00052,Maun,Boseja,House,Rental,Agent_Gomolemo,3,2,68,1459,3,0,0,0,3994285.714285714,23300.0,23300.0,23300.0,7.0,0.0,23300.0,0.0,2024-08-23,2024-10-03,41,5,Online Listing,4.2,Closed
PPG-00053,Maun,Sedie Ward,Retail Space,Sale,Agent_Boago,0,0,159,1585,2,0,1,0,1730000.0,1634000.0,1744000.0,0.0,0.0,-5.55,87200.0,4800.0,2025-05-28,,129,15,Online Listing,3.6,Active
PPG-00054,Francistown,Monarch,Plot,Sale,Agent_Kabo,0,0,0,1844,14,0,0,0,166000.0,174000.0,161000.0,0.0,0.0,4.82,8050.0,0.0,2024-09-25,2025-02-28,156,20,Agent Network,3.2,Closed
PPG-00055,Gaborone,Riverwalk,House,Rental,Agent_Neo,5,4,286,1626,4,0,1,0,3257142.857142857,19000.0,19000.0,19000.0,7.0,0.0,19000.0,0.0,2024-04-29,2024-05-10,11,1,Walk-in,4.0,Closed
PPG-00056,Gaborone,Broadhurst,Commercial Office,Rental,Agent_Mpho,0,0,524,1059,34,0,1,0,3771428.571428571,22000.0,22000.0,22000.0,7.0,0.0,22000.0,0.0,2025-02-28,2025-04-13,44,7,Walk-in,4.9,Closed
PPG-00057,Francistown,Monarch,Warehouse,Sale,Agent_Lesego,0,0,514,1210,15,0,0,1,7676000.0,7568000.0,7460000.0,0.0,0.0,-1.41,373000.0,5400.0,2024-08-05,2025-01-23,171,17,Cold Call,,Closed
PPG-00058,Francistown,Somerset,Apartment,Sale,Agent_Gomolemo,1,1,272,1500,13,0,0,0,392000.0,393000.0,390000.0,0.0,0.0,0.26,19500.0,0.0,2024-04-22,2024-10-15,176,18,Walk-in,,Closed
PPG-00059,Gaborone,Block 9,House,Rental,Agent_Mpho,1,1,189,1819,26,0,0,0,3634285.714285714,21200.0,21200.0,21200.0,7.0,0.0,21200.0,0.0,2024-04-21,2024-05-22,31,4,Cold Call,3.1,Closed
PPG-00060,Maun,Sedie Ward,Townhouse,Sale,Agent_Tshepho,1,1,550,1122,27,0,1,0,562000.0,554000.0,567000.0,0.0,0.0,-1.42,28350.0,400.0,2024-10-28,2025-02-28,123,16,Cold Call,4.6,Closed
PPG-00061,Gaborone,Extension 14,Warehouse,Sale,Agent_Gomolemo,0,0,500,1224,14,0,1,0,7268000.0,7253000.0,6878000.0,0.0,0.0,-0.21,343900.0,750.0,2024-03-28,2024-04-27,30,3,Agent Network,3.7,Closed
PPG-00062,Gaborone,Extension 14,House,Rental,Agent_Neo,1,1,480,1024,27,0,0,0,3119999.9999999995,18200.0,18200.0,18200.0,7.0,0.0,18200.0,0.0,2024-12-26,2025-01-04,9,4,Cold Call,,Closed
PPG-00063,Maun,Boseja,Apartment,Sale,Agent_Gomolemo,3,2,436,535,17,0,0,0,514000.0,532000.0,513000.0,0.0,0.0,3.5,25650.0,0.0,2024-09-30,2024-10-14,14,3,Referral,3.6,Closed
PPG-00064,Francistown,Gerald Estate,House,Sale,Agent_Mpho,5,4,470,442,9,0,0,1,1885000.0,1837000.0,1888000.0,0.0,0.0,-2.55,94400.0,2400.0,2024-06-08,2024-07-25,47,4,Cold Call,3.5,Closed
PPG-00065,Maun,Boseja,Plot,Sale,Agent_Neo,0,0,0,1148,17,0,0,1,120000.0,120000.0,120000.0,0.0,0.0,0.0,6000.0,0.0,2024-12-19,2025-04-15,117,13,Walk-in,4.2,Closed
PPG-00066,Maun,Sedie Ward,Townhouse,Sale,Agent_Kabo,4,3,116,315,13,0,1,1,185000.0,173000.0,185000.0,0.0,0.0,-6.49,9250.0,600.0,2024-12-28,2025-02-01,35,6,Walk-in,,Closed
PPG-00067,Gaborone,Block 9,Commercial Office,Rental,Agent_Tshepho,0,0,487,892,7,0,1,0,3891428.571428571,22700.0,22700.0,22700.0,7.0,0.0,22700.0,0.0,2025-04-16,2025-05-12,26,5,Walk-in,3.5,Closed
PPG-00068,Maun,Boseja,Commercial Office,Rental,Agent_Kabo,0,0,377,1827,21,0,1,0,3154285.714285714,18400.0,18400.0,18400.0,7.0,0.0,18400.0,0.0,2024-04-26,2024-06-01,36,4,Cold Call,3.7,Closed
PPG-00069,Maun,Sedie Ward,Retail Space,Sale,Agent_Mpho,0,0,165,599,16,0,1,0,1637000.0,1541000.0,1645000.0,0.0,0.0,-5.86,82250.0,4800.0,2024-11-26,,232,23,Agent Network,4.3,Active
PPG-00070,Francistown,Monarch,Townhouse,Sale,Agent_Neo,3,2,532,1225,2,1,0,1,1463000.0,1446000.0,1421000.0,0.0,0.0,-1.16,71050.0,850.0,2024-07-11,2024-10-08,89,11,Cold Call,4.9,Closed
PPG-00071,Francistown,Monarch,Retail Space,Rental,Agent_Gomolemo,0,0,146,1333,11,0,1,0,7662857.142857142,44700.0,44700.0,44700.0,7.0,0.0,44700.0,0.0,2024-06-11,2024-07-07,26,4,Online Listing,4.5,Closed
PPG-00072,Maun,Sedie Ward,House,Rental,Agent_Gomolemo,1,1,397,493,35,0,1,0,3291428.571428571,19200.0,19200.0,19200.0,7.0,0.0,19200.0,0.0,2024-06-02,2024-06-26,24,6,Walk-in,4.8,Closed
PPG-00073,Francistown,Tati Siding,Apartment,Sale,Agent_Neo,3,2,445,1617,21,0,0,0,628000.0,630000.0,606000.0,0.0,0.0,0.32,30300.0,0.0,2024-07-03,2024-09-02,61,9,Online Listing,,Closed
PPG-00074,Gaborone,Mogoditshane,House,Sale,Agent_Lesego,5,4,599,377,21,0,0,0,2321000.0,2350000.0,2299000.0,0.0,0.0,1.25,114950.0,0.0,2025-03-30,,163,21,Online Listing,3.5,Active
PPG-00075,Gaborone,Phase 2,Retail Space,Rental,Agent_Gomolemo,0,0,258,1053,28,0,1,1,4217142.857142856,24600.0,24600.0,24600.0,7.0,0.0,24600.0,0.0,2025-03-04,2025-03-17,13,5,Referral,,Closed
PPG-00076,Francistown,Monarch,Warehouse,Rental,Agent_Tshepho,0,0,165,1756,33,0,0,1,11279999.999999998,65800.0,65800.0,65800.0,7.0,0.0,65800.0,0.0,2024-10-06,2024-11-06,31,4,Cold Call,3.2,Closed
PPG-00077,Gaborone,Riverwalk,Townhouse,Rental,Agent_Kabo,1,1,465,1328,23,1,0,1,1251428.5714285714,7300.0,7300.0,7300.0,7.0,0.0,7300.0,0.0,2024-04-11,2024-05-25,44,5,Online Listing,,Closed
PPG-00078,Francistown,Tati Siding,Warehouse,Sale,Agent_Gomolemo,0,0,540,1218,0,0,0,1,8494000.0,8237000.0,8126000.0,0.0,0.0,-3.03,406300.0,12850.0,2025-04-13,2025-05-06,23,5,Walk-in,3.0,Closed
PPG-00079,Maun,Sedie Ward,Apartment,Sale,Agent_Boago,3,2,499,303,22,0,0,1,522000.0,515000.0,511000.0,0.0,0.0,-1.34,25550.0,350.0,2025-02-03,2025-06-10,127,17,Walk-in,3.7,Closed
PPG-00080,Maun,Matlapana,Townhouse,Sale,Agent_Gomolemo,3,2,306,1801,6,0,0,1,501000.0,506000.0,499000.0,0.0,0.0,1.0,24950.0,0.0,2024-03-05,2024-07-07,124,14,Walk-in,,Closed
PPG-00081,Gaborone,Phakalane,Townhouse,Rental,Agent_Lesego,5,4,544,818,2,0,1,1,2674285.714285714,15600.0,15600.0,15600.0,7.0,0.0,15600.0,0.0,2024-12-05,2024-12-25,20,4,Walk-in,3.8,Closed
PPG-00082,Francistown,Tati Siding,Townhouse,Rental,Agent_Mpho,4,3,436,1932,33,0,1,0,2005714.2857142854,11700.0,11700.0,11700.0,7.0,0.0,11700.0,0.0,2024-07-03,2024-08-09,37,5,Online Listing,,Closed
PPG-00083,Francistown,Gerald Estate,Townhouse,Rental,Agent_Tshepho,2,1,514,1019,28,1,0,1,3085714.2857142854,18000.0,18000.0,18000.0,7.0,0.0,18000.0,0.0,2024-10-08,2024-11-20,43,4,Walk-in,3.8,Closed
PPG-00084,Maun,Sedie Ward,Warehouse,Sale,Agent_Mpho,0,0,206,1544,28,0,1,1,2859000.0,2762000.0,2840000.0,0.0,0.0,-3.39,142000.0,4850.0,2024-05-20,2024-10-09,142,17,Online Listing,3.6,Closed
PPG-00085,Gaborone,Phakalane,Warehouse,Rental,Agent_Mpho,0,0,590,1092,35,0,1,0,10662857.142857142,62200.0,62200.0,62200.0,7.0,0.0,62200.0,0.0,2024-08-07,2024-09-18,42,9,Online Listing,4.0,Closed
PPG-00086,Gaborone,Mogoditshane,Retail Space,Rental,Agent_Kabo,0,0,236,1760,28,0,0,0,7525714.285714285,43900.0,43900.0,43900.0,7.0,0.0,43900.0,0.0,2024-11-23,2025-01-07,45,9,Online Listing,,Closed
PPG-00087,Maun,Boseja,Townhouse,Sale,Agent_Gomolemo,2,1,430,1341,14,1,1,1,712000.0,688000.0,685000.0,0.0,0.0,-3.37,34250.0,1200.0,2025-05-05,,141,17,Agent Network,3.1,Active
PPG-00088,Francistown,Monarch,Plot,Sale,Agent_Tshepho,0,0,0,562,35,0,0,0,169000.0,169000.0,169000.0,0.0,0.0,0.0,8450.0,0.0,2024-05-12,2024-09-06,117,11,Cold Call,4.0,Closed
PPG-00089,Francistown,Somerset,Apartment,Sale,Agent_Lesego,3,2,591,881,5,0,0,1,1194000.0,1170000.0,1135000.0,0.0,0.0,-2.01,56750.0,1200.0,2024-12-11,2025-05-11,151,15,Walk-in,,Closed
PPG-00090,Maun,Sedie Ward,Townhouse,Sale,Agent_Boago,5,4,486,1565,1,0,0,1,989000.0,926000.0,963000.0,0.0,0.0,-6.37,48150.0,3150.0,2024-07-27,2024-12-21,147,19,Online Listing,5.0,Closed
PPG-00091,Francistown,Tati Siding,Apartment,Rental,Agent_Gomolemo,5,4,168,953,15,0,0,0,1268571.4285714284,7400.0,7400.0,7400.0,7.0,0.0,7400.0,0.0,2024-09-10,2024-09-22,12,1,Walk-in,,Closed
PPG-00092,Francistown,Tati Siding,Apartment,Sale,Agent_Gomolemo,3,2,380,688,10,0,0,0,578000.0,565000.0,558000.0,0.0,0.0,-2.25,27900.0,650.0,2024-02-21,2024-05-10,79,11,Agent Network,4.3,Closed
PPG-00093,Francistown,Gerald Estate,Commercial Office,Sale,Agent_Kabo,0,0,501,574,16,0,0,0,5344000.0,5067000.0,5128000.0,0.0,0.0,-5.18,256400.0,13850.0,2024-05-01,2024-07-09,69,8,Agent Network,3.7,Closed
PPG-00094,Francistown,Somerset,Apartment,Rental,Agent_Neo,5,4,101,392,2,0,0,1,1371428.5714285714,8000.0,8000.0,8000.0,7.0,0.0,8000.0,0.0,2025-04-30,2025-06-05,36,4,Agent Network,4.0,Closed
PPG-00095,Francistown,Gerald Estate,Apartment,Rental,Agent_Tshepho,5,4,404,1338,32,0,0,0,1954285.714285714,11400.0,11400.0,11400.0,7.0,0.0,11400.0,0.0,2024-11-02,2024-12-05,33,5,Walk-in,3.2,Closed
PPG-00096,Francistown,Gerald Estate,Retail Space,Sale,Agent_Boago,0,0,545,843,14,0,0,0,4814000.0,4494000.0,4562000.0,0.0,0.0,-6.65,228100.0,16000.0,2024-01-20,2024-07-03,165,19,Referral,3.8,Closed
PPG-00097,Maun,Boseja,Retail Space,Sale,Agent_Gomolemo,0,0,201,1362,13,0,0,0,1884000.0,1939000.0,1861000.0,0.0,0.0,2.92,93050.0,0.0,2024-09-27,2025-03-09,163,17,Agent Network,3.6,Closed
PPG-00098,Francistown,Somerset,Townhouse,Rental,Agent_Gomolemo,2,1,560,949,30,0,0,0,1714285.714285714,10000.0,10000.0,10000.0,7.0,0.0,10000.0,0.0,2024-05-04,2024-06-12,39,6,Cold Call,3.8,Closed
PPG-00099,Francistown,Somerset,Townhouse,Rental,Agent_Kabo,1,1,414,1205,16,0,1,0,1714285.714285714,10000.0,10000.0,10000.0,7.0,0.0,10000.0,0.0,2024-10-05,2024-10-16,11,5,Walk-in,3.5,Closed
PPG-00100,Gaborone,Extension 14,Apartment,Sale,Agent_Boago,1,1,162,1146,21,0,0,0,360000.0,372000.0,350000.0,0.0,0.0,3.33,17500.0,0.0,2024-07-23,2024-10-11,80,10,Online Listing,4.8,Closed
PPG-00101,Gaborone,Broadhurst,Commercial Office,Sale,Agent_Boago,0,0,239,1155,11,0,0,1,2957000.0,2762000.0,2904000.0,0.0,0.0,-6.59,145200.0,9750.0,2024-12-09,2025-04-04,116,15,Cold Call,4.9,Closed
PPG-00102,Maun,Boseja,Townhouse,Sale,Agent_Mpho,3,2,226,1797,29,0,0,1,296000.0,296000.0,285000.0,0.0,0.0,0.0,14250.0,0.0,2025-02-14,,178,18,Walk-in,4.0,Active
PPG-00103,Gaborone,Phakalane,Townhouse,Sale,Agent_Tshepho,4,3,333,975,19,0,0,1,1842000.0,1804000.0,1831000.0,0.0,0.0,-2.06,91550.0,1900.0,2024-04-30,2024-10-17,170,19,Online Listing,3.4,Closed
PPG-00104,Gaborone,Riverwalk,Apartment,Rental,Agent_Tshepho,4,3,542,1851,34,0,0,0,2125714.2857142854,12400.0,12400.0,12400.0,7.0,0.0,12400.0,0.0,2024-09-10,2024-10-21,41,8,Walk-in,4.4,Closed
PPG-00105,Gaborone,Tlokweng,House,Sale,Agent_Gomolemo,5,4,213,636,20,0,1,0,1061000.0,1066000.0,1039000.0,0.0,0.0,0.47,51950.0,0.0,2024-11-11,2024-11-23,12,3,Agent Network,4.5,Closed
PPG-00106,Maun,Matlapana,House,Rental,Agent_Tshepho,1,1,121,441,30,1,1,0,3599999.9999999995,21000.0,21000.0,21000.0,7.0,0.0,21000.0,0.0,2025-03-06,2025-04-01,26,5,Agent Network,4.8,Closed
PPG-00107,Francistown,Monarch,Warehouse,Sale,Agent_Boago,0,0,416,542,11,0,0,1,5880000.0,5934000.0,5683000.0,0.0,0.0,0.92,284150.0,0.0,2024-08-23,2024-11-01,70,9,Agent Network,,Closed
PPG-00108,Gaborone,Tlokweng,House,Rental,Agent_Gomolemo,5,4,76,792,13,1,0,0,3325714.2857142854,19400.0,19400.0,19400.0,7.0,0.0,19400.0,0.0,2024-02-19,2024-03-08,18,4,Walk-in,4.1,Closed
PPG-00109,Gaborone,Mogoditshane,Commercial Office,Sale,Agent_Lesego,0,0,386,1482,20,0,1,0,4543000.0,4441000.0,4486000.0,0.0,0.0,-2.25,224300.0,5100.0,2025-05-22,2025-06-10,19,6,Online Listing,4.6,Closed
PPG-00110,Francistown,Tati Siding,Plot,Sale,Agent_Mpho,0,0,0,1070,11,0,0,0,154000.0,154000.0,154000.0,0.0,0.0,0.0,7700.0,0.0,2024-08-18,2024-11-09,83,11,Referral,4.1,Closed
PPG-00111,Francistown,Somerset,Plot,Sale,Agent_Mpho,0,0,0,716,21,0,0,0,211000.0,211000.0,211000.0,0.0,0.0,0.0,10550.0,0.0,2025-01-14,2025-02-13,30,8,Cold Call,3.1,Closed
PPG-00112,Francistown,Monarch,Retail Space,Sale,Agent_Kabo,0,0,282,1281,13,0,0,1,2932000.0,2588000.0,2880000.0,0.0,0.0,-11.73,144000.0,17200.0,2024-07-28,2025-02-01,188,20,Cold Call,3.8,Closed
PPG-00113,Maun,Sedie Ward,Townhouse,Rental,Agent_Lesego,3,2,585,1318,29,1,0,0,2777142.857142857,16200.0,16200.0,16200.0,7.0,0.0,16200.0,0.0,2024-07-27,2024-08-22,26,5,Online Listing,,Closed
PPG-00114,Gaborone,Mogoditshane,House,Rental,Agent_Lesego,3,2,216,701,21,1,0,1,2982857.1428571427,17400.0,17400.0,17400.0,7.0,0.0,17400.0,0.0,2024-12-11,2024-12-30,19,6,Agent Network,4.0,Closed
PPG-00115,Gaborone,Block 9,Apartment,Rental,Agent_Mpho,2,1,120,1373,2,0,0,0,977142.857142857,5700.0,5700.0,5700.0,7.0,0.0,5700.0,0.0,2024-02-19,2024-02-22,3,1,Agent Network,3.5,Closed
PPG-00116,Maun,Matlapana,House,Rental,Agent_Mpho,3,2,121,1565,30,0,1,0,2571428.5714285714,15000.0,15000.0,15000.0,7.0,0.0,15000.0,0.0,2024-01-18,2024-02-23,36,7,Online Listing,3.0,Closed
PPG-00117,Maun,Sedie Ward,Plot,Sale,Agent_Gomolemo,0,0,0,519,6,0,0,0,105000.0,105000.0,100000.0,0.0,0.0,0.0,5000.0,0.0,2024-08-19,2024-11-10,83,13,Walk-in,4.3,Closed
PPG-00118,Gaborone,Tlokweng,Plot,Sale,Agent_Tshepho,0,0,0,1431,30,0,0,1,253000.0,253000.0,253000.0,0.0,0.0,0.0,12650.0,0.0,2024-06-24,2024-07-22,28,5,Agent Network,3.7,Closed
PPG-00119,Gaborone,Extension 14,House,Sale,Agent_Mpho,5,4,546,855,2,0,0,1,3878000.0,3651000.0,3868000.0,0.0,0.0,-5.85,193400.0,11350.0,2024-03-19,2024-07-04,107,14,Referral,3.8,Closed
PPG-00120,Maun,Boseja,Plot,Sale,Agent_Gomolemo,0,0,0,1918,5,0,0,0,124000.0,123000.0,123000.0,0.0,0.0,-0.81,6150.0,50.0,2024-01-31,2024-07-18,169,19,Online Listing,3.7,Closed
PPG-00121,Francistown,Tati Siding,Apartment,Rental,Agent_Boago,1,1,362,1934,15,0,0,0,977142.857142857,5700.0,5700.0,5700.0,7.0,0.0,5700.0,0.0,2024-06-06,2024-07-03,27,7,Referral,3.7,Closed
PPG-00122,Gaborone,Phakalane,Townhouse,Rental,Agent_Tshepho,3,2,164,571,5,1,1,0,1971428.5714285711,11500.0,11500.0,11500.0,7.0,0.0,11500.0,0.0,2024-01-27,2024-02-04,8,4,Online Listing,,Closed
PPG-00123,Maun,Boseja,Retail Space,Sale,Agent_Tshepho,0,0,358,1147,24,0,0,0,3066000.0,3100000.0,2913000.0,0.0,0.0,1.11,145650.0,0.0,2024-06-20,2024-10-16,118,14,Online Listing,,Closed
PPG-00124,Gaborone,Block 9,Townhouse,Rental,Agent_Mpho,5,4,260,1237,6,1,1,1,2794285.714285714,16300.0,16300.0,16300.0,7.0,0.0,16300.0,0.0,2025-01-24,2025-02-17,24,4,Agent Network,4.6,Closed
PPG-00125,Maun,Sedie Ward,Apartment,Rental,Agent_Lesego,5,4,265,1281,20,0,0,1,1474285.714285714,8600.0,8600.0,8600.0,7.0,0.0,8600.0,0.0,2024-11-22,2024-12-13,21,6,Agent Network,3.7,Closed
PPG-00126,Francistown,Tati Siding,Townhouse,Sale,Agent_Kabo,5,4,244,1696,35,1,0,0,455000.0,462000.0,437000.0,0.0,0.0,1.54,21850.0,0.0,2024-09-15,2025-03-09,175,22,Referral,3.8,Closed
PPG-00127,Francistown,Tati Siding,Commercial Office,Rental,Agent_Tshepho,0,0,97,1919,23,0,0,0,7148571.428571428,41700.0,41700.0,41700.0,7.0,0.0,41700.0,0.0,2024-03-28,2024-04-06,9,5,Referral,3.3,Closed
PPG-00128,Maun,Matlapana,Commercial Office,Rental,Agent_Boago,0,0,399,1930,27,0,1,1,4285714.285714285,25000.0,25000.0,25000.0,7.0,0.0,25000.0,0.0,2024-08-14,2024-09-14,31,6,Online Listing,4.4,Closed
PPG-00129,Maun,Sedie Ward,Apartment,Sale,Agent_Lesego,4,3,167,905,26,0,0,0,167000.0,164000.0,158000.0,0.0,0.0,-1.8,7900.0,150.0,2025-04-08,,88,10,Walk-in,,Active
PPG-00130,Maun,Matlapana,House,Rental,Agent_Gomolemo,1,1,228,1816,15,0,0,1,2605714.2857142854,15200.0,15200.0,15200.0,7.0,0.0,15200.0,0.0,2025-04-18,2025-05-05,17,6,Agent Network,,Closed
PPG-00131,Maun,Sedie Ward,Plot,Sale,Agent_Tshepho,0,0,0,1810,12,0,0,0,103000.0,104000.0,101000.0,0.0,0.0,0.97,5050.0,0.0,2025-01-09,2025-04-09,90,12,Referral,,Closed
PPG-00132,Maun,Boseja,Commercial Office,Rental,Agent_Boago,0,0,457,1551,25,0,0,1,9085714.285714285,53000.0,53000.0,53000.0,7.0,0.0,53000.0,0.0,2024-06-25,2024-07-17,22,6,Cold Call,,Closed
PPG-00133,Gaborone,Block 9,House,Rental,Agent_Mpho,1,1,247,1064,9,0,1,1,2485714.2857142854,14500.0,14500.0,14500.0,7.0,0.0,14500.0,0.0,2024-07-09,2024-08-12,34,8,Cold Call,4.9,Closed
PPG-00134,Gaborone,Extension 14,Apartment,Rental,Agent_Tshepho,2,1,251,944,28,0,0,0,2194285.714285714,12800.0,12800.0,12800.0,7.0,0.0,12800.0,0.0,2024-01-10,2024-02-13,34,4,Referral,4.9,Closed
PPG-00135,Maun,Sedie Ward,Plot,Sale,Agent_Tshepho,0,0,0,1151,28,0,0,0,105000.0,105000.0,105000.0,0.0,0.0,0.0,5250.0,0.0,2024-02-01,2024-04-04,63,6,Online Listing,,Closed
PPG-00136,Maun,Boseja,Apartment,Rental,Agent_Gomolemo,5,4,567,1425,32,0,0,1,1028571.4285714285,6000.0,6000.0,6000.0,7.0,0.0,6000.0,0.0,2025-01-10,2025-02-16,37,8,Walk-in,3.4,Closed
PPG-00137,Francistown,Monarch,Warehouse,Sale,Agent_Gomolemo,0,0,364,366,28,0,1,0,4390000.0,4517000.0,4314000.0,0.0,0.0,2.89,215700.0,0.0,2025-03-14,2025-05-02,49,5,Cold Call,4.6,Closed
PPG-00138,Gaborone,Block 9,Commercial Office,Sale,Agent_Lesego,0,0,391,1741,18,0,1,1,4733000.0,4541000.0,4736000.0,0.0,0.0,-4.06,236800.0,9600.0,2024-05-09,2024-06-18,40,5,Referral,4.7,Closed
PPG-00139,Maun,Boseja,Plot,Sale,Agent_Mpho,0,0,0,1585,26,0,0,1,110000.0,110000.0,110000.0,0.0,0.0,0.0,5500.0,0.0,2024-04-05,2024-07-24,110,16,Cold Call,,Closed
PPG-00140,Francistown,Tati Siding,Plot,Sale,Agent_Lesego,0,0,0,1885,5,0,0,0,148000.0,142000.0,142000.0,0.0,0.0,-4.05,7100.0,300.0,2024-10-17,2025-01-18,93,13,Cold Call,,Closed
PPG-00141,Francistown,Gerald Estate,Warehouse,Sale,Agent_Gomolemo,0,0,107,503,29,0,1,0,1293000.0,1273000.0,1295000.0,0.0,0.0,-1.55,64750.0,1000.0,2024-10-07,2024-11-06,30,5,Online Listing,,Closed
PPG-00142,Maun,Sedie Ward,Apartment,Rental,Agent_Kabo,3,2,299,1179,5,0,0,0,857142.857142857,5000.0,5000.0,5000.0,7.0,0.0,5000.0,0.0,2025-05-03,2025-05-10,7,4,Referral,,Closed
PPG-00143,Maun,Boseja,House,Rental,Agent_Kabo,1,1,492,1721,8,0,1,1,3719999.9999999995,21700.0,21700.0,21700.0,7.0,0.0,21700.0,0.0,2024-04-15,2024-05-08,23,4,Online Listing,,Closed
PPG-00144,Gaborone,Mogoditshane,House,Sale,Agent_Neo,5,4,228,1201,22,0,0,1,941000.0,960000.0,948000.0,0.0,0.0,2.02,47400.0,0.0,2024-11-18,2024-12-30,42,6,Referral,3.5,Closed
PPG-00145,Maun,Sedie Ward,Warehouse,Rental,Agent_Neo,0,0,87,1648,19,0,1,0,5365714.285714285,31300.0,31300.0,31300.0,7.0,0.0,31300.0,0.0,2025-02-05,2025-02-26,21,3,Walk-in,3.2,Closed
PPG-00146,Francistown,Monarch,Commercial Office,Rental,Agent_Kabo,0,0,384,570,24,0,0,0,5382857.142857143,31400.0,31400.0,31400.0,7.0,0.0,31400.0,0.0,2024-06-25,2024-07-28,33,3,Walk-in,3.0,Closed
PPG-00147,Gaborone,Phakalane,House,Rental,Agent_Gomolemo,5,4,353,1587,32,0,1,0,3239999.9999999995,18900.0,18900.0,18900.0,7.0,0.0,18900.0,0.0,2024-06-05,2024-06-25,20,4,Walk-in,,Closed
PPG-00148,Gaborone,Mogoditshane,Commercial Office,Rental,Agent_Lesego,0,0,127,935,27,0,0,0,3017142.857142857,17600.0,17600.0,17600.0,7.0,0.0,17600.0,0.0,2024-03-29,2024-04-28,30,6,Walk-in,3.1,Closed
PPG-00149,Maun,Sedie Ward,Warehouse,Sale,Agent_Boago,0,0,182,325,8,0,0,1,3011000.0,3059000.0,3017000.0,0.0,0.0,1.59,150850.0,0.0,2024-01-31,2024-05-02,92,11,Agent Network,3.5,Closed
PPG-00150,Maun,Sedie Ward,House,Rental,Agent_Tshepho,5,4,428,413,31,0,1,1,3617142.857142857,21100.0,21100.0,21100.0,7.0,0.0,21100.0,0.0,2024-04-28,2024-05-15,17,1,Cold Call,,Closed
PPG-00151,Gaborone,Broadhurst,House,Rental,Agent_Tshepho,4,3,213,666,2,0,0,0,2588571.428571428,15100.0,15100.0,15100.0,7.0,0.0,15100.0,0.0,2024-11-25,2024-12-13,18,6,Agent Network,4.7,Closed
PPG-00152,Maun,Boseja,House,Sale,Agent_Neo,2,1,288,1947,33,0,0,1,468000.0,422000.0,450000.0,0.0,0.0,-9.83,22500.0,2300.0,2024-09-05,2025-03-01,177,18,Agent Network,4.1,Closed
PPG-00153,Gaborone,Mogoditshane,House,Sale,Agent_Tshepho,2,1,414,1602,0,0,1,0,1777000.0,1749000.0,1759000.0,0.0,0.0,-1.58,87950.0,1400.0,2024-04-05,2024-04-23,18,5,Referral,4.8,Closed
PPG-00154,Francistown,Monarch,Commercial Office,Sale,Agent_Kabo,0,0,463,453,3,0,1,0,5627000.0,5201000.0,5319000.0,0.0,0.0,-7.57,265950.0,21300.0,2024-07-26,2024-10-02,68,6,Cold Call,,Closed
PPG-00155,Gaborone,Riverwalk,Plot,Sale,Agent_Lesego,0,0,0,547,34,0,0,1,443000.0,443000.0,443000.0,0.0,0.0,0.0,22150.0,0.0,2025-04-07,,85,10,Agent Network,3.2,Active
PPG-00156,Maun,Boseja,Retail Space,Sale,Agent_Boago,0,0,280,971,9,0,1,1,2852000.0,2779000.0,2830000.0,0.0,0.0,-2.56,141500.0,3650.0,2024-09-12,2024-10-13,31,3,Agent Network,3.3,Closed
PPG-00157,Gaborone,Phakalane,Retail Space,Sale,Agent_Gomolemo,0,0,193,705,25,0,1,0,1725000.0,1717000.0,1637000.0,0.0,0.0,-0.46,81850.0,400.0,2024-12-05,2025-01-12,38,6,Walk-in,,Closed
PPG-00158,Maun,Boseja,Retail Space,Rental,Agent_Boago,0,0,568,360,24,0,0,1,3274285.714285714,19100.0,19100.0,19100.0,7.0,0.0,19100.0,0.0,2024-07-10,2024-07-30,20,5,Online Listing,3.1,Closed
PPG-00159,Maun,Sedie Ward,Apartment,Rental,Agent_Boago,4,3,481,1427,30,0,0,1,1285714.2857142857,7500.0,7500.0,7500.0,7.0,0.0,7500.0,0.0,2024-05-20,2024-06-18,29,7,Referral,4.1,Closed
PPG-00160,Maun,Sedie Ward,Retail Space,Rental,Agent_Kabo,0,0,427,1282,34,0,0,1,5262857.142857143,30700.0,30700.0,30700.0,7.0,0.0,30700.0,0.0,2024-11-25,2024-12-22,27,3,Online Listing,,Closed
PPG-00161,Maun,Matlapana,House,Rental,Agent_Gomolemo,1,1,543,1384,22,0,0,0,1662857.1428571427,9700.0,9700.0,9700.0,7.0,0.0,9700.0,0.0,2024-09-03,2024-09-23,20,7,Cold Call,,Closed
PPG-00162,Gaborone,CBD,Townhouse,Sale,Agent_Gomolemo,2,1,302,1513,20,0,0,0,917000.0,945000.0,894000.0,0.0,0.0,3.05,44700.0,0.0,2024-11-12,2025-01-02,51,5,Agent Network,,Closed
PPG-00163,Gaborone,Broadhurst,House,Rental,Agent_Neo,1,1,399,1557,12,0,1,1,3702857.1428571427,21600.0,21600.0,21600.0,7.0,0.0,21600.0,0.0,2024-11-27,2024-12-03,6,1,Walk-in,4.8,Closed
PPG-00164,Gaborone,Extension 14,Retail Space,Sale,Agent_Lesego,0,0,442,1742,25,0,0,1,3716000.0,3693000.0,3639000.0,0.0,0.0,-0.62,181950.0,1150.0,2024-12-31,2025-03-05,64,7,Cold Call,4.5,Closed
PPG-00165,Francistown,Somerset,Apartment,Sale,Agent_Boago,5,4,460,1878,2,0,0,1,1050000.0,1015000.0,1012000.0,0.0,0.0,-3.33,50600.0,1750.0,2024-11-23,2025-01-11,49,9,Walk-in,4.5,Closed
PPG-00166,Francistown,Tati Siding,House,Sale,Agent_Lesego,2,1,129,1017,16,0,0,1,306000.0,303000.0,305000.0,0.0,0.0,-0.98,15250.0,150.0,2024-08-18,2024-10-05,48,4,Agent Network,3.1,Closed
PPG-00167,Gaborone,Block 9,Townhouse,Sale,Agent_Kabo,3,2,234,1068,10,0,1,0,754000.0,740000.0,717000.0,0.0,0.0,-1.86,35850.0,700.0,2024-04-13,2024-07-13,91,10,Referral,4.1,Closed
PPG-00168,Maun,Sedie Ward,Townhouse,Rental,Agent_Boago,3,2,303,496,3,0,1,0,1302857.1428571427,7600.0,7600.0,7600.0,7.0,0.0,7600.0,0.0,2024-01-04,2024-02-03,30,5,Walk-in,4.3,Closed
PPG-00169,Francistown,Somerset,House,Sale,Agent_Kabo,2,1,358,467,30,0,1,1,936000.0,929000.0,897000.0,0.0,0.0,-0.75,44850.0,350.0,2025-04-21,,74,9,Referral,3.3,Active
PPG-00170,Maun,Sedie Ward,House,Rental,Agent_Kabo,5,4,483,1849,14,0,0,0,2588571.428571428,15100.0,15100.0,15100.0,7.0,0.0,15100.0,0.0,2025-05-01,2025-06-09,39,6,Referral,,Closed
PPG-00171,Francistown,Monarch,Commercial Office,Sale,Agent_Neo,0,0,183,1850,28,0,1,0,1986000.0,1926000.0,1983000.0,0.0,0.0,-3.02,99150.0,3000.0,2024-09-21,2024-12-18,88,8,Walk-in,3.8,Closed
PPG-00172,Francistown,Gerald Estate,Commercial Office,Sale,Agent_Tshepho,0,0,595,1900,26,0,1,1,6370000.0,6219000.0,6380000.0,0.0,0.0,-2.37,319000.0,7550.0,2025-02-24,2025-05-09,74,12,Agent Network,4.2,Closed
PPG-00173,Gaborone,Mogoditshane,Townhouse,Sale,Agent_Tshepho,5,4,471,379,25,0,1,1,1458000.0,1486000.0,1442000.0,0.0,0.0,1.92,72100.0,0.0,2024-04-10,2024-06-14,65,8,Referral,3.9,Closed
PPG-00174,Francistown,Gerald Estate,Warehouse,Sale,Agent_Tshepho,0,0,252,1204,13,0,0,0,3604000.0,3667000.0,3585000.0,0.0,0.0,1.75,179250.0,0.0,2024-01-30,2024-03-21,51,6,Referral,3.5,Closed
PPG-00175,Francistown,Monarch,Townhouse,Sale,Agent_Boago,3,2,437,1986,29,0,0,1,767000.0,743000.0,769000.0,0.0,0.0,-3.13,38450.0,1200.0,2024-04-02,2024-06-20,79,10,Walk-in,,Closed
PPG-00176,Maun,Matlapana,Retail Space,Sale,Agent_Mpho,0,0,271,851,26,0,1,0,2519000.0,2461000.0,2534000.0,0.0,0.0,-2.3,126700.0,2900.0,2024-10-08,2025-01-31,115,13,Agent Network,3.4,Closed
PPG-00177,Francistown,Tati Siding,Commercial Office,Sale,Agent_Kabo,0,0,583,1656,23,0,0,0,5740000.0,5719000.0,5778000.0,0.0,0.0,-0.37,288900.0,1050.0,2024-11-01,2024-12-26,55,9,Referral,4.8,Closed
PPG-00178,Maun,Boseja,Warehouse,Sale,Agent_Lesego,0,0,86,1642,31,0,0,1,1052000.0,1074000.0,1028000.0,0.0,0.0,2.09,51400.0,0.0,2025-05-02,,178,21,Online Listing,3.3,Active
PPG-00179,Maun,Sedie Ward,Apartment,Sale,Agent_Lesego,4,3,191,1817,16,0,0,0,227000.0,236000.0,220000.0,0.0,0.0,3.96,11000.0,0.0,2024-12-05,2025-03-17,102,14,Online Listing,,Closed
PPG-00180,Gaborone,Riverwalk,House,Sale,Agent_Gomolemo,4,3,259,1324,7,0,1,1,2099000.0,2092000.0,2020000.0,0.0,0.0,-0.33,101000.0,350.0,2024-07-03,2024-07-30,27,4,Agent Network,3.4,Closed
PPG-00181,Maun,Matlapana,House,Rental,Agent_Tshepho,2,1,232,1480,10,0,0,1,3154285.714285714,18400.0,18400.0,18400.0,7.0,0.0,18400.0,0.0,2025-03-15,2025-04-12,28,5,Agent Network,3.1,Closed
PPG-00182,Gaborone,Block 9,House,Sale,Agent_Lesego,1,1,64,1583,15,1,0,1,256000.0,245000.0,250000.0,0.0,0.0,-4.3,12500.0,550.0,2025-03-20,2025-04-30,41,7,Online Listing,3.4,Closed
PPG-00183,Francistown,Monarch,Apartment,Sale,Agent_Mpho,2,1,82,1507,32,0,0,1,108000.0,100000.0,107000.0,0.0,0.0,-7.41,5350.0,400.0,2024-01-21,2024-02-20,30,6,Agent Network,4.1,Closed
PPG-00184,Francistown,Somerset,Apartment,Sale,Agent_Boago,3,2,490,1655,6,0,0,0,899000.0,848000.0,852000.0,0.0,0.0,-5.67,42600.0,2550.0,2024-07-22,2025-02-20,213,25,Online Listing,3.7,Closed
PPG-00185,Francistown,Gerald Estate,Apartment,Rental,Agent_Kabo,2,1,552,977,15,0,0,1,1885714.2857142854,11000.0,11000.0,11000.0,7.0,0.0,11000.0,0.0,2024-04-23,2024-06-01,39,4,Agent Network,4.6,Closed
PPG-00186,Gaborone,Tlokweng,Townhouse,Sale,Agent_Boago,4,3,363,840,29,1,0,0,1191000.0,1224000.0,1131000.0,0.0,0.0,2.77,56550.0,0.0,2024-06-23,2024-09-22,91,12,Online Listing,3.5,Closed
PPG-00187,Maun,Matlapana,Townhouse,Rental,Agent_Gomolemo,2,1,176,1120,25,0,1,1,2811428.5714285714,16400.0,16400.0,16400.0,7.0,0.0,16400.0,0.0,2025-03-07,2025-04-20,44,4,Referral,,Closed
PPG-00188,Maun,Matlapana,Retail Space,Sale,Agent_Mpho,0,0,486,1509,30,0,0,0,3680000.0,3544000.0,3696000.0,0.0,0.0,-3.7,184800.0,6800.0,2024-04-25,2024-08-15,112,11,Agent Network,,Closed
PPG-00189,Maun,Boseja,House,Sale,Agent_Boago,3,2,591,1371,6,0,0,0,1328000.0,1237000.0,1295000.0,0.0,0.0,-6.85,64750.0,4550.0,2025-04-25,,228,25,Walk-in,3.7,Active
PPG-00190,Francistown,Monarch,Commercial Office,Rental,Agent_Mpho,0,0,472,1973,15,0,1,0,6994285.714285714,40800.0,40800.0,40800.0,7.0,0.0,40800.0,0.0,2024-03-31,2024-05-04,34,5,Agent Network,,Closed
PPG-00191,Francistown,Monarch,House,Rental,Agent_Tshepho,1,1,60,1991,5,0,0,0,3959999.9999999995,23100.0,23100.0,23100.0,7.0,0.0,23100.0,0.0,2024-07-30,2024-09-12,44,6,Agent Network,3.1,Closed
PPG-00192,Gaborone,Riverwalk,Townhouse,Rental,Agent_Neo,3,2,523,533,6,0,1,1,2759999.9999999995,16100.0,16100.0,16100.0,7.0,0.0,16100.0,0.0,2024-10-25,2024-12-02,38,5,Cold Call,3.1,Closed
PPG-00193,Gaborone,Riverwalk,Apartment,Rental,Agent_Gomolemo,1,1,320,1551,12,0,0,1,2297142.857142857,13400.0,13400.0,13400.0,7.0,0.0,13400.0,0.0,2025-02-06,2025-02-22,16,2,Agent Network,3.2,Closed
PPG-00194,Francistown,Monarch,Warehouse,Sale,Agent_Gomolemo,0,0,521,1236,32,0,1,0,6534000.0,6365000.0,6407000.0,0.0,0.0,-2.59,320350.0,8450.0,2024-05-11,2024-06-13,33,8,Agent Network,4.8,Closed
PPG-00195,Maun,Boseja,Plot,Sale,Agent_Neo,0,0,0,860,25,0,0,0,103000.0,105000.0,103000.0,0.0,0.0,1.94,5150.0,0.0,2024-08-10,2024-10-07,58,9,Referral,4.4,Closed
PPG-00196,Maun,Matlapana,Warehouse,Sale,Agent_Boago,0,0,575,1411,20,0,0,0,7805000.0,7717000.0,7567000.0,0.0,0.0,-1.13,378350.0,4400.0,2024-01-14,2024-06-02,140,14,Walk-in,3.1,Closed
PPG-00197,Gaborone,Broadhurst,Townhouse,Sale,Agent_Gomolemo,3,2,316,599,3,0,1,0,1157000.0,1163000.0,1107000.0,0.0,0.0,0.52,55350.0,0.0,2024-10-21,2025-04-16,177,20,Walk-in,4.9,Closed
PPG-00198,Maun,Boseja,Commercial Office,Sale,Agent_Kabo,0,0,317,715,28,0,0,0,3176000.0,3145000.0,3025000.0,0.0,0.0,-0.98,151250.0,1550.0,2024-03-17,2024-05-10,54,10,Referral,3.8,Closed
PPG-00199,Francistown,Gerald Estate,Commercial Office,Sale,Agent_Lesego,0,0,224,1496,16,0,1,0,2717000.0,2743000.0,2704000.0,0.0,0.0,0.96,135200.0,0.0,2025-01-01,2025-01-26,25,6,Online Listing,,Closed
PPG-00200,Gaborone,Extension 14,House,Sale,Agent_Gomolemo,4,3,473,488,22,1,1,1,2815000.0,2704000.0,2778000.0,0.0,0.0,-3.94,138900.0,5550.0,2025-04-01,2025-06-08,68,10,Cold Call,,Closed
PPG-00201,Gaborone,Block 9,Plot,Sale,Agent_Gomolemo,0,0,0,1090,16,0,0,0,244000.0,252000.0,233000.0,0.0,0.0,3.28,11650.0,0.0,2024-03-25,2024-04-25,31,7,Referral,4.3,Closed
PPG-00202,Gaborone,Broadhurst,Retail Space,Rental,Agent_Boago,0,0,166,721,34,0,0,0,6257142.857142856,36500.0,36500.0,36500.0,7.0,0.0,36500.0,0.0,2025-03-21,2025-05-04,44,9,Walk-in,3.0,Closed
PPG-00203,Maun,Boseja,House,Sale,Agent_Kabo,1,1,242,1926,16,0,0,1,404000.0,382000.0,397000.0,0.0,0.0,-5.45,19850.0,1100.0,2024-02-16,2024-03-22,35,3,Cold Call,,Closed
PPG-00204,Maun,Boseja,Commercial Office,Rental,Agent_Kabo,0,0,508,1081,25,0,0,1,3771428.571428571,22000.0,22000.0,22000.0,7.0,0.0,22000.0,0.0,2024-08-13,2024-08-24,11,5,Agent Network,,Closed
PPG-00205,Maun,Matlapana,Townhouse,Rental,Agent_Boago,1,1,204,552,2,1,0,0,2982857.1428571427,17400.0,17400.0,17400.0,7.0,0.0,17400.0,0.0,2024-11-08,2024-11-24,16,2,Online Listing,4.3,Closed
PPG-00206,Maun,Matlapana,Apartment,Sale,Agent_Mpho,5,4,318,697,7,0,0,1,526000.0,538000.0,497000.0,0.0,0.0,2.28,24850.0,0.0,2024-04-10,2024-06-06,57,8,Cold Call,3.7,Closed
PPG-00207,Maun,Sedie Ward,Apartment,Rental,Agent_Kabo,5,4,131,696,20,0,0,0,1371428.5714285714,8000.0,8000.0,8000.0,7.0,0.0,8000.0,0.0,2024-11-09,2024-12-19,40,8,Referral,4.6,Closed
PPG-00208,Francistown,Somerset,House,Sale,Agent_Lesego,2,1,506,866,23,1,0,0,1414000.0,1421000.0,1343000.0,0.0,0.0,0.5,67150.0,0.0,2024-07-20,2024-10-02,74,12,Walk-in,,Closed
PPG-00209,Gaborone,Extension 14,Warehouse,Rental,Agent_Kabo,0,0,277,375,35,0,1,0,8982857.142857142,52400.0,52400.0,52400.0,7.0,0.0,52400.0,0.0,2024-06-01,2024-06-27,26,3,Agent Network,4.2,Closed
PPG-00210,Francistown,Somerset,Plot,Sale,Agent_Neo,0,0,0,1112,23,0,0,0,163000.0,160000.0,164000.0,0.0,0.0,-1.84,8200.0,150.0,2024-05-29,2024-10-06,130,13,Online Listing,,Closed
PPG-00211,Francistown,Somerset,House,Rental,Agent_Lesego,2,1,103,1669,13,0,0,1,4045714.2857142854,23600.0,23600.0,23600.0,7.0,0.0,23600.0,0.0,2024-02-17,2024-02-22,5,1,Online Listing,4.0,Closed
PPG-00212,Francistown,Gerald Estate,Commercial Office,Sale,Agent_Neo,0,0,445,1638,24,0,1,0,4925000.0,4711000.0,4796000.0,0.0,0.0,-4.35,239800.0,10700.0,2024-01-07,2024-05-21,135,16,Referral,,Closed
PPG-00213,Gaborone,Extension 14,Warehouse,Sale,Agent_Lesego,0,0,213,682,10,0,1,0,3062000.0,3129000.0,3057000.0,0.0,0.0,2.19,152850.0,0.0,2024-01-23,2024-04-01,69,7,Walk-in,3.3,Closed
PPG-00214,Maun,Sedie Ward,House,Sale,Agent_Neo,1,1,230,828,11,0,1,0,412000.0,385000.0,401000.0,0.0,0.0,-6.55,20050.0,1350.0,2024-08-12,2025-02-02,174,18,Cold Call,4.0,Closed
PPG-00215,Gaborone,Block 9,Plot,Sale,Agent_Neo,0,0,0,770,24,0,0,1,226000.0,209000.0,222000.0,0.0,0.0,-7.52,11100.0,850.0,2024-02-09,2024-09-10,214,21,Walk-in,3.3,Closed
PPG-00216,Maun,Sedie Ward,Retail Space,Rental,Agent_Kabo,0,0,594,1161,23,0,0,0,4491428.571428571,26200.0,26200.0,26200.0,7.0,0.0,26200.0,0.0,2025-05-08,2025-06-04,27,6,Online Listing,4.8,Closed
PPG-00217,Maun,Sedie Ward,House,Sale,Agent_Tshepho,3,2,548,1868,14,0,1,0,1121000.0,1088000.0,1070000.0,0.0,0.0,-2.94,53500.0,1650.0,2024-11-19,2025-03-10,111,11,Online Listing,,Closed
PPG-00218,Maun,Sedie Ward,Townhouse,Rental,Agent_Lesego,5,4,434,1553,17,0,1,1,2245714.2857142854,13100.0,13100.0,13100.0,7.0,0.0,13100.0,0.0,2025-05-09,2025-05-23,14,5,Online Listing,3.5,Closed
PPG-00219,Francistown,Gerald Estate,Retail Space,Rental,Agent_Boago,0,0,201,1650,7,0,0,0,6017142.857142856,35100.0,35100.0,35100.0,7.0,0.0,35100.0,0.0,2024-06-14,2024-06-23,9,4,Referral,3.7,Closed
PPG-00220,Maun,Sedie Ward,Warehouse,Sale,Agent_Boago,0,0,224,1096,0,0,0,0,3568000.0,3603000.0,3454000.0,0.0,0.0,0.98,172700.0,0.0,2024-10-20,2025-03-28,159,16,Walk-in,3.9,Closed
PPG-00221,Gaborone,Extension 14,Townhouse,Sale,Agent_Mpho,5,4,582,1356,14,0,0,1,2595000.0,2414000.0,2442000.0,0.0,0.0,-6.97,122100.0,9050.0,2024-03-11,2024-04-25,45,8,Cold Call,4.9,Closed
PPG-00222,Francistown,Somerset,Commercial Office,Rental,Agent_Mpho,0,0,473,1477,0,0,1,0,3394285.714285714,19800.0,19800.0,19800.0,7.0,0.0,19800.0,0.0,2024-03-15,2024-04-19,35,5,Online Listing,4.6,Closed
PPG-00223,Francistown,Gerald Estate,Warehouse,Rental,Agent_Tshepho,0,0,555,1876,15,0,0,0,8142857.142857142,47500.0,47500.0,47500.0,7.0,0.0,47500.0,0.0,2025-04-16,2025-05-26,40,7,Walk-in,,Closed
PPG-00224,Gaborone,CBD,Warehouse,Sale,Agent_Gomolemo,0,0,295,1938,20,0,1,1,4267000.0,4286000.0,4064000.0,0.0,0.0,0.45,203200.0,0.0,2024-11-17,2025-02-22,97,13,Referral,,Closed
PPG-00225,Maun,Sedie Ward,Apartment,Sale,Agent_Tshepho,2,1,307,843,13,0,0,1,343000.0,335000.0,323000.0,0.0,0.0,-2.33,16150.0,400.0,2024-02-13,2024-06-22,130,17,Online Listing,4.8,Closed
PPG-00226,Maun,Boseja,Plot,Sale,Agent_Mpho,0,0,0,1114,14,0,0,0,111000.0,111000.0,111000.0,0.0,0.0,0.0,5550.0,0.0,2025-03-09,,129,12,Cold Call,3.8,Active
PPG-00227,Maun,Matlapana,Plot,Sale,Agent_Kabo,0,0,0,946,0,0,0,1,122000.0,122000.0,122000.0,0.0,0.0,0.0,6100.0,0.0,2024-04-13,2024-07-12,90,13,Online Listing,3.4,Closed
PPG-00228,Francistown,Somerset,Townhouse,Rental,Agent_Tshepho,3,2,248,1321,27,1,0,1,2811428.5714285714,16400.0,16400.0,16400.0,7.0,0.0,16400.0,0.0,2024-10-13,2024-11-13,31,7,Referral,,Closed
PPG-00229,Maun,Sedie Ward,Apartment,Sale,Agent_Gomolemo,3,2,301,1437,27,0,0,0,281000.0,290000.0,277000.0,0.0,0.0,3.2,13850.0,0.0,2024-11-19,2025-03-30,131,15,Online Listing,4.1,Closed
PPG-00230,Francistown,Monarch,Warehouse,Sale,Agent_Mpho,0,0,280,1966,16,0,1,0,4030000.0,3882000.0,4033000.0,0.0,0.0,-3.67,201650.0,7400.0,2024-07-22,2024-12-23,154,20,Cold Call,3.3,Closed
PPG-00231,Francistown,Gerald Estate,Townhouse,Rental,Agent_Boago,4,3,140,1080,18,0,0,0,2400000.0,14000.0,14000.0,14000.0,7.0,0.0,14000.0,0.0,2024-12-11,2025-01-09,29,6,Cold Call,4.8,Closed
PPG-00232,Gaborone,Mogoditshane,Townhouse,Rental,Agent_Mpho,3,2,358,1754,17,0,1,0,2674285.714285714,15600.0,15600.0,15600.0,7.0,0.0,15600.0,0.0,2025-01-06,2025-02-15,40,7,Cold Call,3.4,Closed
PPG-00233,Gaborone,Mogoditshane,Warehouse,Rental,Agent_Mpho,0,0,141,731,10,0,1,1,13062857.142857142,76200.0,76200.0,76200.0,7.0,0.0,76200.0,0.0,2025-04-29,2025-06-06,38,3,Walk-in,4.0,Closed
PPG-00234,Gaborone,Tlokweng,Townhouse,Sale,Agent_Neo,1,1,459,933,14,1,1,0,1252000.0,1192000.0,1224000.0,0.0,0.0,-4.79,61200.0,3000.0,2024-10-05,2025-03-01,147,15,Agent Network,4.4,Closed
PPG-00235,Gaborone,Riverwalk,Warehouse,Rental,Agent_Boago,0,0,596,1610,34,0,1,1,8982857.142857142,52400.0,52400.0,52400.0,7.0,0.0,52400.0,0.0,2024-04-01,2024-05-02,31,5,Online Listing,3.3,Closed
PPG-00236,Gaborone,Phakalane,Commercial Office,Sale,Agent_Gomolemo,0,0,412,887,30,0,1,0,4065000.0,4081000.0,3875000.0,0.0,0.0,0.39,193750.0,0.0,2025-03-23,,108,11,Referral,4.3,Active
PPG-00237,Francistown,Somerset,Townhouse,Rental,Agent_Kabo,2,1,589,1865,17,0,0,0,1971428.5714285711,11500.0,11500.0,11500.0,7.0,0.0,11500.0,0.0,2024-03-11,2024-03-25,14,3,Referral,,Closed
PPG-00238,Francistown,Tati Siding,Townhouse,Rental,Agent_Boago,2,1,388,339,9,1,1,1,1388571.4285714284,8100.0,8100.0,8100.0,7.0,0.0,8100.0,0.0,2024-10-02,2024-10-13,11,6,Agent Network,,Closed
PPG-00239,Gaborone,Mogoditshane,House,Sale,Agent_Tshepho,3,2,490,938,31,0,1,0,1584000.0,1610000.0,1582000.0,0.0,0.0,1.64,79100.0,0.0,2025-01-25,2025-02-04,10,6,Walk-in,,Closed
PPG-00240,Francistown,Somerset,Warehouse,Sale,Agent_Kabo,0,0,531,1805,6,0,1,0,8375000.0,8340000.0,8021000.0,0.0,0.0,-0.42,401050.0,1750.0,2024-11-01,2024-12-28,57,5,Online Listing,3.4,Closed
PPG-00241,Gaborone,Broadhurst,Warehouse,Rental,Agent_Tshepho,0,0,75,642,17,0,0,1,5931428.571428571,34600.0,34600.0,34600.0,7.0,0.0,34600.0,0.0,2024-02-13,2024-03-24,40,9,Agent Network,3.7,Closed
PPG-00242,Gaborone,Broadhurst,Apartment,Sale,Agent_Tshepho,5,4,406,1855,3,0,0,1,1502000.0,1478000.0,1497000.0,0.0,0.0,-1.6,74850.0,1200.0,2025-03-25,2025-05-20,56,10,Walk-in,4.4,Closed
PPG-00243,Francistown,Monarch,Plot,Sale,Agent_Boago,0,0,0,1444,18,0,0,0,180000.0,180000.0,180000.0,0.0,0.0,0.0,9000.0,0.0,2024-07-10,2024-12-03,146,16,Online Listing,3.6,Closed
PPG-00244,Maun,Sedie Ward,Apartment,Sale,Agent_Kabo,4,3,362,1978,16,0,0,0,423000.0,428000.0,407000.0,0.0,0.0,1.18,20350.0,0.0,2024-03-05,2024-08-27,175,20,Cold Call,,Closed
PPG-00245,Maun,Boseja,Retail Space,Sale,Agent_Neo,0,0,349,960,26,0,0,1,3000000.0,2797000.0,2940000.0,0.0,0.0,-6.77,147000.0,10150.0,2025-02-01,,261,31,Cold Call,3.1,Active
PPG-00246,Gaborone,Tlokweng,House,Rental,Agent_Mpho,1,1,539,1940,3,0,0,0,3771428.571428571,22000.0,22000.0,22000.0,7.0,0.0,22000.0,0.0,2024-02-29,2024-04-11,42,8,Online Listing,,Closed
PPG-00247,Gaborone,Phase 2,House,Sale,Agent_Mpho,1,1,296,1388,24,1,1,1,1519000.0,1534000.0,1499000.0,0.0,0.0,0.99,74950.0,0.0,2024-04-16,2024-06-04,49,8,Referral,3.7,Closed
PPG-00248,Gaborone,Extension 14,Commercial Office,Rental,Agent_Tshepho,0,0,382,1426,20,0,0,0,7457142.857142856,43500.0,43500.0,43500.0,7.0,0.0,43500.0,0.0,2024-11-27,2025-01-07,41,8,Referral,3.8,Closed
PPG-00249,Maun,Sedie Ward,Townhouse,Rental,Agent_Lesego,4,3,466,300,2,0,0,0,3068571.428571428,17900.0,17900.0,17900.0,7.0,0.0,17900.0,0.0,2024-11-05,2024-11-08,3,1,Online Listing,,Closed
PPG-00250,Francistown,Monarch,Retail Space,Rental,Agent_Gomolemo,0,0,583,1439,9,0,1,0,2948571.428571428,17200.0,17200.0,17200.0,7.0,0.0,17200.0,0.0,2024-09-28,2024-10-24,26,3,Cold Call,,Closed
PPG-00251,Francistown,Monarch,Commercial Office,Sale,Agent_Tshepho,0,0,139,1781,20,0,0,1,1582000.0,1591000.0,1496000.0,0.0,0.0,0.57,74800.0,0.0,2024-02-27,2024-05-29,92,12,Online Listing,4.7,Closed
PPG-00252,Gaborone,Phakalane,Warehouse,Rental,Agent_Gomolemo,0,0,115,924,33,0,1,0,4971428.571428571,29000.0,29000.0,29000.0,7.0,0.0,29000.0,0.0,2025-05-29,2025-06-15,17,1,Referral,5.0,Closed
PPG-00253,Francistown,Monarch,Apartment,Rental,Agent_Tshepho,4,3,211,570,21,0,0,1,1731428.5714285714,10100.0,10100.0,10100.0,7.0,0.0,10100.0,0.0,2024-02-20,2024-03-29,38,5,Agent Network,,Closed
PPG-00254,Maun,Boseja,Retail Space,Sale,Agent_Boago,0,0,198,1284,35,0,1,1,1687000.0,1649000.0,1654000.0,0.0,0.0,-2.25,82700.0,1900.0,2024-04-25,2024-10-20,178,20,Agent Network,3.4,Closed
PPG-00255,Francistown,Monarch,Retail Space,Sale,Agent_Lesego,0,0,418,1562,28,0,0,0,3637000.0,3512000.0,3577000.0,0.0,0.0,-3.44,178850.0,6250.0,2024-05-31,2024-08-19,80,10,Walk-in,3.2,Closed
PPG-00256,Francistown,Tati Siding,House,Sale,Agent_Lesego,5,4,276,717,34,0,1,0,751000.0,715000.0,721000.0,0.0,0.0,-4.79,36050.0,1800.0,2024-10-04,2024-10-24,20,7,Agent Network,3.1,Closed
PPG-00257,Maun,Boseja,Warehouse,Rental,Agent_Gomolemo,0,0,170,339,18,0,0,0,5811428.571428571,33900.0,33900.0,33900.0,7.0,0.0,33900.0,0.0,2025-01-24,2025-02-28,35,5,Walk-in,4.2,Closed
PPG-00258,Gaborone,Mogoditshane,Apartment,Rental,Agent_Neo,5,4,82,381,15,0,0,0,1319999.9999999998,7700.0,7700.0,7700.0,7.0,0.0,7700.0,0.0,2025-05-16,2025-06-13,28,2,Referral,3.7,Closed
PPG-00259,Maun,Boseja,Apartment,Rental,Agent_Neo,1,1,323,1092,1,0,0,0,2314285.714285714,13500.0,13500.0,13500.0,7.0,0.0,13500.0,0.0,2024-08-18,2024-08-30,12,4,Online Listing,3.2,Closed
PPG-00260,Francistown,Somerset,Plot,Sale,Agent_Mpho,0,0,0,1173,19,0,0,0,161000.0,152000.0,159000.0,0.0,0.0,-5.59,7950.0,450.0,2024-05-18,2024-12-14,210,26,Referral,4.8,Closed
PPG-00261,Francistown,Monarch,Commercial Office,Sale,Agent_Neo,0,0,248,950,9,0,0,0,3052000.0,3183000.0,3035000.0,0.0,0.0,4.29,151750.0,0.0,2024-04-19,2024-05-29,40,4,Referral,4.2,Closed
PPG-00262,Francistown,Somerset,Commercial Office,Sale,Agent_Mpho,0,0,86,1035,5,0,0,0,1032000.0,1038000.0,972000.0,0.0,0.0,0.58,48600.0,0.0,2024-01-16,2024-04-01,76,8,Agent Network,5.0,Closed
PPG-00263,Gaborone,Tlokweng,Apartment,Rental,Agent_Tshepho,3,2,528,805,27,0,0,0,925714.2857142857,5400.0,5400.0,5400.0,7.0,0.0,5400.0,0.0,2025-01-24,2025-02-16,23,6,Agent Network,4.1,Closed
PPG-00264,Maun,Sedie Ward,Warehouse,Sale,Agent_Boago,0,0,593,523,28,0,1,0,8120000.0,8235000.0,7741000.0,0.0,0.0,1.42,387050.0,0.0,2025-03-26,,108,12,Online Listing,3.8,Active
PPG-00265,Maun,Matlapana,Warehouse,Sale,Agent_Neo,0,0,534,1999,28,0,1,0,6542000.0,6226000.0,6560000.0,0.0,0.0,-4.83,328000.0,15800.0,2024-07-25,2024-11-25,123,14,Walk-in,4.3,Closed
PPG-00266,Maun,Matlapana,Warehouse,Sale,Agent_Boago,0,0,153,533,28,0,0,1,2022000.0,1890000.0,1948000.0,0.0,0.0,-6.53,97400.0,6600.0,2024-06-02,2024-08-23,82,13,Referral,,Closed
PPG-00267,Francistown,Gerald Estate,Warehouse,Rental,Agent_Gomolemo,0,0,355,1582,11,0,1,1,5519999.999999999,32200.0,32200.0,32200.0,7.0,0.0,32200.0,0.0,2024-09-16,2024-09-19,3,3,Agent Network,4.1,Closed
PPG-00268,Gaborone,Riverwalk,Apartment,Rental,Agent_Mpho,4,3,479,1204,5,0,0,0,874285.7142857142,5100.0,5100.0,5100.0,7.0,0.0,5100.0,0.0,2024-10-11,2024-11-22,42,5,Cold Call,,Closed
PPG-00269,Gaborone,Phakalane,Warehouse,Sale,Agent_Lesego,0,0,208,366,19,0,1,1,2831000.0,2770000.0,2853000.0,0.0,0.0,-2.15,142650.0,3050.0,2025-01-03,2025-01-19,16,3,Walk-in,4.8,Closed
PPG-00270,Gaborone,CBD,Retail Space,Sale,Agent_Neo,0,0,359,1264,8,0,1,0,3569000.0,3538000.0,3377000.0,0.0,0.0,-0.87,168850.0,1550.0,2024-10-21,2025-02-14,116,13,Cold Call,,Closed
PPG-00271,Maun,Sedie Ward,Townhouse,Rental,Agent_Mpho,5,4,569,1308,11,0,1,1,1559999.9999999998,9100.0,9100.0,9100.0,7.0,0.0,9100.0,0.0,2024-05-01,2024-05-05,4,5,Agent Network,4.5,Closed
PPG-00272,Gaborone,CBD,Plot,Sale,Agent_Kabo,0,0,0,1016,35,0,0,0,471000.0,471000.0,471000.0,0.0,0.0,0.0,23550.0,0.0,2024-07-25,2024-10-12,79,7,Online Listing,4.0,Closed
PPG-00273,Francistown,Monarch,House,Rental,Agent_Boago,3,2,465,1783,1,0,1,0,4062857.1428571423,23700.0,23700.0,23700.0,7.0,0.0,23700.0,0.0,2025-05-05,2025-06-07,33,8,Walk-in,,Closed
PPG-00274,Gaborone,Riverwalk,Retail Space,Rental,Agent_Neo,0,0,533,1905,26,0,0,1,5005714.285714285,29200.0,29200.0,29200.0,7.0,0.0,29200.0,0.0,2024-11-19,2024-12-27,38,3,Cold Call,,Closed
PPG-00275,Maun,Boseja,Retail Space,Rental,Agent_Gomolemo,0,0,127,605,17,0,0,1,4182857.1428571423,24400.0,24400.0,24400.0,7.0,0.0,24400.0,0.0,2024-06-18,2024-07-27,39,6,Cold Call,,Closed
PPG-00276,Gaborone,Phase 2,Warehouse,Rental,Agent_Gomolemo,0,0,92,856,26,0,1,0,7251428.571428571,42300.0,42300.0,42300.0,7.0,0.0,42300.0,0.0,2024-11-05,2024-11-21,16,3,Cold Call,,Closed
PPG-00277,Francistown,Monarch,Retail Space,Sale,Agent_Mpho,0,0,514,1336,1,0,0,0,5058000.0,4947000.0,5102000.0,0.0,0.0,-2.19,255100.0,5550.0,2024-05-15,2024-07-13,59,8,Walk-in,4.7,Closed
PPG-00278,Gaborone,Phakalane,Townhouse,Sale,Agent_Kabo,3,2,538,394,6,0,0,1,3205000.0,2990000.0,3039000.0,0.0,0.0,-6.71,151950.0,10750.0,2024-06-01,2024-08-04,64,10,Walk-in,3.2,Closed
PPG-00279,Maun,Boseja,Commercial Office,Rental,Agent_Lesego,0,0,204,1742,18,0,0,1,4971428.571428571,29000.0,29000.0,29000.0,7.0,0.0,29000.0,0.0,2024-12-12,2025-01-18,37,3,Agent Network,,Closed
PPG-00280,Francistown,Monarch,House,Sale,Agent_Tshepho,1,1,496,1102,11,0,0,0,1272000.0,1249000.0,1278000.0,0.0,0.0,-1.81,63900.0,1150.0,2025-04-21,,152,15,Referral,4.8,Active
PPG-00281,Francistown,Monarch,Plot,Sale,Agent_Lesego,0,0,0,1263,14,0,0,0,167000.0,167000.0,167000.0,0.0,0.0,0.0,8350.0,0.0,2024-09-21,2024-12-30,100,11,Agent Network,4.3,Closed
PPG-00282,Francistown,Tati Siding,Plot,Sale,Agent_Kabo,0,0,0,1273,7,0,0,1,150000.0,136000.0,144000.0,0.0,0.0,-9.33,7200.0,700.0,2024-03-13,2024-07-18,127,16,Agent Network,4.2,Closed
PPG-00283,Maun,Matlapana,Plot,Sale,Agent_Tshepho,0,0,0,997,13,0,0,0,118000.0,118000.0,119000.0,0.0,0.0,0.0,5950.0,0.0,2025-05-13,2025-06-18,36,7,Cold Call,4.1,Closed
PPG-00284,Francistown,Somerset,Townhouse,Sale,Agent_Tshepho,5,4,171,1703,24,0,0,1,402000.0,409000.0,386000.0,0.0,0.0,1.74,19300.0,0.0,2025-04-02,2025-05-29,57,10,Referral,3.6,Closed
PPG-00285,Maun,Boseja,Plot,Sale,Agent_Boago,0,0,0,482,0,0,0,0,120000.0,120000.0,120000.0,0.0,0.0,0.0,6000.0,0.0,2024-05-10,2024-07-31,82,10,Walk-in,4.9,Closed
PPG-00286,Gaborone,Extension 14,Retail Space,Sale,Agent_Lesego,0,0,348,363,15,0,1,0,3411000.0,3389000.0,3408000.0,0.0,0.0,-0.64,170400.0,1100.0,2025-01-03,2025-04-26,113,13,Referral,4.3,Closed
PPG-00287,Gaborone,Phakalane,House,Sale,Agent_Boago,2,1,558,1647,27,0,1,1,4066000.0,3985000.0,4055000.0,0.0,0.0,-1.99,202750.0,4050.0,2025-01-28,2025-05-05,97,10,Referral,3.0,Closed
PPG-00288,Francistown,Somerset,Warehouse,Rental,Agent_Neo,0,0,480,1418,23,0,1,1,8400000.0,49000.0,49000.0,49000.0,7.0,0.0,49000.0,0.0,2025-01-12,2025-01-22,10,4,Cold Call,3.2,Closed
PPG-00289,Maun,Sedie Ward,Commercial Office,Rental,Agent_Gomolemo,0,0,536,1358,5,0,1,0,4457142.857142856,26000.0,26000.0,26000.0,7.0,0.0,26000.0,0.0,2024-03-20,2024-05-02,43,8,Cold Call,3.1,Closed
PPG-00290,Francistown,Monarch,Plot,Sale,Agent_Tshepho,0,0,0,1475,21,0,0,0,197000.0,197000.0,197000.0,0.0,0.0,0.0,9850.0,0.0,2024-10-28,2025-01-17,81,8,Referral,4.2,Closed
PPG-00291,Francistown,Gerald Estate,House,Rental,Agent_Boago,5,4,233,1473,3,0,1,0,1457142.857142857,8500.0,8500.0,8500.0,7.0,0.0,8500.0,0.0,2025-05-11,2025-05-19,8,4,Referral,,Closed
PPG-00292,Francistown,Gerald Estate,Apartment,Rental,Agent_Neo,3,2,323,329,7,0,0,0,2262857.1428571427,13200.0,13200.0,13200.0,7.0,0.0,13200.0,0.0,2024-06-03,2024-07-18,45,6,Agent Network,3.5,Closed
PPG-00293,Maun,Matlapana,Plot,Sale,Agent_Mpho,0,0,0,1002,5,0,0,0,127000.0,130000.0,121000.0,0.0,0.0,2.36,6050.0,0.0,2024-12-19,2025-01-08,20,2,Online Listing,,Closed
PPG-00294,Francistown,Tati Siding,Plot,Sale,Agent_Lesego,0,0,0,1828,34,0,0,1,161000.0,161000.0,161000.0,0.0,0.0,0.0,8050.0,0.0,2025-02-03,2025-06-11,128,13,Online Listing,3.9,Closed
PPG-00295,Francistown,Tati Siding,Plot,Sale,Agent_Boago,0,0,0,1385,2,0,0,1,156000.0,156000.0,156000.0,0.0,0.0,0.0,7800.0,0.0,2024-12-28,2025-04-24,117,16,Cold Call,3.7,Closed
PPG-00296,Francistown,Monarch,Townhouse,Rental,Agent_Boago,4,3,307,1803,12,0,0,0,1782857.1428571427,10400.0,10400.0,10400.0,7.0,0.0,10400.0,0.0,2024-01-11,2024-01-14,3,1,Walk-in,4.1,Closed
PPG-00297,Maun,Boseja,Townhouse,Rental,Agent_Mpho,3,2,257,369,1,0,1,0,2879999.9999999995,16800.0,16800.0,16800.0,7.0,0.0,16800.0,0.0,2024-08-10,2024-09-20,41,9,Walk-in,3.2,Closed
PPG-00298,Maun,Matlapana,Plot,Sale,Agent_Boago,0,0,0,527,11,0,0,1,121000.0,125000.0,116000.0,0.0,0.0,3.31,5800.0,0.0,2024-06-14,2024-07-09,25,2,Online Listing,3.7,Closed
PPG-00299,Gaborone,Phase 2,Retail Space,Sale,Agent_Lesego,0,0,511,442,31,0,0,1,4085000.0,4102000.0,3914000.0,0.0,0.0,0.42,195700.0,0.0,2024-02-05,2024-03-01,25,6,Walk-in,4.6,Closed
PPG-00300,Gaborone,Riverwalk,Apartment,Sale,Agent_Boago,1,1,459,845,9,0,0,0,1714000.0,1753000.0,1705000.0,0.0,0.0,2.28,85250.0,0.0,2024-08-19,2024-08-26,7,5,Agent Network,4.0,Closed
PPG-00301,Maun,Sedie Ward,Townhouse,Rental,Agent_Lesego,4,3,116,1594,5,0,0,1,2794285.714285714,16300.0,16300.0,16300.0,7.0,0.0,16300.0,0.0,2024-10-23,2024-12-06,44,5,Referral,4.9,Closed
PPG-00302,Maun,Matlapana,Townhouse,Rental,Agent_Boago,1,1,427,1296,5,0,1,1,1268571.4285714284,7400.0,7400.0,7400.0,7.0,0.0,7400.0,0.0,2024-01-26,2024-03-06,40,7,Referral,4.6,Closed
PPG-00303,Maun,Boseja,Plot,Sale,Agent_Neo,0,0,0,333,2,0,0,1,116000.0,116000.0,116000.0,0.0,0.0,0.0,5800.0,0.0,2024-02-13,2024-06-02,110,12,Walk-in,4.3,Closed
PPG-00304,Francistown,Somerset,Warehouse,Sale,Agent_Neo,0,0,133,375,9,0,1,1,2251000.0,2254000.0,2131000.0,0.0,0.0,0.13,106550.0,0.0,2024-06-23,2024-11-28,158,15,Walk-in,,Closed
PPG-00305,Maun,Sedie Ward,Apartment,Sale,Agent_Kabo,4,3,405,1961,25,0,0,1,485000.0,474000.0,460000.0,0.0,0.0,-2.27,23000.0,550.0,2024-05-24,2024-09-14,113,16,Referral,3.3,Closed
PPG-00306,Gaborone,Phakalane,Apartment,Rental,Agent_Kabo,2,1,76,1297,5,0,0,1,1131428.5714285714,6600.0,6600.0,6600.0,7.0,0.0,6600.0,0.0,2024-04-01,2024-05-15,44,6,Cold Call,4.6,Closed
PPG-00307,Francistown,Somerset,Apartment,Rental,Agent_Mpho,5,4,521,1143,15,0,0,0,1799999.9999999998,10500.0,10500.0,10500.0,7.0,0.0,10500.0,0.0,2024-02-08,2024-03-20,41,9,Referral,4.9,Closed
PPG-00308,Maun,Boseja,Townhouse,Sale,Agent_Tshepho,5,4,301,693,7,0,0,0,593000.0,597000.0,564000.0,0.0,0.0,0.67,28200.0,0.0,2025-04-30,,134,14,Referral,3.1,Active
PPG-00309,Maun,Boseja,Townhouse,Rental,Agent_Mpho,3,2,402,1563,29,1,0,0,1525714.2857142857,8900.0,8900.0,8900.0,7.0,0.0,8900.0,0.0,2024-01-30,2024-03-04,34,3,Cold Call,,Closed
PPG-00310,Gaborone,Riverwalk,Commercial Office,Rental,Agent_Neo,0,0,489,707,20,0,1,1,4337142.857142856,25300.0,25300.0,25300.0,7.0,0.0,25300.0,0.0,2024-08-30,2024-09-28,29,5,Referral,3.1,Closed
PPG-00311,Maun,Boseja,House,Sale,Agent_Tshepho,2,1,525,664,24,0,1,1,939000.0,943000.0,910000.0,0.0,0.0,0.43,45500.0,0.0,2024-12-17,2025-02-18,63,10,Online Listing,,Closed
PPG-00312,Maun,Sedie Ward,Apartment,Sale,Agent_Neo,1,1,481,1368,31,0,0,0,363000.0,377000.0,347000.0,0.0,0.0,3.86,17350.0,0.0,2024-06-01,2024-11-01,153,18,Walk-in,3.1,Closed
PPG-00313,Francistown,Monarch,Plot,Sale,Agent_Neo,0,0,0,1281,6,0,0,0,171000.0,171000.0,171000.0,0.0,0.0,0.0,8550.0,0.0,2024-01-13,2024-05-03,111,12,Referral,3.5,Closed
PPG-00314,Gaborone,Phakalane,Plot,Sale,Agent_Boago,0,0,0,631,29,0,0,0,472000.0,472000.0,472000.0,0.0,0.0,0.0,23600.0,0.0,2024-01-25,2024-05-27,123,13,Agent Network,3.8,Closed
PPG-00315,Francistown,Tati Siding,Warehouse,Sale,Agent_Boago,0,0,132,1088,21,0,1,1,1956000.0,1953000.0,1966000.0,0.0,0.0,-0.15,98300.0,150.0,2025-01-07,2025-01-27,20,5,Walk-in,4.2,Closed
PPG-00316,Francistown,Gerald Estate,Apartment,Sale,Agent_Boago,5,4,269,583,21,0,0,1,514000.0,520000.0,496000.0,0.0,0.0,1.17,24800.0,0.0,2024-09-30,2025-02-12,135,15,Agent Network,,Closed
PPG-00317,Francistown,Gerald Estate,Plot,Sale,Agent_Tshepho,0,0,0,1262,34,0,0,0,151000.0,155000.0,151000.0,0.0,0.0,2.65,7550.0,0.0,2025-04-13,2025-05-12,29,5,Walk-in,3.6,Closed
PPG-00318,Gaborone,Tlokweng,Apartment,Sale,Agent_Lesego,2,1,568,608,13,0,0,0,1314000.0,1319000.0,1262000.0,0.0,0.0,0.38,63100.0,0.0,2024-03-05,2024-03-17,12,5,Referral,3.8,Closed
PPG-00319,Francistown,Gerald Estate,Plot,Sale,Agent_Neo,0,0,0,1237,19,0,0,0,216000.0,216000.0,216000.0,0.0,0.0,0.0,10800.0,0.0,2024-11-09,2024-12-29,50,6,Online Listing,4.9,Closed
PPG-00320,Gaborone,Mogoditshane,Townhouse,Rental,Agent_Lesego,2,1,224,1757,34,0,0,0,2502857.1428571427,14600.0,14600.0,14600.0,7.0,0.0,14600.0,0.0,2024-06-06,2024-06-19,13,1,Referral,,Closed
PPG-00321,Francistown,Somerset,Plot,Sale,Agent_Lesego,0,0,0,677,13,0,0,0,177000.0,177000.0,177000.0,0.0,0.0,0.0,8850.0,0.0,2024-11-20,2025-02-23,95,11,Referral,5.0,Closed
PPG-00322,Maun,Boseja,House,Rental,Agent_Kabo,4,3,208,1238,20,1,0,0,2845714.2857142854,16600.0,16600.0,16600.0,7.0,0.0,16600.0,0.0,2024-10-29,2024-12-01,33,7,Online Listing,4.6,Closed
PPG-00323,Maun,Boseja,Townhouse,Sale,Agent_Boago,4,3,101,585,35,1,1,0,147000.0,149000.0,140000.0,0.0,0.0,1.36,7000.0,0.0,2024-03-26,2024-08-17,144,19,Agent Network,3.2,Closed
PPG-00324,Maun,Boseja,Apartment,Rental,Agent_Tshepho,5,4,583,414,23,0,0,1,1954285.714285714,11400.0,11400.0,11400.0,7.0,0.0,11400.0,0.0,2025-03-13,2025-04-08,26,4,Agent Network,,Closed
PPG-00325,Francistown,Gerald Estate,Townhouse,Sale,Agent_Tshepho,2,1,514,1818,26,0,1,0,1089000.0,1095000.0,1090000.0,0.0,0.0,0.55,54500.0,0.0,2024-12-09,2025-01-01,23,5,Cold Call,,Closed
PPG-00326,Francistown,Gerald Estate,Plot,Sale,Agent_Mpho,0,0,0,1754,8,0,0,1,213000.0,213000.0,213000.0,0.0,0.0,0.0,10650.0,0.0,2024-10-23,2025-03-20,148,14,Agent Network,3.6,Closed
PPG-00327,Maun,Boseja,Plot,Sale,Agent_Neo,0,0,0,759,1,0,0,0,112000.0,112000.0,112000.0,0.0,0.0,0.0,5600.0,0.0,2024-11-03,2025-04-22,170,17,Agent Network,4.8,Closed
PPG-00328,Francistown,Somerset,Plot,Sale,Agent_Boago,0,0,0,358,7,0,0,0,184000.0,176000.0,186000.0,0.0,0.0,-4.35,9300.0,400.0,2024-05-02,2024-08-12,102,15,Cold Call,4.7,Closed
PPG-00329,Gaborone,Phakalane,Apartment,Rental,Agent_Lesego,2,1,425,634,3,0,0,1,1508571.4285714284,8800.0,8800.0,8800.0,7.0,0.0,8800.0,0.0,2024-12-30,2025-01-05,6,2,Online Listing,4.9,Closed
PPG-00330,Maun,Matlapana,Retail Space,Sale,Agent_Boago,0,0,156,1526,10,0,1,0,1649000.0,1639000.0,1552000.0,0.0,0.0,-0.61,77600.0,500.0,2024-10-15,2025-01-25,102,13,Agent Network,4.8,Closed
PPG-00331,Gaborone,Broadhurst,Apartment,Sale,Agent_Neo,2,1,598,1389,35,0,0,0,1341000.0,1211000.0,1274000.0,0.0,0.0,-9.69,63700.0,6500.0,2025-03-28,,240,25,Online Listing,3.1,Active
PPG-00332,Gaborone,Broadhurst,Apartment,Sale,Agent_Gomolemo,2,1,374,556,13,0,0,1,918000.0,889000.0,914000.0,0.0,0.0,-3.16,45700.0,1450.0,2024-03-01,2024-07-06,127,14,Walk-in,,Closed
PPG-00333,Francistown,Monarch,Retail Space,Sale,Agent_Kabo,0,0,270,1503,12,0,1,1,2563000.0,2624000.0,2453000.0,0.0,0.0,2.38,122650.0,0.0,2024-03-10,2024-04-11,32,3,Cold Call,4.4,Closed
PPG-00334,Francistown,Somerset,Retail Space,Sale,Agent_Neo,0,0,161,738,32,0,0,0,1308000.0,1383000.0,1267000.0,0.0,0.0,5.73,63350.0,0.0,2024-11-17,2024-12-25,38,3,Agent Network,4.0,Closed
PPG-00335,Francistown,Gerald Estate,Commercial Office,Sale,Agent_Boago,0,0,144,971,31,0,1,1,1472000.0,1507000.0,1391000.0,0.0,0.0,2.38,69550.0,0.0,2025-05-02,,180,19,Online Listing,,Active
PPG-00336,Maun,Boseja,Warehouse,Rental,Agent_Kabo,0,0,508,1370,5,0,1,1,10577142.857142856,61700.0,61700.0,61700.0,7.0,0.0,61700.0,0.0,2024-04-14,2024-04-27,13,3,Walk-in,3.7,Closed
PPG-00337,Maun,Boseja,House,Rental,Agent_Mpho,4,3,345,1866,17,0,0,0,2417142.857142857,14100.0,14100.0,14100.0,7.0,0.0,14100.0,0.0,2025-02-18,2025-03-24,34,5,Cold Call,,Closed
PPG-00338,Francistown,Monarch,House,Rental,Agent_Lesego,4,3,296,1586,8,1,0,0,2828571.428571428,16500.0,16500.0,16500.0,7.0,0.0,16500.0,0.0,2024-01-28,2024-02-11,14,5,Agent Network,3.3,Closed
PPG-00339,Maun,Sedie Ward,House,Sale,Agent_Gomolemo,5,4,564,1923,29,1,0,0,1138000.0,1176000.0,1100000.0,0.0,0.0,3.34,55000.0,0.0,2024-11-18,2025-03-01,103,13,Agent Network,,Closed
PPG-00340,Gaborone,Extension 14,Warehouse,Rental,Agent_Gomolemo,0,0,228,1306,27,0,1,0,8434285.714285713,49200.0,49200.0,49200.0,7.0,0.0,49200.0,0.0,2024-04-22,2024-05-31,39,8,Agent Network,4.1,Closed
PPG-00341,Francistown,Tati Siding,Commercial Office,Sale,Agent_Gomolemo,0,0,578,414,25,0,1,0,5894000.0,5831000.0,5874000.0,0.0,0.0,-1.07,293700.0,3150.0,2024-01-28,2024-07-13,167,19,Online Listing,,Closed
PPG-00342,Francistown,Gerald Estate,Plot,Sale,Agent_Lesego,0,0,0,1654,15,0,0,1,186000.0,178000.0,181000.0,0.0,0.0,-4.3,9050.0,400.0,2025-03-08,,152,18,Cold Call,,Active
PPG-00343,Maun,Boseja,Commercial Office,Rental,Agent_Kabo,0,0,446,1468,24,0,1,1,6342857.142857142,37000.0,37000.0,37000.0,7.0,0.0,37000.0,0.0,2024-07-29,2024-08-22,24,6,Agent Network,4.3,Closed
PPG-00344,Gaborone,Phase 2,Townhouse,Sale,Agent_Tshepho,4,3,137,1397,13,0,1,0,611000.0,624000.0,609000.0,0.0,0.0,2.13,30450.0,0.0,2025-05-01,,116,13,Referral,4.3,Active
PPG-00345,Francistown,Gerald Estate,Plot,Sale,Agent_Boago,0,0,0,709,26,0,0,0,205000.0,205000.0,205000.0,0.0,0.0,0.0,10250.0,0.0,2025-04-09,,178,18,Cold Call,4.3,Active
PPG-00346,Maun,Matlapana,Commercial Office,Sale,Agent_Tshepho,0,0,538,848,34,0,0,0,5372000.0,5276000.0,5338000.0,0.0,0.0,-1.79,266900.0,4800.0,2025-03-21,,112,11,Online Listing,4.7,Active
PPG-00347,Francistown,Gerald Estate,Warehouse,Rental,Agent_Mpho,0,0,301,1131,15,0,1,1,5948571.428571428,34700.0,34700.0,34700.0,7.0,0.0,34700.0,0.0,2024-11-13,2024-12-15,32,7,Agent Network,3.8,Closed
PPG-00348,Gaborone,Broadhurst,Apartment,Sale,Agent_Lesego,1,1,324,1917,17,0,0,0,691000.0,690000.0,691000.0,0.0,0.0,-0.14,34550.0,50.0,2025-02-20,2025-05-31,100,13,Walk-in,4.4,Closed
PPG-00349,Gaborone,Broadhurst,House,Sale,Agent_Neo,5,4,597,815,31,0,1,1,3215000.0,3015000.0,3062000.0,0.0,0.0,-6.22,153100.0,10000.0,2024-10-08,2025-03-28,171,17,Cold Call,3.7,Closed
PPG-00350,Gaborone,Block 9,Commercial Office,Rental,Agent_Tshepho,0,0,312,868,9,0,1,0,8914285.714285713,52000.0,52000.0,52000.0,7.0,0.0,52000.0,0.0,2024-01-22,2024-03-06,44,4,Cold Call,4.3,Closed
PPG-00351,Gaborone,Broadhurst,Townhouse,Rental,Agent_Neo,3,2,431,1963,7,0,1,0,1217142.857142857,7100.0,7100.0,7100.0,7.0,0.0,7100.0,0.0,2025-02-06,2025-02-25,19,1,Online Listing,4.5,Closed
PPG-00352,Francistown,Somerset,Retail Space,Rental,Agent_Mpho,0,0,384,1963,26,0,0,1,2502857.1428571427,14600.0,14600.0,14600.0,7.0,0.0,14600.0,0.0,2025-05-18,2025-06-20,33,5,Agent Network,4.8,Closed
PPG-00353,Gaborone,Mogoditshane,Warehouse,Sale,Agent_Lesego,0,0,420,1161,35,0,0,0,4659000.0,4720000.0,4482000.0,0.0,0.0,1.31,224100.0,0.0,2024-03-25,2024-04-29,35,4,Referral,4.9,Closed
PPG-00354,Maun,Matlapana,Retail Space,Rental,Agent_Neo,0,0,387,1224,30,0,0,1,3034285.714285714,17700.0,17700.0,17700.0,7.0,0.0,17700.0,0.0,2024-12-01,2024-12-22,21,2,Referral,3.4,Closed
PPG-00355,Francistown,Somerset,House,Sale,Agent_Kabo,1,1,533,706,16,0,1,0,1405000.0,1299000.0,1411000.0,0.0,0.0,-7.54,70550.0,5300.0,2025-04-09,,267,31,Referral,,Active
PPG-00356,Francistown,Gerald Estate,Warehouse,Rental,Agent_Tshepho,0,0,193,1183,13,0,0,0,6342857.142857142,37000.0,37000.0,37000.0,7.0,0.0,37000.0,0.0,2024-07-12,2024-08-10,29,5,Referral,3.1,Closed
PPG-00357,Francistown,Somerset,Commercial Office,Sale,Agent_Tshepho,0,0,438,1493,29,0,1,0,4633000.0,4601000.0,4536000.0,0.0,0.0,-0.69,226800.0,1600.0,2024-02-23,2024-05-25,92,12,Referral,5.0,Closed
PPG-00358,Maun,Sedie Ward,Warehouse,Sale,Agent_Boago,0,0,65,819,32,0,0,1,790000.0,778000.0,791000.0,0.0,0.0,-1.52,39550.0,600.0,2024-05-15,2024-06-13,29,7,Online Listing,3.3,Closed
PPG-00359,Gaborone,Block 9,House,Rental,Agent_Mpho,3,2,429,1180,18,0,1,0,4079999.9999999995,23800.0,23800.0,23800.0,7.0,0.0,23800.0,0.0,2024-11-16,2024-12-16,30,5,Referral,4.0,Closed
PPG-00360,Gaborone,Extension 14,Retail Space,Rental,Agent_Boago,0,0,114,686,9,0,1,1,4714285.714285714,27500.0,27500.0,27500.0,7.0,0.0,27500.0,0.0,2024-06-16,2024-07-18,32,3,Agent Network,4.9,Closed
PPG-00361,Gaborone,Riverwalk,Townhouse,Rental,Agent_Boago,4,3,564,530,9,1,1,0,1542857.1428571427,9000.0,9000.0,9000.0,7.0,0.0,9000.0,0.0,2024-06-21,2024-07-26,35,7,Online Listing,4.2,Closed
PPG-00362,Maun,Matlapana,Commercial Office,Sale,Agent_Gomolemo,0,0,486,457,15,0,0,0,5677000.0,5830000.0,5397000.0,0.0,0.0,2.7,269850.0,0.0,2024-03-24,2024-07-26,124,15,Agent Network,3.5,Closed
PPG-00363,Maun,Matlapana,Townhouse,Rental,Agent_Kabo,3,2,192,732,3,0,1,0,2605714.2857142854,15200.0,15200.0,15200.0,7.0,0.0,15200.0,0.0,2025-01-25,2025-02-02,8,2,Agent Network,,Closed
PPG-00364,Francistown,Monarch,House,Sale,Agent_Gomolemo,2,1,457,1896,25,0,0,0,1027000.0,1041000.0,1025000.0,0.0,0.0,1.36,51250.0,0.0,2024-07-23,2024-12-02,132,16,Agent Network,4.1,Closed
PPG-00365,Francistown,Monarch,Retail Space,Rental,Agent_Tshepho,0,0,250,1189,27,0,1,0,7559999.999999999,44100.0,44100.0,44100.0,7.0,0.0,44100.0,0.0,2024-08-17,2024-09-30,44,7,Referral,4.3,Closed
PPG-00366,Gaborone,Phase 2,Plot,Sale,Agent_Tshepho,0,0,0,1941,30,0,0,1,321000.0,320000.0,313000.0,0.0,0.0,-0.31,15650.0,50.0,2025-03-11,,112,14,Walk-in,4.1,Active
PPG-00367,Francistown,Gerald Estate,Townhouse,Sale,Agent_Neo,5,4,76,533,29,1,1,1,187000.0,188000.0,188000.0,0.0,0.0,0.53,9400.0,0.0,2024-07-10,2024-09-09,61,6,Referral,4.2,Closed
PPG-00368,Maun,Matlapana,Plot,Sale,Agent_Neo,0,0,0,311,25,0,0,1,101000.0,101000.0,102000.0,0.0,0.0,0.0,5100.0,0.0,2025-01-04,,179,19,Agent Network,,Active
PPG-00369,Gaborone,Phakalane,Apartment,Sale,Agent_Kabo,2,1,87,728,30,0,0,0,296000.0,282000.0,279000.0,0.0,0.0,-4.73,13950.0,700.0,2024-06-19,2024-08-04,46,7,Agent Network,4.7,Closed
PPG-00370,Maun,Matlapana,Apartment,Rental,Agent_Lesego,1,1,401,316,6,0,0,0,1954285.714285714,11400.0,11400.0,11400.0,7.0,0.0,11400.0,0.0,2025-03-01,2025-04-04,34,7,Cold Call,5.0,Closed
PPG-00371,Gaborone,Riverwalk,Plot,Sale,Agent_Tshepho,0,0,0,774,3,0,0,0,413000.0,413000.0,413000.0,0.0,0.0,0.0,20650.0,0.0,2024-11-19,2025-04-16,148,16,Walk-in,3.8,Closed
PPG-00372,Francistown,Monarch,Plot,Sale,Agent_Neo,0,0,0,1218,27,0,0,1,172000.0,172000.0,172000.0,0.0,0.0,0.0,8600.0,0.0,2024-07-15,2024-11-19,127,15,Online Listing,,Closed
PPG-00373,Gaborone,Block 9,Commercial Office,Rental,Agent_Gomolemo,0,0,194,900,24,0,0,0,7765714.2857142845,45300.0,45300.0,45300.0,7.0,0.0,45300.0,0.0,2025-01-03,2025-02-05,33,7,Referral,,Closed
PPG-00374,Maun,Sedie Ward,House,Rental,Agent_Boago,2,1,237,708,10,0,1,0,4268571.428571428,24900.0,24900.0,24900.0,7.0,0.0,24900.0,0.0,2024-11-06,2024-11-24,18,5,Referral,,Closed
PPG-00375,Gaborone,Block 9,Townhouse,Sale,Agent_Lesego,2,1,575,365,4,0,1,1,1992000.0,2049000.0,1991000.0,0.0,0.0,2.86,99550.0,0.0,2024-04-16,2024-05-05,19,4,Agent Network,4.5,Closed
PPG-00376,Gaborone,Tlokweng,Retail Space,Sale,Agent_Neo,0,0,579,515,10,0,0,0,5961000.0,6064000.0,5743000.0,0.0,0.0,1.73,287150.0,0.0,2024-05-21,2024-06-28,38,6,Referral,4.5,Closed
PPG-00377,Gaborone,Broadhurst,Retail Space,Rental,Agent_Gomolemo,0,0,409,887,32,0,1,1,6102857.142857143,35600.0,35600.0,35600.0,7.0,0.0,35600.0,0.0,2025-02-28,2025-03-26,26,3,Referral,4.1,Closed
PPG-00378,Gaborone,Mogoditshane,Retail Space,Rental,Agent_Tshepho,0,0,479,1239,33,0,0,1,2228571.428571428,13000.0,13000.0,13000.0,7.0,0.0,13000.0,0.0,2024-05-29,2024-06-01,3,1,Cold Call,,Closed
PPG-00379,Francistown,Tati Siding,Retail Space,Rental,Agent_Mpho,0,0,122,1105,2,0,0,0,7165714.285714285,41800.0,41800.0,41800.0,7.0,0.0,41800.0,0.0,2024-02-29,2024-04-12,43,6,Cold Call,4.8,Closed
PPG-00380,Maun,Sedie Ward,Retail Space,Rental,Agent_Lesego,0,0,412,316,17,0,0,0,2879999.9999999995,16800.0,16800.0,16800.0,7.0,0.0,16800.0,0.0,2025-02-17,2025-03-20,31,7,Referral,4.2,Closed
PPG-00381,Francistown,Gerald Estate,Retail Space,Rental,Agent_Gomolemo,0,0,262,917,5,0,1,1,6154285.714285714,35900.0,35900.0,35900.0,7.0,0.0,35900.0,0.0,2024-05-09,2024-06-14,36,5,Cold Call,,Closed
PPG-00382,Maun,Sedie Ward,Townhouse,Rental,Agent_Neo,2,1,83,357,34,0,1,0,2571428.5714285714,15000.0,15000.0,15000.0,7.0,0.0,15000.0,0.0,2024-04-23,2024-04-29,6,2,Online Listing,3.7,Closed
PPG-00383,Gaborone,Tlokweng,Plot,Sale,Agent_Lesego,0,0,0,1228,21,0,0,0,244000.0,254000.0,234000.0,0.0,0.0,4.1,11700.0,0.0,2024-05-23,2024-09-03,103,15,Cold Call,,Closed
PPG-00384,Francistown,Somerset,Retail Space,Rental,Agent_Gomolemo,0,0,525,500,9,0,0,0,2519999.9999999995,14700.0,14700.0,14700.0,7.0,0.0,14700.0,0.0,2024-03-04,2024-04-03,30,6,Referral,,Closed
PPG-00385,Gaborone,Block 9,Warehouse,Rental,Agent_Neo,0,0,591,1895,25,0,0,0,9977142.857142856,58200.0,58200.0,58200.0,7.0,0.0,58200.0,0.0,2025-03-26,2025-04-29,34,4,Agent Network,,Closed
PPG-00386,Gaborone,Riverwalk,Warehouse,Sale,Agent_Tshepho,0,0,585,1383,7,0,0,0,8175000.0,7988000.0,7850000.0,0.0,0.0,-2.29,392500.0,9350.0,2024-06-05,2024-07-12,37,5,Online Listing,3.6,Closed
PPG-00387,Francistown,Monarch,Retail Space,Sale,Agent_Mpho,0,0,491,399,19,0,0,1,4733000.0,4424000.0,4747000.0,0.0,0.0,-6.53,237350.0,15450.0,2025-01-21,,217,22,Cold Call,4.0,Active
PPG-00388,Francistown,Tati Siding,Warehouse,Sale,Agent_Tshepho,0,0,393,482,26,0,1,0,5046000.0,4979000.0,4966000.0,0.0,0.0,-1.33,248300.0,3350.0,2024-11-12,2025-04-11,150,20,Walk-in,3.4,Closed
PPG-00389,Maun,Sedie Ward,Commercial Office,Sale,Agent_Gomolemo,0,0,594,687,30,0,1,1,6191000.0,6230000.0,5856000.0,0.0,0.0,0.63,292800.0,0.0,2024-11-24,2025-03-13,109,10,Cold Call,4.9,Closed
PPG-00390,Francistown,Tati Siding,Apartment,Sale,Agent_Tshepho,5,4,384,1082,16,0,0,1,711000.0,722000.0,671000.0,0.0,0.0,1.55,33550.0,0.0,2024-11-29,2025-01-21,53,10,Walk-in,,Closed
PPG-00391,Francistown,Monarch,Townhouse,Rental,Agent_Mpho,3,2,324,1069,7,1,1,0,1645714.2857142854,9600.0,9600.0,9600.0,7.0,0.0,9600.0,0.0,2025-05-31,2025-06-27,27,4,Walk-in,,Closed
PPG-00392,Francistown,Tati Siding,House,Sale,Agent_Tshepho,4,3,299,338,17,0,0,1,868000.0,865000.0,825000.0,0.0,0.0,-0.35,41250.0,150.0,2024-06-21,2024-08-29,69,9,Cold Call,4.1,Closed
PPG-00393,Gaborone,Phakalane,Retail Space,Rental,Agent_Tshepho,0,0,231,301,3,0,0,0,5434285.714285714,31700.0,31700.0,31700.0,7.0,0.0,31700.0,0.0,2025-01-24,2025-02-18,25,6,Referral,3.6,Closed
PPG-00394,Gaborone,Extension 14,Commercial Office,Rental,Agent_Kabo,0,0,151,1109,7,0,0,0,10268571.428571427,59900.0,59900.0,59900.0,7.0,0.0,59900.0,0.0,2025-03-18,2025-04-03,16,5,Cold Call,3.6,Closed
PPG-00395,Maun,Boseja,Warehouse,Rental,Agent_Lesego,0,0,339,803,20,0,1,0,9600000.0,56000.0,56000.0,56000.0,7.0,0.0,56000.0,0.0,2024-01-17,2024-01-28,11,5,Walk-in,4.8,Closed
PPG-00396,Maun,Matlapana,Plot,Sale,Agent_Neo,0,0,0,1861,25,0,0,0,137000.0,137000.0,137000.0,0.0,0.0,0.0,6850.0,0.0,2024-03-20,2024-08-11,144,19,Walk-in,3.2,Closed
PPG-00397,Francistown,Gerald Estate,Plot,Sale,Agent_Mpho,0,0,0,555,29,0,0,1,150000.0,151000.0,148000.0,0.0,0.0,0.67,7400.0,0.0,2024-08-14,2024-10-19,66,8,Agent Network,,Closed
PPG-00398,Francistown,Somerset,House,Rental,Agent_Mpho,1,1,344,1465,32,0,0,0,3017142.857142857,17600.0,17600.0,17600.0,7.0,0.0,17600.0,0.0,2024-06-28,2024-07-05,7,1,Cold Call,3.3,Closed
PPG-00399,Maun,Matlapana,Commercial Office,Rental,Agent_Boago,0,0,256,1688,1,0,0,0,6685714.285714285,39000.0,39000.0,39000.0,7.0,0.0,39000.0,0.0,2024-09-15,2024-10-23,38,3,Agent Network,4.3,Closed
PPG-00400,Maun,Matlapana,Retail Space,Rental,Agent_Lesego,0,0,476,861,7,0,0,0,4097142.857142857,23900.0,23900.0,23900.0,7.0,0.0,23900.0,0.0,2024-02-14,2024-03-02,17,3,Walk-in,4.1,Closed
PPG-00401,Francistown,Monarch,Plot,Sale,Agent_Mpho,0,0,0,467,1,0,0,0,170000.0,170000.0,170000.0,0.0,0.0,0.0,8500.0,0.0,2025-03-09,2025-04-04,26,3,Referral,,Closed
PPG-00402,Francistown,Monarch,Warehouse,Sale,Agent_Boago,0,0,88,1282,27,0,0,0,1126000.0,1054000.0,1121000.0,0.0,0.0,-6.39,56050.0,3600.0,2024-03-15,2024-11-21,251,30,Walk-in,3.2,Closed
PPG-00403,Gaborone,Phakalane,Plot,Sale,Agent_Lesego,0,0,0,1902,8,0,0,1,455000.0,452000.0,440000.0,0.0,0.0,-0.66,22000.0,150.0,2025-02-24,2025-05-01,66,11,Cold Call,3.9,Closed
PPG-00404,Francistown,Tati Siding,Commercial Office,Sale,Agent_Neo,0,0,407,1633,1,0,1,1,5134000.0,4780000.0,4918000.0,0.0,0.0,-6.9,245900.0,17700.0,2025-03-07,,212,22,Agent Network,,Active
PPG-00405,Gaborone,Phakalane,Apartment,Rental,Agent_Lesego,5,4,426,937,34,0,0,0,1080000.0,6300.0,6300.0,6300.0,7.0,0.0,6300.0,0.0,2024-11-12,2024-12-23,41,6,Online Listing,3.0,Closed
PPG-00406,Maun,Sedie Ward,Warehouse,Sale,Agent_Mpho,0,0,303,1338,35,0,0,0,3459000.0,3559000.0,3397000.0,0.0,0.0,2.89,169850.0,0.0,2024-12-05,2025-05-09,155,17,Cold Call,3.8,Closed
PPG-00407,Gaborone,Tlokweng,Plot,Sale,Agent_Gomolemo,0,0,0,1315,14,0,0,0,254000.0,260000.0,245000.0,0.0,0.0,2.36,12250.0,0.0,2025-02-13,2025-04-08,54,7,Walk-in,,Closed
PPG-00408,Francistown,Monarch,Commercial Office,Sale,Agent_Kabo,0,0,357,1201,12,0,0,0,3944000.0,4125000.0,3775000.0,0.0,0.0,4.59,188750.0,0.0,2024-07-19,2024-07-31,12,3,Referral,3.0,Closed
PPG-00409,Maun,Matlapana,Plot,Sale,Agent_Boago,0,0,0,993,13,0,0,1,115000.0,118000.0,109000.0,0.0,0.0,2.61,5450.0,0.0,2024-05-27,2024-07-06,40,5,Referral,4.4,Closed
PPG-00410,Francistown,Tati Siding,Warehouse,Sale,Agent_Mpho,0,0,253,1396,18,0,0,1,3314000.0,3396000.0,3224000.0,0.0,0.0,2.47,161200.0,0.0,2024-03-07,2024-04-25,49,7,Cold Call,4.3,Closed
PPG-00411,Maun,Boseja,Plot,Sale,Agent_Neo,0,0,0,666,20,0,0,0,121000.0,121000.0,121000.0,0.0,0.0,0.0,6050.0,0.0,2025-05-09,,133,15,Agent Network,4.3,Active
PPG-00412,Maun,Sedie Ward,House,Sale,Agent_Mpho,2,1,522,780,25,1,1,1,911000.0,866000.0,859000.0,0.0,0.0,-4.94,42950.0,2250.0,2024-12-10,2025-04-05,116,14,Agent Network,3.7,Closed
PPG-00413,Francistown,Gerald Estate,Townhouse,Sale,Agent_Tshepho,2,1,512,778,16,0,1,1,1205000.0,1236000.0,1150000.0,0.0,0.0,2.57,57500.0,0.0,2024-07-20,2025-01-15,179,19,Online Listing,4.6,Closed
PPG-00414,Maun,Boseja,Apartment,Sale,Agent_Boago,5,4,327,317,19,0,0,1,420000.0,421000.0,423000.0,0.0,0.0,0.24,21150.0,0.0,2025-02-11,2025-04-17,65,11,Referral,3.9,Closed
PPG-00415,Maun,Sedie Ward,Retail Space,Rental,Agent_Neo,0,0,532,997,5,0,1,1,6411428.571428571,37400.0,37400.0,37400.0,7.0,0.0,37400.0,0.0,2025-03-03,2025-03-19,16,4,Agent Network,3.1,Closed
PPG-00416,Gaborone,Mogoditshane,Townhouse,Sale,Agent_Boago,4,3,423,995,14,0,0,0,1271000.0,1204000.0,1224000.0,0.0,0.0,-5.27,61200.0,3350.0,2025-02-04,2025-06-21,137,13,Agent Network,3.4,Closed
PPG-00417,Gaborone,Block 9,Commercial Office,Rental,Agent_Tshepho,0,0,155,651,6,0,0,1,8948571.428571427,52200.0,52200.0,52200.0,7.0,0.0,52200.0,0.0,2025-05-15,2025-05-19,4,1,Referral,,Closed
PPG-00418,Francistown,Gerald Estate,Apartment,Rental,Agent_Mpho,5,4,131,1231,3,0,0,1,874285.7142857142,5100.0,5100.0,5100.0,7.0,0.0,5100.0,0.0,2024-11-30,2024-12-29,29,3,Agent Network,3.3,Closed
PPG-00419,Francistown,Tati Siding,Warehouse,Rental,Agent_Kabo,0,0,271,566,13,0,1,0,10268571.428571427,59900.0,59900.0,59900.0,7.0,0.0,59900.0,0.0,2024-06-11,2024-07-22,41,6,Cold Call,4.0,Closed
PPG-00420,Maun,Boseja,Townhouse,Sale,Agent_Mpho,2,1,516,431,25,0,1,1,698000.0,681000.0,697000.0,0.0,0.0,-2.44,34850.0,850.0,2024-10-31,2025-02-15,107,11,Cold Call,3.4,Closed
PPG-00421,Maun,Sedie Ward,Plot,Sale,Agent_Tshepho,0,0,0,1649,11,0,0,0,106000.0,106000.0,106000.0,0.0,0.0,0.0,5300.0,0.0,2024-02-14,2024-04-22,68,8,Referral,4.1,Closed
PPG-00422,Maun,Matlapana,Warehouse,Sale,Agent_Boago,0,0,565,1142,35,0,1,1,7551000.0,7060000.0,7436000.0,0.0,0.0,-6.5,371800.0,24550.0,2025-04-17,,146,15,Agent Network,3.0,Active
PPG-00423,Gaborone,Mogoditshane,Townhouse,Rental,Agent_Boago,4,3,532,439,5,0,1,0,1457142.857142857,8500.0,8500.0,8500.0,7.0,0.0,8500.0,0.0,2024-10-12,2024-10-25,13,1,Referral,3.4,Closed
PPG-00424,Gaborone,Extension 14,Warehouse,Sale,Agent_Tshepho,0,0,139,1675,0,0,0,1,2239000.0,2201000.0,2205000.0,0.0,0.0,-1.7,110250.0,1900.0,2024-04-15,2024-07-30,106,13,Online Listing,,Closed
PPG-00425,Gaborone,Phakalane,Retail Space,Sale,Agent_Tshepho,0,0,315,1067,15,0,1,1,2879000.0,2804000.0,2840000.0,0.0,0.0,-2.61,142000.0,3750.0,2024-06-20,2024-07-08,18,5,Agent Network,,Closed
PPG-00426,Francistown,Gerald Estate,Commercial Office,Sale,Agent_Boago,0,0,272,1409,25,0,0,1,2673000.0,2621000.0,2665000.0,0.0,0.0,-1.95,133250.0,2600.0,2025-01-12,2025-01-30,18,2,Walk-in,4.5,Closed
PPG-00427,Francistown,Monarch,Warehouse,Sale,Agent_Neo,0,0,317,494,20,0,0,0,4382000.0,4564000.0,4267000.0,0.0,0.0,4.15,213350.0,0.0,2024-12-09,2024-12-20,11,5,Cold Call,4.0,Closed
PPG-00428,Maun,Matlapana,Commercial Office,Sale,Agent_Neo,0,0,298,343,7,0,1,0,3808000.0,3520000.0,3826000.0,0.0,0.0,-7.56,191300.0,14400.0,2025-03-30,,116,16,Online Listing,3.1,Active
PPG-00429,Francistown,Gerald Estate,Retail Space,Sale,Agent_Kabo,0,0,399,1001,15,0,1,1,4208000.0,4410000.0,4141000.0,0.0,0.0,4.8,207050.0,0.0,2024-03-07,2024-07-17,132,14,Walk-in,,Closed
PPG-00430,Gaborone,Broadhurst,Apartment,Sale,Agent_Kabo,5,4,269,783,32,0,0,1,774000.0,722000.0,762000.0,0.0,0.0,-6.72,38100.0,2600.0,2024-10-05,2025-03-16,162,19,Online Listing,3.9,Closed
PPG-00431,Francistown,Tati Siding,Retail Space,Rental,Agent_Mpho,0,0,80,1860,24,0,1,1,7182857.142857142,41900.0,41900.0,41900.0,7.0,0.0,41900.0,0.0,2024-11-03,2024-12-14,41,5,Cold Call,3.4,Closed
PPG-00432,Francistown,Tati Siding,Townhouse,Rental,Agent_Tshepho,4,3,552,447,21,1,1,1,1559999.9999999998,9100.0,9100.0,9100.0,7.0,0.0,9100.0,0.0,2024-01-14,2024-02-18,35,6,Online Listing,3.8,Closed
PPG-00433,Francistown,Gerald Estate,Plot,Sale,Agent_Tshepho,0,0,0,1612,4,0,0,0,182000.0,182000.0,182000.0,0.0,0.0,0.0,9100.0,0.0,2024-05-07,2024-08-20,105,11,Cold Call,,Closed
PPG-00434,Francistown,Gerald Estate,Retail Space,Rental,Agent_Gomolemo,0,0,581,1752,31,0,0,1,2382857.1428571427,13900.0,13900.0,13900.0,7.0,0.0,13900.0,0.0,2025-01-29,2025-02-28,30,4,Referral,4.8,Closed
PPG-00435,Francistown,Monarch,Warehouse,Sale,Agent_Boago,0,0,327,1539,29,0,0,1,3971000.0,4004000.0,3929000.0,0.0,0.0,0.83,196450.0,0.0,2024-03-23,2024-08-09,139,16,Referral,,Closed
PPG-00436,Francistown,Gerald Estate,Warehouse,Rental,Agent_Lesego,0,0,375,1803,26,0,0,0,12377142.857142856,72200.0,72200.0,72200.0,7.0,0.0,72200.0,0.0,2024-04-21,2024-06-03,43,6,Cold Call,3.5,Closed
PPG-00437,Gaborone,CBD,Warehouse,Sale,Agent_Lesego,0,0,232,1971,31,0,1,1,3081000.0,3153000.0,2935000.0,0.0,0.0,2.34,146750.0,0.0,2024-04-22,2024-08-22,122,13,Cold Call,,Closed
PPG-00438,Gaborone,Mogoditshane,Retail Space,Sale,Agent_Gomolemo,0,0,325,1137,28,0,0,0,2804000.0,2799000.0,2768000.0,0.0,0.0,-0.18,138400.0,250.0,2024-04-13,2024-04-22,9,2,Walk-in,3.0,Closed
PPG-00439,Maun,Matlapana,House,Sale,Agent_Mpho,4,3,592,1859,17,0,1,1,1432000.0,1470000.0,1352000.0,0.0,0.0,2.65,67600.0,0.0,2024-12-30,2025-03-31,91,9,Walk-in,4.4,Closed
PPG-00440,Maun,Matlapana,House,Sale,Agent_Neo,5,4,346,1732,15,0,0,0,862000.0,888000.0,813000.0,0.0,0.0,3.02,40650.0,0.0,2024-11-29,2025-05-28,180,19,Agent Network,3.8,Closed
PPG-00441,Maun,Matlapana,Townhouse,Rental,Agent_Tshepho,1,1,454,901,12,0,0,0,2674285.714285714,15600.0,15600.0,15600.0,7.0,0.0,15600.0,0.0,2025-05-31,2025-06-05,5,3,Referral,3.6,Closed
PPG-00442,Maun,Sedie Ward,Retail Space,Sale,Agent_Tshepho,0,0,516,536,30,0,0,1,4046000.0,4030000.0,4059000.0,0.0,0.0,-0.4,202950.0,800.0,2024-10-14,2024-12-16,63,11,Online Listing,4.8,Closed
PPG-00443,Gaborone,Mogoditshane,Commercial Office,Rental,Agent_Boago,0,0,152,1929,21,0,0,0,8485714.285714285,49500.0,49500.0,49500.0,7.0,0.0,49500.0,0.0,2024-03-07,2024-04-20,44,7,Online Listing,4.5,Closed
PPG-00444,Maun,Boseja,Warehouse,Rental,Agent_Boago,0,0,298,757,16,0,1,1,4337142.857142856,25300.0,25300.0,25300.0,7.0,0.0,25300.0,0.0,2024-07-11,2024-07-21,10,3,Cold Call,,Closed
PPG-00445,Francistown,Tati Siding,Commercial Office,Sale,Agent_Boago,0,0,378,426,34,0,1,1,3746000.0,3727000.0,3524000.0,0.0,0.0,-0.51,176200.0,950.0,2025-04-16,,87,10,Referral,4.0,Active
PPG-00446,Francistown,Somerset,Commercial Office,Sale,Agent_Lesego,0,0,95,1526,20,0,1,0,975000.0,973000.0,983000.0,0.0,0.0,-0.21,49150.0,100.0,2024-12-07,2025-01-22,46,9,Referral,3.5,Closed
PPG-00447,Maun,Matlapana,Retail Space,Sale,Agent_Gomolemo,0,0,559,1789,25,0,1,0,5206000.0,5161000.0,4920000.0,0.0,0.0,-0.86,246000.0,2250.0,2024-10-16,2025-01-03,79,12,Referral,3.8,Closed
PPG-00448,Gaborone,Block 9,Retail Space,Sale,Agent_Gomolemo,0,0,371,1237,10,0,0,0,3574000.0,3676000.0,3385000.0,0.0,0.0,2.85,169250.0,0.0,2024-05-31,2024-09-11,103,15,Agent Network,4.9,Closed
PPG-00449,Gaborone,Block 9,Plot,Sale,Agent_Mpho,0,0,0,540,32,0,0,0,221000.0,220000.0,223000.0,0.0,0.0,-0.45,11150.0,50.0,2025-01-19,,178,20,Walk-in,4.3,Active
PPG-00450,Francistown,Tati Siding,Townhouse,Sale,Agent_Kabo,1,1,144,549,31,0,0,1,199000.0,209000.0,197000.0,0.0,0.0,5.03,9850.0,0.0,2024-11-01,2025-04-03,153,15,Referral,4.4,Closed
PPG-00451,Maun,Matlapana,Plot,Sale,Agent_Gomolemo,0,0,0,1106,35,0,0,0,102000.0,104000.0,97000.0,0.0,0.0,1.96,4850.0,0.0,2024-04-30,2024-06-22,53,10,Cold Call,,Closed
PPG-00452,Maun,Boseja,Retail Space,Sale,Agent_Lesego,0,0,100,563,13,0,0,1,931000.0,896000.0,918000.0,0.0,0.0,-3.76,45900.0,1750.0,2024-09-11,2024-12-03,83,12,Walk-in,3.6,Closed
PPG-00453,Maun,Boseja,Apartment,Rental,Agent_Neo,3,2,595,1021,34,0,0,0,1919999.9999999998,11200.0,11200.0,11200.0,7.0,0.0,11200.0,0.0,2024-02-15,2024-03-04,18,2,Walk-in,,Closed
PPG-00454,Gaborone,Mogoditshane,Commercial Office,Sale,Agent_Neo,0,0,427,868,8,0,0,0,5036000.0,5294000.0,4784000.0,0.0,0.0,5.12,239200.0,0.0,2024-07-27,2024-08-21,25,7,Online Listing,3.4,Closed
PPG-00455,Francistown,Somerset,Plot,Sale,Agent_Gomolemo,0,0,0,947,27,0,0,1,169000.0,163000.0,170000.0,0.0,0.0,-3.55,8500.0,300.0,2024-10-06,2024-11-19,44,6,Referral,,Closed
PPG-00456,Francistown,Somerset,Plot,Sale,Agent_Kabo,0,0,0,659,33,0,0,0,142000.0,145000.0,142000.0,0.0,0.0,2.11,7100.0,0.0,2024-06-23,2024-09-19,88,9,Agent Network,4.5,Closed
PPG-00457,Maun,Sedie Ward,Commercial Office,Rental,Agent_Gomolemo,0,0,548,1513,8,0,1,0,8074285.714285714,47100.0,47100.0,47100.0,7.0,0.0,47100.0,0.0,2024-05-09,2024-05-21,12,5,Agent Network,3.1,Closed
PPG-00458,Maun,Sedie Ward,Townhouse,Sale,Agent_Boago,5,4,488,1747,29,1,0,0,745000.0,718000.0,750000.0,0.0,0.0,-3.62,37500.0,1350.0,2025-02-20,2025-05-18,87,13,Walk-in,,Closed
PPG-00459,Maun,Matlapana,House,Sale,Agent_Mpho,1,1,352,1434,31,0,1,0,583000.0,546000.0,549000.0,0.0,0.0,-6.35,27450.0,1850.0,2024-07-13,2024-07-26,13,6,Cold Call,5.0,Closed
PPG-00460,Maun,Sedie Ward,Warehouse,Sale,Agent_Neo,0,0,519,645,33,0,0,1,6278000.0,5821000.0,6200000.0,0.0,0.0,-7.28,310000.0,22850.0,2024-04-30,2024-08-19,111,13,Online Listing,,Closed
PPG-00461,Maun,Sedie Ward,Commercial Office,Sale,Agent_Tshepho,0,0,372,1616,32,0,0,1,3571000.0,3596000.0,3579000.0,0.0,0.0,0.7,178950.0,0.0,2024-07-09,2024-10-26,109,10,Online Listing,,Closed
PPG-00462,Francistown,Somerset,House,Sale,Agent_Neo,4,3,186,1298,0,1,0,1,760000.0,697000.0,723000.0,0.0,0.0,-8.29,36150.0,3150.0,2024-12-28,2025-05-19,142,14,Referral,,Closed
PPG-00463,Gaborone,Mogoditshane,Plot,Sale,Agent_Tshepho,0,0,0,364,10,0,0,0,240000.0,240000.0,240000.0,0.0,0.0,0.0,12000.0,0.0,2024-09-29,2024-11-05,37,6,Agent Network,4.6,Closed
PPG-00464,Maun,Matlapana,Townhouse,Rental,Agent_Gomolemo,5,4,458,569,7,0,0,1,1851428.5714285714,10800.0,10800.0,10800.0,7.0,0.0,10800.0,0.0,2024-01-14,2024-02-01,18,6,Walk-in,3.9,Closed
PPG-00465,Maun,Sedie Ward,House,Rental,Agent_Tshepho,3,2,348,1295,5,0,1,1,2862857.1428571427,16700.0,16700.0,16700.0,7.0,0.0,16700.0,0.0,2024-09-12,2024-10-02,20,4,Walk-in,3.5,Closed
PPG-00466,Francistown,Somerset,Plot,Sale,Agent_Boago,0,0,0,1735,32,0,0,0,139000.0,133000.0,132000.0,0.0,0.0,-4.32,6600.0,300.0,2024-01-19,2024-07-01,164,16,Referral,3.8,Closed
PPG-00467,Maun,Boseja,Warehouse,Sale,Agent_Boago,0,0,287,988,27,0,1,0,3830000.0,3697000.0,3611000.0,0.0,0.0,-3.47,180550.0,6650.0,2024-02-23,2024-08-17,176,18,Online Listing,,Closed
PPG-00468,Francistown,Monarch,Plot,Sale,Agent_Mpho,0,0,0,1306,23,0,0,1,166000.0,166000.0,166000.0,0.0,0.0,0.0,8300.0,0.0,2024-01-14,2024-06-10,148,16,Referral,4.6,Closed
PPG-00469,Maun,Sedie Ward,Commercial Office,Rental,Agent_Neo,0,0,303,1631,17,0,1,1,9411428.57142857,54900.0,54900.0,54900.0,7.0,0.0,54900.0,0.0,2024-05-13,2024-06-25,43,4,Cold Call,,Closed
PPG-00470,Maun,Matlapana,Apartment,Rental,Agent_Boago,1,1,136,1419,21,0,0,1,1594285.714285714,9300.0,9300.0,9300.0,7.0,0.0,9300.0,0.0,2024-07-25,2024-08-31,37,3,Referral,,Closed
PPG-00471,Francistown,Gerald Estate,Retail Space,Rental,Agent_Gomolemo,0,0,434,1218,7,0,0,1,4422857.142857143,25800.0,25800.0,25800.0,7.0,0.0,25800.0,0.0,2025-05-30,2025-06-03,4,4,Referral,,Closed
PPG-00472,Gaborone,Phase 2,House,Sale,Agent_Neo,2,1,467,1313,34,0,0,1,2244000.0,2086000.0,2219000.0,0.0,0.0,-7.04,110950.0,7900.0,2025-04-11,,219,23,Cold Call,3.4,Active
PPG-00473,Maun,Boseja,Commercial Office,Sale,Agent_Kabo,0,0,289,393,34,0,1,1,2736000.0,2819000.0,2674000.0,0.0,0.0,3.03,133700.0,0.0,2024-01-02,2024-06-23,173,22,Online Listing,3.7,Closed
PPG-00474,Gaborone,Extension 14,Townhouse,Sale,Agent_Boago,4,3,361,964,3,0,1,1,1731000.0,1789000.0,1715000.0,0.0,0.0,3.35,85750.0,0.0,2025-01-26,,174,22,Online Listing,4.1,Active
PPG-00475,Francistown,Somerset,Townhouse,Sale,Agent_Lesego,5,4,464,618,28,1,0,1,1247000.0,1208000.0,1229000.0,0.0,0.0,-3.13,61450.0,1950.0,2024-01-22,2024-04-17,86,9,Referral,4.4,Closed
PPG-00476,Gaborone,Tlokweng,Apartment,Rental,Agent_Kabo,2,1,525,1621,25,0,0,1,1662857.1428571427,9700.0,9700.0,9700.0,7.0,0.0,9700.0,0.0,2024-01-13,2024-02-23,41,7,Walk-in,3.2,Closed
PPG-00477,Gaborone,Phakalane,Apartment,Sale,Agent_Mpho,3,2,206,1584,0,0,0,0,902000.0,889000.0,904000.0,0.0,0.0,-1.44,45200.0,650.0,2024-06-16,2024-09-09,85,11,Online Listing,,Closed
PPG-00478,Gaborone,Extension 14,Warehouse,Sale,Agent_Lesego,0,0,81,1989,2,0,1,1,1367000.0,1423000.0,1307000.0,0.0,0.0,4.1,65350.0,0.0,2025-01-28,2025-03-04,35,4,Agent Network,3.4,Closed
PPG-00479,Francistown,Gerald Estate,House,Rental,Agent_Neo,1,1,429,473,2,0,1,0,3119999.9999999995,18200.0,18200.0,18200.0,7.0,0.0,18200.0,0.0,2025-03-11,2025-03-23,12,5,Online Listing,3.7,Closed
PPG-00480,Gaborone,Phase 2,Plot,Sale,Agent_Boago,0,0,0,843,4,0,0,0,407000.0,407000.0,407000.0,0.0,0.0,0.0,20350.0,0.0,2024-06-01,2024-11-22,174,19,Referral,,Closed
PPG-00481,Francistown,Tati Siding,Retail Space,Sale,Agent_Kabo,0,0,497,1788,17,0,1,1,4537000.0,4585000.0,4309000.0,0.0,0.0,1.06,215450.0,0.0,2024-09-08,2024-12-22,105,14,Agent Network,4.1,Closed
PPG-00482,Maun,Sedie Ward,Retail Space,Rental,Agent_Mpho,0,0,145,1489,26,0,1,0,6651428.571428571,38800.0,38800.0,38800.0,7.0,0.0,38800.0,0.0,2024-08-12,2024-08-20,8,2,Referral,,Closed
PPG-00483,Gaborone,Block 9,Commercial Office,Sale,Agent_Tshepho,0,0,172,422,22,0,1,0,1925000.0,1931000.0,1840000.0,0.0,0.0,0.31,92000.0,0.0,2024-05-21,2024-06-27,37,6,Referral,4.4,Closed
PPG-00484,Francistown,Gerald Estate,House,Sale,Agent_Boago,5,4,135,1276,10,1,1,1,551000.0,558000.0,529000.0,0.0,0.0,1.27,26450.0,0.0,2025-02-25,2025-05-29,93,14,Agent Network,3.6,Closed
PPG-00485,Gaborone,Phakalane,Warehouse,Sale,Agent_Kabo,0,0,575,628,0,0,1,0,10254000.0,9815000.0,9834000.0,0.0,0.0,-4.28,491700.0,21950.0,2024-04-04,2024-08-22,140,15,Agent Network,3.8,Closed
PPG-00486,Gaborone,Broadhurst,Plot,Sale,Agent_Mpho,0,0,0,1972,29,0,0,0,244000.0,236000.0,236000.0,0.0,0.0,-3.28,11800.0,400.0,2024-12-09,2024-12-23,14,3,Referral,,Closed
PPG-00487,Gaborone,Tlokweng,Apartment,Sale,Agent_Neo,3,2,252,1429,12,0,0,0,580000.0,595000.0,584000.0,0.0,0.0,2.59,29200.0,0.0,2024-01-09,2024-04-16,98,12,Online Listing,3.6,Closed
PPG-00488,Francistown,Gerald Estate,Apartment,Sale,Agent_Boago,3,2,477,1818,32,0,0,1,793000.0,763000.0,771000.0,0.0,0.0,-3.78,38550.0,1500.0,2024-04-05,2024-06-10,66,11,Referral,4.5,Closed
PPG-00489,Gaborone,Extension 14,Commercial Office,Rental,Agent_Boago,0,0,518,1908,8,0,1,1,9171428.57142857,53500.0,53500.0,53500.0,7.0,0.0,53500.0,0.0,2025-03-17,2025-03-22,5,1,Agent Network,,Closed
PPG-00490,Maun,Sedie Ward,House,Rental,Agent_Mpho,1,1,75,592,19,0,0,0,1628571.4285714284,9500.0,9500.0,9500.0,7.0,0.0,9500.0,0.0,2024-04-06,2024-05-08,32,4,Online Listing,3.3,Closed
PPG-00491,Francistown,Gerald Estate,Townhouse,Sale,Agent_Kabo,2,1,531,828,30,0,0,0,1031000.0,1072000.0,1018000.0,0.0,0.0,3.98,50900.0,0.0,2025-03-27,,100,14,Cold Call,3.7,Active
PPG-00492,Maun,Boseja,Commercial Office,Rental,Agent_Tshepho,0,0,103,1571,3,0,0,1,8914285.714285713,52000.0,52000.0,52000.0,7.0,0.0,52000.0,0.0,2024-01-09,2024-01-21,12,3,Walk-in,4.1,Closed
PPG-00493,Gaborone,Broadhurst,Plot,Sale,Agent_Gomolemo,0,0,0,1670,5,0,0,1,308000.0,308000.0,308000.0,0.0,0.0,0.0,15400.0,0.0,2025-04-21,2025-05-25,34,4,Walk-in,4.8,Closed
PPG-00494,Francistown,Tati Siding,Apartment,Rental,Agent_Tshepho,1,1,384,1001,31,0,0,1,2005714.2857142854,11700.0,11700.0,11700.0,7.0,0.0,11700.0,0.0,2024-04-27,2024-05-17,20,2,Agent Network,4.9,Closed
PPG-00495,Gaborone,Broadhurst,Townhouse,Sale,Agent_Neo,5,4,449,427,23,0,0,1,1628000.0,1511000.0,1540000.0,0.0,0.0,-7.19,77000.0,5850.0,2025-04-07,,172,18,Online Listing,3.2,Active
PPG-00496,Francistown,Gerald Estate,Retail Space,Sale,Agent_Lesego,0,0,263,1015,26,0,1,0,2378000.0,2476000.0,2268000.0,0.0,0.0,4.12,113400.0,0.0,2024-05-28,2024-08-25,89,8,Online Listing,,Closed
PPG-00497,Francistown,Somerset,Plot,Sale,Agent_Gomolemo,0,0,0,532,26,0,0,1,204000.0,204000.0,204000.0,0.0,0.0,0.0,10200.0,0.0,2025-04-06,2025-05-15,39,8,Agent Network,3.2,Closed
PPG-00498,Gaborone,Broadhurst,Plot,Sale,Agent_Boago,0,0,0,1530,24,0,0,1,246000.0,237000.0,245000.0,0.0,0.0,-3.66,12250.0,450.0,2024-05-07,2024-09-18,134,16,Agent Network,3.7,Closed
PPG-00499,Maun,Boseja,Commercial Office,Rental,Agent_Gomolemo,0,0,176,660,29,0,1,1,7165714.285714285,41800.0,41800.0,41800.0,7.0,0.0,41800.0,0.0,2025-03-22,2025-04-18,27,7,Online Listing,3.9,Closed
PPG-00500,Francistown,Monarch,House,Sale,Agent_Gomolemo,1,1,76,1562,26,1,0,0,177000.0,181000.0,173000.0,0.0,0.0,2.26,8650.0,0.0,2024-04-27,2024-06-23,57,5,Agent Network,4.6,Closed
PPG-00501,Francistown,Tati Siding,Retail Space,Rental,Agent_Boago,0,0,67,1067,14,0,1,1,5777142.857142856,33700.0,33700.0,33700.0,7.0,0.0,33700.0,0.0,2024-11-10,2024-12-09,29,2,Referral,3.8,Closed
PPG-00502,Gaborone,Phakalane,Apartment,Rental,Agent_Gomolemo,5,4,385,986,10,0,0,0,2382857.1428571427,13900.0,13900.0,13900.0,7.0,0.0,13900.0,0.0,2024-09-04,2024-10-12,38,4,Agent Network,3.8,Closed
PPG-00503,Gaborone,CBD,Apartment,Rental,Agent_Boago,2,1,472,951,33,0,0,1,1217142.857142857,7100.0,7100.0,7100.0,7.0,0.0,7100.0,0.0,2024-05-09,2024-06-13,35,8,Walk-in,3.8,Closed
PPG-00504,Maun,Boseja,Retail Space,Sale,Agent_Neo,0,0,390,717,5,0,1,0,4173000.0,3808000.0,3961000.0,0.0,0.0,-8.75,198050.0,18250.0,2025-04-09,,266,27,Online Listing,,Active
PPG-00505,Gaborone,Phase 2,Apartment,Sale,Agent_Neo,4,3,326,1650,3,0,0,1,1420000.0,1382000.0,1363000.0,0.0,0.0,-2.68,68150.0,1900.0,2024-07-03,2024-08-02,30,6,Walk-in,4.8,Closed
PPG-00506,Gaborone,CBD,House,Sale,Agent_Tshepho,4,3,135,1296,4,1,1,0,720000.0,737000.0,683000.0,0.0,0.0,2.36,34150.0,0.0,2024-12-17,2025-03-22,95,13,Agent Network,3.0,Closed
PPG-00507,Maun,Sedie Ward,Townhouse,Sale,Agent_Kabo,5,4,90,1397,1,0,0,1,167000.0,172000.0,159000.0,0.0,0.0,2.99,7950.0,0.0,2024-04-04,2024-07-09,96,14,Cold Call,,Closed
PPG-00508,Maun,Boseja,Plot,Sale,Agent_Neo,0,0,0,695,16,0,0,1,124000.0,124000.0,124000.0,0.0,0.0,0.0,6200.0,0.0,2024-10-14,2025-01-29,107,14,Walk-in,4.2,Closed
PPG-00509,Gaborone,Broadhurst,Warehouse,Rental,Agent_Tshepho,0,0,516,1167,17,0,0,0,9668571.428571427,56400.0,56400.0,56400.0,7.0,0.0,56400.0,0.0,2025-03-15,2025-03-30,15,3,Cold Call,4.3,Closed
PPG-00510,Gaborone,Riverwalk,Apartment,Rental,Agent_Kabo,5,4,479,901,33,0,0,1,908571.4285714285,5300.0,5300.0,5300.0,7.0,0.0,5300.0,0.0,2024-07-03,2024-07-26,23,3,Agent Network,3.1,Closed
PPG-00511,Maun,Boseja,Townhouse,Rental,Agent_Mpho,1,1,69,952,0,0,1,0,1799999.9999999998,10500.0,10500.0,10500.0,7.0,0.0,10500.0,0.0,2024-08-26,2024-10-03,38,6,Walk-in,,Closed
PPG-00512,Gaborone,Extension 14,Apartment,Rental,Agent_Kabo,5,4,136,1475,26,0,0,0,1525714.2857142857,8900.0,8900.0,8900.0,7.0,0.0,8900.0,0.0,2024-11-23,2024-12-08,15,1,Referral,4.0,Closed
PPG-00513,Francistown,Tati Siding,House,Rental,Agent_Kabo,2,1,394,1510,24,1,1,1,3651428.571428571,21300.0,21300.0,21300.0,7.0,0.0,21300.0,0.0,2024-01-05,2024-02-06,32,4,Online Listing,3.8,Closed
PPG-00514,Maun,Sedie Ward,House,Sale,Agent_Lesego,1,1,541,494,26,0,1,0,810000.0,819000.0,816000.0,0.0,0.0,1.11,40800.0,0.0,2024-05-04,2024-08-14,102,10,Cold Call,,Closed
PPG-00515,Gaborone,Phakalane,Apartment,Rental,Agent_Kabo,4,3,291,648,5,0,0,1,2245714.2857142854,13100.0,13100.0,13100.0,7.0,0.0,13100.0,0.0,2025-01-12,2025-02-18,37,8,Walk-in,3.5,Closed
PPG-00516,Gaborone,Tlokweng,House,Sale,Agent_Lesego,3,2,397,1708,24,0,1,1,1620000.0,1661000.0,1537000.0,0.0,0.0,2.53,76850.0,0.0,2024-09-03,2025-02-04,154,20,Agent Network,3.6,Closed
PPG-00517,Maun,Boseja,Apartment,Rental,Agent_Kabo,3,2,144,1022,35,0,0,0,1234285.714285714,7200.0,7200.0,7200.0,7.0,0.0,7200.0,0.0,2024-07-29,2024-08-05,7,3,Walk-in,,Closed
PPG-00518,Gaborone,Broadhurst,Plot,Sale,Agent_Gomolemo,0,0,0,684,31,0,0,1,292000.0,292000.0,292000.0,0.0,0.0,0.0,14600.0,0.0,2024-11-16,2025-02-10,86,13,Agent Network,,Closed
PPG-00519,Maun,Matlapana,Apartment,Rental,Agent_Mpho,4,3,523,1570,32,0,0,1,1474285.714285714,8600.0,8600.0,8600.0,7.0,0.0,8600.0,0.0,2024-03-11,2024-03-31,20,3,Agent Network,4.9,Closed
PPG-00520,Maun,Sedie Ward,House,Rental,Agent_Mpho,1,1,172,792,1,0,1,1,3308571.428571428,19300.0,19300.0,19300.0,7.0,0.0,19300.0,0.0,2025-04-08,2025-05-03,25,2,Online Listing,3.2,Closed
PPG-00521,Francistown,Somerset,Apartment,Rental,Agent_Tshepho,5,4,401,408,28,0,0,1,1011428.5714285714,5900.0,5900.0,5900.0,7.0,0.0,5900.0,0.0,2025-01-26,2025-02-25,30,5,Referral,,Closed
PPG-00522,Gaborone,Phase 2,Commercial Office,Rental,Agent_Neo,0,0,591,1187,6,0,0,0,9977142.857142856,58200.0,58200.0,58200.0,7.0,0.0,58200.0,0.0,2024-08-12,2024-08-22,10,1,Walk-in,3.5,Closed
PPG-00523,Maun,Matlapana,Townhouse,Rental,Agent_Mpho,4,3,462,507,14,0,0,1,1594285.714285714,9300.0,9300.0,9300.0,7.0,0.0,9300.0,0.0,2024-07-27,2024-08-21,25,7,Online Listing,4.5,Closed
PPG-00524,Gaborone,Mogoditshane,Commercial Office,Rental,Agent_Boago,0,0,372,1708,15,0,1,0,3857142.857142857,22500.0,22500.0,22500.0,7.0,0.0,22500.0,0.0,2024-12-06,2025-01-07,32,3,Referral,3.9,Closed
PPG-00525,Gaborone,Mogoditshane,Townhouse,Sale,Agent_Kabo,1,1,420,1270,0,0,1,1,1190000.0,1162000.0,1144000.0,0.0,0.0,-2.35,57200.0,1400.0,2024-12-09,2025-04-10,122,17,Agent Network,4.1,Closed
PPG-00526,Maun,Boseja,Townhouse,Rental,Agent_Lesego,1,1,421,916,21,0,0,0,2897142.857142857,16900.0,16900.0,16900.0,7.0,0.0,16900.0,0.0,2025-05-10,2025-05-20,10,6,Online Listing,4.3,Closed
PPG-00527,Gaborone,CBD,Retail Space,Sale,Agent_Mpho,0,0,425,1319,1,0,1,0,4953000.0,4999000.0,4891000.0,0.0,0.0,0.93,244550.0,0.0,2025-04-05,,141,16,Referral,3.7,Active
PPG-00528,Francistown,Tati Siding,Commercial Office,Rental,Agent_Tshepho,0,0,376,690,2,0,0,0,9000000.0,52500.0,52500.0,52500.0,7.0,0.0,52500.0,0.0,2024-05-05,2024-06-04,30,7,Agent Network,4.6,Closed
PPG-00529,Francistown,Monarch,House,Sale,Agent_Tshepho,4,3,213,1371,18,0,0,1,637000.0,629000.0,618000.0,0.0,0.0,-1.26,30900.0,400.0,2024-01-01,2024-01-20,19,2,Online Listing,3.6,Closed
PPG-00530,Maun,Sedie Ward,Retail Space,Sale,Agent_Neo,0,0,148,1760,17,0,1,0,1381000.0,1298000.0,1337000.0,0.0,0.0,-6.01,66850.0,4150.0,2024-04-10,2024-08-15,127,14,Cold Call,,Closed
PPG-00531,Francistown,Gerald Estate,Retail Space,Sale,Agent_Neo,0,0,264,812,8,0,1,1,2690000.0,2758000.0,2628000.0,0.0,0.0,2.53,131400.0,0.0,2024-11-16,2025-03-31,135,16,Online Listing,3.9,Closed
PPG-00532,Francistown,Tati Siding,House,Sale,Agent_Neo,4,3,150,1847,8,0,1,1,471000.0,481000.0,443000.0,0.0,0.0,2.12,22150.0,0.0,2025-04-16,2025-05-06,20,2,Walk-in,,Closed
PPG-00533,Maun,Matlapana,Townhouse,Sale,Agent_Neo,3,2,553,1714,21,0,1,0,863000.0,910000.0,850000.0,0.0,0.0,5.45,42500.0,0.0,2024-06-07,2024-08-30,84,13,Online Listing,3.0,Closed
PPG-00534,Francistown,Somerset,House,Sale,Agent_Kabo,2,1,183,1364,6,1,1,1,640000.0,606000.0,613000.0,0.0,0.0,-5.31,30650.0,1700.0,2025-03-25,,274,28,Agent Network,3.4,Active
PPG-00535,Maun,Sedie Ward,Apartment,Sale,Agent_Mpho,4,3,551,893,18,0,0,0,684000.0,684000.0,644000.0,0.0,0.0,0.0,32200.0,0.0,2025-04-13,2025-05-20,37,6,Cold Call,,Closed
PPG-00536,Francistown,Monarch,Warehouse,Rental,Agent_Boago,0,0,103,1026,8,0,1,0,6274285.714285714,36600.0,36600.0,36600.0,7.0,0.0,36600.0,0.0,2024-06-11,2024-07-06,25,6,Cold Call,,Closed
PPG-00537,Maun,Sedie Ward,Plot,Sale,Agent_Neo,0,0,0,657,9,0,0,1,114000.0,117000.0,114000.0,0.0,0.0,2.63,5700.0,0.0,2025-05-10,,103,14,Agent Network,4.2,Active
PPG-00538,Maun,Sedie Ward,Commercial Office,Sale,Agent_Lesego,0,0,391,1505,22,0,0,0,3749000.0,3648000.0,3585000.0,0.0,0.0,-2.69,179250.0,5050.0,2024-08-30,2024-10-02,33,8,Referral,4.5,Closed
PPG-00539,Francistown,Monarch,House,Rental,Agent_Neo,1,1,98,1835,4,0,1,0,1457142.857142857,8500.0,8500.0,8500.0,7.0,0.0,8500.0,0.0,2024-06-27,2024-07-20,23,7,Walk-in,3.3,Closed
PPG-00540,Maun,Sedie Ward,Commercial Office,Sale,Agent_Mpho,0,0,318,1305,28,0,0,1,3300000.0,3245000.0,3110000.0,0.0,0.0,-1.67,155500.0,2750.0,2024-05-23,2024-05-31,8,3,Online Listing,4.7,Closed
PPG-00541,Francistown,Somerset,Warehouse,Rental,Agent_Boago,0,0,254,724,30,0,1,1,12685714.285714284,74000.0,74000.0,74000.0,7.0,0.0,74000.0,0.0,2024-05-21,2024-05-28,7,3,Agent Network,4.7,Closed
PPG-00542,Maun,Matlapana,Apartment,Rental,Agent_Gomolemo,1,1,180,1321,14,0,0,1,1697142.857142857,9900.0,9900.0,9900.0,7.0,0.0,9900.0,0.0,2024-01-24,2024-02-10,17,3,Online Listing,3.7,Closed
PPG-00543,Gaborone,Phase 2,House,Sale,Agent_Neo,5,4,572,939,25,0,1,0,3636000.0,3518000.0,3433000.0,0.0,0.0,-3.25,171650.0,5900.0,2024-07-28,2024-12-22,147,19,Online Listing,3.1,Closed
PPG-00544,Francistown,Monarch,Retail Space,Sale,Agent_Neo,0,0,414,444,26,0,0,0,3212000.0,2909000.0,3116000.0,0.0,0.0,-9.43,155800.0,15150.0,2024-11-06,2025-01-23,78,7,Walk-in,4.6,Closed
PPG-00545,Maun,Sedie Ward,Retail Space,Sale,Agent_Tshepho,0,0,553,406,24,0,0,0,4639000.0,4750000.0,4502000.0,0.0,0.0,2.39,225100.0,0.0,2024-02-29,2024-05-06,67,6,Referral,3.5,Closed
PPG-00546,Maun,Sedie Ward,Commercial Office,Sale,Agent_Kabo,0,0,315,1964,3,0,1,1,3902000.0,3463000.0,3701000.0,0.0,0.0,-11.25,185050.0,21950.0,2024-03-19,2024-04-23,35,4,Cold Call,4.5,Closed
PPG-00547,Francistown,Somerset,Plot,Sale,Agent_Boago,0,0,0,1051,35,0,0,1,201000.0,201000.0,201000.0,0.0,0.0,0.0,10050.0,0.0,2024-09-30,2024-12-27,88,12,Cold Call,,Closed
PPG-00548,Francistown,Tati Siding,Warehouse,Rental,Agent_Neo,0,0,346,460,13,0,0,0,8794285.714285713,51300.0,51300.0,51300.0,7.0,0.0,51300.0,0.0,2024-11-08,2024-12-16,38,3,Referral,4.6,Closed
PPG-00549,Gaborone,Phakalane,Apartment,Rental,Agent_Boago,4,3,176,343,31,0,0,0,1268571.4285714284,7400.0,7400.0,7400.0,7.0,0.0,7400.0,0.0,2025-01-28,2025-02-19,22,2,Walk-in,,Closed
PPG-00550,Maun,Boseja,Plot,Sale,Agent_Kabo,0,0,0,1087,28,0,0,1,113000.0,113000.0,113000.0,0.0,0.0,0.0,5650.0,0.0,2024-07-07,2024-12-29,175,21,Agent Network,,Closed
PPG-00551,Francistown,Monarch,Commercial Office,Rental,Agent_Gomolemo,0,0,86,1546,21,0,0,0,8828571.428571427,51500.0,51500.0,51500.0,7.0,0.0,51500.0,0.0,2024-08-09,2024-08-13,4,5,Online Listing,3.9,Closed
PPG-00552,Francistown,Monarch,Retail Space,Rental,Agent_Kabo,0,0,354,1395,29,0,1,0,6411428.571428571,37400.0,37400.0,37400.0,7.0,0.0,37400.0,0.0,2024-09-23,2024-10-06,13,4,Agent Network,4.8,Closed
PPG-00553,Gaborone,Phakalane,Townhouse,Rental,Agent_Gomolemo,1,1,315,1879,34,0,0,1,1714285.714285714,10000.0,10000.0,10000.0,7.0,0.0,10000.0,0.0,2024-10-02,2024-11-16,45,9,Online Listing,4.2,Closed
PPG-00554,Gaborone,Phase 2,Commercial Office,Rental,Agent_Boago,0,0,330,666,28,0,1,0,6171428.571428571,36000.0,36000.0,36000.0,7.0,0.0,36000.0,0.0,2025-01-02,2025-02-04,33,4,Cold Call,4.2,Closed
PPG-00555,Gaborone,Phase 2,Commercial Office,Rental,Agent_Neo,0,0,125,1202,11,0,1,0,4577142.857142856,26700.0,26700.0,26700.0,7.0,0.0,26700.0,0.0,2025-05-21,2025-06-01,11,6,Referral,,Closed
PPG-00556,Maun,Sedie Ward,House,Sale,Agent_Mpho,1,1,248,1701,32,0,0,1,366000.0,368000.0,362000.0,0.0,0.0,0.55,18100.0,0.0,2024-08-28,2024-12-02,96,9,Walk-in,3.2,Closed
PPG-00557,Gaborone,Broadhurst,Apartment,Rental,Agent_Lesego,4,3,133,1614,27,0,0,0,1080000.0,6300.0,6300.0,6300.0,7.0,0.0,6300.0,0.0,2024-11-30,2025-01-10,41,6,Online Listing,4.8,Closed
PPG-00558,Francistown,Tati Siding,Townhouse,Sale,Agent_Neo,2,1,437,391,18,0,0,1,757000.0,752000.0,756000.0,0.0,0.0,-0.66,37800.0,250.0,2024-02-03,2024-07-27,175,20,Referral,4.3,Closed
PPG-00559,Gaborone,Broadhurst,Commercial Office,Rental,Agent_Neo,0,0,184,1380,3,0,0,0,6582857.142857142,38400.0,38400.0,38400.0,7.0,0.0,38400.0,0.0,2024-11-20,2024-12-10,20,6,Referral,,Closed
PPG-00560,Gaborone,Block 9,Apartment,Rental,Agent_Gomolemo,2,1,526,944,7,0,0,0,1542857.1428571427,9000.0,9000.0,9000.0,7.0,0.0,9000.0,0.0,2025-02-23,2025-03-21,26,4,Walk-in,3.2,Closed
PPG-00561,Francistown,Tati Siding,Commercial Office,Rental,Agent_Mpho,0,0,488,770,8,0,0,1,9582857.142857142,55900.0,55900.0,55900.0,7.0,0.0,55900.0,0.0,2024-05-21,2024-07-01,41,6,Online Listing,3.2,Closed
PPG-00562,Francistown,Tati Siding,Commercial Office,Rental,Agent_Mpho,0,0,262,668,29,0,1,1,4611428.571428571,26900.0,26900.0,26900.0,7.0,0.0,26900.0,0.0,2025-04-26,2025-05-05,9,1,Referral,3.0,Closed
PPG-00563,Gaborone,Tlokweng,Apartment,Rental,Agent_Neo,4,3,422,561,25,0,0,0,1234285.714285714,7200.0,7200.0,7200.0,7.0,0.0,7200.0,0.0,2024-10-27,2024-11-06,10,3,Online Listing,4.2,Closed
PPG-00564,Maun,Matlapana,House,Rental,Agent_Boago,4,3,478,1591,28,0,1,0,3411428.571428571,19900.0,19900.0,19900.0,7.0,0.0,19900.0,0.0,2024-07-06,2024-08-15,40,4,Cold Call,,Closed
PPG-00565,Gaborone,Block 9,Warehouse,Rental,Agent_Boago,0,0,448,956,28,0,1,0,6308571.428571428,36800.0,36800.0,36800.0,7.0,0.0,36800.0,0.0,2024-04-09,2024-04-26,17,4,Online Listing,4.1,Closed
PPG-00566,Maun,Sedie Ward,Commercial Office,Rental,Agent_Gomolemo,0,0,352,961,24,0,1,1,3668571.428571428,21400.0,21400.0,21400.0,7.0,0.0,21400.0,0.0,2024-08-03,2024-09-02,30,5,Cold Call,4.2,Closed
PPG-00567,Gaborone,Block 9,Townhouse,Sale,Agent_Mpho,3,2,340,1296,28,1,1,0,1014000.0,946000.0,965000.0,0.0,0.0,-6.71,48250.0,3400.0,2024-02-10,2024-09-17,220,22,Referral,4.6,Closed
PPG-00568,Francistown,Somerset,Townhouse,Rental,Agent_Neo,4,3,593,558,29,0,1,0,2794285.714285714,16300.0,16300.0,16300.0,7.0,0.0,16300.0,0.0,2025-03-31,2025-04-30,30,5,Agent Network,,Closed
PPG-00569,Gaborone,Phase 2,Warehouse,Sale,Agent_Boago,0,0,422,1945,5,0,0,1,6222000.0,5837000.0,6237000.0,0.0,0.0,-6.19,311850.0,19250.0,2024-02-09,2024-07-05,147,16,Cold Call,,Closed
PPG-00570,Maun,Sedie Ward,Retail Space,Sale,Agent_Boago,0,0,68,803,8,0,0,0,638000.0,603000.0,604000.0,0.0,0.0,-5.49,30200.0,1750.0,2024-08-07,2024-08-17,10,5,Agent Network,4.4,Closed
PPG-00571,Gaborone,CBD,Warehouse,Rental,Agent_Lesego,0,0,300,1606,22,0,1,0,5279999.999999999,30800.0,30800.0,30800.0,7.0,0.0,30800.0,0.0,2024-11-03,2024-11-20,17,6,Online Listing,4.6,Closed
PPG-00572,Francistown,Gerald Estate,Commercial Office,Rental,Agent_Tshepho,0,0,158,748,7,0,0,0,8468571.428571427,49400.0,49400.0,49400.0,7.0,0.0,49400.0,0.0,2025-03-05,2025-04-05,31,4,Online Listing,3.2,Closed
PPG-00573,Francistown,Gerald Estate,Warehouse,Rental,Agent_Kabo,0,0,467,1743,8,0,0,0,11708571.428571427,68300.0,68300.0,68300.0,7.0,0.0,68300.0,0.0,2025-05-15,2025-06-25,41,9,Agent Network,,Closed
PPG-00574,Francistown,Gerald Estate,Commercial Office,Rental,Agent_Mpho,0,0,122,1451,20,0,1,1,5588571.428571428,32600.0,32600.0,32600.0,7.0,0.0,32600.0,0.0,2025-03-28,2025-04-27,30,5,Agent Network,3.5,Closed
PPG-00575,Maun,Matlapana,Townhouse,Sale,Agent_Boago,3,2,518,1139,14,0,1,1,904000.0,913000.0,855000.0,0.0,0.0,1.0,42750.0,0.0,2024-12-07,2025-03-14,97,9,Cold Call,4.0,Closed
PPG-00576,Francistown,Somerset,Apartment,Rental,Agent_Gomolemo,2,1,357,1941,10,0,0,0,1371428.5714285714,8000.0,8000.0,8000.0,7.0,0.0,8000.0,0.0,2024-08-08,2024-09-15,38,3,Referral,,Closed
PPG-00577,Gaborone,Extension 14,House,Rental,Agent_Neo,4,3,103,621,18,0,1,0,2091428.5714285711,12200.0,12200.0,12200.0,7.0,0.0,12200.0,0.0,2024-10-05,2024-10-15,10,6,Agent Network,4.6,Closed
PPG-00578,Francistown,Monarch,House,Rental,Agent_Kabo,1,1,75,1820,34,0,1,0,3685714.2857142854,21500.0,21500.0,21500.0,7.0,0.0,21500.0,0.0,2024-07-17,2024-08-27,41,6,Online Listing,4.5,Closed
PPG-00579,Francistown,Gerald Estate,Plot,Sale,Agent_Mpho,0,0,0,841,30,0,0,1,155000.0,150000.0,156000.0,0.0,0.0,-3.23,7800.0,250.0,2025-02-07,2025-05-20,102,15,Cold Call,,Closed
PPG-00580,Gaborone,Phakalane,Plot,Sale,Agent_Gomolemo,0,0,0,1215,23,0,0,0,344000.0,356000.0,338000.0,0.0,0.0,3.49,16900.0,0.0,2024-03-26,2024-05-08,43,8,Agent Network,4.0,Closed
PPG-00581,Maun,Matlapana,House,Rental,Agent_Gomolemo,3,2,481,937,21,0,1,0,3119999.9999999995,18200.0,18200.0,18200.0,7.0,0.0,18200.0,0.0,2024-01-06,2024-01-26,20,6,Referral,4.1,Closed
PPG-00582,Francistown,Somerset,Townhouse,Rental,Agent_Tshepho,5,4,143,515,27,0,1,0,1508571.4285714284,8800.0,8800.0,8800.0,7.0,0.0,8800.0,0.0,2024-05-04,2024-05-17,13,4,Referral,3.2,Closed
PPG-00583,Francistown,Tati Siding,Apartment,Rental,Agent_Boago,2,1,488,1117,0,0,0,1,1525714.2857142857,8900.0,8900.0,8900.0,7.0,0.0,8900.0,0.0,2024-10-28,2024-11-17,20,4,Cold Call,3.7,Closed
PPG-00584,Maun,Matlapana,Apartment,Sale,Agent_Lesego,5,4,440,1363,16,0,0,0,594000.0,623000.0,572000.0,0.0,0.0,4.88,28600.0,0.0,2024-07-02,2024-08-16,45,4,Agent Network,3.0,Closed
PPG-00585,Maun,Matlapana,Apartment,Sale,Agent_Boago,5,4,529,977,6,0,0,1,838000.0,865000.0,836000.0,0.0,0.0,3.22,41800.0,0.0,2025-03-12,,156,17,Online Listing,3.8,Active
PPG-00586,Francistown,Somerset,House,Sale,Agent_Neo,1,1,281,873,11,0,1,0,795000.0,751000.0,785000.0,0.0,0.0,-5.53,39250.0,2200.0,2025-04-29,,78,8,Referral,,Active
PPG-00587,Maun,Matlapana,Apartment,Rental,Agent_Mpho,1,1,391,459,3,0,0,1,2108571.428571428,12300.0,12300.0,12300.0,7.0,0.0,12300.0,0.0,2025-03-11,2025-04-25,45,6,Agent Network,4.5,Closed
PPG-00588,Gaborone,Extension 14,Plot,Sale,Agent_Tshepho,0,0,0,1746,30,0,0,1,374000.0,374000.0,374000.0,0.0,0.0,0.0,18700.0,0.0,2024-11-20,2025-04-11,142,18,Walk-in,4.9,Closed
PPG-00589,Maun,Boseja,Warehouse,Rental,Agent_Mpho,0,0,512,1303,16,0,0,0,7902857.142857142,46100.0,46100.0,46100.0,7.0,0.0,46100.0,0.0,2024-12-22,2025-01-05,14,3,Walk-in,4.5,Closed
PPG-00590,Francistown,Tati Siding,Apartment,Sale,Agent_Neo,4,3,443,666,0,0,0,1,795000.0,832000.0,762000.0,0.0,0.0,4.65,38100.0,0.0,2024-10-08,2025-03-28,171,20,Agent Network,,Closed
PPG-00591,Maun,Sedie Ward,Townhouse,Sale,Agent_Lesego,5,4,91,1770,30,0,0,0,128000.0,132000.0,127000.0,0.0,0.0,3.12,6350.0,0.0,2024-05-14,2024-06-11,28,2,Agent Network,,Closed
PPG-00592,Maun,Sedie Ward,House,Sale,Agent_Lesego,5,4,344,697,1,0,0,0,926000.0,947000.0,914000.0,0.0,0.0,2.27,45700.0,0.0,2024-03-03,2024-03-26,23,6,Referral,,Closed
PPG-00593,Francistown,Monarch,Apartment,Sale,Agent_Tshepho,3,2,263,1710,32,0,0,0,383000.0,384000.0,362000.0,0.0,0.0,0.26,18100.0,0.0,2025-04-19,2025-05-18,29,2,Walk-in,,Closed
PPG-00594,Gaborone,Mogoditshane,Townhouse,Sale,Agent_Neo,2,1,70,745,23,0,0,0,153000.0,156000.0,147000.0,0.0,0.0,1.96,7350.0,0.0,2024-10-12,2024-11-23,42,6,Cold Call,4.7,Closed
PPG-00595,Francistown,Somerset,Apartment,Rental,Agent_Lesego,4,3,330,489,31,0,0,1,1422857.1428571427,8300.0,8300.0,8300.0,7.0,0.0,8300.0,0.0,2025-04-05,2025-05-18,43,4,Referral,4.2,Closed
PPG-00596,Gaborone,Extension 14,Commercial Office,Rental,Agent_Mpho,0,0,415,1623,18,0,1,0,6462857.142857142,37700.0,37700.0,37700.0,7.0,0.0,37700.0,0.0,2024-10-02,2024-10-10,8,1,Cold Call,,Closed
PPG-00597,Francistown,Gerald Estate,House,Sale,Agent_Kabo,4,3,203,1256,20,0,1,0,638000.0,638000.0,604000.0,0.0,0.0,0.0,30200.0,0.0,2025-01-01,2025-03-27,85,11,Referral,4.5,Closed
PPG-00598,Francistown,Tati Siding,Commercial Office,Rental,Agent_Neo,0,0,468,1269,15,0,1,1,5177142.857142856,30200.0,30200.0,30200.0,7.0,0.0,30200.0,0.0,2025-02-14,2025-03-08,22,3,Walk-in,4.8,Closed
PPG-00599,Maun,Matlapana,Plot,Sale,Agent_Tshepho,0,0,0,1482,25,0,0,0,121000.0,121000.0,121000.0,0.0,0.0,0.0,6050.0,0.0,2024-06-19,2024-09-10,83,13,Cold Call,3.4,Closed
PPG-00600,Maun,Matlapana,Apartment,Rental,Agent_Boago,1,1,152,933,9,0,0,0,1559999.9999999998,9100.0,9100.0,9100.0,7.0,0.0,9100.0,0.0,2024-06-18,2024-07-20,32,8,Walk-in,,Closed
PPG-00601,Gaborone,Phase 2,Townhouse,Sale,Agent_Kabo,2,1,268,1194,5,0,1,0,1157000.0,1019000.0,1118000.0,0.0,0.0,-11.93,55900.0,6900.0,2025-04-19,,114,14,Walk-in,,Active
PPG-00602,Gaborone,CBD,Retail Space,Rental,Agent_Lesego,0,0,494,1522,25,0,1,1,5845714.285714285,34100.0,34100.0,34100.0,7.0,0.0,34100.0,0.0,2024-01-28,2024-02-14,17,2,Cold Call,3.7,Closed
PPG-00603,Francistown,Monarch,Commercial Office,Rental,Agent_Neo,0,0,139,1622,14,0,1,1,4200000.0,24500.0,24500.0,24500.0,7.0,0.0,24500.0,0.0,2025-03-21,2025-03-29,8,3,Online Listing,3.9,Closed
PPG-00604,Francistown,Gerald Estate,Plot,Sale,Agent_Boago,0,0,0,371,16,0,0,0,197000.0,197000.0,197000.0,0.0,0.0,0.0,9850.0,0.0,2024-06-16,2024-10-02,108,10,Cold Call,3.2,Closed
PPG-00605,Maun,Sedie Ward,House,Rental,Agent_Boago,1,1,224,953,8,0,1,0,2794285.714285714,16300.0,16300.0,16300.0,7.0,0.0,16300.0,0.0,2025-02-15,2025-03-17,30,5,Walk-in,4.5,Closed
PPG-00606,Gaborone,Riverwalk,Commercial Office,Rental,Agent_Lesego,0,0,403,1395,23,0,1,1,5845714.285714285,34100.0,34100.0,34100.0,7.0,0.0,34100.0,0.0,2025-01-27,2025-02-04,8,1,Referral,4.9,Closed
PPG-00607,Maun,Boseja,Apartment,Rental,Agent_Neo,4,3,109,1251,18,0,0,1,2194285.714285714,12800.0,12800.0,12800.0,7.0,0.0,12800.0,0.0,2025-04-16,2025-05-12,26,6,Walk-in,3.5,Closed
PPG-00608,Francistown,Gerald Estate,Retail Space,Sale,Agent_Gomolemo,0,0,333,666,18,0,1,1,3113000.0,3009000.0,2947000.0,0.0,0.0,-3.34,147350.0,5200.0,2024-05-28,2024-11-13,169,19,Agent Network,3.7,Closed
PPG-00609,Francistown,Somerset,Retail Space,Rental,Agent_Gomolemo,0,0,101,456,20,0,1,1,7577142.857142856,44200.0,44200.0,44200.0,7.0,0.0,44200.0,0.0,2024-04-13,2024-05-10,27,7,Cold Call,,Closed
PPG-00610,Maun,Sedie Ward,Townhouse,Rental,Agent_Tshepho,1,1,248,1829,16,0,0,1,2914285.714285714,17000.0,17000.0,17000.0,7.0,0.0,17000.0,0.0,2024-04-29,2024-05-14,15,3,Cold Call,4.2,Closed
PPG-00611,Maun,Matlapana,Warehouse,Sale,Agent_Gomolemo,0,0,443,1474,30,0,1,0,5400000.0,5307000.0,5078000.0,0.0,0.0,-1.72,253900.0,4650.0,2024-07-31,2024-08-11,11,6,Agent Network,,Closed
PPG-00612,Francistown,Tati Siding,Commercial Office,Rental,Agent_Gomolemo,0,0,159,753,14,0,1,1,3068571.428571428,17900.0,17900.0,17900.0,7.0,0.0,17900.0,0.0,2024-10-21,2024-12-01,41,8,Agent Network,4.2,Closed
PPG-00613,Maun,Boseja,Plot,Sale,Agent_Neo,0,0,0,1002,21,0,0,1,108000.0,100000.0,107000.0,0.0,0.0,-7.41,5350.0,400.0,2024-03-21,2024-11-26,250,25,Online Listing,,Closed
PPG-00614,Maun,Boseja,Townhouse,Rental,Agent_Lesego,4,3,538,360,9,0,1,1,2005714.2857142854,11700.0,11700.0,11700.0,7.0,0.0,11700.0,0.0,2024-01-24,2024-02-14,21,7,Cold Call,3.5,Closed
PPG-00615,Maun,Matlapana,Plot,Sale,Agent_Neo,0,0,0,498,25,0,0,1,116000.0,118000.0,115000.0,0.0,0.0,1.72,5750.0,0.0,2025-03-04,,160,18,Online Listing,4.3,Active
PPG-00616,Maun,Sedie Ward,Warehouse,Rental,Agent_Gomolemo,0,0,574,1396,34,0,1,0,8520000.0,49700.0,49700.0,49700.0,7.0,0.0,49700.0,0.0,2025-04-20,2025-05-11,21,3,Agent Network,3.4,Closed
PPG-00617,Francistown,Monarch,Commercial Office,Rental,Agent_Gomolemo,0,0,535,1643,11,0,0,1,7045714.285714285,41100.0,41100.0,41100.0,7.0,0.0,41100.0,0.0,2025-03-04,2025-04-02,29,3,Agent Network,4.2,Closed
PPG-00618,Gaborone,Extension 14,House,Rental,Agent_Neo,1,1,392,1548,15,1,0,0,4148571.428571428,24200.0,24200.0,24200.0,7.0,0.0,24200.0,0.0,2024-01-24,2024-03-05,41,8,Agent Network,3.4,Closed
PPG-00619,Gaborone,Riverwalk,Townhouse,Sale,Agent_Boago,2,1,543,1759,12,0,1,0,2462000.0,2553000.0,2333000.0,0.0,0.0,3.7,116650.0,0.0,2024-12-05,2025-01-21,47,7,Referral,3.1,Closed
PPG-00620,Maun,Matlapana,Warehouse,Rental,Agent_Boago,0,0,592,1262,24,0,1,0,6102857.142857143,35600.0,35600.0,35600.0,7.0,0.0,35600.0,0.0,2024-05-03,2024-06-13,41,9,Cold Call,,Closed
PPG-00621,Francistown,Monarch,Townhouse,Rental,Agent_Gomolemo,1,1,432,1118,32,0,1,0,1388571.4285714284,8100.0,8100.0,8100.0,7.0,0.0,8100.0,0.0,2024-09-25,2024-11-04,40,9,Walk-in,,Closed
PPG-00622,Francistown,Gerald Estate,Apartment,Rental,Agent_Mpho,2,1,330,498,21,0,0,0,977142.857142857,5700.0,5700.0,5700.0,7.0,0.0,5700.0,0.0,2025-05-18,2025-06-05,18,3,Online Listing,,Closed
PPG-00623,Francistown,Gerald Estate,Retail Space,Rental,Agent_Tshepho,0,0,341,1517,2,0,0,1,3685714.2857142854,21500.0,21500.0,21500.0,7.0,0.0,21500.0,0.0,2024-08-14,2024-09-09,26,4,Cold Call,3.6,Closed
PPG-00624,Maun,Matlapana,Commercial Office,Rental,Agent_Boago,0,0,546,1760,28,0,0,1,8777142.857142856,51200.0,51200.0,51200.0,7.0,0.0,51200.0,0.0,2024-05-11,2024-05-23,12,3,Cold Call,3.5,Closed
PPG-00625,Gaborone,Phakalane,Retail Space,Rental,Agent_Mpho,0,0,211,1496,0,0,1,0,6274285.714285714,36600.0,36600.0,36600.0,7.0,0.0,36600.0,0.0,2025-02-19,2025-03-24,33,4,Cold Call,4.3,Closed
PPG-00626,Maun,Sedie Ward,Townhouse,Rental,Agent_Neo,4,3,556,1627,10,0,1,0,1919999.9999999998,11200.0,11200.0,11200.0,7.0,0.0,11200.0,0.0,2024-03-07,2024-03-31,24,4,Referral,,Closed
PPG-00627,Gaborone,Phase 2,Commercial Office,Sale,Agent_Gomolemo,0,0,261,1030,31,0,1,0,2717000.0,2753000.0,2630000.0,0.0,0.0,1.32,131500.0,0.0,2024-04-11,2024-07-11,91,9,Cold Call,,Closed
PPG-00628,Maun,Sedie Ward,Commercial Office,Sale,Agent_Gomolemo,0,0,117,1214,33,0,1,1,1219000.0,1230000.0,1193000.0,0.0,0.0,0.9,59650.0,0.0,2024-04-03,2024-05-28,55,6,Walk-in,3.1,Closed
PPG-00629,Gaborone,Broadhurst,Commercial Office,Rental,Agent_Gomolemo,0,0,535,501,34,0,0,1,8674285.714285713,50600.0,50600.0,50600.0,7.0,0.0,50600.0,0.0,2024-03-15,2024-03-30,15,1,Agent Network,4.0,Closed
PPG-00630,Gaborone,Extension 14,Commercial Office,Rental,Agent_Mpho,0,0,367,1465,0,0,0,0,3428571.428571428,20000.0,20000.0,20000.0,7.0,0.0,20000.0,0.0,2025-03-29,2025-05-12,44,8,Referral,4.2,Closed
PPG-00631,Francistown,Monarch,Townhouse,Rental,Agent_Gomolemo,5,4,337,1308,11,0,1,1,2417142.857142857,14100.0,14100.0,14100.0,7.0,0.0,14100.0,0.0,2024-09-27,2024-11-03,37,5,Referral,,Closed
PPG-00632,Maun,Sedie Ward,Townhouse,Rental,Agent_Boago,1,1,246,1298,0,0,0,0,1508571.4285714284,8800.0,8800.0,8800.0,7.0,0.0,8800.0,0.0,2024-03-08,2024-04-07,30,3,Online Listing,3.9,Closed
PPG-00633,Maun,Sedie Ward,Commercial Office,Sale,Agent_Gomolemo,0,0,258,1894,6,0,0,1,3163000.0,3076000.0,3008000.0,0.0,0.0,-2.75,150400.0,4350.0,2025-02-09,2025-03-31,50,9,Referral,3.7,Closed
PPG-00634,Maun,Boseja,Warehouse,Rental,Agent_Neo,0,0,335,768,16,0,1,0,6548571.428571428,38200.0,38200.0,38200.0,7.0,0.0,38200.0,0.0,2024-05-28,2024-06-19,22,7,Online Listing,4.5,Closed
PPG-00635,Francistown,Gerald Estate,Plot,Sale,Agent_Neo,0,0,0,1861,26,0,0,1,218000.0,218000.0,218000.0,0.0,0.0,0.0,10900.0,0.0,2024-02-26,2024-06-16,111,16,Online Listing,4.9,Closed
PPG-00636,Francistown,Monarch,Retail Space,Sale,Agent_Boago,0,0,273,1655,16,0,1,1,2598000.0,2560000.0,2462000.0,0.0,0.0,-1.46,123100.0,1900.0,2024-09-05,2024-10-23,48,9,Online Listing,4.4,Closed
PPG-00637,Francistown,Monarch,Retail Space,Rental,Agent_Boago,0,0,558,811,17,0,0,0,2400000.0,14000.0,14000.0,14000.0,7.0,0.0,14000.0,0.0,2024-02-27,2024-04-10,43,6,Online Listing,3.9,Closed
PPG-00638,Francistown,Monarch,Plot,Sale,Agent_Mpho,0,0,0,964,26,0,0,0,151000.0,149000.0,148000.0,0.0,0.0,-1.32,7400.0,100.0,2024-10-25,2024-11-06,12,1,Referral,4.4,Closed
PPG-00639,Maun,Boseja,Retail Space,Rental,Agent_Lesego,0,0,279,677,20,0,1,0,3942857.1428571423,23000.0,23000.0,23000.0,7.0,0.0,23000.0,0.0,2024-09-22,2024-10-11,19,6,Cold Call,3.3,Closed
PPG-00640,Maun,Boseja,Plot,Sale,Agent_Tshepho,0,0,0,1934,3,0,0,0,109000.0,109000.0,109000.0,0.0,0.0,0.0,5450.0,0.0,2025-01-17,2025-01-28,11,4,Cold Call,4.9,Closed
PPG-00641,Francistown,Tati Siding,Townhouse,Rental,Agent_Neo,1,1,137,1457,5,0,0,0,2708571.428571428,15800.0,15800.0,15800.0,7.0,0.0,15800.0,0.0,2024-03-30,2024-05-08,39,7,Agent Network,3.4,Closed
PPG-00642,Gaborone,CBD,Retail Space,Rental,Agent_Lesego,0,0,522,1813,9,0,0,1,5725714.285714285,33400.0,33400.0,33400.0,7.0,0.0,33400.0,0.0,2024-12-13,2025-01-14,32,8,Cold Call,4.9,Closed
PPG-00643,Gaborone,CBD,Commercial Office,Sale,Agent_Lesego,0,0,459,338,0,0,1,0,5737000.0,5638000.0,5535000.0,0.0,0.0,-1.73,276750.0,4950.0,2024-06-05,2024-07-30,55,6,Referral,3.2,Closed
PPG-00644,Maun,Sedie Ward,Retail Space,Sale,Agent_Kabo,0,0,416,441,20,0,0,0,3762000.0,3440000.0,3767000.0,0.0,0.0,-8.56,188350.0,16100.0,2025-03-26,2025-05-29,64,6,Agent Network,4.5,Closed
PPG-00645,Maun,Matlapana,Plot,Sale,Agent_Kabo,0,0,0,1198,25,0,0,1,137000.0,137000.0,137000.0,0.0,0.0,0.0,6850.0,0.0,2024-05-07,2024-06-06,30,7,Referral,4.4,Closed
PPG-00646,Gaborone,Mogoditshane,Retail Space,Sale,Agent_Mpho,0,0,560,1816,22,0,0,1,4744000.0,4820000.0,4726000.0,0.0,0.0,1.6,236300.0,0.0,2025-02-13,2025-03-17,32,5,Online Listing,4.7,Closed
PPG-00647,Francistown,Gerald Estate,Apartment,Sale,Agent_Boago,4,3,542,332,17,0,0,0,1103000.0,1043000.0,1040000.0,0.0,0.0,-5.44,52000.0,3000.0,2024-08-02,2025-04-01,242,27,Cold Call,3.8,Closed
PPG-00648,Gaborone,Extension 14,Apartment,Sale,Agent_Boago,3,2,172,1910,10,0,0,1,528000.0,493000.0,514000.0,0.0,0.0,-6.63,25700.0,1750.0,2024-05-27,2024-10-10,136,17,Agent Network,3.3,Closed
PPG-00649,Gaborone,Phakalane,Townhouse,Sale,Agent_Mpho,4,3,127,530,30,0,1,0,644000.0,655000.0,630000.0,0.0,0.0,1.71,31500.0,0.0,2024-04-08,2024-08-15,129,17,Agent Network,4.1,Closed
PPG-00650,Gaborone,Broadhurst,Commercial Office,Sale,Agent_Mpho,0,0,290,1650,5,0,0,0,3359000.0,3191000.0,3296000.0,0.0,0.0,-5.0,164800.0,8400.0,2024-09-30,2024-11-09,40,7,Online Listing,3.3,Closed
PPG-00651,Maun,Matlapana,Warehouse,Rental,Agent_Gomolemo,0,0,109,1926,12,0,0,1,9959999.999999998,58100.0,58100.0,58100.0,7.0,0.0,58100.0,0.0,2024-08-31,2024-09-13,13,3,Agent Network,,Closed
PPG-00652,Francistown,Tati Siding,Retail Space,Sale,Agent_Lesego,0,0,475,1225,13,0,1,1,4736000.0,4743000.0,4741000.0,0.0,0.0,0.15,237050.0,0.0,2025-04-12,,176,22,Walk-in,4.5,Active
PPG-00653,Francistown,Monarch,Retail Space,Rental,Agent_Lesego,0,0,86,1412,8,0,1,0,6754285.714285714,39400.0,39400.0,39400.0,7.0,0.0,39400.0,0.0,2024-05-03,2024-06-10,38,4,Online Listing,3.6,Closed
PPG-00654,Francistown,Monarch,Retail Space,Sale,Agent_Neo,0,0,467,1979,32,0,1,0,3655000.0,3378000.0,3640000.0,0.0,0.0,-7.58,182000.0,13850.0,2025-01-06,,194,20,Cold Call,3.2,Active
PPG-00655,Gaborone,Broadhurst,Retail Space,Sale,Agent_Gomolemo,0,0,494,714,17,0,1,0,4587000.0,4514000.0,4336000.0,0.0,0.0,-1.59,216800.0,3650.0,2024-11-15,2025-01-14,60,10,Cold Call,3.1,Closed
PPG-00656,Francistown,Somerset,Apartment,Sale,Agent_Tshepho,2,1,460,1910,10,0,0,0,765000.0,786000.0,759000.0,0.0,0.0,2.75,37950.0,0.0,2024-06-04,2024-08-02,59,6,Agent Network,4.5,Closed
PPG-00657,Gaborone,Tlokweng,Commercial Office,Sale,Agent_Lesego,0,0,542,775,28,0,1,1,5844000.0,6124000.0,5649000.0,0.0,0.0,4.79,282450.0,0.0,2024-09-18,2024-10-23,35,6,Agent Network,4.8,Closed
PPG-00658,Maun,Boseja,Retail Space,Sale,Agent_Lesego,0,0,595,511,5,0,0,0,6093000.0,6193000.0,6096000.0,0.0,0.0,1.64,304800.0,0.0,2024-10-13,2024-12-29,77,12,Online Listing,3.8,Closed
PPG-00659,Francistown,Gerald Estate,House,Sale,Agent_Kabo,4,3,308,1499,31,1,1,1,1108000.0,1131000.0,1045000.0,0.0,0.0,2.08,52250.0,0.0,2024-04-20,2024-09-25,158,19,Walk-in,,Closed
PPG-00660,Gaborone,Block 9,Commercial Office,Rental,Agent_Boago,0,0,463,1771,2,0,1,0,9154285.714285713,53400.0,53400.0,53400.0,7.0,0.0,53400.0,0.0,2024-02-08,2024-03-07,28,7,Agent Network,3.4,Closed
PPG-00661,Gaborone,Phakalane,Warehouse,Sale,Agent_Lesego,0,0,359,1144,1,0,0,0,5473000.0,5732000.0,5524000.0,0.0,0.0,4.73,276200.0,0.0,2024-09-26,2024-11-13,48,8,Referral,4.1,Closed
PPG-00662,Francistown,Tati Siding,Retail Space,Sale,Agent_Lesego,0,0,571,482,21,0,1,0,5441000.0,5335000.0,5358000.0,0.0,0.0,-1.95,267900.0,5300.0,2025-01-26,2025-03-25,58,10,Online Listing,3.7,Closed
PPG-00663,Francistown,Gerald Estate,Retail Space,Sale,Agent_Mpho,0,0,390,332,7,0,1,1,4140000.0,3956000.0,4098000.0,0.0,0.0,-4.44,204900.0,9200.0,2025-02-18,2025-05-03,74,12,Referral,3.7,Closed
PPG-00664,Gaborone,CBD,House,Rental,Agent_Gomolemo,5,4,144,963,14,0,1,0,3308571.428571428,19300.0,19300.0,19300.0,7.0,0.0,19300.0,0.0,2024-10-07,2024-10-11,4,1,Agent Network,5.0,Closed
PPG-00665,Gaborone,Broadhurst,Plot,Sale,Agent_Boago,0,0,0,597,0,0,0,1,343000.0,326000.0,335000.0,0.0,0.0,-4.96,16750.0,850.0,2025-02-13,,167,19,Cold Call,4.4,Active
PPG-00666,Francistown,Gerald Estate,Plot,Sale,Agent_Lesego,0,0,0,780,20,0,0,0,183000.0,183000.0,183000.0,0.0,0.0,0.0,9150.0,0.0,2024-05-17,2024-08-14,89,12,Referral,3.2,Closed
PPG-00667,Maun,Sedie Ward,Plot,Sale,Agent_Neo,0,0,0,514,14,0,0,0,120000.0,120000.0,120000.0,0.0,0.0,0.0,6000.0,0.0,2024-08-17,2024-12-21,126,16,Online Listing,3.9,Closed
PPG-00668,Francistown,Tati Siding,Commercial Office,Sale,Agent_Tshepho,0,0,235,345,35,0,1,0,2436000.0,2415000.0,2443000.0,0.0,0.0,-0.86,122150.0,1050.0,2024-01-29,2024-07-07,160,19,Agent Network,4.9,Closed
PPG-00669,Francistown,Somerset,Warehouse,Rental,Agent_Tshepho,0,0,371,976,14,0,0,0,13165714.285714284,76800.0,76800.0,76800.0,7.0,0.0,76800.0,0.0,2024-05-27,2024-07-03,37,5,Cold Call,4.9,Closed
PPG-00670,Gaborone,Block 9,Commercial Office,Sale,Agent_Kabo,0,0,125,1384,26,0,0,0,1188000.0,1167000.0,1124000.0,0.0,0.0,-1.77,56200.0,1050.0,2025-02-17,,153,18,Agent Network,3.9,Active
PPG-00671,Francistown,Somerset,House,Rental,Agent_Lesego,2,1,500,816,31,1,1,1,2400000.0,14000.0,14000.0,14000.0,7.0,0.0,14000.0,0.0,2024-03-24,2024-04-17,24,2,Agent Network,3.0,Closed
PPG-00672,Maun,Matlapana,Commercial Office,Rental,Agent_Kabo,0,0,157,645,0,0,0,0,2605714.2857142854,15200.0,15200.0,15200.0,7.0,0.0,15200.0,0.0,2025-01-28,2025-02-19,22,6,Walk-in,4.7,Closed
PPG-00673,Gaborone,Broadhurst,Warehouse,Rental,Agent_Neo,0,0,246,1396,13,0,0,1,10457142.857142856,61000.0,61000.0,61000.0,7.0,0.0,61000.0,0.0,2024-06-07,2024-07-18,41,8,Online Listing,,Closed
PPG-00674,Francistown,Somerset,Commercial Office,Rental,Agent_Mpho,0,0,91,1574,2,0,0,0,8691428.57142857,50700.0,50700.0,50700.0,7.0,0.0,50700.0,0.0,2024-05-03,2024-05-25,22,2,Online Listing,3.4,Closed
PPG-00675,Maun,Matlapana,House,Sale,Agent_Tshepho,5,4,218,1555,21,0,0,0,506000.0,501000.0,482000.0,0.0,0.0,-0.99,24100.0,250.0,2025-02-17,2025-03-06,17,1,Online Listing,4.8,Closed
PPG-00676,Maun,Sedie Ward,Retail Space,Sale,Agent_Gomolemo,0,0,592,486,20,0,0,0,5390000.0,5301000.0,5303000.0,0.0,0.0,-1.65,265150.0,4450.0,2025-02-17,2025-06-15,118,11,Agent Network,4.0,Closed
PPG-00677,Francistown,Tati Siding,Commercial Office,Rental,Agent_Tshepho,0,0,569,1910,18,0,0,0,6634285.714285714,38700.0,38700.0,38700.0,7.0,0.0,38700.0,0.0,2024-02-12,2024-02-27,15,3,Walk-in,4.5,Closed
PPG-00678,Maun,Sedie Ward,Apartment,Rental,Agent_Boago,1,1,88,396,19,0,0,1,1405714.2857142857,8200.0,8200.0,8200.0,7.0,0.0,8200.0,0.0,2024-02-23,2024-03-24,30,7,Cold Call,4.0,Closed
PPG-00679,Maun,Sedie Ward,House,Sale,Agent_Mpho,4,3,250,753,20,1,1,1,582000.0,600000.0,580000.0,0.0,0.0,3.09,29000.0,0.0,2024-12-04,2025-01-25,52,6,Agent Network,4.7,Closed
PPG-00680,Gaborone,Mogoditshane,Apartment,Sale,Agent_Neo,5,4,324,1165,19,0,0,1,836000.0,808000.0,834000.0,0.0,0.0,-3.35,41700.0,1400.0,2025-05-14,,71,7,Cold Call,3.8,Active
PPG-00681,Maun,Boseja,Apartment,Sale,Agent_Boago,1,1,177,536,10,0,0,0,177000.0,183000.0,173000.0,0.0,0.0,3.39,8650.0,0.0,2024-10-18,2025-03-19,152,15,Online Listing,3.8,Closed
PPG-00682,Gaborone,Tlokweng,Commercial Office,Rental,Agent_Gomolemo,0,0,265,560,33,0,0,0,3411428.571428571,19900.0,19900.0,19900.0,7.0,0.0,19900.0,0.0,2024-08-22,2024-08-27,5,1,Agent Network,,Closed
PPG-00683,Maun,Matlapana,Apartment,Rental,Agent_Tshepho,4,3,206,1205,2,0,0,0,1628571.4285714284,9500.0,9500.0,9500.0,7.0,0.0,9500.0,0.0,2024-07-12,2024-07-28,16,1,Online Listing,4.9,Closed
PPG-00684,Francistown,Gerald Estate,Apartment,Rental,Agent_Lesego,2,1,117,1101,24,0,0,1,1302857.1428571427,7600.0,7600.0,7600.0,7.0,0.0,7600.0,0.0,2024-03-06,2024-03-23,17,6,Referral,,Closed
PPG-00685,Maun,Sedie Ward,Plot,Sale,Agent_Kabo,0,0,0,442,15,0,0,0,110000.0,110000.0,110000.0,0.0,0.0,0.0,5500.0,0.0,2024-06-13,2024-07-26,43,6,Cold Call,,Closed
PPG-00686,Maun,Matlapana,Plot,Sale,Agent_Neo,0,0,0,1566,10,0,0,0,116000.0,104000.0,114000.0,0.0,0.0,-10.34,5700.0,600.0,2024-08-17,2025-03-08,203,20,Cold Call,,Closed
PPG-00687,Francistown,Tati Siding,Townhouse,Rental,Agent_Boago,4,3,303,1698,31,0,1,0,2057142.857142857,12000.0,12000.0,12000.0,7.0,0.0,12000.0,0.0,2024-06-05,2024-07-07,32,5,Cold Call,,Closed
PPG-00688,Francistown,Somerset,Plot,Sale,Agent_Lesego,0,0,0,1053,1,0,0,0,187000.0,194000.0,179000.0,0.0,0.0,3.74,8950.0,0.0,2025-02-19,2025-06-13,114,14,Agent Network,3.9,Closed
PPG-00689,Francistown,Tati Siding,Townhouse,Rental,Agent_Lesego,4,3,196,1781,33,1,1,1,1559999.9999999998,9100.0,9100.0,9100.0,7.0,0.0,9100.0,0.0,2025-01-07,2025-02-08,32,6,Cold Call,3.6,Closed
PPG-00690,Francistown,Somerset,Plot,Sale,Agent_Kabo,0,0,0,915,26,0,0,1,184000.0,184000.0,184000.0,0.0,0.0,0.0,9200.0,0.0,2024-06-09,2024-12-01,175,21,Agent Network,4.9,Closed
PPG-00691,Gaborone,Broadhurst,Plot,Sale,Agent_Neo,0,0,0,859,9,0,0,0,291000.0,296000.0,286000.0,0.0,0.0,1.72,14300.0,0.0,2024-02-06,2024-08-04,180,18,Walk-in,,Closed
PPG-00692,Gaborone,Phakalane,Townhouse,Sale,Agent_Gomolemo,3,2,425,715,9,0,1,1,2582000.0,2644000.0,2456000.0,0.0,0.0,2.4,122800.0,0.0,2024-06-04,2024-07-22,48,4,Agent Network,4.2,Closed
PPG-00693,Gaborone,Extension 14,Commercial Office,Rental,Agent_Boago,0,0,347,1713,15,0,0,0,3702857.1428571427,21600.0,21600.0,21600.0,7.0,0.0,21600.0,0.0,2025-03-31,2025-04-09,9,1,Walk-in,3.9,Closed
PPG-00694,Francistown,Somerset,Retail Space,Rental,Agent_Kabo,0,0,511,1497,11,0,1,1,4834285.714285714,28200.0,28200.0,28200.0,7.0,0.0,28200.0,0.0,2024-12-18,2025-01-11,24,4,Walk-in,,Closed
PPG-00695,Gaborone,Phase 2,Warehouse,Sale,Agent_Tshepho,0,0,173,1919,12,0,0,1,2665000.0,2713000.0,2537000.0,0.0,0.0,1.8,126850.0,0.0,2024-09-15,2024-11-10,56,7,Cold Call,4.8,Closed
PPG-00696,Gaborone,Riverwalk,Townhouse,Sale,Agent_Mpho,2,1,373,838,28,0,1,1,1691000.0,1690000.0,1657000.0,0.0,0.0,-0.06,82850.0,50.0,2024-11-05,2025-02-17,104,13,Referral,3.1,Closed
PPG-00697,Maun,Boseja,Warehouse,Rental,Agent_Tshepho,0,0,435,1944,32,0,0,0,7611428.571428571,44400.0,44400.0,44400.0,7.0,0.0,44400.0,0.0,2024-12-16,2024-12-27,11,6,Online Listing,,Closed
PPG-00698,Gaborone,Riverwalk,Townhouse,Sale,Agent_Lesego,4,3,146,1949,20,0,0,1,706000.0,683000.0,667000.0,0.0,0.0,-3.26,33350.0,1150.0,2024-01-14,2024-04-17,94,9,Cold Call,,Closed
PPG-00699,Maun,Boseja,Warehouse,Rental,Agent_Gomolemo,0,0,168,1554,7,0,1,1,12874285.714285713,75100.0,75100.0,75100.0,7.0,0.0,75100.0,0.0,2024-03-24,2024-04-07,14,6,Walk-in,3.0,Closed
PPG-00700,Maun,Matlapana,Apartment,Sale,Agent_Kabo,4,3,388,1580,33,0,0,1,476000.0,476000.0,462000.0,0.0,0.0,0.0,23100.0,0.0,2024-01-07,2024-02-03,27,3,Referral,,Closed
PPG-00701,Maun,Sedie Ward,Apartment,Sale,Agent_Boago,1,1,252,683,20,0,0,0,213000.0,203000.0,205000.0,0.0,0.0,-4.69,10250.0,500.0,2024-09-03,2025-01-23,142,19,Walk-in,4.4,Closed
PPG-00702,Francistown,Somerset,House,Sale,Agent_Kabo,4,3,412,1801,3,0,0,1,1632000.0,1635000.0,1612000.0,0.0,0.0,0.18,80600.0,0.0,2024-03-08,2024-08-07,152,20,Online Listing,3.9,Closed
PPG-00703,Maun,Boseja,Townhouse,Rental,Agent_Tshepho,4,3,380,1418,12,1,1,0,1971428.5714285711,11500.0,11500.0,11500.0,7.0,0.0,11500.0,0.0,2025-04-17,2025-05-10,23,5,Agent Network,3.9,Closed
PPG-00704,Gaborone,Mogoditshane,Warehouse,Rental,Agent_Gomolemo,0,0,489,350,8,0,0,1,12377142.857142856,72200.0,72200.0,72200.0,7.0,0.0,72200.0,0.0,2024-06-01,2024-06-29,28,2,Online Listing,4.6,Closed
PPG-00705,Gaborone,Mogoditshane,Commercial Office,Sale,Agent_Mpho,0,0,157,333,25,0,1,1,1599000.0,1501000.0,1559000.0,0.0,0.0,-6.13,77950.0,4900.0,2025-03-21,2025-05-30,70,9,Walk-in,3.1,Closed
PPG-00706,Francistown,Tati Siding,Commercial Office,Sale,Agent_Lesego,0,0,300,1362,31,0,0,0,2600000.0,2634000.0,2495000.0,0.0,0.0,1.31,124750.0,0.0,2025-01-17,2025-02-25,39,7,Online Listing,3.1,Closed
PPG-00707,Francistown,Gerald Estate,Plot,Sale,Agent_Mpho,0,0,0,968,14,0,0,0,189000.0,194000.0,190000.0,0.0,0.0,2.65,9500.0,0.0,2024-11-25,2025-05-12,168,17,Cold Call,4.2,Closed
PPG-00708,Gaborone,Riverwalk,Commercial Office,Sale,Agent_Tshepho,0,0,380,1346,6,0,1,1,4700000.0,4826000.0,4482000.0,0.0,0.0,2.68,224100.0,0.0,2024-10-09,2024-11-21,43,4,Online Listing,3.4,Closed
PPG-00709,Gaborone,Block 9,Townhouse,Rental,Agent_Gomolemo,5,4,209,1904,17,0,1,1,2862857.1428571427,16700.0,16700.0,16700.0,7.0,0.0,16700.0,0.0,2024-07-23,2024-09-05,44,8,Referral,3.6,Closed
PPG-00710,Gaborone,Broadhurst,Commercial Office,Rental,Agent_Gomolemo,0,0,314,1919,24,0,1,0,2657142.857142857,15500.0,15500.0,15500.0,7.0,0.0,15500.0,0.0,2024-09-24,2024-10-10,16,3,Referral,,Closed
PPG-00711,Maun,Sedie Ward,Retail Space,Sale,Agent_Tshepho,0,0,437,1252,9,0,1,1,4306000.0,4295000.0,4224000.0,0.0,0.0,-0.26,211200.0,550.0,2024-11-26,2024-12-07,11,1,Walk-in,4.1,Closed
PPG-00712,Francistown,Somerset,Townhouse,Rental,Agent_Gomolemo,5,4,86,1587,27,0,1,1,2777142.857142857,16200.0,16200.0,16200.0,7.0,0.0,16200.0,0.0,2024-02-05,2024-03-20,44,6,Online Listing,4.1,Closed
PPG-00713,Maun,Matlapana,Warehouse,Sale,Agent_Boago,0,0,568,430,4,0,1,1,8906000.0,8619000.0,8621000.0,0.0,0.0,-3.22,431050.0,14350.0,2024-03-04,2024-07-23,141,19,Agent Network,4.4,Closed
PPG-00714,Maun,Matlapana,Retail Space,Rental,Agent_Mpho,0,0,222,536,16,0,1,1,5931428.571428571,34600.0,34600.0,34600.0,7.0,0.0,34600.0,0.0,2024-01-25,2024-01-31,6,3,Referral,,Closed
PPG-00715,Gaborone,Broadhurst,Apartment,Sale,Agent_Gomolemo,5,4,387,961,24,0,0,0,1155000.0,1113000.0,1133000.0,0.0,0.0,-3.64,56650.0,2100.0,2024-08-01,2024-10-05,65,9,Cold Call,,Closed
PPG-00716,Maun,Matlapana,Commercial Office,Sale,Agent_Lesego,0,0,466,735,9,0,1,0,5842000.0,5848000.0,5625000.0,0.0,0.0,0.1,281250.0,0.0,2024-09-23,2025-01-08,107,15,Walk-in,,Closed
PPG-00717,Gaborone,Riverwalk,Commercial Office,Rental,Agent_Boago,0,0,269,678,7,0,1,0,8297142.857142856,48400.0,48400.0,48400.0,7.0,0.0,48400.0,0.0,2024-07-29,2024-08-13,15,6,Cold Call,4.7,Closed
PPG-00718,Maun,Matlapana,Commercial Office,Rental,Agent_Gomolemo,0,0,429,1249,3,0,0,1,9445714.285714285,55100.0,55100.0,55100.0,7.0,0.0,55100.0,0.0,2024-09-15,2024-10-01,16,1,Cold Call,3.4,Closed
PPG-00719,Gaborone,Block 9,Apartment,Rental,Agent_Tshepho,3,2,528,1100,10,0,0,0,1594285.714285714,9300.0,9300.0,9300.0,7.0,0.0,9300.0,0.0,2024-10-19,2024-12-03,45,4,Referral,4.8,Closed
PPG-00720,Gaborone,Phakalane,Retail Space,Rental,Agent_Kabo,0,0,60,921,28,0,1,0,2965714.2857142854,17300.0,17300.0,17300.0,7.0,0.0,17300.0,0.0,2024-02-24,2024-03-21,26,7,Referral,,Closed
PPG-00721,Francistown,Gerald Estate,House,Rental,Agent_Lesego,1,1,364,1877,2,0,1,1,4079999.9999999995,23800.0,23800.0,23800.0,7.0,0.0,23800.0,0.0,2024-07-28,2024-08-07,10,4,Walk-in,,Closed
PPG-00722,Gaborone,Tlokweng,Warehouse,Rental,Agent_Mpho,0,0,339,853,1,0,0,0,10954285.714285713,63900.0,63900.0,63900.0,7.0,0.0,63900.0,0.0,2024-06-05,2024-06-21,16,4,Walk-in,3.1,Closed
PPG-00723,Francistown,Tati Siding,Retail Space,Rental,Agent_Tshepho,0,0,239,327,2,0,0,0,7011428.571428571,40900.0,40900.0,40900.0,7.0,0.0,40900.0,0.0,2024-10-15,2024-11-17,33,5,Referral,,Closed
PPG-00724,Francistown,Somerset,Apartment,Rental,Agent_Boago,1,1,105,1453,27,0,0,0,1937142.857142857,11300.0,11300.0,11300.0,7.0,0.0,11300.0,0.0,2024-08-25,2024-08-31,6,2,Online Listing,,Closed
PPG-00725,Francistown,Tati Siding,Retail Space,Sale,Agent_Tshepho,0,0,442,1648,23,0,0,0,3678000.0,3650000.0,3631000.0,0.0,0.0,-0.76,181550.0,1400.0,2025-05-21,,179,20,Cold Call,3.9,Active
PPG-00726,Maun,Boseja,Apartment,Rental,Agent_Lesego,4,3,521,1843,34,0,0,0,1114285.714285714,6500.0,6500.0,6500.0,7.0,0.0,6500.0,0.0,2024-02-13,2024-03-08,24,7,Cold Call,,Closed
PPG-00727,Francistown,Somerset,Retail Space,Sale,Agent_Gomolemo,0,0,270,1988,25,0,1,0,2212000.0,2153000.0,2114000.0,0.0,0.0,-2.67,105700.0,2950.0,2024-12-08,2025-04-19,132,15,Walk-in,4.6,Closed
PPG-00728,Maun,Boseja,Commercial Office,Rental,Agent_Boago,0,0,284,1481,22,0,0,0,10199999.999999998,59500.0,59500.0,59500.0,7.0,0.0,59500.0,0.0,2024-08-19,2024-10-01,43,5,Agent Network,4.8,Closed
PPG-00729,Gaborone,Phakalane,Retail Space,Sale,Agent_Neo,0,0,567,595,4,0,0,1,6179000.0,5750000.0,5898000.0,0.0,0.0,-6.94,294900.0,21450.0,2024-03-14,2024-04-15,32,6,Walk-in,4.3,Closed
PPG-00730,Gaborone,Phase 2,Townhouse,Rental,Agent_Tshepho,2,1,371,1177,30,0,0,0,3034285.714285714,17700.0,17700.0,17700.0,7.0,0.0,17700.0,0.0,2025-05-26,2025-06-18,23,2,Online Listing,,Closed
PPG-00731,Francistown,Tati Siding,Retail Space,Sale,Agent_Neo,0,0,492,1710,22,0,0,0,4594000.0,4320000.0,4585000.0,0.0,0.0,-5.96,229250.0,13700.0,2024-04-06,2024-09-28,175,18,Online Listing,3.9,Closed
PPG-00732,Francistown,Gerald Estate,Commercial Office,Rental,Agent_Gomolemo,0,0,281,1556,26,0,1,0,7148571.428571428,41700.0,41700.0,41700.0,7.0,0.0,41700.0,0.0,2024-01-29,2024-03-04,35,3,Agent Network,3.9,Closed
PPG-00733,Maun,Sedie Ward,Plot,Sale,Agent_Gomolemo,0,0,0,818,7,0,0,0,108000.0,105000.0,108000.0,0.0,0.0,-2.78,5400.0,150.0,2024-07-22,2024-11-29,130,14,Agent Network,,Closed
PPG-00734,Maun,Sedie Ward,Apartment,Rental,Agent_Gomolemo,1,1,369,674,14,0,0,1,1902857.1428571427,11100.0,11100.0,11100.0,7.0,0.0,11100.0,0.0,2025-05-20,2025-06-06,17,6,Agent Network,3.2,Closed
PPG-00735,Gaborone,Mogoditshane,Apartment,Sale,Agent_Boago,4,3,568,1050,27,0,0,1,1194000.0,1184000.0,1128000.0,0.0,0.0,-0.84,56400.0,500.0,2024-09-26,2025-03-22,177,20,Online Listing,4.8,Closed
PPG-00736,Gaborone,Tlokweng,House,Sale,Agent_Mpho,5,4,251,1661,12,0,0,1,1239000.0,1257000.0,1176000.0,0.0,0.0,1.45,58800.0,0.0,2025-02-04,2025-02-13,9,1,Online Listing,3.0,Closed
PPG-00737,Maun,Sedie Ward,Townhouse,Sale,Agent_Neo,3,2,200,954,15,0,0,1,289000.0,285000.0,274000.0,0.0,0.0,-1.38,13700.0,200.0,2024-05-28,2024-06-21,24,6,Agent Network,3.1,Closed
PPG-00738,Gaborone,Broadhurst,Warehouse,Rental,Agent_Gomolemo,0,0,430,761,16,0,1,0,3874285.714285714,22600.0,22600.0,22600.0,7.0,0.0,22600.0,0.0,2024-11-24,2024-12-22,28,3,Walk-in,4.9,Closed
PPG-00739,Francistown,Tati Siding,Commercial Office,Sale,Agent_Gomolemo,0,0,190,1281,32,0,0,0,1854000.0,1790000.0,1754000.0,0.0,0.0,-3.45,87700.0,3200.0,2024-05-29,2024-11-16,171,19,Walk-in,,Closed
PPG-00740,Francistown,Tati Siding,Warehouse,Rental,Agent_Gomolemo,0,0,370,1396,20,0,0,0,8262857.142857142,48200.0,48200.0,48200.0,7.0,0.0,48200.0,0.0,2025-05-14,2025-06-10,27,7,Cold Call,4.4,Closed
PPG-00741,Maun,Sedie Ward,Retail Space,Sale,Agent_Neo,0,0,540,990,5,0,0,0,5472000.0,5691000.0,5499000.0,0.0,0.0,4.0,274950.0,0.0,2024-11-27,2025-02-03,68,7,Cold Call,3.6,Closed
PPG-00742,Francistown,Tati Siding,Townhouse,Rental,Agent_Lesego,2,1,202,1942,18,1,0,0,2245714.2857142854,13100.0,13100.0,13100.0,7.0,0.0,13100.0,0.0,2024-07-28,2024-08-29,32,7,Cold Call,,Closed
PPG-00743,Maun,Sedie Ward,Townhouse,Sale,Agent_Boago,2,1,405,674,31,0,1,0,499000.0,485000.0,483000.0,0.0,0.0,-2.81,24150.0,700.0,2024-03-09,2024-05-03,55,8,Online Listing,5.0,Closed
PPG-00744,Maun,Boseja,Commercial Office,Rental,Agent_Neo,0,0,263,844,3,0,0,0,6342857.142857142,37000.0,37000.0,37000.0,7.0,0.0,37000.0,0.0,2024-04-20,2024-05-23,33,6,Agent Network,3.3,Closed
PPG-00745,Gaborone,Block 9,Retail Space,Sale,Agent_Gomolemo,0,0,102,443,17,0,1,0,905000.0,877000.0,913000.0,0.0,0.0,-3.09,45650.0,1400.0,2024-10-10,2024-12-28,79,8,Agent Network,,Closed
PPG-00746,Maun,Sedie Ward,Commercial Office,Rental,Agent_Gomolemo,0,0,422,784,9,0,1,0,8451428.57142857,49300.0,49300.0,49300.0,7.0,0.0,49300.0,0.0,2024-06-24,2024-07-21,27,6,Referral,4.9,Closed
PPG-00747,Gaborone,Phase 2,Retail Space,Sale,Agent_Tshepho,0,0,157,804,26,0,1,0,1285000.0,1265000.0,1243000.0,0.0,0.0,-1.56,62150.0,1000.0,2024-08-06,2024-10-11,66,6,Walk-in,3.9,Closed
PPG-00748,Gaborone,CBD,Retail Space,Rental,Agent_Neo,0,0,83,1408,17,0,1,0,4525714.285714285,26400.0,26400.0,26400.0,7.0,0.0,26400.0,0.0,2024-12-16,2025-01-08,23,5,Walk-in,3.8,Closed
PPG-00749,Francistown,Somerset,Townhouse,Sale,Agent_Mpho,5,4,446,644,25,1,1,0,1124000.0,1065000.0,1111000.0,0.0,0.0,-5.25,55550.0,2950.0,2025-04-08,2025-04-25,17,3,Online Listing,4.0,Closed
PPG-00750,Maun,Boseja,Plot,Sale,Agent_Kabo,0,0,0,822,22,0,0,1,117000.0,117000.0,117000.0,0.0,0.0,0.0,5850.0,0.0,2024-09-23,2025-01-30,129,13,Referral,,Closed
PPG-00751,Maun,Sedie Ward,Commercial Office,Sale,Agent_Neo,0,0,97,1081,23,0,1,1,1094000.0,1077000.0,1039000.0,0.0,0.0,-1.55,51950.0,850.0,2025-03-22,2025-06-08,78,8,Referral,3.3,Closed
PPG-00752,Gaborone,Broadhurst,Retail Space,Sale,Agent_Kabo,0,0,240,890,35,0,1,0,1861000.0,1643000.0,1819000.0,0.0,0.0,-11.71,90950.0,10900.0,2025-04-18,,245,25,Referral,3.4,Active
PPG-00753,Gaborone,Block 9,Retail Space,Rental,Agent_Mpho,0,0,585,1965,1,0,1,0,4285714.285714285,25000.0,25000.0,25000.0,7.0,0.0,25000.0,0.0,2024-06-20,2024-06-26,6,1,Agent Network,3.5,Closed
PPG-00754,Maun,Boseja,Commercial Office,Rental,Agent_Gomolemo,0,0,533,803,29,0,1,1,4491428.571428571,26200.0,26200.0,26200.0,7.0,0.0,26200.0,0.0,2024-02-13,2024-02-20,7,1,Agent Network,,Closed
PPG-00755,Francistown,Tati Siding,Warehouse,Rental,Agent_Gomolemo,0,0,473,1375,29,0,0,0,7062857.142857142,41200.0,41200.0,41200.0,7.0,0.0,41200.0,0.0,2025-02-18,2025-03-09,19,4,Cold Call,,Closed
PPG-00756,Francistown,Somerset,Retail Space,Sale,Agent_Kabo,0,0,135,1528,23,0,0,1,1268000.0,1198000.0,1259000.0,0.0,0.0,-5.52,62950.0,3500.0,2025-04-05,,264,31,Referral,3.8,Active
PPG-00757,Gaborone,Phakalane,Apartment,Rental,Agent_Tshepho,4,3,468,1255,29,0,0,1,1165714.2857142857,6800.0,6800.0,6800.0,7.0,0.0,6800.0,0.0,2024-05-13,2024-06-11,29,3,Walk-in,4.8,Closed
PPG-00758,Gaborone,Phase 2,Townhouse,Rental,Agent_Kabo,4,3,455,1638,27,1,1,0,2245714.2857142854,13100.0,13100.0,13100.0,7.0,0.0,13100.0,0.0,2024-02-11,2024-03-15,33,5,Walk-in,3.6,Closed
PPG-00759,Maun,Matlapana,House,Sale,Agent_Kabo,5,4,336,422,1,0,0,1,968000.0,907000.0,970000.0,0.0,0.0,-6.3,48500.0,3050.0,2025-05-14,,194,24,Walk-in,4.5,Active
PPG-00760,Maun,Sedie Ward,House,Rental,Agent_Mpho,3,2,510,1798,17,1,0,1,3171428.571428571,18500.0,18500.0,18500.0,7.0,0.0,18500.0,0.0,2024-10-09,2024-11-06,28,2,Referral,,Closed
PPG-00761,Gaborone,Mogoditshane,Apartment,Sale,Agent_Tshepho,4,3,215,1174,35,0,0,0,451000.0,438000.0,453000.0,0.0,0.0,-2.88,22650.0,650.0,2024-06-18,2024-12-14,179,17,Agent Network,,Closed
PPG-00762,Francistown,Gerald Estate,Commercial Office,Rental,Agent_Boago,0,0,540,828,35,0,1,0,8297142.857142856,48400.0,48400.0,48400.0,7.0,0.0,48400.0,0.0,2024-11-30,2025-01-05,36,8,Referral,4.4,Closed
PPG-00763,Maun,Sedie Ward,Townhouse,Sale,Agent_Gomolemo,2,1,82,1188,30,0,0,1,102000.0,102000.0,102000.0,0.0,0.0,0.0,5100.0,0.0,2024-08-12,2024-10-21,70,8,Agent Network,4.4,Closed
PPG-00764,Maun,Boseja,Plot,Sale,Agent_Boago,0,0,0,1158,21,0,0,1,114000.0,114000.0,114000.0,0.0,0.0,0.0,5700.0,0.0,2025-05-07,,176,19,Walk-in,3.1,Active
PPG-00765,Francistown,Tati Siding,Apartment,Rental,Agent_Tshepho,1,1,401,1058,7,0,0,1,1611428.5714285714,9400.0,9400.0,9400.0,7.0,0.0,9400.0,0.0,2025-05-18,2025-06-15,28,3,Cold Call,4.7,Closed
PPG-00766,Francistown,Somerset,Commercial Office,Sale,Agent_Gomolemo,0,0,404,626,20,0,0,0,3971000.0,4064000.0,3927000.0,0.0,0.0,2.34,196350.0,0.0,2024-06-04,2024-06-24,20,5,Walk-in,,Closed
PPG-00767,Gaborone,Phase 2,Retail Space,Rental,Agent_Lesego,0,0,149,382,10,0,0,1,2280000.0,13300.0,13300.0,13300.0,7.0,0.0,13300.0,0.0,2024-03-25,2024-03-30,5,1,Cold Call,3.4,Closed
PPG-00768,Gaborone,CBD,Retail Space,Sale,Agent_Tshepho,0,0,333,1515,18,0,0,0,3152000.0,3107000.0,3097000.0,0.0,0.0,-1.43,154850.0,2250.0,2024-10-17,2024-11-01,15,3,Agent Network,4.4,Closed
PPG-00769,Francistown,Gerald Estate,Commercial Office,Rental,Agent_Lesego,0,0,470,1156,15,0,0,0,7714285.714285714,45000.0,45000.0,45000.0,7.0,0.0,45000.0,0.0,2024-08-03,2024-08-21,18,2,Agent Network,3.1,Closed
PPG-00770,Gaborone,Tlokweng,Apartment,Rental,Agent_Kabo,2,1,212,1780,4,0,0,1,1371428.5714285714,8000.0,8000.0,8000.0,7.0,0.0,8000.0,0.0,2024-11-23,2025-01-02,40,9,Referral,3.8,Closed
PPG-00771,Maun,Sedie Ward,Warehouse,Rental,Agent_Neo,0,0,274,1269,2,0,1,1,6977142.857142856,40700.0,40700.0,40700.0,7.0,0.0,40700.0,0.0,2024-02-20,2024-02-25,5,3,Online Listing,,Closed
PPG-00772,Francistown,Tati Siding,Warehouse,Rental,Agent_Tshepho,0,0,520,572,20,0,0,0,10199999.999999998,59500.0,59500.0,59500.0,7.0,0.0,59500.0,0.0,2024-07-07,2024-07-10,3,2,Referral,4.0,Closed
PPG-00773,Francistown,Somerset,House,Sale,Agent_Mpho,5,4,567,869,12,0,1,0,2210000.0,2245000.0,2110000.0,0.0,0.0,1.58,105500.0,0.0,2024-12-06,2025-05-30,175,19,Cold Call,4.8,Closed
PPG-00774,Maun,Sedie Ward,Commercial Office,Rental,Agent_Mpho,0,0,100,1231,35,0,1,0,6085714.285714285,35500.0,35500.0,35500.0,7.0,0.0,35500.0,0.0,2024-10-18,2024-11-11,24,5,Walk-in,4.9,Closed
PPG-00775,Gaborone,Riverwalk,Retail Space,Rental,Agent_Tshepho,0,0,296,945,14,0,1,1,5742857.142857143,33500.0,33500.0,33500.0,7.0,0.0,33500.0,0.0,2024-02-09,2024-02-26,17,3,Cold Call,3.0,Closed
PPG-00776,Gaborone,Phakalane,Apartment,Rental,Agent_Gomolemo,2,1,466,304,27,0,0,1,977142.857142857,5700.0,5700.0,5700.0,7.0,0.0,5700.0,0.0,2024-10-07,2024-11-13,37,6,Cold Call,,Closed
PPG-00777,Maun,Sedie Ward,Retail Space,Sale,Agent_Lesego,0,0,568,1488,13,0,1,0,5806000.0,5742000.0,5632000.0,0.0,0.0,-1.1,281600.0,3200.0,2024-12-02,2025-05-23,172,20,Referral,,Closed
PPG-00778,Gaborone,Phase 2,Apartment,Rental,Agent_Boago,3,2,485,631,27,0,0,1,1114285.714285714,6500.0,6500.0,6500.0,7.0,0.0,6500.0,0.0,2024-04-09,2024-04-30,21,6,Online Listing,4.3,Closed
PPG-00779,Gaborone,Mogoditshane,Retail Space,Sale,Agent_Kabo,0,0,305,435,17,0,0,1,2828000.0,2547000.0,2675000.0,0.0,0.0,-9.94,133750.0,14050.0,2024-04-04,2024-08-08,126,16,Referral,4.5,Closed
PPG-00780,Maun,Matlapana,House,Sale,Agent_Mpho,3,2,224,1369,34,1,0,0,430000.0,416000.0,410000.0,0.0,0.0,-3.26,20500.0,700.0,2025-05-10,,157,20,Walk-in,,Active
PPG-00781,Maun,Boseja,Commercial Office,Rental,Agent_Gomolemo,0,0,456,959,23,0,1,1,6068571.428571428,35400.0,35400.0,35400.0,7.0,0.0,35400.0,0.0,2024-01-04,2024-02-12,39,3,Online Listing,4.9,Closed
PPG-00782,Maun,Boseja,Plot,Sale,Agent_Boago,0,0,0,945,29,0,0,1,100000.0,104000.0,96000.0,0.0,0.0,4.0,4800.0,0.0,2024-02-03,2024-07-22,170,18,Online Listing,4.6,Closed
PPG-00783,Francistown,Monarch,Retail Space,Sale,Agent_Kabo,0,0,367,1661,8,0,0,0,3895000.0,3613000.0,3772000.0,0.0,0.0,-7.24,188600.0,14100.0,2024-01-27,2024-05-16,110,12,Walk-in,4.2,Closed
PPG-00784,Gaborone,Block 9,House,Rental,Agent_Kabo,3,2,385,553,11,0,0,1,1508571.4285714284,8800.0,8800.0,8800.0,7.0,0.0,8800.0,0.0,2024-11-14,2024-12-22,38,3,Cold Call,4.1,Closed
PPG-00785,Maun,Sedie Ward,Commercial Office,Rental,Agent_Lesego,0,0,162,1126,2,0,1,0,3291428.571428571,19200.0,19200.0,19200.0,7.0,0.0,19200.0,0.0,2024-12-07,2024-12-27,20,3,Walk-in,,Closed
PPG-00786,Maun,Matlapana,House,Sale,Agent_Tshepho,4,3,429,1131,34,1,1,0,1005000.0,1030000.0,978000.0,0.0,0.0,2.49,48900.0,0.0,2024-05-09,2024-06-28,50,6,Cold Call,3.0,Closed
PPG-00787,Maun,Boseja,Commercial Office,Sale,Agent_Gomolemo,0,0,564,1421,15,0,1,1,6816000.0,6700000.0,6526000.0,0.0,0.0,-1.7,326300.0,5800.0,2024-05-07,2024-08-29,114,16,Online Listing,3.0,Closed
PPG-00788,Gaborone,CBD,Commercial Office,Rental,Agent_Mpho,0,0,191,1480,11,0,0,0,10028571.428571427,58500.0,58500.0,58500.0,7.0,0.0,58500.0,0.0,2024-09-11,2024-09-22,11,2,Walk-in,4.5,Closed
PPG-00789,Maun,Matlapana,Warehouse,Sale,Agent_Tshepho,0,0,283,866,7,0,0,0,4423000.0,4345000.0,4427000.0,0.0,0.0,-1.76,221350.0,3900.0,2024-11-28,2025-03-20,112,16,Agent Network,3.6,Closed
PPG-00790,Maun,Matlapana,Retail Space,Sale,Agent_Boago,0,0,271,1097,22,0,1,0,2613000.0,2563000.0,2619000.0,0.0,0.0,-1.91,130950.0,2500.0,2024-03-02,2024-07-04,124,14,Cold Call,,Closed
PPG-00791,Gaborone,Phase 2,Apartment,Rental,Agent_Lesego,2,1,496,1875,0,0,0,0,2039999.9999999998,11900.0,11900.0,11900.0,7.0,0.0,11900.0,0.0,2024-03-07,2024-04-16,40,6,Agent Network,3.4,Closed
PPG-00792,Gaborone,Phase 2,Retail Space,Rental,Agent_Tshepho,0,0,336,628,30,0,1,0,2160000.0,12600.0,12600.0,12600.0,7.0,0.0,12600.0,0.0,2024-08-28,2024-10-11,44,7,Agent Network,,Closed
PPG-00793,Maun,Sedie Ward,Warehouse,Sale,Agent_Mpho,0,0,334,1777,23,0,1,0,4370000.0,4440000.0,4194000.0,0.0,0.0,1.6,209700.0,0.0,2024-09-07,2025-03-04,178,21,Cold Call,4.8,Closed
PPG-00794,Gaborone,Riverwalk,Commercial Office,Sale,Agent_Kabo,0,0,80,970,35,0,1,1,800000.0,729000.0,775000.0,0.0,0.0,-8.88,38750.0,3550.0,2024-12-31,2025-02-13,44,5,Cold Call,3.6,Closed
PPG-00795,Francistown,Gerald Estate,Plot,Sale,Agent_Gomolemo,0,0,0,1390,21,0,0,0,165000.0,161000.0,160000.0,0.0,0.0,-2.42,8000.0,200.0,2024-03-15,2024-04-17,33,6,Cold Call,3.4,Closed
PPG-00796,Gaborone,Broadhurst,Townhouse,Sale,Agent_Kabo,3,2,71,1503,26,1,1,0,241000.0,221000.0,237000.0,0.0,0.0,-8.3,11850.0,1000.0,2024-09-03,2024-09-29,26,6,Online Listing,,Closed
PPG-00797,Maun,Sedie Ward,House,Rental,Agent_Gomolemo,2,1,481,977,6,1,0,0,2177142.857142857,12700.0,12700.0,12700.0,7.0,0.0,12700.0,0.0,2025-03-13,2025-04-07,25,5,Online Listing,3.3,Closed
PPG-00798,Maun,Matlapana,Warehouse,Sale,Agent_Neo,0,0,341,694,11,0,0,1,4752000.0,4323000.0,4477000.0,0.0,0.0,-9.03,223850.0,21450.0,2024-07-28,2025-01-01,157,20,Online Listing,4.4,Closed
PPG-00799,Gaborone,Riverwalk,Plot,Sale,Agent_Kabo,0,0,0,1067,2,0,0,0,425000.0,439000.0,424000.0,0.0,0.0,3.29,21200.0,0.0,2024-09-29,2025-02-16,140,19,Cold Call,4.8,Closed
PPG-00800,Maun,Sedie Ward,Townhouse,Sale,Agent_Tshepho,5,4,280,1219,27,1,0,0,423000.0,432000.0,411000.0,0.0,0.0,2.13,20550.0,0.0,2024-04-03,2024-09-05,155,20,Walk-in,,Closed
PPG-00801,Gaborone,Broadhurst,Warehouse,Sale,Agent_Boago,0,0,550,1108,8,0,1,1,9343000.0,8765000.0,8837000.0,0.0,0.0,-6.19,441850.0,28900.0,2024-04-05,2024-07-13,99,10,Cold Call,3.1,Closed
PPG-00802,Francistown,Somerset,Apartment,Sale,Agent_Gomolemo,1,1,590,602,28,0,0,1,820000.0,789000.0,815000.0,0.0,0.0,-3.78,40750.0,1550.0,2024-01-28,2024-07-23,177,22,Walk-in,,Closed
PPG-00803,Francistown,Somerset,Retail Space,Sale,Agent_Boago,0,0,144,1708,12,0,1,0,1408000.0,1313000.0,1358000.0,0.0,0.0,-6.75,67900.0,4750.0,2025-01-23,,227,27,Cold Call,,Active
PPG-00804,Francistown,Gerald Estate,Apartment,Sale,Agent_Kabo,5,4,548,888,31,0,0,0,1022000.0,926000.0,992000.0,0.0,0.0,-9.39,49600.0,4800.0,2024-01-27,2024-02-24,28,7,Walk-in,,Closed
PPG-00805,Gaborone,CBD,Townhouse,Rental,Agent_Boago,1,1,430,1782,33,0,1,1,1439999.9999999998,8400.0,8400.0,8400.0,7.0,0.0,8400.0,0.0,2025-02-26,2025-03-10,12,5,Online Listing,,Closed
PPG-00806,Francistown,Gerald Estate,Warehouse,Rental,Agent_Kabo,0,0,377,1982,10,0,0,1,3857142.857142857,22500.0,22500.0,22500.0,7.0,0.0,22500.0,0.0,2024-02-10,2024-03-24,43,4,Agent Network,3.5,Closed
PPG-00807,Maun,Sedie Ward,Commercial Office,Rental,Agent_Tshepho,0,0,77,1881,33,0,1,1,4645714.285714285,27100.0,27100.0,27100.0,7.0,0.0,27100.0,0.0,2024-02-18,2024-02-28,10,3,Agent Network,3.2,Closed
PPG-00808,Maun,Sedie Ward,Warehouse,Rental,Agent_Kabo,0,0,324,1618,11,0,1,0,12479999.999999998,72800.0,72800.0,72800.0,7.0,0.0,72800.0,0.0,2024-09-11,2024-10-17,36,6,Referral,3.4,Closed
PPG-00809,Maun,Matlapana,Plot,Sale,Agent_Lesego,0,0,0,617,4,0,0,1,128000.0,128000.0,121000.0,0.0,0.0,0.0,6050.0,0.0,2025-03-05,2025-04-14,40,9,Online Listing,4.1,Closed
PPG-00810,Gaborone,Tlokweng,Townhouse,Rental,Agent_Gomolemo,1,1,533,383,24,0,0,1,1868571.4285714284,10900.0,10900.0,10900.0,7.0,0.0,10900.0,0.0,2025-01-17,2025-02-07,21,3,Walk-in,3.5,Closed
PPG-00811,Maun,Boseja,Townhouse,Sale,Agent_Neo,3,2,256,1793,1,0,1,1,484000.0,507000.0,459000.0,0.0,0.0,4.75,22950.0,0.0,2024-09-04,2025-01-31,149,18,Cold Call,,Closed
PPG-00812,Francistown,Gerald Estate,Warehouse,Rental,Agent_Mpho,0,0,123,1679,21,0,1,0,4028571.428571428,23500.0,23500.0,23500.0,7.0,0.0,23500.0,0.0,2024-10-25,2024-11-12,18,2,Referral,,Closed
PPG-00813,Francistown,Somerset,Retail Space,Rental,Agent_Neo,0,0,382,1751,7,0,1,1,2862857.1428571427,16700.0,16700.0,16700.0,7.0,0.0,16700.0,0.0,2024-04-14,2024-04-22,8,5,Walk-in,4.1,Closed
PPG-00814,Maun,Matlapana,Commercial Office,Sale,Agent_Kabo,0,0,306,1515,5,0,0,1,3611000.0,3426000.0,3626000.0,0.0,0.0,-5.12,181300.0,9250.0,2025-05-23,,161,19,Walk-in,4.7,Active
PPG-00815,Maun,Sedie Ward,Retail Space,Sale,Agent_Neo,0,0,70,678,13,0,0,0,609000.0,606000.0,589000.0,0.0,0.0,-0.49,29450.0,150.0,2025-04-28,,170,19,Agent Network,4.6,Active
PPG-00816,Maun,Matlapana,Warehouse,Sale,Agent_Tshepho,0,0,278,1102,23,0,0,1,3969000.0,4057000.0,3812000.0,0.0,0.0,2.22,190600.0,0.0,2024-08-24,2024-12-10,108,13,Cold Call,3.1,Closed
PPG-00817,Gaborone,CBD,Apartment,Sale,Agent_Mpho,2,1,577,602,4,0,0,1,1786000.0,1660000.0,1746000.0,0.0,0.0,-7.05,87300.0,6300.0,2024-02-13,2024-07-19,157,16,Online Listing,3.8,Closed
PPG-00818,Francistown,Monarch,Commercial Office,Sale,Agent_Boago,0,0,179,1828,8,0,1,0,2331000.0,2270000.0,2325000.0,0.0,0.0,-2.62,116250.0,3050.0,2024-01-28,2024-05-12,105,15,Referral,3.6,Closed
PPG-00819,Maun,Matlapana,House,Sale,Agent_Mpho,3,2,408,1028,3,0,1,1,1056000.0,1079000.0,1054000.0,0.0,0.0,2.18,52700.0,0.0,2024-10-24,2024-11-10,17,2,Walk-in,4.1,Closed
PPG-00820,Maun,Boseja,Retail Space,Rental,Agent_Mpho,0,0,365,786,30,0,0,0,6222857.142857143,36300.0,36300.0,36300.0,7.0,0.0,36300.0,0.0,2024-05-19,2024-06-17,29,3,Walk-in,,Closed
PPG-00821,Francistown,Monarch,House,Rental,Agent_Kabo,4,3,78,1540,3,0,0,0,1559999.9999999998,9100.0,9100.0,9100.0,7.0,0.0,9100.0,0.0,2024-10-23,2024-11-13,21,3,Cold Call,4.4,Closed
PPG-00822,Francistown,Gerald Estate,Commercial Office,Sale,Agent_Gomolemo,0,0,472,1848,26,0,0,0,4580000.0,4645000.0,4620000.0,0.0,0.0,1.42,231000.0,0.0,2025-04-12,2025-05-11,29,4,Cold Call,,Closed
PPG-00823,Francistown,Tati Siding,Warehouse,Sale,Agent_Neo,0,0,210,976,6,0,1,0,3533000.0,3683000.0,3521000.0,0.0,0.0,4.25,176050.0,0.0,2024-08-16,2024-11-06,82,11,Referral,4.1,Closed
PPG-00824,Gaborone,CBD,Commercial Office,Sale,Agent_Boago,0,0,544,617,25,0,0,0,5368000.0,5580000.0,5274000.0,0.0,0.0,3.95,263700.0,0.0,2024-11-29,2025-05-26,178,19,Cold Call,4.8,Closed
PPG-00825,Maun,Matlapana,Warehouse,Sale,Agent_Neo,0,0,351,1995,0,0,0,0,5964000.0,5693000.0,5668000.0,0.0,0.0,-4.54,283400.0,13550.0,2025-01-02,2025-05-28,146,17,Referral,3.2,Closed
PPG-00826,Maun,Boseja,Commercial Office,Rental,Agent_Tshepho,0,0,476,1590,4,0,0,1,6908571.428571428,40300.0,40300.0,40300.0,7.0,0.0,40300.0,0.0,2025-03-12,2025-03-21,9,1,Referral,3.6,Closed
PPG-00827,Francistown,Monarch,Townhouse,Sale,Agent_Gomolemo,3,2,468,1408,9,1,0,1,1148000.0,1103000.0,1148000.0,0.0,0.0,-3.92,57400.0,2250.0,2025-03-20,,160,19,Agent Network,,Active
PPG-00828,Gaborone,Tlokweng,Retail Space,Rental,Agent_Gomolemo,0,0,575,713,4,0,1,1,5519999.999999999,32200.0,32200.0,32200.0,7.0,0.0,32200.0,0.0,2024-01-27,2024-02-02,6,3,Walk-in,4.2,Closed
PPG-00829,Francistown,Monarch,Townhouse,Sale,Agent_Boago,3,2,115,1228,26,0,0,0,232000.0,232000.0,233000.0,0.0,0.0,0.0,11650.0,0.0,2025-03-27,,120,14,Cold Call,3.1,Active
PPG-00830,Francistown,Somerset,Warehouse,Rental,Agent_Tshepho,0,0,193,1521,8,0,1,0,4371428.571428571,25500.0,25500.0,25500.0,7.0,0.0,25500.0,0.0,2025-05-18,2025-06-30,43,7,Agent Network,5.0,Closed
PPG-00831,Maun,Sedie Ward,Commercial Office,Rental,Agent_Kabo,0,0,83,1113,33,0,0,1,10062857.142857142,58700.0,58700.0,58700.0,7.0,0.0,58700.0,0.0,2024-07-22,2024-08-06,15,2,Agent Network,,Closed
PPG-00832,Gaborone,Block 9,Townhouse,Sale,Agent_Boago,2,1,413,1121,6,0,0,0,1241000.0,1206000.0,1203000.0,0.0,0.0,-2.82,60150.0,1750.0,2024-11-21,2024-12-31,40,7,Agent Network,5.0,Closed
PPG-00833,Francistown,Monarch,Apartment,Rental,Agent_Mpho,1,1,363,928,16,0,0,0,1971428.5714285711,11500.0,11500.0,11500.0,7.0,0.0,11500.0,0.0,2024-06-21,2024-07-31,40,4,Online Listing,,Closed
PPG-00834,Francistown,Gerald Estate,Commercial Office,Sale,Agent_Kabo,0,0,501,864,18,0,0,1,5261000.0,4853000.0,5191000.0,0.0,0.0,-7.76,259550.0,20400.0,2024-06-23,2024-08-29,67,11,Referral,,Closed
PPG-00835,Francistown,Somerset,House,Sale,Agent_Boago,3,2,591,1159,10,0,1,0,2069000.0,2111000.0,1962000.0,0.0,0.0,2.03,98100.0,0.0,2024-06-30,2024-11-23,146,17,Online Listing,,Closed
PPG-00836,Gaborone,Riverwalk,Warehouse,Rental,Agent_Kabo,0,0,498,1124,7,0,1,0,7577142.857142856,44200.0,44200.0,44200.0,7.0,0.0,44200.0,0.0,2025-05-23,2025-06-10,18,5,Agent Network,3.3,Closed
PPG-00837,Gaborone,Block 9,Retail Space,Rental,Agent_Kabo,0,0,207,472,10,0,1,0,3908571.428571428,22800.0,22800.0,22800.0,7.0,0.0,22800.0,0.0,2024-06-12,2024-06-20,8,5,Agent Network,3.7,Closed
PPG-00838,Francistown,Tati Siding,House,Rental,Agent_Boago,4,3,213,1800,4,0,0,1,4234285.714285714,24700.0,24700.0,24700.0,7.0,0.0,24700.0,0.0,2024-05-22,2024-06-14,23,5,Cold Call,4.5,Closed
PPG-00839,Gaborone,Extension 14,Commercial Office,Rental,Agent_Neo,0,0,300,1180,34,0,1,0,2691428.5714285714,15700.0,15700.0,15700.0,7.0,0.0,15700.0,0.0,2024-06-11,2024-06-22,11,3,Walk-in,4.9,Closed
PPG-00840,Maun,Sedie Ward,Apartment,Rental,Agent_Boago,5,4,316,1339,18,0,0,0,1319999.9999999998,7700.0,7700.0,7700.0,7.0,0.0,7700.0,0.0,2024-12-11,2025-01-22,42,8,Cold Call,4.3,Closed
PPG-00841,Francistown,Gerald Estate,Plot,Sale,Agent_Boago,0,0,0,1959,2,0,0,0,198000.0,198000.0,198000.0,0.0,0.0,0.0,9900.0,0.0,2024-12-31,2025-02-21,52,9,Referral,3.8,Closed
PPG-00842,Gaborone,Extension 14,Retail Space,Sale,Agent_Boago,0,0,86,1560,28,0,1,0,783000.0,761000.0,770000.0,0.0,0.0,-2.81,38500.0,1100.0,2025-03-22,,136,18,Agent Network,4.7,Active
PPG-00843,Gaborone,Block 9,Commercial Office,Sale,Agent_Neo,0,0,565,1835,2,0,0,0,7151000.0,6858000.0,7054000.0,0.0,0.0,-4.1,352700.0,14650.0,2025-01-04,2025-04-20,106,15,Agent Network,4.4,Closed
PPG-00844,Maun,Matlapana,House,Sale,Agent_Boago,2,1,346,1409,11,0,1,1,731000.0,745000.0,720000.0,0.0,0.0,1.92,36000.0,0.0,2024-05-16,2024-10-06,143,16,Cold Call,4.7,Closed
PPG-00845,Gaborone,Broadhurst,Commercial Office,Sale,Agent_Neo,0,0,408,1129,10,0,1,0,5204000.0,4832000.0,5245000.0,0.0,0.0,-7.15,262250.0,18600.0,2024-06-24,2025-01-04,194,24,Referral,,Closed
PPG-00846,Maun,Sedie Ward,Retail Space,Rental,Agent_Boago,0,0,164,757,32,0,1,0,4148571.428571428,24200.0,24200.0,24200.0,7.0,0.0,24200.0,0.0,2024-01-27,2024-03-11,44,8,Agent Network,,Closed
PPG-00847,Francistown,Gerald Estate,House,Rental,Agent_Neo,4,3,354,1989,16,1,1,0,1714285.714285714,10000.0,10000.0,10000.0,7.0,0.0,10000.0,0.0,2024-03-17,2024-03-27,10,5,Agent Network,3.1,Closed
PPG-00848,Maun,Sedie Ward,Townhouse,Sale,Agent_Neo,3,2,98,476,23,1,1,1,145000.0,139000.0,141000.0,0.0,0.0,-4.14,7050.0,300.0,2024-04-09,2024-06-15,67,9,Agent Network,3.1,Closed
PPG-00849,Maun,Boseja,Retail Space,Sale,Agent_Mpho,0,0,350,1876,5,0,1,1,3749000.0,3876000.0,3559000.0,0.0,0.0,3.39,177950.0,0.0,2025-05-04,2025-05-12,8,2,Online Listing,,Closed
PPG-00850,Maun,Sedie Ward,Commercial Office,Rental,Agent_Gomolemo,0,0,471,633,8,0,0,0,9617142.857142856,56100.0,56100.0,56100.0,7.0,0.0,56100.0,0.0,2025-03-14,2025-04-12,29,4,Walk-in,4.2,Closed
PPG-00851,Francistown,Tati Siding,Commercial Office,Rental,Agent_Tshepho,0,0,365,643,8,0,1,1,5177142.857142856,30200.0,30200.0,30200.0,7.0,0.0,30200.0,0.0,2024-10-13,2024-11-19,37,8,Online Listing,4.9,Closed
PPG-00852,Francistown,Gerald Estate,Apartment,Sale,Agent_Neo,3,2,181,469,27,0,0,0,269000.0,255000.0,269000.0,0.0,0.0,-5.2,13450.0,700.0,2024-03-15,2024-06-08,85,10,Walk-in,3.1,Closed
PPG-00853,Gaborone,Block 9,Townhouse,Sale,Agent_Tshepho,5,4,268,1597,27,0,1,1,909000.0,914000.0,909000.0,0.0,0.0,0.55,45450.0,0.0,2024-08-15,2024-12-08,115,16,Agent Network,4.4,Closed
PPG-00854,Francistown,Tati Siding,Apartment,Sale,Agent_Boago,2,1,435,1355,10,0,0,0,587000.0,598000.0,557000.0,0.0,0.0,1.87,27850.0,0.0,2024-03-05,2024-04-13,39,7,Referral,,Closed
PPG-00855,Maun,Matlapana,Warehouse,Sale,Agent_Lesego,0,0,120,1072,0,0,0,0,1894000.0,1904000.0,1874000.0,0.0,0.0,0.53,93700.0,0.0,2025-04-11,2025-06-02,52,7,Referral,3.6,Closed
PPG-00856,Maun,Boseja,Commercial Office,Rental,Agent_Boago,0,0,555,577,24,0,1,0,2828571.428571428,16500.0,16500.0,16500.0,7.0,0.0,16500.0,0.0,2024-05-25,2024-07-06,42,8,Walk-in,4.7,Closed
PPG-00857,Maun,Boseja,Plot,Sale,Agent_Boago,0,0,0,1794,6,0,0,1,119000.0,120000.0,118000.0,0.0,0.0,0.84,5900.0,0.0,2024-08-10,2025-01-08,151,16,Cold Call,4.9,Closed
PPG-00858,Francistown,Somerset,Apartment,Sale,Agent_Mpho,4,3,235,506,27,0,0,0,408000.0,407000.0,404000.0,0.0,0.0,-0.25,20200.0,50.0,2024-09-07,2025-02-08,154,16,Cold Call,4.9,Closed
PPG-00859,Francistown,Tati Siding,House,Rental,Agent_Tshepho,4,3,284,630,25,0,0,0,2125714.2857142854,12400.0,12400.0,12400.0,7.0,0.0,12400.0,0.0,2024-09-16,2024-10-25,39,7,Agent Network,3.2,Closed
PPG-00860,Francistown,Tati Siding,House,Sale,Agent_Mpho,4,3,131,631,3,0,0,0,417000.0,420000.0,420000.0,0.0,0.0,0.72,21000.0,0.0,2024-09-05,2024-10-15,40,4,Referral,4.5,Closed
PPG-00861,Gaborone,Mogoditshane,Retail Space,Rental,Agent_Lesego,0,0,115,1422,12,0,1,0,3565714.2857142854,20800.0,20800.0,20800.0,7.0,0.0,20800.0,0.0,2025-05-15,2025-06-25,41,8,Agent Network,4.7,Closed
PPG-00862,Francistown,Gerald Estate,Warehouse,Rental,Agent_Mpho,0,0,586,1031,11,0,1,0,12942857.142857142,75500.0,75500.0,75500.0,7.0,0.0,75500.0,0.0,2024-02-11,2024-02-26,15,3,Walk-in,3.5,Closed
PPG-00863,Francistown,Monarch,Retail Space,Rental,Agent_Neo,0,0,172,1242,4,0,1,0,7457142.857142856,43500.0,43500.0,43500.0,7.0,0.0,43500.0,0.0,2024-04-05,2024-04-09,4,5,Referral,4.6,Closed
PPG-00864,Maun,Sedie Ward,Warehouse,Sale,Agent_Lesego,0,0,154,920,12,0,1,0,2404000.0,2331000.0,2360000.0,0.0,0.0,-3.04,118000.0,3650.0,2024-04-05,2024-09-14,162,17,Walk-in,4.3,Closed
PPG-00865,Maun,Matlapana,House,Sale,Agent_Mpho,1,1,531,1139,29,0,1,1,937000.0,875000.0,883000.0,0.0,0.0,-6.62,44150.0,3100.0,2024-05-19,2024-10-16,150,18,Cold Call,3.4,Closed
PPG-00866,Maun,Sedie Ward,Warehouse,Sale,Agent_Mpho,0,0,360,1471,12,0,1,1,5604000.0,5462000.0,5378000.0,0.0,0.0,-2.53,268900.0,7100.0,2024-04-12,2024-05-12,30,3,Online Listing,4.4,Closed
PPG-00867,Maun,Sedie Ward,Apartment,Sale,Agent_Lesego,5,4,394,575,9,0,0,0,520000.0,504000.0,518000.0,0.0,0.0,-3.08,25900.0,800.0,2024-01-02,2024-03-03,61,10,Cold Call,4.6,Closed
PPG-00868,Maun,Boseja,Retail Space,Sale,Agent_Kabo,0,0,294,1229,7,0,1,1,3335000.0,3246000.0,3152000.0,0.0,0.0,-2.67,157600.0,4450.0,2024-06-08,2024-06-21,13,4,Referral,3.8,Closed
PPG-00869,Francistown,Somerset,Plot,Sale,Agent_Mpho,0,0,0,869,3,0,0,1,200000.0,200000.0,200000.0,0.0,0.0,0.0,10000.0,0.0,2025-03-29,2025-04-26,28,5,Agent Network,3.0,Closed
PPG-00870,Gaborone,Mogoditshane,Apartment,Rental,Agent_Gomolemo,5,4,169,1001,20,0,0,1,2194285.714285714,12800.0,12800.0,12800.0,7.0,0.0,12800.0,0.0,2024-01-08,2024-01-25,17,1,Online Listing,,Closed
PPG-00871,Gaborone,Phakalane,Commercial Office,Rental,Agent_Lesego,0,0,568,1455,28,0,1,0,4954285.714285714,28900.0,28900.0,28900.0,7.0,0.0,28900.0,0.0,2024-03-07,2024-04-02,26,6,Agent Network,5.0,Closed
PPG-00872,Francistown,Gerald Estate,Plot,Sale,Agent_Gomolemo,0,0,0,804,16,0,0,0,163000.0,167000.0,159000.0,0.0,0.0,2.45,7950.0,0.0,2024-02-09,2024-04-09,60,11,Walk-in,4.1,Closed
PPG-00873,Gaborone,Riverwalk,Plot,Sale,Agent_Lesego,0,0,0,1301,10,0,0,0,358000.0,366000.0,339000.0,0.0,0.0,2.23,16950.0,0.0,2024-12-16,2025-01-07,22,2,Agent Network,,Closed
PPG-00874,Gaborone,CBD,Plot,Sale,Agent_Kabo,0,0,0,410,29,0,0,0,374000.0,391000.0,362000.0,0.0,0.0,4.55,18100.0,0.0,2024-04-26,2024-06-22,57,5,Walk-in,3.4,Closed
PPG-00875,Maun,Sedie Ward,Warehouse,Rental,Agent_Lesego,0,0,496,1740,27,0,0,0,5537142.857142856,32300.0,32300.0,32300.0,7.0,0.0,32300.0,0.0,2024-01-06,2024-01-30,24,7,Referral,4.6,Closed
PPG-00876,Maun,Boseja,Apartment,Rental,Agent_Gomolemo,3,2,507,1106,27,0,0,0,977142.857142857,5700.0,5700.0,5700.0,7.0,0.0,5700.0,0.0,2024-03-06,2024-04-11,36,4,Referral,4.0,Closed
PPG-00877,Gaborone,Phakalane,Townhouse,Rental,Agent_Tshepho,4,3,162,936,21,0,1,1,1422857.1428571427,8300.0,8300.0,8300.0,7.0,0.0,8300.0,0.0,2025-04-02,2025-05-12,40,9,Agent Network,4.8,Closed
PPG-00878,Gaborone,Phakalane,Warehouse,Rental,Agent_Boago,0,0,301,1413,35,0,1,0,11211428.57142857,65400.0,65400.0,65400.0,7.0,0.0,65400.0,0.0,2024-10-03,2024-11-11,39,5,Walk-in,,Closed
PPG-00879,Maun,Matlapana,Townhouse,Sale,Agent_Gomolemo,1,1,321,1550,32,1,0,0,396000.0,382000.0,385000.0,0.0,0.0,-3.54,19250.0,700.0,2025-03-25,2025-05-01,37,6,Agent Network,4.5,Closed
PPG-00880,Gaborone,CBD,Plot,Sale,Agent_Kabo,0,0,0,742,31,0,0,1,359000.0,345000.0,362000.0,0.0,0.0,-3.9,18100.0,700.0,2024-10-23,2025-03-28,156,15,Cold Call,3.9,Closed
PPG-00881,Gaborone,Tlokweng,Warehouse,Rental,Agent_Gomolemo,0,0,229,1182,8,0,1,0,8725714.285714285,50900.0,50900.0,50900.0,7.0,0.0,50900.0,0.0,2024-06-24,2024-07-03,9,3,Walk-in,,Closed
PPG-00882,Gaborone,Phakalane,Warehouse,Rental,Agent_Gomolemo,0,0,157,1417,5,0,1,0,11159999.999999998,65100.0,65100.0,65100.0,7.0,0.0,65100.0,0.0,2025-05-31,,40,5,Agent Network,3.2,Active
PPG-00883,Francistown,Monarch,Warehouse,Rental,Agent_Gomolemo,0,0,580,362,4,0,0,0,12617142.857142856,73600.0,73600.0,73600.0,7.0,0.0,73600.0,0.0,2024-11-07,2024-12-14,37,4,Referral,3.9,Closed
PPG-00884,Francistown,Somerset,Commercial Office,Rental,Agent_Tshepho,0,0,508,323,34,0,1,0,4577142.857142856,26700.0,26700.0,26700.0,7.0,0.0,26700.0,0.0,2024-02-17,2024-03-17,29,4,Agent Network,3.2,Closed
PPG-00885,Gaborone,Broadhurst,Plot,Sale,Agent_Neo,0,0,0,913,25,0,0,1,261000.0,260000.0,253000.0,0.0,0.0,-0.38,12650.0,50.0,2025-05-31,,45,9,Agent Network,4.2,Active
PPG-00886,Maun,Boseja,Warehouse,Sale,Agent_Boago,0,0,333,388,22,0,1,1,5002000.0,4955000.0,4873000.0,0.0,0.0,-0.94,243650.0,2350.0,2024-08-17,2024-11-17,92,11,Agent Network,,Closed
PPG-00887,Francistown,Tati Siding,Apartment,Sale,Agent_Lesego,5,4,491,1737,18,0,0,0,789000.0,823000.0,766000.0,0.0,0.0,4.31,38300.0,0.0,2024-06-05,2024-11-02,150,15,Online Listing,3.3,Closed
PPG-00888,Francistown,Somerset,Retail Space,Rental,Agent_Boago,0,0,341,1411,34,0,1,0,5297142.857142856,30900.0,30900.0,30900.0,7.0,0.0,30900.0,0.0,2024-08-15,2024-09-04,20,5,Cold Call,4.0,Closed
PPG-00889,Maun,Matlapana,Plot,Sale,Agent_Mpho,0,0,0,1109,30,0,0,1,143000.0,143000.0,143000.0,0.0,0.0,0.0,7150.0,0.0,2025-03-31,,161,16,Cold Call,4.2,Active
PPG-00890,Gaborone,Tlokweng,Townhouse,Sale,Agent_Kabo,1,1,314,1032,10,0,0,0,796000.0,729000.0,779000.0,0.0,0.0,-8.42,38950.0,3350.0,2024-04-06,2024-09-05,152,16,Walk-in,4.9,Closed
PPG-00891,Francistown,Tati Siding,Apartment,Sale,Agent_Lesego,5,4,159,1178,20,0,0,0,271000.0,279000.0,272000.0,0.0,0.0,2.95,13600.0,0.0,2024-03-07,2024-07-24,139,18,Referral,,Closed
PPG-00892,Maun,Sedie Ward,Retail Space,Sale,Agent_Neo,0,0,62,1120,29,0,0,1,496000.0,464000.0,480000.0,0.0,0.0,-6.45,24000.0,1600.0,2025-01-20,2025-05-13,113,16,Cold Call,4.6,Closed
PPG-00893,Gaborone,CBD,Warehouse,Rental,Agent_Neo,0,0,379,1337,24,0,0,0,12342857.142857142,72000.0,72000.0,72000.0,7.0,0.0,72000.0,0.0,2024-12-01,2024-12-25,24,4,Cold Call,4.6,Closed
PPG-00894,Gaborone,Tlokweng,House,Sale,Agent_Neo,5,4,244,419,30,0,1,0,1129000.0,1148000.0,1121000.0,0.0,0.0,1.68,56050.0,0.0,2025-02-08,2025-04-09,60,8,Agent Network,,Closed
PPG-00895,Maun,Sedie Ward,Apartment,Rental,Agent_Kabo,3,2,441,1527,3,0,0,1,874285.7142857142,5100.0,5100.0,5100.0,7.0,0.0,5100.0,0.0,2024-01-26,2024-03-07,41,6,Cold Call,3.6,Closed
PPG-00896,Maun,Boseja,Apartment,Rental,Agent_Kabo,4,3,444,1697,17,0,0,0,2005714.2857142854,11700.0,11700.0,11700.0,7.0,0.0,11700.0,0.0,2025-03-21,2025-04-20,30,6,Agent Network,,Closed
PPG-00897,Francistown,Gerald Estate,Apartment,Rental,Agent_Kabo,3,2,493,1045,31,0,0,0,1388571.4285714284,8100.0,8100.0,8100.0,7.0,0.0,8100.0,0.0,2024-01-30,2024-03-09,39,5,Agent Network,4.9,Closed
PPG-00898,Gaborone,Extension 14,Retail Space,Sale,Agent_Neo,0,0,495,567,15,0,0,1,4936000.0,4773000.0,4777000.0,0.0,0.0,-3.3,238850.0,8150.0,2024-12-08,2025-05-18,161,18,Cold Call,,Closed
PPG-00899,Gaborone,Phakalane,Warehouse,Rental,Agent_Boago,0,0,224,682,7,0,1,1,13337142.857142856,77800.0,77800.0,77800.0,7.0,0.0,77800.0,0.0,2025-04-07,2025-05-07,30,8,Agent Network,3.6,Closed
PPG-00900,Gaborone,Block 9,Commercial Office,Rental,Agent_Kabo,0,0,88,512,5,0,1,0,3342857.1428571427,19500.0,19500.0,19500.0,7.0,0.0,19500.0,0.0,2025-01-16,2025-02-20,35,7,Online Listing,4.3,Closed
PPG-00901,Gaborone,Phakalane,Retail Space,Sale,Agent_Neo,0,0,170,1271,33,0,0,0,1338000.0,1393000.0,1342000.0,0.0,0.0,4.11,67100.0,0.0,2024-10-06,2025-02-04,121,17,Referral,3.5,Closed
PPG-00902,Gaborone,CBD,House,Sale,Agent_Mpho,2,1,114,717,33,0,0,0,345000.0,346000.0,344000.0,0.0,0.0,0.29,17200.0,0.0,2024-06-21,2024-09-30,101,14,Online Listing,,Closed
PPG-00903,Gaborone,Tlokweng,Warehouse,Sale,Agent_Neo,0,0,575,964,16,0,1,0,8944000.0,8575000.0,8499000.0,0.0,0.0,-4.13,424950.0,18450.0,2024-07-20,2024-08-15,26,3,Walk-in,3.3,Closed
PPG-00904,Maun,Boseja,Townhouse,Rental,Agent_Gomolemo,5,4,146,1223,28,0,1,1,2451428.5714285714,14300.0,14300.0,14300.0,7.0,0.0,14300.0,0.0,2024-06-19,2024-07-23,34,3,Referral,,Closed
PPG-00905,Maun,Sedie Ward,Plot,Sale,Agent_Boago,0,0,0,1978,4,0,0,0,109000.0,113000.0,104000.0,0.0,0.0,3.67,5200.0,0.0,2024-07-18,2024-08-02,15,5,Agent Network,5.0,Closed
PPG-00906,Francistown,Somerset,Townhouse,Sale,Agent_Neo,3,2,295,925,0,1,0,0,822000.0,806000.0,797000.0,0.0,0.0,-1.95,39850.0,800.0,2024-06-25,2024-09-11,78,9,Online Listing,4.9,Closed
PPG-00907,Francistown,Gerald Estate,Plot,Sale,Agent_Kabo,0,0,0,1978,34,0,0,0,155000.0,149000.0,156000.0,0.0,0.0,-3.87,7800.0,300.0,2024-11-24,2025-01-31,68,6,Cold Call,,Closed
PPG-00908,Francistown,Gerald Estate,Retail Space,Rental,Agent_Neo,0,0,495,1500,33,0,1,1,7079999.999999999,41300.0,41300.0,41300.0,7.0,0.0,41300.0,0.0,2024-03-03,2024-03-25,22,5,Online Listing,3.3,Closed
PPG-00909,Francistown,Monarch,Townhouse,Rental,Agent_Gomolemo,2,1,319,1071,14,1,1,0,2331428.5714285714,13600.0,13600.0,13600.0,7.0,0.0,13600.0,0.0,2025-01-25,2025-02-13,19,3,Referral,,Closed
PPG-00910,Gaborone,Extension 14,Warehouse,Rental,Agent_Mpho,0,0,226,1367,15,0,1,0,4988571.428571428,29100.0,29100.0,29100.0,7.0,0.0,29100.0,0.0,2024-04-25,2024-06-08,44,7,Cold Call,,Closed
PPG-00911,Gaborone,Broadhurst,Apartment,Sale,Agent_Neo,5,4,277,643,9,0,0,1,1000000.0,1011000.0,948000.0,0.0,0.0,1.1,47400.0,0.0,2024-01-31,2024-06-16,137,18,Cold Call,4.8,Closed
PPG-00912,Maun,Boseja,Warehouse,Sale,Agent_Tshepho,0,0,71,1421,5,0,0,1,1102000.0,1128000.0,1109000.0,0.0,0.0,2.36,55450.0,0.0,2024-02-18,2024-06-27,130,16,Online Listing,4.5,Closed
PPG-00913,Maun,Sedie Ward,Apartment,Rental,Agent_Mpho,3,2,478,1505,20,0,0,0,2074285.714285714,12100.0,12100.0,12100.0,7.0,0.0,12100.0,0.0,2024-02-05,2024-02-08,3,5,Referral,3.0,Closed
PPG-00914,Francistown,Somerset,House,Rental,Agent_Lesego,3,2,448,1196,4,0,0,1,2639999.9999999995,15400.0,15400.0,15400.0,7.0,0.0,15400.0,0.0,2025-02-03,2025-03-05,30,3,Online Listing,,Closed
PPG-00915,Maun,Boseja,Townhouse,Sale,Agent_Lesego,1,1,290,877,0,0,1,1,451000.0,463000.0,448000.0,0.0,0.0,2.66,22400.0,0.0,2025-03-16,,114,12,Cold Call,,Active
PPG-00916,Gaborone,CBD,Commercial Office,Rental,Agent_Boago,0,0,223,1095,29,0,0,0,6737142.857142856,39300.0,39300.0,39300.0,7.0,0.0,39300.0,0.0,2024-05-01,2024-06-03,33,8,Cold Call,4.0,Closed
PPG-00917,Maun,Matlapana,Townhouse,Rental,Agent_Kabo,5,4,499,669,23,0,1,0,1902857.1428571427,11100.0,11100.0,11100.0,7.0,0.0,11100.0,0.0,2024-08-30,2024-09-10,11,1,Walk-in,,Closed
PPG-00918,Maun,Boseja,Plot,Sale,Agent_Gomolemo,0,0,0,1078,0,0,0,1,115000.0,118000.0,111000.0,0.0,0.0,2.61,5550.0,0.0,2024-11-17,2024-12-24,37,6,Agent Network,4.4,Closed
PPG-00919,Maun,Sedie Ward,Apartment,Rental,Agent_Tshepho,4,3,249,1905,4,0,0,1,1902857.1428571427,11100.0,11100.0,11100.0,7.0,0.0,11100.0,0.0,2024-05-28,2024-06-17,20,6,Walk-in,3.8,Closed
PPG-00920,Gaborone,CBD,Townhouse,Sale,Agent_Mpho,2,1,548,984,32,0,1,0,1773000.0,1687000.0,1703000.0,0.0,0.0,-4.85,85150.0,4300.0,2025-05-12,2025-05-30,18,4,Online Listing,3.3,Closed
PPG-00921,Maun,Matlapana,Apartment,Rental,Agent_Gomolemo,4,3,60,1754,1,0,0,0,925714.2857142857,5400.0,5400.0,5400.0,7.0,0.0,5400.0,0.0,2025-02-12,2025-03-01,17,4,Online Listing,,Closed
PPG-00922,Gaborone,Riverwalk,Apartment,Sale,Agent_Mpho,3,2,541,663,32,0,0,1,1899000.0,1911000.0,1894000.0,0.0,0.0,0.63,94700.0,0.0,2024-07-06,2024-08-23,48,9,Online Listing,3.2,Closed
PPG-00923,Francistown,Monarch,Plot,Sale,Agent_Neo,0,0,0,312,30,0,0,1,190000.0,190000.0,190000.0,0.0,0.0,0.0,9500.0,0.0,2024-03-01,2024-03-31,30,7,Walk-in,3.0,Closed
PPG-00924,Gaborone,Riverwalk,Retail Space,Sale,Agent_Kabo,0,0,382,680,27,0,1,0,3398000.0,3122000.0,3211000.0,0.0,0.0,-8.12,160550.0,13800.0,2025-03-16,,219,21,Walk-in,3.5,Active
PPG-00925,Maun,Sedie Ward,House,Rental,Agent_Neo,5,4,395,1731,18,1,0,0,2897142.857142857,16900.0,16900.0,16900.0,7.0,0.0,16900.0,0.0,2025-02-27,2025-04-08,40,8,Cold Call,,Closed
PPG-00926,Francistown,Gerald Estate,Apartment,Rental,Agent_Neo,3,2,543,1868,7,0,0,0,1988571.4285714284,11600.0,11600.0,11600.0,7.0,0.0,11600.0,0.0,2024-05-24,2024-06-26,33,5,Referral,3.2,Closed
PPG-00927,Maun,Matlapana,House,Rental,Agent_Lesego,1,1,217,1020,35,0,1,0,1577142.857142857,9200.0,9200.0,9200.0,7.0,0.0,9200.0,0.0,2024-10-30,2024-11-15,16,4,Online Listing,,Closed
PPG-00928,Gaborone,Block 9,Retail Space,Rental,Agent_Mpho,0,0,121,1130,17,0,0,0,6274285.714285714,36600.0,36600.0,36600.0,7.0,0.0,36600.0,0.0,2025-04-03,2025-04-18,15,5,Cold Call,,Closed
PPG-00929,Maun,Boseja,Townhouse,Sale,Agent_Neo,5,4,370,662,20,0,1,0,679000.0,647000.0,682000.0,0.0,0.0,-4.71,34100.0,1600.0,2024-02-21,2024-06-07,107,13,Online Listing,3.7,Closed
PPG-00930,Francistown,Tati Siding,Apartment,Sale,Agent_Mpho,1,1,94,1407,21,0,0,0,105000.0,105000.0,106000.0,0.0,0.0,0.0,5300.0,0.0,2024-04-12,2024-08-15,125,15,Cold Call,,Closed
PPG-00931,Maun,Matlapana,Apartment,Rental,Agent_Lesego,4,3,458,410,11,0,0,1,891428.5714285714,5200.0,5200.0,5200.0,7.0,0.0,5200.0,0.0,2025-01-14,2025-01-31,17,3,Online Listing,3.2,Closed
PPG-00932,Gaborone,Phakalane,House,Sale,Agent_Boago,2,1,508,942,22,0,1,1,3660000.0,3693000.0,3665000.0,0.0,0.0,0.9,183250.0,0.0,2024-09-22,2025-01-19,119,13,Cold Call,,Closed
PPG-00933,Francistown,Monarch,Retail Space,Sale,Agent_Tshepho,0,0,513,1742,12,0,0,0,4909000.0,4870000.0,4637000.0,0.0,0.0,-0.79,231850.0,1950.0,2024-01-10,2024-04-26,107,15,Online Listing,4.9,Closed
PPG-00934,Maun,Matlapana,Apartment,Sale,Agent_Boago,1,1,344,1013,8,0,0,0,402000.0,398000.0,403000.0,0.0,0.0,-1.0,20150.0,200.0,2024-08-14,2025-02-04,174,21,Online Listing,3.3,Closed
PPG-00935,Maun,Boseja,Townhouse,Sale,Agent_Gomolemo,3,2,408,600,2,0,1,1,784000.0,804000.0,740000.0,0.0,0.0,2.55,37000.0,0.0,2025-01-31,2025-05-30,119,13,Agent Network,,Closed
PPG-00936,Maun,Matlapana,Plot,Sale,Agent_Neo,0,0,0,1722,8,0,0,0,142000.0,142000.0,142000.0,0.0,0.0,0.0,7100.0,0.0,2024-07-17,2024-12-16,152,17,Online Listing,4.9,Closed
PPG-00937,Francistown,Somerset,House,Rental,Agent_Kabo,4,3,529,1072,10,0,1,1,2382857.1428571427,13900.0,13900.0,13900.0,7.0,0.0,13900.0,0.0,2024-01-12,2024-01-19,7,1,Agent Network,3.6,Closed
PPG-00938,Gaborone,CBD,Apartment,Sale,Agent_Lesego,4,3,320,676,3,0,0,0,1211000.0,1177000.0,1205000.0,0.0,0.0,-2.81,60250.0,1700.0,2024-02-10,2024-07-30,171,22,Agent Network,,Closed
PPG-00939,Gaborone,Phakalane,Warehouse,Rental,Agent_Gomolemo,0,0,582,818,15,0,1,0,4628571.428571428,27000.0,27000.0,27000.0,7.0,0.0,27000.0,0.0,2025-01-28,2025-02-25,28,3,Agent Network,4.2,Closed
PPG-00940,Gaborone,Phase 2,Warehouse,Rental,Agent_Lesego,0,0,402,1844,35,0,0,0,6754285.714285714,39400.0,39400.0,39400.0,7.0,0.0,39400.0,0.0,2024-07-09,2024-07-17,8,4,Referral,4.5,Closed
PPG-00941,Francistown,Somerset,Plot,Sale,Agent_Kabo,0,0,0,792,26,0,0,0,164000.0,167000.0,159000.0,0.0,0.0,1.83,7950.0,0.0,2024-01-26,2024-07-03,159,15,Referral,3.2,Closed
PPG-00942,Francistown,Somerset,Apartment,Sale,Agent_Boago,2,1,253,1183,10,0,0,1,462000.0,456000.0,458000.0,0.0,0.0,-1.3,22900.0,300.0,2025-01-09,2025-06-09,151,18,Walk-in,,Closed
PPG-00943,Gaborone,Extension 14,Plot,Sale,Agent_Mpho,0,0,0,980,35,0,0,0,366000.0,366000.0,366000.0,0.0,0.0,0.0,18300.0,0.0,2024-11-16,2025-04-17,152,20,Agent Network,3.3,Closed
PPG-00944,Maun,Matlapana,Plot,Sale,Agent_Neo,0,0,0,1751,3,0,0,0,132000.0,137000.0,130000.0,0.0,0.0,3.79,6500.0,0.0,2024-06-07,2024-10-22,137,16,Cold Call,4.6,Closed
PPG-00945,Francistown,Gerald Estate,Townhouse,Sale,Agent_Gomolemo,1,1,586,582,10,0,1,1,1195000.0,1238000.0,1128000.0,0.0,0.0,3.6,56400.0,0.0,2024-03-31,2024-06-17,78,10,Online Listing,4.3,Closed
PPG-00946,Maun,Matlapana,Warehouse,Sale,Agent_Gomolemo,0,0,127,1163,23,0,0,0,1711000.0,1680000.0,1694000.0,0.0,0.0,-1.81,84700.0,1550.0,2024-06-01,2024-08-03,63,7,Referral,4.0,Closed
PPG-00947,Gaborone,Tlokweng,Apartment,Sale,Agent_Lesego,1,1,193,1330,5,0,0,0,454000.0,431000.0,456000.0,0.0,0.0,-5.07,22800.0,1150.0,2025-03-26,,181,22,Agent Network,,Active
PPG-00948,Maun,Matlapana,Apartment,Sale,Agent_Gomolemo,1,1,225,1525,5,0,0,0,270000.0,263000.0,268000.0,0.0,0.0,-2.59,13400.0,350.0,2024-08-11,2024-09-17,37,5,Walk-in,,Closed
PPG-00949,Maun,Sedie Ward,Retail Space,Sale,Agent_Lesego,0,0,456,1102,10,0,1,1,4991000.0,4748000.0,4837000.0,0.0,0.0,-4.87,241850.0,12150.0,2025-02-06,2025-06-10,124,15,Walk-in,,Closed
PPG-00950,Francistown,Somerset,House,Rental,Agent_Neo,3,2,430,423,19,0,0,0,2245714.2857142854,13100.0,13100.0,13100.0,7.0,0.0,13100.0,0.0,2024-02-07,2024-03-09,31,6,Agent Network,4.4,Closed
PPG-00951,Maun,Matlapana,Warehouse,Rental,Agent_Mpho,0,0,412,317,19,0,0,1,8091428.571428571,47200.0,47200.0,47200.0,7.0,0.0,47200.0,0.0,2024-05-12,2024-05-25,13,2,Agent Network,4.7,Closed
PPG-00952,Gaborone,Phase 2,Apartment,Sale,Agent_Lesego,4,3,200,1997,21,0,0,0,680000.0,653000.0,674000.0,0.0,0.0,-3.97,33700.0,1350.0,2024-04-10,2024-09-23,166,17,Agent Network,4.4,Closed
PPG-00953,Maun,Matlapana,Warehouse,Rental,Agent_Neo,0,0,329,751,12,0,0,0,12548571.428571427,73200.0,73200.0,73200.0,7.0,0.0,73200.0,0.0,2024-10-15,2024-11-16,32,5,Referral,3.7,Closed
PPG-00954,Gaborone,Broadhurst,Apartment,Sale,Agent_Lesego,1,1,306,458,5,0,0,0,749000.0,714000.0,725000.0,0.0,0.0,-4.67,36250.0,1750.0,2024-10-02,2025-02-13,134,16,Online Listing,4.4,Closed
PPG-00955,Maun,Boseja,Warehouse,Rental,Agent_Gomolemo,0,0,264,1038,15,0,1,0,13628571.428571427,79500.0,79500.0,79500.0,7.0,0.0,79500.0,0.0,2024-10-04,2024-11-01,28,7,Agent Network,4.0,Closed
PPG-00956,Gaborone,CBD,Apartment,Sale,Agent_Lesego,1,1,241,1002,18,0,0,1,628000.0,655000.0,605000.0,0.0,0.0,4.3,30250.0,0.0,2025-02-12,,159,17,Referral,3.7,Active
PPG-00957,Francistown,Tati Siding,Townhouse,Rental,Agent_Gomolemo,2,1,175,790,0,0,0,1,1885714.2857142854,11000.0,11000.0,11000.0,7.0,0.0,11000.0,0.0,2024-05-01,2024-05-21,20,5,Referral,,Closed
PPG-00958,Francistown,Monarch,Warehouse,Sale,Agent_Lesego,0,0,313,1923,10,0,0,0,4461000.0,4558000.0,4264000.0,0.0,0.0,2.17,213200.0,0.0,2024-01-19,2024-02-02,14,6,Cold Call,3.2,Closed
PPG-00959,Maun,Boseja,Apartment,Sale,Agent_Mpho,1,1,437,1794,35,0,0,0,382000.0,366000.0,383000.0,0.0,0.0,-4.19,19150.0,800.0,2025-04-16,2025-06-28,73,12,Online Listing,4.4,Closed
PPG-00960,Gaborone,Tlokweng,Plot,Sale,Agent_Mpho,0,0,0,1627,1,0,0,0,274000.0,276000.0,271000.0,0.0,0.0,0.73,13550.0,0.0,2025-02-20,2025-04-16,55,8,Referral,,Closed
PPG-00961,Francistown,Monarch,Warehouse,Sale,Agent_Gomolemo,0,0,425,1969,9,0,0,0,5869000.0,5706000.0,5869000.0,0.0,0.0,-2.78,293450.0,8150.0,2024-07-01,2024-08-09,39,5,Walk-in,,Closed
PPG-00962,Francistown,Somerset,House,Sale,Agent_Tshepho,5,4,368,764,7,0,1,1,1583000.0,1539000.0,1567000.0,0.0,0.0,-2.78,78350.0,2200.0,2025-02-04,2025-03-28,52,9,Walk-in,4.2,Closed
PPG-00963,Maun,Boseja,Retail Space,Rental,Agent_Mpho,0,0,190,1772,23,0,0,1,7114285.714285714,41500.0,41500.0,41500.0,7.0,0.0,41500.0,0.0,2024-08-06,2024-08-24,18,2,Referral,,Closed
PPG-00964,Maun,Boseja,Apartment,Sale,Agent_Boago,5,4,238,302,18,0,0,1,315000.0,301000.0,307000.0,0.0,0.0,-4.44,15350.0,700.0,2024-02-05,2024-06-11,127,12,Agent Network,4.1,Closed
PPG-00965,Francistown,Monarch,Commercial Office,Rental,Agent_Mpho,0,0,569,1913,7,0,0,0,8965714.285714285,52300.0,52300.0,52300.0,7.0,0.0,52300.0,0.0,2024-07-23,2024-08-19,27,2,Walk-in,,Closed
PPG-00966,Gaborone,Mogoditshane,Plot,Sale,Agent_Kabo,0,0,0,1620,35,0,0,1,240000.0,240000.0,240000.0,0.0,0.0,0.0,12000.0,0.0,2024-07-06,2024-08-04,29,7,Agent Network,4.3,Closed
PPG-00967,Maun,Boseja,Commercial Office,Rental,Agent_Gomolemo,0,0,472,1279,12,0,1,0,3582857.1428571427,20900.0,20900.0,20900.0,7.0,0.0,20900.0,0.0,2024-08-02,2024-08-18,16,2,Referral,4.8,Closed
PPG-00968,Maun,Matlapana,Warehouse,Rental,Agent_Kabo,0,0,319,615,22,0,0,0,11039999.999999998,64400.0,64400.0,64400.0,7.0,0.0,64400.0,0.0,2024-06-06,2024-07-21,45,5,Referral,3.7,Closed
PPG-00969,Gaborone,CBD,Apartment,Rental,Agent_Gomolemo,2,1,440,1643,3,0,0,0,1234285.714285714,7200.0,7200.0,7200.0,7.0,0.0,7200.0,0.0,2025-05-05,2025-05-23,18,6,Walk-in,,Closed
PPG-00970,Gaborone,Phase 2,Plot,Sale,Agent_Boago,0,0,0,864,6,0,0,0,342000.0,342000.0,342000.0,0.0,0.0,0.0,17100.0,0.0,2024-11-18,2025-01-22,65,8,Cold Call,4.3,Closed
PPG-00971,Francistown,Somerset,House,Sale,Agent_Boago,2,1,454,657,25,0,1,1,1231000.0,1182000.0,1188000.0,0.0,0.0,-3.98,59400.0,2450.0,2024-09-14,2025-02-13,152,16,Walk-in,4.3,Closed
PPG-00972,Francistown,Monarch,Plot,Sale,Agent_Boago,0,0,0,447,4,0,0,0,195000.0,195000.0,195000.0,0.0,0.0,0.0,9750.0,0.0,2024-12-16,2025-03-17,91,11,Agent Network,,Closed
PPG-00973,Maun,Matlapana,Commercial Office,Rental,Agent_Boago,0,0,276,1510,20,0,1,0,8777142.857142856,51200.0,51200.0,51200.0,7.0,0.0,51200.0,0.0,2024-03-02,2024-04-04,33,4,Walk-in,,Closed
PPG-00974,Gaborone,CBD,Apartment,Sale,Agent_Boago,1,1,568,496,8,0,0,0,1460000.0,1510000.0,1427000.0,0.0,0.0,3.42,71350.0,0.0,2025-04-09,,110,15,Walk-in,3.9,Active
PPG-00975,Gaborone,Mogoditshane,Plot,Sale,Agent_Tshepho,0,0,0,773,5,0,0,0,241000.0,241000.0,241000.0,0.0,0.0,0.0,12050.0,0.0,2024-07-08,2024-08-17,40,9,Agent Network,4.5,Closed
PPG-00976,Francistown,Gerald Estate,Warehouse,Rental,Agent_Neo,0,0,490,1021,15,0,0,0,13097142.857142856,76400.0,76400.0,76400.0,7.0,0.0,76400.0,0.0,2024-11-12,2024-11-27,15,5,Walk-in,,Closed
PPG-00977,Francistown,Gerald Estate,Townhouse,Sale,Agent_Mpho,5,4,402,672,14,1,1,1,1143000.0,1158000.0,1148000.0,0.0,0.0,1.31,57400.0,0.0,2025-05-06,2025-05-14,8,1,Walk-in,,Closed
PPG-00978,Maun,Boseja,Plot,Sale,Agent_Lesego,0,0,0,1415,27,0,0,0,115000.0,115000.0,115000.0,0.0,0.0,0.0,5750.0,0.0,2025-04-03,,158,17,Agent Network,3.2,Active
PPG-00979,Gaborone,CBD,Townhouse,Sale,Agent_Tshepho,3,2,398,367,1,0,1,0,1737000.0,1744000.0,1646000.0,0.0,0.0,0.4,82300.0,0.0,2025-01-01,2025-02-12,42,9,Cold Call,3.6,Closed
PPG-00980,Gaborone,Block 9,Commercial Office,Sale,Agent_Tshepho,0,0,243,1053,22,0,1,0,2587000.0,2522000.0,2586000.0,0.0,0.0,-2.51,129300.0,3250.0,2024-12-09,2025-05-21,163,18,Agent Network,3.8,Closed
PPG-00981,Francistown,Somerset,Townhouse,Rental,Agent_Lesego,3,2,286,929,16,0,0,1,1422857.1428571427,8300.0,8300.0,8300.0,7.0,0.0,8300.0,0.0,2024-09-07,2024-10-18,41,9,Referral,3.5,Closed
PPG-00982,Maun,Boseja,Townhouse,Rental,Agent_Mpho,4,3,330,335,33,0,0,0,1525714.2857142857,8900.0,8900.0,8900.0,7.0,0.0,8900.0,0.0,2024-08-17,2024-08-23,6,2,Cold Call,3.3,Closed
PPG-00983,Maun,Boseja,Warehouse,Rental,Agent_Mpho,0,0,162,810,10,0,1,1,12634285.714285713,73700.0,73700.0,73700.0,7.0,0.0,73700.0,0.0,2025-04-01,2025-04-12,11,6,Walk-in,,Closed
PPG-00984,Francistown,Monarch,Plot,Sale,Agent_Lesego,0,0,0,1362,22,0,0,1,185000.0,185000.0,185000.0,0.0,0.0,0.0,9250.0,0.0,2025-02-26,2025-06-07,101,13,Online Listing,3.3,Closed
PPG-00985,Gaborone,Phakalane,Apartment,Sale,Agent_Kabo,3,2,344,1460,27,0,0,0,1257000.0,1120000.0,1191000.0,0.0,0.0,-10.9,59550.0,6850.0,2024-04-27,2024-08-01,96,11,Agent Network,4.7,Closed
PPG-00986,Maun,Sedie Ward,Commercial Office,Sale,Agent_Tshepho,0,0,398,1492,21,0,0,0,4446000.0,4559000.0,4291000.0,0.0,0.0,2.54,214550.0,0.0,2024-11-01,2024-12-26,55,10,Online Listing,3.8,Closed
PPG-00987,Gaborone,Tlokweng,Apartment,Rental,Agent_Neo,1,1,269,907,11,0,0,1,1491428.5714285714,8700.0,8700.0,8700.0,7.0,0.0,8700.0,0.0,2024-05-18,2024-05-23,5,1,Referral,3.6,Closed
PPG-00988,Francistown,Tati Siding,Apartment,Sale,Agent_Boago,1,1,368,775,28,0,0,0,390000.0,364000.0,391000.0,0.0,0.0,-6.67,19550.0,1300.0,2024-11-17,2025-01-22,66,9,Online Listing,4.9,Closed
PPG-00989,Gaborone,Tlokweng,Warehouse,Rental,Agent_Boago,0,0,508,885,4,0,1,1,3822857.1428571427,22300.0,22300.0,22300.0,7.0,0.0,22300.0,0.0,2024-07-31,2024-08-23,23,3,Walk-in,,Closed
PPG-00990,Francistown,Monarch,Apartment,Rental,Agent_Mpho,4,3,460,992,11,0,0,0,1371428.5714285714,8000.0,8000.0,8000.0,7.0,0.0,8000.0,0.0,2024-06-12,2024-06-27,15,2,Referral,3.3,Closed
PPG-00991,Gaborone,Phakalane,Apartment,Sale,Agent_Kabo,3,2,470,1474,6,0,0,1,2321000.0,2133000.0,2251000.0,0.0,0.0,-8.1,112550.0,9400.0,2025-04-12,,175,20,Walk-in,3.3,Active
PPG-00992,Francistown,Gerald Estate,Retail Space,Rental,Agent_Gomolemo,0,0,315,1832,3,0,1,0,3257142.857142857,19000.0,19000.0,19000.0,7.0,0.0,19000.0,0.0,2024-03-21,2024-04-04,14,6,Referral,4.5,Closed
PPG-00993,Francistown,Somerset,Apartment,Sale,Agent_Kabo,3,2,194,395,8,0,0,0,361000.0,376000.0,343000.0,0.0,0.0,4.16,17150.0,0.0,2024-06-16,2024-12-09,176,19,Referral,,Closed
PPG-00994,Francistown,Monarch,Plot,Sale,Agent_Gomolemo,0,0,0,830,34,0,0,0,190000.0,190000.0,190000.0,0.0,0.0,0.0,9500.0,0.0,2024-04-14,2024-08-20,128,14,Agent Network,3.8,Closed
PPG-00995,Maun,Sedie Ward,Retail Space,Rental,Agent_Mpho,0,0,111,1091,23,0,0,1,6994285.714285714,40800.0,40800.0,40800.0,7.0,0.0,40800.0,0.0,2025-03-27,2025-04-08,12,6,Agent Network,,Closed
PPG-00996,Maun,Matlapana,Apartment,Rental,Agent_Mpho,5,4,101,1943,21,0,0,1,2022857.1428571427,11800.0,11800.0,11800.0,7.0,0.0,11800.0,0.0,2024-10-15,2024-11-03,19,6,Cold Call,4.9,Closed
PPG-00997,Francistown,Somerset,Warehouse,Rental,Agent_Mpho,0,0,138,1926,11,0,1,1,13508571.428571427,78800.0,78800.0,78800.0,7.0,0.0,78800.0,0.0,2024-05-02,2024-06-07,36,7,Agent Network,,Closed
PPG-00998,Maun,Boseja,Warehouse,Rental,Agent_Neo,0,0,111,1671,4,0,1,1,11914285.714285713,69500.0,69500.0,69500.0,7.0,0.0,69500.0,0.0,2024-10-25,2024-10-30,5,4,Referral,,Closed
PPG-00999,Gaborone,Phase 2,Warehouse,Sale,Agent_Lesego,0,0,385,1805,7,0,1,1,5866000.0,5722000.0,5633000.0,0.0,0.0,-2.45,281650.0,7200.0,2024-05-27,2024-07-01,35,4,Agent Network,3.6,Closed
PPG-01000,Francistown,Tati Siding,Retail Space,Sale,Agent_Mpho,0,0,61,1717,34,0,0,1,478000.0,490000.0,480000.0,0.0,0.0,2.51,24000.0,0.0,2024-01-13,2024-03-29,76,7,Agent Network,3.0,Closed
PPG-01001,Francistown,Tati Siding,Retail Space,Rental,Agent_Neo,0,0,133,1553,20,0,1,0,4868571.428571428,28400.0,28400.0,28400.0,7.0,0.0,28400.0,0.0,2024-07-05,2024-08-02,28,7,Agent Network,3.3,Closed
PPG-01002,Maun,Sedie Ward,Townhouse,Sale,Agent_Tshepho,3,2,249,1226,31,0,0,1,302000.0,299000.0,298000.0,0.0,0.0,-0.99,14900.0,150.0,2024-06-10,2024-07-25,45,6,Cold Call,,Closed
PPG-01003,Francistown,Tati Siding,Apartment,Sale,Agent_Kabo,5,4,385,946,25,0,0,1,582000.0,578000.0,554000.0,0.0,0.0,-0.69,27700.0,200.0,2025-03-17,2025-06-28,103,12,Walk-in,4.2,Closed
PPG-01004,Gaborone,Extension 14,Townhouse,Sale,Agent_Kabo,2,1,169,756,34,0,1,1,514000.0,527000.0,513000.0,0.0,0.0,2.53,25650.0,0.0,2024-03-19,2024-06-29,102,14,Online Listing,4.8,Closed
PPG-01005,Maun,Boseja,Commercial Office,Rental,Agent_Mpho,0,0,487,1397,31,0,0,1,2639999.9999999995,15400.0,15400.0,15400.0,7.0,0.0,15400.0,0.0,2024-04-22,2024-05-28,36,5,Online Listing,3.1,Closed
PPG-01006,Francistown,Gerald Estate,Retail Space,Sale,Agent_Mpho,0,0,103,1927,24,0,1,0,969000.0,966000.0,954000.0,0.0,0.0,-0.31,47700.0,150.0,2024-10-15,2025-02-01,109,15,Online Listing,,Closed
PPG-01007,Francistown,Somerset,Apartment,Sale,Agent_Lesego,1,1,204,1764,27,0,0,0,255000.0,260000.0,257000.0,0.0,0.0,1.96,12850.0,0.0,2024-10-15,2025-02-23,131,17,Cold Call,4.4,Closed
PPG-01008,Gaborone,Tlokweng,Plot,Sale,Agent_Gomolemo,0,0,0,614,26,0,0,0,285000.0,285000.0,285000.0,0.0,0.0,0.0,14250.0,0.0,2024-10-11,2025-03-14,154,15,Cold Call,4.0,Closed
PPG-01009,Gaborone,Tlokweng,Warehouse,Sale,Agent_Neo,0,0,118,749,27,0,1,1,1631000.0,1663000.0,1578000.0,0.0,0.0,1.96,78900.0,0.0,2024-04-08,2024-04-15,7,5,Online Listing,,Closed
PPG-01010,Gaborone,Phase 2,Apartment,Sale,Agent_Neo,5,4,61,1027,35,0,0,0,213000.0,213000.0,211000.0,0.0,0.0,0.0,10550.0,0.0,2024-06-16,2024-10-18,124,13,Agent Network,3.4,Closed
PPG-01011,Maun,Matlapana,Retail Space,Rental,Agent_Neo,0,0,268,739,30,0,1,0,4919999.999999999,28700.0,28700.0,28700.0,7.0,0.0,28700.0,0.0,2024-04-26,2024-06-08,43,7,Cold Call,,Closed
PPG-01012,Francistown,Monarch,Apartment,Rental,Agent_Tshepho,1,1,60,452,12,0,0,1,1645714.2857142854,9600.0,9600.0,9600.0,7.0,0.0,9600.0,0.0,2024-06-09,2024-06-24,15,6,Referral,3.2,Closed
PPG-01013,Maun,Sedie Ward,Warehouse,Rental,Agent_Mpho,0,0,251,1244,4,0,1,1,13079999.999999998,76300.0,76300.0,76300.0,7.0,0.0,76300.0,0.0,2024-01-21,2024-02-18,28,5,Agent Network,4.3,Closed
PPG-01014,Francistown,Gerald Estate,Retail Space,Sale,Agent_Neo,0,0,66,1600,34,0,1,0,568000.0,598000.0,562000.0,0.0,0.0,5.28,28100.0,0.0,2024-12-26,2025-06-02,158,19,Agent Network,4.3,Closed
PPG-01015,Maun,Sedie Ward,Townhouse,Rental,Agent_Lesego,2,1,77,1766,9,0,1,0,2742857.1428571427,16000.0,16000.0,16000.0,7.0,0.0,16000.0,0.0,2025-01-28,2025-02-10,13,3,Cold Call,3.2,Closed
PPG-01016,Francistown,Tati Siding,Apartment,Sale,Agent_Lesego,3,2,393,757,17,0,0,0,572000.0,560000.0,557000.0,0.0,0.0,-2.1,27850.0,600.0,2025-02-25,2025-06-20,115,13,Cold Call,,Closed
PPG-01017,Francistown,Tati Siding,Plot,Sale,Agent_Kabo,0,0,0,1433,29,0,0,1,126000.0,116000.0,126000.0,0.0,0.0,-7.94,6300.0,500.0,2025-05-31,,106,11,Agent Network,,Active
PPG-01018,Francistown,Gerald Estate,Apartment,Sale,Agent_Tshepho,4,3,359,1890,34,0,0,1,593000.0,594000.0,562000.0,0.0,0.0,0.17,28100.0,0.0,2024-02-02,2024-03-21,48,5,Agent Network,3.1,Closed
PPG-01019,Francistown,Gerald Estate,Commercial Office,Sale,Agent_Neo,0,0,78,1414,11,0,1,0,904000.0,894000.0,871000.0,0.0,0.0,-1.11,43550.0,500.0,2024-11-08,2025-05-04,177,21,Cold Call,,Closed
PPG-01020,Maun,Sedie Ward,Plot,Sale,Agent_Lesego,0,0,0,1433,22,0,0,0,100000.0,99000.0,96000.0,0.0,0.0,-1.0,4800.0,50.0,2025-02-03,,180,18,Agent Network,4.7,Active
PPG-01021,Maun,Boseja,Warehouse,Sale,Agent_Mpho,0,0,426,1093,18,0,1,1,6308000.0,6544000.0,6266000.0,0.0,0.0,3.74,313300.0,0.0,2024-01-20,2024-07-12,174,21,Walk-in,3.8,Closed
PPG-01022,Maun,Matlapana,House,Sale,Agent_Kabo,4,3,441,1708,7,1,1,1,1346000.0,1242000.0,1350000.0,0.0,0.0,-7.73,67500.0,5200.0,2025-02-14,2025-06-26,132,16,Walk-in,,Closed
PPG-01023,Gaborone,Tlokweng,Townhouse,Rental,Agent_Lesego,4,3,200,945,27,0,1,0,1439999.9999999998,8400.0,8400.0,8400.0,7.0,0.0,8400.0,0.0,2024-01-09,2024-02-02,24,3,Referral,4.3,Closed
PPG-01024,Francistown,Tati Siding,Retail Space,Rental,Agent_Kabo,0,0,570,929,30,0,0,1,3685714.2857142854,21500.0,21500.0,21500.0,7.0,0.0,21500.0,0.0,2024-11-29,2024-12-25,26,3,Cold Call,3.7,Closed
PPG-01025,Gaborone,Broadhurst,Commercial Office,Rental,Agent_Mpho,0,0,66,1301,5,0,0,1,8194285.714285714,47800.0,47800.0,47800.0,7.0,0.0,47800.0,0.0,2024-08-11,2024-08-20,9,5,Referral,4.8,Closed
PPG-01026,Gaborone,Phakalane,Warehouse,Rental,Agent_Mpho,0,0,190,1648,11,0,0,0,4131428.571428571,24100.0,24100.0,24100.0,7.0,0.0,24100.0,0.0,2025-04-28,2025-05-16,18,6,Referral,4.0,Closed
PPG-01027,Francistown,Gerald Estate,Commercial Office,Sale,Agent_Boago,0,0,414,1438,20,0,0,1,4352000.0,4459000.0,4126000.0,0.0,0.0,2.46,206300.0,0.0,2025-05-29,,90,11,Agent Network,3.9,Active
PPG-01028,Gaborone,Block 9,House,Sale,Agent_Neo,3,2,375,1527,5,0,1,1,1935000.0,2012000.0,1859000.0,0.0,0.0,3.98,92950.0,0.0,2025-04-17,2025-05-24,37,7,Online Listing,4.6,Closed
PPG-01029,Maun,Boseja,Apartment,Rental,Agent_Lesego,5,4,268,375,21,0,0,1,1645714.2857142854,9600.0,9600.0,9600.0,7.0,0.0,9600.0,0.0,2024-02-01,2024-02-18,17,1,Referral,3.8,Closed
PPG-01030,Gaborone,Broadhurst,Apartment,Sale,Agent_Gomolemo,4,3,98,1350,30,0,0,0,265000.0,260000.0,259000.0,0.0,0.0,-1.89,12950.0,250.0,2024-07-07,2024-10-02,87,10,Walk-in,,Closed
PPG-01031,Francistown,Gerald Estate,Plot,Sale,Agent_Lesego,0,0,0,970,14,0,0,0,186000.0,187000.0,186000.0,0.0,0.0,0.54,9300.0,0.0,2025-05-23,2025-06-21,29,5,Agent Network,4.9,Closed
PPG-01032,Maun,Boseja,Commercial Office,Rental,Agent_Kabo,0,0,289,729,25,0,1,0,4560000.0,26600.0,26600.0,26600.0,7.0,0.0,26600.0,0.0,2025-01-20,2025-03-04,43,6,Agent Network,3.7,Closed
PPG-01033,Maun,Sedie Ward,Commercial Office,Sale,Agent_Neo,0,0,97,529,3,0,1,0,1227000.0,1243000.0,1200000.0,0.0,0.0,1.3,60000.0,0.0,2025-02-23,,176,19,Cold Call,3.3,Active
PPG-01034,Francistown,Tati Siding,Townhouse,Rental,Agent_Boago,5,4,528,1493,23,0,0,0,2759999.9999999995,16100.0,16100.0,16100.0,7.0,0.0,16100.0,0.0,2025-05-17,2025-06-10,24,4,Cold Call,3.3,Closed
PPG-01035,Maun,Sedie Ward,House,Sale,Agent_Gomolemo,2,1,206,446,28,0,1,0,345000.0,348000.0,345000.0,0.0,0.0,0.87,17250.0,0.0,2024-03-24,2024-07-27,125,14,Walk-in,4.1,Closed
PPG-01036,Francistown,Gerald Estate,Retail Space,Rental,Agent_Kabo,0,0,271,1171,31,0,0,1,7679999.999999999,44800.0,44800.0,44800.0,7.0,0.0,44800.0,0.0,2024-04-17,2024-04-25,8,5,Referral,,Closed
PPG-01037,Gaborone,Broadhurst,Commercial Office,Rental,Agent_Neo,0,0,504,1398,7,0,0,0,7268571.428571428,42400.0,42400.0,42400.0,7.0,0.0,42400.0,0.0,2025-05-18,2025-06-24,37,5,Walk-in,3.7,Closed
PPG-01038,Gaborone,Phakalane,Warehouse,Sale,Agent_Gomolemo,0,0,167,1211,29,0,0,1,1995000.0,2048000.0,1919000.0,0.0,0.0,2.66,95950.0,0.0,2025-05-31,,144,19,Walk-in,4.5,Active
PPG-01039,Maun,Boseja,Apartment,Rental,Agent_Mpho,1,1,184,549,15,0,0,0,977142.857142857,5700.0,5700.0,5700.0,7.0,0.0,5700.0,0.0,2024-09-11,2024-10-18,37,7,Referral,3.6,Closed
PPG-01040,Maun,Boseja,Townhouse,Sale,Agent_Kabo,4,3,103,1475,3,0,1,0,180000.0,174000.0,174000.0,0.0,0.0,-3.33,8700.0,300.0,2024-12-17,2025-05-08,142,15,Agent Network,3.8,Closed
PPG-01041,Francistown,Monarch,Apartment,Rental,Agent_Boago,5,4,470,1463,15,0,0,1,1234285.714285714,7200.0,7200.0,7200.0,7.0,0.0,7200.0,0.0,2024-03-02,2024-03-05,3,4,Online Listing,4.7,Closed
PPG-01042,Francistown,Monarch,Townhouse,Rental,Agent_Boago,4,3,312,476,21,0,0,1,2125714.2857142854,12400.0,12400.0,12400.0,7.0,0.0,12400.0,0.0,2024-07-09,2024-08-03,25,2,Online Listing,,Closed
PPG-01043,Francistown,Somerset,Plot,Sale,Agent_Boago,0,0,0,1651,8,0,0,0,195000.0,203000.0,189000.0,0.0,0.0,4.1,9450.0,0.0,2024-12-17,2025-02-25,70,8,Online Listing,3.8,Closed
PPG-01044,Francistown,Gerald Estate,House,Rental,Agent_Gomolemo,1,1,95,514,29,0,1,0,2348571.428571428,13700.0,13700.0,13700.0,7.0,0.0,13700.0,0.0,2024-11-02,2024-12-01,29,2,Online Listing,4.9,Closed
PPG-01045,Gaborone,Broadhurst,Warehouse,Sale,Agent_Neo,0,0,198,1304,13,0,1,1,2998000.0,3002000.0,2929000.0,0.0,0.0,0.13,146450.0,0.0,2024-08-23,2025-01-28,158,16,Online Listing,4.2,Closed
PPG-01046,Maun,Matlapana,Plot,Sale,Agent_Tshepho,0,0,0,832,0,0,0,0,122000.0,122000.0,122000.0,0.0,0.0,0.0,6100.0,0.0,2024-10-11,2025-03-24,164,19,Cold Call,4.7,Closed
PPG-01047,Francistown,Monarch,Retail Space,Sale,Agent_Boago,0,0,396,1401,29,0,1,0,3296000.0,3422000.0,3273000.0,0.0,0.0,3.82,163650.0,0.0,2024-10-04,2024-10-19,15,3,Referral,4.2,Closed
PPG-01048,Maun,Matlapana,Commercial Office,Sale,Agent_Tshepho,0,0,541,1207,22,0,0,1,5495000.0,5604000.0,5405000.0,0.0,0.0,1.98,270250.0,0.0,2024-04-25,2024-07-30,96,13,Referral,4.7,Closed
PPG-01049,Gaborone,Mogoditshane,Commercial Office,Rental,Agent_Mpho,0,0,196,1014,16,0,0,0,9702857.142857142,56600.0,56600.0,56600.0,7.0,0.0,56600.0,0.0,2024-03-10,2024-04-23,44,5,Referral,4.2,Closed
PPG-01050,Maun,Sedie Ward,Townhouse,Rental,Agent_Tshepho,2,1,67,849,17,1,1,0,2502857.1428571427,14600.0,14600.0,14600.0,7.0,0.0,14600.0,0.0,2024-10-05,2024-10-14,9,1,Cold Call,,Closed
PPG-01051,Francistown,Somerset,Retail Space,Sale,Agent_Neo,0,0,120,1572,30,0,0,1,1058000.0,957000.0,1006000.0,0.0,0.0,-9.55,50300.0,5050.0,2025-02-03,2025-06-06,123,15,Cold Call,,Closed
PPG-01052,Gaborone,Block 9,House,Rental,Agent_Tshepho,2,1,249,893,0,0,0,0,1988571.4285714284,11600.0,11600.0,11600.0,7.0,0.0,11600.0,0.0,2025-03-05,2025-03-14,9,4,Walk-in,3.1,Closed
PPG-01053,Gaborone,Phase 2,Plot,Sale,Agent_Neo,0,0,0,503,24,0,0,1,378000.0,378000.0,378000.0,0.0,0.0,0.0,18900.0,0.0,2024-06-01,2024-10-25,146,17,Agent Network,3.3,Closed
PPG-01054,Gaborone,Phakalane,House,Rental,Agent_Neo,2,1,460,1943,26,0,1,1,2571428.5714285714,15000.0,15000.0,15000.0,7.0,0.0,15000.0,0.0,2024-02-01,2024-02-04,3,3,Online Listing,3.6,Closed
PPG-01055,Gaborone,Tlokweng,Plot,Sale,Agent_Mpho,0,0,0,983,0,0,0,1,287000.0,267000.0,281000.0,0.0,0.0,-6.97,14050.0,1000.0,2025-01-24,,184,21,Cold Call,4.3,Active
PPG-01056,Francistown,Somerset,Apartment,Sale,Agent_Kabo,3,2,383,1753,17,0,0,0,693000.0,728000.0,664000.0,0.0,0.0,5.05,33200.0,0.0,2024-09-07,2024-12-27,111,12,Walk-in,4.5,Closed
PPG-01057,Francistown,Somerset,Apartment,Sale,Agent_Lesego,1,1,466,331,9,0,0,1,714000.0,688000.0,686000.0,0.0,0.0,-3.64,34300.0,1300.0,2025-04-01,,128,15,Referral,3.4,Active
PPG-01058,Gaborone,CBD,Warehouse,Rental,Agent_Boago,0,0,383,493,14,0,0,0,4234285.714285714,24700.0,24700.0,24700.0,7.0,0.0,24700.0,0.0,2025-04-21,2025-06-01,41,9,Online Listing,4.9,Closed
PPG-01059,Maun,Matlapana,Townhouse,Rental,Agent_Lesego,5,4,419,529,24,1,1,0,1405714.2857142857,8200.0,8200.0,8200.0,7.0,0.0,8200.0,0.0,2024-04-03,2024-04-16,13,5,Agent Network,5.0,Closed
PPG-01060,Maun,Boseja,Warehouse,Rental,Agent_Neo,0,0,321,1280,35,0,1,0,13508571.428571427,78800.0,78800.0,78800.0,7.0,0.0,78800.0,0.0,2025-03-07,2025-03-18,11,4,Referral,3.1,Closed
PPG-01061,Gaborone,Extension 14,Commercial Office,Rental,Agent_Lesego,0,0,527,830,1,0,1,1,8897142.857142856,51900.0,51900.0,51900.0,7.0,0.0,51900.0,0.0,2024-03-31,2024-05-09,39,7,Walk-in,,Closed
PPG-01062,Francistown,Somerset,House,Rental,Agent_Tshepho,1,1,111,1126,33,0,0,0,1954285.714285714,11400.0,11400.0,11400.0,7.0,0.0,11400.0,0.0,2024-05-10,2024-05-25,15,2,Online Listing,,Closed
PPG-01063,Francistown,Tati Siding,Townhouse,Sale,Agent_Tshepho,5,4,221,540,14,0,1,1,506000.0,521000.0,502000.0,0.0,0.0,2.96,25100.0,0.0,2024-01-15,2024-04-22,98,9,Online Listing,4.5,Closed
PPG-01064,Gaborone,Phakalane,House,Rental,Agent_Kabo,2,1,358,1823,25,0,0,0,1388571.4285714284,8100.0,8100.0,8100.0,7.0,0.0,8100.0,0.0,2024-04-02,2024-04-12,10,1,Online Listing,3.0,Closed
PPG-01065,Maun,Matlapana,Plot,Sale,Agent_Neo,0,0,0,1980,15,0,0,1,118000.0,121000.0,116000.0,0.0,0.0,2.54,5800.0,0.0,2025-02-01,2025-02-10,9,5,Cold Call,4.1,Closed
PPG-01066,Gaborone,Extension 14,Plot,Sale,Agent_Tshepho,0,0,0,1095,15,0,0,1,317000.0,317000.0,317000.0,0.0,0.0,0.0,15850.0,0.0,2024-10-10,2024-12-12,63,9,Referral,,Closed
PPG-01067,Gaborone,Broadhurst,Plot,Sale,Agent_Kabo,0,0,0,1371,5,0,0,1,314000.0,306000.0,317000.0,0.0,0.0,-2.55,15850.0,400.0,2024-07-12,2024-12-28,169,21,Online Listing,,Closed
PPG-01068,Francistown,Somerset,Townhouse,Sale,Agent_Gomolemo,3,2,482,1141,1,0,1,0,1288000.0,1246000.0,1260000.0,0.0,0.0,-3.26,63000.0,2100.0,2024-09-30,2025-03-20,171,18,Walk-in,4.1,Closed
PPG-01069,Gaborone,Extension 14,Apartment,Sale,Agent_Mpho,5,4,517,1521,18,0,0,0,1647000.0,1543000.0,1564000.0,0.0,0.0,-6.31,78200.0,5200.0,2024-08-20,2025-01-22,155,18,Referral,4.9,Closed
PPG-01070,Gaborone,Block 9,Plot,Sale,Agent_Kabo,0,0,0,903,5,0,0,1,268000.0,271000.0,264000.0,0.0,0.0,1.12,13200.0,0.0,2024-12-01,2025-03-06,95,9,Cold Call,,Closed
PPG-01071,Francistown,Monarch,House,Rental,Agent_Kabo,5,4,237,748,3,0,1,1,1748571.4285714284,10200.0,10200.0,10200.0,7.0,0.0,10200.0,0.0,2024-09-05,2024-10-11,36,6,Referral,,Closed
PPG-01072,Gaborone,Mogoditshane,Apartment,Rental,Agent_Mpho,1,1,419,483,8,0,0,1,2245714.2857142854,13100.0,13100.0,13100.0,7.0,0.0,13100.0,0.0,2025-01-18,2025-01-21,3,5,Agent Network,4.5,Closed
PPG-01073,Gaborone,Phase 2,Townhouse,Sale,Agent_Tshepho,3,2,241,595,28,0,1,0,859000.0,845000.0,867000.0,0.0,0.0,-1.63,43350.0,700.0,2024-11-12,2025-03-24,132,15,Referral,,Closed
PPG-01074,Maun,Boseja,House,Rental,Agent_Tshepho,5,4,233,634,20,0,0,1,2708571.428571428,15800.0,15800.0,15800.0,7.0,0.0,15800.0,0.0,2024-07-06,2024-08-03,28,2,Agent Network,4.7,Closed
PPG-01075,Maun,Boseja,Townhouse,Rental,Agent_Boago,2,1,193,865,4,0,0,0,3085714.2857142854,18000.0,18000.0,18000.0,7.0,0.0,18000.0,0.0,2025-03-28,2025-05-02,35,7,Online Listing,,Closed
PPG-01076,Francistown,Monarch,Warehouse,Sale,Agent_Mpho,0,0,272,1040,0,0,1,0,4243000.0,4158000.0,4230000.0,0.0,0.0,-2.0,211500.0,4250.0,2024-11-10,2024-11-30,20,7,Online Listing,4.5,Closed
PPG-01077,Francistown,Somerset,House,Sale,Agent_Mpho,3,2,503,817,22,1,1,0,1486000.0,1490000.0,1461000.0,0.0,0.0,0.27,73050.0,0.0,2024-07-19,2024-12-12,146,14,Cold Call,3.9,Closed
PPG-01078,Gaborone,CBD,Apartment,Sale,Agent_Lesego,3,2,354,1324,32,0,0,0,963000.0,992000.0,906000.0,0.0,0.0,3.01,45300.0,0.0,2024-04-10,2024-05-12,32,4,Walk-in,,Closed
PPG-01079,Francistown,Gerald Estate,Apartment,Rental,Agent_Boago,1,1,250,806,1,0,0,1,1474285.714285714,8600.0,8600.0,8600.0,7.0,0.0,8600.0,0.0,2024-11-14,2024-12-26,42,7,Cold Call,,Closed
PPG-01080,Gaborone,Riverwalk,Apartment,Rental,Agent_Kabo,1,1,119,714,10,0,0,1,1937142.857142857,11300.0,11300.0,11300.0,7.0,0.0,11300.0,0.0,2024-04-17,2024-05-28,41,8,Agent Network,4.2,Closed
PPG-01081,Gaborone,Tlokweng,House,Rental,Agent_Gomolemo,1,1,73,729,19,0,1,1,1679999.9999999998,9800.0,9800.0,9800.0,7.0,0.0,9800.0,0.0,2025-05-23,2025-06-01,9,3,Cold Call,4.1,Closed
PPG-01082,Gaborone,Tlokweng,Warehouse,Rental,Agent_Gomolemo,0,0,219,1857,22,0,0,0,11159999.999999998,65100.0,65100.0,65100.0,7.0,0.0,65100.0,0.0,2024-02-22,2024-03-28,35,3,Online Listing,3.6,Closed
PPG-01083,Maun,Boseja,Retail Space,Rental,Agent_Neo,0,0,433,319,7,0,1,0,3977142.857142857,23200.0,23200.0,23200.0,7.0,0.0,23200.0,0.0,2024-12-11,2025-01-16,36,8,Referral,,Closed
PPG-01084,Francistown,Somerset,Commercial Office,Rental,Agent_Neo,0,0,595,1825,0,0,1,0,7182857.142857142,41900.0,41900.0,41900.0,7.0,0.0,41900.0,0.0,2024-02-27,2024-03-15,17,1,Agent Network,3.2,Closed
PPG-01085,Gaborone,Extension 14,Warehouse,Sale,Agent_Neo,0,0,541,616,8,0,0,0,8593000.0,7900000.0,8214000.0,0.0,0.0,-8.06,410700.0,34650.0,2025-04-03,,175,17,Walk-in,,Active
PPG-01086,Francistown,Monarch,Warehouse,Rental,Agent_Boago,0,0,420,1253,32,0,1,1,6068571.428571428,35400.0,35400.0,35400.0,7.0,0.0,35400.0,0.0,2024-10-27,2024-11-11,15,2,Referral,4.9,Closed
PPG-01087,Gaborone,Tlokweng,Plot,Sale,Agent_Neo,0,0,0,1916,24,0,0,0,236000.0,213000.0,228000.0,0.0,0.0,-9.75,11400.0,1150.0,2025-03-23,,266,30,Referral,4.8,Active
PPG-01088,Francistown,Somerset,House,Sale,Agent_Lesego,1,1,476,910,9,0,1,0,1290000.0,1349000.0,1289000.0,0.0,0.0,4.57,64450.0,0.0,2024-04-25,2024-10-07,165,17,Cold Call,3.6,Closed
PPG-01089,Francistown,Monarch,Apartment,Sale,Agent_Kabo,3,2,169,1812,27,0,0,0,264000.0,269000.0,255000.0,0.0,0.0,1.89,12750.0,0.0,2025-02-01,2025-04-23,81,13,Agent Network,3.5,Closed
PPG-01090,Maun,Boseja,Apartment,Sale,Agent_Lesego,1,1,63,967,1,0,0,0,72000.0,70000.0,70000.0,0.0,0.0,-2.78,3500.0,100.0,2024-05-05,2024-08-01,88,9,Agent Network,3.6,Closed
PPG-01091,Gaborone,Mogoditshane,Commercial Office,Sale,Agent_Gomolemo,0,0,519,1309,21,0,0,1,5642000.0,5705000.0,5605000.0,0.0,0.0,1.12,280250.0,0.0,2025-04-17,2025-06-04,48,9,Referral,3.3,Closed
PPG-01092,Francistown,Tati Siding,Retail Space,Rental,Agent_Boago,0,0,346,1165,29,0,1,1,2417142.857142857,14100.0,14100.0,14100.0,7.0,0.0,14100.0,0.0,2024-04-14,2024-04-18,4,1,Agent Network,,Closed
PPG-01093,Maun,Boseja,House,Rental,Agent_Lesego,3,2,552,1388,14,0,0,1,2794285.714285714,16300.0,16300.0,16300.0,7.0,0.0,16300.0,0.0,2024-11-10,2024-11-27,17,1,Cold Call,4.8,Closed
PPG-01094,Francistown,Monarch,Retail Space,Rental,Agent_Lesego,0,0,530,1675,11,0,1,1,3034285.714285714,17700.0,17700.0,17700.0,7.0,0.0,17700.0,0.0,2024-09-22,2024-10-20,28,5,Cold Call,4.8,Closed
PPG-01095,Gaborone,Extension 14,Commercial Office,Rental,Agent_Gomolemo,0,0,106,1218,26,0,1,1,5999999.999999999,35000.0,35000.0,35000.0,7.0,0.0,35000.0,0.0,2025-01-21,2025-02-06,16,4,Referral,4.7,Closed
PPG-01096,Maun,Matlapana,Townhouse,Rental,Agent_Mpho,4,3,487,1716,8,0,1,0,2005714.2857142854,11700.0,11700.0,11700.0,7.0,0.0,11700.0,0.0,2025-05-31,,33,3,Cold Call,4.3,Active
PPG-01097,Gaborone,Phase 2,Commercial Office,Rental,Agent_Neo,0,0,299,661,3,0,0,0,8571428.57142857,50000.0,50000.0,50000.0,7.0,0.0,50000.0,0.0,2024-09-22,2024-09-25,3,1,Online Listing,4.9,Closed
PPG-01098,Maun,Matlapana,Plot,Sale,Agent_Mpho,0,0,0,1820,5,0,0,0,126000.0,126000.0,126000.0,0.0,0.0,0.0,6300.0,0.0,2025-04-05,,116,11,Online Listing,4.4,Active
PPG-01099,Maun,Boseja,Plot,Sale,Agent_Tshepho,0,0,0,1808,30,0,0,0,97000.0,97000.0,97000.0,0.0,0.0,0.0,4850.0,0.0,2024-09-22,2024-11-05,44,7,Referral,,Closed
PPG-01100,Francistown,Somerset,Plot,Sale,Agent_Boago,0,0,0,669,3,0,0,0,180000.0,175000.0,175000.0,0.0,0.0,-2.78,8750.0,250.0,2024-05-03,2024-09-12,132,16,Walk-in,,Closed
PPG-01101,Francistown,Somerset,Commercial Office,Rental,Agent_Neo,0,0,176,891,17,0,0,0,6839999.999999999,39900.0,39900.0,39900.0,7.0,0.0,39900.0,0.0,2024-02-03,2024-02-29,26,2,Referral,4.9,Closed
PPG-01102,Gaborone,Broadhurst,Commercial Office,Sale,Agent_Gomolemo,0,0,251,360,11,0,0,0,3083000.0,3082000.0,2915000.0,0.0,0.0,-0.03,145750.0,50.0,2025-03-08,,146,14,Walk-in,4.8,Active
PPG-01103,Gaborone,Broadhurst,Retail Space,Rental,Agent_Kabo,0,0,258,1212,2,0,0,0,7388571.428571428,43100.0,43100.0,43100.0,7.0,0.0,43100.0,0.0,2024-10-25,2024-12-04,40,5,Referral,,Closed
PPG-01104,Francistown,Somerset,Townhouse,Rental,Agent_Lesego,5,4,289,531,28,1,1,0,3051428.5714285714,17800.0,17800.0,17800.0,7.0,0.0,17800.0,0.0,2024-01-06,2024-02-12,37,7,Referral,,Closed
PPG-01105,Francistown,Gerald Estate,Townhouse,Sale,Agent_Kabo,3,2,392,522,14,0,1,0,890000.0,898000.0,877000.0,0.0,0.0,0.9,43850.0,0.0,2024-11-01,2025-04-01,151,15,Agent Network,,Closed
PPG-01106,Francistown,Tati Siding,Plot,Sale,Agent_Tshepho,0,0,0,1987,10,0,0,0,145000.0,145000.0,145000.0,0.0,0.0,0.0,7250.0,0.0,2024-11-07,2025-02-13,98,13,Referral,4.2,Closed
PPG-01107,Maun,Sedie Ward,Townhouse,Rental,Agent_Kabo,1,1,577,1418,27,0,1,0,3068571.428571428,17900.0,17900.0,17900.0,7.0,0.0,17900.0,0.0,2025-02-26,2025-03-02,4,1,Referral,4.3,Closed
PPG-01108,Gaborone,Mogoditshane,Commercial Office,Sale,Agent_Kabo,0,0,250,1880,4,0,0,0,3240000.0,3337000.0,3249000.0,0.0,0.0,2.99,162450.0,0.0,2024-12-22,2025-02-16,56,6,Referral,,Closed
PPG-01109,Gaborone,Broadhurst,Townhouse,Sale,Agent_Kabo,2,1,443,1635,21,0,0,1,1446000.0,1328000.0,1410000.0,0.0,0.0,-8.16,70500.0,5900.0,2024-10-18,2025-01-20,94,10,Referral,3.6,Closed
PPG-01110,Gaborone,CBD,Apartment,Rental,Agent_Neo,2,1,67,1962,34,0,0,1,1731428.5714285714,10100.0,10100.0,10100.0,7.0,0.0,10100.0,0.0,2024-08-24,2024-09-03,10,3,Referral,3.2,Closed
PPG-01111,Maun,Matlapana,Plot,Sale,Agent_Gomolemo,0,0,0,1838,25,0,0,1,140000.0,140000.0,140000.0,0.0,0.0,0.0,7000.0,0.0,2024-05-17,2024-06-07,21,3,Walk-in,,Closed
PPG-01112,Francistown,Tati Siding,Apartment,Rental,Agent_Kabo,4,3,376,1504,23,0,0,1,959999.9999999999,5600.0,5600.0,5600.0,7.0,0.0,5600.0,0.0,2024-01-16,2024-02-12,27,6,Referral,3.5,Closed
PPG-01113,Gaborone,Broadhurst,Plot,Sale,Agent_Lesego,0,0,0,1500,8,0,0,1,296000.0,292000.0,288000.0,0.0,0.0,-1.35,14400.0,200.0,2024-06-03,2024-11-27,177,22,Cold Call,3.5,Closed
PPG-01114,Gaborone,Mogoditshane,Warehouse,Rental,Agent_Kabo,0,0,183,1218,14,0,1,0,5057142.857142856,29500.0,29500.0,29500.0,7.0,0.0,29500.0,0.0,2024-10-02,2024-10-25,23,4,Referral,,Closed
PPG-01115,Gaborone,Tlokweng,House,Sale,Agent_Lesego,3,2,423,320,20,1,1,0,1754000.0,1783000.0,1727000.0,0.0,0.0,1.65,86350.0,0.0,2024-09-24,2025-01-28,126,13,Cold Call,4.5,Closed
PPG-01116,Gaborone,Mogoditshane,House,Sale,Agent_Neo,3,2,389,1734,34,0,0,0,1333000.0,1335000.0,1273000.0,0.0,0.0,0.15,63650.0,0.0,2024-08-28,2024-10-17,50,9,Cold Call,3.9,Closed
PPG-01117,Gaborone,Block 9,Retail Space,Sale,Agent_Neo,0,0,229,996,29,0,0,0,1983000.0,2034000.0,1979000.0,0.0,0.0,2.57,98950.0,0.0,2024-06-24,2024-09-21,89,13,Agent Network,3.3,Closed
PPG-01118,Gaborone,Phakalane,Warehouse,Rental,Agent_Neo,0,0,467,1287,8,0,0,0,7148571.428571428,41700.0,41700.0,41700.0,7.0,0.0,41700.0,0.0,2024-08-09,2024-09-21,43,9,Online Listing,4.6,Closed
PPG-01119,Francistown,Somerset,Commercial Office,Sale,Agent_Mpho,0,0,247,1017,0,0,0,0,3015000.0,3112000.0,2874000.0,0.0,0.0,3.22,143700.0,0.0,2024-09-14,2024-11-06,53,5,Walk-in,3.3,Closed
PPG-01120,Gaborone,Broadhurst,Townhouse,Rental,Agent_Kabo,5,4,239,1516,0,0,0,0,1937142.857142857,11300.0,11300.0,11300.0,7.0,0.0,11300.0,0.0,2025-03-30,2025-04-04,5,3,Referral,3.5,Closed
PPG-01121,Francistown,Monarch,Commercial Office,Rental,Agent_Lesego,0,0,258,679,4,0,1,1,2879999.9999999995,16800.0,16800.0,16800.0,7.0,0.0,16800.0,0.0,2024-08-25,2024-10-06,42,4,Walk-in,3.2,Closed
PPG-01122,Gaborone,Broadhurst,Townhouse,Sale,Agent_Gomolemo,5,4,241,575,10,0,1,1,1089000.0,1088000.0,1027000.0,0.0,0.0,-0.09,51350.0,50.0,2025-02-13,2025-05-02,78,7,Agent Network,4.5,Closed
PPG-01123,Gaborone,Riverwalk,Plot,Sale,Agent_Gomolemo,0,0,0,1100,18,0,0,1,372000.0,360000.0,371000.0,0.0,0.0,-3.23,18550.0,600.0,2024-05-30,2024-08-02,64,7,Walk-in,4.8,Closed
PPG-01124,Francistown,Monarch,House,Rental,Agent_Boago,3,2,155,1191,19,1,1,1,2382857.1428571427,13900.0,13900.0,13900.0,7.0,0.0,13900.0,0.0,2024-10-21,2024-10-31,10,4,Referral,,Closed
PPG-01125,Francistown,Tati Siding,Commercial Office,Rental,Agent_Lesego,0,0,490,1840,2,0,1,0,8674285.714285713,50600.0,50600.0,50600.0,7.0,0.0,50600.0,0.0,2024-10-26,2024-11-09,14,1,Cold Call,4.8,Closed
PPG-01126,Gaborone,Riverwalk,Townhouse,Rental,Agent_Gomolemo,1,1,583,1427,28,1,1,0,2365714.2857142854,13800.0,13800.0,13800.0,7.0,0.0,13800.0,0.0,2024-07-12,2024-07-26,14,6,Online Listing,,Closed
PPG-01127,Gaborone,Phase 2,Commercial Office,Rental,Agent_Mpho,0,0,375,846,17,0,1,0,4268571.428571428,24900.0,24900.0,24900.0,7.0,0.0,24900.0,0.0,2024-12-19,2025-01-18,30,4,Online Listing,3.8,Closed
PPG-01128,Francistown,Tati Siding,Commercial Office,Sale,Agent_Gomolemo,0,0,229,1035,18,0,0,1,2413000.0,2416000.0,2392000.0,0.0,0.0,0.12,119600.0,0.0,2024-09-29,2024-10-22,23,2,Walk-in,3.5,Closed
PPG-01129,Francistown,Gerald Estate,Plot,Sale,Agent_Boago,0,0,0,657,5,0,0,1,191000.0,191000.0,191000.0,0.0,0.0,0.0,9550.0,0.0,2024-11-24,2025-05-01,158,15,Cold Call,3.1,Closed
PPG-01130,Gaborone,Riverwalk,Commercial Office,Rental,Agent_Kabo,0,0,497,402,19,0,1,0,5742857.142857143,33500.0,33500.0,33500.0,7.0,0.0,33500.0,0.0,2024-04-06,2024-04-27,21,5,Referral,4.8,Closed
PPG-01131,Francistown,Gerald Estate,Apartment,Sale,Agent_Tshepho,4,3,444,468,34,0,0,0,778000.0,796000.0,772000.0,0.0,0.0,2.31,38600.0,0.0,2025-02-17,,148,16,Walk-in,4.8,Active
PPG-01132,Gaborone,Extension 14,Townhouse,Sale,Agent_Gomolemo,1,1,212,1227,30,0,1,0,532000.0,523000.0,509000.0,0.0,0.0,-1.69,25450.0,450.0,2025-02-25,2025-06-21,116,13,Walk-in,3.5,Closed
PPG-01133,Gaborone,Riverwalk,Townhouse,Sale,Agent_Tshepho,2,1,87,1111,30,0,0,1,339000.0,348000.0,339000.0,0.0,0.0,2.65,16950.0,0.0,2024-10-14,2024-11-10,27,2,Cold Call,3.9,Closed
PPG-01134,Maun,Sedie Ward,Plot,Sale,Agent_Lesego,0,0,0,1328,21,0,0,0,100000.0,97000.0,99000.0,0.0,0.0,-3.0,4950.0,150.0,2025-05-30,,130,13,Agent Network,3.6,Active
PPG-01135,Maun,Boseja,Retail Space,Rental,Agent_Kabo,0,0,201,584,7,0,0,1,5725714.285714285,33400.0,33400.0,33400.0,7.0,0.0,33400.0,0.0,2025-03-08,2025-03-15,7,3,Cold Call,3.9,Closed
PPG-01136,Francistown,Tati Siding,Apartment,Sale,Agent_Mpho,1,1,471,1862,10,0,0,0,645000.0,595000.0,634000.0,0.0,0.0,-7.75,31700.0,2500.0,2024-06-12,2024-11-26,167,19,Referral,4.9,Closed
PPG-01137,Gaborone,Broadhurst,Plot,Sale,Agent_Kabo,0,0,0,1810,0,0,0,0,330000.0,330000.0,330000.0,0.0,0.0,0.0,16500.0,0.0,2024-11-11,2025-04-23,163,17,Online Listing,3.6,Closed
PPG-01138,Gaborone,Broadhurst,Warehouse,Sale,Agent_Boago,0,0,149,1681,15,0,0,1,2330000.0,2274000.0,2252000.0,0.0,0.0,-2.4,112600.0,2800.0,2024-07-02,2024-07-25,23,4,Cold Call,3.9,Closed
PPG-01139,Gaborone,Block 9,Townhouse,Sale,Agent_Neo,3,2,297,1449,32,0,1,0,876000.0,799000.0,852000.0,0.0,0.0,-8.79,42600.0,3850.0,2024-01-06,2024-06-19,165,21,Online Listing,,Closed
PPG-01140,Gaborone,Block 9,Warehouse,Sale,Agent_Neo,0,0,165,1077,16,0,0,0,2384000.0,2222000.0,2320000.0,0.0,0.0,-6.8,116000.0,8100.0,2024-06-08,2024-12-01,176,20,Walk-in,3.4,Closed
PPG-01141,Maun,Sedie Ward,Commercial Office,Sale,Agent_Kabo,0,0,525,626,25,0,1,1,6018000.0,5859000.0,5935000.0,0.0,0.0,-2.64,296750.0,7950.0,2024-01-20,2024-05-23,124,16,Referral,4.2,Closed
PPG-01142,Francistown,Somerset,Warehouse,Rental,Agent_Boago,0,0,342,481,4,0,1,1,13062857.142857142,76200.0,76200.0,76200.0,7.0,0.0,76200.0,0.0,2024-04-25,2024-06-05,41,4,Agent Network,,Closed
PPG-01143,Francistown,Tati Siding,Plot,Sale,Agent_Mpho,0,0,0,1441,2,0,0,0,161000.0,150000.0,161000.0,0.0,0.0,-6.83,8050.0,550.0,2024-09-27,2025-01-11,106,14,Online Listing,4.3,Closed
PPG-01144,Maun,Boseja,Townhouse,Rental,Agent_Neo,1,1,143,665,0,0,1,0,2434285.714285714,14200.0,14200.0,14200.0,7.0,0.0,14200.0,0.0,2024-11-01,2024-11-14,13,2,Online Listing,3.0,Closed
PPG-01145,Gaborone,Mogoditshane,Apartment,Rental,Agent_Tshepho,2,1,69,674,35,0,0,0,1731428.5714285714,10100.0,10100.0,10100.0,7.0,0.0,10100.0,0.0,2025-02-18,2025-02-24,6,4,Referral,4.5,Closed
PPG-01146,Gaborone,Mogoditshane,Retail Space,Sale,Agent_Lesego,0,0,444,951,8,0,0,0,4230000.0,4342000.0,4210000.0,0.0,0.0,2.65,210500.0,0.0,2024-10-12,2025-04-10,180,19,Walk-in,4.7,Closed
PPG-01147,Francistown,Somerset,House,Rental,Agent_Lesego,4,3,314,1360,23,0,0,0,4285714.285714285,25000.0,25000.0,25000.0,7.0,0.0,25000.0,0.0,2024-05-10,2024-05-27,17,1,Agent Network,4.6,Closed
PPG-01148,Maun,Sedie Ward,Commercial Office,Rental,Agent_Tshepho,0,0,135,564,23,0,0,0,6308571.428571428,36800.0,36800.0,36800.0,7.0,0.0,36800.0,0.0,2024-06-27,2024-07-08,11,3,Walk-in,,Closed
PPG-01149,Maun,Boseja,Apartment,Rental,Agent_Mpho,5,4,191,322,24,0,0,0,977142.857142857,5700.0,5700.0,5700.0,7.0,0.0,5700.0,0.0,2025-04-09,2025-05-18,39,6,Cold Call,,Closed
PPG-01150,Francistown,Tati Siding,Commercial Office,Sale,Agent_Neo,0,0,313,741,20,0,0,0,3479000.0,3235000.0,3344000.0,0.0,0.0,-7.01,167200.0,12200.0,2024-09-09,2024-12-27,109,14,Walk-in,4.6,Closed
PPG-01151,Maun,Matlapana,House,Sale,Agent_Lesego,5,4,600,1827,12,0,0,1,1493000.0,1428000.0,1445000.0,0.0,0.0,-4.35,72250.0,3250.0,2024-03-09,2024-06-02,85,8,Referral,4.5,Closed
PPG-01152,Maun,Matlapana,Apartment,Sale,Agent_Lesego,1,1,269,1357,31,0,0,1,261000.0,249000.0,251000.0,0.0,0.0,-4.6,12550.0,600.0,2024-05-18,2024-08-08,82,10,Walk-in,4.4,Closed
PPG-01153,Gaborone,Phakalane,Commercial Office,Sale,Agent_Mpho,0,0,404,775,1,0,0,0,4951000.0,5030000.0,4851000.0,0.0,0.0,1.6,242550.0,0.0,2024-02-04,2024-07-26,173,20,Online Listing,4.8,Closed
PPG-01154,Gaborone,Riverwalk,Warehouse,Sale,Agent_Lesego,0,0,62,1218,26,0,1,0,808000.0,829000.0,807000.0,0.0,0.0,2.6,40350.0,0.0,2024-11-13,2025-01-22,70,10,Online Listing,,Closed
PPG-01155,Maun,Matlapana,Townhouse,Sale,Agent_Mpho,2,1,553,1652,20,0,1,1,822000.0,773000.0,817000.0,0.0,0.0,-5.96,40850.0,2450.0,2024-07-02,2024-07-25,23,6,Online Listing,4.2,Closed
PPG-01156,Maun,Matlapana,Commercial Office,Rental,Agent_Mpho,0,0,258,730,29,0,1,1,3994285.714285714,23300.0,23300.0,23300.0,7.0,0.0,23300.0,0.0,2024-10-27,2024-11-18,22,5,Online Listing,,Closed
PPG-01157,Maun,Matlapana,Retail Space,Rental,Agent_Lesego,0,0,501,352,28,0,0,0,6959999.999999999,40600.0,40600.0,40600.0,7.0,0.0,40600.0,0.0,2024-08-18,2024-09-10,23,2,Walk-in,3.9,Closed
PPG-01158,Francistown,Monarch,Retail Space,Sale,Agent_Gomolemo,0,0,542,1589,2,0,0,0,5917000.0,5845000.0,5673000.0,0.0,0.0,-1.22,283650.0,3600.0,2025-01-27,2025-03-24,56,5,Online Listing,3.1,Closed
PPG-01159,Francistown,Monarch,Townhouse,Sale,Agent_Lesego,1,1,388,1225,16,0,0,1,687000.0,680000.0,674000.0,0.0,0.0,-1.02,33700.0,350.0,2024-01-13,2024-04-08,86,10,Online Listing,,Closed
PPG-01160,Francistown,Monarch,Retail Space,Sale,Agent_Mpho,0,0,242,466,34,0,1,1,2001000.0,2025000.0,1937000.0,0.0,0.0,1.2,96850.0,0.0,2024-10-12,2025-03-28,167,21,Walk-in,4.1,Closed
PPG-01161,Gaborone,CBD,Townhouse,Rental,Agent_Mpho,1,1,451,878,27,0,1,1,1645714.2857142854,9600.0,9600.0,9600.0,7.0,0.0,9600.0,0.0,2025-03-03,2025-03-14,11,1,Referral,4.2,Closed
PPG-01162,Francistown,Gerald Estate,Townhouse,Sale,Agent_Gomolemo,5,4,579,409,27,0,1,0,1437000.0,1450000.0,1405000.0,0.0,0.0,0.9,70250.0,0.0,2024-10-15,2024-12-17,63,6,Walk-in,,Closed
PPG-01163,Gaborone,CBD,Plot,Sale,Agent_Kabo,0,0,0,986,34,0,0,1,376000.0,334000.0,361000.0,0.0,0.0,-11.17,18050.0,2100.0,2025-04-10,,320,32,Referral,4.2,Active
PPG-01164,Francistown,Monarch,Plot,Sale,Agent_Tshepho,0,0,0,1044,17,0,0,1,188000.0,188000.0,188000.0,0.0,0.0,0.0,9400.0,0.0,2024-02-28,2024-07-20,143,19,Referral,3.2,Closed
PPG-01165,Gaborone,Phase 2,Plot,Sale,Agent_Boago,0,0,0,1985,21,0,0,0,320000.0,312000.0,317000.0,0.0,0.0,-2.5,15850.0,400.0,2025-01-19,2025-01-26,7,1,Online Listing,3.3,Closed
PPG-01166,Francistown,Monarch,Warehouse,Rental,Agent_Neo,0,0,76,565,23,0,1,0,8039999.999999999,46900.0,46900.0,46900.0,7.0,0.0,46900.0,0.0,2024-08-09,2024-09-05,27,5,Cold Call,,Closed
PPG-01167,Gaborone,CBD,Apartment,Rental,Agent_Kabo,4,3,304,1188,0,0,0,1,1062857.1428571427,6200.0,6200.0,6200.0,7.0,0.0,6200.0,0.0,2024-03-30,2024-05-13,44,6,Agent Network,4.2,Closed
PPG-01168,Maun,Matlapana,House,Sale,Agent_Gomolemo,5,4,104,1513,7,0,1,0,297000.0,296000.0,287000.0,0.0,0.0,-0.34,14350.0,50.0,2025-04-23,,159,16,Online Listing,4.1,Active
PPG-01169,Gaborone,CBD,House,Rental,Agent_Kabo,1,1,196,1249,22,0,0,0,3291428.571428571,19200.0,19200.0,19200.0,7.0,0.0,19200.0,0.0,2024-09-20,2024-10-10,20,3,Cold Call,,Closed
PPG-01170,Francistown,Gerald Estate,Warehouse,Rental,Agent_Lesego,0,0,290,1352,5,0,1,1,9205714.285714285,53700.0,53700.0,53700.0,7.0,0.0,53700.0,0.0,2025-02-02,2025-02-27,25,6,Online Listing,,Closed
PPG-01171,Francistown,Gerald Estate,Plot,Sale,Agent_Tshepho,0,0,0,643,23,0,0,1,168000.0,163000.0,168000.0,0.0,0.0,-2.98,8400.0,250.0,2024-11-13,2025-04-07,145,14,Agent Network,3.6,Closed
PPG-01172,Maun,Matlapana,Retail Space,Rental,Agent_Tshepho,0,0,76,568,12,0,1,0,4131428.571428571,24100.0,24100.0,24100.0,7.0,0.0,24100.0,0.0,2025-01-08,2025-01-12,4,2,Walk-in,4.4,Closed
PPG-01173,Gaborone,Riverwalk,Apartment,Sale,Agent_Boago,4,3,568,1956,6,0,0,1,2514000.0,2396000.0,2417000.0,0.0,0.0,-4.69,120850.0,5900.0,2024-09-28,2024-10-19,21,4,Agent Network,3.7,Closed
PPG-01174,Gaborone,Block 9,Warehouse,Sale,Agent_Tshepho,0,0,386,1780,29,0,1,0,4601000.0,4573000.0,4455000.0,0.0,0.0,-0.61,222750.0,1400.0,2024-08-07,2024-12-01,116,14,Online Listing,4.1,Closed
PPG-01175,Gaborone,Block 9,Warehouse,Rental,Agent_Neo,0,0,330,1584,35,0,1,0,3497142.857142857,20400.0,20400.0,20400.0,7.0,0.0,20400.0,0.0,2025-04-24,2025-04-30,6,1,Referral,4.4,Closed
PPG-01176,Francistown,Monarch,Commercial Office,Sale,Agent_Lesego,0,0,66,1950,6,0,0,1,822000.0,796000.0,818000.0,0.0,0.0,-3.16,40900.0,1300.0,2024-05-16,2024-07-15,60,9,Cold Call,,Closed
PPG-01177,Gaborone,Mogoditshane,Retail Space,Sale,Agent_Neo,0,0,389,791,10,0,0,0,3996000.0,3702000.0,4017000.0,0.0,0.0,-7.36,200850.0,14700.0,2024-06-12,2024-09-24,104,15,Online Listing,,Closed
PPG-01178,Gaborone,Broadhurst,Warehouse,Sale,Agent_Mpho,0,0,156,814,0,0,1,0,2483000.0,2438000.0,2425000.0,0.0,0.0,-1.81,121250.0,2250.0,2024-01-10,2024-07-07,179,19,Agent Network,4.7,Closed
PPG-01179,Francistown,Gerald Estate,Warehouse,Sale,Agent_Lesego,0,0,458,417,28,0,1,0,6017000.0,5849000.0,5760000.0,0.0,0.0,-2.79,288000.0,8400.0,2024-06-07,2024-07-31,54,10,Agent Network,3.3,Closed
PPG-01180,Gaborone,Riverwalk,Plot,Sale,Agent_Tshepho,0,0,0,747,13,0,0,0,413000.0,413000.0,413000.0,0.0,0.0,0.0,20650.0,0.0,2024-02-04,2024-05-22,108,12,Agent Network,3.1,Closed
PPG-01181,Francistown,Monarch,Apartment,Rental,Agent_Neo,1,1,303,1075,2,0,0,1,1337142.857142857,7800.0,7800.0,7800.0,7.0,0.0,7800.0,0.0,2025-05-30,2025-06-21,22,7,Referral,,Closed
PPG-01182,Maun,Matlapana,Warehouse,Rental,Agent_Tshepho,0,0,114,570,31,0,1,0,12359999.999999998,72100.0,72100.0,72100.0,7.0,0.0,72100.0,0.0,2025-04-29,2025-05-25,26,3,Cold Call,3.8,Closed
PPG-01183,Francistown,Monarch,Retail Space,Sale,Agent_Tshepho,0,0,74,381,15,0,0,1,705000.0,724000.0,699000.0,0.0,0.0,2.7,34950.0,0.0,2024-10-16,2025-03-18,153,17,Agent Network,4.0,Closed
PPG-01184,Maun,Matlapana,House,Sale,Agent_Neo,5,4,556,1833,34,0,0,0,1105000.0,1104000.0,1106000.0,0.0,0.0,-0.09,55300.0,50.0,2024-07-31,2024-09-12,43,7,Agent Network,,Closed
PPG-01185,Gaborone,Mogoditshane,Warehouse,Rental,Agent_Mpho,0,0,450,507,8,0,1,0,9445714.285714285,55100.0,55100.0,55100.0,7.0,0.0,55100.0,0.0,2024-03-17,2024-05-01,45,6,Walk-in,4.1,Closed
PPG-01186,Francistown,Somerset,Townhouse,Sale,Agent_Kabo,1,1,246,1702,28,0,0,0,387000.0,400000.0,388000.0,0.0,0.0,3.36,19400.0,0.0,2024-06-14,2024-09-16,94,14,Agent Network,4.0,Closed
PPG-01187,Francistown,Monarch,Retail Space,Sale,Agent_Neo,0,0,191,719,28,0,1,0,1614000.0,1587000.0,1600000.0,0.0,0.0,-1.67,80000.0,1350.0,2024-09-18,2025-02-19,154,18,Online Listing,4.5,Closed
PPG-01188,Maun,Sedie Ward,Commercial Office,Rental,Agent_Gomolemo,0,0,460,350,20,0,1,0,7388571.428571428,43100.0,43100.0,43100.0,7.0,0.0,43100.0,0.0,2025-01-31,2025-02-15,15,2,Cold Call,4.7,Closed
PPG-01189,Francistown,Somerset,Apartment,Sale,Agent_Tshepho,1,1,120,1475,9,0,0,0,184000.0,188000.0,177000.0,0.0,0.0,2.17,8850.0,0.0,2025-05-26,,177,20,Cold Call,4.5,Active
PPG-01190,Francistown,Tati Siding,Townhouse,Sale,Agent_Kabo,3,2,541,1182,17,1,1,0,1061000.0,1076000.0,1024000.0,0.0,0.0,1.41,51200.0,0.0,2024-11-28,2025-01-01,34,4,Referral,4.7,Closed
PPG-01191,Francistown,Monarch,Retail Space,Rental,Agent_Neo,0,0,363,310,9,0,0,0,3205714.2857142854,18700.0,18700.0,18700.0,7.0,0.0,18700.0,0.0,2025-02-20,2025-03-29,37,3,Agent Network,3.5,Closed
PPG-01192,Francistown,Tati Siding,Retail Space,Sale,Agent_Kabo,0,0,523,340,15,0,1,1,5272000.0,5365000.0,5078000.0,0.0,0.0,1.76,253900.0,0.0,2024-02-19,2024-07-13,145,19,Cold Call,3.1,Closed
PPG-01193,Maun,Boseja,Warehouse,Sale,Agent_Kabo,0,0,335,1668,0,0,0,0,4988000.0,4904000.0,4784000.0,0.0,0.0,-1.68,239200.0,4200.0,2024-06-05,2024-11-01,149,14,Online Listing,,Closed
PPG-01194,Francistown,Gerald Estate,Commercial Office,Rental,Agent_Kabo,0,0,385,386,29,0,1,0,5485714.285714285,32000.0,32000.0,32000.0,7.0,0.0,32000.0,0.0,2025-05-18,2025-06-09,22,2,Cold Call,4.0,Closed
PPG-01195,Maun,Matlapana,Commercial Office,Sale,Agent_Lesego,0,0,404,1497,35,0,1,0,3896000.0,3806000.0,3687000.0,0.0,0.0,-2.31,184350.0,4500.0,2024-05-23,2024-08-23,92,11,Cold Call,4.7,Closed
PPG-01196,Francistown,Somerset,Retail Space,Sale,Agent_Lesego,0,0,101,765,6,0,0,0,1003000.0,989000.0,1006000.0,0.0,0.0,-1.4,50300.0,700.0,2024-09-30,2025-02-17,140,15,Referral,,Closed
PPG-01197,Maun,Sedie Ward,Apartment,Rental,Agent_Gomolemo,5,4,465,1726,32,0,0,0,1285714.2857142857,7500.0,7500.0,7500.0,7.0,0.0,7500.0,0.0,2025-03-06,2025-03-19,13,6,Referral,3.3,Closed
PPG-01198,Francistown,Monarch,Warehouse,Rental,Agent_Boago,0,0,445,1767,17,0,1,0,8365714.2857142845,48800.0,48800.0,48800.0,7.0,0.0,48800.0,0.0,2024-08-02,2024-08-11,9,1,Agent Network,3.8,Closed
PPG-01199,Gaborone,Broadhurst,Warehouse,Sale,Agent_Boago,0,0,440,488,33,0,0,0,4934000.0,5035000.0,4781000.0,0.0,0.0,2.05,239050.0,0.0,2024-01-24,2024-05-17,114,12,Referral,,Closed
PPG-01200,Maun,Matlapana,Apartment,Rental,Agent_Boago,1,1,521,1579,32,0,0,0,891428.5714285714,5200.0,5200.0,5200.0,7.0,0.0,5200.0,0.0,2024-06-04,2024-06-17,13,4,Referral,4.1,Closed
PPG-01201,Gaborone,CBD,Townhouse,Rental,Agent_Gomolemo,5,4,518,413,35,0,1,0,1817142.857142857,10600.0,10600.0,10600.0,7.0,0.0,10600.0,0.0,2024-09-22,2024-09-29,7,3,Agent Network,3.6,Closed
PPG-01202,Maun,Sedie Ward,House,Sale,Agent_Gomolemo,4,3,275,1247,32,1,0,1,548000.0,544000.0,536000.0,0.0,0.0,-0.73,26800.0,200.0,2024-09-26,2025-02-20,147,17,Cold Call,4.1,Closed
PPG-01203,Gaborone,Phakalane,Warehouse,Rental,Agent_Tshepho,0,0,141,609,15,0,0,0,5279999.999999999,30800.0,30800.0,30800.0,7.0,0.0,30800.0,0.0,2024-01-29,2024-03-12,43,9,Online Listing,,Closed
PPG-01204,Maun,Matlapana,Apartment,Rental,Agent_Neo,1,1,583,1870,8,0,0,0,891428.5714285714,5200.0,5200.0,5200.0,7.0,0.0,5200.0,0.0,2025-05-15,2025-05-18,3,3,Agent Network,4.7,Closed
PPG-01205,Maun,Matlapana,Retail Space,Sale,Agent_Kabo,0,0,525,1500,8,0,1,0,5443000.0,4923000.0,5283000.0,0.0,0.0,-9.55,264150.0,26000.0,2024-11-07,,282,29,Walk-in,3.1,Active
PPG-01206,Francistown,Gerald Estate,Plot,Sale,Agent_Neo,0,0,0,1362,14,0,0,0,188000.0,188000.0,188000.0,0.0,0.0,0.0,9400.0,0.0,2024-12-28,2025-04-28,121,15,Walk-in,4.5,Closed
PPG-01207,Gaborone,Broadhurst,House,Rental,Agent_Lesego,3,2,103,1695,20,0,0,1,3239999.9999999995,18900.0,18900.0,18900.0,7.0,0.0,18900.0,0.0,2025-05-04,2025-06-15,42,9,Cold Call,3.4,Closed
PPG-01208,Francistown,Gerald Estate,Townhouse,Rental,Agent_Kabo,3,2,581,1400,13,1,1,1,2879999.9999999995,16800.0,16800.0,16800.0,7.0,0.0,16800.0,0.0,2024-02-22,2024-04-06,44,5,Walk-in,5.0,Closed
PPG-01209,Francistown,Monarch,Apartment,Rental,Agent_Tshepho,1,1,392,1585,25,0,0,0,2057142.857142857,12000.0,12000.0,12000.0,7.0,0.0,12000.0,0.0,2024-03-17,2024-03-22,5,5,Cold Call,4.7,Closed
PPG-01210,Maun,Boseja,Commercial Office,Sale,Agent_Kabo,0,0,297,1608,19,0,0,0,3076000.0,2975000.0,3068000.0,0.0,0.0,-3.28,153400.0,5050.0,2025-03-09,,116,11,Online Listing,,Active
PPG-01211,Gaborone,Mogoditshane,Commercial Office,Rental,Agent_Lesego,0,0,283,1853,31,0,1,1,3497142.857142857,20400.0,20400.0,20400.0,7.0,0.0,20400.0,0.0,2025-05-25,2025-06-20,26,7,Agent Network,4.2,Closed
PPG-01212,Maun,Sedie Ward,Apartment,Rental,Agent_Boago,2,1,166,1342,25,0,0,0,2057142.857142857,12000.0,12000.0,12000.0,7.0,0.0,12000.0,0.0,2024-08-01,2024-08-06,5,4,Referral,3.7,Closed
PPG-01213,Francistown,Gerald Estate,Warehouse,Sale,Agent_Mpho,0,0,292,658,19,0,1,0,4276000.0,4112000.0,4159000.0,0.0,0.0,-3.84,207950.0,8200.0,2024-07-31,2024-10-22,83,11,Online Listing,4.4,Closed
PPG-01214,Francistown,Somerset,Warehouse,Rental,Agent_Kabo,0,0,425,1415,18,0,0,0,8434285.714285713,49200.0,49200.0,49200.0,7.0,0.0,49200.0,0.0,2024-04-27,2024-05-27,30,6,Walk-in,,Closed
PPG-01215,Gaborone,Mogoditshane,Apartment,Sale,Agent_Kabo,4,3,133,1622,18,0,0,0,276000.0,280000.0,275000.0,0.0,0.0,1.45,13750.0,0.0,2024-07-27,2024-12-05,131,15,Agent Network,,Closed
PPG-01216,Gaborone,Mogoditshane,Commercial Office,Rental,Agent_Tshepho,0,0,307,712,1,0,0,0,9154285.714285713,53400.0,53400.0,53400.0,7.0,0.0,53400.0,0.0,2024-12-22,2024-12-26,4,5,Cold Call,3.8,Closed
PPG-01217,Gaborone,Tlokweng,Commercial Office,Rental,Agent_Mpho,0,0,446,1226,29,0,1,0,10199999.999999998,59500.0,59500.0,59500.0,7.0,0.0,59500.0,0.0,2025-02-27,2025-03-29,30,3,Walk-in,,Closed
PPG-01218,Francistown,Tati Siding,Apartment,Sale,Agent_Lesego,1,1,197,1924,8,0,0,1,272000.0,273000.0,266000.0,0.0,0.0,0.37,13300.0,0.0,2025-03-07,,131,17,Online Listing,3.2,Active
PPG-01219,Francistown,Monarch,Townhouse,Rental,Agent_Mpho,3,2,473,546,17,0,0,1,2657142.857142857,15500.0,15500.0,15500.0,7.0,0.0,15500.0,0.0,2024-12-24,2024-12-31,7,2,Agent Network,4.8,Closed
PPG-01220,Francistown,Gerald Estate,Apartment,Rental,Agent_Gomolemo,1,1,172,1425,24,0,0,1,2022857.1428571427,11800.0,11800.0,11800.0,7.0,0.0,11800.0,0.0,2025-01-23,2025-02-08,16,5,Walk-in,4.5,Closed
PPG-01221,Maun,Sedie Ward,Plot,Sale,Agent_Neo,0,0,0,1029,10,0,0,0,115000.0,115000.0,115000.0,0.0,0.0,0.0,5750.0,0.0,2025-03-25,,103,10,Online Listing,,Active
PPG-01222,Gaborone,Phakalane,Apartment,Rental,Agent_Gomolemo,1,1,243,1821,21,0,0,1,1988571.4285714284,11600.0,11600.0,11600.0,7.0,0.0,11600.0,0.0,2024-08-01,2024-08-21,20,7,Online Listing,,Closed
PPG-01223,Maun,Boseja,Plot,Sale,Agent_Mpho,0,0,0,1392,34,0,0,1,85000.0,81000.0,80000.0,0.0,0.0,-4.71,4000.0,200.0,2025-05-08,,81,9,Cold Call,,Active
PPG-01224,Gaborone,Tlokweng,Townhouse,Rental,Agent_Boago,5,4,589,1255,20,1,1,0,1748571.4285714284,10200.0,10200.0,10200.0,7.0,0.0,10200.0,0.0,2024-11-25,2024-12-16,21,5,Referral,3.9,Closed
PPG-01225,Gaborone,Extension 14,Apartment,Rental,Agent_Kabo,5,4,112,422,6,0,0,0,1679999.9999999998,9800.0,9800.0,9800.0,7.0,0.0,9800.0,0.0,2024-09-06,2024-09-14,8,1,Online Listing,3.6,Closed
PPG-01226,Gaborone,Phase 2,Apartment,Rental,Agent_Tshepho,5,4,482,649,6,0,0,0,874285.7142857142,5100.0,5100.0,5100.0,7.0,0.0,5100.0,0.0,2024-03-20,2024-04-27,38,3,Agent Network,,Closed
PPG-01227,Maun,Boseja,Warehouse,Rental,Agent_Neo,0,0,493,916,8,0,1,0,3977142.857142857,23200.0,23200.0,23200.0,7.0,0.0,23200.0,0.0,2024-01-03,2024-01-15,12,5,Agent Network,3.5,Closed
PPG-01228,Maun,Matlapana,Townhouse,Sale,Agent_Lesego,2,1,72,1127,2,1,1,1,134000.0,137000.0,127000.0,0.0,0.0,2.24,6350.0,0.0,2024-10-22,2024-11-22,31,5,Walk-in,3.1,Closed
PPG-01229,Francistown,Tati Siding,House,Rental,Agent_Kabo,1,1,322,954,9,1,0,0,3977142.857142857,23200.0,23200.0,23200.0,7.0,0.0,23200.0,0.0,2024-07-29,2024-09-03,36,4,Referral,,Closed
PPG-01230,Gaborone,Phase 2,House,Rental,Agent_Kabo,2,1,193,677,11,1,1,0,1645714.2857142854,9600.0,9600.0,9600.0,7.0,0.0,9600.0,0.0,2024-02-17,2024-02-24,7,1,Walk-in,,Closed
PPG-01231,Francistown,Somerset,Apartment,Sale,Agent_Neo,2,1,293,1614,11,0,0,1,508000.0,506000.0,502000.0,0.0,0.0,-0.39,25100.0,100.0,2024-12-07,2025-01-15,39,5,Referral,,Closed
PPG-01232,Francistown,Gerald Estate,Retail Space,Rental,Agent_Gomolemo,0,0,513,1176,0,0,1,0,4491428.571428571,26200.0,26200.0,26200.0,7.0,0.0,26200.0,0.0,2024-07-16,2024-08-05,20,7,Referral,,Closed
PPG-01233,Maun,Boseja,Apartment,Rental,Agent_Tshepho,4,3,308,866,35,0,0,0,1405714.2857142857,8200.0,8200.0,8200.0,7.0,0.0,8200.0,0.0,2025-04-28,2025-05-15,17,4,Online Listing,3.2,Closed
PPG-01234,Maun,Matlapana,Plot,Sale,Agent_Tshepho,0,0,0,1967,21,0,0,0,119000.0,119000.0,119000.0,0.0,0.0,0.0,5950.0,0.0,2025-05-14,,106,12,Referral,4.7,Active
PPG-01235,Maun,Matlapana,Commercial Office,Rental,Agent_Tshepho,0,0,367,515,17,0,1,0,4268571.428571428,24900.0,24900.0,24900.0,7.0,0.0,24900.0,0.0,2025-02-18,2025-03-30,40,5,Online Listing,,Closed
PPG-01236,Francistown,Gerald Estate,Retail Space,Rental,Agent_Tshepho,0,0,385,1665,14,0,1,0,6017142.857142856,35100.0,35100.0,35100.0,7.0,0.0,35100.0,0.0,2025-02-21,2025-03-04,11,5,Cold Call,4.5,Closed
PPG-01237,Gaborone,Phase 2,Apartment,Rental,Agent_Boago,4,3,214,909,6,0,0,1,977142.857142857,5700.0,5700.0,5700.0,7.0,0.0,5700.0,0.0,2025-04-13,2025-05-27,44,5,Agent Network,4.1,Closed
PPG-01238,Gaborone,Block 9,Townhouse,Rental,Agent_Mpho,4,3,396,1324,27,1,0,0,1388571.4285714284,8100.0,8100.0,8100.0,7.0,0.0,8100.0,0.0,2024-05-30,2024-06-20,21,5,Cold Call,3.5,Closed
PPG-01239,Maun,Sedie Ward,Retail Space,Sale,Agent_Boago,0,0,485,496,22,0,0,0,4196000.0,3916000.0,4181000.0,0.0,0.0,-6.67,209050.0,14000.0,2025-04-30,2025-06-26,57,10,Agent Network,,Closed
PPG-01240,Gaborone,Tlokweng,Townhouse,Rental,Agent_Neo,4,3,79,1438,8,0,1,1,1439999.9999999998,8400.0,8400.0,8400.0,7.0,0.0,8400.0,0.0,2024-05-05,2024-05-26,21,3,Agent Network,3.6,Closed
PPG-01241,Francistown,Tati Siding,Apartment,Rental,Agent_Lesego,2,1,228,1095,18,0,0,1,1474285.714285714,8600.0,8600.0,8600.0,7.0,0.0,8600.0,0.0,2024-07-14,2024-08-24,41,7,Walk-in,,Closed
PPG-01242,Maun,Sedie Ward,Warehouse,Sale,Agent_Lesego,0,0,280,1109,16,0,1,0,4384000.0,4473000.0,4260000.0,0.0,0.0,2.03,213000.0,0.0,2024-01-27,2024-05-18,112,12,Cold Call,,Closed
PPG-01243,Gaborone,Tlokweng,House,Rental,Agent_Kabo,1,1,233,1016,1,1,0,1,3119999.9999999995,18200.0,18200.0,18200.0,7.0,0.0,18200.0,0.0,2024-02-04,2024-02-12,8,1,Referral,,Closed
PPG-01244,Francistown,Somerset,Plot,Sale,Agent_Boago,0,0,0,1287,13,0,0,0,186000.0,186000.0,186000.0,0.0,0.0,0.0,9300.0,0.0,2024-04-12,2024-06-30,79,11,Walk-in,4.4,Closed
PPG-01245,Gaborone,Phakalane,House,Rental,Agent_Gomolemo,4,3,281,377,4,0,0,1,2537142.857142857,14800.0,14800.0,14800.0,7.0,0.0,14800.0,0.0,2024-10-16,2024-11-25,40,9,Cold Call,4.5,Closed
PPG-01246,Gaborone,Phase 2,Warehouse,Sale,Agent_Mpho,0,0,214,1384,35,0,0,0,2534000.0,2610000.0,2434000.0,0.0,0.0,3.0,121700.0,0.0,2024-05-04,2024-07-01,58,9,Online Listing,4.9,Closed
PPG-01247,Francistown,Gerald Estate,Apartment,Sale,Agent_Kabo,3,2,262,452,27,0,0,1,432000.0,452000.0,408000.0,0.0,0.0,4.63,20400.0,0.0,2025-05-07,2025-06-08,32,6,Walk-in,,Closed
PPG-01248,Gaborone,Tlokweng,Commercial Office,Rental,Agent_Boago,0,0,76,577,19,0,0,0,2605714.2857142854,15200.0,15200.0,15200.0,7.0,0.0,15200.0,0.0,2024-03-31,2024-04-21,21,2,Walk-in,,Closed
PPG-01249,Maun,Boseja,Retail Space,Rental,Agent_Boago,0,0,384,579,31,0,0,1,7319999.999999999,42700.0,42700.0,42700.0,7.0,0.0,42700.0,0.0,2024-08-06,2024-09-05,30,7,Agent Network,3.8,Closed
PPG-01250,Francistown,Somerset,Commercial Office,Sale,Agent_Kabo,0,0,141,376,31,0,1,0,1413000.0,1334000.0,1333000.0,0.0,0.0,-5.59,66650.0,3950.0,2024-08-31,2024-10-19,49,6,Referral,,Closed
PPG-01251,Maun,Sedie Ward,Plot,Sale,Agent_Boago,0,0,0,1095,4,0,0,0,107000.0,103000.0,102000.0,0.0,0.0,-3.74,5100.0,200.0,2025-01-07,2025-03-27,79,12,Agent Network,4.9,Closed
PPG-01252,Francistown,Gerald Estate,Commercial Office,Rental,Agent_Neo,0,0,496,1099,18,0,1,0,7182857.142857142,41900.0,41900.0,41900.0,7.0,0.0,41900.0,0.0,2024-02-29,2024-03-04,4,1,Online Listing,4.3,Closed
PPG-01253,Maun,Boseja,Plot,Sale,Agent_Tshepho,0,0,0,1658,25,0,0,1,117000.0,117000.0,117000.0,0.0,0.0,0.0,5850.0,0.0,2025-05-31,,82,9,Referral,4.4,Active
PPG-01254,Francistown,Somerset,Plot,Sale,Agent_Tshepho,0,0,0,1857,23,0,0,0,147000.0,143000.0,139000.0,0.0,0.0,-2.72,6950.0,200.0,2024-08-15,2024-08-23,8,4,Agent Network,4.9,Closed
PPG-01255,Gaborone,Phase 2,House,Rental,Agent_Gomolemo,1,1,65,307,26,0,0,0,4251428.571428571,24800.0,24800.0,24800.0,7.0,0.0,24800.0,0.0,2024-04-12,2024-05-16,34,7,Referral,,Closed
PPG-01256,Francistown,Tati Siding,Apartment,Sale,Agent_Mpho,1,1,419,1923,10,0,0,1,519000.0,488000.0,495000.0,0.0,0.0,-5.97,24750.0,1550.0,2024-10-31,2024-11-18,18,1,Walk-in,4.1,Closed
PPG-01257,Francistown,Monarch,Apartment,Sale,Agent_Lesego,1,1,312,1010,1,0,0,0,529000.0,544000.0,502000.0,0.0,0.0,2.84,25100.0,0.0,2024-01-08,2024-05-05,118,11,Online Listing,4.9,Closed
PPG-01258,Francistown,Tati Siding,Commercial Office,Rental,Agent_Kabo,0,0,596,792,1,0,1,0,9137142.857142856,53300.0,53300.0,53300.0,7.0,0.0,53300.0,0.0,2024-01-25,2024-02-16,22,6,Walk-in,,Closed
PPG-01259,Maun,Boseja,Apartment,Sale,Agent_Lesego,5,4,400,1854,8,0,0,0,566000.0,553000.0,557000.0,0.0,0.0,-2.3,27850.0,650.0,2024-02-07,2024-03-29,51,10,Walk-in,4.1,Closed
PPG-01260,Maun,Matlapana,House,Sale,Agent_Tshepho,3,2,569,1445,1,0,1,0,1501000.0,1512000.0,1506000.0,0.0,0.0,0.73,75300.0,0.0,2025-02-16,,159,15,Cold Call,3.7,Active
PPG-01261,Francistown,Gerald Estate,Plot,Sale,Agent_Gomolemo,0,0,0,1513,19,0,0,0,181000.0,181000.0,181000.0,0.0,0.0,0.0,9050.0,0.0,2024-10-11,2024-12-04,54,10,Cold Call,,Closed
PPG-01262,Francistown,Tati Siding,Commercial Office,Sale,Agent_Boago,0,0,365,1035,9,0,1,0,4353000.0,4265000.0,4227000.0,0.0,0.0,-2.02,211350.0,4400.0,2024-02-14,2024-03-13,28,4,Agent Network,,Closed
PPG-01263,Francistown,Monarch,Apartment,Sale,Agent_Tshepho,3,2,119,586,22,0,0,1,177000.0,178000.0,170000.0,0.0,0.0,0.56,8500.0,0.0,2025-05-25,,53,5,Online Listing,4.4,Active
PPG-01264,Gaborone,Mogoditshane,Townhouse,Sale,Agent_Mpho,3,2,584,309,2,0,1,1,1730000.0,1643000.0,1729000.0,0.0,0.0,-5.03,86450.0,4350.0,2024-01-30,2024-06-14,136,17,Agent Network,3.0,Closed
PPG-01265,Francistown,Somerset,Townhouse,Sale,Agent_Tshepho,2,1,278,753,9,0,1,0,615000.0,616000.0,590000.0,0.0,0.0,0.16,29500.0,0.0,2024-05-23,2024-10-31,161,19,Agent Network,,Closed
PPG-01266,Maun,Sedie Ward,Commercial Office,Rental,Agent_Kabo,0,0,221,503,31,0,1,1,3634285.714285714,21200.0,21200.0,21200.0,7.0,0.0,21200.0,0.0,2024-05-14,2024-05-18,4,1,Online Listing,4.1,Closed
PPG-01267,Gaborone,Tlokweng,Townhouse,Sale,Agent_Boago,5,4,240,1131,24,0,1,0,754000.0,771000.0,735000.0,0.0,0.0,2.25,36750.0,0.0,2024-11-05,2025-03-28,143,14,Online Listing,,Closed
PPG-01268,Gaborone,CBD,House,Sale,Agent_Boago,1,1,305,1616,15,1,0,0,1083000.0,1048000.0,1029000.0,0.0,0.0,-3.23,51450.0,1750.0,2024-12-14,2025-03-27,103,15,Online Listing,4.0,Closed
PPG-01269,Francistown,Gerald Estate,Commercial Office,Sale,Agent_Lesego,0,0,520,1486,9,0,1,1,6743000.0,6498000.0,6771000.0,0.0,0.0,-3.63,338550.0,12250.0,2024-03-18,2024-06-05,79,10,Online Listing,,Closed
PPG-01270,Maun,Boseja,Retail Space,Rental,Agent_Mpho,0,0,73,1902,7,0,0,0,4045714.2857142854,23600.0,23600.0,23600.0,7.0,0.0,23600.0,0.0,2024-04-16,2024-04-24,8,3,Agent Network,3.8,Closed
PPG-01271,Francistown,Gerald Estate,House,Sale,Agent_Lesego,4,3,488,437,8,1,0,0,1998000.0,1909000.0,1913000.0,0.0,0.0,-4.45,95650.0,4450.0,2024-04-26,2024-08-11,107,15,Agent Network,4.9,Closed
PPG-01272,Gaborone,CBD,Warehouse,Rental,Agent_Gomolemo,0,0,497,718,21,0,1,1,10457142.857142856,61000.0,61000.0,61000.0,7.0,0.0,61000.0,0.0,2024-05-06,2024-06-12,37,7,Online Listing,,Closed
PPG-01273,Gaborone,CBD,Retail Space,Rental,Agent_Boago,0,0,584,1052,26,0,1,0,2519999.9999999995,14700.0,14700.0,14700.0,7.0,0.0,14700.0,0.0,2024-06-04,2024-07-15,41,5,Online Listing,,Closed
PPG-01274,Gaborone,Broadhurst,Plot,Sale,Agent_Gomolemo,0,0,0,1882,15,0,0,0,312000.0,312000.0,312000.0,0.0,0.0,0.0,15600.0,0.0,2024-06-01,2024-08-09,69,7,Walk-in,,Closed
PPG-01275,Francistown,Gerald Estate,Commercial Office,Rental,Agent_Boago,0,0,449,1554,13,0,1,0,10011428.57142857,58400.0,58400.0,58400.0,7.0,0.0,58400.0,0.0,2024-09-21,2024-09-30,9,5,Agent Network,4.6,Closed
PPG-01276,Francistown,Tati Siding,Townhouse,Sale,Agent_Neo,3,2,275,1372,8,1,1,1,653000.0,618000.0,654000.0,0.0,0.0,-5.36,32700.0,1750.0,2025-01-12,2025-02-19,38,4,Agent Network,3.6,Closed
PPG-01277,Francistown,Somerset,Retail Space,Rental,Agent_Mpho,0,0,434,1677,25,0,1,0,5519999.999999999,32200.0,32200.0,32200.0,7.0,0.0,32200.0,0.0,2025-02-24,2025-03-15,19,4,Cold Call,4.2,Closed
PPG-01278,Gaborone,Mogoditshane,Townhouse,Rental,Agent_Gomolemo,3,2,183,344,19,0,1,1,1971428.5714285711,11500.0,11500.0,11500.0,7.0,0.0,11500.0,0.0,2024-05-12,2024-06-20,39,5,Agent Network,4.9,Closed
PPG-01279,Gaborone,Mogoditshane,Retail Space,Sale,Agent_Boago,0,0,491,1868,8,0,0,0,4988000.0,4959000.0,4928000.0,0.0,0.0,-0.58,246400.0,1450.0,2024-10-02,2024-11-13,42,5,Walk-in,3.6,Closed
PPG-01280,Maun,Boseja,House,Sale,Agent_Mpho,2,1,359,1310,29,0,0,0,602000.0,554000.0,582000.0,0.0,0.0,-7.97,29100.0,2400.0,2024-10-25,2025-05-27,214,22,Walk-in,,Closed
PPG-01281,Maun,Sedie Ward,Apartment,Rental,Agent_Kabo,4,3,207,1885,15,0,0,1,1851428.5714285714,10800.0,10800.0,10800.0,7.0,0.0,10800.0,0.0,2024-06-08,2024-06-14,6,5,Cold Call,3.6,Closed
PPG-01282,Maun,Boseja,Plot,Sale,Agent_Tshepho,0,0,0,324,25,0,0,1,123000.0,123000.0,123000.0,0.0,0.0,0.0,6150.0,0.0,2024-05-23,2024-10-10,140,15,Agent Network,,Closed
PPG-01283,Gaborone,Mogoditshane,Retail Space,Sale,Agent_Gomolemo,0,0,87,1982,3,0,0,0,894000.0,873000.0,887000.0,0.0,0.0,-2.35,44350.0,1050.0,2025-03-09,,122,15,Cold Call,,Active
PPG-01284,Maun,Matlapana,Warehouse,Rental,Agent_Neo,0,0,570,1782,5,0,0,1,12188571.428571427,71100.0,71100.0,71100.0,7.0,0.0,71100.0,0.0,2024-09-16,2024-10-27,41,7,Online Listing,4.2,Closed
PPG-01285,Gaborone,Extension 14,Townhouse,Rental,Agent_Tshepho,5,4,113,532,12,1,0,0,1371428.5714285714,8000.0,8000.0,8000.0,7.0,0.0,8000.0,0.0,2024-08-08,2024-09-03,26,7,Walk-in,4.7,Closed
PPG-01286,Gaborone,Tlokweng,Townhouse,Rental,Agent_Lesego,1,1,546,1006,33,0,0,0,2211428.5714285714,12900.0,12900.0,12900.0,7.0,0.0,12900.0,0.0,2024-02-19,2024-03-06,16,6,Cold Call,4.3,Closed
PPG-01287,Maun,Sedie Ward,House,Rental,Agent_Lesego,1,1,122,877,3,0,1,0,3977142.857142857,23200.0,23200.0,23200.0,7.0,0.0,23200.0,0.0,2024-12-14,2024-12-21,7,2,Referral,,Closed
PPG-01288,Maun,Sedie Ward,House,Sale,Agent_Lesego,4,3,377,1238,20,0,1,1,823000.0,859000.0,805000.0,0.0,0.0,4.37,40250.0,0.0,2024-02-06,2024-03-07,30,3,Cold Call,,Closed
PPG-01289,Francistown,Monarch,Plot,Sale,Agent_Neo,0,0,0,1290,6,0,0,0,161000.0,156000.0,161000.0,0.0,0.0,-3.11,8050.0,250.0,2025-01-29,2025-05-28,119,15,Online Listing,4.0,Closed
PPG-01290,Maun,Matlapana,Apartment,Sale,Agent_Tshepho,4,3,102,1773,20,0,0,0,126000.0,125000.0,122000.0,0.0,0.0,-0.79,6100.0,50.0,2024-06-02,2024-10-26,146,15,Online Listing,3.5,Closed
PPG-01291,Gaborone,Extension 14,Apartment,Sale,Agent_Lesego,4,3,469,1650,9,0,0,1,1753000.0,1673000.0,1715000.0,0.0,0.0,-4.56,85750.0,4000.0,2024-08-01,2024-08-09,8,1,Referral,,Closed
PPG-01292,Maun,Boseja,Apartment,Rental,Agent_Mpho,2,1,550,1844,24,0,0,0,1714285.714285714,10000.0,10000.0,10000.0,7.0,0.0,10000.0,0.0,2024-08-15,2024-09-03,19,1,Online Listing,4.6,Closed
PPG-01293,Maun,Matlapana,Apartment,Sale,Agent_Lesego,5,4,439,914,27,0,0,1,552000.0,535000.0,553000.0,0.0,0.0,-3.08,27650.0,850.0,2024-01-09,2024-06-27,170,18,Agent Network,4.4,Closed
PPG-01294,Gaborone,Riverwalk,Retail Space,Rental,Agent_Tshepho,0,0,526,1829,7,0,1,0,3719999.9999999995,21700.0,21700.0,21700.0,7.0,0.0,21700.0,0.0,2024-11-22,2024-12-03,11,6,Agent Network,3.8,Closed
PPG-01295,Gaborone,Phakalane,House,Sale,Agent_Tshepho,2,1,134,398,9,0,1,1,1133000.0,1123000.0,1100000.0,0.0,0.0,-0.88,55000.0,500.0,2025-04-25,2025-05-26,31,8,Cold Call,4.9,Closed
PPG-01296,Maun,Sedie Ward,Commercial Office,Rental,Agent_Boago,0,0,170,1070,23,0,0,0,8520000.0,49700.0,49700.0,49700.0,7.0,0.0,49700.0,0.0,2025-02-16,2025-03-20,32,5,Agent Network,,Closed
PPG-01297,Maun,Sedie Ward,Warehouse,Sale,Agent_Tshepho,0,0,259,888,17,0,1,0,3644000.0,3565000.0,3624000.0,0.0,0.0,-2.17,181200.0,3950.0,2024-07-24,2024-09-15,53,5,Referral,4.5,Closed
PPG-01298,Gaborone,Phakalane,Plot,Sale,Agent_Kabo,0,0,0,1719,18,0,0,0,427000.0,427000.0,427000.0,0.0,0.0,0.0,21350.0,0.0,2024-02-21,2024-03-28,36,6,Online Listing,4.2,Closed
PPG-01299,Gaborone,Block 9,House,Sale,Agent_Boago,1,1,130,1112,9,0,1,1,560000.0,558000.0,562000.0,0.0,0.0,-0.36,28100.0,100.0,2024-07-27,2024-09-28,63,8,Online Listing,4.4,Closed
PPG-01300,Francistown,Tati Siding,House,Sale,Agent_Neo,1,1,350,1468,25,0,1,1,700000.0,726000.0,666000.0,0.0,0.0,3.71,33300.0,0.0,2024-07-31,2024-08-30,30,8,Agent Network,,Closed
PPG-01301,Maun,Boseja,Plot,Sale,Agent_Lesego,0,0,0,1894,33,0,0,1,91000.0,92000.0,86000.0,0.0,0.0,1.1,4300.0,0.0,2024-02-05,2024-08-02,179,17,Referral,4.3,Closed
PPG-01302,Gaborone,Phase 2,Warehouse,Rental,Agent_Boago,0,0,77,954,5,0,0,0,6908571.428571428,40300.0,40300.0,40300.0,7.0,0.0,40300.0,0.0,2024-08-01,2024-08-13,12,1,Agent Network,4.3,Closed
PPG-01303,Maun,Matlapana,Warehouse,Sale,Agent_Boago,0,0,300,955,26,0,0,0,3729000.0,3491000.0,3519000.0,0.0,0.0,-6.38,175950.0,11900.0,2024-08-28,2024-10-02,35,3,Cold Call,4.6,Closed
PPG-01304,Francistown,Monarch,Apartment,Sale,Agent_Neo,3,2,345,432,21,0,0,0,584000.0,530000.0,567000.0,0.0,0.0,-9.25,28350.0,2700.0,2025-03-10,2025-04-18,39,6,Agent Network,,Closed
PPG-01305,Maun,Matlapana,Commercial Office,Sale,Agent_Gomolemo,0,0,203,580,27,0,1,1,2294000.0,2203000.0,2212000.0,0.0,0.0,-3.97,110600.0,4550.0,2024-08-13,2024-09-07,25,2,Walk-in,4.4,Closed
PPG-01306,Gaborone,Broadhurst,House,Rental,Agent_Gomolemo,4,3,267,1538,28,0,1,1,2999999.9999999995,17500.0,17500.0,17500.0,7.0,0.0,17500.0,0.0,2024-05-07,2024-05-29,22,7,Referral,3.5,Closed
PPG-01307,Francistown,Gerald Estate,Warehouse,Sale,Agent_Kabo,0,0,475,1963,31,0,1,0,5562000.0,5363000.0,5320000.0,0.0,0.0,-3.58,266000.0,9950.0,2025-01-01,2025-01-14,13,6,Walk-in,4.8,Closed
PPG-01308,Maun,Matlapana,Plot,Sale,Agent_Tshepho,0,0,0,1512,10,0,0,1,122000.0,123000.0,123000.0,0.0,0.0,0.82,6150.0,0.0,2024-11-28,2025-01-17,50,9,Referral,4.2,Closed
PPG-01309,Maun,Sedie Ward,Commercial Office,Rental,Agent_Kabo,0,0,358,1489,15,0,0,0,3394285.714285714,19800.0,19800.0,19800.0,7.0,0.0,19800.0,0.0,2024-11-27,2024-12-21,24,5,Cold Call,3.3,Closed
PPG-01310,Francistown,Tati Siding,Plot,Sale,Agent_Lesego,0,0,0,1424,12,0,0,0,137000.0,131000.0,133000.0,0.0,0.0,-4.38,6650.0,300.0,2025-01-31,2025-05-02,91,13,Agent Network,4.1,Closed
PPG-01311,Gaborone,Block 9,Retail Space,Rental,Agent_Tshepho,0,0,155,1394,34,0,1,0,6822857.142857142,39800.0,39800.0,39800.0,7.0,0.0,39800.0,0.0,2024-11-11,2024-12-17,36,3,Agent Network,,Closed
PPG-01312,Maun,Boseja,Retail Space,Sale,Agent_Kabo,0,0,248,836,17,0,0,0,2258000.0,2159000.0,2245000.0,0.0,0.0,-4.38,112250.0,4950.0,2024-07-19,2024-07-30,11,1,Walk-in,3.3,Closed
PPG-01313,Maun,Matlapana,House,Rental,Agent_Boago,1,1,565,863,10,0,0,0,3239999.9999999995,18900.0,18900.0,18900.0,7.0,0.0,18900.0,0.0,2024-12-18,2024-12-30,12,2,Referral,,Closed
PPG-01314,Gaborone,CBD,Commercial Office,Sale,Agent_Mpho,0,0,76,1087,10,0,0,1,965000.0,890000.0,916000.0,0.0,0.0,-7.77,45800.0,3750.0,2025-04-07,,134,13,Online Listing,3.7,Active
PPG-01315,Maun,Matlapana,Retail Space,Rental,Agent_Boago,0,0,372,1100,23,0,0,0,7199999.999999999,42000.0,42000.0,42000.0,7.0,0.0,42000.0,0.0,2024-09-18,2024-09-24,6,4,Agent Network,4.6,Closed
PPG-01316,Francistown,Gerald Estate,Townhouse,Sale,Agent_Lesego,3,2,398,1783,4,0,0,0,1078000.0,1124000.0,1073000.0,0.0,0.0,4.27,53650.0,0.0,2024-08-22,2025-02-14,176,22,Online Listing,3.9,Closed
PPG-01317,Gaborone,CBD,Retail Space,Sale,Agent_Tshepho,0,0,504,1102,19,0,1,1,4440000.0,4432000.0,4223000.0,0.0,0.0,-0.18,211150.0,400.0,2025-02-22,,163,17,Cold Call,4.3,Active
PPG-01318,Francistown,Somerset,Retail Space,Rental,Agent_Boago,0,0,405,1396,2,0,1,0,6531428.571428571,38100.0,38100.0,38100.0,7.0,0.0,38100.0,0.0,2024-11-22,2024-11-28,6,5,Online Listing,,Closed
PPG-01319,Gaborone,Extension 14,Townhouse,Rental,Agent_Tshepho,2,1,68,404,29,1,1,0,2331428.5714285714,13600.0,13600.0,13600.0,7.0,0.0,13600.0,0.0,2024-07-19,2024-08-27,39,8,Walk-in,3.5,Closed
PPG-01320,Maun,Boseja,Apartment,Rental,Agent_Gomolemo,3,2,413,1665,0,0,0,1,2280000.0,13300.0,13300.0,13300.0,7.0,0.0,13300.0,0.0,2024-03-05,2024-04-03,29,4,Referral,3.7,Closed
PPG-01321,Francistown,Monarch,Warehouse,Sale,Agent_Mpho,0,0,367,1003,1,0,0,0,5447000.0,5160000.0,5381000.0,0.0,0.0,-5.27,269050.0,14350.0,2024-08-17,2025-03-12,207,21,Online Listing,,Closed
PPG-01322,Maun,Sedie Ward,House,Sale,Agent_Kabo,2,1,421,1479,1,0,0,0,803000.0,770000.0,761000.0,0.0,0.0,-4.11,38050.0,1650.0,2024-02-22,2024-07-12,141,17,Online Listing,,Closed
PPG-01323,Gaborone,Extension 14,Warehouse,Rental,Agent_Boago,0,0,416,899,21,0,0,1,11211428.57142857,65400.0,65400.0,65400.0,7.0,0.0,65400.0,0.0,2024-02-11,2024-03-23,41,8,Walk-in,,Closed
PPG-01324,Gaborone,Tlokweng,Plot,Sale,Agent_Boago,0,0,0,1004,22,0,0,1,290000.0,290000.0,290000.0,0.0,0.0,0.0,14500.0,0.0,2025-04-09,2025-04-24,15,2,Agent Network,4.1,Closed
PPG-01325,Gaborone,CBD,Plot,Sale,Agent_Mpho,0,0,0,1205,16,0,0,1,485000.0,451000.0,481000.0,0.0,0.0,-7.01,24050.0,1700.0,2025-03-11,,124,15,Referral,,Active
PPG-01326,Francistown,Monarch,Commercial Office,Rental,Agent_Gomolemo,0,0,461,627,0,0,0,0,5845714.285714285,34100.0,34100.0,34100.0,7.0,0.0,34100.0,0.0,2024-08-27,2024-09-04,8,3,Cold Call,,Closed
PPG-01327,Gaborone,Block 9,House,Rental,Agent_Tshepho,1,1,378,987,2,0,0,0,2948571.428571428,17200.0,17200.0,17200.0,7.0,0.0,17200.0,0.0,2024-05-08,2024-06-06,29,3,Agent Network,3.2,Closed
PPG-01328,Gaborone,Broadhurst,Townhouse,Sale,Agent_Gomolemo,5,4,99,931,32,0,0,0,344000.0,334000.0,328000.0,0.0,0.0,-2.91,16400.0,500.0,2024-08-31,2024-10-04,34,5,Referral,,Closed
PPG-01329,Francistown,Gerald Estate,Plot,Sale,Agent_Tshepho,0,0,0,678,4,0,0,1,193000.0,193000.0,193000.0,0.0,0.0,0.0,9650.0,0.0,2024-01-25,2024-04-14,80,9,Online Listing,4.0,Closed
PPG-01330,Maun,Matlapana,Warehouse,Sale,Agent_Lesego,0,0,506,1559,23,0,1,0,7296000.0,7416000.0,6866000.0,0.0,0.0,1.64,343300.0,0.0,2024-05-30,2024-11-02,156,20,Walk-in,4.2,Closed
PPG-01331,Francistown,Gerald Estate,Retail Space,Rental,Agent_Kabo,0,0,278,631,32,0,1,0,5931428.571428571,34600.0,34600.0,34600.0,7.0,0.0,34600.0,0.0,2024-03-26,2024-04-01,6,3,Cold Call,,Closed
PPG-01332,Maun,Matlapana,Apartment,Sale,Agent_Kabo,4,3,137,1911,20,0,0,0,179000.0,171000.0,174000.0,0.0,0.0,-4.47,8700.0,400.0,2024-10-26,2025-01-29,95,14,Cold Call,4.5,Closed
PPG-01333,Francistown,Somerset,House,Rental,Agent_Lesego,3,2,112,321,11,1,0,1,3719999.9999999995,21700.0,21700.0,21700.0,7.0,0.0,21700.0,0.0,2024-09-06,2024-10-14,38,7,Agent Network,4.8,Closed
PPG-01334,Maun,Boseja,Warehouse,Sale,Agent_Lesego,0,0,234,1517,20,0,1,0,3217000.0,3144000.0,3179000.0,0.0,0.0,-2.27,158950.0,3650.0,2024-12-22,2025-03-15,83,12,Walk-in,3.3,Closed
PPG-01335,Francistown,Monarch,House,Sale,Agent_Kabo,5,4,195,1214,11,1,0,1,707000.0,656000.0,673000.0,0.0,0.0,-7.21,33650.0,2550.0,2024-08-29,2024-10-30,62,11,Cold Call,,Closed
PPG-01336,Maun,Matlapana,Retail Space,Rental,Agent_Boago,0,0,595,548,26,0,1,0,3394285.714285714,19800.0,19800.0,19800.0,7.0,0.0,19800.0,0.0,2024-03-29,2024-05-12,44,5,Agent Network,4.2,Closed
PPG-01337,Francistown,Gerald Estate,Warehouse,Rental,Agent_Tshepho,0,0,553,677,2,0,1,1,4251428.571428571,24800.0,24800.0,24800.0,7.0,0.0,24800.0,0.0,2024-04-12,2024-04-18,6,1,Agent Network,3.9,Closed
PPG-01338,Francistown,Gerald Estate,Retail Space,Sale,Agent_Gomolemo,0,0,388,513,11,0,1,1,3894000.0,3851000.0,3915000.0,0.0,0.0,-1.1,195750.0,2150.0,2025-03-06,,162,17,Agent Network,3.7,Active
PPG-01339,Francistown,Monarch,Commercial Office,Rental,Agent_Mpho,0,0,498,1320,5,0,1,0,7851428.571428571,45800.0,45800.0,45800.0,7.0,0.0,45800.0,0.0,2024-04-29,2024-06-03,35,6,Cold Call,4.7,Closed
PPG-01340,Gaborone,Block 9,Plot,Sale,Agent_Kabo,0,0,0,1819,25,0,0,0,228000.0,231000.0,228000.0,0.0,0.0,1.32,11400.0,0.0,2025-05-04,,80,9,Walk-in,3.4,Active
PPG-01341,Maun,Sedie Ward,Retail Space,Rental,Agent_Lesego,0,0,130,918,19,0,0,0,3051428.5714285714,17800.0,17800.0,17800.0,7.0,0.0,17800.0,0.0,2025-03-10,2025-03-26,16,1,Referral,,Closed
PPG-01342,Maun,Matlapana,House,Rental,Agent_Gomolemo,4,3,159,1701,19,1,0,1,2228571.428571428,13000.0,13000.0,13000.0,7.0,0.0,13000.0,0.0,2024-08-20,2024-08-30,10,4,Cold Call,4.5,Closed
PPG-01343,Gaborone,CBD,Townhouse,Sale,Agent_Tshepho,3,2,457,941,24,0,0,0,1670000.0,1698000.0,1627000.0,0.0,0.0,1.68,81350.0,0.0,2024-08-21,2024-12-08,109,15,Referral,4.5,Closed
PPG-01344,Maun,Matlapana,Warehouse,Sale,Agent_Mpho,0,0,231,1288,3,0,1,0,3620000.0,3445000.0,3446000.0,0.0,0.0,-4.83,172300.0,8750.0,2024-06-09,2024-08-26,78,7,Agent Network,3.0,Closed
PPG-01345,Maun,Matlapana,Plot,Sale,Agent_Boago,0,0,0,1635,3,0,0,0,129000.0,129000.0,129000.0,0.0,0.0,0.0,6450.0,0.0,2025-04-03,,141,19,Cold Call,4.5,Active
PPG-01346,Maun,Boseja,Retail Space,Rental,Agent_Neo,0,0,351,1491,28,0,0,1,2965714.2857142854,17300.0,17300.0,17300.0,7.0,0.0,17300.0,0.0,2024-05-18,2024-05-27,9,1,Agent Network,,Closed
PPG-01347,Maun,Boseja,Retail Space,Rental,Agent_Lesego,0,0,424,1358,6,0,0,0,2639999.9999999995,15400.0,15400.0,15400.0,7.0,0.0,15400.0,0.0,2024-01-10,2024-02-09,30,6,Walk-in,,Closed
PPG-01348,Maun,Sedie Ward,Townhouse,Sale,Agent_Tshepho,1,1,477,709,6,1,1,0,714000.0,710000.0,696000.0,0.0,0.0,-0.56,34800.0,200.0,2024-03-13,2024-04-11,29,3,Cold Call,4.4,Closed
PPG-01349,Maun,Sedie Ward,Commercial Office,Sale,Agent_Neo,0,0,461,1386,10,0,0,1,5205000.0,4842000.0,5034000.0,0.0,0.0,-6.97,251700.0,18150.0,2024-07-18,2025-02-02,199,19,Referral,4.7,Closed
PPG-01350,Francistown,Gerald Estate,Commercial Office,Sale,Agent_Kabo,0,0,377,1711,3,0,1,0,4861000.0,4897000.0,4865000.0,0.0,0.0,0.74,243250.0,0.0,2024-05-06,2024-06-21,46,6,Agent Network,3.4,Closed
PPG-01351,Maun,Matlapana,Apartment,Rental,Agent_Lesego,1,1,508,1956,17,0,0,1,1782857.1428571427,10400.0,10400.0,10400.0,7.0,0.0,10400.0,0.0,2024-07-07,2024-07-30,23,2,Cold Call,4.7,Closed
PPG-01352,Francistown,Tati Siding,Retail Space,Sale,Agent_Tshepho,0,0,168,1977,11,0,0,0,1490000.0,1469000.0,1458000.0,0.0,0.0,-1.41,72900.0,1050.0,2024-11-21,2025-01-26,66,8,Walk-in,4.6,Closed
PPG-01353,Maun,Matlapana,House,Rental,Agent_Gomolemo,5,4,469,1367,21,0,0,0,2622857.1428571427,15300.0,15300.0,15300.0,7.0,0.0,15300.0,0.0,2024-11-09,2024-12-05,26,6,Cold Call,4.3,Closed
PPG-01354,Maun,Matlapana,Commercial Office,Sale,Agent_Boago,0,0,170,1243,30,0,0,0,1571000.0,1497000.0,1528000.0,0.0,0.0,-4.71,76400.0,3700.0,2025-03-15,,122,15,Walk-in,3.2,Active
PPG-01355,Maun,Matlapana,Warehouse,Sale,Agent_Lesego,0,0,244,925,8,0,0,0,3792000.0,3836000.0,3674000.0,0.0,0.0,1.16,183700.0,0.0,2024-09-08,2024-11-01,54,8,Referral,4.8,Closed
PPG-01356,Gaborone,Extension 14,House,Rental,Agent_Boago,3,2,334,644,18,0,0,0,1817142.857142857,10600.0,10600.0,10600.0,7.0,0.0,10600.0,0.0,2024-02-01,2024-02-14,13,2,Online Listing,4.5,Closed
PPG-01357,Gaborone,Phase 2,Plot,Sale,Agent_Tshepho,0,0,0,1736,5,0,0,1,398000.0,398000.0,398000.0,0.0,0.0,0.0,19900.0,0.0,2025-03-12,,175,19,Walk-in,3.5,Active
PPG-01358,Maun,Sedie Ward,Townhouse,Rental,Agent_Kabo,4,3,419,694,34,0,1,1,1268571.4285714284,7400.0,7400.0,7400.0,7.0,0.0,7400.0,0.0,2024-11-14,2024-12-27,43,6,Referral,5.0,Closed
PPG-01359,Maun,Sedie Ward,Commercial Office,Sale,Agent_Kabo,0,0,454,455,4,0,1,1,5768000.0,5680000.0,5576000.0,0.0,0.0,-1.53,278800.0,4400.0,2025-01-25,2025-05-22,117,16,Cold Call,3.8,Closed
PPG-01360,Gaborone,Mogoditshane,Commercial Office,Sale,Agent_Lesego,0,0,297,1400,24,0,1,1,3382000.0,3468000.0,3367000.0,0.0,0.0,2.54,168350.0,0.0,2024-05-09,2024-07-26,78,9,Referral,,Closed
PPG-01361,Francistown,Somerset,Commercial Office,Sale,Agent_Boago,0,0,336,1139,12,0,1,1,4074000.0,4218000.0,3954000.0,0.0,0.0,3.53,197700.0,0.0,2024-09-17,2024-10-03,16,4,Cold Call,3.7,Closed
PPG-01362,Francistown,Somerset,Townhouse,Sale,Agent_Mpho,4,3,196,1435,21,0,1,1,505000.0,517000.0,497000.0,0.0,0.0,2.38,24850.0,0.0,2025-01-17,2025-06-28,162,19,Online Listing,4.7,Closed
PPG-01363,Gaborone,CBD,Retail Space,Rental,Agent_Neo,0,0,350,969,13,0,1,1,6925714.285714285,40400.0,40400.0,40400.0,7.0,0.0,40400.0,0.0,2025-02-18,2025-03-14,24,4,Walk-in,4.6,Closed
PPG-01364,Maun,Matlapana,House,Rental,Agent_Kabo,3,2,199,1427,32,0,1,1,2194285.714285714,12800.0,12800.0,12800.0,7.0,0.0,12800.0,0.0,2025-02-15,2025-04-01,45,8,Agent Network,3.9,Closed
PPG-01365,Maun,Sedie Ward,Commercial Office,Rental,Agent_Neo,0,0,527,333,26,0,0,0,9154285.714285713,53400.0,53400.0,53400.0,7.0,0.0,53400.0,0.0,2024-01-23,2024-02-22,30,3,Cold Call,,Closed
PPG-01366,Francistown,Tati Siding,House,Sale,Agent_Kabo,2,1,596,833,28,1,1,0,1352000.0,1357000.0,1307000.0,0.0,0.0,0.37,65350.0,0.0,2024-10-26,2025-01-07,73,12,Cold Call,3.4,Closed
PPG-01367,Maun,Matlapana,Townhouse,Rental,Agent_Neo,5,4,589,971,1,0,0,1,2639999.9999999995,15400.0,15400.0,15400.0,7.0,0.0,15400.0,0.0,2024-01-18,2024-03-02,44,7,Online Listing,4.4,Closed
PPG-01368,Gaborone,Riverwalk,Townhouse,Sale,Agent_Lesego,2,1,330,664,35,0,1,0,1321000.0,1271000.0,1305000.0,0.0,0.0,-3.79,65250.0,2500.0,2024-09-03,2025-01-25,144,19,Online Listing,3.9,Closed
PPG-01369,Gaborone,CBD,Retail Space,Rental,Agent_Gomolemo,0,0,586,1917,4,0,0,0,3462857.1428571427,20200.0,20200.0,20200.0,7.0,0.0,20200.0,0.0,2024-10-21,2024-11-29,39,8,Referral,4.1,Closed
PPG-01370,Gaborone,CBD,Apartment,Rental,Agent_Lesego,2,1,79,1774,5,0,0,1,977142.857142857,5700.0,5700.0,5700.0,7.0,0.0,5700.0,0.0,2024-05-24,2024-06-24,31,7,Cold Call,3.7,Closed
PPG-01371,Maun,Sedie Ward,Apartment,Rental,Agent_Kabo,5,4,437,601,31,0,0,0,1662857.1428571427,9700.0,9700.0,9700.0,7.0,0.0,9700.0,0.0,2025-05-01,2025-05-07,6,3,Referral,3.3,Closed
PPG-01372,Gaborone,CBD,Apartment,Rental,Agent_Lesego,3,2,276,1587,16,0,0,0,2057142.857142857,12000.0,12000.0,12000.0,7.0,0.0,12000.0,0.0,2025-01-21,2025-02-08,18,1,Referral,4.3,Closed
PPG-01373,Gaborone,Broadhurst,Apartment,Rental,Agent_Lesego,4,3,150,1276,3,0,0,0,1200000.0,7000.0,7000.0,7000.0,7.0,0.0,7000.0,0.0,2024-05-07,2024-06-07,31,5,Online Listing,3.9,Closed
PPG-01374,Francistown,Somerset,Warehouse,Sale,Agent_Tshepho,0,0,457,801,25,0,1,1,5800000.0,5837000.0,5766000.0,0.0,0.0,0.64,288300.0,0.0,2025-01-18,2025-06-30,163,21,Online Listing,,Closed
PPG-01375,Gaborone,Phase 2,Retail Space,Rental,Agent_Neo,0,0,201,1503,22,0,0,0,4662857.142857143,27200.0,27200.0,27200.0,7.0,0.0,27200.0,0.0,2024-09-16,2024-09-20,4,3,Referral,3.8,Closed
PPG-01376,Francistown,Gerald Estate,House,Sale,Agent_Lesego,1,1,551,1162,29,0,1,0,1267000.0,1263000.0,1261000.0,0.0,0.0,-0.32,63050.0,200.0,2024-02-17,2024-07-19,153,20,Online Listing,,Closed
PPG-01377,Francistown,Gerald Estate,Plot,Sale,Agent_Lesego,0,0,0,795,18,0,0,0,167000.0,164000.0,159000.0,0.0,0.0,-1.8,7950.0,150.0,2024-05-13,2024-09-02,112,11,Agent Network,4.8,Closed
PPG-01378,Maun,Matlapana,Retail Space,Rental,Agent_Kabo,0,0,537,359,5,0,1,0,6668571.428571428,38900.0,38900.0,38900.0,7.0,0.0,38900.0,0.0,2025-01-05,2025-02-03,29,2,Walk-in,4.5,Closed
PPG-01379,Maun,Sedie Ward,Commercial Office,Rental,Agent_Boago,0,0,381,464,5,0,1,0,5022857.142857143,29300.0,29300.0,29300.0,7.0,0.0,29300.0,0.0,2024-08-08,2024-09-08,31,6,Online Listing,3.6,Closed
PPG-01380,Francistown,Tati Siding,Plot,Sale,Agent_Tshepho,0,0,0,1345,26,0,0,0,126000.0,125000.0,126000.0,0.0,0.0,-0.79,6300.0,50.0,2024-01-17,2024-04-28,102,12,Referral,5.0,Closed
PPG-01381,Maun,Boseja,House,Sale,Agent_Neo,3,2,228,1736,14,0,1,1,515000.0,533000.0,499000.0,0.0,0.0,3.5,24950.0,0.0,2024-06-08,2024-07-02,24,2,Online Listing,3.4,Closed
PPG-01382,Gaborone,Extension 14,Plot,Sale,Agent_Tshepho,0,0,0,931,31,0,0,1,287000.0,286000.0,276000.0,0.0,0.0,-0.35,13800.0,50.0,2024-11-05,2024-12-14,39,4,Walk-in,3.5,Closed
PPG-01383,Gaborone,Phakalane,Warehouse,Sale,Agent_Gomolemo,0,0,291,1903,32,0,1,1,3651000.0,3758000.0,3559000.0,0.0,0.0,2.93,177950.0,0.0,2024-11-05,2024-12-06,31,3,Referral,4.8,Closed
PPG-01384,Gaborone,Extension 14,Warehouse,Sale,Agent_Mpho,0,0,204,1027,32,0,1,1,2806000.0,2689000.0,2709000.0,0.0,0.0,-4.17,135450.0,5850.0,2024-06-20,2024-07-27,37,7,Agent Network,3.7,Closed
PPG-01385,Maun,Sedie Ward,House,Rental,Agent_Gomolemo,1,1,234,1434,24,0,0,0,4200000.0,24500.0,24500.0,24500.0,7.0,0.0,24500.0,0.0,2024-04-23,2024-05-20,27,4,Agent Network,3.4,Closed
PPG-01386,Maun,Matlapana,Retail Space,Sale,Agent_Kabo,0,0,378,1390,5,0,1,0,3672000.0,3266000.0,3608000.0,0.0,0.0,-11.06,180400.0,20300.0,2024-06-26,2024-11-23,150,20,Walk-in,3.7,Closed
PPG-01387,Francistown,Somerset,Retail Space,Sale,Agent_Gomolemo,0,0,164,655,4,0,1,1,1899000.0,1957000.0,1832000.0,0.0,0.0,3.05,91600.0,0.0,2024-07-19,2024-08-08,20,4,Walk-in,,Closed
PPG-01388,Gaborone,Phakalane,Retail Space,Rental,Agent_Lesego,0,0,70,1221,28,0,1,0,2622857.1428571427,15300.0,15300.0,15300.0,7.0,0.0,15300.0,0.0,2024-02-18,2024-03-31,42,6,Agent Network,3.6,Closed
PPG-01389,Francistown,Gerald Estate,Plot,Sale,Agent_Tshepho,0,0,0,786,19,0,0,1,215000.0,215000.0,215000.0,0.0,0.0,0.0,10750.0,0.0,2024-05-02,2024-09-28,149,18,Referral,3.3,Closed
PPG-01390,Maun,Sedie Ward,Townhouse,Sale,Agent_Lesego,1,1,486,928,5,0,0,0,579000.0,593000.0,581000.0,0.0,0.0,2.42,29050.0,0.0,2024-05-15,2024-07-01,47,5,Online Listing,3.2,Closed
PPG-01391,Maun,Matlapana,Plot,Sale,Agent_Gomolemo,0,0,0,611,5,0,0,0,125000.0,130000.0,118000.0,0.0,0.0,4.0,5900.0,0.0,2024-07-17,2025-01-01,168,19,Online Listing,4.9,Closed
PPG-01392,Gaborone,Phakalane,House,Sale,Agent_Lesego,2,1,420,1308,8,0,0,0,3361000.0,3516000.0,3275000.0,0.0,0.0,4.61,163750.0,0.0,2024-05-11,2024-07-22,72,11,Referral,3.2,Closed
PPG-01393,Maun,Boseja,House,Rental,Agent_Lesego,2,1,105,978,32,0,0,1,4079999.9999999995,23800.0,23800.0,23800.0,7.0,0.0,23800.0,0.0,2025-02-13,2025-02-17,4,1,Agent Network,,Closed
PPG-01394,Gaborone,Mogoditshane,Retail Space,Sale,Agent_Gomolemo,0,0,328,326,26,0,0,0,2896000.0,2914000.0,2774000.0,0.0,0.0,0.62,138700.0,0.0,2024-03-26,2024-09-11,169,21,Cold Call,3.7,Closed
PPG-01395,Francistown,Gerald Estate,Apartment,Sale,Agent_Kabo,4,3,397,1584,22,0,0,0,682000.0,660000.0,688000.0,0.0,0.0,-3.23,34400.0,1100.0,2024-08-31,2024-09-25,25,5,Referral,3.1,Closed
PPG-01396,Maun,Matlapana,Apartment,Sale,Agent_Gomolemo,1,1,160,1937,12,0,0,0,157000.0,158000.0,148000.0,0.0,0.0,0.64,7400.0,0.0,2024-01-18,2024-03-18,60,6,Online Listing,4.5,Closed
PPG-01397,Maun,Sedie Ward,Retail Space,Rental,Agent_Gomolemo,0,0,311,1447,10,0,0,0,3805714.2857142854,22200.0,22200.0,22200.0,7.0,0.0,22200.0,0.0,2024-05-04,2024-05-23,19,5,Agent Network,4.9,Closed
PPG-01398,Gaborone,Phase 2,Plot,Sale,Agent_Mpho,0,0,0,1505,22,0,0,0,336000.0,318000.0,327000.0,0.0,0.0,-5.36,16350.0,900.0,2024-09-18,2025-05-02,226,27,Agent Network,4.5,Closed
PPG-01399,Francistown,Tati Siding,Warehouse,Sale,Agent_Boago,0,0,230,1052,34,0,0,0,2609000.0,2489000.0,2491000.0,0.0,0.0,-4.6,124550.0,6000.0,2025-03-23,,137,15,Cold Call,4.5,Active
PPG-01400,Maun,Boseja,Plot,Sale,Agent_Tshepho,0,0,0,1328,1,0,0,0,118000.0,118000.0,118000.0,0.0,0.0,0.0,5900.0,0.0,2024-11-27,2025-04-24,148,17,Referral,4.5,Closed
PPG-01401,Maun,Boseja,Retail Space,Rental,Agent_Neo,0,0,402,600,5,0,1,0,2519999.9999999995,14700.0,14700.0,14700.0,7.0,0.0,14700.0,0.0,2025-05-04,2025-05-27,23,7,Online Listing,3.7,Closed
PPG-01402,Maun,Matlapana,Commercial Office,Rental,Agent_Boago,0,0,341,1400,29,0,0,1,7868571.428571428,45900.0,45900.0,45900.0,7.0,0.0,45900.0,0.0,2024-10-25,2024-11-30,36,8,Agent Network,4.9,Closed
PPG-01403,Francistown,Tati Siding,Townhouse,Sale,Agent_Gomolemo,1,1,564,1169,16,0,1,0,944000.0,946000.0,916000.0,0.0,0.0,0.21,45800.0,0.0,2024-01-09,2024-01-28,19,2,Cold Call,4.0,Closed
PPG-01404,Gaborone,Phakalane,Retail Space,Rental,Agent_Kabo,0,0,256,377,5,0,0,1,4748571.428571428,27700.0,27700.0,27700.0,7.0,0.0,27700.0,0.0,2024-06-07,2024-06-21,14,2,Online Listing,,Closed
PPG-01405,Francistown,Somerset,Townhouse,Sale,Agent_Gomolemo,4,3,450,1140,35,1,0,0,984000.0,1007000.0,938000.0,0.0,0.0,2.34,46900.0,0.0,2024-11-03,2025-03-31,148,14,Walk-in,3.7,Closed
PPG-01406,Gaborone,Riverwalk,Warehouse,Rental,Agent_Mpho,0,0,599,1117,25,0,0,0,12977142.857142856,75700.0,75700.0,75700.0,7.0,0.0,75700.0,0.0,2024-11-30,2024-12-19,19,4,Online Listing,3.7,Closed
PPG-01407,Maun,Matlapana,Plot,Sale,Agent_Kabo,0,0,0,1292,17,0,0,0,138000.0,138000.0,138000.0,0.0,0.0,0.0,6900.0,0.0,2025-02-16,,169,19,Referral,,Active
PPG-01408,Maun,Boseja,Warehouse,Rental,Agent_Mpho,0,0,366,1578,4,0,1,0,10731428.57142857,62600.0,62600.0,62600.0,7.0,0.0,62600.0,0.0,2024-12-23,2025-01-21,29,7,Agent Network,4.4,Closed
PPG-01409,Maun,Boseja,Warehouse,Sale,Agent_Kabo,0,0,147,1031,20,0,0,0,2023000.0,2006000.0,1914000.0,0.0,0.0,-0.84,95700.0,850.0,2024-06-11,2024-09-24,105,13,Referral,,Closed
PPG-01410,Maun,Boseja,Plot,Sale,Agent_Tshepho,0,0,0,890,25,0,0,1,121000.0,121000.0,121000.0,0.0,0.0,0.0,6050.0,0.0,2024-01-23,2024-06-01,130,13,Online Listing,4.8,Closed
PPG-01411,Maun,Sedie Ward,House,Sale,Agent_Neo,4,3,554,1067,23,1,0,0,1112000.0,1019000.0,1059000.0,0.0,0.0,-8.36,52950.0,4650.0,2024-09-07,2025-04-26,231,28,Online Listing,3.5,Closed
PPG-01412,Francistown,Tati Siding,Townhouse,Rental,Agent_Tshepho,5,4,97,1285,1,0,1,0,2417142.857142857,14100.0,14100.0,14100.0,7.0,0.0,14100.0,0.0,2024-08-03,2024-09-15,43,5,Online Listing,3.9,Closed
PPG-01413,Francistown,Tati Siding,House,Rental,Agent_Lesego,5,4,238,588,0,0,1,0,3994285.714285714,23300.0,23300.0,23300.0,7.0,0.0,23300.0,0.0,2025-05-13,2025-06-10,28,4,Referral,3.7,Closed
PPG-01414,Francistown,Tati Siding,Plot,Sale,Agent_Kabo,0,0,0,1659,3,0,0,1,167000.0,165000.0,167000.0,0.0,0.0,-1.2,8350.0,100.0,2024-09-25,2025-02-16,144,15,Agent Network,,Closed
PPG-01415,Francistown,Tati Siding,Commercial Office,Rental,Agent_Lesego,0,0,320,512,14,0,1,0,8211428.571428571,47900.0,47900.0,47900.0,7.0,0.0,47900.0,0.0,2025-05-14,2025-06-05,22,5,Walk-in,4.8,Closed
PPG-01416,Francistown,Tati Siding,Apartment,Rental,Agent_Neo,2,1,303,596,34,0,0,1,1439999.9999999998,8400.0,8400.0,8400.0,7.0,0.0,8400.0,0.0,2024-01-19,2024-02-28,40,7,Online Listing,3.6,Closed
PPG-01417,Francistown,Gerald Estate,Commercial Office,Rental,Agent_Kabo,0,0,472,390,9,0,0,0,8537142.857142856,49800.0,49800.0,49800.0,7.0,0.0,49800.0,0.0,2024-09-25,2024-11-07,43,5,Walk-in,3.5,Closed
PPG-01418,Maun,Sedie Ward,Warehouse,Rental,Agent_Gomolemo,0,0,514,303,19,0,1,1,7542857.142857142,44000.0,44000.0,44000.0,7.0,0.0,44000.0,0.0,2025-03-31,2025-05-13,43,6,Walk-in,4.0,Closed
PPG-01419,Maun,Boseja,Warehouse,Sale,Agent_Gomolemo,0,0,357,554,35,0,1,1,4467000.0,4332000.0,4207000.0,0.0,0.0,-3.02,210350.0,6750.0,2025-02-01,2025-03-05,32,3,Walk-in,4.2,Closed
PPG-01420,Gaborone,Phakalane,Retail Space,Rental,Agent_Kabo,0,0,96,1084,29,0,0,0,5314285.714285714,31000.0,31000.0,31000.0,7.0,0.0,31000.0,0.0,2025-05-15,2025-06-21,37,8,Agent Network,4.9,Closed
PPG-01421,Francistown,Gerald Estate,Warehouse,Rental,Agent_Kabo,0,0,219,524,23,0,0,0,10268571.428571427,59900.0,59900.0,59900.0,7.0,0.0,59900.0,0.0,2025-03-10,2025-04-10,31,8,Agent Network,,Closed
PPG-01422,Gaborone,CBD,Plot,Sale,Agent_Mpho,0,0,0,1679,22,0,0,0,509000.0,509000.0,509000.0,0.0,0.0,0.0,25450.0,0.0,2024-02-16,2024-06-27,132,16,Walk-in,,Closed
PPG-01423,Maun,Sedie Ward,Apartment,Sale,Agent_Lesego,2,1,296,1940,22,0,0,0,292000.0,283000.0,281000.0,0.0,0.0,-3.08,14050.0,450.0,2024-08-20,2024-12-15,117,16,Agent Network,3.6,Closed
PPG-01424,Maun,Sedie Ward,Commercial Office,Rental,Agent_Tshepho,0,0,124,1722,17,0,1,1,8005714.2857142845,46700.0,46700.0,46700.0,7.0,0.0,46700.0,0.0,2024-01-12,2024-02-26,45,7,Walk-in,3.5,Closed
PPG-01425,Francistown,Tati Siding,Retail Space,Sale,Agent_Lesego,0,0,459,1988,1,0,1,0,4847000.0,4720000.0,4828000.0,0.0,0.0,-2.62,241400.0,6350.0,2024-05-24,2024-10-07,136,16,Cold Call,4.2,Closed
PPG-01426,Gaborone,Mogoditshane,Warehouse,Sale,Agent_Mpho,0,0,230,454,16,0,0,1,3499000.0,3254000.0,3496000.0,0.0,0.0,-7.0,174800.0,12250.0,2024-11-09,2025-05-19,191,22,Online Listing,4.3,Closed
PPG-01427,Francistown,Tati Siding,Townhouse,Sale,Agent_Boago,2,1,443,1705,20,0,0,1,693000.0,661000.0,661000.0,0.0,0.0,-4.62,33050.0,1600.0,2024-01-19,2024-04-21,93,9,Referral,,Closed
PPG-01428,Maun,Sedie Ward,Commercial Office,Sale,Agent_Kabo,0,0,515,1779,27,0,1,0,5280000.0,5452000.0,5060000.0,0.0,0.0,3.26,253000.0,0.0,2024-09-06,2024-11-02,57,7,Referral,,Closed
PPG-01429,Gaborone,Tlokweng,House,Rental,Agent_Mpho,2,1,272,1097,0,1,1,0,2519999.9999999995,14700.0,14700.0,14700.0,7.0,0.0,14700.0,0.0,2024-10-25,2024-11-26,32,3,Agent Network,3.0,Closed
PPG-01430,Francistown,Tati Siding,Plot,Sale,Agent_Kabo,0,0,0,1888,29,0,0,1,127000.0,120000.0,124000.0,0.0,0.0,-5.51,6200.0,350.0,2024-02-12,2024-06-11,120,15,Cold Call,4.3,Closed
PPG-01431,Gaborone,Extension 14,Plot,Sale,Agent_Gomolemo,0,0,0,391,14,0,0,0,319000.0,309000.0,314000.0,0.0,0.0,-3.13,15700.0,500.0,2025-02-14,2025-03-02,16,6,Online Listing,4.5,Closed
PPG-01432,Maun,Sedie Ward,House,Rental,Agent_Tshepho,5,4,93,1456,31,0,1,1,3737142.857142857,21800.0,21800.0,21800.0,7.0,0.0,21800.0,0.0,2024-04-27,2024-06-07,41,9,Agent Network,,Closed
PPG-01433,Maun,Matlapana,Warehouse,Rental,Agent_Gomolemo,0,0,162,684,25,0,0,1,7457142.857142856,43500.0,43500.0,43500.0,7.0,0.0,43500.0,0.0,2024-01-12,2024-02-13,32,4,Online Listing,,Closed
PPG-01434,Francistown,Somerset,House,Sale,Agent_Neo,4,3,201,1899,21,0,1,1,641000.0,629000.0,603000.0,0.0,0.0,-1.87,30150.0,600.0,2024-08-25,2024-10-21,57,9,Online Listing,,Closed
PPG-01435,Maun,Boseja,Apartment,Sale,Agent_Boago,1,1,478,1041,28,0,0,1,437000.0,443000.0,415000.0,0.0,0.0,1.37,20750.0,0.0,2024-06-15,2024-07-12,27,2,Online Listing,4.5,Closed
PPG-01436,Gaborone,Extension 14,Apartment,Sale,Agent_Mpho,5,4,398,1052,32,0,0,0,1193000.0,1180000.0,1199000.0,0.0,0.0,-1.09,59950.0,650.0,2024-03-24,2024-08-02,131,14,Walk-in,,Closed
PPG-01437,Francistown,Tati Siding,House,Rental,Agent_Neo,1,1,192,819,24,1,1,1,2948571.428571428,17200.0,17200.0,17200.0,7.0,0.0,17200.0,0.0,2024-08-25,2024-10-07,43,8,Cold Call,3.5,Closed
PPG-01438,Francistown,Gerald Estate,House,Rental,Agent_Gomolemo,4,3,528,1251,27,0,1,1,2280000.0,13300.0,13300.0,13300.0,7.0,0.0,13300.0,0.0,2025-04-10,2025-05-23,43,4,Referral,3.9,Closed
PPG-01439,Gaborone,Phakalane,Apartment,Sale,Agent_Mpho,3,2,490,1832,28,0,0,1,1936000.0,2009000.0,1892000.0,0.0,0.0,3.77,94600.0,0.0,2024-02-14,2024-07-20,157,20,Online Listing,3.9,Closed
PPG-01440,Gaborone,Tlokweng,Commercial Office,Rental,Agent_Kabo,0,0,456,340,21,0,0,1,2965714.2857142854,17300.0,17300.0,17300.0,7.0,0.0,17300.0,0.0,2025-01-03,2025-02-12,40,7,Online Listing,3.2,Closed
PPG-01441,Gaborone,Phakalane,Plot,Sale,Agent_Neo,0,0,0,1103,19,0,0,0,438000.0,438000.0,438000.0,0.0,0.0,0.0,21900.0,0.0,2024-12-25,2025-04-18,114,14,Online Listing,,Closed
PPG-01442,Maun,Boseja,Apartment,Rental,Agent_Mpho,5,4,275,906,32,0,0,1,2314285.714285714,13500.0,13500.0,13500.0,7.0,0.0,13500.0,0.0,2024-01-26,2024-02-11,16,1,Cold Call,3.5,Closed
PPG-01443,Maun,Boseja,Commercial Office,Rental,Agent_Gomolemo,0,0,486,323,27,0,1,0,7182857.142857142,41900.0,41900.0,41900.0,7.0,0.0,41900.0,0.0,2025-02-21,2025-02-28,7,4,Referral,,Closed
PPG-01444,Francistown,Tati Siding,House,Rental,Agent_Neo,4,3,527,1199,23,0,0,1,3017142.857142857,17600.0,17600.0,17600.0,7.0,0.0,17600.0,0.0,2025-02-20,2025-03-04,12,2,Agent Network,4.2,Closed
PPG-01445,Maun,Boseja,House,Sale,Agent_Boago,1,1,508,1855,15,0,1,0,887000.0,841000.0,848000.0,0.0,0.0,-5.19,42400.0,2300.0,2024-09-04,2024-10-07,33,7,Referral,3.5,Closed
PPG-01446,Francistown,Tati Siding,House,Rental,Agent_Gomolemo,1,1,446,1459,16,0,0,1,3154285.714285714,18400.0,18400.0,18400.0,7.0,0.0,18400.0,0.0,2024-05-13,2024-05-28,15,4,Online Listing,3.8,Closed
PPG-01447,Gaborone,Phase 2,House,Rental,Agent_Mpho,2,1,553,1765,3,1,1,0,2108571.428571428,12300.0,12300.0,12300.0,7.0,0.0,12300.0,0.0,2024-12-10,2024-12-31,21,5,Cold Call,3.7,Closed
PPG-01448,Gaborone,Tlokweng,Commercial Office,Sale,Agent_Boago,0,0,322,641,23,0,1,1,3314000.0,3436000.0,3301000.0,0.0,0.0,3.68,165050.0,0.0,2025-05-06,,149,18,Agent Network,4.9,Active
PPG-01449,Maun,Boseja,House,Sale,Agent_Boago,1,1,294,1778,8,1,1,1,604000.0,626000.0,608000.0,0.0,0.0,3.64,30400.0,0.0,2024-05-14,2024-10-06,145,18,Agent Network,4.0,Closed
PPG-01450,Maun,Boseja,Apartment,Sale,Agent_Gomolemo,3,2,221,1949,19,0,0,0,255000.0,254000.0,244000.0,0.0,0.0,-0.39,12200.0,50.0,2024-07-06,2024-11-28,145,18,Cold Call,,Closed
PPG-01451,Gaborone,Phakalane,Townhouse,Sale,Agent_Kabo,2,1,599,1298,19,0,1,0,2751000.0,2495000.0,2638000.0,0.0,0.0,-9.31,131900.0,12800.0,2025-02-11,2025-06-07,116,12,Cold Call,4.4,Closed
PPG-01452,Gaborone,Phase 2,Plot,Sale,Agent_Tshepho,0,0,0,1255,20,0,0,0,295000.0,296000.0,295000.0,0.0,0.0,0.34,14750.0,0.0,2025-02-11,2025-03-04,21,6,Agent Network,3.7,Closed
PPG-01453,Maun,Sedie Ward,Retail Space,Sale,Agent_Mpho,0,0,73,1473,23,0,1,0,692000.0,655000.0,667000.0,0.0,0.0,-5.35,33350.0,1850.0,2024-06-06,2024-08-28,83,8,Agent Network,,Closed
PPG-01454,Maun,Sedie Ward,Townhouse,Sale,Agent_Neo,5,4,531,314,6,0,0,0,938000.0,864000.0,890000.0,0.0,0.0,-7.89,44500.0,3700.0,2024-06-07,2025-02-02,240,25,Online Listing,,Closed
PPG-01455,Maun,Matlapana,Commercial Office,Sale,Agent_Tshepho,0,0,335,1478,12,0,0,0,3789000.0,3889000.0,3582000.0,0.0,0.0,2.64,179100.0,0.0,2024-08-04,2025-01-12,161,16,Agent Network,,Closed
PPG-01456,Gaborone,Phakalane,Retail Space,Rental,Agent_Tshepho,0,0,530,919,7,0,0,0,7234285.714285714,42200.0,42200.0,42200.0,7.0,0.0,42200.0,0.0,2024-11-02,2024-12-10,38,4,Agent Network,3.3,Closed
PPG-01457,Gaborone,Block 9,Commercial Office,Sale,Agent_Kabo,0,0,131,664,19,0,0,0,1493000.0,1546000.0,1496000.0,0.0,0.0,3.55,74800.0,0.0,2024-09-21,2024-12-13,83,13,Referral,4.3,Closed
PPG-01458,Francistown,Gerald Estate,Commercial Office,Rental,Agent_Tshepho,0,0,228,1536,24,0,1,1,9548571.428571427,55700.0,55700.0,55700.0,7.0,0.0,55700.0,0.0,2024-11-10,2024-11-27,17,6,Cold Call,4.7,Closed
PPG-01459,Maun,Sedie Ward,House,Sale,Agent_Gomolemo,3,2,79,1612,18,1,1,0,177000.0,177000.0,172000.0,0.0,0.0,0.0,8600.0,0.0,2024-05-10,2024-07-29,80,11,Referral,4.6,Closed
PPG-01460,Maun,Matlapana,Apartment,Rental,Agent_Lesego,5,4,217,367,14,0,0,0,1782857.1428571427,10400.0,10400.0,10400.0,7.0,0.0,10400.0,0.0,2024-02-24,2024-04-05,41,9,Walk-in,4.8,Closed
PPG-01461,Maun,Matlapana,House,Rental,Agent_Boago,2,1,537,795,6,0,1,0,3754285.714285714,21900.0,21900.0,21900.0,7.0,0.0,21900.0,0.0,2025-02-09,2025-03-03,22,4,Walk-in,4.7,Closed
PPG-01462,Francistown,Monarch,House,Sale,Agent_Boago,5,4,332,557,14,1,1,0,1280000.0,1302000.0,1271000.0,0.0,0.0,1.72,63550.0,0.0,2025-03-03,2025-06-24,113,14,Agent Network,3.2,Closed
PPG-01463,Francistown,Somerset,Retail Space,Sale,Agent_Neo,0,0,232,640,27,0,0,1,1905000.0,1776000.0,1796000.0,0.0,0.0,-6.77,89800.0,6450.0,2024-02-26,2024-08-05,161,19,Agent Network,,Closed
PPG-01464,Maun,Boseja,Townhouse,Rental,Agent_Mpho,5,4,560,810,20,0,0,1,2931428.5714285714,17100.0,17100.0,17100.0,7.0,0.0,17100.0,0.0,2024-06-29,2024-08-12,44,4,Referral,4.0,Closed
PPG-01465,Gaborone,Phakalane,Warehouse,Rental,Agent_Tshepho,0,0,432,1961,17,0,0,1,5451428.571428571,31800.0,31800.0,31800.0,7.0,0.0,31800.0,0.0,2024-08-24,2024-10-02,39,7,Agent Network,,Closed
PPG-01466,Francistown,Somerset,Warehouse,Sale,Agent_Gomolemo,0,0,415,657,32,0,1,0,5042000.0,5034000.0,4837000.0,0.0,0.0,-0.16,241850.0,400.0,2024-09-11,2025-02-26,168,16,Referral,,Closed
PPG-01467,Gaborone,CBD,Townhouse,Sale,Agent_Kabo,2,1,360,1852,30,0,1,0,1090000.0,1092000.0,1034000.0,0.0,0.0,0.18,51700.0,0.0,2024-05-15,2024-08-13,90,9,Walk-in,3.2,Closed
PPG-01468,Francistown,Gerald Estate,Commercial Office,Rental,Agent_Gomolemo,0,0,115,1946,17,0,0,0,4680000.0,27300.0,27300.0,27300.0,7.0,0.0,27300.0,0.0,2024-06-04,2024-07-18,44,6,Online Listing,3.1,Closed
PPG-01469,Maun,Sedie Ward,Apartment,Rental,Agent_Lesego,1,1,194,956,14,0,0,0,2108571.428571428,12300.0,12300.0,12300.0,7.0,0.0,12300.0,0.0,2025-05-12,2025-06-17,36,7,Walk-in,,Closed
PPG-01470,Gaborone,Block 9,House,Sale,Agent_Lesego,3,2,320,1860,4,0,0,1,1726000.0,1725000.0,1738000.0,0.0,0.0,-0.06,86900.0,50.0,2024-05-14,2024-07-31,78,8,Agent Network,,Closed
PPG-01471,Francistown,Monarch,Warehouse,Sale,Agent_Tshepho,0,0,136,1674,34,0,0,0,1688000.0,1637000.0,1605000.0,0.0,0.0,-3.02,80250.0,2550.0,2024-11-17,2025-04-28,162,21,Cold Call,4.6,Closed
PPG-01472,Maun,Sedie Ward,Plot,Sale,Agent_Neo,0,0,0,1243,4,0,0,1,119000.0,119000.0,119000.0,0.0,0.0,0.0,5950.0,0.0,2025-03-08,2025-03-21,13,1,Cold Call,4.2,Closed
PPG-01473,Gaborone,Phakalane,House,Rental,Agent_Lesego,1,1,111,1800,13,0,1,0,2828571.428571428,16500.0,16500.0,16500.0,7.0,0.0,16500.0,0.0,2024-04-10,2024-05-17,37,4,Cold Call,,Closed
PPG-01474,Francistown,Monarch,Plot,Sale,Agent_Mpho,0,0,0,1134,32,0,0,0,136000.0,134000.0,128000.0,0.0,0.0,-1.47,6400.0,100.0,2025-01-25,2025-04-27,92,13,Agent Network,3.3,Closed
PPG-01475,Francistown,Somerset,Commercial Office,Sale,Agent_Kabo,0,0,550,619,31,0,1,1,5654000.0,5508000.0,5481000.0,0.0,0.0,-2.58,274050.0,7300.0,2024-01-19,2024-05-24,126,13,Cold Call,4.4,Closed
PPG-01476,Gaborone,Extension 14,Apartment,Rental,Agent_Kabo,5,4,514,1365,23,0,0,1,1251428.5714285714,7300.0,7300.0,7300.0,7.0,0.0,7300.0,0.0,2024-10-17,2024-11-27,41,5,Cold Call,4.8,Closed
PPG-01477,Francistown,Tati Siding,Plot,Sale,Agent_Lesego,0,0,0,1190,24,0,0,0,130000.0,131000.0,126000.0,0.0,0.0,0.77,6300.0,0.0,2024-12-25,2025-06-21,178,19,Cold Call,3.4,Closed
PPG-01478,Francistown,Somerset,Retail Space,Sale,Agent_Kabo,0,0,509,729,9,0,1,1,5179000.0,5293000.0,5156000.0,0.0,0.0,2.2,257800.0,0.0,2024-01-19,2024-07-17,180,18,Referral,4.4,Closed
PPG-01479,Francistown,Monarch,Commercial Office,Sale,Agent_Gomolemo,0,0,485,520,23,0,1,0,4860000.0,4797000.0,4576000.0,0.0,0.0,-1.3,228800.0,3150.0,2024-02-29,2024-06-02,94,13,Online Listing,4.0,Closed
PPG-01480,Maun,Sedie Ward,House,Sale,Agent_Boago,5,4,567,1122,29,1,1,1,1242000.0,1185000.0,1170000.0,0.0,0.0,-4.59,58500.0,2850.0,2024-03-22,2024-06-11,81,10,Referral,,Closed
PPG-01481,Francistown,Somerset,House,Rental,Agent_Tshepho,1,1,508,1463,26,0,1,0,1817142.857142857,10600.0,10600.0,10600.0,7.0,0.0,10600.0,0.0,2025-05-23,2025-06-07,15,1,Online Listing,4.6,Closed
PPG-01482,Gaborone,Mogoditshane,Townhouse,Rental,Agent_Mpho,3,2,473,414,0,1,1,1,2897142.857142857,16900.0,16900.0,16900.0,7.0,0.0,16900.0,0.0,2024-10-20,2024-10-25,5,3,Online Listing,3.9,Closed
PPG-01483,Gaborone,Mogoditshane,Townhouse,Rental,Agent_Kabo,5,4,104,1991,16,1,1,0,2657142.857142857,15500.0,15500.0,15500.0,7.0,0.0,15500.0,0.0,2024-01-13,2024-02-06,24,5,Walk-in,3.1,Closed
PPG-01484,Maun,Matlapana,Retail Space,Sale,Agent_Mpho,0,0,190,1299,33,0,0,0,1493000.0,1478000.0,1437000.0,0.0,0.0,-1.0,71850.0,750.0,2024-10-15,2025-01-07,84,9,Online Listing,,Closed
PPG-01485,Gaborone,Phase 2,Warehouse,Sale,Agent_Neo,0,0,317,1399,34,0,0,1,3649000.0,3416000.0,3458000.0,0.0,0.0,-6.39,172900.0,11650.0,2024-02-02,2024-04-07,65,11,Agent Network,3.2,Closed
PPG-01486,Francistown,Monarch,Commercial Office,Sale,Agent_Gomolemo,0,0,478,313,24,0,1,1,5522000.0,5656000.0,5429000.0,0.0,0.0,2.43,271450.0,0.0,2024-11-18,2025-03-01,103,11,Cold Call,4.5,Closed
PPG-01487,Francistown,Somerset,Townhouse,Sale,Agent_Kabo,2,1,328,460,17,1,0,0,667000.0,684000.0,660000.0,0.0,0.0,2.55,33000.0,0.0,2024-06-09,2024-09-04,87,11,Walk-in,4.3,Closed
PPG-01488,Francistown,Gerald Estate,Plot,Sale,Agent_Kabo,0,0,0,1148,0,0,0,0,191000.0,191000.0,191000.0,0.0,0.0,0.0,9550.0,0.0,2024-02-18,2024-06-02,105,10,Agent Network,,Closed
PPG-01489,Maun,Boseja,Commercial Office,Sale,Agent_Mpho,0,0,82,705,6,0,1,0,1058000.0,1013000.0,1014000.0,0.0,0.0,-4.25,50700.0,2250.0,2024-02-25,2024-06-27,123,12,Online Listing,,Closed
PPG-01490,Francistown,Gerald Estate,Townhouse,Rental,Agent_Neo,1,1,295,805,6,0,1,0,2365714.2857142854,13800.0,13800.0,13800.0,7.0,0.0,13800.0,0.0,2024-04-01,2024-04-15,14,3,Agent Network,,Closed
PPG-01491,Francistown,Monarch,Apartment,Rental,Agent_Mpho,4,3,419,778,4,0,0,0,1714285.714285714,10000.0,10000.0,10000.0,7.0,0.0,10000.0,0.0,2024-12-22,2025-01-25,34,4,Agent Network,,Closed
PPG-01492,Gaborone,Tlokweng,House,Rental,Agent_Neo,3,2,362,1133,6,1,1,1,4079999.9999999995,23800.0,23800.0,23800.0,7.0,0.0,23800.0,0.0,2024-01-22,2024-01-28,6,3,Online Listing,,Closed
PPG-01493,Maun,Boseja,Plot,Sale,Agent_Neo,0,0,0,1449,24,0,0,0,123000.0,123000.0,123000.0,0.0,0.0,0.0,6150.0,0.0,2024-10-05,2025-02-19,137,17,Online Listing,,Closed
PPG-01494,Gaborone,Broadhurst,Plot,Sale,Agent_Gomolemo,0,0,0,351,3,0,0,0,300000.0,300000.0,294000.0,0.0,0.0,0.0,14700.0,0.0,2024-11-13,2025-04-21,159,16,Referral,4.9,Closed
PPG-01495,Francistown,Monarch,House,Rental,Agent_Kabo,1,1,493,406,2,0,1,0,2160000.0,12600.0,12600.0,12600.0,7.0,0.0,12600.0,0.0,2024-10-27,2024-11-04,8,2,Online Listing,3.8,Closed
PPG-01496,Francistown,Somerset,Apartment,Rental,Agent_Mpho,5,4,476,1736,21,0,0,1,1114285.714285714,6500.0,6500.0,6500.0,7.0,0.0,6500.0,0.0,2024-04-21,2024-05-24,33,4,Walk-in,3.7,Closed
PPG-01497,Gaborone,Phakalane,Townhouse,Sale,Agent_Neo,4,3,473,1012,13,0,0,0,2796000.0,2947000.0,2764000.0,0.0,0.0,5.4,138200.0,0.0,2024-06-07,2024-08-22,76,10,Cold Call,3.3,Closed
PPG-01498,Gaborone,Extension 14,Retail Space,Rental,Agent_Lesego,0,0,397,1654,15,0,0,1,4765714.285714285,27800.0,27800.0,27800.0,7.0,0.0,27800.0,0.0,2025-02-01,2025-03-11,38,8,Agent Network,,Closed
PPG-01499,Maun,Matlapana,Apartment,Sale,Agent_Lesego,1,1,553,1547,24,0,0,0,486000.0,493000.0,461000.0,0.0,0.0,1.44,23050.0,0.0,2024-05-04,2024-08-18,106,12,Referral,,Closed
PPG-01500,Maun,Sedie Ward,Commercial Office,Sale,Agent_Neo,0,0,439,1836,16,0,1,0,5231000.0,5262000.0,5095000.0,0.0,0.0,0.59,254750.0,0.0,2024-08-24,2025-01-31,160,18,Referral,4.0,Closed
PPG-01501,Gaborone,Extension 14,Plot,Sale,Agent_Tshepho,0,0,0,1041,20,0,0,1,319000.0,313000.0,317000.0,0.0,0.0,-1.88,15850.0,300.0,2024-04-23,2024-10-17,177,17,Walk-in,3.8,Closed
PPG-01502,Francistown,Monarch,Retail Space,Rental,Agent_Neo,0,0,257,1450,16,0,0,0,6291428.571428571,36700.0,36700.0,36700.0,7.0,0.0,36700.0,0.0,2024-03-24,2024-04-04,11,2,Walk-in,,Closed
PPG-01503,Maun,Sedie Ward,Commercial Office,Sale,Agent_Neo,0,0,257,1387,19,0,0,1,2839000.0,2928000.0,2708000.0,0.0,0.0,3.13,135400.0,0.0,2024-08-11,2024-09-05,25,4,Walk-in,4.1,Closed
PPG-01504,Francistown,Tati Siding,Warehouse,Rental,Agent_Mpho,0,0,431,949,26,0,1,1,13594285.714285713,79300.0,79300.0,79300.0,7.0,0.0,79300.0,0.0,2024-05-19,2024-05-30,11,4,Walk-in,,Closed
PPG-01505,Gaborone,Extension 14,Warehouse,Rental,Agent_Tshepho,0,0,184,1284,24,0,1,0,13457142.857142856,78500.0,78500.0,78500.0,7.0,0.0,78500.0,0.0,2024-08-16,2024-08-20,4,1,Referral,4.5,Closed
PPG-01506,Maun,Sedie Ward,Plot,Sale,Agent_Neo,0,0,0,1167,32,0,0,1,95000.0,86000.0,93000.0,0.0,0.0,-9.47,4650.0,450.0,2024-03-10,2024-11-15,250,27,Referral,,Closed
PPG-01507,Maun,Matlapana,Warehouse,Rental,Agent_Gomolemo,0,0,525,508,11,0,1,0,8177142.857142856,47700.0,47700.0,47700.0,7.0,0.0,47700.0,0.0,2024-09-23,2024-11-03,41,8,Cold Call,4.7,Closed
PPG-01508,Gaborone,Block 9,Apartment,Rental,Agent_Neo,3,2,324,917,33,0,0,1,2348571.428571428,13700.0,13700.0,13700.0,7.0,0.0,13700.0,0.0,2025-03-15,2025-04-21,37,7,Agent Network,,Closed
PPG-01509,Gaborone,Tlokweng,Townhouse,Sale,Agent_Gomolemo,2,1,107,1172,16,1,0,1,334000.0,322000.0,329000.0,0.0,0.0,-3.59,16450.0,600.0,2025-02-01,2025-03-22,49,8,Agent Network,4.2,Closed
PPG-01510,Gaborone,Block 9,Commercial Office,Sale,Agent_Kabo,0,0,76,1760,17,0,0,0,817000.0,735000.0,797000.0,0.0,0.0,-10.04,39850.0,4100.0,2024-03-15,2024-11-11,241,28,Referral,4.3,Closed
PPG-01511,Maun,Sedie Ward,Plot,Sale,Agent_Tshepho,0,0,0,1777,29,0,0,0,93000.0,95000.0,92000.0,0.0,0.0,2.15,4600.0,0.0,2024-05-29,2024-08-09,72,9,Agent Network,3.1,Closed
PPG-01512,Francistown,Somerset,Plot,Sale,Agent_Tshepho,0,0,0,747,33,0,0,0,157000.0,153000.0,157000.0,0.0,0.0,-2.55,7850.0,200.0,2024-07-29,2024-09-27,60,6,Walk-in,3.7,Closed
PPG-01513,Gaborone,Phakalane,Warehouse,Sale,Agent_Neo,0,0,230,1586,16,0,0,0,3215000.0,2914000.0,3140000.0,0.0,0.0,-9.36,157000.0,15050.0,2024-03-26,2024-06-13,79,12,Referral,3.7,Closed
PPG-01514,Francistown,Gerald Estate,Apartment,Sale,Agent_Mpho,4,3,196,313,4,0,0,0,443000.0,415000.0,435000.0,0.0,0.0,-6.32,21750.0,1400.0,2025-03-16,2025-06-18,94,9,Online Listing,,Closed
PPG-01515,Maun,Sedie Ward,Townhouse,Rental,Agent_Lesego,1,1,79,337,23,0,1,1,1765714.2857142854,10300.0,10300.0,10300.0,7.0,0.0,10300.0,0.0,2024-09-19,2024-09-30,11,4,Referral,3.4,Closed
PPG-01516,Gaborone,Phakalane,Apartment,Sale,Agent_Tshepho,4,3,197,564,15,0,0,1,865000.0,849000.0,830000.0,0.0,0.0,-1.85,41500.0,800.0,2025-04-12,,91,13,Referral,,Active
PPG-01517,Francistown,Somerset,Retail Space,Sale,Agent_Neo,0,0,174,1151,25,0,1,0,1617000.0,1534000.0,1549000.0,0.0,0.0,-5.13,77450.0,4150.0,2024-10-12,2025-01-07,87,11,Walk-in,,Closed
PPG-01518,Francistown,Gerald Estate,Commercial Office,Sale,Agent_Tshepho,0,0,91,1704,34,0,1,0,863000.0,862000.0,853000.0,0.0,0.0,-0.12,42650.0,50.0,2024-01-04,2024-06-09,157,17,Referral,,Closed
PPG-01519,Francistown,Monarch,Townhouse,Sale,Agent_Gomolemo,5,4,477,1560,26,1,0,1,1125000.0,1168000.0,1131000.0,0.0,0.0,3.82,56550.0,0.0,2024-11-28,2025-04-12,135,14,Cold Call,4.3,Closed
PPG-01520,Maun,Boseja,Apartment,Rental,Agent_Lesego,1,1,373,1317,25,0,0,1,1388571.4285714284,8100.0,8100.0,8100.0,7.0,0.0,8100.0,0.0,2024-07-22,2024-09-01,41,4,Online Listing,3.2,Closed
PPG-01521,Francistown,Somerset,Retail Space,Rental,Agent_Lesego,0,0,578,1704,27,0,0,0,6034285.714285714,35200.0,35200.0,35200.0,7.0,0.0,35200.0,0.0,2024-06-30,2024-07-28,28,3,Walk-in,,Closed
PPG-01522,Francistown,Gerald Estate,Commercial Office,Sale,Agent_Neo,0,0,303,340,16,0,0,1,3621000.0,3327000.0,3629000.0,0.0,0.0,-8.12,181450.0,14700.0,2024-11-12,2025-01-03,52,7,Referral,3.7,Closed
PPG-01523,Maun,Boseja,Warehouse,Rental,Agent_Boago,0,0,245,392,20,0,0,1,7611428.571428571,44400.0,44400.0,44400.0,7.0,0.0,44400.0,0.0,2024-11-24,2024-12-25,31,7,Agent Network,4.7,Closed
PPG-01524,Gaborone,Broadhurst,Retail Space,Sale,Agent_Tshepho,0,0,78,1751,19,0,0,0,747000.0,755000.0,753000.0,0.0,0.0,1.07,37650.0,0.0,2024-12-31,2025-05-22,142,17,Cold Call,3.1,Closed
PPG-01525,Gaborone,Block 9,Warehouse,Sale,Agent_Mpho,0,0,179,1890,13,0,1,0,2709000.0,2495000.0,2643000.0,0.0,0.0,-7.9,132150.0,10700.0,2024-08-20,2024-09-01,12,3,Agent Network,3.2,Closed
PPG-01526,Gaborone,Broadhurst,Warehouse,Rental,Agent_Gomolemo,0,0,189,1255,6,0,0,0,10594285.714285713,61800.0,61800.0,61800.0,7.0,0.0,61800.0,0.0,2024-02-19,2024-03-07,17,5,Referral,4.5,Closed
PPG-01527,Maun,Sedie Ward,Townhouse,Sale,Agent_Gomolemo,5,4,434,1802,35,0,1,0,589000.0,599000.0,591000.0,0.0,0.0,1.7,29550.0,0.0,2024-01-09,2024-06-29,172,20,Walk-in,,Closed
PPG-01528,Maun,Boseja,Commercial Office,Rental,Agent_Neo,0,0,343,940,29,0,0,0,4525714.285714285,26400.0,26400.0,26400.0,7.0,0.0,26400.0,0.0,2024-11-13,2024-12-03,20,2,Walk-in,4.2,Closed
PPG-01529,Gaborone,CBD,Apartment,Rental,Agent_Tshepho,3,2,297,909,28,0,0,0,2382857.1428571427,13900.0,13900.0,13900.0,7.0,0.0,13900.0,0.0,2024-04-21,2024-05-19,28,7,Walk-in,,Closed
PPG-01530,Francistown,Somerset,Commercial Office,Rental,Agent_Neo,0,0,115,1246,27,0,1,0,6051428.571428571,35300.0,35300.0,35300.0,7.0,0.0,35300.0,0.0,2024-08-16,2024-09-19,34,6,Online Listing,4.6,Closed
PPG-01531,Gaborone,CBD,Plot,Sale,Agent_Neo,0,0,0,1987,13,0,0,0,518000.0,518000.0,518000.0,0.0,0.0,0.0,25900.0,0.0,2025-05-15,,60,9,Walk-in,3.2,Active
PPG-01532,Maun,Boseja,Plot,Sale,Agent_Tshepho,0,0,0,1705,12,0,0,1,103000.0,102000.0,100000.0,0.0,0.0,-0.97,5000.0,50.0,2024-10-16,2024-10-26,10,2,Referral,4.2,Closed
PPG-01533,Francistown,Somerset,Commercial Office,Sale,Agent_Lesego,0,0,251,759,5,0,0,0,3219000.0,3121000.0,3053000.0,0.0,0.0,-3.04,152650.0,4900.0,2025-04-06,2025-05-22,46,8,Online Listing,3.4,Closed
PPG-01534,Gaborone,Broadhurst,Townhouse,Rental,Agent_Tshepho,1,1,359,1168,21,0,0,0,1799999.9999999998,10500.0,10500.0,10500.0,7.0,0.0,10500.0,0.0,2024-12-18,2025-01-18,31,4,Walk-in,,Closed
PPG-01535,Francistown,Monarch,Plot,Sale,Agent_Lesego,0,0,0,698,26,0,0,0,137000.0,134000.0,134000.0,0.0,0.0,-2.19,6700.0,150.0,2024-04-05,2024-09-21,169,19,Referral,4.5,Closed
PPG-01536,Gaborone,CBD,Townhouse,Rental,Agent_Kabo,4,3,165,615,10,0,0,0,1645714.2857142854,9600.0,9600.0,9600.0,7.0,0.0,9600.0,0.0,2024-01-28,2024-02-23,26,4,Agent Network,,Closed
PPG-01537,Maun,Sedie Ward,Townhouse,Sale,Agent_Mpho,3,2,439,1057,20,0,1,1,594000.0,597000.0,571000.0,0.0,0.0,0.51,28550.0,0.0,2024-08-09,2024-10-14,66,9,Referral,5.0,Closed
PPG-01538,Maun,Sedie Ward,Commercial Office,Rental,Agent_Kabo,0,0,480,372,1,0,1,0,8931428.57142857,52100.0,52100.0,52100.0,7.0,0.0,52100.0,0.0,2025-02-13,2025-03-24,39,8,Agent Network,4.6,Closed
PPG-01539,Gaborone,CBD,Commercial Office,Sale,Agent_Kabo,0,0,248,606,3,0,0,1,3035000.0,2683000.0,3006000.0,0.0,0.0,-11.6,150300.0,17600.0,2024-12-14,,227,22,Walk-in,,Active
PPG-01540,Gaborone,Phase 2,Townhouse,Sale,Agent_Neo,4,3,506,1527,30,0,0,1,1995000.0,1869000.0,1885000.0,0.0,0.0,-6.32,94250.0,6300.0,2024-06-10,2025-03-06,269,27,Cold Call,,Closed
PPG-01541,Francistown,Somerset,House,Sale,Agent_Tshepho,2,1,237,1155,2,0,0,1,730000.0,716000.0,703000.0,0.0,0.0,-1.92,35150.0,700.0,2025-03-31,2025-05-19,49,5,Cold Call,,Closed
PPG-01542,Gaborone,Mogoditshane,Apartment,Sale,Agent_Boago,1,1,231,1163,35,0,0,1,348000.0,334000.0,348000.0,0.0,0.0,-4.02,17400.0,700.0,2025-03-02,2025-03-13,11,3,Agent Network,4.4,Closed
PPG-01543,Francistown,Gerald Estate,Apartment,Rental,Agent_Lesego,2,1,523,1426,29,0,0,0,1577142.857142857,9200.0,9200.0,9200.0,7.0,0.0,9200.0,0.0,2024-09-24,2024-09-27,3,1,Agent Network,4.4,Closed
PPG-01544,Francistown,Tati Siding,Townhouse,Rental,Agent_Tshepho,4,3,114,1188,5,1,0,0,2057142.857142857,12000.0,12000.0,12000.0,7.0,0.0,12000.0,0.0,2024-06-05,2024-07-12,37,4,Online Listing,3.1,Closed
PPG-01545,Maun,Matlapana,Commercial Office,Sale,Agent_Gomolemo,0,0,470,1707,4,0,0,0,5466000.0,5262000.0,5286000.0,0.0,0.0,-3.73,264300.0,10200.0,2025-02-11,,145,14,Cold Call,3.1,Active
PPG-01546,Maun,Boseja,Plot,Sale,Agent_Lesego,0,0,0,1482,23,0,0,0,111000.0,111000.0,111000.0,0.0,0.0,0.0,5550.0,0.0,2024-07-14,2024-08-21,38,5,Referral,,Closed
PPG-01547,Maun,Boseja,Apartment,Rental,Agent_Lesego,1,1,468,1921,1,0,0,1,1782857.1428571427,10400.0,10400.0,10400.0,7.0,0.0,10400.0,0.0,2024-09-24,2024-11-01,38,7,Walk-in,4.9,Closed
PPG-01548,Gaborone,Riverwalk,House,Rental,Agent_Boago,4,3,165,1051,10,1,1,1,4131428.571428571,24100.0,24100.0,24100.0,7.0,0.0,24100.0,0.0,2025-04-27,2025-05-18,21,4,Walk-in,,Closed
PPG-01549,Francistown,Gerald Estate,Warehouse,Rental,Agent_Tshepho,0,0,523,1732,9,0,0,1,4285714.285714285,25000.0,25000.0,25000.0,7.0,0.0,25000.0,0.0,2024-02-24,2024-03-18,23,2,Walk-in,,Closed
PPG-01550,Maun,Matlapana,House,Rental,Agent_Boago,1,1,168,1316,35,0,1,1,2451428.5714285714,14300.0,14300.0,14300.0,7.0,0.0,14300.0,0.0,2024-06-01,2024-06-26,25,6,Online Listing,4.4,Closed
PPG-01551,Maun,Matlapana,Warehouse,Sale,Agent_Boago,0,0,93,467,0,0,0,1,1631000.0,1638000.0,1631000.0,0.0,0.0,0.43,81550.0,0.0,2024-12-07,2025-05-26,170,21,Referral,4.2,Closed
PPG-01552,Maun,Boseja,Warehouse,Rental,Agent_Lesego,0,0,231,1009,9,0,1,0,9754285.714285713,56900.0,56900.0,56900.0,7.0,0.0,56900.0,0.0,2024-09-21,2024-11-05,45,4,Referral,,Closed
PPG-01553,Francistown,Gerald Estate,House,Sale,Agent_Lesego,4,3,358,380,23,1,0,1,1241000.0,1207000.0,1234000.0,0.0,0.0,-2.74,61700.0,1700.0,2025-04-03,,104,10,Cold Call,4.8,Active
PPG-01554,Gaborone,Extension 14,Townhouse,Rental,Agent_Lesego,1,1,528,916,2,0,1,0,1937142.857142857,11300.0,11300.0,11300.0,7.0,0.0,11300.0,0.0,2024-03-21,2024-04-10,20,6,Online Listing,4.0,Closed
PPG-01555,Gaborone,Block 9,Commercial Office,Sale,Agent_Tshepho,0,0,350,1804,2,0,0,0,4143000.0,4071000.0,4177000.0,0.0,0.0,-1.74,208850.0,3600.0,2024-04-21,2024-05-22,31,3,Walk-in,3.1,Closed
PPG-01556,Maun,Sedie Ward,Townhouse,Sale,Agent_Gomolemo,5,4,316,1140,27,0,0,0,477000.0,483000.0,450000.0,0.0,0.0,1.26,22500.0,0.0,2025-04-09,2025-06-05,57,10,Online Listing,4.1,Closed
PPG-01557,Gaborone,Mogoditshane,Apartment,Rental,Agent_Boago,3,2,218,1008,31,0,0,0,1062857.1428571427,6200.0,6200.0,6200.0,7.0,0.0,6200.0,0.0,2024-12-08,2025-01-01,24,6,Online Listing,4.6,Closed
PPG-01558,Maun,Boseja,Retail Space,Sale,Agent_Neo,0,0,204,431,18,0,1,0,1940000.0,1927000.0,1889000.0,0.0,0.0,-0.67,94450.0,650.0,2024-09-15,2025-01-21,128,12,Referral,,Closed
PPG-01559,Gaborone,Riverwalk,Apartment,Rental,Agent_Tshepho,5,4,108,1956,17,0,0,1,1080000.0,6300.0,6300.0,6300.0,7.0,0.0,6300.0,0.0,2024-07-04,2024-08-03,30,6,Agent Network,4.0,Closed
PPG-01560,Maun,Sedie Ward,Plot,Sale,Agent_Neo,0,0,0,1263,21,0,0,1,111000.0,111000.0,111000.0,0.0,0.0,0.0,5550.0,0.0,2024-09-21,2025-01-21,122,12,Online Listing,,Closed
PPG-01561,Gaborone,Tlokweng,Commercial Office,Sale,Agent_Mpho,0,0,485,306,21,0,0,0,5202000.0,5404000.0,4900000.0,0.0,0.0,3.88,245000.0,0.0,2024-06-05,2024-08-22,78,9,Cold Call,4.0,Closed
PPG-01562,Gaborone,CBD,Warehouse,Rental,Agent_Gomolemo,0,0,476,543,4,0,0,0,11691428.57142857,68200.0,68200.0,68200.0,7.0,0.0,68200.0,0.0,2024-05-19,2024-05-30,11,1,Referral,4.6,Closed
PPG-01563,Gaborone,CBD,Townhouse,Rental,Agent_Neo,5,4,90,947,14,1,1,0,2039999.9999999998,11900.0,11900.0,11900.0,7.0,0.0,11900.0,0.0,2024-11-02,2024-11-20,18,1,Referral,,Closed
PPG-01564,Francistown,Somerset,Retail Space,Rental,Agent_Boago,0,0,129,1399,26,0,0,1,3737142.857142857,21800.0,21800.0,21800.0,7.0,0.0,21800.0,0.0,2024-12-26,2025-01-24,29,2,Referral,3.2,Closed
PPG-01565,Maun,Matlapana,Apartment,Sale,Agent_Neo,4,3,250,1441,31,0,0,0,298000.0,285000.0,288000.0,0.0,0.0,-4.36,14400.0,650.0,2024-08-25,2024-11-30,97,11,Agent Network,3.6,Closed
PPG-01566,Maun,Matlapana,Apartment,Sale,Agent_Boago,3,2,202,455,10,0,0,0,261000.0,260000.0,262000.0,0.0,0.0,-0.38,13100.0,50.0,2024-11-13,2025-01-03,51,9,Cold Call,5.0,Closed
PPG-01567,Maun,Boseja,Plot,Sale,Agent_Kabo,0,0,0,615,2,0,0,1,124000.0,124000.0,124000.0,0.0,0.0,0.0,6200.0,0.0,2024-06-20,2024-12-01,164,20,Cold Call,3.9,Closed
PPG-01568,Maun,Matlapana,Apartment,Sale,Agent_Boago,1,1,272,1185,24,0,0,0,278000.0,272000.0,274000.0,0.0,0.0,-2.16,13700.0,300.0,2024-12-12,2025-02-04,54,6,Agent Network,4.5,Closed
PPG-01569,Gaborone,Broadhurst,Apartment,Rental,Agent_Kabo,4,3,291,850,28,0,0,0,2331428.5714285714,13600.0,13600.0,13600.0,7.0,0.0,13600.0,0.0,2024-01-08,2024-02-06,29,7,Referral,4.6,Closed
PPG-01570,Francistown,Gerald Estate,Retail Space,Rental,Agent_Gomolemo,0,0,551,797,21,0,0,1,7457142.857142856,43500.0,43500.0,43500.0,7.0,0.0,43500.0,0.0,2024-05-12,2024-06-12,31,8,Agent Network,3.1,Closed
PPG-01571,Francistown,Gerald Estate,Apartment,Rental,Agent_Lesego,5,4,541,747,3,0,0,0,2057142.857142857,12000.0,12000.0,12000.0,7.0,0.0,12000.0,0.0,2024-08-13,2024-09-25,43,5,Referral,4.6,Closed
PPG-01572,Francistown,Monarch,Townhouse,Sale,Agent_Boago,3,2,102,1863,9,0,1,0,237000.0,244000.0,223000.0,0.0,0.0,2.95,11150.0,0.0,2024-04-16,2024-05-19,33,6,Agent Network,4.1,Closed
PPG-01573,Gaborone,Block 9,Retail Space,Rental,Agent_Neo,0,0,352,1118,29,0,1,1,6514285.714285714,38000.0,38000.0,38000.0,7.0,0.0,38000.0,0.0,2024-12-17,2025-01-13,27,2,Cold Call,,Closed
PPG-01574,Francistown,Gerald Estate,Warehouse,Rental,Agent_Boago,0,0,571,1828,14,0,1,0,9839999.999999998,57400.0,57400.0,57400.0,7.0,0.0,57400.0,0.0,2024-03-13,2024-03-26,13,5,Online Listing,3.7,Closed
PPG-01575,Francistown,Tati Siding,House,Rental,Agent_Kabo,2,1,304,1687,16,0,0,0,3822857.1428571427,22300.0,22300.0,22300.0,7.0,0.0,22300.0,0.0,2024-06-12,2024-07-11,29,2,Online Listing,3.0,Closed
PPG-01576,Maun,Sedie Ward,Townhouse,Sale,Agent_Mpho,1,1,191,1771,3,1,0,0,248000.0,250000.0,239000.0,0.0,0.0,0.81,11950.0,0.0,2024-02-24,2024-05-23,89,8,Cold Call,,Closed
PPG-01577,Maun,Matlapana,House,Sale,Agent_Lesego,2,1,528,873,12,0,1,1,1180000.0,1175000.0,1160000.0,0.0,0.0,-0.42,58000.0,250.0,2025-04-18,,155,17,Online Listing,3.7,Active
PPG-01578,Francistown,Gerald Estate,Townhouse,Rental,Agent_Kabo,3,2,305,1709,24,1,0,1,1422857.1428571427,8300.0,8300.0,8300.0,7.0,0.0,8300.0,0.0,2025-01-08,2025-01-29,21,6,Walk-in,,Closed
PPG-01579,Francistown,Somerset,Warehouse,Sale,Agent_Lesego,0,0,435,593,3,0,0,0,7090000.0,7285000.0,6977000.0,0.0,0.0,2.75,348850.0,0.0,2024-07-08,2024-08-07,30,5,Online Listing,4.4,Closed
PPG-01580,Francistown,Somerset,House,Sale,Agent_Gomolemo,1,1,198,1269,24,0,0,0,435000.0,447000.0,414000.0,0.0,0.0,2.76,20700.0,0.0,2024-04-03,2024-05-23,50,7,Online Listing,,Closed
PPG-01581,Maun,Matlapana,Commercial Office,Rental,Agent_Mpho,0,0,299,893,1,0,0,1,8725714.285714285,50900.0,50900.0,50900.0,7.0,0.0,50900.0,0.0,2024-03-31,2024-05-08,38,5,Walk-in,4.3,Closed
PPG-01582,Francistown,Tati Siding,Commercial Office,Sale,Agent_Lesego,0,0,87,878,30,0,0,1,802000.0,774000.0,807000.0,0.0,0.0,-3.49,40350.0,1400.0,2024-04-26,2024-06-24,59,10,Online Listing,5.0,Closed
PPG-01583,Francistown,Gerald Estate,Plot,Sale,Agent_Kabo,0,0,0,738,27,0,0,0,167000.0,159000.0,157000.0,0.0,0.0,-4.79,7850.0,400.0,2024-06-18,2024-11-30,165,21,Walk-in,4.0,Closed
PPG-01584,Gaborone,Phakalane,House,Rental,Agent_Lesego,5,4,95,633,33,0,1,0,2914285.714285714,17000.0,17000.0,17000.0,7.0,0.0,17000.0,0.0,2024-03-12,2024-04-21,40,9,Agent Network,4.6,Closed
PPG-01585,Gaborone,Broadhurst,House,Sale,Agent_Gomolemo,5,4,96,1350,9,1,1,1,696000.0,716000.0,674000.0,0.0,0.0,2.87,33700.0,0.0,2024-02-25,2024-05-18,83,11,Walk-in,,Closed
PPG-01586,Maun,Matlapana,Warehouse,Sale,Agent_Neo,0,0,177,1336,30,0,1,1,2438000.0,2540000.0,2337000.0,0.0,0.0,4.18,116850.0,0.0,2025-01-11,2025-05-08,117,14,Walk-in,,Closed
PPG-01587,Maun,Boseja,Retail Space,Rental,Agent_Tshepho,0,0,119,1992,31,0,1,0,2931428.5714285714,17100.0,17100.0,17100.0,7.0,0.0,17100.0,0.0,2025-04-15,2025-04-27,12,1,Referral,4.5,Closed
PPG-01588,Gaborone,Tlokweng,Plot,Sale,Agent_Kabo,0,0,0,1656,31,0,0,0,211000.0,188000.0,209000.0,0.0,0.0,-10.9,10450.0,1150.0,2024-02-01,2024-05-02,91,13,Cold Call,4.5,Closed
PPG-01589,Gaborone,CBD,Plot,Sale,Agent_Gomolemo,0,0,0,346,0,0,0,1,511000.0,511000.0,511000.0,0.0,0.0,0.0,25550.0,0.0,2025-02-16,,159,18,Agent Network,3.5,Active
PPG-01590,Maun,Matlapana,Retail Space,Sale,Agent_Mpho,0,0,532,421,1,0,1,0,5595000.0,5672000.0,5337000.0,0.0,0.0,1.38,266850.0,0.0,2024-07-05,2024-09-05,62,7,Online Listing,4.6,Closed
PPG-01591,Francistown,Gerald Estate,Commercial Office,Rental,Agent_Gomolemo,0,0,360,884,34,0,0,0,7371428.571428571,43000.0,43000.0,43000.0,7.0,0.0,43000.0,0.0,2024-06-24,2024-07-12,18,3,Agent Network,3.0,Closed
PPG-01592,Maun,Boseja,Apartment,Rental,Agent_Mpho,5,4,204,1704,23,0,0,0,1371428.5714285714,8000.0,8000.0,8000.0,7.0,0.0,8000.0,0.0,2024-10-07,2024-11-01,25,2,Online Listing,,Closed
PPG-01593,Gaborone,CBD,Retail Space,Sale,Agent_Kabo,0,0,378,1363,10,0,0,1,3758000.0,3665000.0,3783000.0,0.0,0.0,-2.47,189150.0,4650.0,2024-01-18,2024-02-02,15,6,Online Listing,,Closed
PPG-01594,Francistown,Tati Siding,Townhouse,Rental,Agent_Neo,4,3,491,1937,17,0,0,0,1697142.857142857,9900.0,9900.0,9900.0,7.0,0.0,9900.0,0.0,2025-02-06,2025-02-23,17,1,Agent Network,,Closed
PPG-01595,Francistown,Somerset,House,Rental,Agent_Tshepho,3,2,232,1477,28,0,1,1,2862857.1428571427,16700.0,16700.0,16700.0,7.0,0.0,16700.0,0.0,2024-01-05,2024-02-09,35,3,Walk-in,3.5,Closed
PPG-01596,Gaborone,Block 9,Plot,Sale,Agent_Mpho,0,0,0,1747,19,0,0,0,254000.0,236000.0,254000.0,0.0,0.0,-7.09,12700.0,900.0,2024-03-18,2024-04-30,43,7,Referral,3.0,Closed
PPG-01597,Francistown,Gerald Estate,Townhouse,Rental,Agent_Boago,4,3,419,828,11,0,1,1,2160000.0,12600.0,12600.0,12600.0,7.0,0.0,12600.0,0.0,2024-09-18,2024-10-05,17,4,Agent Network,,Closed
PPG-01598,Francistown,Monarch,Apartment,Rental,Agent_Lesego,3,2,347,992,22,0,0,0,2074285.714285714,12100.0,12100.0,12100.0,7.0,0.0,12100.0,0.0,2024-01-30,2024-02-02,3,1,Referral,3.2,Closed
PPG-01599,Francistown,Somerset,Apartment,Sale,Agent_Tshepho,2,1,595,1070,30,0,0,0,857000.0,871000.0,837000.0,0.0,0.0,1.63,41850.0,0.0,2025-01-11,,175,21,Walk-in,4.4,Active
PPG-01600,Francistown,Monarch,Retail Space,Sale,Agent_Neo,0,0,324,360,5,0,1,0,3321000.0,3127000.0,3126000.0,0.0,0.0,-5.84,156300.0,9700.0,2024-10-08,2025-05-19,223,24,Cold Call,,Closed
PPG-01601,Maun,Boseja,Retail Space,Sale,Agent_Tshepho,0,0,75,1715,26,0,1,0,656000.0,641000.0,630000.0,0.0,0.0,-2.29,31500.0,750.0,2025-01-31,2025-05-27,116,13,Cold Call,,Closed
PPG-01602,Gaborone,Riverwalk,Retail Space,Rental,Agent_Boago,0,0,505,567,30,0,1,0,7525714.285714285,43900.0,43900.0,43900.0,7.0,0.0,43900.0,0.0,2024-04-24,2024-05-23,29,7,Walk-in,3.4,Closed
PPG-01603,Francistown,Tati Siding,Commercial Office,Rental,Agent_Boago,0,0,386,1498,11,0,1,0,8862857.142857142,51700.0,51700.0,51700.0,7.0,0.0,51700.0,0.0,2024-08-05,2024-09-12,38,4,Referral,4.8,Closed
PPG-01604,Maun,Sedie Ward,Plot,Sale,Agent_Boago,0,0,0,1706,2,0,0,1,116000.0,116000.0,112000.0,0.0,0.0,0.0,5600.0,0.0,2024-03-17,2024-05-24,68,8,Walk-in,4.6,Closed
PPG-01605,Maun,Boseja,Commercial Office,Sale,Agent_Lesego,0,0,355,655,15,0,1,1,3944000.0,3960000.0,3904000.0,0.0,0.0,0.41,195200.0,0.0,2025-02-19,,175,21,Agent Network,3.2,Active
PPG-01606,Gaborone,Phakalane,Apartment,Rental,Agent_Tshepho,4,3,340,1605,29,0,0,0,1594285.714285714,9300.0,9300.0,9300.0,7.0,0.0,9300.0,0.0,2024-03-25,2024-04-18,24,6,Cold Call,,Closed
PPG-01607,Maun,Sedie Ward,House,Rental,Agent_Gomolemo,1,1,594,1918,17,1,0,1,3497142.857142857,20400.0,20400.0,20400.0,7.0,0.0,20400.0,0.0,2024-05-03,2024-05-13,10,1,Agent Network,,Closed
PPG-01608,Francistown,Gerald Estate,Townhouse,Sale,Agent_Tshepho,1,1,576,793,3,0,1,0,1210000.0,1243000.0,1210000.0,0.0,0.0,2.73,60500.0,0.0,2024-12-10,2025-02-02,54,8,Referral,4.3,Closed
PPG-01609,Francistown,Tati Siding,Plot,Sale,Agent_Kabo,0,0,0,1260,35,0,0,0,109000.0,99000.0,109000.0,0.0,0.0,-9.17,5450.0,500.0,2024-06-16,2024-08-25,70,11,Cold Call,,Closed
PPG-01610,Francistown,Tati Siding,Plot,Sale,Agent_Boago,0,0,0,603,34,0,0,0,124000.0,122000.0,120000.0,0.0,0.0,-1.61,6000.0,100.0,2024-05-16,2024-06-19,34,3,Walk-in,,Closed
PPG-01611,Maun,Boseja,House,Sale,Agent_Gomolemo,4,3,107,1960,15,0,0,0,234000.0,228000.0,228000.0,0.0,0.0,-2.56,11400.0,300.0,2024-02-05,2024-07-07,153,16,Cold Call,,Closed
PPG-01612,Francistown,Somerset,Warehouse,Rental,Agent_Boago,0,0,563,1779,19,0,1,0,13028571.428571427,76000.0,76000.0,76000.0,7.0,0.0,76000.0,0.0,2024-06-29,2024-08-10,42,6,Agent Network,,Closed
PPG-01613,Francistown,Gerald Estate,Warehouse,Rental,Agent_Gomolemo,0,0,408,1108,20,0,1,0,7491428.571428571,43700.0,43700.0,43700.0,7.0,0.0,43700.0,0.0,2024-10-09,2024-10-17,8,4,Cold Call,,Closed
PPG-01614,Gaborone,Riverwalk,Commercial Office,Rental,Agent_Lesego,0,0,548,1482,22,0,1,0,2879999.9999999995,16800.0,16800.0,16800.0,7.0,0.0,16800.0,0.0,2024-11-10,2024-12-04,24,3,Referral,,Closed
PPG-01615,Francistown,Somerset,Plot,Sale,Agent_Neo,0,0,0,419,13,0,0,1,187000.0,179000.0,184000.0,0.0,0.0,-4.28,9200.0,400.0,2024-02-03,2024-06-07,125,12,Online Listing,3.5,Closed
PPG-01616,Gaborone,CBD,Commercial Office,Sale,Agent_Lesego,0,0,212,856,29,0,1,0,1989000.0,1985000.0,1920000.0,0.0,0.0,-0.2,96000.0,200.0,2024-08-02,2024-11-19,109,14,Agent Network,3.4,Closed
PPG-01617,Francistown,Tati Siding,Apartment,Rental,Agent_Mpho,2,1,213,1391,22,0,0,0,1097142.857142857,6400.0,6400.0,6400.0,7.0,0.0,6400.0,0.0,2024-08-24,2024-09-25,32,4,Referral,3.4,Closed
PPG-01618,Francistown,Somerset,House,Sale,Agent_Kabo,2,1,542,1988,3,1,0,1,1920000.0,1772000.0,1831000.0,0.0,0.0,-7.71,91550.0,7400.0,2024-05-06,2025-01-25,264,27,Cold Call,3.7,Closed
PPG-01619,Maun,Matlapana,Apartment,Rental,Agent_Lesego,5,4,72,851,29,0,0,1,1011428.5714285714,5900.0,5900.0,5900.0,7.0,0.0,5900.0,0.0,2025-01-15,2025-01-25,10,4,Agent Network,3.8,Closed
PPG-01620,Gaborone,CBD,Townhouse,Rental,Agent_Lesego,3,2,369,1790,9,1,1,0,2691428.5714285714,15700.0,15700.0,15700.0,7.0,0.0,15700.0,0.0,2025-04-19,2025-05-31,42,7,Referral,,Closed
PPG-01621,Francistown,Somerset,Warehouse,Rental,Agent_Mpho,0,0,262,1626,27,0,1,1,5537142.857142856,32300.0,32300.0,32300.0,7.0,0.0,32300.0,0.0,2024-05-15,2024-06-20,36,4,Cold Call,4.1,Closed
PPG-01622,Gaborone,Riverwalk,Commercial Office,Rental,Agent_Neo,0,0,590,745,13,0,1,1,4405714.285714285,25700.0,25700.0,25700.0,7.0,0.0,25700.0,0.0,2024-04-06,2024-05-17,41,6,Cold Call,4.6,Closed
PPG-01623,Francistown,Gerald Estate,Retail Space,Sale,Agent_Lesego,0,0,90,561,21,0,1,0,867000.0,879000.0,845000.0,0.0,0.0,1.38,42250.0,0.0,2025-04-27,2025-05-27,30,7,Online Listing,4.1,Closed
PPG-01624,Gaborone,Mogoditshane,Commercial Office,Rental,Agent_Neo,0,0,151,1796,0,0,1,1,4971428.571428571,29000.0,29000.0,29000.0,7.0,0.0,29000.0,0.0,2025-04-25,2025-05-22,27,3,Referral,,Closed
PPG-01625,Francistown,Tati Siding,Apartment,Rental,Agent_Boago,3,2,270,1473,26,0,0,1,1782857.1428571427,10400.0,10400.0,10400.0,7.0,0.0,10400.0,0.0,2024-12-10,2025-01-20,41,4,Online Listing,,Closed
PPG-01626,Maun,Boseja,Townhouse,Rental,Agent_Gomolemo,4,3,430,1191,23,1,1,0,1611428.5714285714,9400.0,9400.0,9400.0,7.0,0.0,9400.0,0.0,2024-02-24,2024-03-07,12,1,Walk-in,4.5,Closed
PPG-01627,Francistown,Somerset,Plot,Sale,Agent_Boago,0,0,0,753,10,0,0,1,191000.0,191000.0,191000.0,0.0,0.0,0.0,9550.0,0.0,2025-04-17,2025-06-15,59,6,Referral,3.4,Closed
PPG-01628,Maun,Boseja,Townhouse,Sale,Agent_Neo,5,4,126,1172,25,1,1,1,230000.0,208000.0,228000.0,0.0,0.0,-9.57,11400.0,1100.0,2025-02-27,2025-06-25,118,15,Agent Network,4.3,Closed
PPG-01629,Gaborone,Riverwalk,Commercial Office,Rental,Agent_Lesego,0,0,346,487,30,0,0,0,8640000.0,50400.0,50400.0,50400.0,7.0,0.0,50400.0,0.0,2024-01-24,2024-03-05,41,7,Referral,,Closed
PPG-01630,Francistown,Gerald Estate,Retail Space,Rental,Agent_Boago,0,0,170,329,18,0,1,0,3445714.2857142854,20100.0,20100.0,20100.0,7.0,0.0,20100.0,0.0,2024-10-05,2024-11-03,29,6,Agent Network,3.5,Closed
PPG-01631,Francistown,Somerset,Warehouse,Rental,Agent_Mpho,0,0,118,1824,20,0,1,0,3737142.857142857,21800.0,21800.0,21800.0,7.0,0.0,21800.0,0.0,2024-12-05,2025-01-01,27,4,Agent Network,3.2,Closed
PPG-01632,Gaborone,Riverwalk,Commercial Office,Rental,Agent_Gomolemo,0,0,520,1206,5,0,0,0,6737142.857142856,39300.0,39300.0,39300.0,7.0,0.0,39300.0,0.0,2024-08-30,2024-09-30,31,4,Online Listing,3.7,Closed
PPG-01633,Maun,Boseja,Commercial Office,Sale,Agent_Lesego,0,0,575,383,25,0,1,1,5808000.0,5892000.0,5720000.0,0.0,0.0,1.45,286000.0,0.0,2024-09-28,2024-11-30,63,7,Online Listing,4.1,Closed
PPG-01634,Maun,Boseja,Apartment,Sale,Agent_Kabo,1,1,424,1096,2,0,0,0,456000.0,406000.0,429000.0,0.0,0.0,-10.96,21450.0,2500.0,2024-11-02,,263,29,Referral,3.9,Active
PPG-01635,Francistown,Tati Siding,Warehouse,Sale,Agent_Neo,0,0,143,1172,5,0,1,1,2289000.0,2316000.0,2217000.0,0.0,0.0,1.18,110850.0,0.0,2025-05-29,2025-06-22,24,7,Cold Call,,Closed
PPG-01636,Francistown,Monarch,Townhouse,Sale,Agent_Neo,2,1,281,1063,8,0,1,0,594000.0,607000.0,591000.0,0.0,0.0,2.19,29550.0,0.0,2025-05-08,,56,5,Cold Call,,Active
PPG-01637,Gaborone,Tlokweng,Apartment,Rental,Agent_Gomolemo,3,2,536,493,34,0,0,1,1439999.9999999998,8400.0,8400.0,8400.0,7.0,0.0,8400.0,0.0,2024-02-26,2024-03-24,27,6,Walk-in,,Closed
PPG-01638,Maun,Sedie Ward,House,Rental,Agent_Mpho,3,2,97,1029,21,1,1,0,3737142.857142857,21800.0,21800.0,21800.0,7.0,0.0,21800.0,0.0,2024-08-15,2024-09-23,39,7,Agent Network,4.0,Closed
PPG-01639,Maun,Boseja,House,Sale,Agent_Tshepho,5,4,71,1614,19,0,1,0,173000.0,177000.0,163000.0,0.0,0.0,2.31,8150.0,0.0,2024-04-13,2024-09-20,160,16,Agent Network,,Closed
PPG-01640,Maun,Matlapana,Apartment,Sale,Agent_Gomolemo,1,1,259,872,22,0,0,1,243000.0,249000.0,237000.0,0.0,0.0,2.47,11850.0,0.0,2024-03-15,2024-07-20,127,14,Agent Network,3.7,Closed
PPG-01641,Gaborone,Riverwalk,Townhouse,Sale,Agent_Neo,4,3,469,517,4,0,0,0,2872000.0,3006000.0,2867000.0,0.0,0.0,4.67,143350.0,0.0,2024-03-16,2024-07-10,116,14,Online Listing,3.3,Closed
PPG-01642,Gaborone,Extension 14,Plot,Sale,Agent_Kabo,0,0,0,1410,5,0,0,0,345000.0,311000.0,329000.0,0.0,0.0,-9.86,16450.0,1700.0,2024-07-05,2024-11-09,127,15,Cold Call,4.8,Closed
PPG-01643,Gaborone,CBD,Retail Space,Sale,Agent_Mpho,0,0,177,1919,18,0,0,1,1620000.0,1589000.0,1567000.0,0.0,0.0,-1.91,78350.0,1550.0,2024-04-20,2024-09-20,153,19,Agent Network,,Closed
PPG-01644,Francistown,Gerald Estate,House,Sale,Agent_Lesego,1,1,126,588,3,0,0,1,360000.0,376000.0,359000.0,0.0,0.0,4.44,17950.0,0.0,2024-02-13,2024-07-07,145,19,Walk-in,4.8,Closed
PPG-01645,Francistown,Monarch,Retail Space,Sale,Agent_Gomolemo,0,0,339,1170,20,0,1,0,3036000.0,3036000.0,2942000.0,0.0,0.0,0.0,147100.0,0.0,2024-05-14,2024-09-14,123,14,Online Listing,4.2,Closed
PPG-01646,Gaborone,Extension 14,Retail Space,Sale,Agent_Lesego,0,0,558,828,9,0,0,1,5426000.0,5312000.0,5264000.0,0.0,0.0,-2.1,263200.0,5700.0,2024-11-19,2025-01-13,55,7,Cold Call,4.5,Closed
PPG-01647,Maun,Matlapana,Commercial Office,Rental,Agent_Gomolemo,0,0,259,391,6,0,1,0,4782857.142857143,27900.0,27900.0,27900.0,7.0,0.0,27900.0,0.0,2024-05-22,2024-06-27,36,3,Agent Network,3.6,Closed
PPG-01648,Maun,Boseja,Commercial Office,Sale,Agent_Lesego,0,0,197,1902,24,0,1,0,2221000.0,2196000.0,2136000.0,0.0,0.0,-1.13,106800.0,1250.0,2024-05-10,2024-07-25,76,11,Agent Network,4.3,Closed
PPG-01649,Maun,Boseja,Plot,Sale,Agent_Boago,0,0,0,555,25,0,0,1,93000.0,90000.0,94000.0,0.0,0.0,-3.23,4700.0,150.0,2024-07-30,2024-08-28,29,4,Referral,,Closed
PPG-01650,Gaborone,Broadhurst,Townhouse,Rental,Agent_Mpho,4,3,94,301,33,0,0,0,1782857.1428571427,10400.0,10400.0,10400.0,7.0,0.0,10400.0,0.0,2025-02-03,2025-02-10,7,1,Agent Network,,Closed
PPG-01651,Gaborone,Block 9,Retail Space,Sale,Agent_Mpho,0,0,428,1799,14,0,1,0,3943000.0,3756000.0,3890000.0,0.0,0.0,-4.74,194500.0,9350.0,2024-09-05,2024-10-20,45,9,Referral,3.2,Closed
PPG-01652,Maun,Matlapana,Apartment,Rental,Agent_Neo,3,2,291,1785,6,0,0,0,1285714.2857142857,7500.0,7500.0,7500.0,7.0,0.0,7500.0,0.0,2024-03-17,2024-04-06,20,6,Walk-in,4.0,Closed
PPG-01653,Gaborone,Phase 2,Warehouse,Sale,Agent_Gomolemo,0,0,536,1286,34,0,1,0,6202000.0,6263000.0,6076000.0,0.0,0.0,0.98,303800.0,0.0,2024-03-23,2024-08-05,135,18,Walk-in,,Closed
PPG-01654,Gaborone,CBD,Apartment,Rental,Agent_Gomolemo,2,1,478,1004,29,0,0,0,1799999.9999999998,10500.0,10500.0,10500.0,7.0,0.0,10500.0,0.0,2025-03-21,2025-04-06,16,3,Online Listing,3.9,Closed
PPG-01655,Francistown,Gerald Estate,Retail Space,Rental,Agent_Mpho,0,0,278,1871,19,0,1,0,2862857.1428571427,16700.0,16700.0,16700.0,7.0,0.0,16700.0,0.0,2025-05-20,,43,6,Referral,4.5,Active
PPG-01656,Gaborone,Block 9,Apartment,Sale,Agent_Lesego,1,1,537,1378,35,0,0,0,1007000.0,982000.0,980000.0,0.0,0.0,-2.48,49000.0,1250.0,2024-01-08,2024-03-22,74,10,Agent Network,3.8,Closed
PPG-01657,Francistown,Monarch,Commercial Office,Rental,Agent_Mpho,0,0,366,957,32,0,1,0,3565714.2857142854,20800.0,20800.0,20800.0,7.0,0.0,20800.0,0.0,2025-04-28,2025-05-21,23,2,Referral,4.6,Closed
PPG-01658,Maun,Boseja,Commercial Office,Sale,Agent_Lesego,0,0,165,1060,8,0,1,1,2117000.0,2201000.0,2111000.0,0.0,0.0,3.97,105550.0,0.0,2024-01-16,2024-05-01,106,12,Walk-in,3.7,Closed
PPG-01659,Maun,Sedie Ward,Plot,Sale,Agent_Lesego,0,0,0,1749,29,0,0,1,125000.0,125000.0,125000.0,0.0,0.0,0.0,6250.0,0.0,2024-08-06,2024-08-30,24,6,Cold Call,3.2,Closed
PPG-01660,Gaborone,Block 9,Apartment,Sale,Agent_Mpho,3,2,521,637,27,0,0,0,1199000.0,1211000.0,1169000.0,0.0,0.0,1.0,58450.0,0.0,2024-12-30,2025-05-27,148,19,Agent Network,,Closed
PPG-01661,Maun,Sedie Ward,Commercial Office,Rental,Agent_Kabo,0,0,584,1126,3,0,0,0,8811428.57142857,51400.0,51400.0,51400.0,7.0,0.0,51400.0,0.0,2024-05-13,2024-05-23,10,5,Online Listing,4.0,Closed
PPG-01662,Francistown,Somerset,Plot,Sale,Agent_Tshepho,0,0,0,1354,8,0,0,0,176000.0,172000.0,169000.0,0.0,0.0,-2.27,8450.0,200.0,2024-02-11,2024-06-09,119,13,Walk-in,4.4,Closed
PPG-01663,Francistown,Somerset,Retail Space,Rental,Agent_Tshepho,0,0,377,1241,30,0,0,0,2091428.5714285711,12200.0,12200.0,12200.0,7.0,0.0,12200.0,0.0,2024-01-19,2024-02-05,17,4,Agent Network,5.0,Closed
PPG-01664,Francistown,Tati Siding,House,Rental,Agent_Kabo,4,3,202,631,35,0,1,0,3668571.428571428,21400.0,21400.0,21400.0,7.0,0.0,21400.0,0.0,2024-05-10,2024-05-20,10,2,Cold Call,4.0,Closed
PPG-01665,Maun,Matlapana,Plot,Sale,Agent_Neo,0,0,0,1861,28,0,0,1,124000.0,124000.0,124000.0,0.0,0.0,0.0,6200.0,0.0,2024-08-08,2025-01-15,160,17,Referral,4.8,Closed
PPG-01666,Maun,Boseja,Warehouse,Rental,Agent_Neo,0,0,230,1656,2,0,0,0,13371428.57142857,78000.0,78000.0,78000.0,7.0,0.0,78000.0,0.0,2024-02-03,2024-02-23,20,4,Cold Call,3.2,Closed
PPG-01667,Gaborone,Phase 2,Warehouse,Sale,Agent_Lesego,0,0,408,1367,17,0,0,0,5272000.0,5526000.0,4999000.0,0.0,0.0,4.82,249950.0,0.0,2025-02-02,2025-04-10,67,10,Agent Network,3.9,Closed
PPG-01668,Maun,Matlapana,Townhouse,Sale,Agent_Neo,4,3,318,1581,33,1,0,0,502000.0,509000.0,474000.0,0.0,0.0,1.39,23700.0,0.0,2024-09-09,2025-01-21,134,14,Cold Call,3.4,Closed
PPG-01669,Francistown,Somerset,Warehouse,Rental,Agent_Tshepho,0,0,568,663,31,0,1,0,8485714.285714285,49500.0,49500.0,49500.0,7.0,0.0,49500.0,0.0,2025-05-14,2025-06-09,26,3,Cold Call,4.1,Closed
PPG-01670,Gaborone,Broadhurst,Retail Space,Rental,Agent_Gomolemo,0,0,151,1294,16,0,0,1,4011428.571428571,23400.0,23400.0,23400.0,7.0,0.0,23400.0,0.0,2024-01-25,2024-03-03,38,5,Cold Call,,Closed
PPG-01671,Francistown,Somerset,Apartment,Sale,Agent_Mpho,4,3,475,535,23,0,0,0,775000.0,734000.0,739000.0,0.0,0.0,-5.29,36950.0,2050.0,2024-09-14,2025-04-12,210,23,Walk-in,4.2,Closed
PPG-01672,Gaborone,Phakalane,Retail Space,Rental,Agent_Boago,0,0,159,1938,24,0,0,0,3479999.9999999995,20300.0,20300.0,20300.0,7.0,0.0,20300.0,0.0,2025-04-16,2025-05-27,41,6,Walk-in,5.0,Closed
PPG-01673,Maun,Sedie Ward,Commercial Office,Rental,Agent_Kabo,0,0,552,759,33,0,0,1,6068571.428571428,35400.0,35400.0,35400.0,7.0,0.0,35400.0,0.0,2025-01-25,2025-02-26,32,6,Referral,5.0,Closed
PPG-01674,Maun,Sedie Ward,Plot,Sale,Agent_Kabo,0,0,0,1940,11,0,0,0,104000.0,99000.0,99000.0,0.0,0.0,-4.81,4950.0,250.0,2024-09-30,2025-01-07,99,12,Cold Call,,Closed
PPG-01675,Maun,Boseja,Townhouse,Rental,Agent_Boago,5,4,260,621,31,0,1,0,1782857.1428571427,10400.0,10400.0,10400.0,7.0,0.0,10400.0,0.0,2024-04-08,2024-05-10,32,4,Agent Network,3.4,Closed
PPG-01676,Francistown,Monarch,Retail Space,Rental,Agent_Neo,0,0,580,996,26,0,1,0,6959999.999999999,40600.0,40600.0,40600.0,7.0,0.0,40600.0,0.0,2025-03-06,2025-03-13,7,4,Walk-in,4.2,Closed
PPG-01677,Gaborone,Block 9,Commercial Office,Rental,Agent_Tshepho,0,0,360,1998,13,0,0,0,10234285.714285713,59700.0,59700.0,59700.0,7.0,0.0,59700.0,0.0,2025-02-24,2025-03-16,20,5,Online Listing,,Closed
PPG-01678,Francistown,Somerset,Apartment,Rental,Agent_Tshepho,4,3,494,1942,22,0,0,0,2108571.428571428,12300.0,12300.0,12300.0,7.0,0.0,12300.0,0.0,2024-09-27,2024-10-21,24,5,Cold Call,3.8,Closed
PPG-01679,Maun,Boseja,Retail Space,Rental,Agent_Neo,0,0,513,1824,5,0,1,0,6634285.714285714,38700.0,38700.0,38700.0,7.0,0.0,38700.0,0.0,2024-09-01,2024-09-21,20,4,Agent Network,4.3,Closed
PPG-01680,Maun,Sedie Ward,Apartment,Sale,Agent_Lesego,3,2,307,1206,31,0,0,1,304000.0,314000.0,291000.0,0.0,0.0,3.29,14550.0,0.0,2024-01-28,2024-04-04,67,8,Agent Network,,Closed
PPG-01681,Gaborone,Riverwalk,Commercial Office,Rental,Agent_Kabo,0,0,295,1389,13,0,1,0,9702857.142857142,56600.0,56600.0,56600.0,7.0,0.0,56600.0,0.0,2024-07-12,2024-07-26,14,1,Cold Call,,Closed
PPG-01682,Maun,Boseja,Townhouse,Sale,Agent_Boago,3,2,89,1272,14,0,1,0,135000.0,129000.0,128000.0,0.0,0.0,-4.44,6400.0,300.0,2024-05-24,2024-09-12,111,15,Online Listing,,Closed
PPG-01683,Maun,Boseja,Warehouse,Rental,Agent_Neo,0,0,270,713,18,0,0,0,10097142.857142856,58900.0,58900.0,58900.0,7.0,0.0,58900.0,0.0,2024-09-29,2024-10-27,28,7,Agent Network,,Closed
PPG-01684,Gaborone,Mogoditshane,Plot,Sale,Agent_Mpho,0,0,0,841,7,0,0,1,204000.0,204000.0,204000.0,0.0,0.0,0.0,10200.0,0.0,2024-02-24,2024-07-27,154,15,Online Listing,,Closed
PPG-01685,Gaborone,Phakalane,Apartment,Rental,Agent_Boago,4,3,105,1289,34,0,0,1,2211428.5714285714,12900.0,12900.0,12900.0,7.0,0.0,12900.0,0.0,2024-12-01,2024-12-11,10,3,Agent Network,3.5,Closed
PPG-01686,Francistown,Tati Siding,Commercial Office,Rental,Agent_Boago,0,0,267,1361,12,0,0,0,2742857.1428571427,16000.0,16000.0,16000.0,7.0,0.0,16000.0,0.0,2024-03-30,2024-04-18,19,2,Online Listing,3.9,Closed
PPG-01687,Maun,Boseja,Townhouse,Rental,Agent_Boago,5,4,275,999,1,0,0,0,2657142.857142857,15500.0,15500.0,15500.0,7.0,0.0,15500.0,0.0,2024-07-06,2024-08-04,29,3,Walk-in,3.1,Closed
PPG-01688,Francistown,Tati Siding,Townhouse,Rental,Agent_Tshepho,1,1,552,474,34,0,1,1,1542857.1428571427,9000.0,9000.0,9000.0,7.0,0.0,9000.0,0.0,2025-02-12,2025-02-21,9,4,Referral,,Closed
PPG-01689,Gaborone,Riverwalk,Plot,Sale,Agent_Lesego,0,0,0,1525,33,0,0,0,459000.0,459000.0,459000.0,0.0,0.0,0.0,22950.0,0.0,2024-04-14,2024-06-13,60,9,Referral,4.0,Closed
PPG-01690,Gaborone,Block 9,Warehouse,Sale,Agent_Neo,0,0,561,1485,4,0,0,0,9042000.0,8525000.0,8833000.0,0.0,0.0,-5.72,441650.0,25850.0,2024-11-04,2025-05-03,180,22,Online Listing,4.6,Closed
PPG-01691,Gaborone,Phase 2,Commercial Office,Rental,Agent_Gomolemo,0,0,533,736,27,0,0,1,4765714.285714285,27800.0,27800.0,27800.0,7.0,0.0,27800.0,0.0,2024-01-08,2024-01-29,21,6,Online Listing,,Closed
PPG-01692,Gaborone,Extension 14,House,Sale,Agent_Neo,2,1,180,1225,35,0,1,0,810000.0,793000.0,790000.0,0.0,0.0,-2.1,39500.0,850.0,2024-09-30,2024-12-12,73,7,Online Listing,4.3,Closed
PPG-01693,Francistown,Somerset,House,Sale,Agent_Mpho,1,1,532,1582,23,0,0,0,1206000.0,1223000.0,1145000.0,0.0,0.0,1.41,57250.0,0.0,2025-02-15,2025-05-30,104,11,Referral,,Closed
PPG-01694,Maun,Matlapana,Apartment,Rental,Agent_Lesego,3,2,331,306,15,0,0,1,1782857.1428571427,10400.0,10400.0,10400.0,7.0,0.0,10400.0,0.0,2024-04-30,2024-05-25,25,2,Online Listing,4.4,Closed
PPG-01695,Gaborone,Mogoditshane,House,Sale,Agent_Kabo,5,4,425,740,5,0,0,1,2003000.0,1831000.0,1955000.0,0.0,0.0,-8.59,97750.0,8600.0,2024-02-26,2024-07-02,127,17,Walk-in,,Closed
PPG-01696,Gaborone,Phakalane,Townhouse,Rental,Agent_Lesego,4,3,282,1357,22,0,0,0,2862857.1428571427,16700.0,16700.0,16700.0,7.0,0.0,16700.0,0.0,2024-06-02,2024-06-22,20,7,Online Listing,3.5,Closed
PPG-01697,Gaborone,Block 9,Retail Space,Sale,Agent_Kabo,0,0,557,597,12,0,0,0,5233000.0,4849000.0,5156000.0,0.0,0.0,-7.34,257800.0,19200.0,2025-03-04,,237,25,Walk-in,4.2,Active
PPG-01698,Gaborone,Phakalane,Commercial Office,Rental,Agent_Kabo,0,0,396,921,16,0,0,0,3359999.9999999995,19600.0,19600.0,19600.0,7.0,0.0,19600.0,0.0,2024-12-12,2024-12-15,3,4,Online Listing,4.2,Closed
PPG-01699,Gaborone,Block 9,Warehouse,Sale,Agent_Kabo,0,0,321,890,26,0,0,1,4470000.0,3954000.0,4444000.0,0.0,0.0,-11.54,222200.0,25800.0,2024-08-03,2025-01-23,173,21,Cold Call,,Closed
PPG-01700,Gaborone,Extension 14,Retail Space,Sale,Agent_Boago,0,0,216,1214,28,0,0,1,1890000.0,1835000.0,1792000.0,0.0,0.0,-2.91,89600.0,2750.0,2024-08-10,2024-12-26,138,14,Agent Network,4.5,Closed
PPG-01701,Gaborone,Riverwalk,Commercial Office,Sale,Agent_Tshepho,0,0,77,1310,3,0,0,0,998000.0,1002000.0,988000.0,0.0,0.0,0.4,49400.0,0.0,2024-04-18,2024-08-14,118,12,Agent Network,,Closed
PPG-01702,Maun,Boseja,Retail Space,Rental,Agent_Tshepho,0,0,180,615,21,0,1,1,7165714.285714285,41800.0,41800.0,41800.0,7.0,0.0,41800.0,0.0,2024-06-21,2024-07-22,31,6,Agent Network,,Closed
PPG-01703,Maun,Matlapana,Plot,Sale,Agent_Lesego,0,0,0,1902,9,0,0,0,130000.0,129000.0,123000.0,0.0,0.0,-0.77,6150.0,50.0,2024-07-25,2024-10-10,77,10,Walk-in,4.3,Closed
PPG-01704,Gaborone,Phakalane,Townhouse,Rental,Agent_Lesego,3,2,306,1918,18,0,0,1,2759999.9999999995,16100.0,16100.0,16100.0,7.0,0.0,16100.0,0.0,2025-03-21,2025-04-04,14,4,Walk-in,4.9,Closed
PPG-01705,Maun,Matlapana,Apartment,Rental,Agent_Lesego,4,3,484,1342,3,0,0,0,2057142.857142857,12000.0,12000.0,12000.0,7.0,0.0,12000.0,0.0,2024-12-30,2025-01-02,3,5,Online Listing,3.1,Closed
PPG-01706,Francistown,Monarch,Townhouse,Sale,Agent_Mpho,4,3,150,1058,21,0,0,0,302000.0,294000.0,298000.0,0.0,0.0,-2.65,14900.0,400.0,2024-09-05,2024-09-29,24,2,Agent Network,4.9,Closed
PPG-01707,Maun,Sedie Ward,Commercial Office,Sale,Agent_Lesego,0,0,150,368,23,0,1,0,1514000.0,1566000.0,1498000.0,0.0,0.0,3.43,74900.0,0.0,2024-08-31,2024-11-01,62,9,Cold Call,,Closed
PPG-01708,Maun,Matlapana,Apartment,Sale,Agent_Kabo,5,4,518,1362,10,0,0,0,835000.0,744000.0,829000.0,0.0,0.0,-10.9,41450.0,4550.0,2025-04-08,,168,17,Online Listing,4.1,Active
PPG-01709,Francistown,Monarch,Apartment,Sale,Agent_Lesego,4,3,505,898,30,0,0,1,841000.0,801000.0,835000.0,0.0,0.0,-4.76,41750.0,2000.0,2025-03-20,,111,14,Referral,4.3,Active
PPG-01710,Maun,Matlapana,Warehouse,Rental,Agent_Boago,0,0,514,1989,19,0,1,0,6634285.714285714,38700.0,38700.0,38700.0,7.0,0.0,38700.0,0.0,2025-04-01,2025-05-16,45,6,Walk-in,3.5,Closed
PPG-01711,Maun,Matlapana,Retail Space,Rental,Agent_Neo,0,0,315,488,20,0,1,0,3822857.1428571427,22300.0,22300.0,22300.0,7.0,0.0,22300.0,0.0,2024-05-27,2024-06-11,15,3,Cold Call,,Closed
PPG-01712,Gaborone,CBD,Retail Space,Sale,Agent_Gomolemo,0,0,444,849,24,0,1,0,4111000.0,4207000.0,3934000.0,0.0,0.0,2.34,196700.0,0.0,2024-05-19,2024-08-02,75,11,Agent Network,3.4,Closed
PPG-01713,Gaborone,Broadhurst,Plot,Sale,Agent_Mpho,0,0,0,1295,35,0,0,0,216000.0,217000.0,218000.0,0.0,0.0,0.46,10900.0,0.0,2025-05-22,,135,13,Referral,4.6,Active
PPG-01714,Francistown,Tati Siding,Warehouse,Rental,Agent_Gomolemo,0,0,520,1656,25,0,0,0,11554285.714285713,67400.0,67400.0,67400.0,7.0,0.0,67400.0,0.0,2025-01-15,2025-02-16,32,6,Cold Call,3.0,Closed
PPG-01715,Francistown,Gerald Estate,House,Sale,Agent_Gomolemo,4,3,550,1634,27,0,1,0,1664000.0,1645000.0,1667000.0,0.0,0.0,-1.14,83350.0,950.0,2024-09-16,2024-11-07,52,5,Walk-in,,Closed
PPG-01716,Gaborone,Extension 14,Plot,Sale,Agent_Tshepho,0,0,0,1233,6,0,0,0,325000.0,325000.0,325000.0,0.0,0.0,0.0,16250.0,0.0,2024-09-12,2024-12-11,90,14,Walk-in,4.1,Closed
PPG-01717,Maun,Boseja,Warehouse,Sale,Agent_Boago,0,0,408,1137,23,0,0,1,5326000.0,5488000.0,5271000.0,0.0,0.0,3.04,263550.0,0.0,2025-05-27,,128,15,Agent Network,3.4,Active
PPG-01718,Francistown,Monarch,Retail Space,Sale,Agent_Lesego,0,0,272,718,35,0,1,0,2377000.0,2489000.0,2335000.0,0.0,0.0,4.71,116750.0,0.0,2024-09-30,2025-01-04,96,14,Agent Network,4.8,Closed
PPG-01719,Maun,Boseja,Townhouse,Sale,Agent_Neo,3,2,195,1268,1,0,1,0,320000.0,330000.0,301000.0,0.0,0.0,3.12,15050.0,0.0,2025-05-10,,129,12,Online Listing,,Active
PPG-01720,Francistown,Monarch,House,Sale,Agent_Neo,2,1,171,1122,35,0,1,0,380000.0,351000.0,361000.0,0.0,0.0,-7.63,18050.0,1450.0,2024-10-15,2025-02-09,117,14,Referral,3.7,Closed
PPG-01721,Gaborone,Mogoditshane,Apartment,Rental,Agent_Mpho,1,1,483,1028,21,0,0,0,1508571.4285714284,8800.0,8800.0,8800.0,7.0,0.0,8800.0,0.0,2024-05-29,2024-06-17,19,3,Agent Network,3.3,Closed
PPG-01722,Francistown,Somerset,House,Sale,Agent_Boago,4,3,544,1830,3,1,0,1,2034000.0,2015000.0,1994000.0,0.0,0.0,-0.93,99700.0,950.0,2024-11-22,2025-03-27,125,12,Walk-in,3.2,Closed
PPG-01723,Maun,Matlapana,Retail Space,Rental,Agent_Tshepho,0,0,267,1959,11,0,0,1,6565714.285714285,38300.0,38300.0,38300.0,7.0,0.0,38300.0,0.0,2024-08-23,2024-09-09,17,6,Walk-in,3.5,Closed
PPG-01724,Francistown,Gerald Estate,House,Rental,Agent_Gomolemo,3,2,544,1974,3,0,0,1,3874285.714285714,22600.0,22600.0,22600.0,7.0,0.0,22600.0,0.0,2024-08-20,2024-08-25,5,2,Referral,,Closed
PPG-01725,Maun,Boseja,Plot,Sale,Agent_Boago,0,0,0,1586,21,0,0,0,122000.0,122000.0,122000.0,0.0,0.0,0.0,6100.0,0.0,2024-05-26,2024-06-10,15,1,Online Listing,4.3,Closed
PPG-01726,Gaborone,Block 9,Warehouse,Sale,Agent_Lesego,0,0,383,501,3,0,0,1,6053000.0,6344000.0,5846000.0,0.0,0.0,4.81,292300.0,0.0,2024-11-05,2024-12-31,56,10,Agent Network,3.0,Closed
PPG-01727,Maun,Boseja,House,Rental,Agent_Tshepho,2,1,521,1219,2,0,1,0,1405714.2857142857,8200.0,8200.0,8200.0,7.0,0.0,8200.0,0.0,2024-10-03,2024-11-03,31,3,Walk-in,3.7,Closed
PPG-01728,Maun,Sedie Ward,Apartment,Sale,Agent_Neo,2,1,541,489,28,0,0,0,510000.0,490000.0,513000.0,0.0,0.0,-3.92,25650.0,1000.0,2024-08-30,2025-01-28,151,15,Referral,3.1,Closed
PPG-01729,Gaborone,Block 9,Warehouse,Sale,Agent_Lesego,0,0,447,1542,35,0,1,0,5198000.0,5133000.0,5149000.0,0.0,0.0,-1.25,257450.0,3250.0,2024-02-14,2024-05-29,105,15,Online Listing,4.3,Closed
PPG-01730,Francistown,Somerset,Warehouse,Sale,Agent_Lesego,0,0,437,1256,1,0,0,0,7480000.0,7301000.0,7254000.0,0.0,0.0,-2.39,362700.0,8950.0,2024-07-05,2024-11-04,122,16,Walk-in,3.3,Closed
PPG-01731,Gaborone,Mogoditshane,Retail Space,Rental,Agent_Boago,0,0,126,548,35,0,1,0,2177142.857142857,12700.0,12700.0,12700.0,7.0,0.0,12700.0,0.0,2024-04-30,2024-05-04,4,1,Cold Call,3.0,Closed
PPG-01732,Maun,Matlapana,Commercial Office,Sale,Agent_Lesego,0,0,128,1638,29,0,1,0,1379000.0,1333000.0,1347000.0,0.0,0.0,-3.34,67350.0,2300.0,2025-04-21,,132,13,Agent Network,,Active
PPG-01733,Maun,Sedie Ward,Plot,Sale,Agent_Mpho,0,0,0,1337,8,0,0,0,106000.0,106000.0,106000.0,0.0,0.0,0.0,5300.0,0.0,2024-12-09,2025-04-04,116,14,Cold Call,3.1,Closed
PPG-01734,Francistown,Tati Siding,Apartment,Rental,Agent_Boago,5,4,430,1099,7,0,0,0,2125714.2857142854,12400.0,12400.0,12400.0,7.0,0.0,12400.0,0.0,2024-06-01,2024-06-06,5,1,Online Listing,3.7,Closed
PPG-01735,Gaborone,Riverwalk,Retail Space,Sale,Agent_Lesego,0,0,420,391,3,0,1,1,4581000.0,4592000.0,4540000.0,0.0,0.0,0.24,227000.0,0.0,2025-05-16,,134,17,Online Listing,5.0,Active
PPG-01736,Francistown,Tati Siding,Commercial Office,Rental,Agent_Mpho,0,0,401,1640,35,0,1,0,5451428.571428571,31800.0,31800.0,31800.0,7.0,0.0,31800.0,0.0,2025-04-25,2025-05-05,10,3,Referral,,Closed
PPG-01737,Gaborone,Tlokweng,Commercial Office,Sale,Agent_Mpho,0,0,449,820,27,0,0,1,4446000.0,4398000.0,4191000.0,0.0,0.0,-1.08,209550.0,2400.0,2024-03-19,2024-05-27,69,9,Cold Call,3.1,Closed
PPG-01738,Maun,Boseja,Commercial Office,Rental,Agent_Mpho,0,0,442,775,15,0,1,1,5845714.285714285,34100.0,34100.0,34100.0,7.0,0.0,34100.0,0.0,2024-06-24,2024-06-30,6,4,Referral,4.6,Closed
PPG-01739,Francistown,Gerald Estate,Plot,Sale,Agent_Neo,0,0,0,532,11,0,0,0,180000.0,175000.0,171000.0,0.0,0.0,-2.78,8550.0,250.0,2024-08-14,2024-09-11,28,7,Agent Network,3.9,Closed
PPG-01740,Gaborone,Broadhurst,Commercial Office,Rental,Agent_Boago,0,0,509,1064,3,0,1,0,7919999.999999999,46200.0,46200.0,46200.0,7.0,0.0,46200.0,0.0,2025-05-21,2025-06-23,33,3,Cold Call,3.4,Closed
PPG-01741,Gaborone,Phase 2,Apartment,Rental,Agent_Lesego,2,1,418,807,32,0,0,0,977142.857142857,5700.0,5700.0,5700.0,7.0,0.0,5700.0,0.0,2024-12-04,2025-01-07,34,3,Online Listing,3.3,Closed
PPG-01742,Francistown,Somerset,House,Rental,Agent_Neo,5,4,95,1801,12,0,0,1,3239999.9999999995,18900.0,18900.0,18900.0,7.0,0.0,18900.0,0.0,2025-03-03,2025-03-17,14,3,Cold Call,,Closed
PPG-01743,Maun,Matlapana,Plot,Sale,Agent_Neo,0,0,0,1993,29,0,0,0,138000.0,138000.0,138000.0,0.0,0.0,0.0,6900.0,0.0,2024-11-18,2025-02-16,90,12,Walk-in,3.5,Closed
PPG-01744,Maun,Sedie Ward,Townhouse,Sale,Agent_Lesego,1,1,129,332,19,1,1,0,163000.0,169000.0,162000.0,0.0,0.0,3.68,8100.0,0.0,2025-03-01,,163,21,Cold Call,,Active
PPG-01745,Gaborone,Broadhurst,Townhouse,Rental,Agent_Tshepho,2,1,374,1931,32,0,1,1,2554285.714285714,14900.0,14900.0,14900.0,7.0,0.0,14900.0,0.0,2024-02-08,2024-02-23,15,4,Online Listing,3.1,Closed
PPG-01746,Gaborone,CBD,Townhouse,Sale,Agent_Gomolemo,4,3,251,918,21,0,1,0,918000.0,932000.0,872000.0,0.0,0.0,1.53,43600.0,0.0,2024-09-12,2025-02-11,152,15,Online Listing,4.7,Closed
PPG-01747,Francistown,Somerset,Warehouse,Sale,Agent_Lesego,0,0,342,1088,24,0,0,0,4635000.0,4523000.0,4614000.0,0.0,0.0,-2.42,230700.0,5600.0,2024-03-19,2024-04-08,20,6,Agent Network,3.7,Closed
PPG-01748,Francistown,Somerset,Townhouse,Sale,Agent_Mpho,3,2,147,1815,11,1,1,1,365000.0,339000.0,357000.0,0.0,0.0,-7.12,17850.0,1300.0,2024-12-09,2025-03-15,96,14,Referral,,Closed
PPG-01749,Francistown,Gerald Estate,Warehouse,Sale,Agent_Gomolemo,0,0,203,1360,21,0,0,0,2884000.0,2791000.0,2786000.0,0.0,0.0,-3.22,139300.0,4650.0,2025-04-29,,147,18,Referral,,Active
PPG-01750,Francistown,Somerset,Warehouse,Rental,Agent_Gomolemo,0,0,242,648,5,0,0,0,10045714.285714285,58600.0,58600.0,58600.0,7.0,0.0,58600.0,0.0,2024-04-15,2024-05-29,44,5,Online Listing,4.8,Closed
PPG-01751,Francistown,Monarch,Townhouse,Rental,Agent_Kabo,1,1,146,743,32,0,0,1,2280000.0,13300.0,13300.0,13300.0,7.0,0.0,13300.0,0.0,2024-07-13,2024-08-22,40,6,Walk-in,3.8,Closed
PPG-01752,Gaborone,Phakalane,House,Sale,Agent_Gomolemo,1,1,170,1222,19,0,1,0,1135000.0,1123000.0,1091000.0,0.0,0.0,-1.06,54550.0,600.0,2024-03-16,2024-08-08,145,17,Referral,,Closed
PPG-01753,Maun,Matlapana,Apartment,Rental,Agent_Boago,4,3,394,1542,6,0,0,0,1337142.857142857,7800.0,7800.0,7800.0,7.0,0.0,7800.0,0.0,2024-10-06,2024-11-18,43,4,Cold Call,4.9,Closed
PPG-01754,Gaborone,Mogoditshane,Warehouse,Sale,Agent_Kabo,0,0,157,501,12,0,1,1,2289000.0,2054000.0,2192000.0,0.0,0.0,-10.27,109600.0,11750.0,2024-01-13,2024-03-03,50,8,Online Listing,,Closed
PPG-01755,Francistown,Tati Siding,Retail Space,Sale,Agent_Kabo,0,0,221,320,8,0,1,0,2428000.0,2500000.0,2335000.0,0.0,0.0,2.97,116750.0,0.0,2024-05-17,2024-10-29,165,21,Referral,4.9,Closed
PPG-01756,Maun,Sedie Ward,Retail Space,Rental,Agent_Neo,0,0,496,1750,25,0,0,1,7559999.999999999,44100.0,44100.0,44100.0,7.0,0.0,44100.0,0.0,2025-05-26,2025-06-29,34,3,Referral,,Closed
PPG-01757,Maun,Boseja,Apartment,Rental,Agent_Gomolemo,1,1,80,793,13,0,0,0,2211428.5714285714,12900.0,12900.0,12900.0,7.0,0.0,12900.0,0.0,2025-01-14,2025-01-21,7,5,Walk-in,4.6,Closed
PPG-01758,Maun,Sedie Ward,Retail Space,Sale,Agent_Tshepho,0,0,350,1934,29,0,0,1,2803000.0,2844000.0,2751000.0,0.0,0.0,1.46,137550.0,0.0,2025-05-12,,118,15,Referral,4.4,Active
PPG-01759,Gaborone,Extension 14,Warehouse,Sale,Agent_Kabo,0,0,583,1480,12,0,0,0,9067000.0,8945000.0,9106000.0,0.0,0.0,-1.35,455300.0,6100.0,2024-10-07,2024-11-29,53,7,Referral,3.9,Closed
PPG-01760,Maun,Matlapana,House,Rental,Agent_Neo,5,4,300,444,5,0,0,0,3342857.1428571427,19500.0,19500.0,19500.0,7.0,0.0,19500.0,0.0,2024-07-14,2024-08-06,23,4,Referral,4.4,Closed
PPG-01761,Francistown,Monarch,Retail Space,Sale,Agent_Tshepho,0,0,567,1281,23,0,1,0,5391000.0,5426000.0,5240000.0,0.0,0.0,0.65,262000.0,0.0,2025-05-31,,113,12,Agent Network,3.5,Active
PPG-01762,Gaborone,Block 9,Commercial Office,Sale,Agent_Lesego,0,0,323,1431,17,0,0,1,3404000.0,3348000.0,3278000.0,0.0,0.0,-1.65,163900.0,2800.0,2024-03-09,2024-06-13,96,9,Online Listing,3.4,Closed
PPG-01763,Maun,Boseja,House,Sale,Agent_Boago,1,1,480,1319,19,0,0,0,825000.0,798000.0,779000.0,0.0,0.0,-3.27,38950.0,1350.0,2024-08-31,2025-01-12,134,14,Referral,,Closed
PPG-01764,Gaborone,CBD,Retail Space,Rental,Agent_Boago,0,0,574,1911,29,0,0,0,7679999.999999999,44800.0,44800.0,44800.0,7.0,0.0,44800.0,0.0,2024-07-22,2024-08-05,14,6,Referral,3.2,Closed
PPG-01765,Maun,Matlapana,Plot,Sale,Agent_Kabo,0,0,0,1023,19,0,0,0,115000.0,118000.0,116000.0,0.0,0.0,2.61,5800.0,0.0,2025-03-09,2025-05-17,69,7,Agent Network,,Closed
PPG-01766,Francistown,Somerset,Apartment,Sale,Agent_Kabo,5,4,575,1124,10,0,0,0,1140000.0,1087000.0,1137000.0,0.0,0.0,-4.65,56850.0,2650.0,2024-04-07,2024-08-22,137,14,Walk-in,3.6,Closed
PPG-01767,Francistown,Monarch,Warehouse,Sale,Agent_Kabo,0,0,192,438,32,0,1,1,2368000.0,2303000.0,2314000.0,0.0,0.0,-2.74,115700.0,3250.0,2024-07-15,2024-09-07,54,7,Walk-in,4.1,Closed
PPG-01768,Gaborone,Broadhurst,Warehouse,Sale,Agent_Mpho,0,0,346,684,19,0,0,1,5009000.0,4686000.0,4847000.0,0.0,0.0,-6.45,242350.0,16150.0,2024-03-08,2024-03-23,15,2,Walk-in,,Closed
PPG-01769,Francistown,Gerald Estate,Townhouse,Rental,Agent_Boago,5,4,370,572,3,0,0,0,2485714.2857142854,14500.0,14500.0,14500.0,7.0,0.0,14500.0,0.0,2024-05-10,2024-05-27,17,3,Cold Call,4.7,Closed
PPG-01770,Maun,Boseja,Apartment,Sale,Agent_Boago,4,3,446,1927,4,0,0,0,635000.0,654000.0,619000.0,0.0,0.0,2.99,30950.0,0.0,2025-05-02,,119,11,Online Listing,,Active
PPG-01771,Francistown,Tati Siding,Warehouse,Sale,Agent_Kabo,0,0,278,1542,34,0,1,0,3316000.0,3175000.0,3253000.0,0.0,0.0,-4.25,162650.0,7050.0,2024-11-22,2025-02-24,94,12,Cold Call,4.6,Closed
PPG-01772,Gaborone,Riverwalk,Retail Space,Sale,Agent_Boago,0,0,347,532,34,0,0,0,2732000.0,2729000.0,2635000.0,0.0,0.0,-0.11,131750.0,150.0,2025-05-11,,88,10,Cold Call,4.8,Active
PPG-01773,Gaborone,Extension 14,Warehouse,Sale,Agent_Lesego,0,0,460,1775,8,0,1,0,7540000.0,7603000.0,7304000.0,0.0,0.0,0.84,365200.0,0.0,2024-11-17,2025-03-11,114,11,Agent Network,,Closed
PPG-01774,Gaborone,Riverwalk,Warehouse,Rental,Agent_Kabo,0,0,261,1239,35,0,0,1,10491428.57142857,61200.0,61200.0,61200.0,7.0,0.0,61200.0,0.0,2024-12-20,2025-01-14,25,7,Online Listing,3.4,Closed
PPG-01775,Francistown,Gerald Estate,Townhouse,Sale,Agent_Gomolemo,4,3,588,1750,26,0,0,0,1313000.0,1363000.0,1244000.0,0.0,0.0,3.81,62200.0,0.0,2024-02-02,2024-02-18,16,2,Agent Network,3.0,Closed
PPG-01776,Francistown,Monarch,Retail Space,Rental,Agent_Gomolemo,0,0,566,1856,4,0,0,0,3719999.9999999995,21700.0,21700.0,21700.0,7.0,0.0,21700.0,0.0,2024-04-18,2024-05-19,31,8,Online Listing,4.4,Closed
PPG-01777,Francistown,Monarch,House,Rental,Agent_Boago,5,4,497,1137,30,1,1,0,1799999.9999999998,10500.0,10500.0,10500.0,7.0,0.0,10500.0,0.0,2025-03-19,2025-03-30,11,3,Online Listing,4.9,Closed
PPG-01778,Gaborone,Phase 2,Commercial Office,Rental,Agent_Neo,0,0,541,468,7,0,0,0,6445714.285714285,37600.0,37600.0,37600.0,7.0,0.0,37600.0,0.0,2025-04-22,2025-04-25,3,1,Referral,,Closed
PPG-01779,Francistown,Monarch,Warehouse,Rental,Agent_Lesego,0,0,289,1909,1,0,1,1,12068571.428571427,70400.0,70400.0,70400.0,7.0,0.0,70400.0,0.0,2025-03-09,2025-04-14,36,7,Cold Call,4.3,Closed
PPG-01780,Francistown,Monarch,Retail Space,Sale,Agent_Mpho,0,0,327,1934,14,0,1,1,3244000.0,3326000.0,3114000.0,0.0,0.0,2.53,155700.0,0.0,2024-01-23,2024-04-11,79,7,Cold Call,,Closed
PPG-01781,Maun,Matlapana,House,Rental,Agent_Kabo,3,2,310,578,15,1,1,1,2468571.428571428,14400.0,14400.0,14400.0,7.0,0.0,14400.0,0.0,2025-01-15,2025-01-24,9,1,Cold Call,,Closed
PPG-01782,Francistown,Monarch,Retail Space,Sale,Agent_Tshepho,0,0,82,803,17,0,1,0,745000.0,759000.0,751000.0,0.0,0.0,1.88,37550.0,0.0,2024-12-04,2025-02-02,60,7,Agent Network,4.8,Closed
PPG-01783,Maun,Matlapana,Apartment,Sale,Agent_Kabo,3,2,324,523,4,0,0,1,477000.0,493000.0,455000.0,0.0,0.0,3.35,22750.0,0.0,2024-02-03,2024-05-12,99,10,Referral,,Closed
PPG-01784,Maun,Boseja,Townhouse,Rental,Agent_Mpho,4,3,310,1832,23,0,0,0,1799999.9999999998,10500.0,10500.0,10500.0,7.0,0.0,10500.0,0.0,2025-03-10,2025-03-20,10,4,Walk-in,,Closed
PPG-01785,Maun,Boseja,Warehouse,Rental,Agent_Gomolemo,0,0,336,1804,9,0,1,0,8914285.714285713,52000.0,52000.0,52000.0,7.0,0.0,52000.0,0.0,2024-12-03,2024-12-26,23,5,Referral,5.0,Closed
PPG-01786,Francistown,Somerset,Plot,Sale,Agent_Neo,0,0,0,1774,23,0,0,1,154000.0,139000.0,149000.0,0.0,0.0,-9.74,7450.0,750.0,2025-01-14,,211,25,Online Listing,,Active
PPG-01787,Gaborone,Block 9,Warehouse,Sale,Agent_Mpho,0,0,404,357,31,0,1,0,5230000.0,5179000.0,5205000.0,0.0,0.0,-0.98,260250.0,2550.0,2024-10-28,2024-12-07,40,5,Online Listing,,Closed
PPG-01788,Maun,Boseja,Plot,Sale,Agent_Tshepho,0,0,0,818,18,0,0,0,115000.0,115000.0,115000.0,0.0,0.0,0.0,5750.0,0.0,2025-02-03,2025-04-18,74,8,Cold Call,,Closed
PPG-01789,Francistown,Gerald Estate,Retail Space,Sale,Agent_Kabo,0,0,505,317,24,0,0,0,4575000.0,4329000.0,4460000.0,0.0,0.0,-5.38,223000.0,12300.0,2024-08-21,2025-03-20,211,26,Online Listing,3.0,Closed
PPG-01790,Gaborone,Mogoditshane,House,Rental,Agent_Kabo,1,1,539,621,23,0,0,0,3137142.857142857,18300.0,18300.0,18300.0,7.0,0.0,18300.0,0.0,2024-02-14,2024-02-22,8,1,Agent Network,5.0,Closed
PPG-01791,Gaborone,Mogoditshane,Retail Space,Rental,Agent_Boago,0,0,539,363,28,0,0,1,2828571.428571428,16500.0,16500.0,16500.0,7.0,0.0,16500.0,0.0,2024-04-16,2024-05-19,33,4,Online Listing,,Closed
PPG-01792,Francistown,Monarch,Apartment,Rental,Agent_Mpho,1,1,296,1835,19,0,0,1,1834285.714285714,10700.0,10700.0,10700.0,7.0,0.0,10700.0,0.0,2024-09-21,2024-10-11,20,5,Referral,3.7,Closed
PPG-01793,Maun,Matlapana,Plot,Sale,Agent_Kabo,0,0,0,1511,16,0,0,0,136000.0,136000.0,136000.0,0.0,0.0,0.0,6800.0,0.0,2024-12-10,2025-03-05,85,13,Cold Call,3.7,Closed
PPG-01794,Maun,Boseja,Retail Space,Sale,Agent_Tshepho,0,0,237,1218,12,0,0,0,2384000.0,2375000.0,2396000.0,0.0,0.0,-0.38,119800.0,450.0,2024-10-13,2024-10-26,13,2,Referral,3.4,Closed
PPG-01795,Maun,Matlapana,Plot,Sale,Agent_Tshepho,0,0,0,1245,26,0,0,0,99000.0,98000.0,94000.0,0.0,0.0,-1.01,4700.0,50.0,2025-01-21,2025-03-28,66,6,Cold Call,4.9,Closed
PPG-01796,Francistown,Monarch,Apartment,Sale,Agent_Boago,5,4,225,377,30,0,0,0,364000.0,367000.0,362000.0,0.0,0.0,0.82,18100.0,0.0,2025-03-06,,132,15,Agent Network,,Active
PPG-01797,Maun,Matlapana,Townhouse,Rental,Agent_Boago,2,1,294,1979,29,1,0,0,2177142.857142857,12700.0,12700.0,12700.0,7.0,0.0,12700.0,0.0,2024-08-09,2024-09-19,41,9,Agent Network,3.2,Closed
PPG-01798,Francistown,Monarch,House,Sale,Agent_Kabo,4,3,61,1302,28,0,1,1,181000.0,167000.0,182000.0,0.0,0.0,-7.73,9100.0,700.0,2024-12-17,2025-04-02,106,12,Walk-in,4.0,Closed
PPG-01799,Gaborone,Phakalane,Townhouse,Sale,Agent_Mpho,5,4,259,434,35,0,1,0,1516000.0,1508000.0,1439000.0,0.0,0.0,-0.53,71950.0,400.0,2025-05-02,2025-06-27,56,5,Online Listing,4.0,Closed
PPG-01800,Gaborone,Mogoditshane,Warehouse,Rental,Agent_Boago,0,0,442,1542,1,0,1,0,10799999.999999998,63000.0,63000.0,63000.0,7.0,0.0,63000.0,0.0,2024-01-01,2024-02-11,41,7,Walk-in,,Closed
PPG-01801,Gaborone,Extension 14,Warehouse,Rental,Agent_Boago,0,0,147,620,7,0,1,0,13457142.857142856,78500.0,78500.0,78500.0,7.0,0.0,78500.0,0.0,2024-12-21,2025-01-04,14,5,Referral,4.4,Closed
PPG-01802,Maun,Boseja,Retail Space,Sale,Agent_Kabo,0,0,300,729,4,0,0,0,3248000.0,3352000.0,3098000.0,0.0,0.0,3.2,154900.0,0.0,2024-07-20,2024-07-30,10,5,Cold Call,4.6,Closed
PPG-01803,Gaborone,Phase 2,House,Rental,Agent_Tshepho,1,1,233,1928,17,1,1,1,2657142.857142857,15500.0,15500.0,15500.0,7.0,0.0,15500.0,0.0,2025-03-09,2025-04-12,34,7,Online Listing,4.0,Closed
PPG-01804,Francistown,Gerald Estate,House,Rental,Agent_Neo,5,4,159,921,21,1,0,0,1885714.2857142854,11000.0,11000.0,11000.0,7.0,0.0,11000.0,0.0,2024-09-11,2024-10-09,28,6,Agent Network,,Closed
PPG-01805,Francistown,Somerset,Plot,Sale,Agent_Mpho,0,0,0,994,6,0,0,0,180000.0,180000.0,180000.0,0.0,0.0,0.0,9000.0,0.0,2024-05-17,2024-06-03,17,2,Online Listing,3.5,Closed
PPG-01806,Maun,Boseja,House,Rental,Agent_Boago,4,3,209,517,31,0,1,1,2228571.428571428,13000.0,13000.0,13000.0,7.0,0.0,13000.0,0.0,2024-07-25,2024-09-02,39,3,Online Listing,4.8,Closed
PPG-01807,Maun,Boseja,Plot,Sale,Agent_Lesego,0,0,0,1204,35,0,0,0,91000.0,91000.0,89000.0,0.0,0.0,0.0,4450.0,0.0,2025-04-02,2025-06-17,76,7,Cold Call,3.2,Closed
PPG-01808,Francistown,Tati Siding,Plot,Sale,Agent_Boago,0,0,0,1178,18,0,0,0,133000.0,130000.0,134000.0,0.0,0.0,-2.26,6700.0,150.0,2024-10-12,2025-03-15,154,15,Referral,3.5,Closed
PPG-01809,Maun,Sedie Ward,Commercial Office,Sale,Agent_Neo,0,0,324,805,28,0,1,1,3095000.0,3183000.0,3080000.0,0.0,0.0,2.84,154000.0,0.0,2024-07-01,2024-10-26,117,12,Cold Call,4.7,Closed
PPG-01810,Gaborone,Mogoditshane,Plot,Sale,Agent_Mpho,0,0,0,1889,31,0,0,1,214000.0,214000.0,214000.0,0.0,0.0,0.0,10700.0,0.0,2025-05-10,,54,6,Walk-in,3.0,Active
PPG-01811,Maun,Boseja,Plot,Sale,Agent_Boago,0,0,0,1913,7,0,0,1,111000.0,111000.0,111000.0,0.0,0.0,0.0,5550.0,0.0,2024-11-08,2024-12-31,53,8,Online Listing,3.0,Closed
PPG-01812,Maun,Sedie Ward,Retail Space,Rental,Agent_Kabo,0,0,562,1961,34,0,1,0,2314285.714285714,13500.0,13500.0,13500.0,7.0,0.0,13500.0,0.0,2024-07-29,2024-08-02,4,2,Referral,,Closed
PPG-01813,Gaborone,CBD,Townhouse,Sale,Agent_Boago,2,1,587,961,27,0,1,0,1925000.0,1946000.0,1867000.0,0.0,0.0,1.09,93350.0,0.0,2024-01-26,2024-06-08,134,16,Online Listing,,Closed
PPG-01814,Francistown,Somerset,Apartment,Rental,Agent_Gomolemo,1,1,112,1905,17,0,0,0,977142.857142857,5700.0,5700.0,5700.0,7.0,0.0,5700.0,0.0,2025-05-14,2025-06-05,22,3,Online Listing,3.9,Closed
PPG-01815,Maun,Sedie Ward,Warehouse,Rental,Agent_Gomolemo,0,0,304,1331,29,0,1,0,12754285.714285713,74400.0,74400.0,74400.0,7.0,0.0,74400.0,0.0,2025-05-04,2025-06-07,34,3,Online Listing,3.5,Closed
PPG-01816,Francistown,Tati Siding,Plot,Sale,Agent_Kabo,0,0,0,894,34,0,0,0,113000.0,105000.0,110000.0,0.0,0.0,-7.08,5500.0,400.0,2025-04-26,,73,12,Online Listing,3.2,Active
PPG-01817,Gaborone,Mogoditshane,Apartment,Sale,Agent_Boago,5,4,596,1973,10,0,0,1,1588000.0,1592000.0,1573000.0,0.0,0.0,0.25,78650.0,0.0,2024-09-21,2024-12-26,96,12,Agent Network,4.0,Closed
PPG-01818,Francistown,Gerald Estate,House,Rental,Agent_Boago,4,3,459,314,18,0,1,0,3051428.5714285714,17800.0,17800.0,17800.0,7.0,0.0,17800.0,0.0,2024-04-11,2024-05-09,28,4,Online Listing,3.8,Closed
PPG-01819,Maun,Boseja,Retail Space,Rental,Agent_Gomolemo,0,0,441,1972,30,0,0,1,6925714.285714285,40400.0,40400.0,40400.0,7.0,0.0,40400.0,0.0,2025-05-07,2025-06-04,28,6,Walk-in,3.0,Closed
PPG-01820,Maun,Sedie Ward,Townhouse,Sale,Agent_Gomolemo,5,4,506,936,21,0,0,1,787000.0,818000.0,766000.0,0.0,0.0,3.94,38300.0,0.0,2024-11-02,2025-01-18,77,8,Referral,,Closed
PPG-01821,Gaborone,Extension 14,Townhouse,Sale,Agent_Boago,4,3,234,1518,34,0,0,0,769000.0,788000.0,754000.0,0.0,0.0,2.47,37700.0,0.0,2024-09-08,2024-10-26,48,6,Walk-in,,Closed
PPG-01822,Gaborone,Tlokweng,Commercial Office,Sale,Agent_Boago,0,0,304,795,1,0,0,1,3642000.0,3517000.0,3505000.0,0.0,0.0,-3.43,175250.0,6250.0,2024-05-16,2024-08-05,81,9,Online Listing,3.2,Closed
PPG-01823,Gaborone,Phase 2,Apartment,Rental,Agent_Tshepho,3,2,414,1231,33,0,0,1,977142.857142857,5700.0,5700.0,5700.0,7.0,0.0,5700.0,0.0,2025-04-08,2025-05-17,39,4,Cold Call,3.9,Closed
PPG-01824,Gaborone,Broadhurst,Townhouse,Rental,Agent_Lesego,4,3,502,806,13,0,1,0,1868571.4285714284,10900.0,10900.0,10900.0,7.0,0.0,10900.0,0.0,2025-03-23,2025-05-07,45,4,Online Listing,4.1,Closed
PPG-01825,Gaborone,Block 9,Warehouse,Sale,Agent_Tshepho,0,0,185,1528,7,0,0,0,2764000.0,2786000.0,2674000.0,0.0,0.0,0.8,133700.0,0.0,2024-10-17,2024-11-28,42,8,Agent Network,4.7,Closed
PPG-01826,Francistown,Tati Siding,Apartment,Rental,Agent_Tshepho,5,4,109,485,0,0,0,1,2382857.1428571427,13900.0,13900.0,13900.0,7.0,0.0,13900.0,0.0,2025-05-21,2025-05-28,7,1,Cold Call,5.0,Closed
PPG-01827,Francistown,Somerset,Retail Space,Sale,Agent_Kabo,0,0,525,625,6,0,0,1,5717000.0,5386000.0,5496000.0,0.0,0.0,-5.79,274800.0,16550.0,2024-10-04,2025-04-04,182,18,Referral,,Closed
PPG-01828,Francistown,Tati Siding,Plot,Sale,Agent_Mpho,0,0,0,1532,13,0,0,0,136000.0,130000.0,130000.0,0.0,0.0,-4.41,6500.0,300.0,2024-08-28,2024-09-17,20,4,Agent Network,4.7,Closed
PPG-01829,Maun,Boseja,House,Rental,Agent_Boago,2,1,122,589,18,0,1,0,1508571.4285714284,8800.0,8800.0,8800.0,7.0,0.0,8800.0,0.0,2024-10-13,2024-11-08,26,7,Walk-in,4.5,Closed
PPG-01830,Gaborone,Mogoditshane,Commercial Office,Rental,Agent_Kabo,0,0,85,586,16,0,1,1,8640000.0,50400.0,50400.0,50400.0,7.0,0.0,50400.0,0.0,2024-03-29,2024-04-02,4,1,Cold Call,3.2,Closed
PPG-01831,Maun,Matlapana,Apartment,Rental,Agent_Boago,2,1,192,1849,31,0,0,0,1851428.5714285714,10800.0,10800.0,10800.0,7.0,0.0,10800.0,0.0,2025-05-16,2025-06-15,30,5,Online Listing,,Closed
PPG-01832,Francistown,Monarch,Plot,Sale,Agent_Mpho,0,0,0,1031,30,0,0,0,174000.0,174000.0,174000.0,0.0,0.0,0.0,8700.0,0.0,2024-11-13,2025-04-11,149,16,Walk-in,3.2,Closed
PPG-01833,Francistown,Tati Siding,Plot,Sale,Agent_Kabo,0,0,0,1699,15,0,0,0,164000.0,164000.0,164000.0,0.0,0.0,0.0,8200.0,0.0,2024-05-10,2024-10-19,162,17,Online Listing,3.1,Closed
PPG-01834,Gaborone,Tlokweng,Townhouse,Sale,Agent_Kabo,2,1,320,2000,14,0,0,0,911000.0,934000.0,887000.0,0.0,0.0,2.52,44350.0,0.0,2024-08-08,2025-01-06,151,16,Walk-in,4.2,Closed
PPG-01835,Gaborone,Broadhurst,Plot,Sale,Agent_Kabo,0,0,0,603,28,0,0,1,238000.0,238000.0,236000.0,0.0,0.0,0.0,11800.0,0.0,2025-03-07,,179,18,Referral,,Active
PPG-01836,Maun,Boseja,Retail Space,Rental,Agent_Boago,0,0,150,393,0,0,0,0,3137142.857142857,18300.0,18300.0,18300.0,7.0,0.0,18300.0,0.0,2024-09-14,2024-09-30,16,3,Agent Network,,Closed
PPG-01837,Gaborone,Mogoditshane,Warehouse,Rental,Agent_Gomolemo,0,0,155,817,9,0,1,0,12925714.285714284,75400.0,75400.0,75400.0,7.0,0.0,75400.0,0.0,2024-01-08,2024-02-20,43,7,Walk-in,3.3,Closed
PPG-01838,Francistown,Tati Siding,Warehouse,Sale,Agent_Neo,0,0,386,621,29,0,1,0,4939000.0,4529000.0,4829000.0,0.0,0.0,-8.3,241450.0,20500.0,2025-01-16,2025-04-01,75,11,Walk-in,,Closed
PPG-01839,Gaborone,CBD,Apartment,Sale,Agent_Boago,3,2,586,1796,27,0,0,0,1602000.0,1519000.0,1614000.0,0.0,0.0,-5.18,80700.0,4150.0,2024-01-29,2024-05-01,93,14,Agent Network,,Closed
PPG-01840,Gaborone,Phase 2,Retail Space,Rental,Agent_Tshepho,0,0,483,1382,18,0,0,0,3942857.1428571423,23000.0,23000.0,23000.0,7.0,0.0,23000.0,0.0,2025-02-24,2025-03-11,15,1,Online Listing,4.0,Closed
PPG-01841,Francistown,Monarch,Retail Space,Rental,Agent_Neo,0,0,170,1913,31,0,1,0,4079999.9999999995,23800.0,23800.0,23800.0,7.0,0.0,23800.0,0.0,2025-01-04,2025-02-13,40,6,Agent Network,3.0,Closed
PPG-01842,Maun,Matlapana,Warehouse,Rental,Agent_Mpho,0,0,382,614,11,0,0,1,6222857.142857143,36300.0,36300.0,36300.0,7.0,0.0,36300.0,0.0,2024-09-19,2024-11-01,43,4,Referral,,Closed
PPG-01843,Gaborone,Mogoditshane,Apartment,Sale,Agent_Lesego,3,2,406,1023,30,0,0,0,756000.0,767000.0,718000.0,0.0,0.0,1.46,35900.0,0.0,2025-03-15,2025-06-08,85,8,Referral,,Closed
PPG-01844,Francistown,Monarch,Commercial Office,Sale,Agent_Kabo,0,0,558,617,11,0,0,1,6045000.0,6120000.0,5939000.0,0.0,0.0,1.24,296950.0,0.0,2025-01-13,2025-01-28,15,6,Walk-in,4.3,Closed
PPG-01845,Francistown,Tati Siding,Apartment,Rental,Agent_Neo,1,1,531,1949,27,0,0,0,1885714.2857142854,11000.0,11000.0,11000.0,7.0,0.0,11000.0,0.0,2024-12-02,2024-12-17,15,1,Cold Call,3.9,Closed
PPG-01846,Gaborone,Phase 2,Retail Space,Rental,Agent_Tshepho,0,0,528,1707,1,0,1,0,4919999.999999999,28700.0,28700.0,28700.0,7.0,0.0,28700.0,0.0,2024-11-14,2024-12-06,22,5,Agent Network,3.8,Closed
PPG-01847,Francistown,Somerset,Plot,Sale,Agent_Boago,0,0,0,1692,19,0,0,1,168000.0,162000.0,167000.0,0.0,0.0,-3.57,8350.0,300.0,2025-03-13,2025-05-01,49,7,Cold Call,3.8,Closed
PPG-01848,Maun,Matlapana,Apartment,Sale,Agent_Gomolemo,3,2,518,1804,10,0,0,0,681000.0,680000.0,643000.0,0.0,0.0,-0.15,32150.0,50.0,2024-10-03,2025-02-06,126,13,Referral,4.4,Closed
PPG-01849,Francistown,Gerald Estate,Plot,Sale,Agent_Tshepho,0,0,0,515,2,0,0,1,217000.0,217000.0,217000.0,0.0,0.0,0.0,10850.0,0.0,2024-11-01,2025-04-10,160,16,Agent Network,5.0,Closed
PPG-01850,Maun,Boseja,Apartment,Rental,Agent_Neo,5,4,594,1264,10,0,0,1,1251428.5714285714,7300.0,7300.0,7300.0,7.0,0.0,7300.0,0.0,2024-09-17,2024-09-21,4,5,Referral,4.5,Closed
PPG-01851,Maun,Sedie Ward,Townhouse,Rental,Agent_Kabo,5,4,391,1154,5,1,1,1,2262857.1428571427,13200.0,13200.0,13200.0,7.0,0.0,13200.0,0.0,2024-08-21,2024-10-04,44,4,Referral,4.1,Closed
PPG-01852,Gaborone,CBD,Commercial Office,Sale,Agent_Boago,0,0,334,1260,26,0,0,0,3384000.0,3382000.0,3372000.0,0.0,0.0,-0.06,168600.0,100.0,2024-04-03,2024-09-29,179,18,Referral,3.1,Closed
PPG-01853,Francistown,Somerset,House,Rental,Agent_Neo,2,1,91,312,9,1,1,1,1577142.857142857,9200.0,9200.0,9200.0,7.0,0.0,9200.0,0.0,2024-07-18,2024-08-05,18,6,Agent Network,3.4,Closed
PPG-01854,Gaborone,Phase 2,Retail Space,Sale,Agent_Kabo,0,0,141,643,31,0,1,1,1201000.0,1244000.0,1209000.0,0.0,0.0,3.58,60450.0,0.0,2024-04-10,2024-10-03,176,20,Agent Network,3.8,Closed
PPG-01855,Maun,Sedie Ward,Warehouse,Sale,Agent_Kabo,0,0,65,1713,6,0,0,0,1030000.0,920000.0,989000.0,0.0,0.0,-10.68,49450.0,5500.0,2024-11-12,2025-05-21,190,23,Referral,4.0,Closed
PPG-01856,Francistown,Monarch,Townhouse,Rental,Agent_Lesego,3,2,505,1567,7,1,0,1,2554285.714285714,14900.0,14900.0,14900.0,7.0,0.0,14900.0,0.0,2025-04-08,2025-04-11,3,3,Referral,,Closed
PPG-01857,Gaborone,Phakalane,Retail Space,Sale,Agent_Lesego,0,0,107,1576,15,0,0,0,992000.0,1015000.0,947000.0,0.0,0.0,2.32,47350.0,0.0,2024-04-25,2024-08-07,104,10,Walk-in,4.2,Closed
PPG-01858,Maun,Matlapana,Apartment,Sale,Agent_Lesego,5,4,299,584,22,0,0,1,409000.0,424000.0,401000.0,0.0,0.0,3.67,20050.0,0.0,2024-10-24,2024-12-12,49,9,Cold Call,,Closed
PPG-01859,Francistown,Tati Siding,Warehouse,Sale,Agent_Kabo,0,0,145,1121,28,0,1,1,1906000.0,1976000.0,1804000.0,0.0,0.0,3.67,90200.0,0.0,2024-07-12,2024-11-25,136,15,Agent Network,3.9,Closed
PPG-01860,Gaborone,Phakalane,Apartment,Sale,Agent_Mpho,5,4,366,471,30,0,0,0,1638000.0,1633000.0,1600000.0,0.0,0.0,-0.31,80000.0,250.0,2024-03-17,2024-04-08,22,2,Online Listing,4.6,Closed
PPG-01861,Gaborone,Extension 14,Townhouse,Rental,Agent_Neo,2,1,358,1145,31,0,1,0,1679999.9999999998,9800.0,9800.0,9800.0,7.0,0.0,9800.0,0.0,2025-04-07,2025-05-19,42,4,Agent Network,4.1,Closed
PPG-01862,Maun,Matlapana,House,Rental,Agent_Boago,4,3,339,1651,18,0,1,0,2314285.714285714,13500.0,13500.0,13500.0,7.0,0.0,13500.0,0.0,2024-01-08,2024-01-16,8,1,Agent Network,3.9,Closed
PPG-01863,Maun,Boseja,Apartment,Sale,Agent_Boago,5,4,251,1456,1,0,0,1,398000.0,406000.0,386000.0,0.0,0.0,2.01,19300.0,0.0,2024-07-19,2024-11-01,105,10,Cold Call,,Closed
PPG-01864,Maun,Sedie Ward,House,Sale,Agent_Lesego,2,1,370,384,25,0,1,0,644000.0,663000.0,621000.0,0.0,0.0,2.95,31050.0,0.0,2025-03-26,,152,19,Agent Network,4.9,Active
PPG-01865,Maun,Sedie Ward,House,Rental,Agent_Mpho,1,1,518,1811,1,0,1,0,4114285.714285714,24000.0,24000.0,24000.0,7.0,0.0,24000.0,0.0,2024-05-03,2024-06-11,39,3,Walk-in,,Closed
PPG-01866,Francistown,Gerald Estate,Warehouse,Rental,Agent_Tshepho,0,0,471,1251,28,0,1,1,12274285.714285713,71600.0,71600.0,71600.0,7.0,0.0,71600.0,0.0,2024-05-12,2024-06-01,20,5,Cold Call,3.2,Closed
PPG-01867,Gaborone,Mogoditshane,Retail Space,Rental,Agent_Kabo,0,0,492,927,21,0,1,0,6977142.857142856,40700.0,40700.0,40700.0,7.0,0.0,40700.0,0.0,2025-04-22,2025-04-27,5,1,Referral,4.1,Closed
PPG-01868,Francistown,Gerald Estate,Apartment,Rental,Agent_Lesego,5,4,226,1201,29,0,0,0,1354285.714285714,7900.0,7900.0,7900.0,7.0,0.0,7900.0,0.0,2024-07-13,2024-07-25,12,5,Walk-in,4.3,Closed
PPG-01869,Maun,Sedie Ward,Apartment,Rental,Agent_Neo,5,4,545,1905,15,0,0,1,1628571.4285714284,9500.0,9500.0,9500.0,7.0,0.0,9500.0,0.0,2024-06-27,2024-07-29,32,7,Referral,4.9,Closed
PPG-01870,Gaborone,Block 9,Warehouse,Sale,Agent_Tshepho,0,0,227,1733,16,0,1,0,3158000.0,3178000.0,3032000.0,0.0,0.0,0.63,151600.0,0.0,2024-05-18,2024-11-14,180,19,Agent Network,3.5,Closed
PPG-01871,Maun,Boseja,Retail Space,Rental,Agent_Boago,0,0,194,1754,15,0,0,0,5177142.857142856,30200.0,30200.0,30200.0,7.0,0.0,30200.0,0.0,2025-04-09,2025-05-07,28,3,Referral,3.7,Closed
PPG-01872,Gaborone,Broadhurst,Retail Space,Sale,Agent_Lesego,0,0,459,1591,10,0,1,1,4687000.0,4507000.0,4490000.0,0.0,0.0,-3.84,224500.0,9000.0,2024-12-17,2025-02-07,52,6,Agent Network,4.6,Closed
PPG-01873,Maun,Sedie Ward,Plot,Sale,Agent_Mpho,0,0,0,699,23,0,0,0,91000.0,88000.0,91000.0,0.0,0.0,-3.3,4550.0,150.0,2024-05-30,2024-06-27,28,2,Walk-in,3.5,Closed
PPG-01874,Maun,Boseja,Townhouse,Rental,Agent_Neo,4,3,355,641,5,0,1,1,2811428.5714285714,16400.0,16400.0,16400.0,7.0,0.0,16400.0,0.0,2024-11-03,2024-11-30,27,6,Referral,,Closed
PPG-01875,Francistown,Monarch,Apartment,Sale,Agent_Neo,1,1,477,859,31,0,0,0,543000.0,532000.0,538000.0,0.0,0.0,-2.03,26900.0,550.0,2024-11-26,2025-01-26,61,10,Cold Call,4.0,Closed
PPG-01876,Maun,Sedie Ward,Retail Space,Rental,Agent_Kabo,0,0,305,304,3,0,1,0,3531428.571428571,20600.0,20600.0,20600.0,7.0,0.0,20600.0,0.0,2024-03-18,2024-04-23,36,5,Referral,4.1,Closed
PPG-01877,Maun,Matlapana,House,Rental,Agent_Lesego,5,4,235,832,20,0,0,1,2845714.2857142854,16600.0,16600.0,16600.0,7.0,0.0,16600.0,0.0,2024-05-23,2024-06-11,19,3,Agent Network,3.5,Closed
PPG-01878,Francistown,Tati Siding,Apartment,Sale,Agent_Lesego,1,1,132,850,26,0,0,1,147000.0,150000.0,143000.0,0.0,0.0,2.04,7150.0,0.0,2024-11-12,2025-04-23,162,17,Walk-in,4.6,Closed
PPG-01879,Maun,Boseja,Commercial Office,Sale,Agent_Boago,0,0,455,992,0,0,1,0,5694000.0,5382000.0,5385000.0,0.0,0.0,-5.48,269250.0,15600.0,2024-02-15,2024-02-27,12,2,Walk-in,4.0,Closed
PPG-01880,Maun,Sedie Ward,Commercial Office,Sale,Agent_Tshepho,0,0,196,531,11,0,1,1,2230000.0,2213000.0,2193000.0,0.0,0.0,-0.76,109650.0,850.0,2025-04-08,,136,14,Online Listing,,Active
PPG-01881,Gaborone,Tlokweng,Townhouse,Rental,Agent_Kabo,3,2,199,827,25,1,1,0,1525714.2857142857,8900.0,8900.0,8900.0,7.0,0.0,8900.0,0.0,2025-03-09,2025-03-16,7,4,Online Listing,4.0,Closed
PPG-01882,Francistown,Gerald Estate,Plot,Sale,Agent_Lesego,0,0,0,1728,27,0,0,1,210000.0,210000.0,210000.0,0.0,0.0,0.0,10500.0,0.0,2025-05-16,,162,17,Cold Call,3.1,Active
PPG-01883,Francistown,Tati Siding,Plot,Sale,Agent_Neo,0,0,0,1651,34,0,0,0,146000.0,146000.0,146000.0,0.0,0.0,0.0,7300.0,0.0,2025-03-30,,118,14,Walk-in,4.3,Active
PPG-01884,Gaborone,Block 9,Commercial Office,Rental,Agent_Mpho,0,0,165,948,0,0,0,0,4337142.857142856,25300.0,25300.0,25300.0,7.0,0.0,25300.0,0.0,2024-02-27,2024-03-16,18,4,Online Listing,4.7,Closed
PPG-01885,Maun,Boseja,Retail Space,Rental,Agent_Neo,0,0,452,1171,0,0,0,0,4079999.9999999995,23800.0,23800.0,23800.0,7.0,0.0,23800.0,0.0,2025-04-24,2025-05-22,28,5,Walk-in,3.2,Closed
PPG-01886,Gaborone,Tlokweng,House,Rental,Agent_Kabo,2,1,458,638,8,0,0,1,1679999.9999999998,9800.0,9800.0,9800.0,7.0,0.0,9800.0,0.0,2024-01-24,2024-02-04,11,3,Online Listing,3.1,Closed
PPG-01887,Francistown,Somerset,Townhouse,Rental,Agent_Tshepho,2,1,404,622,17,0,1,0,2571428.5714285714,15000.0,15000.0,15000.0,7.0,0.0,15000.0,0.0,2024-12-04,2024-12-09,5,5,Agent Network,4.8,Closed
PPG-01888,Francistown,Gerald Estate,Plot,Sale,Agent_Mpho,0,0,0,816,35,0,0,0,212000.0,212000.0,212000.0,0.0,0.0,0.0,10600.0,0.0,2024-12-27,2025-02-11,46,4,Online Listing,,Closed
PPG-01889,Francistown,Gerald Estate,Plot,Sale,Agent_Tshepho,0,0,0,468,31,0,0,0,157000.0,158000.0,157000.0,0.0,0.0,0.64,7850.0,0.0,2025-03-14,2025-06-12,90,10,Referral,3.8,Closed
PPG-01890,Francistown,Monarch,Apartment,Sale,Agent_Kabo,5,4,407,851,2,0,0,0,820000.0,758000.0,789000.0,0.0,0.0,-7.56,39450.0,3100.0,2024-11-23,2025-03-10,107,12,Cold Call,,Closed
PPG-01891,Gaborone,Riverwalk,Plot,Sale,Agent_Boago,0,0,0,983,10,0,0,0,381000.0,369000.0,379000.0,0.0,0.0,-3.15,18950.0,600.0,2024-07-28,2024-10-10,74,7,Agent Network,,Closed
PPG-01892,Maun,Boseja,Commercial Office,Sale,Agent_Tshepho,0,0,519,594,33,0,1,1,5081000.0,5139000.0,4800000.0,0.0,0.0,1.14,240000.0,0.0,2024-03-28,2024-07-11,105,11,Walk-in,,Closed
PPG-01893,Maun,Sedie Ward,Apartment,Rental,Agent_Kabo,3,2,348,477,33,0,0,0,1234285.714285714,7200.0,7200.0,7200.0,7.0,0.0,7200.0,0.0,2025-03-16,2025-03-22,6,5,Referral,,Closed
PPG-01894,Maun,Matlapana,House,Rental,Agent_Mpho,5,4,109,1797,10,0,1,0,4079999.9999999995,23800.0,23800.0,23800.0,7.0,0.0,23800.0,0.0,2025-05-12,2025-06-10,29,5,Agent Network,3.9,Closed
PPG-01895,Francistown,Gerald Estate,Retail Space,Rental,Agent_Tshepho,0,0,378,1031,22,0,1,0,2382857.1428571427,13900.0,13900.0,13900.0,7.0,0.0,13900.0,0.0,2024-09-13,2024-10-18,35,7,Walk-in,4.7,Closed
PPG-01896,Francistown,Somerset,Townhouse,Sale,Agent_Gomolemo,1,1,111,586,24,0,0,1,189000.0,195000.0,180000.0,0.0,0.0,3.17,9000.0,0.0,2024-03-12,2024-06-06,86,10,Cold Call,4.6,Closed
PPG-01897,Francistown,Monarch,Apartment,Rental,Agent_Tshepho,1,1,502,583,27,0,0,1,1542857.1428571427,9000.0,9000.0,9000.0,7.0,0.0,9000.0,0.0,2024-04-18,2024-05-11,23,7,Walk-in,3.6,Closed
PPG-01898,Maun,Boseja,Plot,Sale,Agent_Mpho,0,0,0,1160,18,0,0,0,99000.0,99000.0,97000.0,0.0,0.0,0.0,4850.0,0.0,2024-02-24,2024-06-21,118,13,Cold Call,4.8,Closed
PPG-01899,Francistown,Somerset,Warehouse,Sale,Agent_Kabo,0,0,294,1816,23,0,1,1,4082000.0,3670000.0,4006000.0,0.0,0.0,-10.09,200300.0,20600.0,2024-11-03,2025-06-18,227,25,Walk-in,3.7,Closed
PPG-01900,Maun,Matlapana,Warehouse,Rental,Agent_Boago,0,0,381,1972,25,0,0,1,6497142.857142856,37900.0,37900.0,37900.0,7.0,0.0,37900.0,0.0,2024-09-14,2024-10-07,23,3,Referral,3.0,Closed
PPG-01901,Francistown,Monarch,Townhouse,Rental,Agent_Mpho,2,1,598,1069,31,0,1,0,1217142.857142857,7100.0,7100.0,7100.0,7.0,0.0,7100.0,0.0,2024-03-11,2024-04-15,35,6,Cold Call,4.2,Closed
PPG-01902,Francistown,Monarch,House,Rental,Agent_Boago,4,3,522,389,14,0,1,0,2365714.2857142854,13800.0,13800.0,13800.0,7.0,0.0,13800.0,0.0,2024-02-15,2024-02-26,11,6,Cold Call,,Closed
PPG-01903,Maun,Boseja,Warehouse,Rental,Agent_Kabo,0,0,555,1756,2,0,0,0,6205714.285714285,36200.0,36200.0,36200.0,7.0,0.0,36200.0,0.0,2025-03-09,2025-03-14,5,1,Referral,3.4,Closed
PPG-01904,Francistown,Monarch,Warehouse,Sale,Agent_Tshepho,0,0,149,1089,17,0,1,1,2090000.0,2117000.0,2047000.0,0.0,0.0,1.29,102350.0,0.0,2025-02-13,2025-06-25,132,15,Cold Call,4.9,Closed
PPG-01905,Maun,Matlapana,Plot,Sale,Agent_Tshepho,0,0,0,1011,22,0,0,0,100000.0,97000.0,96000.0,0.0,0.0,-3.0,4800.0,150.0,2024-02-14,2024-07-14,151,18,Referral,3.5,Closed
PPG-01906,Francistown,Tati Siding,Warehouse,Rental,Agent_Kabo,0,0,439,942,7,0,0,1,12754285.714285713,74400.0,74400.0,74400.0,7.0,0.0,74400.0,0.0,2024-08-12,2024-08-28,16,3,Cold Call,3.4,Closed
PPG-01907,Gaborone,Phase 2,Townhouse,Sale,Agent_Kabo,3,2,464,1543,25,1,1,0,1896000.0,1807000.0,1859000.0,0.0,0.0,-4.69,92950.0,4450.0,2024-11-07,2025-03-28,141,18,Agent Network,4.0,Closed
PPG-01908,Maun,Boseja,Warehouse,Sale,Agent_Mpho,0,0,495,759,3,0,1,0,7462000.0,7213000.0,7055000.0,0.0,0.0,-3.34,352750.0,12450.0,2024-09-13,2024-10-24,41,4,Referral,3.3,Closed
PPG-01909,Francistown,Tati Siding,Commercial Office,Sale,Agent_Boago,0,0,173,1299,24,0,1,1,1901000.0,1771000.0,1876000.0,0.0,0.0,-6.84,93800.0,6500.0,2024-08-19,2024-12-24,127,13,Referral,,Closed
PPG-01910,Francistown,Somerset,Townhouse,Rental,Agent_Tshepho,2,1,421,1304,29,0,0,1,2639999.9999999995,15400.0,15400.0,15400.0,7.0,0.0,15400.0,0.0,2024-11-12,2024-11-19,7,2,Walk-in,4.7,Closed
PPG-01911,Maun,Matlapana,Apartment,Sale,Agent_Gomolemo,4,3,268,337,13,0,0,0,352000.0,347000.0,348000.0,0.0,0.0,-1.42,17400.0,250.0,2024-08-22,2024-11-24,94,9,Agent Network,,Closed
PPG-01912,Maun,Sedie Ward,Retail Space,Sale,Agent_Mpho,0,0,308,1406,0,0,0,0,3402000.0,3368000.0,3245000.0,0.0,0.0,-1.0,162250.0,1700.0,2024-03-06,2024-04-08,33,8,Walk-in,4.0,Closed
PPG-01913,Gaborone,Riverwalk,Plot,Sale,Agent_Gomolemo,0,0,0,1957,13,0,0,0,372000.0,376000.0,354000.0,0.0,0.0,1.08,17700.0,0.0,2024-11-30,2025-05-04,155,17,Cold Call,3.4,Closed
PPG-01914,Maun,Boseja,Commercial Office,Sale,Agent_Kabo,0,0,344,363,14,0,1,1,4173000.0,3813000.0,4054000.0,0.0,0.0,-8.63,202700.0,18000.0,2024-12-03,2025-05-18,166,20,Walk-in,3.1,Closed
PPG-01915,Maun,Matlapana,House,Rental,Agent_Lesego,5,4,525,1437,3,0,1,0,3617142.857142857,21100.0,21100.0,21100.0,7.0,0.0,21100.0,0.0,2024-12-03,2024-12-15,12,5,Online Listing,,Closed
PPG-01916,Maun,Sedie Ward,House,Rental,Agent_Neo,2,1,577,787,32,0,1,1,3445714.2857142854,20100.0,20100.0,20100.0,7.0,0.0,20100.0,0.0,2024-12-01,2024-12-11,10,5,Online Listing,4.0,Closed
PPG-01917,Francistown,Monarch,Apartment,Sale,Agent_Tshepho,4,3,420,1202,26,0,0,0,643000.0,660000.0,619000.0,0.0,0.0,2.64,30950.0,0.0,2024-10-02,2025-03-02,151,16,Walk-in,4.1,Closed
PPG-01918,Francistown,Gerald Estate,Apartment,Rental,Agent_Boago,3,2,529,1283,26,0,0,0,977142.857142857,5700.0,5700.0,5700.0,7.0,0.0,5700.0,0.0,2024-08-31,2024-10-07,37,6,Cold Call,3.7,Closed
PPG-01919,Maun,Matlapana,Warehouse,Sale,Agent_Neo,0,0,436,1517,22,0,0,0,5763000.0,5910000.0,5656000.0,0.0,0.0,2.55,282800.0,0.0,2024-07-11,2024-10-24,105,10,Walk-in,3.6,Closed
PPG-01920,Gaborone,Riverwalk,House,Rental,Agent_Tshepho,1,1,395,1674,14,0,0,0,1491428.5714285714,8700.0,8700.0,8700.0,7.0,0.0,8700.0,0.0,2025-03-24,2025-04-04,11,6,Walk-in,,Closed
PPG-01921,Gaborone,Broadhurst,Commercial Office,Sale,Agent_Neo,0,0,128,623,0,0,0,0,1581000.0,1427000.0,1572000.0,0.0,0.0,-9.74,78600.0,7700.0,2025-05-30,,114,13,Agent Network,3.0,Active
PPG-01922,Maun,Matlapana,Commercial Office,Sale,Agent_Boago,0,0,415,1130,20,0,1,1,4933000.0,4832000.0,4663000.0,0.0,0.0,-2.05,233150.0,5050.0,2024-09-14,2025-02-20,159,19,Walk-in,5.0,Closed
PPG-01923,Francistown,Tati Siding,Commercial Office,Rental,Agent_Boago,0,0,306,1771,3,0,0,0,6445714.285714285,37600.0,37600.0,37600.0,7.0,0.0,37600.0,0.0,2024-05-07,2024-05-13,6,2,Referral,,Closed
PPG-01924,Gaborone,Mogoditshane,Commercial Office,Sale,Agent_Gomolemo,0,0,492,1159,8,0,1,0,6252000.0,6392000.0,6046000.0,0.0,0.0,2.24,302300.0,0.0,2024-11-19,2025-04-30,162,21,Agent Network,,Closed
PPG-01925,Gaborone,Tlokweng,Commercial Office,Sale,Agent_Boago,0,0,95,1223,13,0,1,0,1064000.0,1018000.0,1043000.0,0.0,0.0,-4.32,52150.0,2300.0,2024-02-03,2024-06-30,148,16,Cold Call,,Closed
PPG-01926,Gaborone,Extension 14,Townhouse,Rental,Agent_Neo,4,3,129,1372,14,1,1,1,1748571.4285714284,10200.0,10200.0,10200.0,7.0,0.0,10200.0,0.0,2024-09-16,2024-10-30,44,6,Referral,3.2,Closed
PPG-01927,Maun,Sedie Ward,House,Rental,Agent_Mpho,5,4,367,1831,0,0,1,0,1559999.9999999998,9100.0,9100.0,9100.0,7.0,0.0,9100.0,0.0,2024-07-04,2024-07-27,23,5,Cold Call,4.5,Closed
PPG-01928,Maun,Matlapana,Warehouse,Sale,Agent_Boago,0,0,202,805,35,0,1,0,2488000.0,2544000.0,2502000.0,0.0,0.0,2.25,125100.0,0.0,2024-03-13,2024-05-10,58,5,Online Listing,4.1,Closed
PPG-01929,Francistown,Somerset,Commercial Office,Rental,Agent_Tshepho,0,0,357,1670,12,0,1,1,4079999.9999999995,23800.0,23800.0,23800.0,7.0,0.0,23800.0,0.0,2024-09-01,2024-09-14,13,6,Cold Call,,Closed
PPG-01930,Maun,Sedie Ward,Retail Space,Sale,Agent_Tshepho,0,0,244,1088,24,0,1,1,2039000.0,2045000.0,1928000.0,0.0,0.0,0.29,96400.0,0.0,2025-04-26,,137,13,Agent Network,4.7,Active
PPG-01931,Francistown,Tati Siding,Plot,Sale,Agent_Kabo,0,0,0,1742,35,0,0,0,109000.0,97000.0,105000.0,0.0,0.0,-11.01,5250.0,600.0,2025-01-01,,212,22,Referral,3.0,Active
PPG-01932,Francistown,Monarch,Plot,Sale,Agent_Tshepho,0,0,0,1385,30,0,0,1,193000.0,193000.0,193000.0,0.0,0.0,0.0,9650.0,0.0,2024-06-22,2024-09-05,75,10,Cold Call,3.3,Closed
PPG-01933,Francistown,Gerald Estate,Retail Space,Sale,Agent_Tshepho,0,0,253,1129,18,0,0,0,2437000.0,2410000.0,2413000.0,0.0,0.0,-1.11,120650.0,1350.0,2024-10-31,2025-04-29,180,22,Cold Call,,Closed
PPG-01934,Francistown,Somerset,Warehouse,Sale,Agent_Tshepho,0,0,175,1971,33,0,1,1,2400000.0,2457000.0,2310000.0,0.0,0.0,2.38,115500.0,0.0,2025-03-14,2025-06-02,80,11,Agent Network,4.3,Closed
PPG-01935,Gaborone,CBD,Retail Space,Sale,Agent_Gomolemo,0,0,267,1332,13,0,0,0,2401000.0,2353000.0,2362000.0,0.0,0.0,-2.0,118100.0,2400.0,2024-12-18,2025-03-31,103,15,Referral,,Closed
PPG-01936,Gaborone,Extension 14,Commercial Office,Sale,Agent_Mpho,0,0,367,1577,23,0,1,0,3863000.0,3701000.0,3667000.0,0.0,0.0,-4.19,183350.0,8100.0,2024-07-15,2024-12-06,144,14,Cold Call,3.4,Closed
PPG-01937,Gaborone,Phase 2,Warehouse,Sale,Agent_Boago,0,0,535,481,24,0,1,0,7391000.0,7634000.0,7077000.0,0.0,0.0,3.29,353850.0,0.0,2025-03-03,2025-04-25,53,10,Referral,3.4,Closed
PPG-01938,Maun,Boseja,Warehouse,Rental,Agent_Lesego,0,0,514,1840,11,0,1,1,13628571.428571427,79500.0,79500.0,79500.0,7.0,0.0,79500.0,0.0,2024-07-12,2024-07-22,10,2,Cold Call,,Closed
PPG-01939,Maun,Boseja,House,Sale,Agent_Gomolemo,2,1,202,1345,0,0,0,0,406000.0,402000.0,383000.0,0.0,0.0,-0.99,19150.0,200.0,2024-06-17,2024-09-13,88,12,Cold Call,4.8,Closed
PPG-01940,Gaborone,Phase 2,Retail Space,Sale,Agent_Kabo,0,0,297,1010,25,0,1,1,2847000.0,2750000.0,2792000.0,0.0,0.0,-3.41,139600.0,4850.0,2025-01-24,2025-05-03,99,9,Agent Network,4.6,Closed
PPG-01941,Maun,Sedie Ward,Plot,Sale,Agent_Boago,0,0,0,489,12,0,0,1,111000.0,107000.0,109000.0,0.0,0.0,-3.6,5450.0,200.0,2024-11-01,2025-02-28,119,11,Agent Network,4.0,Closed
PPG-01942,Maun,Matlapana,Apartment,Sale,Agent_Kabo,3,2,509,662,33,0,0,0,547000.0,508000.0,547000.0,0.0,0.0,-7.13,27350.0,1950.0,2024-10-27,2025-03-05,129,13,Agent Network,4.9,Closed
PPG-01943,Gaborone,Extension 14,Retail Space,Sale,Agent_Kabo,0,0,272,1735,25,0,1,1,2572000.0,2388000.0,2463000.0,0.0,0.0,-7.15,123150.0,9200.0,2024-08-15,2024-09-04,20,2,Walk-in,4.4,Closed
PPG-01944,Francistown,Tati Siding,Apartment,Rental,Agent_Gomolemo,4,3,243,1839,9,0,0,0,1422857.1428571427,8300.0,8300.0,8300.0,7.0,0.0,8300.0,0.0,2024-11-21,2024-12-13,22,4,Walk-in,4.1,Closed
PPG-01945,Francistown,Tati Siding,Commercial Office,Rental,Agent_Gomolemo,0,0,215,633,22,0,1,0,7457142.857142856,43500.0,43500.0,43500.0,7.0,0.0,43500.0,0.0,2024-11-15,2024-12-21,36,3,Agent Network,,Closed
PPG-01946,Maun,Boseja,Warehouse,Sale,Agent_Kabo,0,0,247,1097,0,0,1,0,4200000.0,4012000.0,4060000.0,0.0,0.0,-4.48,203000.0,9400.0,2024-05-17,2024-08-11,86,8,Online Listing,3.8,Closed
PPG-01947,Maun,Boseja,Commercial Office,Rental,Agent_Neo,0,0,387,1263,14,0,0,1,3154285.714285714,18400.0,18400.0,18400.0,7.0,0.0,18400.0,0.0,2024-12-23,2024-12-29,6,5,Referral,,Closed
PPG-01948,Gaborone,Extension 14,Commercial Office,Rental,Agent_Mpho,0,0,332,1820,16,0,0,1,3154285.714285714,18400.0,18400.0,18400.0,7.0,0.0,18400.0,0.0,2024-03-10,2024-04-23,44,9,Walk-in,3.3,Closed
PPG-01949,Maun,Boseja,House,Sale,Agent_Mpho,1,1,414,1608,1,0,1,1,855000.0,809000.0,823000.0,0.0,0.0,-5.38,41150.0,2300.0,2024-09-18,2024-10-17,29,7,Cold Call,,Closed
PPG-01950,Maun,Matlapana,Apartment,Sale,Agent_Kabo,5,4,133,1030,11,0,0,1,206000.0,216000.0,196000.0,0.0,0.0,4.85,9800.0,0.0,2025-03-16,2025-05-04,49,4,Online Listing,4.5,Closed
PPG-01951,Francistown,Somerset,Warehouse,Rental,Agent_Mpho,0,0,124,774,18,0,1,1,13354285.714285713,77900.0,77900.0,77900.0,7.0,0.0,77900.0,0.0,2024-06-21,2024-07-17,26,7,Walk-in,4.0,Closed
PPG-01952,Maun,Boseja,Retail Space,Sale,Agent_Mpho,0,0,295,1335,18,0,1,0,2948000.0,2952000.0,2826000.0,0.0,0.0,0.14,141300.0,0.0,2024-12-30,2025-05-20,141,15,Walk-in,,Closed
PPG-01953,Gaborone,Extension 14,Plot,Sale,Agent_Boago,0,0,0,1981,6,0,0,1,344000.0,344000.0,344000.0,0.0,0.0,0.0,17200.0,0.0,2024-09-08,2024-10-17,39,8,Cold Call,,Closed
PPG-01954,Francistown,Monarch,Townhouse,Rental,Agent_Kabo,5,4,567,1653,6,0,1,1,2245714.2857142854,13100.0,13100.0,13100.0,7.0,0.0,13100.0,0.0,2024-08-04,2024-09-05,32,4,Agent Network,,Closed
PPG-01955,Maun,Matlapana,Plot,Sale,Agent_Lesego,0,0,0,826,30,0,0,0,123000.0,123000.0,123000.0,0.0,0.0,0.0,6150.0,0.0,2024-04-19,2024-05-14,25,2,Agent Network,3.5,Closed
PPG-01956,Maun,Matlapana,House,Rental,Agent_Mpho,3,2,463,1381,32,0,0,0,2331428.5714285714,13600.0,13600.0,13600.0,7.0,0.0,13600.0,0.0,2025-05-13,2025-05-29,16,3,Agent Network,4.2,Closed
PPG-01957,Francistown,Tati Siding,House,Sale,Agent_Tshepho,2,1,463,1075,3,0,0,0,1160000.0,1139000.0,1119000.0,0.0,0.0,-1.81,55950.0,1050.0,2024-05-15,2024-10-05,143,19,Cold Call,,Closed
PPG-01958,Francistown,Somerset,Commercial Office,Rental,Agent_Mpho,0,0,179,1123,1,0,1,0,8039999.999999999,46900.0,46900.0,46900.0,7.0,0.0,46900.0,0.0,2025-05-09,2025-06-09,31,4,Online Listing,3.9,Closed
PPG-01959,Maun,Boseja,Commercial Office,Sale,Agent_Kabo,0,0,161,1175,12,0,1,0,1880000.0,1702000.0,1847000.0,0.0,0.0,-9.47,92350.0,8900.0,2024-08-23,2025-03-28,217,25,Referral,3.7,Closed
PPG-01960,Maun,Boseja,Apartment,Rental,Agent_Boago,1,1,594,1638,34,0,0,0,1148571.4285714284,6700.0,6700.0,6700.0,7.0,0.0,6700.0,0.0,2025-04-24,2025-05-12,18,6,Online Listing,3.2,Closed
PPG-01961,Francistown,Tati Siding,Retail Space,Rental,Agent_Boago,0,0,526,973,17,0,0,1,6977142.857142856,40700.0,40700.0,40700.0,7.0,0.0,40700.0,0.0,2025-04-05,2025-05-07,32,5,Walk-in,4.9,Closed
PPG-01962,Gaborone,CBD,Plot,Sale,Agent_Neo,0,0,0,1535,19,0,0,1,457000.0,456000.0,451000.0,0.0,0.0,-0.22,22550.0,50.0,2024-09-13,2024-09-25,12,4,Online Listing,,Closed
PPG-01963,Francistown,Monarch,House,Sale,Agent_Neo,3,2,172,1745,31,0,1,0,422000.0,387000.0,412000.0,0.0,0.0,-8.29,20600.0,1750.0,2025-04-09,2025-05-17,38,7,Agent Network,3.8,Closed
PPG-01964,Maun,Boseja,Apartment,Rental,Agent_Mpho,2,1,375,1863,4,0,0,1,1268571.4285714284,7400.0,7400.0,7400.0,7.0,0.0,7400.0,0.0,2024-12-05,2025-01-05,31,8,Cold Call,4.9,Closed
PPG-01965,Gaborone,Mogoditshane,Plot,Sale,Agent_Lesego,0,0,0,1721,10,0,0,0,201000.0,201000.0,201000.0,0.0,0.0,0.0,10050.0,0.0,2024-05-27,2024-10-31,157,16,Walk-in,4.5,Closed
PPG-01966,Maun,Sedie Ward,Retail Space,Rental,Agent_Neo,0,0,228,828,4,0,0,0,5674285.714285714,33100.0,33100.0,33100.0,7.0,0.0,33100.0,0.0,2024-10-26,2024-11-04,9,5,Online Listing,4.6,Closed
PPG-01967,Francistown,Somerset,Plot,Sale,Agent_Boago,0,0,0,426,17,0,0,1,185000.0,182000.0,184000.0,0.0,0.0,-1.62,9200.0,150.0,2024-09-18,2024-11-29,72,12,Cold Call,3.2,Closed
PPG-01968,Maun,Boseja,House,Sale,Agent_Kabo,3,2,97,1906,28,0,1,1,196000.0,177000.0,192000.0,0.0,0.0,-9.69,9600.0,950.0,2024-06-14,2024-09-07,85,13,Cold Call,4.5,Closed
PPG-01969,Francistown,Somerset,Plot,Sale,Agent_Mpho,0,0,0,829,31,0,0,0,204000.0,204000.0,204000.0,0.0,0.0,0.0,10200.0,0.0,2024-06-01,2024-09-11,102,15,Walk-in,4.0,Closed
PPG-01970,Gaborone,CBD,Plot,Sale,Agent_Boago,0,0,0,864,28,0,0,0,487000.0,487000.0,487000.0,0.0,0.0,0.0,24350.0,0.0,2025-04-17,,150,20,Referral,3.1,Active
PPG-01971,Gaborone,Block 9,Apartment,Sale,Agent_Neo,3,2,116,1930,27,0,0,0,268000.0,268000.0,265000.0,0.0,0.0,0.0,13250.0,0.0,2024-09-20,2024-10-12,22,4,Referral,4.6,Closed
PPG-01972,Gaborone,Phase 2,House,Sale,Agent_Mpho,4,3,466,1312,29,0,1,0,2587000.0,2654000.0,2566000.0,0.0,0.0,2.59,128300.0,0.0,2024-11-29,2024-12-08,9,2,Agent Network,,Closed
PPG-01973,Maun,Boseja,Apartment,Sale,Agent_Neo,3,2,275,1348,35,0,0,0,268000.0,278000.0,258000.0,0.0,0.0,3.73,12900.0,0.0,2024-09-09,2024-10-04,25,7,Agent Network,3.5,Closed
PPG-01974,Gaborone,Block 9,Commercial Office,Rental,Agent_Lesego,0,0,339,1288,8,0,1,1,4748571.428571428,27700.0,27700.0,27700.0,7.0,0.0,27700.0,0.0,2025-04-23,2025-05-28,35,8,Referral,,Closed
PPG-01975,Gaborone,CBD,Commercial Office,Rental,Agent_Kabo,0,0,170,955,22,0,1,0,5605714.285714285,32700.0,32700.0,32700.0,7.0,0.0,32700.0,0.0,2024-03-07,2024-03-25,18,1,Online Listing,4.7,Closed
PPG-01976,Francistown,Somerset,House,Sale,Agent_Gomolemo,2,1,116,1970,27,0,1,0,294000.0,299000.0,285000.0,0.0,0.0,1.7,14250.0,0.0,2024-10-11,2024-12-13,63,7,Online Listing,4.9,Closed
PPG-01977,Maun,Sedie Ward,Plot,Sale,Agent_Kabo,0,0,0,1426,0,0,0,1,124000.0,124000.0,124000.0,0.0,0.0,0.0,6200.0,0.0,2024-09-02,2025-01-19,139,15,Walk-in,3.4,Closed
PPG-01978,Gaborone,CBD,Retail Space,Rental,Agent_Gomolemo,0,0,454,907,22,0,1,1,4371428.571428571,25500.0,25500.0,25500.0,7.0,0.0,25500.0,0.0,2024-11-18,2024-11-28,10,4,Walk-in,,Closed
PPG-01979,Maun,Boseja,Warehouse,Rental,Agent_Lesego,0,0,68,1045,10,0,0,1,9205714.285714285,53700.0,53700.0,53700.0,7.0,0.0,53700.0,0.0,2025-05-19,2025-06-08,20,2,Online Listing,,Closed
PPG-01980,Gaborone,Block 9,Warehouse,Rental,Agent_Neo,0,0,237,951,35,0,1,1,7542857.142857142,44000.0,44000.0,44000.0,7.0,0.0,44000.0,0.0,2024-11-17,2024-12-17,30,3,Walk-in,3.4,Closed
PPG-01981,Maun,Boseja,House,Sale,Agent_Lesego,4,3,517,1722,23,1,0,0,1125000.0,1163000.0,1121000.0,0.0,0.0,3.38,56050.0,0.0,2024-12-08,2025-04-29,142,19,Walk-in,,Closed
PPG-01982,Francistown,Tati Siding,Warehouse,Sale,Agent_Mpho,0,0,262,850,26,0,0,1,3520000.0,3301000.0,3340000.0,0.0,0.0,-6.22,167000.0,10950.0,2024-09-24,2025-02-20,149,14,Cold Call,3.0,Closed
PPG-01983,Francistown,Monarch,Apartment,Rental,Agent_Neo,1,1,339,389,35,0,0,0,2348571.428571428,13700.0,13700.0,13700.0,7.0,0.0,13700.0,0.0,2024-09-14,2024-10-02,18,3,Agent Network,4.5,Closed
PPG-01984,Maun,Sedie Ward,Retail Space,Sale,Agent_Boago,0,0,199,1122,32,0,1,0,1656000.0,1648000.0,1595000.0,0.0,0.0,-0.48,79750.0,400.0,2024-02-12,2024-07-07,146,16,Walk-in,,Closed
PPG-01985,Gaborone,Phase 2,Warehouse,Sale,Agent_Gomolemo,0,0,408,368,35,0,0,1,5222000.0,5357000.0,5067000.0,0.0,0.0,2.59,253350.0,0.0,2024-02-08,2024-07-26,169,16,Referral,5.0,Closed
PPG-01986,Gaborone,CBD,Warehouse,Rental,Agent_Tshepho,0,0,488,345,8,0,0,1,12822857.142857142,74800.0,74800.0,74800.0,7.0,0.0,74800.0,0.0,2024-10-24,2024-11-23,30,6,Agent Network,3.3,Closed
PPG-01987,Gaborone,Mogoditshane,Warehouse,Rental,Agent_Boago,0,0,596,689,25,0,0,1,11845714.285714285,69100.0,69100.0,69100.0,7.0,0.0,69100.0,0.0,2024-09-30,2024-11-11,42,8,Cold Call,3.5,Closed
PPG-01988,Maun,Sedie Ward,Townhouse,Sale,Agent_Neo,2,1,458,309,9,1,1,0,668000.0,698000.0,644000.0,0.0,0.0,4.49,32200.0,0.0,2024-04-08,2024-06-08,61,8,Walk-in,4.2,Closed
PPG-01989,Gaborone,Phase 2,Apartment,Rental,Agent_Neo,3,2,162,1114,17,0,0,1,1679999.9999999998,9800.0,9800.0,9800.0,7.0,0.0,9800.0,0.0,2024-05-27,2024-07-05,39,4,Online Listing,3.3,Closed
PPG-01990,Gaborone,Broadhurst,House,Sale,Agent_Tshepho,3,2,560,1089,16,1,1,1,2923000.0,2972000.0,2851000.0,0.0,0.0,1.68,142550.0,0.0,2024-01-14,2024-04-12,89,9,Cold Call,3.6,Closed
PPG-01991,Gaborone,Extension 14,Apartment,Rental,Agent_Lesego,3,2,204,1683,30,0,0,0,1405714.2857142857,8200.0,8200.0,8200.0,7.0,0.0,8200.0,0.0,2024-05-07,2024-06-16,40,4,Referral,3.8,Closed
PPG-01992,Francistown,Somerset,Apartment,Rental,Agent_Lesego,2,1,529,1192,10,0,0,1,1491428.5714285714,8700.0,8700.0,8700.0,7.0,0.0,8700.0,0.0,2024-08-29,2024-09-06,8,3,Referral,4.8,Closed
PPG-01993,Gaborone,Extension 14,Apartment,Rental,Agent_Neo,3,2,541,1448,2,0,0,1,2348571.428571428,13700.0,13700.0,13700.0,7.0,0.0,13700.0,0.0,2024-05-17,2024-06-21,35,3,Walk-in,4.0,Closed
PPG-01994,Maun,Matlapana,Plot,Sale,Agent_Mpho,0,0,0,1043,1,0,0,1,127000.0,127000.0,127000.0,0.0,0.0,0.0,6350.0,0.0,2024-10-20,2025-01-03,75,8,Agent Network,4.3,Closed
PPG-01995,Francistown,Monarch,Retail Space,Rental,Agent_Boago,0,0,312,1572,4,0,1,1,7422857.142857142,43300.0,43300.0,43300.0,7.0,0.0,43300.0,0.0,2024-05-06,2024-06-11,36,8,Agent Network,4.9,Closed
PPG-01996,Maun,Sedie Ward,House,Rental,Agent_Tshepho,4,3,323,1263,30,0,1,1,4079999.9999999995,23800.0,23800.0,23800.0,7.0,0.0,23800.0,0.0,2024-03-22,2024-05-06,45,6,Walk-in,,Closed
PPG-01997,Gaborone,Extension 14,Townhouse,Rental,Agent_Mpho,5,4,237,1107,1,0,0,0,2537142.857142857,14800.0,14800.0,14800.0,7.0,0.0,14800.0,0.0,2024-12-20,2025-02-02,44,5,Referral,4.5,Closed
PPG-01998,Francistown,Somerset,Apartment,Sale,Agent_Lesego,5,4,291,1561,8,0,0,1,612000.0,609000.0,577000.0,0.0,0.0,-0.49,28850.0,150.0,2024-04-19,2024-10-11,175,21,Cold Call,3.4,Closed
PPG-01999,Gaborone,Phase 2,Commercial Office,Rental,Agent_Lesego,0,0,95,765,24,0,1,1,8948571.428571427,52200.0,52200.0,52200.0,7.0,0.0,52200.0,0.0,2025-05-15,2025-06-21,37,5,Cold Call,,Closed
PPG-02000,Gaborone,Phase 2,Plot,Sale,Agent_Lesego,0,0,0,1054,32,0,0,0,276000.0,273000.0,270000.0,0.0,0.0,-1.09,13500.0,150.0,2024-09-04,2024-10-14,40,5,Walk-in,4.9,Closed
