student_id,age,gender,campus,program,program_length_yrs,year_enrolled,semester_enrolled,expected_grad_year,enrollment_source,distance_from_campus_km,has_transport,parent_education,has_financial_aid,working_student,attendance_rate_pct,grade_average_pct,courses_failed,warnings_issued,status,at_risk
GTC-00001,38,Male,Main Campus - Gaborone,Diploma in Accounting,2,2023,Semester 1,2025,Radio Ad,62.7,1,None,0,1,61.0,30.0,1,2,Dropped Out,0
GTC-00002,40,Female,Main Campus - Gaborone,Certificate in Auto Mechanics,1,2025,Semester 2,2026,Walk-In,64.6,1,Tertiary,1,1,70.8,54.4,1,1,Active,1
GTC-00003,43,Male,Extension Campus - Mogoditshane,Certificate in Auto Mechanics,1,2025,Semester 1,2026,Agent,7.2,1,Secondary,0,0,85.0,65.5,0,0,Active,0
GTC-00004,26,Female,Extension Campus - Mogoditshane,Certificate in Construction,1,2023,Semester 2,2024,Website Form,18.2,1,None,0,1,69.0,30.0,5,3,Dropped Out,0
GTC-00005,35,Male,Extension Campus - Mogoditshane,Certificate in Construction,1,2023,Semester 1,2024,Walk-In,68.5,1,None,1,0,72.0,46.6,0,2,Graduated,0
GTC-00006,32,Male,Block 8 Campus,Diploma in Engineering,2,2023,Semester 2,2025,Agent,76.4,1,Primary,0,1,59.3,30.0,2,3,Dropped Out,0
GTC-00007,39,Female,Extension Campus - Mogoditshane,Certificate in Business Admin,1,2024,Semester 2,2025,Open Day,45.2,0,None,0,1,49.5,32.4,1,2,Dropped Out,0
GTC-00008,23,Female,Main Campus - Gaborone,Diploma in Accounting,2,2025,Semester 1,2027,Facebook Ad,74.1,1,Primary,1,0,77.9,30.0,2,2,Dropped Out,0
GTC-00009,18,Male,Block 8 Campus,Diploma in Accounting,2,2023,Semester 1,2025,School Fair,74.7,0,None,0,0,61.1,51.0,2,2,Graduated,0
GTC-00010,23,Female,Extension Campus - Mogoditshane,Diploma in Health Sciences,2,2023,Semester 1,2025,Referral,34.2,1,Secondary,1,0,97.5,74.2,1,0,Graduated,0
GTC-00011,25,Male,Main Campus - Gaborone,Diploma in IT,2,2023,Semester 1,2025,Walk-In,73.1,1,Primary,1,0,78.0,33.6,1,1,Dropped Out,0
GTC-00012,33,Female,Main Campus - Gaborone,Certificate in Business Admin,1,2023,Semester 2,2024,Website Form,36.3,1,None,0,0,79.9,50.9,3,1,Dropped Out,0
GTC-00013,24,Female,Main Campus - Gaborone,Diploma in Health Sciences,2,2023,Semester 2,2025,Open Day,21.6,0,Tertiary,0,0,81.2,63.9,0,0,Dropped Out,0
GTC-00014,42,Male,Main Campus - Gaborone,Diploma in Health Sciences,2,2024,Semester 2,2026,School Fair,73.6,0,Primary,1,0,71.7,30.0,3,3,Active,1
GTC-00015,35,Female,Main Campus - Gaborone,Certificate in Hospitality,1,2024,Semester 1,2025,Walk-In,49.4,1,Secondary,1,0,89.8,45.8,4,2,Dropped Out,0
GTC-00016,23,Male,Extension Campus - Mogoditshane,Certificate in Business Admin,1,2025,Semester 1,2026,Agent,10.6,0,Primary,0,1,63.6,36.1,1,2,Dropped Out,0
GTC-00017,39,Female,Main Campus - Gaborone,Diploma in Accounting,2,2024,Semester 1,2026,Referral,39.1,0,None,1,0,70.1,30.0,2,3,Dropped Out,0
GTC-00018,29,Male,Main Campus - Gaborone,Certificate in Construction,1,2024,Semester 1,2025,Open Day,71.0,0,None,0,0,61.0,35.3,1,2,Dropped Out,0
GTC-00019,41,Male,Block 8 Campus,Diploma in Accounting,2,2025,Semester 1,2027,Website Form,17.7,1,Secondary,0,1,73.1,35.3,0,2,Dropped Out,0
GTC-00020,28,Male,Extension Campus - Mogoditshane,Diploma in Accounting,2,2023,Semester 2,2025,Agent,47.9,1,Primary,0,0,80.6,49.6,2,2,Graduated,0
GTC-00021,43,Male,Block 8 Campus,Certificate in Hospitality,1,2025,Semester 1,2026,Facebook Ad,30.4,1,Tertiary,0,0,82.3,72.3,1,0,Active,0
GTC-00022,23,Female,Block 8 Campus,Certificate in Hospitality,1,2024,Semester 1,2025,Facebook Ad,32.8,1,Tertiary,1,0,96.1,60.7,0,0,Dropped Out,0
GTC-00023,24,Female,Block 8 Campus,Diploma in Accounting,2,2023,Semester 2,2025,Website Form,54.7,1,Secondary,0,1,70.4,52.5,0,1,Graduated,0
GTC-00024,31,Female,Extension Campus - Mogoditshane,Certificate in Construction,1,2024,Semester 1,2025,Agent,76.5,1,None,0,1,56.2,33.6,0,2,Dropped Out,0
GTC-00025,29,Female,Main Campus - Gaborone,Certificate in Construction,1,2025,Semester 2,2026,Facebook Ad,61.3,1,Secondary,0,1,65.0,33.0,4,3,Dropped Out,0
GTC-00026,41,Male,Extension Campus - Mogoditshane,Diploma in Accounting,2,2024,Semester 1,2026,Referral,24.7,1,Secondary,0,0,89.5,73.2,0,0,Active,0
GTC-00027,34,Female,Main Campus - Gaborone,Certificate in Hospitality,1,2025,Semester 2,2026,School Fair,68.7,1,None,1,0,73.4,36.1,3,3,Dropped Out,0
GTC-00028,40,Female,Block 8 Campus,Diploma in Health Sciences,2,2023,Semester 1,2025,Walk-In,75.9,0,None,0,1,40.0,30.0,3,3,Dropped Out,0
GTC-00029,21,Female,Main Campus - Gaborone,Certificate in Auto Mechanics,1,2025,Semester 2,2026,Open Day,52.3,0,Tertiary,0,0,64.0,46.2,1,2,Dropped Out,0
GTC-00030,38,Female,Extension Campus - Mogoditshane,Certificate in Auto Mechanics,1,2025,Semester 1,2026,Referral,37.7,0,Primary,1,1,60.3,30.0,4,3,Active,1
GTC-00031,31,Female,Extension Campus - Mogoditshane,Certificate in Auto Mechanics,1,2024,Semester 1,2025,School Fair,70.9,1,None,0,0,69.4,30.0,4,3,Dropped Out,0
GTC-00032,44,Female,Extension Campus - Mogoditshane,Certificate in Hospitality,1,2024,Semester 1,2025,Referral,37.3,1,Secondary,0,0,74.5,66.8,0,1,Graduated,0
GTC-00033,30,Male,Main Campus - Gaborone,Diploma in Health Sciences,2,2023,Semester 2,2025,Radio Ad,4.7,1,Primary,0,1,69.2,54.5,0,1,Graduated,0
GTC-00034,33,Male,Extension Campus - Mogoditshane,Diploma in IT,2,2024,Semester 1,2026,Facebook Ad,66.5,1,None,0,1,59.4,37.7,3,3,Dropped Out,0
GTC-00035,24,Female,Extension Campus - Mogoditshane,Diploma in Accounting,2,2024,Semester 1,2026,Facebook Ad,66.2,1,Secondary,1,1,84.0,47.8,1,1,Active,1
GTC-00036,40,Male,Main Campus - Gaborone,Diploma in Accounting,2,2025,Semester 1,2027,Walk-In,29.8,1,Secondary,1,0,90.4,71.3,0,0,Active,0
GTC-00037,32,Male,Block 8 Campus,Diploma in Engineering,2,2025,Semester 2,2027,Open Day,39.8,0,Secondary,1,1,66.4,31.0,3,3,Dropped Out,0
GTC-00038,39,Female,Block 8 Campus,Diploma in IT,2,2024,Semester 2,2026,Radio Ad,41.7,1,Secondary,1,0,86.2,78.3,0,0,Active,0
GTC-00039,33,Male,Extension Campus - Mogoditshane,Certificate in Auto Mechanics,1,2025,Semester 2,2026,Open Day,67.5,1,Primary,1,1,60.9,30.0,2,3,Active,1
GTC-00040,29,Female,Block 8 Campus,Diploma in Accounting,2,2024,Semester 1,2026,Facebook Ad,61.4,1,Primary,1,0,86.6,50.0,0,0,Active,1
GTC-00041,27,Male,Block 8 Campus,Diploma in Engineering,2,2024,Semester 1,2026,Radio Ad,23.7,0,Secondary,0,1,62.7,49.2,0,2,Dropped Out,0
GTC-00042,32,Female,Main Campus - Gaborone,Diploma in IT,2,2024,Semester 2,2026,Facebook Ad,70.0,1,None,0,0,76.4,56.6,0,0,Active,0
GTC-00043,31,Male,Extension Campus - Mogoditshane,Diploma in Health Sciences,2,2024,Semester 2,2026,Referral,73.2,0,Secondary,0,1,53.4,30.0,0,2,Dropped Out,0
GTC-00044,20,Male,Main Campus - Gaborone,Diploma in Engineering,2,2025,Semester 1,2027,Radio Ad,0.7,1,Tertiary,1,1,77.5,36.1,2,2,Active,1
GTC-00045,38,Male,Block 8 Campus,Certificate in Business Admin,1,2025,Semester 1,2026,Radio Ad,77.3,0,None,1,0,57.8,30.0,2,3,Dropped Out,0
GTC-00046,27,Female,Block 8 Campus,Certificate in Auto Mechanics,1,2024,Semester 1,2025,Walk-In,75.7,0,Secondary,1,1,56.2,30.0,2,3,Dropped Out,0
GTC-00047,44,Female,Extension Campus - Mogoditshane,Diploma in IT,2,2023,Semester 2,2025,Open Day,77.9,1,Tertiary,0,0,78.5,51.1,2,1,Graduated,0
GTC-00048,28,Female,Extension Campus - Mogoditshane,Certificate in Auto Mechanics,1,2024,Semester 2,2025,Walk-In,38.9,1,Secondary,1,0,88.0,95.0,0,0,Graduated,0
GTC-00049,19,Male,Extension Campus - Mogoditshane,Certificate in Construction,1,2025,Semester 2,2026,Open Day,64.7,1,Primary,0,0,71.6,49.0,1,2,Dropped Out,0
GTC-00050,23,Female,Extension Campus - Mogoditshane,Diploma in IT,2,2025,Semester 2,2027,Facebook Ad,19.5,0,None,0,1,54.9,30.0,1,2,Dropped Out,0
GTC-00051,44,Female,Block 8 Campus,Certificate in Hospitality,1,2024,Semester 1,2025,Agent,16.6,1,Primary,0,1,62.0,42.4,1,2,Graduated,0
GTC-00052,27,Female,Extension Campus - Mogoditshane,Certificate in Auto Mechanics,1,2023,Semester 2,2024,Open Day,29.7,1,Tertiary,0,1,86.2,54.9,0,0,Graduated,0
GTC-00053,19,Female,Extension Campus - Mogoditshane,Certificate in Auto Mechanics,1,2025,Semester 2,2026,Agent,84.0,0,Primary,0,1,51.9,30.0,0,2,Dropped Out,0
GTC-00054,34,Female,Main Campus - Gaborone,Diploma in Engineering,2,2024,Semester 1,2026,Facebook Ad,40.2,0,Secondary,0,0,74.2,46.9,0,2,Active,1
GTC-00055,42,Female,Extension Campus - Mogoditshane,Diploma in IT,2,2025,Semester 1,2027,School Fair,53.8,0,Primary,0,0,61.1,42.8,0,2,Active,1
GTC-00056,19,Female,Main Campus - Gaborone,Diploma in Accounting,2,2024,Semester 2,2026,Agent,12.8,1,Primary,1,1,73.0,60.6,3,2,Dropped Out,0
GTC-00057,32,Female,Block 8 Campus,Diploma in Accounting,2,2025,Semester 1,2027,Open Day,76.7,1,Primary,1,0,74.7,67.4,0,1,Active,1
GTC-00058,30,Female,Main Campus - Gaborone,Certificate in Hospitality,1,2024,Semester 2,2025,Referral,84.4,1,Tertiary,1,0,79.4,57.4,1,0,Graduated,0
GTC-00059,27,Male,Extension Campus - Mogoditshane,Certificate in Construction,1,2023,Semester 1,2024,Referral,57.8,0,Primary,0,0,58.6,30.0,3,3,Dropped Out,0
GTC-00060,20,Female,Block 8 Campus,Diploma in Health Sciences,2,2023,Semester 1,2025,Radio Ad,67.0,0,Secondary,0,0,65.6,43.0,0,2,Dropped Out,0
GTC-00061,41,Female,Main Campus - Gaborone,Certificate in Auto Mechanics,1,2023,Semester 1,2024,School Fair,73.2,0,Tertiary,0,0,70.6,30.0,2,3,Dropped Out,0
GTC-00062,39,Female,Extension Campus - Mogoditshane,Diploma in Health Sciences,2,2025,Semester 2,2027,Facebook Ad,57.5,1,Secondary,0,1,69.6,63.3,0,1,Active,1
GTC-00063,19,Female,Block 8 Campus,Certificate in Business Admin,1,2023,Semester 1,2024,Radio Ad,33.3,1,Tertiary,0,0,84.2,82.7,0,0,Graduated,0
GTC-00064,26,Male,Extension Campus - Mogoditshane,Certificate in Construction,1,2023,Semester 2,2024,Open Day,80.8,0,None,0,0,57.8,46.7,1,2,Graduated,0
GTC-00065,45,Female,Main Campus - Gaborone,Certificate in Hospitality,1,2025,Semester 1,2026,Walk-In,67.0,1,Primary,0,1,53.4,30.0,1,2,Dropped Out,0
GTC-00066,42,Male,Extension Campus - Mogoditshane,Diploma in IT,2,2024,Semester 1,2026,Radio Ad,46.1,0,None,0,1,55.8,42.2,2,3,Dropped Out,0
GTC-00067,19,Male,Extension Campus - Mogoditshane,Diploma in Health Sciences,2,2025,Semester 1,2027,Facebook Ad,40.7,0,None,0,1,54.7,30.0,1,2,Dropped Out,0
GTC-00068,38,Male,Main Campus - Gaborone,Certificate in Auto Mechanics,1,2024,Semester 2,2025,Facebook Ad,41.9,0,None,0,1,57.1,30.0,1,2,Dropped Out,0
GTC-00069,30,Female,Block 8 Campus,Diploma in Health Sciences,2,2023,Semester 1,2025,School Fair,36.8,0,Tertiary,1,0,84.1,38.2,2,2,Dropped Out,0
GTC-00070,22,Female,Main Campus - Gaborone,Certificate in Business Admin,1,2023,Semester 1,2024,Agent,8.7,0,Primary,0,0,68.3,30.0,3,3,Dropped Out,0
GTC-00071,42,Female,Extension Campus - Mogoditshane,Diploma in IT,2,2024,Semester 2,2026,Website Form,9.3,1,Primary,0,1,73.1,47.6,2,3,Active,1
GTC-00072,45,Male,Extension Campus - Mogoditshane,Diploma in Accounting,2,2023,Semester 1,2025,Referral,59.9,1,Secondary,1,1,77.7,66.6,1,0,Graduated,0
GTC-00073,20,Male,Block 8 Campus,Diploma in Health Sciences,2,2024,Semester 2,2026,Radio Ad,31.8,0,None,0,1,58.4,30.0,3,3,Dropped Out,0
GTC-00074,37,Female,Block 8 Campus,Diploma in Accounting,2,2023,Semester 1,2025,Website Form,36.8,1,Tertiary,0,1,88.2,60.3,0,0,Graduated,0
GTC-00075,42,Male,Block 8 Campus,Diploma in Accounting,2,2024,Semester 1,2026,Walk-In,42.5,1,Primary,1,0,83.0,30.0,2,2,Active,1
GTC-00076,18,Female,Main Campus - Gaborone,Certificate in Construction,1,2025,Semester 2,2026,Agent,60.5,1,None,1,0,90.7,59.6,1,0,Active,0
GTC-00077,21,Male,Block 8 Campus,Diploma in Health Sciences,2,2025,Semester 1,2027,Agent,74.1,0,Primary,1,1,57.8,30.0,2,3,Dropped Out,0
GTC-00078,41,Male,Main Campus - Gaborone,Certificate in Business Admin,1,2023,Semester 2,2024,School Fair,15.2,1,None,1,0,83.3,30.0,1,1,Graduated,0
GTC-00079,36,Female,Extension Campus - Mogoditshane,Certificate in Construction,1,2023,Semester 2,2024,Facebook Ad,40.1,1,Secondary,0,0,86.5,79.0,0,0,Graduated,0
GTC-00080,38,Male,Extension Campus - Mogoditshane,Diploma in Health Sciences,2,2024,Semester 1,2026,Open Day,77.3,1,Primary,1,0,76.5,60.4,2,1,Active,1
GTC-00081,34,Male,Main Campus - Gaborone,Certificate in Hospitality,1,2025,Semester 2,2026,Open Day,44.8,1,Secondary,1,1,82.5,30.0,1,1,Active,1
GTC-00082,21,Female,Block 8 Campus,Diploma in Accounting,2,2025,Semester 1,2027,Website Form,7.4,1,Secondary,1,0,92.8,65.1,0,0,Active,0
GTC-00083,28,Male,Extension Campus - Mogoditshane,Certificate in Business Admin,1,2025,Semester 2,2026,Website Form,2.0,1,Primary,1,0,100.0,94.5,0,0,Active,0
GTC-00084,35,Male,Extension Campus - Mogoditshane,Certificate in Construction,1,2025,Semester 1,2026,Agent,13.5,1,Primary,0,1,73.0,30.0,2,3,Active,1
GTC-00085,25,Male,Block 8 Campus,Certificate in Auto Mechanics,1,2023,Semester 2,2024,Open Day,39.5,1,Tertiary,0,0,91.8,56.1,0,0,Graduated,0
GTC-00086,33,Female,Extension Campus - Mogoditshane,Certificate in Business Admin,1,2025,Semester 1,2026,Referral,7.6,1,Tertiary,0,1,78.6,30.0,3,2,Dropped Out,0
GTC-00087,18,Female,Main Campus - Gaborone,Diploma in Health Sciences,2,2025,Semester 2,2027,School Fair,33.1,1,Primary,1,0,81.9,71.4,0,0,Active,0
GTC-00088,40,Male,Extension Campus - Mogoditshane,Certificate in Auto Mechanics,1,2024,Semester 1,2025,Facebook Ad,2.1,1,Primary,0,0,76.6,36.9,3,2,Dropped Out,0
GTC-00089,31,Female,Main Campus - Gaborone,Certificate in Business Admin,1,2024,Semester 1,2025,School Fair,61.2,1,None,0,1,62.7,30.0,4,3,Dropped Out,0
GTC-00090,34,Male,Block 8 Campus,Certificate in Auto Mechanics,1,2023,Semester 2,2024,Website Form,21.9,1,None,1,0,76.8,33.2,1,1,Dropped Out,0
GTC-00091,35,Female,Extension Campus - Mogoditshane,Diploma in Engineering,2,2025,Semester 2,2027,Open Day,53.9,0,None,0,0,57.8,32.2,0,2,Dropped Out,0
GTC-00092,27,Female,Extension Campus - Mogoditshane,Certificate in Auto Mechanics,1,2024,Semester 1,2025,School Fair,24.7,0,None,0,1,63.4,43.7,0,2,Dropped Out,0
GTC-00093,30,Female,Main Campus - Gaborone,Certificate in Auto Mechanics,1,2025,Semester 2,2026,Website Form,78.6,1,None,0,1,58.4,30.0,2,3,Dropped Out,0
GTC-00094,39,Female,Block 8 Campus,Certificate in Auto Mechanics,1,2025,Semester 2,2026,Radio Ad,58.8,1,None,0,0,65.5,30.0,1,2,Dropped Out,0
GTC-00095,39,Female,Block 8 Campus,Diploma in Engineering,2,2023,Semester 1,2025,Open Day,3.4,1,Secondary,1,0,90.6,65.4,0,0,Graduated,0
GTC-00096,20,Male,Extension Campus - Mogoditshane,Certificate in Construction,1,2024,Semester 2,2025,Referral,21.6,1,Primary,0,0,80.5,40.8,3,2,Graduated,0
GTC-00097,27,Female,Main Campus - Gaborone,Certificate in Business Admin,1,2023,Semester 1,2024,Open Day,15.1,0,None,0,0,69.4,55.4,0,1,Dropped Out,0
GTC-00098,27,Male,Extension Campus - Mogoditshane,Diploma in Engineering,2,2024,Semester 1,2026,Facebook Ad,83.7,0,Primary,0,1,50.4,30.0,1,2,Active,1
GTC-00099,27,Female,Extension Campus - Mogoditshane,Certificate in Auto Mechanics,1,2025,Semester 2,2026,Agent,70.1,1,Secondary,0,0,76.8,53.9,0,0,Active,1
GTC-00100,22,Female,Extension Campus - Mogoditshane,Diploma in IT,2,2023,Semester 1,2025,Referral,14.4,1,Primary,1,0,82.1,81.7,1,0,Graduated,0
GTC-00101,22,Female,Extension Campus - Mogoditshane,Certificate in Business Admin,1,2025,Semester 1,2026,Radio Ad,15.0,1,Secondary,0,0,87.9,74.8,0,0,Active,0
GTC-00102,42,Female,Extension Campus - Mogoditshane,Diploma in IT,2,2024,Semester 2,2026,Referral,41.3,0,Tertiary,1,1,70.0,43.6,1,2,Active,1
GTC-00103,40,Female,Extension Campus - Mogoditshane,Certificate in Construction,1,2024,Semester 1,2025,Website Form,44.0,1,Primary,0,1,69.3,30.8,3,3,Dropped Out,0
GTC-00104,25,Male,Block 8 Campus,Certificate in Construction,1,2023,Semester 1,2024,Open Day,84.7,1,Secondary,0,1,74.4,30.0,4,3,Dropped Out,0
GTC-00105,27,Female,Extension Campus - Mogoditshane,Certificate in Auto Mechanics,1,2024,Semester 1,2025,Facebook Ad,36.9,0,Secondary,0,0,80.8,35.0,3,2,Dropped Out,0
GTC-00106,34,Female,Extension Campus - Mogoditshane,Diploma in Accounting,2,2025,Semester 1,2027,Radio Ad,82.9,1,Secondary,0,0,81.3,57.2,1,0,Dropped Out,0
GTC-00107,40,Female,Block 8 Campus,Certificate in Auto Mechanics,1,2023,Semester 1,2024,Website Form,79.2,1,Tertiary,0,0,80.3,46.6,0,1,Graduated,0
GTC-00108,27,Female,Main Campus - Gaborone,Certificate in Construction,1,2024,Semester 1,2025,Agent,49.8,0,None,0,1,48.9,30.0,2,3,Dropped Out,0
GTC-00109,33,Male,Extension Campus - Mogoditshane,Diploma in Health Sciences,2,2023,Semester 1,2025,Walk-In,48.9,0,Primary,1,1,67.2,30.0,3,3,Dropped Out,0
GTC-00110,45,Male,Extension Campus - Mogoditshane,Diploma in Engineering,2,2025,Semester 1,2027,Website Form,84.8,1,Tertiary,1,1,69.6,41.1,3,3,Active,1
GTC-00111,40,Female,Extension Campus - Mogoditshane,Certificate in Auto Mechanics,1,2023,Semester 1,2024,Referral,47.7,1,Secondary,0,0,78.6,36.9,2,2,Graduated,0
GTC-00112,41,Female,Block 8 Campus,Certificate in Business Admin,1,2025,Semester 2,2026,Agent,69.7,0,Primary,1,1,48.5,30.0,2,3,Dropped Out,0
GTC-00113,24,Female,Extension Campus - Mogoditshane,Diploma in Accounting,2,2023,Semester 1,2025,School Fair,21.0,1,Primary,0,1,76.1,31.1,3,2,Dropped Out,0
GTC-00114,35,Male,Block 8 Campus,Certificate in Auto Mechanics,1,2024,Semester 1,2025,Referral,27.6,1,None,0,1,57.3,43.4,2,3,Dropped Out,0
GTC-00115,44,Male,Main Campus - Gaborone,Diploma in Health Sciences,2,2024,Semester 1,2026,Referral,74.6,1,None,0,1,61.0,30.0,2,3,Dropped Out,0
GTC-00116,34,Female,Block 8 Campus,Certificate in Hospitality,1,2023,Semester 2,2024,Radio Ad,62.3,1,Primary,1,1,72.2,30.0,4,3,Dropped Out,0
GTC-00117,30,Female,Extension Campus - Mogoditshane,Certificate in Construction,1,2023,Semester 2,2024,Facebook Ad,16.1,1,Secondary,0,1,82.6,37.1,3,2,Dropped Out,0
GTC-00118,36,Male,Block 8 Campus,Certificate in Construction,1,2025,Semester 1,2026,Walk-In,56.9,1,Primary,1,0,70.2,58.1,1,1,Active,1
GTC-00119,37,Male,Main Campus - Gaborone,Diploma in Engineering,2,2024,Semester 1,2026,Open Day,63.7,1,Tertiary,0,0,67.0,48.2,0,2,Active,1
GTC-00120,43,Male,Extension Campus - Mogoditshane,Certificate in Auto Mechanics,1,2025,Semester 2,2026,Facebook Ad,78.0,1,Primary,0,1,64.3,30.0,3,3,Dropped Out,0
GTC-00121,20,Female,Main Campus - Gaborone,Certificate in Auto Mechanics,1,2023,Semester 2,2024,Open Day,48.2,1,Secondary,0,0,81.4,67.5,0,0,Graduated,0
GTC-00122,20,Male,Main Campus - Gaborone,Certificate in Auto Mechanics,1,2023,Semester 2,2024,Agent,15.7,1,Tertiary,1,0,98.5,38.3,2,2,Graduated,0
GTC-00123,45,Male,Extension Campus - Mogoditshane,Certificate in Construction,1,2023,Semester 1,2024,Agent,45.2,0,Primary,0,0,64.2,43.6,0,2,Dropped Out,0
GTC-00124,25,Male,Block 8 Campus,Certificate in Construction,1,2023,Semester 2,2024,School Fair,79.7,0,None,1,0,60.2,30.0,2,3,Dropped Out,0
GTC-00125,37,Male,Block 8 Campus,Diploma in IT,2,2023,Semester 1,2025,Agent,37.6,1,None,1,0,94.1,52.6,0,0,Graduated,0
GTC-00126,44,Female,Main Campus - Gaborone,Diploma in Accounting,2,2023,Semester 1,2025,Agent,25.9,1,Primary,0,0,77.4,30.0,2,2,Graduated,0
GTC-00127,28,Female,Block 8 Campus,Diploma in Engineering,2,2024,Semester 2,2026,Radio Ad,64.2,1,Primary,1,0,69.6,37.9,0,2,Active,1
GTC-00128,25,Female,Main Campus - Gaborone,Certificate in Construction,1,2025,Semester 1,2026,Open Day,72.1,1,Primary,1,0,79.1,59.2,1,0,Active,0
GTC-00129,24,Female,Main Campus - Gaborone,Certificate in Construction,1,2024,Semester 1,2025,School Fair,79.7,0,None,0,0,58.1,40.8,0,2,Dropped Out,0
GTC-00130,28,Female,Block 8 Campus,Certificate in Auto Mechanics,1,2025,Semester 2,2026,Referral,22.6,1,Tertiary,0,0,80.7,52.6,1,0,Active,1
GTC-00131,45,Male,Extension Campus - Mogoditshane,Diploma in Engineering,2,2023,Semester 2,2025,Agent,25.4,1,Primary,1,0,83.0,30.0,1,1,Graduated,0
GTC-00132,41,Female,Block 8 Campus,Diploma in Engineering,2,2025,Semester 2,2027,Radio Ad,12.3,1,Primary,0,0,75.6,57.1,1,0,Active,0
GTC-00133,42,Male,Block 8 Campus,Diploma in Engineering,2,2025,Semester 1,2027,Facebook Ad,60.3,1,Tertiary,1,0,76.0,30.8,2,2,Dropped Out,0
GTC-00134,35,Female,Main Campus - Gaborone,Diploma in IT,2,2025,Semester 2,2027,Referral,1.9,0,Tertiary,0,0,73.4,47.7,2,3,Active,1
GTC-00135,26,Female,Main Campus - Gaborone,Certificate in Construction,1,2024,Semester 2,2025,School Fair,84.2,1,None,0,0,71.8,33.8,3,3,Dropped Out,0
GTC-00136,18,Male,Main Campus - Gaborone,Certificate in Auto Mechanics,1,2024,Semester 2,2025,Facebook Ad,76.1,0,Primary,1,0,64.3,47.7,1,2,Dropped Out,0
GTC-00137,35,Male,Main Campus - Gaborone,Certificate in Construction,1,2023,Semester 1,2024,Radio Ad,64.1,0,Tertiary,0,1,51.5,30.0,1,2,Dropped Out,0
GTC-00138,30,Male,Extension Campus - Mogoditshane,Certificate in Business Admin,1,2025,Semester 2,2026,Walk-In,8.8,1,None,1,0,86.6,75.4,0,0,Active,0
GTC-00139,33,Male,Block 8 Campus,Diploma in Health Sciences,2,2024,Semester 1,2026,Agent,7.7,1,Primary,0,1,73.5,39.0,0,2,Dropped Out,0
GTC-00140,21,Male,Main Campus - Gaborone,Diploma in Accounting,2,2024,Semester 2,2026,Referral,9.1,1,Tertiary,1,0,95.6,66.2,0,0,Active,0
GTC-00141,30,Male,Block 8 Campus,Diploma in Health Sciences,2,2024,Semester 1,2026,School Fair,48.8,1,Tertiary,1,1,87.8,60.3,1,0,Active,0
GTC-00142,29,Female,Main Campus - Gaborone,Certificate in Auto Mechanics,1,2025,Semester 1,2026,Open Day,9.5,1,Tertiary,1,0,90.8,66.3,2,1,Active,1
GTC-00143,22,Female,Block 8 Campus,Certificate in Hospitality,1,2024,Semester 2,2025,Radio Ad,82.0,0,Secondary,0,0,67.2,56.5,1,1,Graduated,0
GTC-00144,29,Male,Extension Campus - Mogoditshane,Certificate in Hospitality,1,2025,Semester 1,2026,Walk-In,81.0,1,Primary,1,1,61.3,30.0,1,2,Dropped Out,0
GTC-00145,38,Female,Main Campus - Gaborone,Diploma in Accounting,2,2025,Semester 1,2027,Agent,67.2,1,Tertiary,0,0,71.3,67.5,0,1,Active,1
GTC-00146,43,Male,Main Campus - Gaborone,Certificate in Hospitality,1,2025,Semester 2,2026,Radio Ad,55.2,1,Tertiary,0,1,63.7,36.1,2,3,Active,1
GTC-00147,40,Male,Block 8 Campus,Certificate in Construction,1,2024,Semester 2,2025,Radio Ad,29.6,1,None,1,0,87.8,79.5,0,0,Graduated,0
GTC-00148,43,Male,Extension Campus - Mogoditshane,Certificate in Auto Mechanics,1,2024,Semester 2,2025,Facebook Ad,37.5,1,Secondary,1,1,79.0,46.7,2,2,Graduated,0
GTC-00149,41,Male,Extension Campus - Mogoditshane,Diploma in Engineering,2,2025,Semester 1,2027,Website Form,47.8,0,Primary,0,0,71.7,30.0,3,3,Active,1
GTC-00150,31,Female,Main Campus - Gaborone,Certificate in Hospitality,1,2023,Semester 2,2024,Facebook Ad,49.3,0,Primary,1,1,65.9,30.0,2,3,Dropped Out,0
GTC-00151,30,Female,Extension Campus - Mogoditshane,Certificate in Business Admin,1,2024,Semester 2,2025,Open Day,52.7,0,Secondary,0,0,65.2,30.0,3,3,Dropped Out,0
GTC-00152,22,Female,Block 8 Campus,Diploma in Engineering,2,2025,Semester 2,2027,Agent,16.2,1,Primary,0,0,85.4,59.9,0,0,On Leave,0
GTC-00153,22,Male,Block 8 Campus,Certificate in Auto Mechanics,1,2024,Semester 2,2025,Agent,60.5,1,Primary,1,1,65.9,33.7,3,3,Dropped Out,0
GTC-00154,32,Female,Extension Campus - Mogoditshane,Certificate in Business Admin,1,2025,Semester 1,2026,Referral,66.0,0,Secondary,0,0,58.6,30.0,3,3,Active,1
GTC-00155,25,Female,Main Campus - Gaborone,Certificate in Auto Mechanics,1,2024,Semester 2,2025,Facebook Ad,37.6,0,Primary,1,0,66.8,30.0,1,2,Dropped Out,0
GTC-00156,43,Male,Main Campus - Gaborone,Diploma in IT,2,2025,Semester 2,2027,Referral,50.9,1,Secondary,1,1,60.7,60.1,0,1,Active,1
GTC-00157,19,Female,Extension Campus - Mogoditshane,Diploma in Engineering,2,2025,Semester 1,2027,School Fair,12.9,1,Primary,0,0,82.4,32.3,3,2,Active,1
GTC-00158,42,Male,Block 8 Campus,Diploma in Accounting,2,2025,Semester 2,2027,Open Day,80.8,1,None,0,0,76.4,62.8,0,0,Active,0
GTC-00159,30,Male,Block 8 Campus,Certificate in Hospitality,1,2024,Semester 2,2025,Website Form,70.5,1,Primary,0,0,80.3,35.0,2,2,Graduated,0
GTC-00160,32,Male,Main Campus - Gaborone,Diploma in Engineering,2,2024,Semester 2,2026,Walk-In,84.3,1,Primary,0,1,51.7,45.6,2,3,Dropped Out,0
GTC-00161,39,Male,Main Campus - Gaborone,Diploma in Health Sciences,2,2025,Semester 2,2027,School Fair,36.8,1,None,1,0,85.7,62.0,0,0,Active,0
GTC-00162,45,Female,Extension Campus - Mogoditshane,Diploma in Engineering,2,2024,Semester 1,2026,School Fair,32.9,0,None,1,0,75.7,41.1,0,1,Active,1
GTC-00163,20,Male,Extension Campus - Mogoditshane,Diploma in Engineering,2,2024,Semester 2,2026,School Fair,53.6,1,Tertiary,0,0,91.4,64.7,0,0,Active,0
GTC-00164,31,Female,Main Campus - Gaborone,Certificate in Hospitality,1,2024,Semester 1,2025,School Fair,47.3,1,Secondary,0,0,78.0,62.8,1,0,Graduated,0
GTC-00165,41,Female,Block 8 Campus,Diploma in IT,2,2023,Semester 2,2025,Agent,10.0,1,None,0,0,76.0,91.0,1,0,Graduated,0
GTC-00166,29,Male,Block 8 Campus,Certificate in Business Admin,1,2023,Semester 1,2024,Walk-In,22.7,1,None,0,0,89.7,51.4,0,0,Graduated,0
GTC-00167,38,Male,Block 8 Campus,Certificate in Business Admin,1,2024,Semester 1,2025,School Fair,82.8,1,Secondary,1,0,75.5,73.0,0,0,Graduated,0
GTC-00168,45,Male,Main Campus - Gaborone,Certificate in Hospitality,1,2023,Semester 2,2024,Facebook Ad,38.8,1,Secondary,0,0,84.7,57.7,0,0,Graduated,0
GTC-00169,29,Female,Main Campus - Gaborone,Certificate in Construction,1,2023,Semester 2,2024,Facebook Ad,65.7,1,Tertiary,1,1,70.6,46.4,2,3,Dropped Out,0
GTC-00170,33,Male,Block 8 Campus,Diploma in Engineering,2,2024,Semester 1,2026,Facebook Ad,19.8,1,None,0,1,68.4,50.4,0,1,Active,1
GTC-00171,43,Female,Main Campus - Gaborone,Certificate in Construction,1,2023,Semester 2,2024,Website Form,23.4,1,Secondary,1,0,91.2,72.1,0,0,Graduated,0
GTC-00172,32,Female,Block 8 Campus,Certificate in Construction,1,2023,Semester 2,2024,Walk-In,31.7,1,Secondary,0,1,83.8,32.2,2,2,Graduated,0
GTC-00173,35,Male,Main Campus - Gaborone,Diploma in IT,2,2024,Semester 1,2026,School Fair,46.3,1,None,0,1,58.9,30.0,2,3,Active,1
GTC-00174,33,Male,Main Campus - Gaborone,Diploma in Accounting,2,2023,Semester 1,2025,School Fair,76.3,1,Secondary,0,0,73.1,30.0,1,2,Graduated,0
GTC-00175,19,Female,Extension Campus - Mogoditshane,Diploma in Engineering,2,2023,Semester 2,2025,Referral,72.4,0,Tertiary,0,0,72.6,35.9,2,3,Graduated,0
GTC-00176,36,Male,Main Campus - Gaborone,Certificate in Business Admin,1,2023,Semester 2,2024,Open Day,27.0,1,Secondary,0,1,77.7,42.3,2,2,Graduated,0
GTC-00177,44,Male,Main Campus - Gaborone,Certificate in Construction,1,2023,Semester 1,2024,School Fair,82.3,1,None,0,1,58.9,30.0,3,3,Dropped Out,0
GTC-00178,25,Male,Block 8 Campus,Certificate in Business Admin,1,2023,Semester 1,2024,Walk-In,5.7,0,Primary,1,0,81.1,30.0,1,1,Dropped Out,0
GTC-00179,44,Male,Main Campus - Gaborone,Certificate in Business Admin,1,2023,Semester 2,2024,Radio Ad,8.3,0,Secondary,1,0,81.6,69.3,0,0,Graduated,0
GTC-00180,30,Female,Main Campus - Gaborone,Certificate in Construction,1,2023,Semester 1,2024,Referral,24.1,0,None,0,0,65.3,30.3,1,2,Dropped Out,0
GTC-00181,30,Male,Block 8 Campus,Certificate in Hospitality,1,2025,Semester 1,2026,Walk-In,84.1,0,Secondary,0,0,74.4,30.0,3,3,Dropped Out,0
GTC-00182,37,Male,Main Campus - Gaborone,Diploma in Accounting,2,2023,Semester 2,2025,Website Form,65.3,0,Primary,1,0,72.2,30.0,2,3,Graduated,0
GTC-00183,25,Female,Block 8 Campus,Diploma in Engineering,2,2023,Semester 1,2025,Website Form,68.6,1,None,0,0,72.9,48.0,0,2,Graduated,0
GTC-00184,33,Female,Main Campus - Gaborone,Certificate in Auto Mechanics,1,2023,Semester 1,2024,Walk-In,20.2,1,Tertiary,1,0,92.5,63.7,0,0,Graduated,0
GTC-00185,28,Male,Main Campus - Gaborone,Diploma in Engineering,2,2025,Semester 1,2027,Facebook Ad,72.0,0,None,1,0,69.4,30.0,3,3,Dropped Out,0
GTC-00186,31,Female,Extension Campus - Mogoditshane,Certificate in Construction,1,2023,Semester 2,2024,School Fair,56.7,0,Tertiary,1,0,75.8,73.7,0,0,Graduated,0
GTC-00187,42,Male,Main Campus - Gaborone,Certificate in Construction,1,2025,Semester 1,2026,Facebook Ad,79.7,1,None,1,0,84.1,72.7,0,0,Active,0
GTC-00188,32,Male,Block 8 Campus,Certificate in Hospitality,1,2023,Semester 1,2024,Website Form,22.2,1,None,1,0,84.5,32.7,3,2,Dropped Out,0
GTC-00189,30,Male,Block 8 Campus,Certificate in Hospitality,1,2023,Semester 2,2024,Facebook Ad,68.0,1,None,1,0,81.4,49.5,2,2,Dropped Out,0
GTC-00190,20,Female,Extension Campus - Mogoditshane,Certificate in Auto Mechanics,1,2025,Semester 1,2026,Agent,80.1,1,Tertiary,1,1,80.1,45.6,0,1,Active,1
GTC-00191,27,Female,Main Campus - Gaborone,Certificate in Business Admin,1,2023,Semester 2,2024,Open Day,13.5,1,Tertiary,1,0,91.0,61.7,1,0,Graduated,0
GTC-00192,20,Female,Main Campus - Gaborone,Diploma in Accounting,2,2024,Semester 2,2026,Open Day,76.1,1,Tertiary,1,0,91.0,49.5,2,2,Dropped Out,0
GTC-00193,26,Male,Main Campus - Gaborone,Certificate in Business Admin,1,2023,Semester 2,2024,Agent,82.5,1,None,0,0,77.0,32.7,1,1,Graduated,0
GTC-00194,33,Female,Main Campus - Gaborone,Diploma in Health Sciences,2,2025,Semester 1,2027,Radio Ad,10.7,0,Primary,0,1,58.2,30.0,2,3,Active,1
GTC-00195,44,Male,Extension Campus - Mogoditshane,Diploma in Accounting,2,2024,Semester 1,2026,Facebook Ad,33.3,1,Secondary,0,0,83.6,54.2,0,0,Active,1
GTC-00196,22,Male,Extension Campus - Mogoditshane,Certificate in Business Admin,1,2023,Semester 1,2024,Referral,73.8,0,Tertiary,1,0,72.5,30.5,3,3,Dropped Out,0
GTC-00197,39,Female,Main Campus - Gaborone,Diploma in Health Sciences,2,2024,Semester 1,2026,Walk-In,63.5,0,Secondary,1,0,73.8,30.0,2,3,Dropped Out,0
GTC-00198,45,Male,Main Campus - Gaborone,Diploma in Accounting,2,2025,Semester 2,2027,Website Form,23.3,1,None,1,1,65.7,49.3,0,2,Active,1
GTC-00199,23,Male,Block 8 Campus,Diploma in Health Sciences,2,2023,Semester 1,2025,Radio Ad,16.8,0,None,1,0,72.2,61.0,2,2,Graduated,0
GTC-00200,38,Male,Extension Campus - Mogoditshane,Diploma in IT,2,2023,Semester 2,2025,Open Day,50.7,1,Tertiary,0,1,75.1,50.4,0,0,Graduated,0
GTC-00201,30,Male,Main Campus - Gaborone,Certificate in Hospitality,1,2023,Semester 1,2024,School Fair,23.2,1,None,0,0,76.8,47.0,2,2,Graduated,0
GTC-00202,25,Female,Extension Campus - Mogoditshane,Diploma in Accounting,2,2025,Semester 2,2027,Agent,76.2,0,Tertiary,1,0,66.6,30.0,3,3,Dropped Out,0
GTC-00203,39,Female,Extension Campus - Mogoditshane,Diploma in Accounting,2,2024,Semester 1,2026,Open Day,5.9,0,Secondary,0,1,51.8,30.0,3,3,Active,1
GTC-00204,43,Female,Extension Campus - Mogoditshane,Certificate in Construction,1,2025,Semester 1,2026,Walk-In,55.9,0,Secondary,0,0,57.4,38.0,2,3,Dropped Out,0
GTC-00205,40,Male,Extension Campus - Mogoditshane,Certificate in Auto Mechanics,1,2025,Semester 2,2026,Referral,71.9,0,Primary,1,0,55.0,30.0,1,2,Active,1
GTC-00206,38,Male,Main Campus - Gaborone,Certificate in Construction,1,2023,Semester 2,2024,Agent,67.1,1,Secondary,0,0,77.1,41.5,0,1,Graduated,0
GTC-00207,33,Male,Extension Campus - Mogoditshane,Certificate in Business Admin,1,2025,Semester 2,2026,Referral,35.4,0,Primary,1,1,64.5,30.0,1,2,Dropped Out,0
GTC-00208,40,Male,Main Campus - Gaborone,Certificate in Auto Mechanics,1,2024,Semester 1,2025,Website Form,54.1,1,Secondary,1,0,80.6,47.5,0,1,Dropped Out,0
GTC-00209,31,Female,Block 8 Campus,Diploma in Health Sciences,2,2024,Semester 2,2026,Walk-In,3.7,1,Secondary,0,0,77.9,54.7,1,0,Active,1
GTC-00210,29,Female,Main Campus - Gaborone,Certificate in Business Admin,1,2024,Semester 2,2025,Radio Ad,6.0,1,Secondary,0,0,88.2,44.8,1,1,Graduated,0
GTC-00211,33,Female,Main Campus - Gaborone,Diploma in Engineering,2,2024,Semester 1,2026,School Fair,19.5,0,Primary,0,0,69.2,36.4,1,2,Active,1
GTC-00212,35,Male,Extension Campus - Mogoditshane,Diploma in IT,2,2025,Semester 1,2027,Walk-In,4.6,1,Tertiary,1,0,90.5,51.9,0,0,Active,1
GTC-00213,39,Female,Extension Campus - Mogoditshane,Diploma in Engineering,2,2024,Semester 1,2026,Facebook Ad,24.4,0,Tertiary,1,1,74.1,37.9,3,3,Dropped Out,0
GTC-00214,19,Female,Main Campus - Gaborone,Certificate in Auto Mechanics,1,2024,Semester 1,2025,Walk-In,1.6,1,None,0,0,83.8,44.6,1,1,Dropped Out,0
GTC-00215,26,Male,Block 8 Campus,Diploma in Accounting,2,2024,Semester 2,2026,Walk-In,8.9,1,None,0,0,77.3,55.6,2,1,On Leave,0
GTC-00216,22,Male,Block 8 Campus,Certificate in Construction,1,2024,Semester 2,2025,Facebook Ad,32.0,1,None,1,0,92.9,69.6,0,0,Graduated,0
GTC-00217,43,Male,Main Campus - Gaborone,Diploma in Engineering,2,2025,Semester 1,2027,Radio Ad,9.3,0,Tertiary,0,0,76.4,45.5,1,1,Active,1
GTC-00218,22,Female,Block 8 Campus,Certificate in Business Admin,1,2024,Semester 2,2025,Walk-In,5.9,1,None,0,0,75.5,32.1,1,1,Graduated,0
GTC-00219,28,Male,Block 8 Campus,Certificate in Hospitality,1,2024,Semester 2,2025,Agent,13.1,0,None,1,0,75.8,30.0,2,2,Graduated,0
GTC-00220,28,Male,Block 8 Campus,Diploma in Accounting,2,2023,Semester 1,2025,Agent,34.6,1,Tertiary,1,0,98.1,78.2,3,1,Graduated,0
GTC-00221,18,Male,Block 8 Campus,Diploma in Health Sciences,2,2023,Semester 1,2025,Facebook Ad,67.4,0,Secondary,0,0,64.4,30.0,4,3,Dropped Out,0
GTC-00222,45,Female,Block 8 Campus,Certificate in Auto Mechanics,1,2025,Semester 2,2026,Open Day,10.1,0,Primary,1,0,64.3,30.0,2,3,Dropped Out,0
GTC-00223,23,Female,Main Campus - Gaborone,Diploma in Health Sciences,2,2023,Semester 2,2025,School Fair,16.3,0,Tertiary,1,0,87.2,61.0,0,0,Graduated,0
GTC-00224,39,Male,Block 8 Campus,Certificate in Auto Mechanics,1,2025,Semester 1,2026,Open Day,0.9,0,Tertiary,0,0,71.4,30.0,4,3,Active,1
GTC-00225,30,Female,Extension Campus - Mogoditshane,Diploma in Health Sciences,2,2024,Semester 1,2026,Referral,34.1,1,Secondary,0,1,83.0,30.3,1,1,Active,1
GTC-00226,40,Male,Main Campus - Gaborone,Certificate in Hospitality,1,2025,Semester 2,2026,Website Form,78.3,1,Primary,0,0,71.2,30.0,3,3,Active,1
GTC-00227,31,Female,Block 8 Campus,Diploma in IT,2,2025,Semester 1,2027,Walk-In,32.7,1,None,1,0,86.5,62.1,2,1,Active,1
GTC-00228,42,Male,Block 8 Campus,Certificate in Auto Mechanics,1,2023,Semester 1,2024,Agent,20.6,0,Secondary,0,1,65.5,30.0,0,2,Graduated,0
GTC-00229,19,Male,Extension Campus - Mogoditshane,Diploma in Accounting,2,2023,Semester 2,2025,School Fair,77.5,0,Secondary,0,0,63.8,30.0,2,3,Dropped Out,0
GTC-00230,39,Male,Main Campus - Gaborone,Diploma in Engineering,2,2025,Semester 1,2027,Agent,3.9,1,Secondary,1,0,94.5,64.2,0,0,Active,0
GTC-00231,19,Female,Block 8 Campus,Certificate in Construction,1,2023,Semester 2,2024,School Fair,81.4,1,Primary,1,0,81.9,61.3,1,0,Graduated,0
GTC-00232,24,Female,Extension Campus - Mogoditshane,Diploma in IT,2,2023,Semester 2,2025,Open Day,20.8,1,Primary,0,0,92.0,49.8,0,1,Graduated,0
GTC-00233,27,Male,Extension Campus - Mogoditshane,Certificate in Construction,1,2025,Semester 2,2026,Open Day,4.2,0,Primary,1,1,73.6,67.9,0,1,Active,1
GTC-00234,38,Male,Extension Campus - Mogoditshane,Diploma in Health Sciences,2,2023,Semester 1,2025,Agent,55.1,0,Primary,1,0,63.5,34.8,3,3,Dropped Out,0
GTC-00235,44,Male,Block 8 Campus,Diploma in Health Sciences,2,2024,Semester 2,2026,Agent,37.1,1,None,0,0,71.3,30.0,1,2,Dropped Out,0
GTC-00236,34,Male,Block 8 Campus,Diploma in Accounting,2,2025,Semester 1,2027,Referral,65.2,1,Tertiary,0,1,68.9,37.1,0,2,Active,1
GTC-00237,38,Male,Block 8 Campus,Certificate in Construction,1,2023,Semester 1,2024,Facebook Ad,4.0,1,Tertiary,0,0,91.8,56.4,0,0,Graduated,0
GTC-00238,38,Male,Main Campus - Gaborone,Diploma in Engineering,2,2023,Semester 2,2025,School Fair,10.2,1,None,0,0,76.8,56.1,0,0,Graduated,0
GTC-00239,21,Male,Extension Campus - Mogoditshane,Certificate in Auto Mechanics,1,2024,Semester 2,2025,Radio Ad,57.2,1,Secondary,0,0,86.0,41.5,1,1,Graduated,0
GTC-00240,36,Female,Block 8 Campus,Diploma in Health Sciences,2,2023,Semester 1,2025,Website Form,21.3,1,Tertiary,1,0,85.9,48.0,1,1,Graduated,0
GTC-00241,33,Male,Main Campus - Gaborone,Certificate in Business Admin,1,2024,Semester 1,2025,School Fair,22.7,0,None,0,0,59.3,43.2,0,2,Dropped Out,0
GTC-00242,24,Male,Extension Campus - Mogoditshane,Diploma in Accounting,2,2025,Semester 2,2027,Radio Ad,31.4,1,Secondary,1,0,97.6,90.0,0,0,Active,0
GTC-00243,39,Male,Extension Campus - Mogoditshane,Diploma in Engineering,2,2024,Semester 1,2026,Radio Ad,48.4,1,Primary,0,0,79.7,37.3,2,2,Active,1
GTC-00244,24,Female,Block 8 Campus,Certificate in Auto Mechanics,1,2024,Semester 1,2025,Walk-In,83.4,1,Secondary,0,1,70.2,30.0,1,2,Graduated,0
GTC-00245,44,Male,Extension Campus - Mogoditshane,Diploma in Accounting,2,2024,Semester 1,2026,Agent,30.3,0,Tertiary,0,0,72.4,64.6,0,1,Active,1
GTC-00246,22,Male,Main Campus - Gaborone,Certificate in Construction,1,2025,Semester 1,2026,School Fair,35.5,1,None,0,0,84.9,57.0,0,0,Active,0
GTC-00247,23,Male,Extension Campus - Mogoditshane,Diploma in IT,2,2025,Semester 1,2027,Walk-In,14.6,0,Tertiary,0,0,77.9,66.5,0,0,Dropped Out,0
GTC-00248,32,Female,Block 8 Campus,Diploma in Engineering,2,2023,Semester 2,2025,Radio Ad,67.6,0,Primary,0,0,63.6,41.2,1,2,Dropped Out,0
GTC-00249,30,Female,Main Campus - Gaborone,Certificate in Business Admin,1,2023,Semester 1,2024,Agent,70.3,1,Primary,0,0,76.1,63.9,0,0,Graduated,0
GTC-00250,22,Male,Extension Campus - Mogoditshane,Diploma in Health Sciences,2,2025,Semester 2,2027,Website Form,74.4,1,Tertiary,1,0,82.3,50.4,0,0,Active,1
GTC-00251,21,Female,Main Campus - Gaborone,Diploma in Accounting,2,2024,Semester 1,2026,Facebook Ad,24.4,0,Tertiary,1,1,72.4,30.3,2,3,Dropped Out,0
GTC-00252,24,Female,Block 8 Campus,Certificate in Construction,1,2023,Semester 1,2024,Agent,55.6,1,Tertiary,0,0,80.7,69.3,1,0,Graduated,0
GTC-00253,23,Female,Extension Campus - Mogoditshane,Certificate in Auto Mechanics,1,2024,Semester 2,2025,Website Form,65.9,1,Primary,0,0,68.6,37.7,1,2,Dropped Out,0
GTC-00254,30,Female,Extension Campus - Mogoditshane,Diploma in IT,2,2023,Semester 2,2025,Walk-In,68.5,0,Tertiary,0,0,70.4,46.9,1,2,Dropped Out,0
GTC-00255,30,Female,Extension Campus - Mogoditshane,Diploma in IT,2,2023,Semester 2,2025,Open Day,1.4,0,Secondary,1,0,82.5,30.0,1,1,Dropped Out,0
GTC-00256,38,Male,Main Campus - Gaborone,Certificate in Business Admin,1,2024,Semester 2,2025,Website Form,57.1,1,Primary,0,0,69.9,37.6,4,3,Dropped Out,0
GTC-00257,29,Female,Block 8 Campus,Certificate in Hospitality,1,2025,Semester 1,2026,Open Day,79.1,1,Secondary,1,0,84.9,40.3,2,2,Active,1
GTC-00258,35,Female,Extension Campus - Mogoditshane,Certificate in Auto Mechanics,1,2024,Semester 2,2025,School Fair,64.5,0,Tertiary,0,0,59.6,36.6,3,3,Dropped Out,0
GTC-00259,25,Male,Block 8 Campus,Diploma in Health Sciences,2,2024,Semester 1,2026,Referral,21.5,1,Secondary,1,0,95.7,62.4,0,0,Active,0
GTC-00260,24,Female,Extension Campus - Mogoditshane,Certificate in Hospitality,1,2023,Semester 1,2024,Referral,18.0,1,Primary,0,0,79.5,70.8,1,0,Graduated,0
GTC-00261,18,Male,Block 8 Campus,Certificate in Construction,1,2025,Semester 2,2026,Open Day,76.4,0,Secondary,0,0,67.0,46.1,3,3,Dropped Out,0
GTC-00262,43,Female,Block 8 Campus,Diploma in IT,2,2025,Semester 2,2027,Agent,73.2,0,Tertiary,0,0,65.9,30.0,2,3,Active,1
GTC-00263,37,Female,Main Campus - Gaborone,Diploma in Accounting,2,2023,Semester 2,2025,Open Day,81.5,1,Primary,0,1,54.4,30.0,1,2,Dropped Out,0
GTC-00264,22,Male,Main Campus - Gaborone,Diploma in Accounting,2,2023,Semester 2,2025,Agent,17.1,0,Primary,0,1,61.3,30.0,1,2,Dropped Out,0
GTC-00265,28,Female,Block 8 Campus,Diploma in Accounting,2,2025,Semester 1,2027,Agent,8.9,1,Primary,0,0,78.0,36.1,3,2,Active,1
GTC-00266,26,Female,Main Campus - Gaborone,Diploma in Health Sciences,2,2023,Semester 2,2025,School Fair,49.2,1,Primary,0,1,77.3,34.1,1,1,Dropped Out,0
GTC-00267,37,Female,Block 8 Campus,Diploma in Engineering,2,2023,Semester 2,2025,Agent,53.8,1,None,1,1,71.7,30.0,1,2,Dropped Out,0
GTC-00268,32,Female,Extension Campus - Mogoditshane,Certificate in Auto Mechanics,1,2024,Semester 1,2025,Radio Ad,72.7,1,Primary,0,0,67.1,33.8,2,3,Dropped Out,0
GTC-00269,33,Male,Main Campus - Gaborone,Diploma in Health Sciences,2,2025,Semester 1,2027,Facebook Ad,22.7,1,Tertiary,1,1,86.9,58.6,2,1,Dropped Out,0
GTC-00270,39,Female,Block 8 Campus,Certificate in Auto Mechanics,1,2024,Semester 2,2025,Open Day,11.9,0,Primary,0,0,54.8,30.0,3,3,Dropped Out,0
GTC-00271,29,Female,Extension Campus - Mogoditshane,Certificate in Hospitality,1,2023,Semester 2,2024,Referral,31.4,1,Secondary,1,0,92.3,68.1,1,0,Graduated,0
GTC-00272,33,Female,Block 8 Campus,Diploma in IT,2,2024,Semester 2,2026,School Fair,67.8,1,Primary,1,0,76.8,36.0,1,1,Active,1
GTC-00273,31,Male,Extension Campus - Mogoditshane,Diploma in Accounting,2,2024,Semester 2,2026,Agent,16.4,1,Primary,1,0,80.3,40.6,1,1,Dropped Out,0
GTC-00274,19,Male,Main Campus - Gaborone,Certificate in Business Admin,1,2024,Semester 2,2025,Radio Ad,60.9,0,Primary,1,1,63.1,30.0,1,2,Dropped Out,0
GTC-00275,40,Male,Block 8 Campus,Certificate in Business Admin,1,2023,Semester 1,2024,Referral,66.0,1,Tertiary,1,0,86.9,76.4,0,0,Graduated,0
GTC-00276,30,Female,Main Campus - Gaborone,Diploma in IT,2,2023,Semester 2,2025,Facebook Ad,44.5,0,Tertiary,1,0,81.9,60.1,0,0,Graduated,0
GTC-00277,21,Female,Block 8 Campus,Diploma in Accounting,2,2023,Semester 2,2025,Walk-In,73.5,1,None,1,0,80.8,70.0,0,0,Graduated,0
GTC-00278,19,Female,Extension Campus - Mogoditshane,Diploma in Engineering,2,2024,Semester 1,2026,School Fair,13.8,1,Secondary,0,0,87.8,50.8,0,0,Active,1
GTC-00279,25,Female,Extension Campus - Mogoditshane,Certificate in Construction,1,2024,Semester 1,2025,Walk-In,58.7,1,Primary,1,1,63.8,30.0,2,3,Dropped Out,0
GTC-00280,35,Female,Block 8 Campus,Certificate in Auto Mechanics,1,2024,Semester 1,2025,Facebook Ad,45.4,1,Secondary,0,0,78.1,54.4,0,0,Graduated,0
GTC-00281,29,Male,Block 8 Campus,Certificate in Business Admin,1,2025,Semester 2,2026,School Fair,44.8,1,Primary,0,1,70.1,30.5,2,3,Active,1
GTC-00282,45,Male,Main Campus - Gaborone,Certificate in Business Admin,1,2024,Semester 1,2025,Facebook Ad,3.2,1,Tertiary,0,0,80.3,43.4,2,2,Dropped Out,0
GTC-00283,24,Female,Main Campus - Gaborone,Certificate in Auto Mechanics,1,2025,Semester 1,2026,Website Form,47.7,0,Tertiary,0,0,79.5,53.4,0,0,Active,1
GTC-00284,24,Male,Main Campus - Gaborone,Certificate in Hospitality,1,2025,Semester 2,2026,School Fair,16.8,1,Primary,0,0,73.5,38.1,1,2,Active,1
GTC-00285,21,Male,Main Campus - Gaborone,Diploma in Health Sciences,2,2025,Semester 2,2027,Radio Ad,45.6,1,Secondary,0,0,88.8,81.8,0,0,Active,0
GTC-00286,25,Male,Block 8 Campus,Diploma in Accounting,2,2024,Semester 2,2026,Open Day,81.6,1,None,0,0,72.3,30.0,3,3,Dropped Out,0
GTC-00287,45,Female,Main Campus - Gaborone,Diploma in Accounting,2,2025,Semester 1,2027,Facebook Ad,3.7,1,Primary,1,0,86.8,52.5,2,1,Active,1
GTC-00288,20,Female,Block 8 Campus,Diploma in Engineering,2,2024,Semester 1,2026,Referral,3.7,0,Tertiary,1,1,68.4,43.6,0,2,Active,1
GTC-00289,25,Male,Extension Campus - Mogoditshane,Diploma in Health Sciences,2,2023,Semester 2,2025,Walk-In,27.5,1,Secondary,0,1,81.5,65.9,1,0,Graduated,0
GTC-00290,34,Male,Main Campus - Gaborone,Diploma in Health Sciences,2,2024,Semester 2,2026,Radio Ad,11.7,1,None,0,1,70.2,30.0,0,2,Active,1
GTC-00291,30,Male,Extension Campus - Mogoditshane,Certificate in Hospitality,1,2023,Semester 1,2024,Referral,66.1,1,None,1,0,82.4,38.0,3,2,Dropped Out,0
GTC-00292,23,Female,Extension Campus - Mogoditshane,Certificate in Auto Mechanics,1,2025,Semester 1,2026,Open Day,4.3,0,Primary,0,1,57.9,30.0,1,2,Active,1
GTC-00293,44,Female,Main Campus - Gaborone,Certificate in Construction,1,2025,Semester 1,2026,Referral,38.5,1,Primary,0,1,64.6,30.0,2,3,Active,1
GTC-00294,39,Male,Block 8 Campus,Diploma in IT,2,2024,Semester 1,2026,Walk-In,24.5,0,Secondary,1,0,78.3,60.1,2,1,Active,1
GTC-00295,18,Female,Extension Campus - Mogoditshane,Diploma in Health Sciences,2,2023,Semester 2,2025,Facebook Ad,76.9,1,None,1,0,83.0,30.0,2,2,Dropped Out,0
GTC-00296,28,Female,Block 8 Campus,Diploma in Engineering,2,2023,Semester 2,2025,Website Form,30.5,1,Secondary,0,0,81.7,83.3,0,0,Graduated,0
GTC-00297,26,Male,Main Campus - Gaborone,Certificate in Construction,1,2024,Semester 1,2025,Facebook Ad,62.2,1,Primary,1,0,81.9,32.2,1,1,Dropped Out,0
GTC-00298,38,Male,Extension Campus - Mogoditshane,Certificate in Hospitality,1,2023,Semester 2,2024,Radio Ad,36.8,0,Primary,0,0,66.6,30.0,2,3,Dropped Out,0
GTC-00299,44,Male,Extension Campus - Mogoditshane,Diploma in IT,2,2024,Semester 2,2026,Agent,26.1,0,Secondary,1,1,68.8,46.9,1,2,Active,1
GTC-00300,37,Male,Main Campus - Gaborone,Diploma in IT,2,2024,Semester 1,2026,Open Day,11.8,0,Tertiary,0,0,67.3,50.8,1,1,Dropped Out,0
GTC-00301,42,Male,Block 8 Campus,Diploma in Health Sciences,2,2023,Semester 1,2025,School Fair,6.1,0,Tertiary,0,0,76.9,33.4,3,2,Dropped Out,0
GTC-00302,41,Female,Extension Campus - Mogoditshane,Certificate in Construction,1,2024,Semester 1,2025,Facebook Ad,38.7,0,None,0,1,51.6,30.0,2,3,Dropped Out,0
GTC-00303,19,Male,Block 8 Campus,Certificate in Auto Mechanics,1,2024,Semester 2,2025,Referral,39.5,1,None,0,0,83.6,40.3,2,2,Dropped Out,0
GTC-00304,36,Male,Block 8 Campus,Diploma in Health Sciences,2,2024,Semester 2,2026,Walk-In,15.6,1,Primary,0,1,73.5,30.0,1,2,Active,1
GTC-00305,40,Female,Extension Campus - Mogoditshane,Certificate in Construction,1,2023,Semester 2,2024,Radio Ad,32.5,1,Primary,0,0,74.6,43.6,1,2,Graduated,0
GTC-00306,31,Female,Block 8 Campus,Certificate in Auto Mechanics,1,2024,Semester 1,2025,Facebook Ad,76.4,0,None,0,1,49.5,30.0,2,3,Dropped Out,0
GTC-00307,25,Male,Extension Campus - Mogoditshane,Certificate in Auto Mechanics,1,2024,Semester 2,2025,Open Day,7.2,1,Primary,0,1,65.3,30.0,3,3,Dropped Out,0
GTC-00308,29,Male,Main Campus - Gaborone,Diploma in IT,2,2025,Semester 2,2027,Website Form,78.3,1,Tertiary,0,1,78.2,32.3,1,1,Active,1
GTC-00309,41,Female,Main Campus - Gaborone,Certificate in Business Admin,1,2024,Semester 2,2025,Website Form,76.3,0,Tertiary,0,1,54.5,30.0,1,2,Dropped Out,0
GTC-00310,24,Male,Extension Campus - Mogoditshane,Diploma in IT,2,2023,Semester 1,2025,Open Day,61.7,1,Secondary,1,0,93.5,48.1,0,1,Graduated,0
GTC-00311,33,Female,Block 8 Campus,Diploma in Engineering,2,2025,Semester 1,2027,Referral,83.2,1,None,0,0,65.6,30.0,1,2,Dropped Out,0
GTC-00312,29,Male,Main Campus - Gaborone,Certificate in Hospitality,1,2025,Semester 2,2026,Referral,67.3,1,Secondary,0,1,75.3,30.0,1,1,Active,1
GTC-00313,44,Female,Extension Campus - Mogoditshane,Certificate in Auto Mechanics,1,2024,Semester 1,2025,Radio Ad,41.2,1,Secondary,0,0,83.3,49.7,1,1,Graduated,0
GTC-00314,35,Male,Main Campus - Gaborone,Certificate in Construction,1,2024,Semester 1,2025,Radio Ad,24.2,1,Tertiary,0,0,81.9,30.0,1,1,Graduated,0
GTC-00315,40,Female,Extension Campus - Mogoditshane,Diploma in IT,2,2024,Semester 2,2026,Facebook Ad,42.5,1,Tertiary,0,1,73.5,30.7,2,3,Dropped Out,0
GTC-00316,20,Female,Extension Campus - Mogoditshane,Diploma in IT,2,2024,Semester 1,2026,School Fair,29.2,1,Secondary,0,1,72.3,76.4,0,1,Active,1
GTC-00317,32,Female,Extension Campus - Mogoditshane,Certificate in Business Admin,1,2023,Semester 2,2024,Walk-In,58.6,1,None,1,0,80.1,65.4,0,0,Graduated,0
GTC-00318,38,Male,Block 8 Campus,Certificate in Hospitality,1,2023,Semester 2,2024,Referral,45.5,0,None,1,1,69.3,51.7,1,1,Graduated,0
GTC-00319,35,Female,Block 8 Campus,Diploma in Engineering,2,2025,Semester 2,2027,School Fair,15.0,1,Secondary,0,1,76.0,81.8,0,0,Active,0
GTC-00320,40,Female,Extension Campus - Mogoditshane,Certificate in Construction,1,2024,Semester 2,2025,School Fair,60.7,1,None,0,0,69.6,34.0,0,2,Dropped Out,0
GTC-00321,32,Female,Extension Campus - Mogoditshane,Certificate in Auto Mechanics,1,2024,Semester 1,2025,School Fair,12.6,0,Secondary,0,0,65.0,33.1,0,2,Dropped Out,0
GTC-00322,18,Male,Block 8 Campus,Certificate in Business Admin,1,2024,Semester 2,2025,Open Day,72.0,1,Secondary,0,1,76.6,63.8,0,0,Graduated,0
GTC-00323,43,Female,Extension Campus - Mogoditshane,Certificate in Auto Mechanics,1,2024,Semester 2,2025,School Fair,53.0,1,Tertiary,1,1,65.8,46.0,0,2,Dropped Out,0
GTC-00324,35,Male,Main Campus - Gaborone,Certificate in Business Admin,1,2025,Semester 2,2026,Facebook Ad,50.5,1,None,0,1,58.5,37.3,3,3,Active,1
GTC-00325,33,Male,Main Campus - Gaborone,Certificate in Hospitality,1,2023,Semester 1,2024,Radio Ad,56.3,1,Secondary,1,0,89.1,59.0,2,1,Graduated,0
GTC-00326,27,Female,Extension Campus - Mogoditshane,Certificate in Construction,1,2023,Semester 1,2024,Agent,72.1,0,None,1,0,70.6,59.6,0,1,Graduated,0
GTC-00327,45,Male,Main Campus - Gaborone,Diploma in Health Sciences,2,2025,Semester 2,2027,Website Form,60.6,1,Tertiary,0,0,76.5,30.0,4,2,Active,1
GTC-00328,45,Male,Main Campus - Gaborone,Diploma in IT,2,2023,Semester 1,2025,Radio Ad,61.5,1,Tertiary,0,1,72.9,61.6,0,1,Graduated,0
GTC-00329,31,Male,Block 8 Campus,Diploma in Health Sciences,2,2025,Semester 2,2027,Agent,30.5,1,None,0,0,82.9,41.1,2,2,Active,1
GTC-00330,36,Female,Extension Campus - Mogoditshane,Certificate in Construction,1,2023,Semester 2,2024,Facebook Ad,12.5,0,Secondary,0,1,60.6,30.0,3,3,Dropped Out,0
GTC-00331,20,Female,Extension Campus - Mogoditshane,Diploma in IT,2,2024,Semester 1,2026,Open Day,38.9,0,Secondary,1,0,79.1,74.0,0,0,Active,0
GTC-00332,36,Female,Main Campus - Gaborone,Certificate in Auto Mechanics,1,2025,Semester 1,2026,Walk-In,56.0,1,None,1,1,64.7,30.0,3,3,Dropped Out,0
GTC-00333,45,Female,Main Campus - Gaborone,Certificate in Business Admin,1,2025,Semester 1,2026,Radio Ad,56.2,1,Primary,1,0,75.8,30.0,1,1,Dropped Out,0
GTC-00334,22,Male,Block 8 Campus,Diploma in Health Sciences,2,2024,Semester 1,2026,Open Day,61.8,1,Secondary,1,1,75.5,38.4,2,2,Active,1
GTC-00335,35,Male,Block 8 Campus,Diploma in Health Sciences,2,2024,Semester 2,2026,Radio Ad,45.3,1,Secondary,0,0,72.5,33.4,2,3,Active,1
GTC-00336,45,Female,Extension Campus - Mogoditshane,Diploma in Accounting,2,2024,Semester 2,2026,Referral,68.3,1,Tertiary,0,0,83.5,49.8,0,1,Active,1
GTC-00337,28,Male,Extension Campus - Mogoditshane,Diploma in IT,2,2023,Semester 1,2025,Agent,8.8,1,Tertiary,1,0,96.3,69.5,0,0,Graduated,0
GTC-00338,44,Male,Extension Campus - Mogoditshane,Certificate in Business Admin,1,2025,Semester 1,2026,Facebook Ad,72.9,1,Primary,0,0,74.6,47.0,0,2,Active,1
GTC-00339,31,Female,Block 8 Campus,Diploma in Engineering,2,2023,Semester 2,2025,Walk-In,32.8,1,None,1,0,84.7,62.7,0,0,Graduated,0
GTC-00340,38,Female,Main Campus - Gaborone,Diploma in Engineering,2,2025,Semester 2,2027,School Fair,52.4,1,Tertiary,0,1,68.9,49.0,2,3,Active,1
GTC-00341,38,Male,Main Campus - Gaborone,Diploma in Health Sciences,2,2024,Semester 1,2026,Website Form,76.9,1,Tertiary,0,0,66.9,42.1,2,3,Dropped Out,0
GTC-00342,40,Female,Main Campus - Gaborone,Certificate in Construction,1,2024,Semester 2,2025,Agent,5.2,0,None,1,0,79.1,30.0,1,1,Dropped Out,0
GTC-00343,35,Male,Block 8 Campus,Certificate in Hospitality,1,2024,Semester 2,2025,Facebook Ad,53.8,1,None,0,0,70.3,63.1,1,1,Graduated,0
GTC-00344,30,Male,Extension Campus - Mogoditshane,Diploma in Accounting,2,2024,Semester 2,2026,Walk-In,3.6,1,None,1,1,73.0,49.9,0,2,Active,1
GTC-00345,25,Male,Main Campus - Gaborone,Diploma in Engineering,2,2024,Semester 1,2026,Open Day,77.2,1,Primary,0,1,65.4,30.0,4,3,Dropped Out,0
GTC-00346,23,Male,Main Campus - Gaborone,Certificate in Business Admin,1,2024,Semester 1,2025,Facebook Ad,68.5,1,Tertiary,1,0,85.8,59.4,0,0,Graduated,0
GTC-00347,36,Male,Block 8 Campus,Certificate in Business Admin,1,2023,Semester 2,2024,Radio Ad,64.5,1,Secondary,0,0,75.4,60.6,1,0,Graduated,0
GTC-00348,42,Male,Main Campus - Gaborone,Certificate in Auto Mechanics,1,2023,Semester 1,2024,Walk-In,15.7,1,Secondary,1,0,82.4,67.3,1,0,Graduated,0
GTC-00349,31,Male,Main Campus - Gaborone,Diploma in IT,2,2025,Semester 1,2027,Open Day,52.2,1,Secondary,1,1,74.5,37.0,2,3,Active,1
GTC-00350,35,Male,Block 8 Campus,Certificate in Hospitality,1,2024,Semester 1,2025,School Fair,10.0,1,Tertiary,0,1,73.2,42.1,2,3,Dropped Out,0
GTC-00351,37,Female,Main Campus - Gaborone,Certificate in Business Admin,1,2025,Semester 1,2026,Radio Ad,13.9,1,None,1,1,75.2,30.0,3,2,Active,1
GTC-00352,21,Female,Main Campus - Gaborone,Certificate in Business Admin,1,2023,Semester 2,2024,School Fair,32.2,1,Tertiary,0,1,80.4,35.7,1,1,Dropped Out,0
GTC-00353,32,Male,Extension Campus - Mogoditshane,Certificate in Construction,1,2024,Semester 1,2025,Website Form,11.2,1,None,1,1,74.1,30.0,1,2,Dropped Out,0
GTC-00354,23,Male,Extension Campus - Mogoditshane,Certificate in Hospitality,1,2023,Semester 2,2024,Open Day,73.4,1,Tertiary,0,1,62.9,31.2,3,3,Dropped Out,0
GTC-00355,36,Male,Extension Campus - Mogoditshane,Diploma in IT,2,2024,Semester 1,2026,Walk-In,84.3,0,None,1,0,55.8,39.4,2,3,Dropped Out,0
GTC-00356,42,Male,Extension Campus - Mogoditshane,Diploma in Health Sciences,2,2023,Semester 1,2025,Website Form,25.5,1,None,1,0,87.7,55.3,0,0,Graduated,0
GTC-00357,32,Male,Extension Campus - Mogoditshane,Diploma in Health Sciences,2,2023,Semester 2,2025,Open Day,60.0,1,None,1,0,74.2,30.6,0,2,Graduated,0
GTC-00358,36,Male,Extension Campus - Mogoditshane,Certificate in Business Admin,1,2025,Semester 2,2026,Walk-In,44.0,0,Secondary,0,1,67.2,30.0,3,3,Dropped Out,0
GTC-00359,20,Male,Main Campus - Gaborone,Certificate in Construction,1,2023,Semester 1,2024,Open Day,62.8,0,Primary,0,0,71.7,30.0,2,3,Dropped Out,0
GTC-00360,29,Female,Block 8 Campus,Certificate in Auto Mechanics,1,2025,Semester 1,2026,Open Day,60.5,1,Secondary,0,0,74.2,54.4,0,1,Active,1
GTC-00361,20,Male,Block 8 Campus,Diploma in Engineering,2,2024,Semester 1,2026,Facebook Ad,14.4,1,Primary,0,0,81.1,30.0,5,2,Active,1
GTC-00362,29,Female,Block 8 Campus,Diploma in IT,2,2024,Semester 1,2026,Facebook Ad,2.4,0,Secondary,1,1,69.5,30.0,1,2,Active,1
GTC-00363,27,Male,Block 8 Campus,Diploma in Engineering,2,2024,Semester 1,2026,Open Day,31.9,1,None,1,1,76.1,71.7,1,0,Active,0
GTC-00364,40,Male,Main Campus - Gaborone,Certificate in Hospitality,1,2023,Semester 1,2024,Website Form,49.0,1,Secondary,1,0,90.9,72.8,0,0,Graduated,0
GTC-00365,23,Female,Main Campus - Gaborone,Diploma in IT,2,2024,Semester 2,2026,Radio Ad,80.6,0,Primary,1,0,67.3,43.7,0,2,Dropped Out,0
GTC-00366,42,Male,Extension Campus - Mogoditshane,Certificate in Auto Mechanics,1,2024,Semester 1,2025,Open Day,76.6,1,None,1,0,70.4,52.2,1,1,Graduated,0
GTC-00367,36,Male,Block 8 Campus,Certificate in Hospitality,1,2023,Semester 1,2024,Open Day,57.7,0,Tertiary,1,1,52.7,30.0,2,3,Dropped Out,0
GTC-00368,45,Female,Block 8 Campus,Diploma in Health Sciences,2,2024,Semester 1,2026,Referral,29.6,1,Tertiary,0,1,68.6,51.6,1,1,Active,1
GTC-00369,31,Female,Main Campus - Gaborone,Certificate in Business Admin,1,2023,Semester 1,2024,Referral,40.6,0,Secondary,1,0,75.8,31.6,3,2,Dropped Out,0
GTC-00370,35,Female,Extension Campus - Mogoditshane,Diploma in Engineering,2,2023,Semester 1,2025,Agent,25.0,1,Secondary,0,1,72.0,30.0,2,3,Dropped Out,0
GTC-00371,38,Female,Main Campus - Gaborone,Diploma in Accounting,2,2024,Semester 1,2026,Open Day,77.1,1,None,1,1,64.9,34.2,0,2,Active,1
GTC-00372,38,Female,Extension Campus - Mogoditshane,Certificate in Business Admin,1,2024,Semester 1,2025,Referral,14.3,1,Secondary,0,0,85.3,45.7,2,2,Graduated,0
GTC-00373,19,Female,Block 8 Campus,Certificate in Business Admin,1,2025,Semester 1,2026,Radio Ad,65.1,1,Primary,0,0,67.3,45.7,3,3,Active,1
GTC-00374,36,Female,Main Campus - Gaborone,Diploma in IT,2,2023,Semester 2,2025,Website Form,66.3,1,Primary,1,1,68.2,40.8,0,2,Dropped Out,0
GTC-00375,34,Male,Block 8 Campus,Certificate in Auto Mechanics,1,2023,Semester 1,2024,Radio Ad,78.5,1,Secondary,0,1,71.3,30.0,2,3,Dropped Out,0
GTC-00376,27,Male,Extension Campus - Mogoditshane,Certificate in Business Admin,1,2023,Semester 1,2024,Radio Ad,58.6,1,Primary,1,1,61.8,35.4,3,3,Dropped Out,0
GTC-00377,19,Male,Main Campus - Gaborone,Diploma in IT,2,2025,Semester 1,2027,Open Day,10.5,1,None,1,1,79.5,45.6,0,1,Dropped Out,0
GTC-00378,39,Female,Main Campus - Gaborone,Certificate in Business Admin,1,2023,Semester 2,2024,Website Form,30.3,0,Primary,0,1,47.3,30.0,2,3,Graduated,0
GTC-00379,23,Male,Extension Campus - Mogoditshane,Certificate in Business Admin,1,2023,Semester 2,2024,Website Form,59.5,1,None,1,0,82.4,43.9,2,2,Graduated,0
GTC-00380,21,Female,Main Campus - Gaborone,Diploma in Engineering,2,2024,Semester 2,2026,Referral,47.6,1,Secondary,0,0,91.2,34.0,0,1,Active,1
GTC-00381,45,Female,Main Campus - Gaborone,Certificate in Business Admin,1,2024,Semester 2,2025,Radio Ad,1.6,1,None,1,0,80.7,40.2,3,2,Graduated,0
GTC-00382,41,Male,Main Campus - Gaborone,Certificate in Construction,1,2023,Semester 2,2024,School Fair,50.8,0,None,1,0,63.0,30.0,1,2,Dropped Out,0
GTC-00383,43,Female,Block 8 Campus,Certificate in Auto Mechanics,1,2025,Semester 2,2026,Open Day,43.7,1,Tertiary,1,1,80.1,31.4,2,2,Dropped Out,0
GTC-00384,20,Female,Extension Campus - Mogoditshane,Diploma in IT,2,2023,Semester 2,2025,Website Form,13.4,1,None,0,0,81.3,30.0,2,2,Dropped Out,0
GTC-00385,34,Female,Extension Campus - Mogoditshane,Certificate in Construction,1,2025,Semester 1,2026,Walk-In,84.2,0,None,1,1,56.9,30.0,2,3,Active,1
GTC-00386,40,Male,Block 8 Campus,Diploma in Health Sciences,2,2023,Semester 2,2025,Agent,41.7,1,Tertiary,0,0,81.5,45.1,0,1,Graduated,0
GTC-00387,33,Female,Extension Campus - Mogoditshane,Certificate in Construction,1,2024,Semester 2,2025,Walk-In,2.9,1,Secondary,1,0,91.8,93.9,0,0,Graduated,0
GTC-00388,29,Female,Block 8 Campus,Diploma in IT,2,2025,Semester 1,2027,School Fair,20.3,1,None,0,1,76.3,43.0,1,1,Active,1
GTC-00389,36,Female,Block 8 Campus,Diploma in IT,2,2025,Semester 2,2027,Walk-In,83.8,1,Tertiary,1,1,72.6,30.0,4,3,Active,1
GTC-00390,23,Female,Block 8 Campus,Diploma in Health Sciences,2,2023,Semester 2,2025,Facebook Ad,71.5,1,Secondary,1,1,73.0,30.0,0,2,Graduated,0
GTC-00391,36,Male,Extension Campus - Mogoditshane,Certificate in Construction,1,2024,Semester 1,2025,Open Day,36.6,1,None,0,1,62.0,30.0,2,3,Dropped Out,0
GTC-00392,37,Female,Extension Campus - Mogoditshane,Diploma in Engineering,2,2023,Semester 1,2025,Open Day,18.5,0,Tertiary,1,0,68.9,69.8,0,1,Graduated,0
GTC-00393,19,Male,Block 8 Campus,Certificate in Auto Mechanics,1,2023,Semester 1,2024,Radio Ad,63.6,0,Tertiary,1,0,71.2,63.1,0,1,Graduated,0
GTC-00394,23,Female,Extension Campus - Mogoditshane,Certificate in Hospitality,1,2024,Semester 1,2025,Facebook Ad,13.2,1,Secondary,0,0,91.8,48.4,1,1,Dropped Out,0
GTC-00395,26,Female,Extension Campus - Mogoditshane,Diploma in Engineering,2,2025,Semester 1,2027,Open Day,66.6,1,None,1,1,74.8,81.9,0,1,Active,1
GTC-00396,44,Male,Main Campus - Gaborone,Certificate in Business Admin,1,2025,Semester 1,2026,Referral,42.5,1,None,0,1,59.9,45.6,0,2,Active,1
GTC-00397,21,Male,Main Campus - Gaborone,Diploma in Accounting,2,2024,Semester 2,2026,Referral,73.4,1,Secondary,0,1,69.4,30.0,3,3,Active,1
GTC-00398,33,Female,Block 8 Campus,Diploma in IT,2,2025,Semester 1,2027,Walk-In,58.9,0,Primary,1,0,57.0,30.0,1,2,Active,1
GTC-00399,32,Female,Main Campus - Gaborone,Diploma in Health Sciences,2,2024,Semester 2,2026,Facebook Ad,79.6,0,Secondary,1,0,66.4,62.8,0,1,Active,1
GTC-00400,45,Male,Block 8 Campus,Certificate in Auto Mechanics,1,2025,Semester 2,2026,Website Form,61.1,0,None,0,0,56.8,30.0,1,2,Active,1
GTC-00401,18,Male,Extension Campus - Mogoditshane,Diploma in Engineering,2,2025,Semester 2,2027,Radio Ad,0.8,1,Secondary,1,1,90.0,83.7,0,0,Active,0
GTC-00402,39,Female,Block 8 Campus,Certificate in Auto Mechanics,1,2024,Semester 1,2025,Referral,15.2,1,Secondary,0,1,75.6,47.8,0,1,Graduated,0
GTC-00403,25,Male,Main Campus - Gaborone,Certificate in Hospitality,1,2023,Semester 2,2024,School Fair,22.6,0,None,1,0,78.2,31.8,4,2,Dropped Out,0
GTC-00404,40,Female,Block 8 Campus,Certificate in Auto Mechanics,1,2023,Semester 1,2024,School Fair,16.6,0,Secondary,1,0,85.2,49.1,0,1,Dropped Out,0
GTC-00405,39,Male,Block 8 Campus,Diploma in Engineering,2,2024,Semester 1,2026,Walk-In,25.0,1,Tertiary,0,0,78.9,51.2,1,0,Active,1
GTC-00406,39,Male,Extension Campus - Mogoditshane,Diploma in Health Sciences,2,2025,Semester 2,2027,Referral,6.7,1,None,1,1,63.8,95.0,0,1,Active,1
GTC-00407,19,Male,Block 8 Campus,Diploma in Health Sciences,2,2024,Semester 2,2026,Website Form,11.7,0,None,0,1,59.7,30.0,2,3,Dropped Out,0
GTC-00408,34,Female,Main Campus - Gaborone,Diploma in Accounting,2,2023,Semester 2,2025,Walk-In,83.2,1,Secondary,0,0,86.0,31.8,1,1,Dropped Out,0
GTC-00409,28,Female,Main Campus - Gaborone,Certificate in Construction,1,2025,Semester 2,2026,Radio Ad,47.5,0,Tertiary,1,1,74.3,40.4,3,3,Dropped Out,0
GTC-00410,33,Male,Block 8 Campus,Certificate in Construction,1,2025,Semester 2,2026,Open Day,42.2,0,Primary,1,1,58.7,33.6,3,3,Dropped Out,0
GTC-00411,39,Male,Extension Campus - Mogoditshane,Diploma in IT,2,2025,Semester 1,2027,Agent,78.3,1,Tertiary,0,0,77.2,63.9,0,0,Active,0
GTC-00412,44,Female,Main Campus - Gaborone,Diploma in IT,2,2023,Semester 2,2025,Open Day,38.9,0,None,1,1,57.2,41.5,0,2,Graduated,0
GTC-00413,43,Male,Main Campus - Gaborone,Diploma in IT,2,2025,Semester 2,2027,Website Form,67.9,0,Tertiary,1,1,68.6,30.0,2,3,Dropped Out,0
GTC-00414,30,Female,Block 8 Campus,Diploma in Engineering,2,2023,Semester 2,2025,Open Day,68.2,0,Secondary,0,0,70.7,30.0,3,3,Dropped Out,0
GTC-00415,30,Female,Block 8 Campus,Diploma in Health Sciences,2,2023,Semester 2,2025,Website Form,52.4,1,Tertiary,1,0,85.7,73.9,0,0,Graduated,0
GTC-00416,34,Male,Block 8 Campus,Certificate in Auto Mechanics,1,2024,Semester 1,2025,Open Day,25.9,0,Secondary,0,0,73.5,40.2,2,3,Dropped Out,0
GTC-00417,31,Female,Main Campus - Gaborone,Certificate in Auto Mechanics,1,2025,Semester 2,2026,Website Form,22.0,1,None,1,0,85.9,56.8,1,0,Active,0
GTC-00418,36,Female,Extension Campus - Mogoditshane,Certificate in Auto Mechanics,1,2025,Semester 2,2026,Website Form,82.2,0,Primary,1,1,52.6,30.0,1,2,Dropped Out,0
GTC-00419,30,Male,Main Campus - Gaborone,Diploma in Engineering,2,2025,Semester 2,2027,Open Day,59.0,0,Tertiary,1,0,69.9,35.6,1,2,Active,1
GTC-00420,22,Male,Main Campus - Gaborone,Certificate in Business Admin,1,2023,Semester 1,2024,Walk-In,18.2,1,Primary,1,0,84.8,59.5,1,0,Graduated,0
GTC-00421,18,Male,Main Campus - Gaborone,Diploma in Engineering,2,2025,Semester 2,2027,Open Day,40.3,0,Primary,1,0,74.6,57.6,0,1,Active,1
GTC-00422,45,Female,Extension Campus - Mogoditshane,Diploma in Accounting,2,2023,Semester 2,2025,Agent,41.6,1,Tertiary,1,1,80.8,63.9,0,0,Graduated,0
GTC-00423,33,Male,Block 8 Campus,Certificate in Construction,1,2024,Semester 2,2025,Walk-In,14.1,0,Tertiary,1,1,78.8,38.0,3,2,Dropped Out,0
GTC-00424,39,Female,Main Campus - Gaborone,Diploma in Accounting,2,2025,Semester 2,2027,Agent,70.9,1,Secondary,0,0,70.2,51.1,3,2,Active,1
GTC-00425,24,Male,Extension Campus - Mogoditshane,Certificate in Auto Mechanics,1,2023,Semester 2,2024,Open Day,26.2,1,None,0,0,89.5,61.5,2,1,Graduated,0
GTC-00426,43,Male,Block 8 Campus,Diploma in Health Sciences,2,2023,Semester 1,2025,Facebook Ad,48.0,1,Secondary,0,0,77.7,68.0,0,0,Graduated,0
GTC-00427,37,Male,Extension Campus - Mogoditshane,Diploma in IT,2,2024,Semester 2,2026,Facebook Ad,82.9,0,None,0,1,51.3,34.3,0,2,Dropped Out,0
GTC-00428,27,Female,Extension Campus - Mogoditshane,Certificate in Auto Mechanics,1,2025,Semester 1,2026,Radio Ad,55.2,1,Primary,1,1,68.4,75.7,0,1,Active,1
GTC-00429,23,Male,Block 8 Campus,Certificate in Construction,1,2025,Semester 2,2026,Website Form,53.7,1,Tertiary,0,1,75.8,30.0,0,1,Active,1
GTC-00430,18,Female,Main Campus - Gaborone,Diploma in IT,2,2025,Semester 1,2027,Facebook Ad,29.1,1,Primary,1,0,90.6,95.0,1,0,Active,0
GTC-00431,43,Female,Block 8 Campus,Diploma in Health Sciences,2,2025,Semester 2,2027,Website Form,77.3,1,Secondary,0,0,80.1,44.9,0,1,Active,1
GTC-00432,32,Female,Extension Campus - Mogoditshane,Diploma in Health Sciences,2,2023,Semester 2,2025,Facebook Ad,3.6,1,Primary,0,0,82.8,49.4,2,2,Graduated,0
GTC-00433,18,Male,Extension Campus - Mogoditshane,Diploma in Accounting,2,2023,Semester 2,2025,Agent,83.9,1,None,0,1,63.9,30.0,0,2,Dropped Out,0
GTC-00434,36,Male,Block 8 Campus,Certificate in Construction,1,2023,Semester 1,2024,Website Form,25.8,1,Primary,0,0,81.5,34.9,1,1,Graduated,0
GTC-00435,21,Male,Extension Campus - Mogoditshane,Diploma in Health Sciences,2,2024,Semester 1,2026,Facebook Ad,5.8,0,Tertiary,1,1,68.5,30.0,1,2,Active,1
GTC-00436,38,Female,Block 8 Campus,Certificate in Auto Mechanics,1,2025,Semester 2,2026,Radio Ad,12.7,1,Tertiary,1,0,88.1,70.3,1,0,Active,0
GTC-00437,29,Male,Extension Campus - Mogoditshane,Diploma in Health Sciences,2,2023,Semester 1,2025,Website Form,48.8,1,Primary,1,1,81.0,44.0,1,1,Graduated,0
GTC-00438,31,Male,Block 8 Campus,Diploma in Accounting,2,2023,Semester 1,2025,Open Day,0.7,1,None,0,0,74.1,38.6,0,2,Dropped Out,0
GTC-00439,41,Male,Main Campus - Gaborone,Certificate in Auto Mechanics,1,2024,Semester 2,2025,Radio Ad,73.7,1,Tertiary,1,0,83.3,46.7,0,1,Dropped Out,0
GTC-00440,20,Male,Extension Campus - Mogoditshane,Diploma in IT,2,2025,Semester 2,2027,Facebook Ad,54.9,1,None,0,0,68.1,50.9,1,1,Active,1
GTC-00441,26,Male,Main Campus - Gaborone,Certificate in Auto Mechanics,1,2023,Semester 2,2024,Agent,50.3,1,None,1,1,70.9,52.0,1,1,Graduated,0
GTC-00442,35,Male,Block 8 Campus,Diploma in Engineering,2,2023,Semester 2,2025,Facebook Ad,13.5,0,Primary,1,0,78.2,49.1,1,1,Dropped Out,0
GTC-00443,28,Female,Block 8 Campus,Certificate in Business Admin,1,2023,Semester 1,2024,School Fair,64.1,1,Tertiary,0,0,79.8,58.0,2,1,Dropped Out,0
GTC-00444,18,Female,Extension Campus - Mogoditshane,Certificate in Hospitality,1,2023,Semester 2,2024,Facebook Ad,21.3,1,Primary,1,0,91.6,87.1,3,1,Graduated,0
GTC-00445,23,Male,Extension Campus - Mogoditshane,Diploma in Health Sciences,2,2025,Semester 2,2027,Walk-In,0.6,1,Secondary,0,1,83.2,80.9,0,0,Active,0
GTC-00446,44,Male,Extension Campus - Mogoditshane,Diploma in Accounting,2,2023,Semester 1,2025,Facebook Ad,25.9,1,None,0,0,76.9,78.9,1,0,Graduated,0
GTC-00447,39,Female,Extension Campus - Mogoditshane,Diploma in Accounting,2,2025,Semester 2,2027,Referral,21.3,0,Secondary,1,0,87.8,47.5,3,2,On Leave,0
GTC-00448,18,Male,Block 8 Campus,Certificate in Auto Mechanics,1,2024,Semester 1,2025,Facebook Ad,46.0,0,Tertiary,0,0,68.3,50.0,1,1,Graduated,0
GTC-00449,40,Male,Main Campus - Gaborone,Certificate in Auto Mechanics,1,2024,Semester 1,2025,Open Day,1.3,0,Secondary,0,0,80.6,41.9,0,1,Dropped Out,0
GTC-00450,33,Female,Main Campus - Gaborone,Diploma in Accounting,2,2024,Semester 1,2026,Walk-In,17.1,0,Tertiary,1,1,68.0,30.0,4,3,Active,1
GTC-00451,23,Male,Extension Campus - Mogoditshane,Diploma in Engineering,2,2025,Semester 1,2027,Radio Ad,22.4,1,Primary,0,0,91.6,73.2,0,0,Active,0
GTC-00452,39,Female,Main Campus - Gaborone,Diploma in Health Sciences,2,2025,Semester 1,2027,Website Form,37.1,0,Secondary,1,0,78.2,41.5,2,2,Dropped Out,0
GTC-00453,31,Female,Block 8 Campus,Diploma in IT,2,2024,Semester 1,2026,Website Form,7.4,1,None,0,1,55.3,30.0,2,3,Dropped Out,0
GTC-00454,20,Male,Main Campus - Gaborone,Certificate in Auto Mechanics,1,2024,Semester 1,2025,Website Form,71.5,1,Tertiary,1,1,78.5,64.4,0,0,Graduated,0
GTC-00455,37,Female,Main Campus - Gaborone,Certificate in Auto Mechanics,1,2025,Semester 1,2026,Facebook Ad,82.8,0,Tertiary,1,0,71.0,51.1,0,1,Active,1
GTC-00456,20,Male,Extension Campus - Mogoditshane,Diploma in IT,2,2025,Semester 1,2027,Referral,72.3,1,Tertiary,1,0,86.4,47.8,2,2,Active,1
GTC-00457,28,Male,Block 8 Campus,Certificate in Construction,1,2025,Semester 1,2026,Facebook Ad,9.2,1,None,0,0,80.5,51.1,1,0,Active,1
GTC-00458,23,Male,Main Campus - Gaborone,Diploma in IT,2,2023,Semester 1,2025,Referral,49.9,1,Secondary,1,0,92.2,68.6,1,0,Graduated,0
GTC-00459,18,Male,Main Campus - Gaborone,Certificate in Hospitality,1,2025,Semester 1,2026,Agent,29.6,0,Primary,0,1,53.3,30.0,2,3,Dropped Out,0
GTC-00460,36,Female,Extension Campus - Mogoditshane,Diploma in Accounting,2,2024,Semester 2,2026,Radio Ad,9.4,0,None,0,0,59.1,30.0,2,3,Dropped Out,0
GTC-00461,42,Female,Extension Campus - Mogoditshane,Diploma in Health Sciences,2,2023,Semester 2,2025,Radio Ad,70.3,1,None,1,1,67.7,43.0,3,3,Dropped Out,0
GTC-00462,19,Male,Main Campus - Gaborone,Certificate in Hospitality,1,2024,Semester 1,2025,School Fair,75.3,0,Secondary,0,1,61.9,30.0,3,3,Dropped Out,0
GTC-00463,22,Female,Extension Campus - Mogoditshane,Certificate in Business Admin,1,2024,Semester 1,2025,Referral,39.0,1,Secondary,0,0,86.5,95.0,0,0,Graduated,0
GTC-00464,22,Male,Main Campus - Gaborone,Certificate in Hospitality,1,2025,Semester 2,2026,Website Form,27.4,1,Primary,0,0,76.9,30.0,3,2,Dropped Out,0
GTC-00465,38,Female,Main Campus - Gaborone,Certificate in Auto Mechanics,1,2023,Semester 1,2024,Open Day,67.3,1,Primary,0,0,64.3,30.0,2,3,Dropped Out,0
GTC-00466,29,Female,Extension Campus - Mogoditshane,Certificate in Auto Mechanics,1,2024,Semester 2,2025,Agent,54.4,0,None,1,0,69.1,30.0,3,3,Dropped Out,0
GTC-00467,23,Female,Block 8 Campus,Certificate in Business Admin,1,2023,Semester 1,2024,Referral,38.1,1,None,0,0,84.5,30.0,3,2,Dropped Out,0
GTC-00468,30,Male,Main Campus - Gaborone,Certificate in Auto Mechanics,1,2023,Semester 2,2024,Facebook Ad,30.8,1,None,0,0,83.1,63.1,0,0,Graduated,0
GTC-00469,28,Female,Block 8 Campus,Diploma in Accounting,2,2023,Semester 1,2025,Referral,1.2,1,Secondary,0,0,92.7,42.6,0,1,Graduated,0
GTC-00470,42,Male,Block 8 Campus,Certificate in Hospitality,1,2023,Semester 1,2024,Open Day,20.2,1,Tertiary,0,0,79.8,62.5,2,1,Graduated,0
GTC-00471,24,Female,Block 8 Campus,Diploma in IT,2,2024,Semester 1,2026,Radio Ad,26.3,0,Tertiary,0,0,81.4,36.0,1,1,Active,1
GTC-00472,28,Male,Extension Campus - Mogoditshane,Diploma in IT,2,2023,Semester 1,2025,Website Form,48.5,0,Tertiary,0,1,70.9,30.0,3,3,Dropped Out,0
GTC-00473,32,Female,Main Campus - Gaborone,Diploma in Engineering,2,2023,Semester 1,2025,Walk-In,70.3,1,None,1,1,64.1,41.8,3,3,Dropped Out,0
GTC-00474,19,Female,Extension Campus - Mogoditshane,Diploma in IT,2,2023,Semester 2,2025,Agent,33.5,0,Primary,0,0,75.2,74.8,0,0,Graduated,0
GTC-00475,31,Female,Main Campus - Gaborone,Diploma in Accounting,2,2025,Semester 1,2027,Open Day,23.8,1,Primary,1,0,80.7,39.4,3,2,Active,1
GTC-00476,19,Male,Block 8 Campus,Certificate in Auto Mechanics,1,2024,Semester 2,2025,Agent,52.3,0,Primary,1,1,54.4,30.0,3,3,Dropped Out,0
GTC-00477,21,Female,Extension Campus - Mogoditshane,Diploma in IT,2,2023,Semester 1,2025,Referral,75.1,1,None,0,0,79.7,57.6,0,0,Graduated,0
GTC-00478,20,Male,Extension Campus - Mogoditshane,Certificate in Construction,1,2024,Semester 2,2025,Radio Ad,21.9,1,Tertiary,1,0,90.0,57.0,1,0,Graduated,0
GTC-00479,19,Male,Block 8 Campus,Certificate in Business Admin,1,2025,Semester 1,2026,Website Form,57.1,1,Tertiary,1,0,99.2,75.9,1,0,Active,0
GTC-00480,18,Male,Main Campus - Gaborone,Diploma in Accounting,2,2023,Semester 2,2025,Radio Ad,7.1,0,Secondary,1,0,84.3,53.0,0,0,Graduated,0
GTC-00481,44,Male,Block 8 Campus,Diploma in Accounting,2,2024,Semester 1,2026,Walk-In,4.6,1,Primary,0,0,79.2,30.0,4,2,Dropped Out,0
GTC-00482,24,Male,Main Campus - Gaborone,Certificate in Business Admin,1,2025,Semester 1,2026,Radio Ad,4.2,1,Secondary,1,0,86.8,36.2,3,2,Dropped Out,0
GTC-00483,21,Female,Block 8 Campus,Diploma in Engineering,2,2023,Semester 2,2025,Website Form,1.5,1,Primary,1,0,84.1,56.3,1,0,Graduated,0
GTC-00484,37,Female,Main Campus - Gaborone,Diploma in Engineering,2,2024,Semester 1,2026,Website Form,83.4,1,Primary,1,0,72.1,57.1,0,1,Active,1
GTC-00485,36,Female,Block 8 Campus,Certificate in Hospitality,1,2025,Semester 1,2026,School Fair,2.3,0,None,1,0,64.1,42.8,2,3,Dropped Out,0
GTC-00486,22,Female,Main Campus - Gaborone,Diploma in IT,2,2023,Semester 2,2025,Website Form,11.8,1,None,0,0,78.7,59.4,1,0,Graduated,0
GTC-00487,25,Male,Extension Campus - Mogoditshane,Diploma in IT,2,2025,Semester 1,2027,School Fair,51.9,1,Secondary,1,0,89.3,79.3,0,0,Active,0
GTC-00488,22,Male,Main Campus - Gaborone,Certificate in Hospitality,1,2023,Semester 1,2024,Agent,61.8,1,Primary,1,1,74.1,30.0,3,3,Dropped Out,0
GTC-00489,43,Female,Main Campus - Gaborone,Certificate in Construction,1,2024,Semester 2,2025,Radio Ad,40.3,1,Tertiary,0,0,83.0,44.5,3,2,Graduated,0
GTC-00490,27,Male,Extension Campus - Mogoditshane,Diploma in Engineering,2,2024,Semester 2,2026,Open Day,26.3,1,Tertiary,1,1,85.6,49.2,1,1,Active,1
GTC-00491,33,Female,Block 8 Campus,Diploma in Health Sciences,2,2025,Semester 2,2027,Agent,41.9,1,None,1,1,70.7,47.5,1,2,Active,1
GTC-00492,42,Female,Extension Campus - Mogoditshane,Certificate in Auto Mechanics,1,2025,Semester 2,2026,Walk-In,55.5,0,Primary,1,1,46.5,30.0,1,2,Active,1
GTC-00493,32,Male,Block 8 Campus,Certificate in Hospitality,1,2025,Semester 1,2026,Walk-In,10.4,1,Tertiary,1,0,86.5,80.5,1,0,Active,0
GTC-00494,27,Female,Extension Campus - Mogoditshane,Diploma in Accounting,2,2025,Semester 2,2027,Facebook Ad,9.7,1,Secondary,0,1,87.0,57.8,0,0,Active,0
GTC-00495,21,Male,Extension Campus - Mogoditshane,Diploma in Health Sciences,2,2025,Semester 2,2027,Referral,62.4,1,Secondary,1,1,77.5,36.3,3,2,Dropped Out,0
GTC-00496,24,Male,Extension Campus - Mogoditshane,Diploma in Engineering,2,2023,Semester 2,2025,Agent,37.7,0,None,0,1,64.7,30.0,3,3,Dropped Out,0
GTC-00497,33,Female,Extension Campus - Mogoditshane,Certificate in Business Admin,1,2023,Semester 1,2024,Referral,64.0,1,None,1,0,75.3,77.0,0,0,Graduated,0
GTC-00498,33,Female,Extension Campus - Mogoditshane,Diploma in Health Sciences,2,2024,Semester 2,2026,Website Form,85.0,0,Secondary,0,0,65.7,39.7,2,3,Dropped Out,0
GTC-00499,40,Female,Extension Campus - Mogoditshane,Diploma in Engineering,2,2023,Semester 1,2025,Referral,80.9,0,Primary,1,0,58.2,30.0,3,3,Dropped Out,0
GTC-00500,44,Female,Main Campus - Gaborone,Certificate in Construction,1,2023,Semester 2,2024,Open Day,20.2,1,None,1,0,81.0,62.6,0,0,Graduated,0
GTC-00501,30,Female,Extension Campus - Mogoditshane,Certificate in Hospitality,1,2025,Semester 1,2026,Walk-In,11.3,0,Secondary,0,0,76.6,78.3,0,0,Active,0
GTC-00502,25,Male,Main Campus - Gaborone,Certificate in Business Admin,1,2023,Semester 2,2024,Walk-In,14.0,0,Tertiary,0,1,72.7,36.5,1,2,Dropped Out,0
GTC-00503,35,Female,Main Campus - Gaborone,Certificate in Construction,1,2023,Semester 1,2024,Website Form,32.4,0,Tertiary,0,0,70.9,54.7,1,1,Graduated,0
GTC-00504,21,Male,Block 8 Campus,Certificate in Hospitality,1,2025,Semester 1,2026,Website Form,11.3,1,Tertiary,0,1,81.3,79.5,0,0,Active,0
GTC-00505,39,Male,Extension Campus - Mogoditshane,Certificate in Hospitality,1,2023,Semester 2,2024,Walk-In,46.0,1,Primary,0,1,74.4,43.1,2,3,Graduated,0
GTC-00506,45,Male,Extension Campus - Mogoditshane,Certificate in Construction,1,2024,Semester 1,2025,Referral,84.7,0,Tertiary,0,1,66.6,30.0,3,3,Dropped Out,0
GTC-00507,40,Male,Extension Campus - Mogoditshane,Certificate in Hospitality,1,2025,Semester 1,2026,Radio Ad,72.9,0,Secondary,0,0,51.5,42.4,1,2,Active,1
GTC-00508,42,Female,Block 8 Campus,Certificate in Business Admin,1,2025,Semester 2,2026,Referral,59.3,1,Tertiary,1,1,62.3,60.2,1,1,Active,1
GTC-00509,36,Male,Block 8 Campus,Certificate in Auto Mechanics,1,2024,Semester 1,2025,School Fair,18.9,0,None,1,0,76.2,65.5,0,0,Graduated,0
GTC-00510,39,Male,Main Campus - Gaborone,Certificate in Business Admin,1,2024,Semester 2,2025,Radio Ad,80.4,1,Secondary,0,0,72.4,38.1,2,3,Dropped Out,0
GTC-00511,40,Male,Extension Campus - Mogoditshane,Diploma in Health Sciences,2,2025,Semester 1,2027,Open Day,73.6,1,Secondary,0,0,76.2,60.2,1,0,Active,0
GTC-00512,36,Female,Block 8 Campus,Certificate in Business Admin,1,2025,Semester 1,2026,Agent,41.4,1,Tertiary,1,1,87.0,48.4,0,1,Active,1
GTC-00513,30,Female,Main Campus - Gaborone,Certificate in Business Admin,1,2023,Semester 1,2024,Radio Ad,73.3,1,None,0,0,75.8,49.2,2,2,Dropped Out,0
GTC-00514,45,Male,Main Campus - Gaborone,Certificate in Business Admin,1,2025,Semester 2,2026,Website Form,82.2,1,None,1,1,61.4,55.5,2,2,Dropped Out,0
GTC-00515,33,Female,Extension Campus - Mogoditshane,Certificate in Construction,1,2025,Semester 1,2026,Facebook Ad,56.5,1,None,1,1,54.1,38.9,1,2,Dropped Out,0
GTC-00516,22,Female,Main Campus - Gaborone,Diploma in Accounting,2,2024,Semester 2,2026,Radio Ad,34.3,1,Secondary,0,0,91.6,65.6,0,0,Active,0
GTC-00517,40,Female,Extension Campus - Mogoditshane,Diploma in Engineering,2,2024,Semester 1,2026,Website Form,84.4,1,None,0,1,65.1,30.0,1,2,Dropped Out,0
GTC-00518,20,Female,Block 8 Campus,Diploma in Accounting,2,2023,Semester 1,2025,Referral,1.3,1,Primary,1,1,76.6,54.0,0,0,Graduated,0
GTC-00519,33,Male,Extension Campus - Mogoditshane,Certificate in Construction,1,2025,Semester 2,2026,Referral,51.8,0,Primary,1,0,71.2,34.8,0,2,Active,1
GTC-00520,30,Female,Extension Campus - Mogoditshane,Diploma in Engineering,2,2024,Semester 1,2026,Radio Ad,56.1,1,Secondary,1,0,85.7,82.6,1,0,Active,0
GTC-00521,29,Female,Extension Campus - Mogoditshane,Diploma in Accounting,2,2024,Semester 2,2026,School Fair,26.3,0,Secondary,1,1,74.1,43.4,0,2,Dropped Out,0
GTC-00522,19,Male,Extension Campus - Mogoditshane,Diploma in Accounting,2,2025,Semester 2,2027,Walk-In,81.8,1,Primary,0,0,73.9,70.3,0,1,Active,1
GTC-00523,41,Male,Extension Campus - Mogoditshane,Diploma in Health Sciences,2,2025,Semester 2,2027,School Fair,84.5,1,None,0,0,59.8,30.0,2,3,Dropped Out,0
GTC-00524,44,Male,Extension Campus - Mogoditshane,Certificate in Construction,1,2023,Semester 2,2024,Open Day,32.5,1,None,1,0,74.5,69.3,0,1,Graduated,0
GTC-00525,26,Male,Main Campus - Gaborone,Diploma in Health Sciences,2,2023,Semester 2,2025,Walk-In,79.5,0,Tertiary,1,1,66.0,30.0,3,3,Dropped Out,0
GTC-00526,30,Female,Main Campus - Gaborone,Certificate in Business Admin,1,2024,Semester 2,2025,School Fair,7.7,1,Primary,1,0,88.4,87.0,1,0,Graduated,0
GTC-00527,29,Female,Main Campus - Gaborone,Diploma in Accounting,2,2023,Semester 2,2025,Open Day,14.2,1,Tertiary,1,0,92.7,67.3,0,0,Graduated,0
GTC-00528,28,Male,Main Campus - Gaborone,Certificate in Hospitality,1,2024,Semester 2,2025,Facebook Ad,36.1,1,Primary,1,0,84.0,86.3,0,0,Graduated,0
GTC-00529,21,Male,Main Campus - Gaborone,Diploma in Engineering,2,2023,Semester 2,2025,Walk-In,65.3,1,Secondary,1,0,87.3,76.4,0,0,Graduated,0
GTC-00530,37,Male,Extension Campus - Mogoditshane,Diploma in Engineering,2,2023,Semester 2,2025,Facebook Ad,73.5,0,Primary,0,0,58.4,30.0,3,3,Dropped Out,0
GTC-00531,24,Male,Main Campus - Gaborone,Certificate in Business Admin,1,2023,Semester 2,2024,Walk-In,23.6,1,Primary,1,0,88.9,59.9,1,0,Graduated,0
GTC-00532,25,Male,Block 8 Campus,Diploma in Health Sciences,2,2024,Semester 1,2026,Agent,54.9,1,Secondary,1,0,83.3,59.6,0,0,Dropped Out,0
GTC-00533,39,Female,Main Campus - Gaborone,Diploma in Accounting,2,2024,Semester 2,2026,Facebook Ad,36.9,1,Tertiary,1,1,80.5,37.2,1,1,Active,1
GTC-00534,29,Female,Main Campus - Gaborone,Diploma in Accounting,2,2023,Semester 2,2025,Facebook Ad,75.5,1,None,1,0,73.9,71.2,1,1,Dropped Out,0
GTC-00535,35,Female,Block 8 Campus,Certificate in Auto Mechanics,1,2023,Semester 1,2024,Walk-In,11.3,1,Secondary,0,0,78.7,60.0,1,0,Graduated,0
GTC-00536,21,Female,Main Campus - Gaborone,Certificate in Auto Mechanics,1,2024,Semester 1,2025,Radio Ad,51.1,1,Primary,1,0,85.0,94.7,2,1,Graduated,0
GTC-00537,35,Male,Main Campus - Gaborone,Certificate in Auto Mechanics,1,2025,Semester 2,2026,Agent,34.4,1,Primary,1,0,82.6,61.0,0,0,Active,0
GTC-00538,26,Female,Main Campus - Gaborone,Diploma in Accounting,2,2025,Semester 2,2027,Facebook Ad,15.0,1,Primary,1,0,86.6,82.9,1,0,Active,0
GTC-00539,44,Male,Extension Campus - Mogoditshane,Certificate in Business Admin,1,2023,Semester 2,2024,Website Form,27.9,0,Secondary,0,0,69.1,41.3,2,3,Dropped Out,0
GTC-00540,25,Female,Main Campus - Gaborone,Diploma in Accounting,2,2023,Semester 1,2025,Agent,80.4,1,Primary,0,1,70.6,32.7,0,2,Dropped Out,0
GTC-00541,25,Female,Block 8 Campus,Diploma in Engineering,2,2024,Semester 1,2026,Open Day,15.8,1,Primary,1,0,80.8,60.3,0,0,Active,0
GTC-00542,37,Male,Main Campus - Gaborone,Diploma in Engineering,2,2023,Semester 2,2025,School Fair,38.9,1,Tertiary,1,0,81.0,50.2,0,0,Dropped Out,0
GTC-00543,44,Male,Extension Campus - Mogoditshane,Diploma in IT,2,2023,Semester 1,2025,Facebook Ad,23.1,0,None,0,1,49.0,30.0,0,2,Dropped Out,0
GTC-00544,22,Female,Extension Campus - Mogoditshane,Certificate in Auto Mechanics,1,2023,Semester 2,2024,Website Form,41.0,1,Secondary,0,1,76.9,48.2,2,2,Graduated,0
GTC-00545,22,Male,Main Campus - Gaborone,Diploma in IT,2,2023,Semester 2,2025,Agent,13.0,1,Primary,0,0,74.7,48.3,0,2,Graduated,0
GTC-00546,25,Male,Block 8 Campus,Certificate in Construction,1,2023,Semester 2,2024,Facebook Ad,31.0,0,None,0,0,75.5,36.5,1,1,Dropped Out,0
GTC-00547,39,Female,Extension Campus - Mogoditshane,Diploma in Accounting,2,2024,Semester 1,2026,Referral,77.9,1,Secondary,0,0,76.2,49.5,1,1,Active,1
GTC-00548,30,Female,Extension Campus - Mogoditshane,Certificate in Auto Mechanics,1,2023,Semester 1,2024,Agent,81.6,1,None,1,1,65.4,30.0,2,3,Graduated,0
GTC-00549,37,Female,Main Campus - Gaborone,Certificate in Hospitality,1,2024,Semester 2,2025,Open Day,46.0,1,Primary,1,0,86.1,33.4,0,1,Graduated,0
GTC-00550,25,Female,Main Campus - Gaborone,Certificate in Hospitality,1,2023,Semester 2,2024,Open Day,81.4,0,None,0,0,55.0,42.9,2,3,Dropped Out,0
GTC-00551,35,Female,Main Campus - Gaborone,Certificate in Hospitality,1,2023,Semester 1,2024,Radio Ad,10.4,1,Primary,1,1,71.9,50.3,0,1,Dropped Out,0
GTC-00552,44,Male,Main Campus - Gaborone,Diploma in Engineering,2,2024,Semester 1,2026,Facebook Ad,21.2,1,Tertiary,1,1,71.7,43.5,0,2,Active,1
GTC-00553,43,Male,Block 8 Campus,Certificate in Business Admin,1,2023,Semester 1,2024,Walk-In,51.6,1,Primary,1,0,65.8,30.0,1,2,Graduated,0
GTC-00554,34,Female,Extension Campus - Mogoditshane,Certificate in Hospitality,1,2024,Semester 1,2025,Referral,82.7,1,Primary,0,0,70.7,58.9,0,1,Graduated,0
GTC-00555,20,Female,Block 8 Campus,Certificate in Construction,1,2025,Semester 2,2026,Agent,14.4,0,Tertiary,1,1,76.2,60.6,0,0,Active,0
GTC-00556,20,Male,Extension Campus - Mogoditshane,Diploma in IT,2,2024,Semester 1,2026,School Fair,54.4,1,Secondary,1,0,91.1,95.0,0,0,Active,0
GTC-00557,29,Female,Block 8 Campus,Certificate in Hospitality,1,2024,Semester 2,2025,Website Form,82.8,0,None,1,0,67.9,30.0,2,3,Dropped Out,0
GTC-00558,33,Male,Block 8 Campus,Diploma in Engineering,2,2023,Semester 2,2025,Facebook Ad,75.3,1,Primary,0,0,61.9,30.0,5,3,Dropped Out,0
GTC-00559,41,Female,Block 8 Campus,Diploma in Engineering,2,2024,Semester 2,2026,Website Form,53.2,0,None,0,0,59.2,30.0,2,3,Dropped Out,0
GTC-00560,38,Female,Main Campus - Gaborone,Diploma in IT,2,2023,Semester 2,2025,Facebook Ad,42.7,1,Primary,0,1,71.7,35.3,2,3,Graduated,0
GTC-00561,26,Female,Block 8 Campus,Certificate in Auto Mechanics,1,2025,Semester 1,2026,Facebook Ad,82.6,1,Secondary,0,0,72.3,74.0,0,1,Active,1
GTC-00562,29,Male,Extension Campus - Mogoditshane,Diploma in Health Sciences,2,2025,Semester 2,2027,Referral,74.6,0,None,0,0,58.3,30.0,2,3,Active,1
GTC-00563,23,Female,Main Campus - Gaborone,Certificate in Hospitality,1,2024,Semester 2,2025,Facebook Ad,30.0,1,Tertiary,1,1,93.0,82.9,0,0,Graduated,0
GTC-00564,20,Female,Block 8 Campus,Certificate in Auto Mechanics,1,2023,Semester 2,2024,Facebook Ad,24.0,1,Primary,0,1,78.3,59.5,0,0,Dropped Out,0
GTC-00565,43,Female,Block 8 Campus,Certificate in Auto Mechanics,1,2023,Semester 1,2024,School Fair,73.8,0,Tertiary,1,0,70.9,35.7,2,3,Graduated,0
GTC-00566,45,Female,Extension Campus - Mogoditshane,Certificate in Hospitality,1,2025,Semester 2,2026,Radio Ad,70.7,1,Tertiary,1,0,86.0,53.6,1,0,Active,1
GTC-00567,40,Female,Block 8 Campus,Diploma in Health Sciences,2,2023,Semester 1,2025,Facebook Ad,61.6,1,Primary,1,0,71.9,64.1,0,1,Graduated,0
GTC-00568,32,Male,Block 8 Campus,Certificate in Construction,1,2023,Semester 2,2024,Referral,44.5,1,Tertiary,0,0,78.7,37.3,2,2,Graduated,0
GTC-00569,24,Female,Extension Campus - Mogoditshane,Diploma in Engineering,2,2025,Semester 2,2027,School Fair,29.9,0,None,1,0,80.1,43.7,1,1,Active,1
GTC-00570,31,Female,Block 8 Campus,Certificate in Construction,1,2025,Semester 2,2026,Website Form,10.1,1,Tertiary,1,0,94.6,71.6,1,0,Active,0
GTC-00571,40,Male,Main Campus - Gaborone,Certificate in Business Admin,1,2023,Semester 1,2024,Agent,9.3,0,None,0,0,58.0,37.1,1,2,Dropped Out,0
GTC-00572,35,Female,Main Campus - Gaborone,Certificate in Hospitality,1,2024,Semester 1,2025,Website Form,82.3,0,Tertiary,0,0,59.1,41.9,1,2,Dropped Out,0
GTC-00573,26,Female,Block 8 Campus,Diploma in Health Sciences,2,2025,Semester 1,2027,Walk-In,76.6,1,None,1,0,74.9,57.4,0,1,Active,1
GTC-00574,31,Male,Extension Campus - Mogoditshane,Diploma in Health Sciences,2,2023,Semester 2,2025,Walk-In,68.2,1,Primary,0,0,64.0,30.0,3,3,Dropped Out,0
GTC-00575,40,Male,Extension Campus - Mogoditshane,Certificate in Business Admin,1,2025,Semester 2,2026,Referral,71.3,1,Secondary,1,1,74.7,30.0,2,3,Active,1
GTC-00576,20,Female,Main Campus - Gaborone,Diploma in Engineering,2,2024,Semester 2,2026,Radio Ad,20.8,0,Secondary,1,0,74.0,42.1,2,3,Dropped Out,0
GTC-00577,20,Male,Extension Campus - Mogoditshane,Diploma in IT,2,2025,Semester 1,2027,Facebook Ad,39.3,1,None,1,1,79.8,60.4,0,0,Active,0
GTC-00578,43,Male,Block 8 Campus,Certificate in Business Admin,1,2024,Semester 1,2025,School Fair,58.6,1,Secondary,0,0,79.6,62.2,0,0,Graduated,0
GTC-00579,45,Male,Main Campus - Gaborone,Certificate in Construction,1,2024,Semester 2,2025,Walk-In,13.9,0,None,1,1,61.9,50.8,3,2,Dropped Out,0
GTC-00580,24,Male,Block 8 Campus,Diploma in Engineering,2,2023,Semester 1,2025,Radio Ad,23.1,1,None,1,0,95.9,48.0,1,1,Graduated,0
GTC-00581,24,Female,Main Campus - Gaborone,Certificate in Hospitality,1,2025,Semester 2,2026,Agent,9.2,0,Secondary,1,1,67.8,30.0,3,3,Dropped Out,0
GTC-00582,28,Male,Extension Campus - Mogoditshane,Diploma in Health Sciences,2,2024,Semester 1,2026,Website Form,32.1,1,None,1,0,87.0,62.7,1,0,Active,0
GTC-00583,34,Female,Block 8 Campus,Diploma in IT,2,2023,Semester 1,2025,Website Form,36.8,1,Primary,1,0,89.3,43.7,2,2,Dropped Out,0
GTC-00584,28,Male,Block 8 Campus,Certificate in Construction,1,2023,Semester 1,2024,Agent,24.5,1,Primary,1,1,71.5,30.0,2,3,Graduated,0
GTC-00585,31,Female,Block 8 Campus,Certificate in Construction,1,2023,Semester 1,2024,Walk-In,68.3,1,Secondary,1,1,75.9,38.9,3,2,Dropped Out,0
GTC-00586,38,Male,Block 8 Campus,Diploma in Accounting,2,2023,Semester 2,2025,Walk-In,76.2,0,None,1,1,54.8,30.0,3,3,Dropped Out,0
GTC-00587,29,Female,Main Campus - Gaborone,Certificate in Construction,1,2024,Semester 1,2025,Agent,25.7,0,Tertiary,0,0,80.3,56.2,0,0,Dropped Out,0
GTC-00588,18,Male,Main Campus - Gaborone,Certificate in Construction,1,2025,Semester 2,2026,School Fair,14.9,1,Secondary,0,0,89.2,95.0,0,0,Active,0
GTC-00589,27,Male,Block 8 Campus,Certificate in Construction,1,2025,Semester 2,2026,Referral,59.5,0,Tertiary,1,1,70.3,53.0,0,1,Active,1
GTC-00590,34,Male,Extension Campus - Mogoditshane,Certificate in Auto Mechanics,1,2025,Semester 2,2026,Referral,27.7,0,Primary,1,0,66.5,35.3,1,2,Active,1
GTC-00591,40,Male,Main Campus - Gaborone,Certificate in Auto Mechanics,1,2023,Semester 1,2024,Walk-In,57.2,1,Tertiary,1,1,78.5,31.0,2,2,Graduated,0
GTC-00592,27,Female,Extension Campus - Mogoditshane,Diploma in Engineering,2,2025,Semester 1,2027,Radio Ad,19.0,1,Tertiary,0,0,85.8,62.3,1,0,Active,0
GTC-00593,38,Male,Main Campus - Gaborone,Certificate in Auto Mechanics,1,2023,Semester 1,2024,School Fair,1.9,1,Secondary,1,0,91.2,56.2,0,0,Graduated,0
GTC-00594,22,Female,Extension Campus - Mogoditshane,Diploma in Health Sciences,2,2025,Semester 2,2027,Walk-In,37.8,1,None,0,0,84.0,33.7,3,2,Active,1
GTC-00595,31,Male,Extension Campus - Mogoditshane,Diploma in IT,2,2025,Semester 1,2027,Facebook Ad,19.1,1,None,0,1,66.2,30.0,1,2,Dropped Out,0
GTC-00596,30,Male,Main Campus - Gaborone,Diploma in Accounting,2,2024,Semester 1,2026,Radio Ad,66.9,1,Secondary,0,1,71.1,56.4,0,1,Active,1
GTC-00597,40,Male,Main Campus - Gaborone,Certificate in Construction,1,2025,Semester 1,2026,Radio Ad,16.3,0,Primary,0,0,65.4,42.7,1,2,Dropped Out,0
GTC-00598,42,Male,Extension Campus - Mogoditshane,Certificate in Construction,1,2024,Semester 1,2025,Open Day,74.3,1,None,0,0,68.4,58.0,0,1,Dropped Out,0
GTC-00599,21,Male,Block 8 Campus,Certificate in Construction,1,2024,Semester 2,2025,Website Form,84.1,1,Tertiary,1,0,83.3,59.4,1,0,Graduated,0
GTC-00600,45,Female,Main Campus - Gaborone,Diploma in Accounting,2,2025,Semester 1,2027,Radio Ad,83.2,0,Primary,1,1,49.4,30.0,3,3,Dropped Out,0
GTC-00601,30,Male,Block 8 Campus,Certificate in Auto Mechanics,1,2025,Semester 1,2026,Referral,77.4,1,Secondary,1,0,86.8,82.0,0,0,Active,0
GTC-00602,31,Female,Extension Campus - Mogoditshane,Certificate in Construction,1,2024,Semester 1,2025,Walk-In,42.7,1,Tertiary,0,0,90.2,58.2,1,0,Graduated,0
GTC-00603,27,Male,Block 8 Campus,Diploma in IT,2,2023,Semester 2,2025,Facebook Ad,5.0,1,Tertiary,1,0,95.8,89.2,0,0,Graduated,0
GTC-00604,42,Male,Main Campus - Gaborone,Diploma in Accounting,2,2023,Semester 1,2025,Agent,50.0,1,Primary,1,0,90.5,51.3,2,1,Graduated,0
GTC-00605,26,Female,Extension Campus - Mogoditshane,Diploma in Accounting,2,2023,Semester 2,2025,Website Form,68.5,1,Primary,1,0,84.1,50.3,3,1,Graduated,0
GTC-00606,23,Female,Block 8 Campus,Certificate in Business Admin,1,2023,Semester 2,2024,Website Form,43.1,1,Secondary,0,0,91.5,60.1,0,0,Graduated,0
GTC-00607,31,Male,Main Campus - Gaborone,Diploma in Accounting,2,2023,Semester 2,2025,Radio Ad,53.0,0,Secondary,1,0,75.3,40.6,2,2,Dropped Out,0
GTC-00608,44,Male,Main Campus - Gaborone,Diploma in IT,2,2024,Semester 1,2026,Website Form,50.7,0,Tertiary,0,0,68.6,31.1,2,3,Active,1
GTC-00609,35,Female,Main Campus - Gaborone,Certificate in Hospitality,1,2025,Semester 1,2026,Referral,53.6,0,None,0,0,58.8,30.0,4,3,Dropped Out,0
GTC-00610,25,Male,Main Campus - Gaborone,Certificate in Auto Mechanics,1,2023,Semester 2,2024,Agent,5.2,1,Tertiary,0,1,88.7,54.5,2,1,Graduated,0
GTC-00611,39,Male,Block 8 Campus,Diploma in Engineering,2,2025,Semester 1,2027,Radio Ad,12.5,0,Primary,1,0,69.4,30.0,4,3,Active,1
GTC-00612,39,Female,Block 8 Campus,Diploma in Health Sciences,2,2025,Semester 1,2027,Open Day,35.7,1,None,1,1,77.2,38.0,2,2,Active,1
GTC-00613,29,Male,Block 8 Campus,Certificate in Auto Mechanics,1,2024,Semester 1,2025,Radio Ad,30.7,0,Primary,1,0,77.1,36.5,1,1,Graduated,0
GTC-00614,28,Female,Extension Campus - Mogoditshane,Diploma in Engineering,2,2024,Semester 2,2026,Agent,6.3,0,Tertiary,1,0,77.5,53.8,0,0,Active,1
GTC-00615,28,Female,Extension Campus - Mogoditshane,Diploma in Health Sciences,2,2023,Semester 1,2025,Walk-In,72.5,1,None,0,0,70.0,35.9,4,3,Graduated,0
GTC-00616,43,Male,Main Campus - Gaborone,Diploma in Engineering,2,2025,Semester 2,2027,Agent,78.4,1,Secondary,1,0,85.8,65.1,0,0,Active,0
GTC-00617,40,Female,Block 8 Campus,Diploma in Engineering,2,2025,Semester 1,2027,School Fair,21.8,1,Secondary,1,0,92.5,49.0,0,1,Dropped Out,0
GTC-00618,39,Male,Main Campus - Gaborone,Diploma in IT,2,2023,Semester 1,2025,Website Form,65.9,1,None,1,0,72.9,60.4,0,1,Graduated,0
GTC-00619,44,Female,Extension Campus - Mogoditshane,Certificate in Construction,1,2024,Semester 1,2025,Facebook Ad,37.6,1,None,0,1,66.8,30.0,2,3,Dropped Out,0
GTC-00620,18,Male,Block 8 Campus,Diploma in Accounting,2,2024,Semester 2,2026,Facebook Ad,74.2,1,Secondary,1,0,77.8,69.0,0,0,Dropped Out,0
GTC-00621,40,Male,Extension Campus - Mogoditshane,Certificate in Auto Mechanics,1,2024,Semester 1,2025,Walk-In,29.1,1,Secondary,0,1,82.8,46.5,3,2,Graduated,0
GTC-00622,19,Male,Block 8 Campus,Certificate in Business Admin,1,2025,Semester 1,2026,Website Form,83.4,0,None,0,0,67.8,51.1,2,2,Dropped Out,0
GTC-00623,29,Female,Block 8 Campus,Diploma in Accounting,2,2023,Semester 1,2025,Walk-In,2.7,0,Primary,0,0,62.6,30.0,2,3,Dropped Out,0
GTC-00624,40,Male,Block 8 Campus,Diploma in Health Sciences,2,2025,Semester 1,2027,Facebook Ad,37.5,0,Secondary,1,1,66.2,43.1,1,2,Dropped Out,0
GTC-00625,42,Male,Main Campus - Gaborone,Certificate in Hospitality,1,2023,Semester 1,2024,Walk-In,11.2,1,None,1,0,71.8,95.0,0,1,Graduated,0
GTC-00626,39,Male,Main Campus - Gaborone,Diploma in Accounting,2,2025,Semester 1,2027,Open Day,60.1,0,Primary,1,1,57.7,30.0,2,3,Active,1
GTC-00627,35,Male,Main Campus - Gaborone,Certificate in Construction,1,2024,Semester 2,2025,Referral,7.1,0,Primary,1,0,76.6,57.4,0,0,Graduated,0
GTC-00628,32,Female,Main Campus - Gaborone,Diploma in IT,2,2024,Semester 1,2026,Referral,24.0,1,None,1,0,83.6,45.8,2,2,Dropped Out,0
GTC-00629,30,Male,Extension Campus - Mogoditshane,Diploma in Health Sciences,2,2025,Semester 1,2027,Referral,3.1,0,None,0,0,78.0,30.0,4,2,Dropped Out,0
GTC-00630,18,Female,Extension Campus - Mogoditshane,Diploma in Health Sciences,2,2024,Semester 1,2026,Facebook Ad,47.3,0,Secondary,0,0,78.5,30.0,2,2,Dropped Out,0
GTC-00631,30,Female,Extension Campus - Mogoditshane,Certificate in Hospitality,1,2023,Semester 1,2024,Referral,68.1,0,None,0,0,68.2,30.0,2,3,Dropped Out,0
GTC-00632,26,Male,Main Campus - Gaborone,Diploma in Accounting,2,2025,Semester 2,2027,Referral,72.1,1,None,1,0,78.8,69.4,0,0,Dropped Out,0
GTC-00633,20,Female,Extension Campus - Mogoditshane,Certificate in Construction,1,2023,Semester 2,2024,Radio Ad,22.3,0,Secondary,0,1,64.9,30.0,2,3,Dropped Out,0
GTC-00634,19,Male,Extension Campus - Mogoditshane,Certificate in Auto Mechanics,1,2025,Semester 2,2026,Walk-In,47.3,1,Secondary,0,1,71.0,59.5,0,1,Active,1
GTC-00635,34,Female,Main Campus - Gaborone,Certificate in Business Admin,1,2023,Semester 1,2024,Website Form,48.7,0,Tertiary,1,0,79.1,41.0,1,1,Graduated,0
GTC-00636,38,Female,Block 8 Campus,Diploma in Accounting,2,2025,Semester 1,2027,Radio Ad,31.6,1,Primary,0,1,61.3,30.0,2,3,Active,1
GTC-00637,29,Male,Block 8 Campus,Diploma in IT,2,2025,Semester 1,2027,Agent,64.9,1,None,0,0,67.0,30.0,1,2,Active,1
GTC-00638,34,Male,Extension Campus - Mogoditshane,Certificate in Auto Mechanics,1,2025,Semester 2,2026,Website Form,23.2,0,Secondary,0,1,48.9,32.9,3,3,Active,1
GTC-00639,32,Female,Block 8 Campus,Certificate in Business Admin,1,2024,Semester 1,2025,Website Form,55.7,1,Tertiary,0,1,53.0,51.3,0,1,Graduated,0
GTC-00640,39,Male,Extension Campus - Mogoditshane,Diploma in Accounting,2,2024,Semester 2,2026,Website Form,10.5,1,Primary,0,0,66.4,47.1,1,2,Dropped Out,0
GTC-00641,26,Female,Extension Campus - Mogoditshane,Certificate in Business Admin,1,2023,Semester 1,2024,Agent,2.5,1,None,1,0,82.7,82.5,0,0,Graduated,0
GTC-00642,40,Female,Main Campus - Gaborone,Certificate in Construction,1,2024,Semester 1,2025,Walk-In,6.7,0,Tertiary,0,0,66.7,36.3,0,2,Dropped Out,0
GTC-00643,41,Male,Main Campus - Gaborone,Diploma in IT,2,2025,Semester 2,2027,Open Day,32.6,1,Secondary,0,1,78.4,30.0,1,1,Active,1
GTC-00644,31,Female,Block 8 Campus,Diploma in Health Sciences,2,2024,Semester 1,2026,Radio Ad,4.0,0,Primary,1,1,58.0,30.0,3,3,Dropped Out,0
GTC-00645,33,Female,Main Campus - Gaborone,Diploma in Engineering,2,2024,Semester 2,2026,Facebook Ad,78.6,1,Primary,1,0,74.8,32.0,2,3,Active,1
GTC-00646,24,Male,Block 8 Campus,Diploma in IT,2,2024,Semester 1,2026,Referral,80.1,1,Tertiary,0,0,83.3,46.1,0,1,Active,1
GTC-00647,26,Male,Main Campus - Gaborone,Diploma in Accounting,2,2025,Semester 1,2027,Website Form,68.4,0,Primary,0,1,51.8,30.0,1,2,Active,1
GTC-00648,28,Male,Block 8 Campus,Certificate in Business Admin,1,2025,Semester 2,2026,School Fair,71.6,1,None,0,0,80.6,48.7,0,1,Dropped Out,0
GTC-00649,33,Male,Block 8 Campus,Diploma in Engineering,2,2025,Semester 2,2027,Referral,11.6,1,None,0,0,76.6,55.0,1,0,Active,0
GTC-00650,31,Female,Extension Campus - Mogoditshane,Diploma in Health Sciences,2,2025,Semester 1,2027,Website Form,41.4,1,Primary,0,0,71.8,48.2,1,2,Active,1
GTC-00651,27,Male,Main Campus - Gaborone,Certificate in Business Admin,1,2024,Semester 2,2025,Open Day,28.0,1,None,1,0,84.1,48.9,1,1,Graduated,0
GTC-00652,44,Female,Extension Campus - Mogoditshane,Diploma in Health Sciences,2,2025,Semester 1,2027,Walk-In,25.1,1,Tertiary,1,0,94.4,58.1,1,0,Active,0
GTC-00653,26,Female,Extension Campus - Mogoditshane,Certificate in Hospitality,1,2024,Semester 1,2025,Referral,38.3,1,Primary,0,0,90.4,83.2,0,0,Graduated,0
GTC-00654,41,Male,Block 8 Campus,Certificate in Business Admin,1,2025,Semester 2,2026,Website Form,65.3,1,None,0,0,71.8,30.0,2,3,Dropped Out,0
GTC-00655,43,Male,Block 8 Campus,Certificate in Construction,1,2024,Semester 1,2025,School Fair,79.9,1,None,0,0,68.9,30.0,2,3,Dropped Out,0
GTC-00656,38,Male,Main Campus - Gaborone,Diploma in Accounting,2,2025,Semester 1,2027,Agent,55.9,1,Secondary,0,1,65.8,30.0,2,3,Active,1
GTC-00657,22,Male,Extension Campus - Mogoditshane,Diploma in Health Sciences,2,2023,Semester 2,2025,Website Form,36.4,0,Secondary,1,1,80.3,34.6,2,2,Dropped Out,0
GTC-00658,31,Female,Block 8 Campus,Diploma in Accounting,2,2025,Semester 1,2027,Agent,2.0,1,Tertiary,0,0,78.6,48.2,1,1,Active,1
GTC-00659,33,Male,Extension Campus - Mogoditshane,Diploma in Accounting,2,2024,Semester 1,2026,Facebook Ad,8.6,1,Tertiary,0,1,79.5,30.0,2,2,Active,1
GTC-00660,33,Female,Block 8 Campus,Diploma in Accounting,2,2025,Semester 2,2027,Radio Ad,3.6,1,Tertiary,0,1,80.2,39.6,2,2,Active,1
GTC-00661,32,Female,Extension Campus - Mogoditshane,Certificate in Business Admin,1,2023,Semester 2,2024,Facebook Ad,32.2,0,Primary,0,1,64.5,41.2,3,3,Dropped Out,0
GTC-00662,38,Female,Main Campus - Gaborone,Diploma in Health Sciences,2,2024,Semester 1,2026,Referral,10.4,0,Secondary,0,0,77.2,32.0,3,2,Dropped Out,0
GTC-00663,37,Female,Extension Campus - Mogoditshane,Diploma in Accounting,2,2024,Semester 2,2026,School Fair,79.6,0,Primary,1,0,63.7,30.0,3,3,On Leave,0
GTC-00664,40,Male,Main Campus - Gaborone,Certificate in Business Admin,1,2025,Semester 2,2026,Website Form,8.5,1,Primary,1,0,79.9,68.4,0,0,Active,0
GTC-00665,31,Female,Block 8 Campus,Diploma in Health Sciences,2,2024,Semester 1,2026,Facebook Ad,50.6,1,Primary,1,1,70.4,41.0,0,2,Active,1
GTC-00666,36,Female,Extension Campus - Mogoditshane,Certificate in Auto Mechanics,1,2023,Semester 1,2024,Walk-In,66.7,0,None,0,0,61.5,33.4,2,3,Graduated,0
GTC-00667,22,Female,Block 8 Campus,Certificate in Auto Mechanics,1,2024,Semester 2,2025,Facebook Ad,20.8,1,Tertiary,0,0,85.3,77.7,0,0,Graduated,0
GTC-00668,23,Female,Extension Campus - Mogoditshane,Diploma in Engineering,2,2024,Semester 2,2026,Open Day,59.2,1,None,0,0,74.9,34.0,3,3,Active,1
GTC-00669,24,Male,Block 8 Campus,Certificate in Construction,1,2023,Semester 1,2024,School Fair,37.9,1,None,0,1,66.1,63.4,0,1,Dropped Out,0
GTC-00670,38,Female,Extension Campus - Mogoditshane,Certificate in Auto Mechanics,1,2024,Semester 1,2025,Referral,23.7,1,None,0,0,76.9,57.9,0,0,Graduated,0
GTC-00671,42,Male,Main Campus - Gaborone,Certificate in Construction,1,2023,Semester 1,2024,Radio Ad,74.1,1,Tertiary,0,1,68.7,30.0,4,3,Dropped Out,0
GTC-00672,45,Male,Extension Campus - Mogoditshane,Diploma in IT,2,2024,Semester 2,2026,Radio Ad,77.0,1,Secondary,0,0,81.4,30.0,2,2,Active,1
GTC-00673,41,Female,Main Campus - Gaborone,Diploma in Engineering,2,2024,Semester 1,2026,Referral,51.9,1,Tertiary,1,0,81.7,52.2,2,1,Active,1
GTC-00674,40,Male,Extension Campus - Mogoditshane,Certificate in Auto Mechanics,1,2023,Semester 1,2024,Facebook Ad,15.9,1,Secondary,0,0,75.2,56.4,2,1,Graduated,0
GTC-00675,41,Male,Block 8 Campus,Certificate in Hospitality,1,2025,Semester 1,2026,Referral,5.0,0,Primary,1,0,75.9,30.0,3,2,Active,1
GTC-00676,32,Female,Main Campus - Gaborone,Certificate in Auto Mechanics,1,2024,Semester 2,2025,Website Form,65.8,1,Primary,1,0,79.1,33.7,4,2,Dropped Out,0
GTC-00677,43,Female,Main Campus - Gaborone,Certificate in Construction,1,2025,Semester 2,2026,Facebook Ad,43.9,1,Primary,0,1,71.9,51.9,1,1,Active,1
GTC-00678,30,Male,Block 8 Campus,Certificate in Business Admin,1,2025,Semester 2,2026,Walk-In,13.9,1,Secondary,0,1,76.8,53.7,1,0,Dropped Out,0
GTC-00679,43,Female,Extension Campus - Mogoditshane,Diploma in Health Sciences,2,2025,Semester 2,2027,Open Day,71.0,1,Secondary,0,0,76.8,46.5,1,1,Active,1
GTC-00680,21,Female,Block 8 Campus,Diploma in Accounting,2,2025,Semester 2,2027,Walk-In,14.4,1,Secondary,0,0,87.8,84.6,0,0,Active,0
GTC-00681,19,Male,Block 8 Campus,Diploma in Engineering,2,2024,Semester 2,2026,Agent,14.5,1,Primary,1,1,81.0,50.4,0,0,Active,1
GTC-00682,35,Female,Main Campus - Gaborone,Certificate in Auto Mechanics,1,2023,Semester 2,2024,Facebook Ad,40.3,1,Primary,0,0,70.2,54.9,0,1,Graduated,0
GTC-00683,42,Male,Block 8 Campus,Certificate in Construction,1,2024,Semester 2,2025,Agent,45.6,1,None,1,0,78.2,45.9,3,2,Dropped Out,0
GTC-00684,42,Female,Main Campus - Gaborone,Certificate in Hospitality,1,2023,Semester 2,2024,School Fair,4.2,1,None,1,0,84.8,32.7,3,2,Dropped Out,0
GTC-00685,31,Male,Main Campus - Gaborone,Diploma in Health Sciences,2,2025,Semester 1,2027,Open Day,68.6,1,None,0,0,66.2,43.2,2,3,On Leave,0
GTC-00686,38,Female,Block 8 Campus,Diploma in IT,2,2024,Semester 2,2026,Referral,63.2,1,Tertiary,0,0,66.6,37.6,2,3,Dropped Out,0
GTC-00687,31,Female,Extension Campus - Mogoditshane,Certificate in Business Admin,1,2023,Semester 1,2024,Website Form,80.6,0,Secondary,1,0,64.5,37.7,2,3,Dropped Out,0
GTC-00688,33,Female,Block 8 Campus,Diploma in IT,2,2025,Semester 2,2027,Referral,36.5,1,None,0,1,67.7,30.0,4,3,Dropped Out,0
GTC-00689,29,Male,Extension Campus - Mogoditshane,Diploma in Health Sciences,2,2023,Semester 1,2025,Facebook Ad,45.7,1,Primary,0,0,95.2,49.6,0,1,Graduated,0
GTC-00690,44,Female,Main Campus - Gaborone,Certificate in Business Admin,1,2024,Semester 2,2025,Walk-In,12.9,0,None,1,0,76.4,69.8,0,0,Dropped Out,0
GTC-00691,41,Female,Extension Campus - Mogoditshane,Certificate in Business Admin,1,2024,Semester 1,2025,School Fair,48.7,0,Primary,0,1,53.5,30.0,2,3,Dropped Out,0
GTC-00692,23,Female,Extension Campus - Mogoditshane,Diploma in IT,2,2025,Semester 2,2027,Radio Ad,57.8,1,Tertiary,1,0,83.7,38.1,2,2,Active,1
GTC-00693,25,Male,Extension Campus - Mogoditshane,Certificate in Construction,1,2023,Semester 1,2024,Referral,62.0,1,Tertiary,0,0,85.4,47.2,1,1,Dropped Out,0
GTC-00694,29,Female,Main Campus - Gaborone,Certificate in Auto Mechanics,1,2025,Semester 2,2026,School Fair,45.5,1,Tertiary,1,1,74.5,69.4,0,1,Active,1
GTC-00695,34,Female,Block 8 Campus,Diploma in Accounting,2,2024,Semester 2,2026,Open Day,3.0,1,Primary,0,0,81.3,30.0,1,1,Active,1
GTC-00696,30,Male,Block 8 Campus,Certificate in Business Admin,1,2023,Semester 2,2024,School Fair,18.4,1,Secondary,1,1,77.0,51.3,1,0,Graduated,0
GTC-00697,31,Female,Block 8 Campus,Certificate in Construction,1,2025,Semester 1,2026,Website Form,42.9,1,Primary,0,0,79.1,30.0,3,2,Dropped Out,0
GTC-00698,27,Male,Extension Campus - Mogoditshane,Certificate in Construction,1,2024,Semester 1,2025,Facebook Ad,32.9,1,Tertiary,1,0,93.1,42.7,0,1,Graduated,0
GTC-00699,41,Female,Main Campus - Gaborone,Certificate in Construction,1,2025,Semester 1,2026,Radio Ad,48.6,1,None,0,1,61.7,30.0,3,3,Dropped Out,0
GTC-00700,23,Female,Block 8 Campus,Certificate in Hospitality,1,2023,Semester 2,2024,School Fair,27.8,1,None,1,0,94.8,78.8,0,0,Graduated,0
GTC-00701,34,Male,Extension Campus - Mogoditshane,Certificate in Construction,1,2023,Semester 1,2024,Open Day,61.5,1,None,0,0,68.3,30.0,4,3,Dropped Out,0
GTC-00702,40,Male,Extension Campus - Mogoditshane,Diploma in IT,2,2024,Semester 2,2026,Walk-In,25.3,1,None,1,0,82.5,30.0,2,2,Dropped Out,0
GTC-00703,26,Male,Extension Campus - Mogoditshane,Diploma in Engineering,2,2024,Semester 2,2026,Website Form,12.5,1,Tertiary,1,1,83.5,60.2,0,0,Active,0
GTC-00704,27,Female,Block 8 Campus,Certificate in Auto Mechanics,1,2025,Semester 2,2026,Referral,50.7,0,Primary,0,1,47.6,30.0,1,2,Active,1
GTC-00705,27,Female,Extension Campus - Mogoditshane,Certificate in Auto Mechanics,1,2025,Semester 2,2026,Radio Ad,63.3,1,Primary,0,0,77.6,48.8,0,1,Dropped Out,0
GTC-00706,18,Female,Block 8 Campus,Diploma in Health Sciences,2,2024,Semester 1,2026,Website Form,54.9,1,Secondary,0,0,77.8,75.8,0,0,Active,0
GTC-00707,39,Male,Block 8 Campus,Certificate in Hospitality,1,2024,Semester 1,2025,School Fair,13.2,1,None,0,0,79.8,30.0,1,1,Graduated,0
GTC-00708,43,Male,Extension Campus - Mogoditshane,Certificate in Hospitality,1,2024,Semester 1,2025,Agent,53.4,0,None,1,0,57.9,47.3,2,3,Dropped Out,0
GTC-00709,34,Male,Main Campus - Gaborone,Diploma in Accounting,2,2025,Semester 1,2027,School Fair,19.8,0,Primary,1,0,70.3,36.5,4,3,Dropped Out,0
GTC-00710,22,Female,Main Campus - Gaborone,Certificate in Hospitality,1,2023,Semester 1,2024,Open Day,39.7,1,None,1,0,90.3,69.2,0,0,Graduated,0
GTC-00711,24,Female,Block 8 Campus,Diploma in IT,2,2025,Semester 2,2027,Facebook Ad,61.3,1,Primary,0,0,58.4,36.9,3,3,Dropped Out,0
GTC-00712,38,Male,Block 8 Campus,Certificate in Auto Mechanics,1,2025,Semester 2,2026,Referral,22.8,1,Secondary,1,0,95.0,79.3,0,0,Active,0
GTC-00713,34,Female,Block 8 Campus,Diploma in Engineering,2,2023,Semester 1,2025,Agent,57.4,1,Tertiary,1,0,79.1,60.5,1,0,Graduated,0
GTC-00714,27,Female,Extension Campus - Mogoditshane,Certificate in Auto Mechanics,1,2023,Semester 2,2024,School Fair,48.8,1,Primary,1,0,90.6,62.7,0,0,Graduated,0
GTC-00715,33,Female,Extension Campus - Mogoditshane,Diploma in Accounting,2,2023,Semester 2,2025,Open Day,79.5,0,Secondary,1,1,66.6,30.0,3,3,Dropped Out,0
GTC-00716,31,Male,Block 8 Campus,Diploma in IT,2,2024,Semester 2,2026,Radio Ad,82.9,0,None,0,1,43.7,30.0,2,3,Dropped Out,0
GTC-00717,30,Female,Extension Campus - Mogoditshane,Certificate in Hospitality,1,2023,Semester 2,2024,Referral,9.5,1,Secondary,0,0,82.2,42.2,1,1,Graduated,0
GTC-00718,40,Female,Main Campus - Gaborone,Diploma in Accounting,2,2025,Semester 2,2027,Walk-In,9.1,1,Secondary,0,0,89.5,56.5,0,0,Active,0
GTC-00719,44,Male,Main Campus - Gaborone,Diploma in Accounting,2,2025,Semester 1,2027,Facebook Ad,37.5,1,Secondary,0,0,81.4,53.5,0,0,Active,1
GTC-00720,45,Female,Block 8 Campus,Certificate in Hospitality,1,2023,Semester 2,2024,Open Day,19.7,1,Primary,0,0,85.3,52.3,1,0,Graduated,0
GTC-00721,30,Female,Main Campus - Gaborone,Diploma in IT,2,2025,Semester 2,2027,Walk-In,48.3,0,Secondary,0,0,73.8,30.0,1,2,Active,1
GTC-00722,35,Male,Extension Campus - Mogoditshane,Certificate in Business Admin,1,2025,Semester 2,2026,School Fair,64.0,0,Tertiary,0,0,53.7,64.7,1,1,Dropped Out,0
GTC-00723,36,Female,Block 8 Campus,Diploma in Health Sciences,2,2023,Semester 2,2025,Referral,1.0,0,None,1,1,69.0,32.1,1,2,Dropped Out,0
GTC-00724,38,Male,Extension Campus - Mogoditshane,Certificate in Construction,1,2025,Semester 1,2026,School Fair,65.8,1,Primary,1,0,74.5,52.0,1,1,Dropped Out,0
GTC-00725,45,Female,Main Campus - Gaborone,Certificate in Hospitality,1,2023,Semester 2,2024,Radio Ad,36.4,1,Primary,0,1,58.6,68.3,2,2,Dropped Out,0
GTC-00726,45,Male,Block 8 Campus,Diploma in IT,2,2024,Semester 2,2026,Agent,17.3,0,None,1,1,56.8,52.0,2,2,Dropped Out,0
GTC-00727,33,Female,Extension Campus - Mogoditshane,Certificate in Construction,1,2024,Semester 1,2025,School Fair,83.7,0,Secondary,0,0,63.7,30.0,3,3,Dropped Out,0
GTC-00728,21,Female,Block 8 Campus,Diploma in Accounting,2,2023,Semester 2,2025,Referral,19.9,0,Tertiary,0,1,65.2,56.7,0,1,Graduated,0
GTC-00729,23,Male,Main Campus - Gaborone,Diploma in Engineering,2,2023,Semester 2,2025,Walk-In,5.7,0,Secondary,1,0,85.6,79.4,0,0,Graduated,0
GTC-00730,43,Male,Block 8 Campus,Certificate in Business Admin,1,2023,Semester 1,2024,Open Day,17.7,1,Secondary,0,1,81.9,30.0,4,2,Dropped Out,0
GTC-00731,45,Male,Block 8 Campus,Diploma in IT,2,2025,Semester 2,2027,Radio Ad,13.9,1,Primary,1,0,86.7,84.3,0,0,Active,0
GTC-00732,37,Male,Block 8 Campus,Certificate in Auto Mechanics,1,2024,Semester 2,2025,Radio Ad,27.8,1,None,0,0,74.4,51.5,1,1,Graduated,0
GTC-00733,25,Male,Extension Campus - Mogoditshane,Certificate in Business Admin,1,2025,Semester 2,2026,Referral,75.4,1,Primary,1,0,87.5,35.2,2,2,Active,1
GTC-00734,26,Male,Block 8 Campus,Diploma in Health Sciences,2,2024,Semester 1,2026,Walk-In,63.7,0,None,0,0,62.6,49.3,0,2,Dropped Out,0
GTC-00735,18,Female,Block 8 Campus,Certificate in Construction,1,2023,Semester 2,2024,Open Day,84.4,1,Secondary,0,1,79.4,42.5,1,1,Graduated,0
GTC-00736,26,Female,Block 8 Campus,Certificate in Auto Mechanics,1,2025,Semester 1,2026,Website Form,65.0,1,Secondary,1,1,76.4,54.0,0,0,Active,1
GTC-00737,22,Female,Block 8 Campus,Certificate in Auto Mechanics,1,2024,Semester 1,2025,Radio Ad,34.1,0,Primary,1,0,72.7,44.4,0,2,Graduated,0
GTC-00738,36,Male,Extension Campus - Mogoditshane,Certificate in Construction,1,2025,Semester 1,2026,Radio Ad,32.1,1,Primary,0,0,88.4,53.4,0,0,Active,1
GTC-00739,24,Female,Main Campus - Gaborone,Diploma in Health Sciences,2,2024,Semester 2,2026,Agent,76.0,1,Primary,0,1,67.6,47.3,0,2,Active,1
GTC-00740,20,Male,Block 8 Campus,Diploma in Engineering,2,2023,Semester 2,2025,Radio Ad,65.1,0,Primary,1,1,61.3,30.0,3,3,Dropped Out,0
GTC-00741,26,Male,Block 8 Campus,Certificate in Business Admin,1,2025,Semester 1,2026,School Fair,38.0,1,Secondary,1,1,87.2,49.0,0,1,Active,1
GTC-00742,21,Female,Main Campus - Gaborone,Certificate in Business Admin,1,2025,Semester 2,2026,Referral,80.7,1,Secondary,1,0,81.8,30.0,0,1,Active,1
GTC-00743,21,Male,Extension Campus - Mogoditshane,Certificate in Construction,1,2023,Semester 2,2024,Agent,36.1,1,Secondary,0,0,85.0,73.1,1,0,Graduated,0
GTC-00744,29,Male,Main Campus - Gaborone,Certificate in Business Admin,1,2025,Semester 2,2026,School Fair,50.0,1,Tertiary,0,1,71.3,35.9,1,2,Active,1
GTC-00745,39,Female,Main Campus - Gaborone,Certificate in Business Admin,1,2025,Semester 1,2026,Facebook Ad,10.4,0,Secondary,0,0,66.4,30.0,2,3,Active,1
GTC-00746,32,Male,Block 8 Campus,Diploma in Health Sciences,2,2025,Semester 1,2027,School Fair,48.4,1,Secondary,1,0,82.3,72.3,0,0,Active,0
GTC-00747,25,Female,Block 8 Campus,Diploma in IT,2,2024,Semester 2,2026,Referral,65.4,1,Secondary,0,0,78.0,48.5,1,1,Active,1
GTC-00748,43,Male,Block 8 Campus,Diploma in Accounting,2,2023,Semester 1,2025,Agent,26.9,1,Primary,0,1,62.5,36.2,3,3,Dropped Out,0
GTC-00749,23,Male,Block 8 Campus,Diploma in IT,2,2023,Semester 1,2025,Referral,77.3,0,Secondary,0,0,73.6,30.0,3,3,Dropped Out,0
GTC-00750,39,Female,Block 8 Campus,Diploma in Engineering,2,2025,Semester 2,2027,Website Form,34.0,0,None,0,0,58.7,30.0,0,2,Dropped Out,0
GTC-00751,25,Female,Main Campus - Gaborone,Certificate in Hospitality,1,2025,Semester 1,2026,Referral,2.7,1,Primary,1,1,75.2,45.8,1,1,Dropped Out,0
GTC-00752,37,Female,Block 8 Campus,Diploma in Health Sciences,2,2025,Semester 1,2027,Agent,16.2,1,Tertiary,0,0,82.9,73.7,0,0,Active,0
GTC-00753,29,Female,Main Campus - Gaborone,Certificate in Construction,1,2025,Semester 2,2026,Facebook Ad,81.5,1,Primary,0,0,80.4,84.2,0,0,Active,0
GTC-00754,44,Male,Extension Campus - Mogoditshane,Certificate in Construction,1,2025,Semester 1,2026,Open Day,23.2,0,Tertiary,0,0,76.8,30.0,4,2,Active,1
GTC-00755,29,Female,Extension Campus - Mogoditshane,Diploma in Engineering,2,2023,Semester 2,2025,Facebook Ad,81.2,1,Secondary,0,0,75.3,39.7,0,1,Graduated,0
GTC-00756,24,Female,Block 8 Campus,Diploma in Accounting,2,2024,Semester 1,2026,Agent,12.7,1,Secondary,0,0,91.7,75.7,0,0,Active,0
GTC-00757,31,Male,Extension Campus - Mogoditshane,Certificate in Hospitality,1,2023,Semester 1,2024,Radio Ad,3.0,0,None,1,1,65.4,30.0,0,2,Dropped Out,0
GTC-00758,33,Male,Block 8 Campus,Diploma in Engineering,2,2023,Semester 2,2025,Website Form,15.5,1,Secondary,0,1,76.1,45.0,1,1,Dropped Out,0
GTC-00759,42,Male,Extension Campus - Mogoditshane,Diploma in Accounting,2,2023,Semester 1,2025,Walk-In,58.2,1,None,0,0,69.1,66.5,0,1,Graduated,0
GTC-00760,45,Male,Main Campus - Gaborone,Certificate in Hospitality,1,2025,Semester 2,2026,Radio Ad,45.7,0,None,0,0,61.2,30.0,1,2,Active,1
GTC-00761,22,Female,Main Campus - Gaborone,Diploma in IT,2,2025,Semester 1,2027,Referral,79.5,1,Primary,0,1,65.9,42.5,3,3,Dropped Out,0
GTC-00762,32,Female,Block 8 Campus,Certificate in Business Admin,1,2025,Semester 1,2026,Website Form,21.3,1,Tertiary,1,0,98.7,59.3,0,0,Active,0
GTC-00763,44,Male,Extension Campus - Mogoditshane,Certificate in Business Admin,1,2025,Semester 2,2026,Agent,64.5,1,Secondary,1,0,93.4,61.3,1,0,On Leave,0
GTC-00764,21,Female,Extension Campus - Mogoditshane,Certificate in Auto Mechanics,1,2025,Semester 2,2026,Referral,42.5,0,Secondary,0,0,76.7,47.8,1,1,Active,1
GTC-00765,35,Male,Extension Campus - Mogoditshane,Certificate in Construction,1,2025,Semester 1,2026,Walk-In,4.5,1,Primary,1,0,76.2,52.9,1,0,Active,1
GTC-00766,39,Male,Main Campus - Gaborone,Certificate in Business Admin,1,2024,Semester 1,2025,School Fair,60.7,1,Primary,0,0,68.0,30.0,4,3,Dropped Out,0
GTC-00767,27,Male,Main Campus - Gaborone,Certificate in Construction,1,2023,Semester 2,2024,School Fair,31.9,0,None,1,0,73.3,45.6,0,2,Graduated,0
GTC-00768,38,Female,Main Campus - Gaborone,Diploma in Accounting,2,2024,Semester 1,2026,Agent,70.1,1,Primary,0,0,64.9,30.0,3,3,Dropped Out,0
GTC-00769,39,Male,Main Campus - Gaborone,Certificate in Business Admin,1,2023,Semester 1,2024,Open Day,6.1,1,Primary,0,1,56.5,30.0,3,3,Dropped Out,0
GTC-00770,36,Female,Main Campus - Gaborone,Certificate in Business Admin,1,2024,Semester 1,2025,Facebook Ad,47.4,1,Primary,0,1,67.3,32.4,2,3,Dropped Out,0
GTC-00771,40,Male,Main Campus - Gaborone,Diploma in Health Sciences,2,2025,Semester 2,2027,Open Day,62.9,1,None,0,0,67.6,59.0,0,1,Dropped Out,0
GTC-00772,22,Female,Block 8 Campus,Diploma in Engineering,2,2024,Semester 2,2026,School Fair,76.7,1,Tertiary,1,1,78.2,59.1,2,1,Active,1
GTC-00773,20,Male,Extension Campus - Mogoditshane,Diploma in Accounting,2,2025,Semester 1,2027,Radio Ad,46.7,1,None,0,0,80.5,40.8,4,2,Dropped Out,0
GTC-00774,22,Male,Extension Campus - Mogoditshane,Certificate in Hospitality,1,2023,Semester 2,2024,Walk-In,48.0,0,None,0,0,71.4,69.7,0,1,Graduated,0
GTC-00775,36,Female,Block 8 Campus,Diploma in Health Sciences,2,2024,Semester 1,2026,Open Day,52.3,1,Tertiary,0,0,78.9,30.0,3,2,Active,1
GTC-00776,30,Female,Main Campus - Gaborone,Certificate in Construction,1,2025,Semester 1,2026,Agent,68.6,1,Tertiary,1,0,75.1,89.5,1,0,Active,0
GTC-00777,31,Female,Extension Campus - Mogoditshane,Certificate in Auto Mechanics,1,2024,Semester 2,2025,Open Day,31.2,1,Tertiary,1,0,97.9,50.1,0,0,Graduated,0
GTC-00778,43,Female,Block 8 Campus,Diploma in Health Sciences,2,2024,Semester 2,2026,School Fair,33.7,1,Tertiary,1,0,83.1,69.8,0,0,Active,0
GTC-00779,30,Female,Main Campus - Gaborone,Certificate in Auto Mechanics,1,2023,Semester 1,2024,Agent,48.4,1,Primary,0,0,79.3,52.0,2,1,Graduated,0
GTC-00780,42,Female,Block 8 Campus,Diploma in IT,2,2025,Semester 1,2027,Facebook Ad,7.7,1,None,1,1,71.0,51.4,0,1,Active,1
GTC-00781,37,Female,Extension Campus - Mogoditshane,Certificate in Auto Mechanics,1,2024,Semester 2,2025,Radio Ad,25.0,1,Primary,0,1,70.1,30.0,2,3,Graduated,0
GTC-00782,33,Female,Extension Campus - Mogoditshane,Certificate in Hospitality,1,2023,Semester 1,2024,Open Day,8.7,1,Tertiary,0,0,77.4,62.7,0,0,Graduated,0
GTC-00783,36,Male,Block 8 Campus,Diploma in IT,2,2024,Semester 2,2026,Website Form,84.0,0,None,1,0,53.0,30.0,4,3,Active,1
GTC-00784,38,Female,Block 8 Campus,Certificate in Business Admin,1,2024,Semester 2,2025,Walk-In,53.0,1,Primary,1,1,63.8,30.0,2,3,Dropped Out,0
GTC-00785,23,Male,Extension Campus - Mogoditshane,Certificate in Hospitality,1,2025,Semester 2,2026,Referral,38.4,1,None,1,0,81.9,45.6,1,1,Active,1
GTC-00786,18,Male,Block 8 Campus,Diploma in Health Sciences,2,2023,Semester 2,2025,Agent,33.3,1,Secondary,0,1,69.7,56.3,0,1,Dropped Out,0
GTC-00787,29,Female,Extension Campus - Mogoditshane,Certificate in Hospitality,1,2024,Semester 2,2025,Referral,7.5,1,None,0,0,73.9,74.3,0,1,Graduated,0
GTC-00788,25,Male,Main Campus - Gaborone,Certificate in Construction,1,2023,Semester 1,2024,School Fair,66.3,0,None,0,0,71.2,30.0,3,3,Graduated,0
GTC-00789,32,Female,Extension Campus - Mogoditshane,Certificate in Business Admin,1,2025,Semester 1,2026,Walk-In,60.0,1,None,1,0,77.9,55.4,0,0,Active,0
GTC-00790,38,Male,Block 8 Campus,Certificate in Hospitality,1,2025,Semester 2,2026,Radio Ad,40.1,0,None,1,0,77.5,74.2,2,1,Active,1
GTC-00791,21,Male,Main Campus - Gaborone,Diploma in Engineering,2,2024,Semester 1,2026,Radio Ad,33.8,0,Secondary,0,0,82.1,50.2,0,0,Active,1
GTC-00792,39,Female,Block 8 Campus,Diploma in Engineering,2,2023,Semester 1,2025,Facebook Ad,42.2,0,None,0,0,69.1,52.7,0,1,Graduated,0
GTC-00793,20,Female,Extension Campus - Mogoditshane,Certificate in Construction,1,2025,Semester 1,2026,Referral,61.9,1,Secondary,0,0,81.0,30.0,5,2,Dropped Out,0
GTC-00794,36,Male,Main Campus - Gaborone,Certificate in Construction,1,2024,Semester 2,2025,Open Day,27.9,0,Tertiary,0,0,72.8,31.2,1,2,Dropped Out,0
GTC-00795,22,Female,Block 8 Campus,Diploma in Engineering,2,2024,Semester 2,2026,Walk-In,37.2,0,Primary,1,0,76.9,39.1,2,2,Dropped Out,0
GTC-00796,33,Female,Main Campus - Gaborone,Diploma in Accounting,2,2025,Semester 2,2027,School Fair,16.6,1,Tertiary,1,0,100.0,95.0,1,0,Active,0
GTC-00797,33,Female,Main Campus - Gaborone,Certificate in Hospitality,1,2025,Semester 2,2026,School Fair,35.7,1,Secondary,0,1,80.4,30.0,1,1,Active,1
GTC-00798,29,Male,Block 8 Campus,Certificate in Auto Mechanics,1,2023,Semester 1,2024,Open Day,31.8,1,Secondary,0,0,84.9,85.8,0,0,Graduated,0
GTC-00799,28,Female,Extension Campus - Mogoditshane,Certificate in Hospitality,1,2023,Semester 2,2024,School Fair,60.3,1,Primary,0,0,74.7,70.7,1,1,Graduated,0
GTC-00800,20,Female,Block 8 Campus,Diploma in Accounting,2,2023,Semester 2,2025,Agent,66.2,0,Secondary,0,0,63.4,35.4,2,3,Dropped Out,0
GTC-00801,37,Female,Extension Campus - Mogoditshane,Diploma in Engineering,2,2024,Semester 2,2026,Open Day,83.8,1,Primary,0,0,67.2,62.9,1,1,Active,1
GTC-00802,43,Female,Main Campus - Gaborone,Diploma in Health Sciences,2,2024,Semester 1,2026,Referral,22.6,1,None,1,0,85.3,46.5,0,1,Active,1
GTC-00803,23,Female,Block 8 Campus,Certificate in Business Admin,1,2024,Semester 2,2025,Referral,17.2,1,Secondary,1,1,84.3,71.0,0,0,Graduated,0
GTC-00804,28,Female,Extension Campus - Mogoditshane,Diploma in IT,2,2025,Semester 2,2027,Website Form,33.9,1,None,0,1,70.6,30.0,2,3,Active,1
GTC-00805,20,Male,Main Campus - Gaborone,Certificate in Business Admin,1,2025,Semester 1,2026,School Fair,8.3,1,Secondary,1,0,89.2,59.4,0,0,Active,0
GTC-00806,22,Male,Main Campus - Gaborone,Certificate in Auto Mechanics,1,2023,Semester 1,2024,Referral,19.7,1,None,1,0,89.5,63.6,1,0,Graduated,0
GTC-00807,45,Male,Extension Campus - Mogoditshane,Certificate in Construction,1,2024,Semester 2,2025,Agent,2.1,0,Tertiary,1,0,79.0,43.4,2,2,Dropped Out,0
GTC-00808,33,Male,Block 8 Campus,Certificate in Business Admin,1,2025,Semester 2,2026,Radio Ad,34.1,1,None,0,0,83.3,39.9,1,1,Dropped Out,0
GTC-00809,37,Female,Block 8 Campus,Certificate in Hospitality,1,2024,Semester 2,2025,Agent,10.6,1,None,1,0,75.4,40.1,2,2,Dropped Out,0
GTC-00810,21,Male,Main Campus - Gaborone,Diploma in Accounting,2,2025,Semester 1,2027,Referral,31.0,1,Primary,0,0,88.0,52.9,1,0,Active,1
GTC-00811,33,Female,Extension Campus - Mogoditshane,Certificate in Construction,1,2024,Semester 2,2025,Radio Ad,78.3,1,Secondary,0,0,75.2,49.8,1,1,Dropped Out,0
GTC-00812,19,Male,Block 8 Campus,Diploma in IT,2,2024,Semester 2,2026,Agent,62.1,0,None,1,1,62.9,30.0,2,3,Dropped Out,0
GTC-00813,18,Female,Main Campus - Gaborone,Certificate in Business Admin,1,2024,Semester 1,2025,Referral,39.1,0,Primary,1,0,73.4,82.3,0,1,Graduated,0
GTC-00814,21,Male,Extension Campus - Mogoditshane,Certificate in Hospitality,1,2024,Semester 2,2025,Referral,2.4,1,None,0,1,75.0,69.9,0,0,Graduated,0
GTC-00815,31,Male,Main Campus - Gaborone,Diploma in IT,2,2025,Semester 1,2027,Referral,60.5,0,Primary,0,1,57.0,30.0,3,3,Dropped Out,0
GTC-00816,38,Male,Extension Campus - Mogoditshane,Diploma in Health Sciences,2,2025,Semester 2,2027,School Fair,61.0,0,Secondary,1,0,71.5,30.0,4,3,Dropped Out,0
GTC-00817,35,Male,Block 8 Campus,Certificate in Construction,1,2024,Semester 1,2025,Agent,31.9,0,Secondary,1,0,73.2,45.5,3,3,Dropped Out,0
GTC-00818,26,Male,Block 8 Campus,Certificate in Construction,1,2025,Semester 2,2026,Open Day,64.2,0,Primary,0,1,45.0,49.7,2,3,Active,1
GTC-00819,45,Male,Main Campus - Gaborone,Diploma in Health Sciences,2,2023,Semester 2,2025,Facebook Ad,84.2,1,None,0,1,55.3,30.0,0,2,Dropped Out,0
GTC-00820,33,Male,Block 8 Campus,Certificate in Construction,1,2025,Semester 2,2026,Agent,19.0,1,Tertiary,0,0,91.1,68.6,1,0,Active,0
GTC-00821,43,Male,Block 8 Campus,Diploma in Engineering,2,2023,Semester 2,2025,School Fair,64.4,1,Primary,0,1,58.0,30.0,2,3,Dropped Out,0
GTC-00822,42,Male,Main Campus - Gaborone,Diploma in Accounting,2,2024,Semester 1,2026,Agent,80.3,1,None,0,1,61.2,30.0,3,3,Dropped Out,0
GTC-00823,37,Male,Extension Campus - Mogoditshane,Certificate in Auto Mechanics,1,2023,Semester 2,2024,Website Form,30.2,1,Tertiary,0,0,83.4,44.6,0,1,Graduated,0
GTC-00824,39,Female,Main Campus - Gaborone,Diploma in Health Sciences,2,2023,Semester 2,2025,Facebook Ad,40.6,1,None,1,0,81.4,43.8,2,2,Graduated,0
GTC-00825,33,Male,Block 8 Campus,Diploma in Accounting,2,2025,Semester 2,2027,School Fair,52.4,1,Primary,0,0,70.0,57.1,1,1,Active,1
GTC-00826,43,Male,Block 8 Campus,Certificate in Business Admin,1,2025,Semester 2,2026,Radio Ad,76.7,1,Primary,1,0,78.4,30.0,2,2,Active,1
GTC-00827,30,Male,Block 8 Campus,Diploma in IT,2,2024,Semester 1,2026,School Fair,29.2,1,Tertiary,1,0,84.5,60.3,1,0,Active,0
GTC-00828,36,Male,Block 8 Campus,Certificate in Auto Mechanics,1,2024,Semester 2,2025,Walk-In,60.4,0,Secondary,0,1,54.7,30.0,2,3,Dropped Out,0
GTC-00829,26,Female,Block 8 Campus,Diploma in Health Sciences,2,2025,Semester 1,2027,Radio Ad,10.7,1,Primary,0,0,81.9,67.0,0,0,Active,0
GTC-00830,31,Male,Extension Campus - Mogoditshane,Diploma in IT,2,2023,Semester 1,2025,Radio Ad,25.9,0,Tertiary,1,1,65.6,30.0,1,2,Dropped Out,0
GTC-00831,43,Male,Block 8 Campus,Certificate in Hospitality,1,2024,Semester 1,2025,School Fair,56.6,1,Primary,1,0,70.4,30.1,2,3,Dropped Out,0
GTC-00832,34,Male,Main Campus - Gaborone,Certificate in Auto Mechanics,1,2025,Semester 1,2026,Radio Ad,21.4,0,Secondary,0,0,76.6,30.0,2,2,Active,1
GTC-00833,41,Female,Block 8 Campus,Certificate in Auto Mechanics,1,2025,Semester 1,2026,Radio Ad,41.0,0,Tertiary,0,0,77.6,49.0,3,2,Dropped Out,0
GTC-00834,18,Female,Main Campus - Gaborone,Certificate in Business Admin,1,2025,Semester 1,2026,Walk-In,31.7,1,Tertiary,0,0,97.0,36.1,0,1,Active,1
GTC-00835,33,Female,Extension Campus - Mogoditshane,Diploma in Engineering,2,2024,Semester 2,2026,Facebook Ad,58.9,0,None,1,1,57.1,30.0,2,3,Active,1
GTC-00836,36,Male,Block 8 Campus,Diploma in Accounting,2,2023,Semester 2,2025,Agent,24.0,1,Primary,0,0,83.6,61.5,2,1,Graduated,0
GTC-00837,35,Female,Main Campus - Gaborone,Certificate in Auto Mechanics,1,2025,Semester 1,2026,Facebook Ad,61.7,0,Primary,1,0,60.2,30.0,1,2,Dropped Out,0
GTC-00838,33,Female,Extension Campus - Mogoditshane,Certificate in Auto Mechanics,1,2025,Semester 2,2026,Radio Ad,22.0,1,None,0,0,77.0,54.0,3,1,Active,1
GTC-00839,35,Female,Extension Campus - Mogoditshane,Diploma in Health Sciences,2,2023,Semester 2,2025,Walk-In,83.4,1,Tertiary,0,0,77.6,42.5,2,2,Graduated,0
GTC-00840,19,Male,Main Campus - Gaborone,Diploma in Accounting,2,2023,Semester 2,2025,Radio Ad,66.7,0,Tertiary,1,0,74.7,35.1,3,3,Dropped Out,0
GTC-00841,31,Male,Main Campus - Gaborone,Certificate in Hospitality,1,2025,Semester 2,2026,Website Form,71.5,1,Secondary,0,1,65.0,43.0,1,2,Dropped Out,0
GTC-00842,36,Female,Block 8 Campus,Certificate in Business Admin,1,2023,Semester 1,2024,Agent,19.2,1,Primary,0,0,77.4,41.7,0,1,Graduated,0
GTC-00843,45,Female,Block 8 Campus,Certificate in Hospitality,1,2023,Semester 1,2024,Facebook Ad,35.0,1,Primary,0,0,73.8,30.0,2,3,Graduated,0
GTC-00844,33,Female,Extension Campus - Mogoditshane,Certificate in Construction,1,2024,Semester 1,2025,Open Day,43.4,1,Tertiary,0,0,77.5,44.7,0,1,Graduated,0
GTC-00845,24,Male,Block 8 Campus,Certificate in Construction,1,2024,Semester 2,2025,School Fair,60.9,0,Tertiary,0,0,70.8,70.5,1,1,Graduated,0
GTC-00846,43,Male,Block 8 Campus,Certificate in Construction,1,2024,Semester 2,2025,Walk-In,42.0,0,Tertiary,1,1,72.7,46.1,1,2,Dropped Out,0
GTC-00847,45,Male,Main Campus - Gaborone,Diploma in Health Sciences,2,2024,Semester 1,2026,School Fair,8.1,0,None,0,0,71.1,31.2,3,3,Dropped Out,0
GTC-00848,31,Female,Main Campus - Gaborone,Certificate in Hospitality,1,2024,Semester 2,2025,Radio Ad,44.5,1,None,0,0,67.1,56.9,0,1,Dropped Out,0
GTC-00849,33,Female,Main Campus - Gaborone,Certificate in Hospitality,1,2023,Semester 1,2024,Facebook Ad,6.2,1,Primary,0,0,75.4,35.8,3,2,Dropped Out,0
GTC-00850,43,Male,Block 8 Campus,Diploma in Engineering,2,2024,Semester 1,2026,Walk-In,33.8,1,Tertiary,1,1,72.8,59.7,0,1,Active,1
GTC-00851,21,Male,Main Campus - Gaborone,Diploma in IT,2,2023,Semester 2,2025,Radio Ad,0.5,1,Tertiary,0,0,87.7,30.0,2,2,Graduated,0
GTC-00852,29,Female,Block 8 Campus,Diploma in Health Sciences,2,2023,Semester 2,2025,Radio Ad,68.5,1,Secondary,0,1,68.2,47.9,1,2,Dropped Out,0
GTC-00853,42,Male,Main Campus - Gaborone,Diploma in Health Sciences,2,2025,Semester 1,2027,Open Day,73.6,0,Primary,0,1,47.9,30.0,3,3,Dropped Out,0
GTC-00854,32,Female,Block 8 Campus,Certificate in Hospitality,1,2024,Semester 1,2025,Agent,81.6,1,Primary,0,0,70.6,30.0,2,3,Graduated,0
GTC-00855,31,Male,Extension Campus - Mogoditshane,Diploma in Accounting,2,2024,Semester 2,2026,Walk-In,79.4,0,Tertiary,1,1,65.5,30.0,2,3,Active,1
GTC-00856,19,Male,Extension Campus - Mogoditshane,Certificate in Hospitality,1,2025,Semester 2,2026,Walk-In,38.4,1,Tertiary,1,1,91.6,30.0,1,1,Active,1
GTC-00857,34,Male,Extension Campus - Mogoditshane,Certificate in Business Admin,1,2023,Semester 2,2024,Website Form,56.3,1,Secondary,1,0,88.5,61.4,1,0,Dropped Out,0
GTC-00858,18,Male,Main Campus - Gaborone,Diploma in Health Sciences,2,2025,Semester 1,2027,Agent,68.1,0,Tertiary,0,1,58.9,35.5,3,3,Dropped Out,0
GTC-00859,33,Male,Main Campus - Gaborone,Certificate in Auto Mechanics,1,2023,Semester 2,2024,Facebook Ad,7.3,1,Secondary,0,0,73.9,73.2,1,1,Graduated,0
GTC-00860,44,Female,Extension Campus - Mogoditshane,Certificate in Construction,1,2025,Semester 1,2026,Referral,68.6,0,Primary,1,1,53.5,30.0,2,3,Active,1
GTC-00861,36,Female,Block 8 Campus,Certificate in Business Admin,1,2023,Semester 1,2024,School Fair,74.9,1,Primary,0,0,68.8,30.0,3,3,Dropped Out,0
GTC-00862,25,Male,Extension Campus - Mogoditshane,Certificate in Auto Mechanics,1,2025,Semester 1,2026,Website Form,78.8,1,Tertiary,0,1,71.2,37.5,1,2,Dropped Out,0
GTC-00863,33,Female,Extension Campus - Mogoditshane,Certificate in Hospitality,1,2024,Semester 2,2025,School Fair,24.7,1,Primary,1,0,77.6,30.3,2,2,Graduated,0
GTC-00864,22,Female,Block 8 Campus,Certificate in Business Admin,1,2025,Semester 1,2026,Walk-In,0.7,1,Primary,1,0,77.9,39.0,0,1,Dropped Out,0
GTC-00865,23,Female,Block 8 Campus,Certificate in Business Admin,1,2023,Semester 1,2024,Walk-In,52.4,0,Primary,0,0,56.8,30.0,3,3,Dropped Out,0
GTC-00866,20,Female,Main Campus - Gaborone,Certificate in Business Admin,1,2024,Semester 2,2025,Radio Ad,54.9,1,None,0,1,68.9,30.0,3,3,Dropped Out,0
GTC-00867,32,Female,Extension Campus - Mogoditshane,Diploma in Accounting,2,2024,Semester 2,2026,Agent,68.7,1,Secondary,0,1,67.9,30.0,2,3,Active,1
GTC-00868,32,Male,Main Campus - Gaborone,Certificate in Business Admin,1,2024,Semester 2,2025,Website Form,49.4,0,Tertiary,1,0,71.5,32.7,1,2,Graduated,0
GTC-00869,33,Male,Block 8 Campus,Diploma in Engineering,2,2024,Semester 1,2026,Website Form,6.1,1,Secondary,1,0,93.0,30.5,0,1,Active,1
GTC-00870,41,Female,Extension Campus - Mogoditshane,Certificate in Construction,1,2025,Semester 1,2026,Walk-In,73.9,1,Secondary,1,0,81.8,65.6,0,0,Active,0
GTC-00871,24,Male,Block 8 Campus,Diploma in IT,2,2023,Semester 2,2025,Website Form,68.1,1,None,1,0,79.4,66.9,1,0,Graduated,0
GTC-00872,41,Female,Extension Campus - Mogoditshane,Diploma in Health Sciences,2,2025,Semester 1,2027,Agent,65.5,0,None,0,0,55.2,30.0,2,3,Dropped Out,0
GTC-00873,31,Male,Block 8 Campus,Diploma in Health Sciences,2,2024,Semester 1,2026,Website Form,71.0,1,Secondary,1,0,82.9,68.7,0,0,Active,0
GTC-00874,19,Male,Block 8 Campus,Certificate in Hospitality,1,2024,Semester 1,2025,Agent,4.5,1,Secondary,0,0,88.7,73.8,0,0,Graduated,0
GTC-00875,43,Female,Extension Campus - Mogoditshane,Diploma in IT,2,2024,Semester 1,2026,Referral,66.4,0,Tertiary,0,1,53.1,30.0,2,3,Active,1
GTC-00876,18,Male,Main Campus - Gaborone,Diploma in Accounting,2,2023,Semester 2,2025,Referral,35.6,0,Primary,0,0,65.9,47.8,1,2,Dropped Out,0
GTC-00877,20,Male,Main Campus - Gaborone,Diploma in IT,2,2023,Semester 1,2025,Referral,82.1,1,Tertiary,1,0,81.7,58.0,0,0,Graduated,0
GTC-00878,43,Male,Block 8 Campus,Certificate in Business Admin,1,2024,Semester 1,2025,Agent,68.7,1,Secondary,0,0,66.9,30.0,0,2,Dropped Out,0
GTC-00879,28,Male,Extension Campus - Mogoditshane,Certificate in Hospitality,1,2024,Semester 2,2025,Walk-In,29.2,1,Tertiary,1,0,91.8,77.8,1,0,Graduated,0
GTC-00880,41,Male,Extension Campus - Mogoditshane,Certificate in Hospitality,1,2025,Semester 2,2026,Open Day,33.2,1,Primary,0,1,73.0,53.4,1,1,Active,1
GTC-00881,41,Male,Block 8 Campus,Certificate in Auto Mechanics,1,2023,Semester 1,2024,Facebook Ad,50.7,1,None,0,0,66.9,30.0,2,3,Graduated,0
GTC-00882,43,Female,Main Campus - Gaborone,Diploma in Accounting,2,2025,Semester 2,2027,Referral,3.8,1,Secondary,0,0,75.3,49.4,1,1,Active,1
GTC-00883,34,Female,Main Campus - Gaborone,Certificate in Auto Mechanics,1,2024,Semester 2,2025,Agent,2.4,0,Secondary,1,1,72.6,44.0,1,2,Dropped Out,0
GTC-00884,26,Female,Block 8 Campus,Certificate in Business Admin,1,2023,Semester 1,2024,Facebook Ad,20.1,1,None,0,0,78.4,30.0,4,2,Dropped Out,0
GTC-00885,30,Male,Block 8 Campus,Diploma in Health Sciences,2,2023,Semester 2,2025,Referral,63.1,1,None,0,0,77.5,48.9,1,1,Graduated,0
GTC-00886,26,Male,Extension Campus - Mogoditshane,Certificate in Hospitality,1,2023,Semester 2,2024,Radio Ad,16.1,0,None,0,1,67.7,39.5,4,3,Dropped Out,0
GTC-00887,34,Male,Block 8 Campus,Diploma in IT,2,2025,Semester 2,2027,School Fair,42.1,1,Tertiary,1,0,95.7,68.2,1,0,Active,0
GTC-00888,27,Female,Main Campus - Gaborone,Certificate in Business Admin,1,2025,Semester 2,2026,Referral,55.3,1,None,1,1,72.6,41.5,3,3,Dropped Out,0
GTC-00889,39,Male,Main Campus - Gaborone,Diploma in IT,2,2023,Semester 1,2025,Walk-In,62.3,1,Primary,0,1,59.2,30.0,3,3,Dropped Out,0
GTC-00890,31,Male,Block 8 Campus,Certificate in Hospitality,1,2024,Semester 1,2025,Radio Ad,61.7,0,Secondary,1,0,63.6,30.0,2,3,Dropped Out,0
GTC-00891,24,Female,Block 8 Campus,Certificate in Hospitality,1,2025,Semester 1,2026,Open Day,41.8,1,None,1,0,95.3,85.0,0,0,Active,0
GTC-00892,21,Female,Main Campus - Gaborone,Diploma in Accounting,2,2024,Semester 1,2026,Agent,65.5,1,None,0,1,59.7,30.0,1,2,Dropped Out,0
GTC-00893,30,Female,Main Campus - Gaborone,Certificate in Auto Mechanics,1,2023,Semester 2,2024,Radio Ad,1.9,1,Tertiary,1,0,92.7,53.6,1,0,Graduated,0
GTC-00894,26,Male,Block 8 Campus,Diploma in Accounting,2,2025,Semester 2,2027,Walk-In,5.8,0,None,1,1,58.2,31.5,1,2,Active,1
GTC-00895,34,Male,Extension Campus - Mogoditshane,Certificate in Auto Mechanics,1,2025,Semester 1,2026,Radio Ad,81.5,1,Tertiary,0,1,68.2,30.0,4,3,Dropped Out,0
GTC-00896,43,Female,Extension Campus - Mogoditshane,Certificate in Hospitality,1,2025,Semester 2,2026,Website Form,8.6,1,Primary,0,1,63.3,39.7,0,2,Active,1
GTC-00897,35,Male,Extension Campus - Mogoditshane,Certificate in Business Admin,1,2023,Semester 1,2024,School Fair,35.2,1,Tertiary,1,0,93.3,94.2,0,0,Graduated,0
GTC-00898,41,Male,Main Campus - Gaborone,Certificate in Construction,1,2023,Semester 1,2024,Referral,1.5,1,None,0,0,70.3,82.6,1,1,Graduated,0
GTC-00899,20,Female,Extension Campus - Mogoditshane,Certificate in Hospitality,1,2023,Semester 2,2024,Referral,46.2,1,None,0,0,81.6,82.1,0,0,Graduated,0
GTC-00900,25,Female,Main Campus - Gaborone,Diploma in Health Sciences,2,2025,Semester 2,2027,Website Form,64.2,1,Primary,1,1,69.3,32.8,3,3,Dropped Out,0
GTC-00901,41,Male,Extension Campus - Mogoditshane,Diploma in Engineering,2,2023,Semester 1,2025,School Fair,11.7,1,Tertiary,1,1,87.4,80.6,1,0,Graduated,0
GTC-00902,27,Female,Main Campus - Gaborone,Certificate in Business Admin,1,2023,Semester 2,2024,Agent,1.1,1,Primary,0,0,87.4,75.9,0,0,Graduated,0
GTC-00903,25,Male,Block 8 Campus,Certificate in Construction,1,2024,Semester 1,2025,School Fair,81.1,1,Tertiary,1,1,84.9,54.6,0,0,Graduated,0
GTC-00904,30,Female,Main Campus - Gaborone,Certificate in Business Admin,1,2025,Semester 1,2026,Walk-In,19.9,0,None,0,0,63.6,30.0,2,3,Dropped Out,0
GTC-00905,25,Male,Main Campus - Gaborone,Diploma in IT,2,2025,Semester 1,2027,School Fair,46.0,1,None,1,1,80.4,40.3,3,2,Dropped Out,0
GTC-00906,43,Male,Extension Campus - Mogoditshane,Certificate in Business Admin,1,2025,Semester 1,2026,Open Day,6.5,0,None,0,1,58.5,30.0,2,3,Active,1
GTC-00907,42,Male,Extension Campus - Mogoditshane,Diploma in IT,2,2023,Semester 2,2025,Radio Ad,64.5,0,None,1,1,52.3,30.0,1,2,Dropped Out,0
GTC-00908,43,Male,Extension Campus - Mogoditshane,Diploma in Engineering,2,2024,Semester 2,2026,Agent,57.3,0,Secondary,0,1,58.7,30.6,1,2,Dropped Out,0
GTC-00909,33,Male,Main Campus - Gaborone,Diploma in Engineering,2,2024,Semester 1,2026,Website Form,32.6,1,Tertiary,0,1,76.2,69.4,0,0,Active,0
GTC-00910,41,Female,Extension Campus - Mogoditshane,Diploma in Engineering,2,2024,Semester 2,2026,Facebook Ad,20.4,1,Secondary,0,0,85.2,51.0,1,0,Active,1
GTC-00911,35,Male,Extension Campus - Mogoditshane,Certificate in Auto Mechanics,1,2023,Semester 2,2024,School Fair,20.8,1,Tertiary,0,0,84.7,64.4,0,0,Graduated,0
GTC-00912,23,Male,Main Campus - Gaborone,Diploma in IT,2,2024,Semester 1,2026,Facebook Ad,73.6,1,None,0,0,70.1,37.1,0,2,Active,1
GTC-00913,33,Female,Main Campus - Gaborone,Certificate in Hospitality,1,2024,Semester 1,2025,Facebook Ad,34.3,1,None,1,0,75.8,30.0,2,2,Graduated,0
GTC-00914,27,Female,Block 8 Campus,Diploma in Engineering,2,2023,Semester 1,2025,Agent,64.4,1,Tertiary,1,1,75.0,56.5,0,0,Graduated,0
GTC-00915,38,Female,Main Campus - Gaborone,Certificate in Construction,1,2024,Semester 2,2025,Walk-In,16.3,0,Secondary,1,0,90.2,43.2,1,1,Dropped Out,0
GTC-00916,30,Female,Block 8 Campus,Diploma in Accounting,2,2024,Semester 1,2026,School Fair,62.3,1,Primary,0,1,61.3,30.0,1,2,Active,1
GTC-00917,27,Male,Block 8 Campus,Certificate in Hospitality,1,2023,Semester 1,2024,School Fair,82.4,0,Primary,0,1,59.2,30.0,3,3,Dropped Out,0
GTC-00918,21,Male,Main Campus - Gaborone,Certificate in Auto Mechanics,1,2025,Semester 2,2026,Facebook Ad,46.5,1,Primary,1,1,72.7,45.1,2,3,Active,1
GTC-00919,31,Male,Extension Campus - Mogoditshane,Certificate in Business Admin,1,2023,Semester 2,2024,Website Form,84.3,1,Tertiary,0,0,75.9,47.1,1,1,Dropped Out,0
GTC-00920,43,Male,Extension Campus - Mogoditshane,Certificate in Business Admin,1,2024,Semester 2,2025,Facebook Ad,47.0,0,None,1,0,72.4,30.0,3,3,Graduated,0
GTC-00921,21,Female,Main Campus - Gaborone,Certificate in Hospitality,1,2024,Semester 2,2025,Website Form,11.8,1,Secondary,0,0,83.8,71.8,0,0,Graduated,0
GTC-00922,25,Female,Extension Campus - Mogoditshane,Certificate in Auto Mechanics,1,2024,Semester 1,2025,Radio Ad,64.4,1,Primary,0,1,70.6,38.2,2,3,Dropped Out,0
GTC-00923,28,Female,Main Campus - Gaborone,Certificate in Business Admin,1,2024,Semester 1,2025,Referral,11.5,1,None,0,0,77.5,45.4,1,1,Graduated,0
GTC-00924,43,Male,Extension Campus - Mogoditshane,Certificate in Business Admin,1,2023,Semester 1,2024,Agent,66.4,1,None,0,0,72.5,60.1,1,1,Graduated,0
GTC-00925,44,Male,Block 8 Campus,Diploma in Engineering,2,2025,Semester 2,2027,Facebook Ad,27.6,0,None,0,0,69.6,38.5,2,3,Active,1
GTC-00926,21,Female,Extension Campus - Mogoditshane,Certificate in Auto Mechanics,1,2024,Semester 1,2025,School Fair,83.6,0,Secondary,0,1,69.6,36.2,2,3,Dropped Out,0
GTC-00927,24,Female,Block 8 Campus,Certificate in Hospitality,1,2024,Semester 1,2025,Agent,4.4,1,Secondary,0,1,81.9,60.8,0,0,Graduated,0
GTC-00928,34,Female,Extension Campus - Mogoditshane,Certificate in Business Admin,1,2024,Semester 2,2025,Radio Ad,79.5,0,Tertiary,0,0,71.2,40.2,0,2,Dropped Out,0
GTC-00929,42,Female,Extension Campus - Mogoditshane,Diploma in Accounting,2,2025,Semester 2,2027,Facebook Ad,75.6,1,Secondary,0,0,74.8,30.1,2,3,Active,1
GTC-00930,36,Male,Main Campus - Gaborone,Certificate in Hospitality,1,2023,Semester 1,2024,School Fair,25.4,1,Tertiary,1,0,88.0,69.8,0,0,Graduated,0
GTC-00931,30,Male,Block 8 Campus,Diploma in Health Sciences,2,2023,Semester 2,2025,Radio Ad,63.8,1,Primary,0,1,58.0,30.0,3,3,Dropped Out,0
GTC-00932,22,Male,Block 8 Campus,Diploma in IT,2,2024,Semester 2,2026,Facebook Ad,83.4,0,Tertiary,1,0,72.7,40.7,1,2,Active,1
GTC-00933,26,Male,Extension Campus - Mogoditshane,Diploma in Health Sciences,2,2025,Semester 2,2027,Website Form,34.9,1,Primary,1,0,91.3,40.7,1,1,Dropped Out,0
GTC-00934,34,Female,Extension Campus - Mogoditshane,Certificate in Construction,1,2023,Semester 2,2024,School Fair,66.2,1,Primary,1,0,80.5,36.9,1,1,Dropped Out,0
GTC-00935,23,Female,Main Campus - Gaborone,Diploma in IT,2,2023,Semester 2,2025,Agent,77.2,1,None,1,0,82.2,47.8,1,1,Graduated,0
GTC-00936,44,Male,Main Campus - Gaborone,Certificate in Business Admin,1,2024,Semester 1,2025,Referral,7.3,1,None,0,1,69.5,30.0,1,2,Graduated,0
GTC-00937,32,Female,Extension Campus - Mogoditshane,Diploma in Engineering,2,2023,Semester 2,2025,School Fair,54.4,1,Tertiary,1,0,83.1,64.8,0,0,Graduated,0
GTC-00938,42,Female,Extension Campus - Mogoditshane,Diploma in Engineering,2,2025,Semester 1,2027,Website Form,2.1,0,Tertiary,0,0,66.7,77.0,0,1,Active,1
GTC-00939,42,Female,Main Campus - Gaborone,Diploma in Health Sciences,2,2025,Semester 2,2027,Facebook Ad,82.5,1,Tertiary,1,0,80.8,63.7,0,0,Active,0
GTC-00940,21,Female,Extension Campus - Mogoditshane,Certificate in Business Admin,1,2024,Semester 1,2025,School Fair,72.3,0,Primary,0,1,56.2,30.0,3,3,Dropped Out,0
GTC-00941,39,Female,Main Campus - Gaborone,Certificate in Auto Mechanics,1,2024,Semester 2,2025,Agent,10.7,1,None,0,0,83.3,40.5,1,1,Graduated,0
GTC-00942,19,Male,Block 8 Campus,Diploma in Accounting,2,2025,Semester 1,2027,Facebook Ad,36.9,1,None,1,1,80.3,44.4,1,1,Dropped Out,0
GTC-00943,32,Female,Extension Campus - Mogoditshane,Diploma in Engineering,2,2023,Semester 1,2025,Walk-In,71.0,1,Tertiary,0,0,73.9,50.2,2,2,Graduated,0
GTC-00944,23,Female,Extension Campus - Mogoditshane,Certificate in Auto Mechanics,1,2025,Semester 2,2026,School Fair,64.5,0,Primary,0,0,55.2,48.2,3,3,Dropped Out,0
GTC-00945,18,Female,Main Campus - Gaborone,Certificate in Auto Mechanics,1,2025,Semester 1,2026,Open Day,66.9,1,Tertiary,1,0,90.9,88.6,0,0,Active,0
GTC-00946,34,Male,Main Campus - Gaborone,Certificate in Construction,1,2023,Semester 2,2024,Radio Ad,7.6,0,Primary,1,1,59.1,30.0,4,3,Dropped Out,0
GTC-00947,42,Female,Extension Campus - Mogoditshane,Certificate in Auto Mechanics,1,2023,Semester 2,2024,Agent,48.6,0,Primary,1,0,75.5,30.0,3,2,Dropped Out,0
GTC-00948,36,Female,Main Campus - Gaborone,Diploma in Health Sciences,2,2025,Semester 2,2027,Walk-In,81.0,1,None,0,0,66.7,57.6,3,2,Dropped Out,0
GTC-00949,41,Female,Extension Campus - Mogoditshane,Diploma in Accounting,2,2025,Semester 1,2027,Referral,75.1,1,None,0,1,60.9,30.0,3,3,Active,1
GTC-00950,32,Male,Block 8 Campus,Diploma in Engineering,2,2023,Semester 2,2025,Open Day,33.5,1,Primary,1,0,91.6,56.4,0,0,Graduated,0
GTC-00951,32,Female,Extension Campus - Mogoditshane,Certificate in Auto Mechanics,1,2024,Semester 1,2025,Agent,43.2,0,Primary,0,1,54.7,30.0,2,3,Dropped Out,0
GTC-00952,28,Male,Block 8 Campus,Diploma in Engineering,2,2025,Semester 1,2027,Website Form,4.9,1,None,0,0,77.0,50.3,0,0,Active,1
GTC-00953,39,Male,Main Campus - Gaborone,Diploma in Accounting,2,2025,Semester 1,2027,Website Form,72.5,1,Primary,0,0,67.2,30.0,4,3,Dropped Out,0
GTC-00954,38,Male,Extension Campus - Mogoditshane,Diploma in Engineering,2,2025,Semester 2,2027,Agent,70.7,1,Primary,0,0,68.0,30.0,3,3,Active,1
GTC-00955,23,Female,Extension Campus - Mogoditshane,Certificate in Auto Mechanics,1,2023,Semester 2,2024,Agent,14.7,1,Tertiary,0,1,74.7,32.7,1,2,Dropped Out,0
GTC-00956,45,Male,Extension Campus - Mogoditshane,Diploma in Health Sciences,2,2024,Semester 2,2026,Walk-In,80.9,1,Secondary,0,0,75.7,37.8,3,2,Active,1
GTC-00957,25,Male,Main Campus - Gaborone,Diploma in Accounting,2,2025,Semester 1,2027,Facebook Ad,78.8,1,Tertiary,0,1,80.0,47.0,2,2,Active,1
GTC-00958,29,Male,Block 8 Campus,Diploma in Accounting,2,2023,Semester 2,2025,Referral,38.8,1,Secondary,1,1,91.2,71.0,1,0,Graduated,0
GTC-00959,34,Male,Main Campus - Gaborone,Diploma in Health Sciences,2,2024,Semester 2,2026,Walk-In,1.9,1,Primary,0,0,84.8,77.9,0,0,Active,0
GTC-00960,37,Male,Extension Campus - Mogoditshane,Certificate in Auto Mechanics,1,2025,Semester 1,2026,Radio Ad,64.5,1,Secondary,1,0,80.3,30.0,3,2,Dropped Out,0
GTC-00961,28,Female,Block 8 Campus,Diploma in IT,2,2024,Semester 2,2026,Open Day,46.0,1,Primary,1,0,87.1,30.0,2,2,Active,1
GTC-00962,31,Female,Block 8 Campus,Diploma in Accounting,2,2023,Semester 1,2025,Referral,81.5,0,None,0,0,59.4,30.0,0,2,Dropped Out,0
GTC-00963,43,Female,Block 8 Campus,Certificate in Hospitality,1,2025,Semester 1,2026,Facebook Ad,81.5,1,None,0,0,69.2,35.0,2,3,Dropped Out,0
GTC-00964,38,Female,Extension Campus - Mogoditshane,Diploma in Engineering,2,2025,Semester 1,2027,Referral,26.1,0,Tertiary,1,0,75.3,56.3,0,0,Active,0
GTC-00965,38,Female,Extension Campus - Mogoditshane,Diploma in Accounting,2,2025,Semester 2,2027,Radio Ad,63.6,1,Primary,0,1,58.4,30.0,4,3,Active,1
GTC-00966,21,Male,Main Campus - Gaborone,Certificate in Business Admin,1,2023,Semester 1,2024,Radio Ad,74.7,1,Secondary,0,1,60.6,30.0,2,3,Dropped Out,0
GTC-00967,24,Female,Block 8 Campus,Diploma in IT,2,2025,Semester 1,2027,Open Day,34.6,0,Tertiary,1,1,77.5,30.7,5,2,Active,1
GTC-00968,22,Female,Main Campus - Gaborone,Diploma in IT,2,2024,Semester 1,2026,Facebook Ad,43.7,0,Tertiary,1,0,85.3,70.8,0,0,Active,0
GTC-00969,38,Female,Main Campus - Gaborone,Certificate in Business Admin,1,2024,Semester 1,2025,School Fair,37.9,0,Primary,0,0,62.4,71.1,0,1,Dropped Out,0
GTC-00970,36,Male,Extension Campus - Mogoditshane,Diploma in Health Sciences,2,2023,Semester 1,2025,Agent,68.0,1,None,0,1,57.9,30.0,4,3,Dropped Out,0
GTC-00971,25,Male,Block 8 Campus,Diploma in Accounting,2,2024,Semester 2,2026,Facebook Ad,41.8,1,Tertiary,1,0,100.0,58.5,0,0,Active,0
GTC-00972,42,Female,Extension Campus - Mogoditshane,Certificate in Business Admin,1,2023,Semester 2,2024,Open Day,0.7,1,Tertiary,1,1,90.8,45.4,1,1,Graduated,0
GTC-00973,21,Male,Block 8 Campus,Certificate in Construction,1,2023,Semester 1,2024,Radio Ad,13.1,0,None,1,0,68.0,42.9,2,3,Dropped Out,0
GTC-00974,19,Female,Extension Campus - Mogoditshane,Certificate in Auto Mechanics,1,2025,Semester 2,2026,Open Day,30.0,1,Secondary,0,0,95.2,79.4,0,0,Active,0
GTC-00975,44,Male,Main Campus - Gaborone,Diploma in IT,2,2024,Semester 2,2026,School Fair,78.5,1,Secondary,1,1,69.4,45.5,3,3,Active,1
GTC-00976,18,Male,Extension Campus - Mogoditshane,Diploma in Engineering,2,2025,Semester 2,2027,Walk-In,8.3,1,Secondary,0,0,95.4,72.7,0,0,Active,0
GTC-00977,24,Female,Main Campus - Gaborone,Certificate in Business Admin,1,2023,Semester 2,2024,Walk-In,54.0,0,None,1,1,50.8,30.0,2,3,Dropped Out,0
GTC-00978,19,Male,Extension Campus - Mogoditshane,Certificate in Business Admin,1,2023,Semester 1,2024,Agent,34.5,1,Primary,1,0,88.5,62.1,2,1,Graduated,0
GTC-00979,32,Male,Main Campus - Gaborone,Certificate in Hospitality,1,2023,Semester 2,2024,School Fair,37.0,1,None,0,0,70.6,63.5,0,1,Graduated,0
GTC-00980,27,Male,Main Campus - Gaborone,Certificate in Business Admin,1,2024,Semester 1,2025,Agent,53.3,1,Secondary,0,0,83.4,42.2,1,1,Dropped Out,0
GTC-00981,44,Male,Extension Campus - Mogoditshane,Certificate in Construction,1,2024,Semester 2,2025,Facebook Ad,69.0,0,None,0,1,41.2,30.0,3,3,Dropped Out,0
GTC-00982,18,Male,Main Campus - Gaborone,Certificate in Auto Mechanics,1,2023,Semester 1,2024,Referral,16.6,0,Secondary,0,0,74.4,48.9,0,2,Dropped Out,0
GTC-00983,41,Male,Main Campus - Gaborone,Diploma in Engineering,2,2024,Semester 1,2026,Agent,10.9,1,Tertiary,1,0,92.5,95.0,0,0,Active,0
GTC-00984,45,Male,Block 8 Campus,Certificate in Hospitality,1,2023,Semester 1,2024,Referral,45.4,0,None,1,1,53.9,34.4,0,2,Dropped Out,0
GTC-00985,40,Female,Main Campus - Gaborone,Certificate in Hospitality,1,2023,Semester 1,2024,Walk-In,52.6,0,Tertiary,0,0,58.6,30.0,3,3,Dropped Out,0
GTC-00986,29,Female,Extension Campus - Mogoditshane,Certificate in Construction,1,2024,Semester 2,2025,Agent,71.8,0,Secondary,0,1,55.7,30.0,2,3,Dropped Out,0
GTC-00987,42,Male,Extension Campus - Mogoditshane,Certificate in Business Admin,1,2023,Semester 1,2024,Walk-In,68.6,0,Tertiary,0,1,59.0,30.0,3,3,Dropped Out,0
GTC-00988,35,Male,Extension Campus - Mogoditshane,Certificate in Business Admin,1,2025,Semester 2,2026,Open Day,9.6,1,None,0,0,77.8,45.0,2,2,Dropped Out,0
GTC-00989,32,Male,Block 8 Campus,Certificate in Business Admin,1,2023,Semester 2,2024,Website Form,82.5,0,Tertiary,1,0,77.0,59.6,0,0,Dropped Out,0
GTC-00990,35,Female,Block 8 Campus,Diploma in Health Sciences,2,2025,Semester 2,2027,Referral,42.4,1,None,1,0,74.8,55.9,0,1,Active,1
GTC-00991,26,Female,Block 8 Campus,Diploma in Health Sciences,2,2023,Semester 1,2025,Website Form,49.9,1,Primary,0,0,84.8,88.1,0,0,Graduated,0
GTC-00992,28,Male,Main Campus - Gaborone,Certificate in Business Admin,1,2023,Semester 2,2024,Open Day,56.8,1,Secondary,1,0,90.7,61.6,0,0,Graduated,0
GTC-00993,36,Female,Extension Campus - Mogoditshane,Diploma in IT,2,2024,Semester 1,2026,Facebook Ad,27.3,1,Secondary,0,0,80.1,65.7,0,0,Active,0
GTC-00994,37,Female,Extension Campus - Mogoditshane,Certificate in Hospitality,1,2025,Semester 1,2026,School Fair,39.6,1,None,0,0,75.6,30.0,3,2,Dropped Out,0
GTC-00995,24,Female,Block 8 Campus,Diploma in IT,2,2024,Semester 2,2026,Referral,21.5,0,Secondary,1,1,67.4,30.0,2,3,Active,1
GTC-00996,37,Female,Main Campus - Gaborone,Certificate in Business Admin,1,2025,Semester 2,2026,Radio Ad,75.1,0,Primary,1,0,62.1,30.0,2,3,Dropped Out,0
GTC-00997,19,Male,Extension Campus - Mogoditshane,Diploma in IT,2,2025,Semester 2,2027,Facebook Ad,72.3,0,None,1,0,61.5,30.0,1,2,Active,1
GTC-00998,22,Male,Main Campus - Gaborone,Certificate in Auto Mechanics,1,2023,Semester 2,2024,Walk-In,69.4,0,Tertiary,0,1,65.4,30.0,3,3,Dropped Out,0
GTC-00999,34,Male,Extension Campus - Mogoditshane,Certificate in Auto Mechanics,1,2025,Semester 2,2026,Open Day,79.3,1,None,0,1,60.6,34.0,2,3,Active,1
GTC-01000,30,Male,Block 8 Campus,Diploma in Health Sciences,2,2023,Semester 1,2025,Radio Ad,43.7,1,Secondary,0,0,94.0,43.4,3,2,Dropped Out,0
GTC-01001,39,Female,Extension Campus - Mogoditshane,Diploma in IT,2,2024,Semester 1,2026,Website Form,19.9,1,None,0,0,78.2,52.8,0,0,Active,1
GTC-01002,43,Male,Block 8 Campus,Diploma in Health Sciences,2,2024,Semester 1,2026,Open Day,49.6,0,Tertiary,1,0,70.4,67.9,0,1,Active,1
GTC-01003,25,Female,Extension Campus - Mogoditshane,Diploma in Health Sciences,2,2023,Semester 2,2025,Open Day,43.7,1,Tertiary,1,0,96.7,85.8,0,0,Graduated,0
GTC-01004,44,Female,Block 8 Campus,Diploma in Engineering,2,2023,Semester 1,2025,Referral,45.7,1,Primary,0,0,79.9,30.3,3,2,Graduated,0
GTC-01005,32,Male,Block 8 Campus,Diploma in IT,2,2025,Semester 1,2027,Facebook Ad,25.8,1,None,0,0,72.4,42.1,0,2,Active,1
GTC-01006,45,Male,Extension Campus - Mogoditshane,Diploma in Health Sciences,2,2023,Semester 1,2025,School Fair,40.6,1,None,1,0,84.0,62.3,0,0,Graduated,0
GTC-01007,44,Male,Main Campus - Gaborone,Certificate in Construction,1,2024,Semester 2,2025,Open Day,12.7,1,None,1,0,77.5,66.1,2,1,Graduated,0
GTC-01008,45,Male,Block 8 Campus,Certificate in Auto Mechanics,1,2025,Semester 1,2026,Radio Ad,59.7,1,None,0,0,59.1,30.0,3,3,Dropped Out,0
GTC-01009,20,Female,Block 8 Campus,Diploma in Health Sciences,2,2025,Semester 1,2027,School Fair,71.5,1,Tertiary,0,0,79.0,30.0,2,2,Dropped Out,0
GTC-01010,36,Female,Extension Campus - Mogoditshane,Certificate in Auto Mechanics,1,2024,Semester 2,2025,Referral,58.7,0,Secondary,1,1,66.8,30.0,3,3,Dropped Out,0
GTC-01011,39,Male,Main Campus - Gaborone,Certificate in Auto Mechanics,1,2024,Semester 1,2025,Agent,75.6,1,None,1,1,63.4,31.1,1,2,Dropped Out,0
GTC-01012,43,Female,Main Campus - Gaborone,Diploma in Health Sciences,2,2024,Semester 1,2026,Agent,83.0,1,None,0,1,60.2,30.0,2,3,Active,1
GTC-01013,27,Male,Block 8 Campus,Diploma in Accounting,2,2023,Semester 1,2025,Referral,78.3,0,Secondary,0,0,67.1,30.0,2,3,Dropped Out,0
GTC-01014,26,Male,Main Campus - Gaborone,Diploma in Accounting,2,2024,Semester 2,2026,Website Form,41.9,1,None,0,0,86.1,52.3,3,1,On Leave,0
GTC-01015,22,Male,Block 8 Campus,Diploma in Accounting,2,2024,Semester 2,2026,Radio Ad,72.7,1,Tertiary,1,1,81.5,58.2,0,0,On Leave,0
GTC-01016,39,Female,Main Campus - Gaborone,Diploma in Engineering,2,2023,Semester 1,2025,Radio Ad,25.4,0,Tertiary,1,0,72.7,30.0,3,3,Dropped Out,0
GTC-01017,30,Male,Main Campus - Gaborone,Certificate in Business Admin,1,2023,Semester 2,2024,Facebook Ad,8.3,0,Secondary,0,0,78.1,43.7,0,1,Dropped Out,0
GTC-01018,33,Female,Block 8 Campus,Certificate in Auto Mechanics,1,2025,Semester 1,2026,School Fair,74.4,1,Secondary,1,0,82.8,55.8,2,1,Active,1
GTC-01019,23,Female,Main Campus - Gaborone,Diploma in Engineering,2,2025,Semester 1,2027,Radio Ad,5.0,1,Primary,0,0,86.4,41.6,0,1,Active,1
GTC-01020,32,Female,Extension Campus - Mogoditshane,Diploma in Engineering,2,2024,Semester 2,2026,Radio Ad,26.7,1,Primary,0,0,83.4,34.5,2,2,Active,1
GTC-01021,27,Female,Block 8 Campus,Certificate in Auto Mechanics,1,2024,Semester 1,2025,School Fair,71.9,1,Primary,0,1,58.7,30.0,1,2,Dropped Out,0
GTC-01022,33,Male,Block 8 Campus,Certificate in Auto Mechanics,1,2024,Semester 1,2025,School Fair,56.7,1,Primary,0,1,54.3,30.0,3,3,Dropped Out,0
GTC-01023,33,Female,Extension Campus - Mogoditshane,Diploma in IT,2,2025,Semester 1,2027,Facebook Ad,51.8,1,Primary,0,1,55.8,30.0,5,3,Active,1
GTC-01024,35,Male,Block 8 Campus,Certificate in Hospitality,1,2024,Semester 1,2025,Referral,1.5,0,None,0,0,68.4,30.0,5,3,Dropped Out,0
GTC-01025,29,Male,Block 8 Campus,Diploma in Accounting,2,2024,Semester 2,2026,Referral,22.6,1,Primary,0,0,76.7,37.9,1,1,Active,1
GTC-01026,38,Female,Main Campus - Gaborone,Certificate in Business Admin,1,2023,Semester 2,2024,Referral,74.4,0,Tertiary,0,0,53.7,30.0,1,2,Dropped Out,0
GTC-01027,28,Female,Extension Campus - Mogoditshane,Diploma in Engineering,2,2024,Semester 1,2026,Referral,71.5,1,Secondary,1,1,81.3,57.2,0,0,Active,0
GTC-01028,26,Male,Main Campus - Gaborone,Certificate in Hospitality,1,2025,Semester 2,2026,Radio Ad,44.6,1,None,1,1,73.0,51.3,1,1,Active,1
GTC-01029,24,Male,Extension Campus - Mogoditshane,Diploma in IT,2,2025,Semester 1,2027,Radio Ad,12.8,1,None,1,1,77.4,46.2,0,1,Active,1
GTC-01030,18,Female,Extension Campus - Mogoditshane,Diploma in Health Sciences,2,2023,Semester 1,2025,Facebook Ad,69.6,1,Tertiary,0,1,69.2,30.0,1,2,Dropped Out,0
GTC-01031,38,Male,Extension Campus - Mogoditshane,Diploma in IT,2,2024,Semester 2,2026,Agent,66.7,0,Primary,1,1,48.0,30.5,0,2,Dropped Out,0
GTC-01032,24,Male,Block 8 Campus,Diploma in Health Sciences,2,2023,Semester 1,2025,Website Form,69.6,1,Secondary,0,0,81.8,58.4,0,0,Graduated,0
GTC-01033,39,Female,Block 8 Campus,Diploma in Accounting,2,2023,Semester 1,2025,Walk-In,77.0,1,Secondary,1,1,77.2,70.8,0,0,Graduated,0
GTC-01034,43,Female,Extension Campus - Mogoditshane,Certificate in Construction,1,2023,Semester 2,2024,Referral,65.8,1,None,1,0,79.9,53.3,2,1,Graduated,0
GTC-01035,41,Female,Main Campus - Gaborone,Diploma in Health Sciences,2,2025,Semester 2,2027,Walk-In,45.1,1,None,0,0,72.1,30.0,1,2,Active,1
GTC-01036,23,Female,Block 8 Campus,Certificate in Business Admin,1,2025,Semester 2,2026,Agent,2.5,1,Primary,1,1,81.2,36.1,2,2,Active,1
GTC-01037,35,Male,Block 8 Campus,Diploma in IT,2,2024,Semester 1,2026,Walk-In,64.8,0,Secondary,0,0,59.4,30.0,2,3,Dropped Out,0
GTC-01038,33,Female,Block 8 Campus,Certificate in Business Admin,1,2025,Semester 1,2026,Open Day,25.6,1,None,1,0,77.5,59.6,2,1,Active,1
GTC-01039,31,Female,Main Campus - Gaborone,Diploma in Engineering,2,2023,Semester 2,2025,Website Form,43.8,1,None,0,0,75.0,54.3,0,0,Graduated,0
GTC-01040,44,Female,Extension Campus - Mogoditshane,Diploma in Accounting,2,2024,Semester 2,2026,Walk-In,27.5,0,Primary,1,0,78.2,61.4,0,0,Active,0
GTC-01041,19,Male,Extension Campus - Mogoditshane,Diploma in Health Sciences,2,2023,Semester 2,2025,Agent,23.7,1,Primary,1,1,73.4,57.2,1,1,Graduated,0
GTC-01042,28,Female,Main Campus - Gaborone,Diploma in IT,2,2023,Semester 2,2025,Radio Ad,14.1,1,Tertiary,1,1,87.4,61.5,0,0,Graduated,0
GTC-01043,29,Male,Block 8 Campus,Certificate in Business Admin,1,2023,Semester 2,2024,Walk-In,8.2,1,None,0,0,80.4,59.0,0,0,Graduated,0
GTC-01044,20,Male,Extension Campus - Mogoditshane,Certificate in Construction,1,2023,Semester 2,2024,Walk-In,69.9,1,None,1,1,71.8,44.9,1,2,Dropped Out,0
GTC-01045,40,Male,Extension Campus - Mogoditshane,Diploma in Accounting,2,2025,Semester 2,2027,Referral,19.7,1,Tertiary,1,0,99.6,68.6,1,0,Active,0
GTC-01046,21,Female,Extension Campus - Mogoditshane,Certificate in Business Admin,1,2025,Semester 1,2026,Open Day,17.6,1,None,1,0,86.7,59.0,1,0,Active,0
GTC-01047,30,Male,Extension Campus - Mogoditshane,Diploma in Engineering,2,2023,Semester 2,2025,Referral,18.5,0,Secondary,1,0,80.5,64.6,0,0,Graduated,0
GTC-01048,30,Female,Extension Campus - Mogoditshane,Diploma in Health Sciences,2,2023,Semester 2,2025,Open Day,16.9,1,Secondary,0,0,88.9,50.5,1,0,Graduated,0
GTC-01049,43,Female,Block 8 Campus,Diploma in Engineering,2,2025,Semester 1,2027,Website Form,28.7,1,Tertiary,0,0,87.4,42.4,2,2,Active,1
GTC-01050,36,Male,Extension Campus - Mogoditshane,Diploma in IT,2,2025,Semester 1,2027,Website Form,76.7,1,None,0,0,61.6,30.0,1,2,Dropped Out,0
GTC-01051,20,Male,Block 8 Campus,Diploma in Health Sciences,2,2023,Semester 1,2025,Radio Ad,28.3,1,Tertiary,0,1,76.1,57.3,1,0,Graduated,0
GTC-01052,25,Female,Block 8 Campus,Certificate in Business Admin,1,2025,Semester 1,2026,Walk-In,76.0,1,Primary,1,1,63.8,40.7,1,2,Dropped Out,0
GTC-01053,31,Male,Main Campus - Gaborone,Certificate in Construction,1,2023,Semester 2,2024,School Fair,73.4,0,Secondary,0,0,60.4,30.0,1,2,Dropped Out,0
GTC-01054,27,Male,Block 8 Campus,Certificate in Business Admin,1,2024,Semester 1,2025,Radio Ad,39.7,1,Secondary,0,0,89.9,62.2,2,1,Graduated,0
GTC-01055,18,Female,Block 8 Campus,Certificate in Hospitality,1,2024,Semester 1,2025,School Fair,58.8,1,None,1,1,70.7,57.1,1,1,Graduated,0
GTC-01056,27,Male,Main Campus - Gaborone,Diploma in Accounting,2,2025,Semester 1,2027,School Fair,84.2,1,Primary,0,0,70.3,33.6,3,3,Dropped Out,0
GTC-01057,29,Female,Main Campus - Gaborone,Diploma in IT,2,2023,Semester 2,2025,Open Day,48.6,1,None,1,0,83.2,92.7,0,0,Graduated,0
GTC-01058,33,Female,Main Campus - Gaborone,Certificate in Hospitality,1,2024,Semester 2,2025,Radio Ad,61.1,0,Primary,0,1,40.7,30.0,3,3,Dropped Out,0
GTC-01059,33,Female,Block 8 Campus,Diploma in Engineering,2,2024,Semester 2,2026,Walk-In,18.9,1,None,1,1,75.6,37.0,1,1,Dropped Out,0
GTC-01060,35,Female,Main Campus - Gaborone,Diploma in IT,2,2025,Semester 1,2027,Radio Ad,19.0,1,Secondary,0,1,72.7,57.2,1,1,Active,1
GTC-01061,29,Male,Main Campus - Gaborone,Diploma in Health Sciences,2,2025,Semester 2,2027,School Fair,1.7,0,None,1,0,78.7,52.8,0,0,Active,1
GTC-01062,32,Female,Extension Campus - Mogoditshane,Certificate in Auto Mechanics,1,2024,Semester 1,2025,Facebook Ad,14.9,0,Tertiary,1,0,87.6,41.9,2,2,Dropped Out,0
GTC-01063,18,Male,Block 8 Campus,Certificate in Construction,1,2024,Semester 1,2025,Facebook Ad,22.1,0,None,0,1,58.6,32.5,0,2,Dropped Out,0
GTC-01064,42,Male,Main Campus - Gaborone,Certificate in Hospitality,1,2024,Semester 1,2025,Facebook Ad,55.2,1,Primary,1,0,74.6,30.0,2,3,Dropped Out,0
GTC-01065,29,Male,Block 8 Campus,Certificate in Business Admin,1,2023,Semester 2,2024,School Fair,45.8,1,None,0,0,79.7,41.5,1,1,Graduated,0
GTC-01066,30,Male,Extension Campus - Mogoditshane,Diploma in IT,2,2024,Semester 1,2026,Open Day,45.7,0,Primary,1,0,74.2,44.6,0,2,Dropped Out,0
GTC-01067,34,Female,Block 8 Campus,Diploma in Accounting,2,2023,Semester 1,2025,Radio Ad,14.7,0,Primary,1,1,65.1,40.6,3,3,Dropped Out,0
GTC-01068,22,Male,Main Campus - Gaborone,Diploma in Accounting,2,2023,Semester 2,2025,Referral,41.7,1,Primary,0,0,75.6,85.9,1,0,Graduated,0
GTC-01069,36,Male,Extension Campus - Mogoditshane,Diploma in IT,2,2025,Semester 1,2027,Walk-In,11.3,1,None,1,0,90.9,80.6,0,0,Active,0
GTC-01070,40,Male,Main Campus - Gaborone,Certificate in Construction,1,2025,Semester 1,2026,Walk-In,76.4,0,None,1,0,65.8,37.8,2,3,Dropped Out,0
GTC-01071,40,Male,Block 8 Campus,Certificate in Auto Mechanics,1,2024,Semester 2,2025,Agent,76.8,1,Primary,1,1,65.4,31.2,1,2,Graduated,0
GTC-01072,39,Male,Block 8 Campus,Diploma in Accounting,2,2024,Semester 1,2026,Radio Ad,49.7,0,Primary,1,0,80.6,38.0,0,1,Dropped Out,0
GTC-01073,30,Female,Main Campus - Gaborone,Diploma in Engineering,2,2025,Semester 1,2027,School Fair,79.8,1,None,0,0,72.3,35.8,0,2,Active,1
GTC-01074,42,Male,Block 8 Campus,Certificate in Hospitality,1,2025,Semester 2,2026,Radio Ad,7.6,1,Tertiary,1,1,75.8,30.0,1,1,Dropped Out,0
GTC-01075,31,Female,Main Campus - Gaborone,Diploma in Accounting,2,2025,Semester 1,2027,School Fair,48.5,1,Secondary,0,0,84.8,50.5,1,0,Active,1
GTC-01076,27,Male,Block 8 Campus,Certificate in Hospitality,1,2024,Semester 1,2025,Website Form,80.0,1,Secondary,1,1,68.2,30.0,0,2,Dropped Out,0
GTC-01077,33,Male,Extension Campus - Mogoditshane,Diploma in Health Sciences,2,2023,Semester 1,2025,Referral,77.2,0,Tertiary,1,1,63.1,31.2,4,3,Dropped Out,0
GTC-01078,32,Male,Block 8 Campus,Diploma in IT,2,2024,Semester 1,2026,School Fair,21.2,0,None,0,1,59.5,47.5,0,2,Dropped Out,0
GTC-01079,29,Female,Block 8 Campus,Certificate in Auto Mechanics,1,2025,Semester 2,2026,Referral,42.7,0,Tertiary,0,0,73.2,50.1,0,1,Active,1
GTC-01080,29,Male,Block 8 Campus,Certificate in Construction,1,2025,Semester 2,2026,Referral,33.7,0,Tertiary,0,1,70.9,42.9,2,3,Dropped Out,0
GTC-01081,35,Male,Extension Campus - Mogoditshane,Certificate in Construction,1,2025,Semester 2,2026,Facebook Ad,69.3,1,Tertiary,0,1,63.6,35.4,3,3,Dropped Out,0
GTC-01082,45,Male,Main Campus - Gaborone,Certificate in Auto Mechanics,1,2024,Semester 1,2025,School Fair,31.6,0,None,1,0,69.3,67.8,0,1,Graduated,0
GTC-01083,36,Male,Main Campus - Gaborone,Diploma in Engineering,2,2024,Semester 1,2026,Referral,66.1,0,Primary,0,1,45.6,30.0,1,2,Active,1
GTC-01084,18,Male,Extension Campus - Mogoditshane,Certificate in Business Admin,1,2024,Semester 2,2025,Radio Ad,12.5,1,Secondary,0,0,85.8,75.6,0,0,Graduated,0
GTC-01085,39,Female,Extension Campus - Mogoditshane,Diploma in Engineering,2,2024,Semester 2,2026,Referral,23.1,1,Tertiary,1,0,87.7,48.7,0,1,Dropped Out,0
GTC-01086,34,Female,Block 8 Campus,Diploma in Engineering,2,2023,Semester 2,2025,Open Day,38.8,1,Tertiary,0,0,84.4,55.7,1,0,Graduated,0
GTC-01087,42,Female,Main Campus - Gaborone,Certificate in Auto Mechanics,1,2025,Semester 1,2026,Walk-In,78.9,1,None,1,0,75.8,30.0,2,2,Dropped Out,0
GTC-01088,32,Male,Main Campus - Gaborone,Diploma in Health Sciences,2,2023,Semester 2,2025,School Fair,82.3,1,None,0,1,64.4,30.0,1,2,Dropped Out,0
GTC-01089,19,Male,Main Campus - Gaborone,Certificate in Hospitality,1,2024,Semester 2,2025,Website Form,60.4,1,Tertiary,1,0,85.1,48.9,0,1,Graduated,0
GTC-01090,29,Male,Extension Campus - Mogoditshane,Certificate in Construction,1,2025,Semester 2,2026,School Fair,77.4,1,Primary,0,0,76.7,30.0,4,2,On Leave,0
GTC-01091,29,Female,Extension Campus - Mogoditshane,Certificate in Hospitality,1,2024,Semester 1,2025,Radio Ad,19.7,1,Secondary,0,0,89.9,69.4,0,0,Graduated,0
GTC-01092,37,Female,Main Campus - Gaborone,Diploma in Engineering,2,2023,Semester 2,2025,Walk-In,8.8,1,Primary,1,0,75.3,50.9,0,0,Graduated,0
GTC-01093,35,Male,Extension Campus - Mogoditshane,Certificate in Business Admin,1,2024,Semester 2,2025,Referral,45.6,1,Tertiary,0,1,71.4,46.0,4,3,Dropped Out,0
GTC-01094,40,Male,Main Campus - Gaborone,Diploma in Engineering,2,2025,Semester 1,2027,Facebook Ad,64.2,1,Primary,1,0,70.0,50.8,0,1,Active,1
GTC-01095,23,Female,Block 8 Campus,Diploma in IT,2,2024,Semester 1,2026,Website Form,18.3,1,Tertiary,1,0,89.5,74.0,0,0,Active,0
GTC-01096,26,Female,Extension Campus - Mogoditshane,Certificate in Auto Mechanics,1,2024,Semester 1,2025,School Fair,1.0,1,Primary,0,0,74.8,52.4,1,1,Graduated,0
GTC-01097,25,Female,Main Campus - Gaborone,Diploma in Health Sciences,2,2025,Semester 1,2027,Referral,56.6,1,Tertiary,0,0,84.7,40.7,2,2,Dropped Out,0
GTC-01098,20,Male,Extension Campus - Mogoditshane,Certificate in Business Admin,1,2024,Semester 1,2025,Agent,83.1,1,None,0,0,78.4,53.2,1,0,Dropped Out,0
GTC-01099,41,Female,Extension Campus - Mogoditshane,Certificate in Hospitality,1,2025,Semester 2,2026,Open Day,46.7,1,Primary,1,0,82.1,65.6,3,1,Active,1
GTC-01100,45,Female,Main Campus - Gaborone,Diploma in Engineering,2,2025,Semester 1,2027,Radio Ad,26.5,0,Primary,0,0,63.3,31.4,2,3,Dropped Out,0
GTC-01101,36,Female,Main Campus - Gaborone,Certificate in Business Admin,1,2023,Semester 2,2024,Open Day,76.0,1,Primary,1,0,73.9,52.9,0,1,Graduated,0
GTC-01102,35,Female,Extension Campus - Mogoditshane,Diploma in Health Sciences,2,2024,Semester 1,2026,School Fair,80.0,1,Secondary,1,0,78.4,40.6,2,2,Active,1
GTC-01103,36,Female,Main Campus - Gaborone,Certificate in Hospitality,1,2023,Semester 1,2024,Walk-In,13.9,1,Secondary,0,0,84.4,51.5,1,0,Graduated,0
GTC-01104,27,Female,Main Campus - Gaborone,Diploma in IT,2,2023,Semester 1,2025,Agent,82.3,1,Secondary,1,0,89.0,37.0,1,1,Graduated,0
GTC-01105,20,Female,Main Campus - Gaborone,Diploma in Health Sciences,2,2024,Semester 2,2026,Walk-In,22.2,1,None,1,0,82.7,66.5,0,0,Active,0
GTC-01106,37,Male,Block 8 Campus,Certificate in Auto Mechanics,1,2023,Semester 1,2024,Website Form,12.1,1,Primary,1,1,77.1,37.9,2,2,Dropped Out,0
GTC-01107,34,Male,Block 8 Campus,Diploma in Health Sciences,2,2025,Semester 1,2027,Agent,25.8,0,Secondary,0,0,67.6,30.0,2,3,Dropped Out,0
GTC-01108,27,Female,Extension Campus - Mogoditshane,Diploma in Health Sciences,2,2023,Semester 2,2025,Website Form,64.2,0,Secondary,0,1,60.9,30.0,1,2,Dropped Out,0
GTC-01109,37,Male,Extension Campus - Mogoditshane,Certificate in Hospitality,1,2025,Semester 2,2026,Referral,49.4,1,Secondary,0,1,72.8,30.0,1,2,Dropped Out,0
GTC-01110,19,Female,Extension Campus - Mogoditshane,Diploma in Health Sciences,2,2023,Semester 2,2025,School Fair,84.0,1,Secondary,1,1,73.4,95.0,0,1,Dropped Out,0
GTC-01111,23,Male,Block 8 Campus,Diploma in IT,2,2024,Semester 2,2026,Referral,76.5,1,Primary,1,0,82.4,40.7,1,1,Active,1
GTC-01112,18,Male,Block 8 Campus,Diploma in Accounting,2,2025,Semester 2,2027,Referral,32.7,1,Primary,0,0,88.3,68.1,0,0,Active,0
GTC-01113,32,Female,Block 8 Campus,Certificate in Construction,1,2025,Semester 2,2026,School Fair,28.4,1,Tertiary,0,0,87.8,42.2,1,1,Active,1
GTC-01114,29,Female,Main Campus - Gaborone,Diploma in Accounting,2,2025,Semester 2,2027,Agent,33.3,1,Primary,0,0,83.0,66.9,0,0,Active,0
GTC-01115,41,Male,Main Campus - Gaborone,Certificate in Hospitality,1,2023,Semester 2,2024,Open Day,25.2,1,Primary,0,1,72.4,30.0,1,2,Graduated,0
GTC-01116,43,Female,Extension Campus - Mogoditshane,Diploma in IT,2,2023,Semester 2,2025,Radio Ad,48.6,1,None,1,0,86.9,57.7,1,0,Graduated,0
GTC-01117,26,Male,Main Campus - Gaborone,Diploma in Accounting,2,2023,Semester 2,2025,Walk-In,13.6,1,Secondary,0,1,72.7,52.7,2,2,Dropped Out,0
GTC-01118,42,Female,Extension Campus - Mogoditshane,Diploma in Engineering,2,2023,Semester 1,2025,Radio Ad,44.5,1,Primary,1,1,78.7,37.2,2,2,Dropped Out,0
GTC-01119,18,Male,Main Campus - Gaborone,Diploma in Accounting,2,2024,Semester 2,2026,Open Day,6.2,1,Tertiary,0,0,84.1,54.7,1,0,Active,1
GTC-01120,44,Female,Main Campus - Gaborone,Diploma in IT,2,2023,Semester 2,2025,Website Form,18.3,1,Primary,0,0,75.7,30.0,2,2,Dropped Out,0
GTC-01121,40,Male,Main Campus - Gaborone,Diploma in Engineering,2,2025,Semester 2,2027,Open Day,6.3,0,None,1,0,69.1,59.7,0,1,Active,1
GTC-01122,41,Female,Block 8 Campus,Certificate in Auto Mechanics,1,2025,Semester 1,2026,Open Day,54.8,1,Secondary,0,0,69.4,30.0,2,3,Dropped Out,0
GTC-01123,30,Female,Extension Campus - Mogoditshane,Certificate in Hospitality,1,2025,Semester 2,2026,Radio Ad,67.1,1,Primary,1,0,81.1,46.7,0,1,Active,1
GTC-01124,30,Female,Extension Campus - Mogoditshane,Diploma in Accounting,2,2025,Semester 2,2027,Radio Ad,80.5,1,Primary,0,0,75.5,53.1,1,0,Dropped Out,0
GTC-01125,34,Female,Extension Campus - Mogoditshane,Diploma in IT,2,2023,Semester 2,2025,Agent,68.7,0,None,0,0,53.7,44.0,2,3,Dropped Out,0
GTC-01126,19,Male,Extension Campus - Mogoditshane,Diploma in Engineering,2,2024,Semester 1,2026,Referral,59.2,1,Secondary,0,0,82.5,65.2,2,1,Active,1
GTC-01127,25,Male,Extension Campus - Mogoditshane,Certificate in Auto Mechanics,1,2023,Semester 1,2024,Walk-In,31.0,1,Primary,1,1,71.1,33.5,4,3,Dropped Out,0
GTC-01128,24,Male,Extension Campus - Mogoditshane,Diploma in IT,2,2025,Semester 1,2027,School Fair,83.0,1,Tertiary,0,0,90.0,34.5,2,2,On Leave,0
GTC-01129,32,Male,Main Campus - Gaborone,Diploma in IT,2,2024,Semester 2,2026,Website Form,6.5,0,Secondary,1,0,78.1,32.9,1,1,Active,1
GTC-01130,37,Female,Block 8 Campus,Certificate in Hospitality,1,2024,Semester 1,2025,Open Day,78.3,1,Primary,1,0,79.3,59.2,0,0,Dropped Out,0
GTC-01131,43,Male,Main Campus - Gaborone,Certificate in Construction,1,2025,Semester 1,2026,Radio Ad,50.6,1,Secondary,0,0,72.5,48.3,2,3,Active,1
GTC-01132,30,Male,Block 8 Campus,Certificate in Hospitality,1,2024,Semester 1,2025,Agent,15.1,1,Secondary,0,0,90.3,74.0,0,0,Graduated,0
GTC-01133,38,Female,Main Campus - Gaborone,Certificate in Hospitality,1,2023,Semester 1,2024,School Fair,55.8,0,None,1,0,60.1,33.2,2,3,Dropped Out,0
GTC-01134,23,Male,Main Campus - Gaborone,Diploma in Engineering,2,2023,Semester 2,2025,Referral,43.7,0,None,0,0,65.4,30.0,1,2,Dropped Out,0
GTC-01135,18,Male,Extension Campus - Mogoditshane,Certificate in Business Admin,1,2025,Semester 2,2026,Referral,47.5,1,Secondary,0,0,82.6,79.4,0,0,Active,0
GTC-01136,33,Female,Extension Campus - Mogoditshane,Certificate in Auto Mechanics,1,2023,Semester 2,2024,Website Form,66.1,0,Tertiary,1,0,61.4,38.7,2,3,Dropped Out,0
GTC-01137,27,Male,Main Campus - Gaborone,Diploma in Engineering,2,2025,Semester 2,2027,Radio Ad,15.6,1,None,1,1,84.7,31.5,2,2,Dropped Out,0
GTC-01138,41,Female,Extension Campus - Mogoditshane,Certificate in Business Admin,1,2023,Semester 2,2024,Open Day,13.5,0,Secondary,0,0,67.1,30.5,4,3,Dropped Out,0
GTC-01139,25,Female,Block 8 Campus,Diploma in Health Sciences,2,2023,Semester 1,2025,Walk-In,5.8,1,Primary,0,0,86.7,60.4,0,0,Graduated,0
GTC-01140,28,Male,Block 8 Campus,Certificate in Hospitality,1,2025,Semester 1,2026,Walk-In,79.5,1,Primary,0,0,69.1,30.0,2,3,Dropped Out,0
GTC-01141,30,Female,Main Campus - Gaborone,Certificate in Auto Mechanics,1,2024,Semester 1,2025,School Fair,15.5,1,Primary,0,0,77.3,72.5,0,0,Graduated,0
GTC-01142,31,Male,Extension Campus - Mogoditshane,Certificate in Construction,1,2025,Semester 1,2026,Agent,15.5,1,Primary,1,1,72.8,44.4,2,3,Active,1
GTC-01143,25,Male,Main Campus - Gaborone,Certificate in Hospitality,1,2024,Semester 1,2025,Open Day,62.8,0,None,0,1,48.9,30.0,1,2,Dropped Out,0
GTC-01144,33,Female,Main Campus - Gaborone,Diploma in IT,2,2024,Semester 2,2026,Radio Ad,1.0,0,None,0,0,67.0,37.5,3,3,Active,1
GTC-01145,34,Male,Block 8 Campus,Diploma in Health Sciences,2,2025,Semester 1,2027,Referral,30.1,1,None,0,0,81.0,42.7,4,2,Dropped Out,0
GTC-01146,30,Male,Extension Campus - Mogoditshane,Certificate in Construction,1,2025,Semester 1,2026,Radio Ad,27.9,1,Primary,1,1,83.3,38.1,0,1,Active,1
GTC-01147,36,Male,Block 8 Campus,Diploma in Accounting,2,2025,Semester 2,2027,Radio Ad,65.1,1,Secondary,1,0,78.1,30.0,2,2,Active,1
GTC-01148,39,Female,Block 8 Campus,Certificate in Construction,1,2025,Semester 2,2026,Agent,23.8,0,Primary,0,0,63.0,30.0,2,3,Dropped Out,0
GTC-01149,38,Female,Main Campus - Gaborone,Diploma in Health Sciences,2,2025,Semester 1,2027,Agent,25.3,1,None,1,1,70.1,32.2,0,2,Active,1
GTC-01150,23,Male,Main Campus - Gaborone,Diploma in Engineering,2,2024,Semester 1,2026,Open Day,3.8,1,None,1,0,97.4,58.9,1,0,Active,0
GTC-01151,35,Male,Extension Campus - Mogoditshane,Diploma in IT,2,2024,Semester 2,2026,Referral,56.8,1,Primary,0,0,78.8,46.5,1,1,Active,1
GTC-01152,18,Male,Block 8 Campus,Certificate in Construction,1,2023,Semester 1,2024,Walk-In,18.5,1,Tertiary,0,0,83.5,30.0,1,1,Dropped Out,0
GTC-01153,29,Female,Block 8 Campus,Certificate in Business Admin,1,2025,Semester 2,2026,School Fair,70.3,0,Secondary,1,0,74.9,30.0,2,3,Dropped Out,0
GTC-01154,33,Male,Block 8 Campus,Diploma in IT,2,2023,Semester 1,2025,School Fair,36.6,0,None,1,1,72.7,30.0,4,3,Graduated,0
GTC-01155,30,Female,Block 8 Campus,Certificate in Construction,1,2024,Semester 2,2025,Website Form,14.4,0,Tertiary,1,0,90.4,75.1,0,0,Graduated,0
GTC-01156,28,Female,Main Campus - Gaborone,Diploma in Engineering,2,2023,Semester 1,2025,Walk-In,28.5,1,Secondary,1,1,85.0,32.2,3,2,Dropped Out,0
GTC-01157,28,Female,Extension Campus - Mogoditshane,Certificate in Hospitality,1,2025,Semester 2,2026,Website Form,14.9,0,Primary,0,1,60.1,30.0,3,3,Dropped Out,0
GTC-01158,21,Male,Extension Campus - Mogoditshane,Diploma in IT,2,2023,Semester 1,2025,Agent,11.3,1,None,0,1,66.5,43.3,0,2,Dropped Out,0
GTC-01159,32,Female,Main Campus - Gaborone,Diploma in Health Sciences,2,2024,Semester 1,2026,Website Form,47.5,0,Secondary,0,1,59.8,30.0,1,2,Active,1
GTC-01160,30,Male,Extension Campus - Mogoditshane,Certificate in Construction,1,2024,Semester 2,2025,Facebook Ad,38.4,1,None,0,0,87.1,41.1,3,2,Dropped Out,0
GTC-01161,25,Female,Extension Campus - Mogoditshane,Certificate in Hospitality,1,2024,Semester 1,2025,Referral,37.5,1,Secondary,1,0,96.1,53.3,3,1,Graduated,0
GTC-01162,24,Female,Block 8 Campus,Certificate in Hospitality,1,2023,Semester 2,2024,School Fair,41.8,1,Primary,1,0,92.8,41.1,2,2,Graduated,0
GTC-01163,34,Male,Block 8 Campus,Diploma in IT,2,2025,Semester 2,2027,Radio Ad,69.1,1,Secondary,0,0,76.1,46.4,0,1,Active,1
GTC-01164,23,Male,Block 8 Campus,Diploma in Accounting,2,2024,Semester 2,2026,School Fair,78.8,0,Tertiary,0,0,70.9,57.4,0,1,Active,1
GTC-01165,26,Female,Block 8 Campus,Certificate in Business Admin,1,2025,Semester 2,2026,Open Day,63.2,0,Tertiary,0,1,62.2,30.0,3,3,Dropped Out,0
GTC-01166,30,Female,Block 8 Campus,Certificate in Construction,1,2023,Semester 1,2024,Walk-In,10.0,1,Secondary,0,0,88.3,63.0,0,0,Graduated,0
GTC-01167,40,Male,Extension Campus - Mogoditshane,Diploma in Health Sciences,2,2025,Semester 2,2027,Referral,14.9,1,Secondary,0,0,83.3,48.8,0,1,Active,1
GTC-01168,29,Female,Main Campus - Gaborone,Certificate in Construction,1,2024,Semester 2,2025,Website Form,64.2,1,None,0,1,68.2,30.0,1,2,Dropped Out,0
GTC-01169,39,Male,Main Campus - Gaborone,Diploma in Accounting,2,2025,Semester 1,2027,Open Day,76.4,1,Secondary,0,0,74.0,52.0,1,1,Active,1
GTC-01170,31,Female,Main Campus - Gaborone,Diploma in Health Sciences,2,2025,Semester 1,2027,Facebook Ad,15.9,1,None,1,0,73.3,53.2,1,1,Active,1
GTC-01171,33,Male,Block 8 Campus,Certificate in Construction,1,2025,Semester 1,2026,Walk-In,62.9,1,Primary,0,0,66.8,30.5,4,3,Active,1
GTC-01172,25,Female,Main Campus - Gaborone,Certificate in Construction,1,2025,Semester 1,2026,Open Day,81.7,1,Secondary,1,0,88.0,89.1,0,0,On Leave,0
GTC-01173,45,Male,Extension Campus - Mogoditshane,Certificate in Auto Mechanics,1,2024,Semester 1,2025,Website Form,30.0,1,Tertiary,1,1,78.2,30.0,0,1,Graduated,0
GTC-01174,19,Female,Block 8 Campus,Diploma in IT,2,2023,Semester 2,2025,School Fair,60.9,1,None,0,0,68.1,48.1,3,3,Dropped Out,0
GTC-01175,32,Male,Main Campus - Gaborone,Certificate in Construction,1,2025,Semester 2,2026,School Fair,18.2,1,None,0,0,73.2,30.0,2,3,Active,1
GTC-01176,27,Female,Extension Campus - Mogoditshane,Certificate in Hospitality,1,2023,Semester 2,2024,Agent,69.8,1,Tertiary,0,0,78.6,47.9,2,2,Graduated,0
GTC-01177,37,Male,Extension Campus - Mogoditshane,Diploma in Engineering,2,2025,Semester 1,2027,Open Day,41.6,1,Primary,0,0,72.1,63.0,0,1,Active,1
GTC-01178,30,Female,Block 8 Campus,Certificate in Business Admin,1,2025,Semester 2,2026,Facebook Ad,3.5,1,Tertiary,0,1,76.2,65.9,0,0,Active,0
GTC-01179,19,Female,Main Campus - Gaborone,Diploma in IT,2,2023,Semester 1,2025,Radio Ad,41.9,1,Secondary,1,0,100.0,38.4,2,2,Graduated,0
GTC-01180,39,Female,Block 8 Campus,Certificate in Business Admin,1,2025,Semester 1,2026,Website Form,67.6,0,Tertiary,0,1,54.1,30.0,0,2,Active,1
GTC-01181,40,Male,Extension Campus - Mogoditshane,Diploma in Engineering,2,2023,Semester 2,2025,Open Day,65.2,0,Secondary,1,0,62.6,30.0,2,3,Dropped Out,0
GTC-01182,33,Male,Block 8 Campus,Diploma in Accounting,2,2023,Semester 1,2025,Agent,68.6,0,None,0,0,49.1,31.6,0,2,Dropped Out,0
GTC-01183,27,Male,Extension Campus - Mogoditshane,Certificate in Business Admin,1,2025,Semester 2,2026,School Fair,46.8,1,Secondary,0,1,84.1,52.8,0,0,Active,1
GTC-01184,40,Male,Extension Campus - Mogoditshane,Diploma in IT,2,2025,Semester 1,2027,Website Form,16.8,0,Tertiary,0,1,63.9,30.7,3,3,Dropped Out,0
GTC-01185,26,Male,Extension Campus - Mogoditshane,Diploma in Engineering,2,2023,Semester 1,2025,Walk-In,61.7,1,Tertiary,1,1,78.0,43.2,0,1,Graduated,0
GTC-01186,40,Female,Main Campus - Gaborone,Certificate in Hospitality,1,2023,Semester 2,2024,Website Form,84.8,1,None,1,0,73.5,34.3,1,2,Graduated,0
GTC-01187,35,Female,Main Campus - Gaborone,Certificate in Auto Mechanics,1,2023,Semester 2,2024,Referral,73.6,1,Primary,1,0,74.5,73.0,0,1,Dropped Out,0
GTC-01188,44,Male,Main Campus - Gaborone,Diploma in Health Sciences,2,2023,Semester 1,2025,Walk-In,3.5,1,Tertiary,1,0,90.2,57.9,0,0,Graduated,0
GTC-01189,19,Male,Main Campus - Gaborone,Diploma in IT,2,2025,Semester 2,2027,School Fair,33.5,0,Primary,1,0,79.4,37.1,2,2,Active,1
GTC-01190,19,Male,Block 8 Campus,Certificate in Hospitality,1,2023,Semester 2,2024,Walk-In,2.7,1,Tertiary,1,0,96.2,89.6,0,0,Graduated,0
GTC-01191,30,Male,Extension Campus - Mogoditshane,Certificate in Auto Mechanics,1,2023,Semester 2,2024,Open Day,12.5,1,Secondary,1,0,86.8,79.1,0,0,Graduated,0
GTC-01192,23,Male,Block 8 Campus,Diploma in IT,2,2024,Semester 2,2026,Referral,21.2,1,Primary,0,0,90.5,53.3,0,0,Active,1
GTC-01193,18,Male,Block 8 Campus,Diploma in Engineering,2,2023,Semester 2,2025,Facebook Ad,12.5,0,None,0,1,52.0,30.0,2,3,Dropped Out,0
GTC-01194,24,Male,Block 8 Campus,Certificate in Construction,1,2024,Semester 1,2025,School Fair,78.5,1,None,0,0,80.1,49.9,1,1,Dropped Out,0
GTC-01195,29,Female,Extension Campus - Mogoditshane,Certificate in Construction,1,2023,Semester 2,2024,Walk-In,11.6,1,None,1,0,83.3,38.3,3,2,Graduated,0
GTC-01196,42,Female,Extension Campus - Mogoditshane,Diploma in Health Sciences,2,2024,Semester 2,2026,Agent,67.4,0,Tertiary,1,0,69.9,62.4,0,1,On Leave,0
GTC-01197,41,Male,Block 8 Campus,Certificate in Business Admin,1,2025,Semester 1,2026,Walk-In,42.0,1,Primary,1,1,75.0,58.1,0,0,Active,0
GTC-01198,24,Female,Extension Campus - Mogoditshane,Diploma in Engineering,2,2023,Semester 2,2025,School Fair,24.0,1,Tertiary,1,0,95.7,83.2,3,1,Graduated,0
GTC-01199,26,Female,Main Campus - Gaborone,Diploma in Engineering,2,2025,Semester 1,2027,Radio Ad,6.1,1,Tertiary,0,0,85.5,62.8,2,1,On Leave,0
GTC-01200,18,Male,Extension Campus - Mogoditshane,Diploma in Health Sciences,2,2023,Semester 2,2025,Agent,38.8,1,None,1,0,81.6,66.0,0,0,Graduated,0
GTC-01201,18,Male,Extension Campus - Mogoditshane,Certificate in Business Admin,1,2024,Semester 1,2025,School Fair,12.2,1,Tertiary,0,0,87.3,34.7,0,1,Graduated,0
GTC-01202,30,Male,Extension Campus - Mogoditshane,Certificate in Construction,1,2024,Semester 1,2025,Agent,41.1,1,Primary,1,1,72.5,30.0,2,3,Dropped Out,0
GTC-01203,31,Male,Main Campus - Gaborone,Certificate in Hospitality,1,2024,Semester 1,2025,Facebook Ad,44.7,1,None,0,0,79.8,30.0,2,2,Graduated,0
GTC-01204,27,Male,Main Campus - Gaborone,Certificate in Hospitality,1,2025,Semester 2,2026,Walk-In,6.3,1,Primary,1,0,89.6,38.5,1,1,Active,1
GTC-01205,26,Female,Block 8 Campus,Certificate in Auto Mechanics,1,2023,Semester 1,2024,Facebook Ad,5.4,1,None,0,0,81.5,30.0,2,2,Graduated,0
GTC-01206,34,Female,Extension Campus - Mogoditshane,Diploma in Accounting,2,2023,Semester 1,2025,Agent,12.4,1,None,0,0,73.8,60.3,0,1,Graduated,0
GTC-01207,31,Female,Main Campus - Gaborone,Certificate in Hospitality,1,2024,Semester 2,2025,Walk-In,1.2,1,None,0,0,83.0,66.2,0,0,Graduated,0
GTC-01208,20,Male,Extension Campus - Mogoditshane,Certificate in Construction,1,2024,Semester 1,2025,Referral,56.7,0,None,0,1,49.9,30.0,3,3,Dropped Out,0
GTC-01209,22,Male,Extension Campus - Mogoditshane,Diploma in Engineering,2,2024,Semester 1,2026,Walk-In,8.1,0,Primary,1,0,69.7,30.0,2,3,Dropped Out,0
GTC-01210,18,Female,Extension Campus - Mogoditshane,Certificate in Construction,1,2023,Semester 2,2024,Agent,37.3,1,Secondary,1,0,94.2,85.2,0,0,Graduated,0
GTC-01211,25,Female,Block 8 Campus,Diploma in IT,2,2023,Semester 1,2025,Website Form,20.5,1,Primary,0,1,68.8,32.1,5,3,Dropped Out,0
GTC-01212,31,Male,Main Campus - Gaborone,Certificate in Construction,1,2023,Semester 1,2024,Open Day,57.0,1,Tertiary,0,0,69.6,49.6,2,3,Dropped Out,0
GTC-01213,30,Male,Main Campus - Gaborone,Diploma in Accounting,2,2023,Semester 2,2025,Agent,72.5,1,Secondary,0,1,71.4,33.1,2,3,Dropped Out,0
GTC-01214,18,Male,Block 8 Campus,Certificate in Business Admin,1,2025,Semester 2,2026,Open Day,84.4,0,Primary,1,0,64.0,33.5,3,3,Active,1
GTC-01215,22,Male,Main Campus - Gaborone,Certificate in Business Admin,1,2024,Semester 2,2025,Referral,51.6,0,Primary,1,0,79.7,53.1,0,0,Graduated,0
GTC-01216,44,Male,Main Campus - Gaborone,Certificate in Business Admin,1,2025,Semester 2,2026,School Fair,46.7,1,Primary,0,1,63.8,30.0,4,3,Active,1
GTC-01217,45,Male,Extension Campus - Mogoditshane,Certificate in Business Admin,1,2025,Semester 2,2026,Agent,45.9,0,Tertiary,1,0,79.9,46.0,1,1,Dropped Out,0
GTC-01218,44,Female,Block 8 Campus,Certificate in Hospitality,1,2025,Semester 2,2026,Facebook Ad,68.3,1,None,1,0,82.7,36.1,2,2,Active,1
GTC-01219,21,Female,Main Campus - Gaborone,Diploma in IT,2,2023,Semester 1,2025,Walk-In,85.0,1,Tertiary,0,0,73.3,31.1,3,3,Dropped Out,0
GTC-01220,18,Male,Block 8 Campus,Certificate in Auto Mechanics,1,2023,Semester 1,2024,Facebook Ad,63.9,1,None,0,0,69.8,31.7,1,2,Dropped Out,0
GTC-01221,30,Male,Block 8 Campus,Diploma in IT,2,2025,Semester 2,2027,Facebook Ad,49.7,1,Tertiary,0,1,79.5,51.4,1,0,Active,1
GTC-01222,34,Male,Extension Campus - Mogoditshane,Certificate in Business Admin,1,2023,Semester 2,2024,Radio Ad,47.7,1,Tertiary,0,1,78.3,55.1,0,0,Graduated,0
GTC-01223,31,Male,Block 8 Campus,Diploma in IT,2,2025,Semester 1,2027,Open Day,83.0,1,Primary,0,0,61.2,30.0,4,3,Dropped Out,0
GTC-01224,24,Female,Block 8 Campus,Certificate in Hospitality,1,2023,Semester 2,2024,Agent,47.8,1,None,1,1,78.7,58.0,0,0,Graduated,0
GTC-01225,34,Male,Main Campus - Gaborone,Diploma in Engineering,2,2025,Semester 2,2027,Referral,16.9,0,Primary,0,0,72.9,45.1,1,2,Active,1
GTC-01226,42,Female,Extension Campus - Mogoditshane,Certificate in Construction,1,2024,Semester 2,2025,Agent,56.8,1,Tertiary,0,0,79.0,30.0,5,2,Graduated,0
GTC-01227,29,Male,Main Campus - Gaborone,Certificate in Construction,1,2023,Semester 1,2024,Agent,76.1,0,Tertiary,1,0,75.2,71.2,0,0,Graduated,0
GTC-01228,34,Female,Main Campus - Gaborone,Diploma in Accounting,2,2023,Semester 1,2025,School Fair,49.3,1,Secondary,0,1,74.7,74.2,0,1,Graduated,0
GTC-01229,44,Male,Block 8 Campus,Certificate in Hospitality,1,2023,Semester 1,2024,Facebook Ad,31.6,1,Tertiary,0,0,69.3,37.1,1,2,Graduated,0
GTC-01230,25,Female,Main Campus - Gaborone,Diploma in Accounting,2,2025,Semester 1,2027,Facebook Ad,0.8,1,None,0,1,72.0,36.5,2,3,Active,1
GTC-01231,31,Male,Block 8 Campus,Certificate in Auto Mechanics,1,2023,Semester 2,2024,Website Form,63.4,0,None,1,0,56.9,49.2,1,2,Dropped Out,0
GTC-01232,29,Female,Extension Campus - Mogoditshane,Certificate in Business Admin,1,2024,Semester 2,2025,Referral,13.6,0,None,0,0,70.9,30.0,3,3,Dropped Out,0
GTC-01233,31,Female,Block 8 Campus,Diploma in Health Sciences,2,2024,Semester 2,2026,Radio Ad,3.6,1,None,1,1,68.1,36.7,3,3,Active,1
GTC-01234,38,Male,Block 8 Campus,Diploma in IT,2,2023,Semester 1,2025,Open Day,27.4,0,None,0,0,66.9,30.0,4,3,Dropped Out,0
GTC-01235,39,Male,Block 8 Campus,Diploma in IT,2,2023,Semester 1,2025,Website Form,22.4,0,Tertiary,0,0,77.5,47.3,1,1,Dropped Out,0
GTC-01236,26,Male,Main Campus - Gaborone,Certificate in Auto Mechanics,1,2025,Semester 2,2026,School Fair,12.7,0,Primary,0,1,56.6,30.0,2,3,Dropped Out,0
GTC-01237,22,Male,Extension Campus - Mogoditshane,Diploma in Health Sciences,2,2025,Semester 2,2027,Walk-In,34.8,1,None,0,0,75.8,89.3,0,0,Active,0
GTC-01238,29,Male,Block 8 Campus,Diploma in IT,2,2024,Semester 1,2026,Radio Ad,40.6,1,None,0,1,67.8,46.7,1,2,Dropped Out,0
GTC-01239,38,Female,Block 8 Campus,Certificate in Auto Mechanics,1,2023,Semester 2,2024,Open Day,42.7,1,Secondary,1,0,84.8,37.1,4,2,Dropped Out,0
GTC-01240,45,Male,Block 8 Campus,Certificate in Hospitality,1,2024,Semester 1,2025,Open Day,62.1,1,Primary,1,0,75.3,44.0,2,2,Dropped Out,0
GTC-01241,33,Female,Extension Campus - Mogoditshane,Certificate in Business Admin,1,2024,Semester 1,2025,Agent,14.4,0,Primary,0,0,67.6,30.0,2,3,Dropped Out,0
GTC-01242,29,Male,Main Campus - Gaborone,Diploma in Health Sciences,2,2025,Semester 1,2027,School Fair,49.9,0,Primary,1,1,72.6,30.0,2,3,Dropped Out,0
GTC-01243,26,Male,Extension Campus - Mogoditshane,Diploma in Health Sciences,2,2024,Semester 2,2026,Facebook Ad,5.6,1,None,0,0,70.7,51.4,0,1,Active,1
GTC-01244,42,Male,Block 8 Campus,Diploma in IT,2,2023,Semester 2,2025,School Fair,18.1,1,Tertiary,1,0,92.5,68.4,1,0,Graduated,0
GTC-01245,26,Female,Block 8 Campus,Certificate in Hospitality,1,2025,Semester 1,2026,School Fair,81.4,1,Tertiary,0,1,74.8,59.4,0,1,Active,1
GTC-01246,40,Male,Extension Campus - Mogoditshane,Certificate in Hospitality,1,2023,Semester 2,2024,Radio Ad,84.3,1,None,1,0,71.8,42.5,1,2,Graduated,0
GTC-01247,44,Female,Main Campus - Gaborone,Diploma in Engineering,2,2024,Semester 2,2026,Open Day,33.9,1,Primary,0,1,63.3,30.0,4,3,Active,1
GTC-01248,29,Male,Block 8 Campus,Diploma in IT,2,2025,Semester 2,2027,Referral,69.5,1,Tertiary,0,0,80.1,53.9,1,0,Active,1
GTC-01249,44,Male,Extension Campus - Mogoditshane,Diploma in IT,2,2023,Semester 1,2025,Facebook Ad,76.9,0,Secondary,0,1,54.8,30.0,2,3,Dropped Out,0
GTC-01250,23,Female,Main Campus - Gaborone,Certificate in Hospitality,1,2023,Semester 1,2024,Walk-In,81.4,1,None,1,0,75.0,58.5,3,1,Dropped Out,0
GTC-01251,41,Male,Block 8 Campus,Diploma in Accounting,2,2024,Semester 1,2026,School Fair,72.8,1,Secondary,0,1,74.1,44.3,2,3,Active,1
GTC-01252,23,Female,Main Campus - Gaborone,Diploma in IT,2,2025,Semester 1,2027,Website Form,48.2,0,Primary,1,0,67.9,61.1,1,1,Dropped Out,0
GTC-01253,42,Female,Extension Campus - Mogoditshane,Diploma in Health Sciences,2,2024,Semester 1,2026,Walk-In,10.5,1,Tertiary,1,1,81.7,30.8,3,2,Dropped Out,0
GTC-01254,23,Female,Extension Campus - Mogoditshane,Certificate in Business Admin,1,2025,Semester 1,2026,Open Day,29.4,0,None,0,1,62.6,30.0,3,3,Active,1
GTC-01255,31,Female,Block 8 Campus,Certificate in Construction,1,2023,Semester 2,2024,Referral,32.9,0,Primary,0,0,67.5,30.0,2,3,Dropped Out,0
GTC-01256,23,Female,Block 8 Campus,Diploma in Engineering,2,2024,Semester 1,2026,School Fair,14.5,1,Secondary,0,0,92.5,54.3,2,1,Active,1
GTC-01257,21,Female,Main Campus - Gaborone,Diploma in IT,2,2025,Semester 2,2027,Open Day,78.0,1,Primary,1,0,85.5,68.3,0,0,Active,0
GTC-01258,25,Female,Extension Campus - Mogoditshane,Certificate in Construction,1,2025,Semester 1,2026,Radio Ad,62.7,0,Secondary,0,0,70.5,44.4,2,3,Active,1
GTC-01259,42,Male,Extension Campus - Mogoditshane,Diploma in Health Sciences,2,2024,Semester 1,2026,Website Form,74.2,0,Primary,1,0,52.1,30.0,5,3,Dropped Out,0
GTC-01260,34,Female,Extension Campus - Mogoditshane,Certificate in Hospitality,1,2025,Semester 1,2026,Website Form,59.6,0,Tertiary,1,0,70.7,50.7,1,1,Active,1
GTC-01261,27,Male,Extension Campus - Mogoditshane,Certificate in Construction,1,2025,Semester 2,2026,Facebook Ad,66.9,1,Primary,1,0,80.1,62.4,2,1,Active,1
GTC-01262,23,Female,Block 8 Campus,Diploma in Engineering,2,2025,Semester 2,2027,School Fair,50.3,1,Primary,0,1,61.0,51.7,2,2,Dropped Out,0
GTC-01263,36,Male,Extension Campus - Mogoditshane,Diploma in IT,2,2023,Semester 2,2025,Agent,14.9,1,None,1,0,92.4,47.4,3,2,Graduated,0
GTC-01264,29,Female,Main Campus - Gaborone,Diploma in Engineering,2,2023,Semester 2,2025,Referral,55.2,1,Primary,0,1,57.5,30.0,4,3,Dropped Out,0
GTC-01265,23,Male,Main Campus - Gaborone,Diploma in Accounting,2,2024,Semester 1,2026,Facebook Ad,80.7,1,None,0,0,74.8,48.8,1,2,Dropped Out,0
GTC-01266,26,Female,Main Campus - Gaborone,Diploma in Health Sciences,2,2023,Semester 2,2025,Agent,74.0,1,Primary,0,0,74.7,36.2,3,3,Dropped Out,0
GTC-01267,31,Male,Block 8 Campus,Diploma in Health Sciences,2,2025,Semester 1,2027,School Fair,57.4,1,Primary,0,1,52.1,30.0,4,3,Active,1
GTC-01268,24,Male,Block 8 Campus,Certificate in Construction,1,2024,Semester 2,2025,Facebook Ad,77.9,1,Primary,0,0,77.1,48.1,0,1,Graduated,0
GTC-01269,31,Male,Block 8 Campus,Diploma in Accounting,2,2023,Semester 1,2025,Referral,74.9,0,Tertiary,1,1,59.6,30.0,2,3,Dropped Out,0
GTC-01270,37,Male,Main Campus - Gaborone,Diploma in Accounting,2,2025,Semester 1,2027,Walk-In,75.0,1,Primary,1,1,73.5,32.7,3,3,Dropped Out,0
GTC-01271,28,Male,Extension Campus - Mogoditshane,Diploma in Health Sciences,2,2025,Semester 2,2027,Open Day,48.7,0,Primary,1,1,64.1,30.0,4,3,Dropped Out,0
GTC-01272,36,Male,Block 8 Campus,Certificate in Auto Mechanics,1,2023,Semester 1,2024,Agent,62.5,1,None,0,1,64.0,30.0,4,3,Dropped Out,0
GTC-01273,26,Male,Main Campus - Gaborone,Diploma in Health Sciences,2,2025,Semester 2,2027,School Fair,27.6,1,None,0,1,66.4,50.4,2,2,Dropped Out,0
GTC-01274,33,Female,Extension Campus - Mogoditshane,Certificate in Business Admin,1,2024,Semester 1,2025,Open Day,43.2,0,Secondary,1,0,80.9,30.0,2,2,Graduated,0
GTC-01275,45,Female,Block 8 Campus,Diploma in Accounting,2,2024,Semester 2,2026,Radio Ad,57.9,1,Primary,1,0,69.9,57.7,1,1,Active,1
GTC-01276,44,Male,Main Campus - Gaborone,Diploma in Engineering,2,2024,Semester 2,2026,Radio Ad,49.2,1,Secondary,1,0,82.3,39.1,2,2,Dropped Out,0
GTC-01277,31,Female,Main Campus - Gaborone,Certificate in Construction,1,2023,Semester 1,2024,School Fair,38.0,0,Primary,1,0,65.2,30.0,2,3,Dropped Out,0
GTC-01278,21,Male,Main Campus - Gaborone,Diploma in Engineering,2,2024,Semester 2,2026,Open Day,77.5,1,None,0,0,76.1,30.0,3,2,Active,1
GTC-01279,43,Male,Block 8 Campus,Certificate in Auto Mechanics,1,2023,Semester 2,2024,School Fair,26.2,0,Tertiary,0,1,54.6,30.0,0,2,Dropped Out,0
GTC-01280,38,Female,Extension Campus - Mogoditshane,Diploma in Engineering,2,2023,Semester 1,2025,Open Day,5.5,1,Tertiary,0,0,82.6,40.1,1,1,Graduated,0
GTC-01281,23,Male,Main Campus - Gaborone,Diploma in Health Sciences,2,2023,Semester 1,2025,Open Day,16.7,0,Primary,0,0,65.0,30.0,2,3,Dropped Out,0
GTC-01282,21,Male,Block 8 Campus,Certificate in Construction,1,2023,Semester 1,2024,Open Day,8.1,0,None,0,0,73.6,30.0,3,3,Dropped Out,0
GTC-01283,40,Male,Main Campus - Gaborone,Certificate in Hospitality,1,2024,Semester 2,2025,Walk-In,10.0,1,Tertiary,1,0,88.9,53.8,2,1,Graduated,0
GTC-01284,29,Female,Extension Campus - Mogoditshane,Diploma in Engineering,2,2024,Semester 1,2026,Referral,56.2,1,None,0,0,65.3,39.9,2,3,Dropped Out,0
GTC-01285,33,Male,Block 8 Campus,Diploma in Health Sciences,2,2025,Semester 2,2027,School Fair,57.8,1,None,1,0,83.6,56.3,0,0,Active,0
GTC-01286,20,Female,Main Campus - Gaborone,Certificate in Hospitality,1,2024,Semester 1,2025,Facebook Ad,40.7,0,Primary,1,1,66.5,37.2,2,3,Dropped Out,0
GTC-01287,38,Male,Block 8 Campus,Diploma in Engineering,2,2024,Semester 1,2026,Radio Ad,51.3,1,Primary,0,0,60.7,36.7,4,3,On Leave,0
GTC-01288,22,Female,Extension Campus - Mogoditshane,Diploma in Engineering,2,2025,Semester 2,2027,Referral,8.0,1,None,1,0,92.4,90.9,0,0,Active,0
GTC-01289,30,Male,Main Campus - Gaborone,Diploma in IT,2,2025,Semester 1,2027,Walk-In,20.8,1,None,0,0,81.8,60.7,0,0,Active,0
GTC-01290,43,Female,Extension Campus - Mogoditshane,Diploma in Engineering,2,2025,Semester 2,2027,Website Form,84.9,1,Tertiary,0,1,66.6,62.3,0,1,Dropped Out,0
GTC-01291,23,Female,Main Campus - Gaborone,Diploma in Health Sciences,2,2025,Semester 1,2027,Facebook Ad,79.8,1,Primary,0,1,74.0,37.7,1,2,Active,1
GTC-01292,25,Female,Extension Campus - Mogoditshane,Certificate in Auto Mechanics,1,2023,Semester 1,2024,Referral,21.0,1,Secondary,1,0,90.0,60.7,0,0,Graduated,0
GTC-01293,32,Female,Block 8 Campus,Diploma in IT,2,2023,Semester 2,2025,Referral,71.5,0,Primary,1,0,55.5,30.0,3,3,Dropped Out,0
GTC-01294,30,Female,Main Campus - Gaborone,Certificate in Hospitality,1,2023,Semester 1,2024,Agent,3.7,1,Tertiary,0,0,88.3,57.2,1,0,Graduated,0
GTC-01295,44,Female,Extension Campus - Mogoditshane,Diploma in Engineering,2,2023,Semester 1,2025,Referral,16.2,1,Primary,1,0,82.5,49.7,1,1,Graduated,0
GTC-01296,36,Female,Main Campus - Gaborone,Certificate in Hospitality,1,2024,Semester 2,2025,Radio Ad,50.2,0,Primary,1,0,53.0,30.0,3,3,Dropped Out,0
GTC-01297,32,Male,Block 8 Campus,Diploma in Health Sciences,2,2023,Semester 2,2025,Facebook Ad,21.4,1,None,0,0,83.8,48.5,2,2,Graduated,0
GTC-01298,41,Male,Extension Campus - Mogoditshane,Certificate in Business Admin,1,2023,Semester 1,2024,Agent,1.3,1,None,1,1,72.0,66.9,0,1,Graduated,0
GTC-01299,41,Male,Block 8 Campus,Certificate in Hospitality,1,2023,Semester 2,2024,Facebook Ad,18.9,1,Primary,0,0,86.7,40.7,0,1,Dropped Out,0
GTC-01300,37,Female,Extension Campus - Mogoditshane,Certificate in Construction,1,2025,Semester 2,2026,Referral,14.0,0,Primary,1,1,55.6,30.0,3,3,Dropped Out,0
GTC-01301,44,Male,Main Campus - Gaborone,Certificate in Auto Mechanics,1,2024,Semester 2,2025,Facebook Ad,53.1,1,Tertiary,1,0,78.6,57.0,0,0,Graduated,0
GTC-01302,38,Female,Block 8 Campus,Diploma in Engineering,2,2023,Semester 1,2025,Open Day,56.2,1,None,1,0,78.6,39.3,0,1,Dropped Out,0
GTC-01303,42,Female,Main Campus - Gaborone,Diploma in Accounting,2,2023,Semester 2,2025,Open Day,22.3,0,Secondary,1,1,74.9,40.3,3,3,Dropped Out,0
GTC-01304,33,Female,Block 8 Campus,Certificate in Hospitality,1,2025,Semester 1,2026,Facebook Ad,42.4,0,None,1,1,57.6,30.0,2,3,Dropped Out,0
GTC-01305,37,Male,Extension Campus - Mogoditshane,Certificate in Hospitality,1,2025,Semester 2,2026,School Fair,18.2,1,Secondary,0,0,80.5,65.7,0,0,Active,0
GTC-01306,33,Female,Main Campus - Gaborone,Certificate in Auto Mechanics,1,2025,Semester 2,2026,Radio Ad,65.9,1,None,0,0,63.7,30.0,4,3,Dropped Out,0
GTC-01307,43,Female,Extension Campus - Mogoditshane,Diploma in IT,2,2025,Semester 2,2027,Facebook Ad,41.3,1,Primary,0,0,79.2,61.2,1,0,Active,0
GTC-01308,43,Female,Extension Campus - Mogoditshane,Diploma in IT,2,2024,Semester 2,2026,Facebook Ad,62.1,0,Secondary,0,0,72.9,30.0,3,3,Active,1
GTC-01309,30,Male,Extension Campus - Mogoditshane,Certificate in Auto Mechanics,1,2024,Semester 1,2025,Walk-In,24.6,1,None,0,1,77.8,59.7,0,0,Graduated,0
GTC-01310,43,Male,Main Campus - Gaborone,Certificate in Business Admin,1,2025,Semester 1,2026,School Fair,50.2,1,Primary,0,0,70.5,61.3,0,1,Active,1
GTC-01311,38,Male,Extension Campus - Mogoditshane,Certificate in Auto Mechanics,1,2025,Semester 1,2026,Radio Ad,33.6,1,Secondary,1,0,95.3,49.9,0,1,Active,1
GTC-01312,31,Male,Main Campus - Gaborone,Diploma in IT,2,2023,Semester 2,2025,Referral,22.8,1,None,0,0,77.5,38.2,1,1,Graduated,0
GTC-01313,19,Male,Main Campus - Gaborone,Certificate in Business Admin,1,2025,Semester 1,2026,Referral,73.6,1,Primary,0,0,69.5,53.4,1,1,Active,1
GTC-01314,28,Male,Block 8 Campus,Certificate in Hospitality,1,2023,Semester 1,2024,Facebook Ad,50.7,1,Secondary,0,0,78.4,51.9,1,0,Graduated,0
GTC-01315,39,Male,Block 8 Campus,Certificate in Auto Mechanics,1,2024,Semester 2,2025,Referral,25.5,0,None,0,0,62.5,30.0,2,3,Dropped Out,0
GTC-01316,20,Female,Block 8 Campus,Certificate in Business Admin,1,2025,Semester 2,2026,School Fair,49.2,1,Tertiary,0,0,92.8,74.6,1,0,Active,0
GTC-01317,29,Male,Main Campus - Gaborone,Diploma in Engineering,2,2025,Semester 2,2027,Facebook Ad,63.0,1,Primary,1,0,79.7,59.3,0,0,Dropped Out,0
GTC-01318,44,Male,Block 8 Campus,Certificate in Hospitality,1,2023,Semester 2,2024,Agent,20.7,0,Secondary,1,0,76.6,47.3,0,1,Dropped Out,0
GTC-01319,35,Male,Main Campus - Gaborone,Certificate in Hospitality,1,2025,Semester 1,2026,Facebook Ad,84.0,1,Primary,0,1,64.1,30.0,4,3,Active,1
GTC-01320,29,Female,Extension Campus - Mogoditshane,Certificate in Construction,1,2023,Semester 1,2024,Radio Ad,82.4,1,Tertiary,1,0,89.5,45.9,0,1,Graduated,0
GTC-01321,26,Female,Extension Campus - Mogoditshane,Diploma in Engineering,2,2023,Semester 2,2025,Referral,63.6,0,Secondary,0,0,71.2,30.0,2,3,Dropped Out,0
GTC-01322,35,Female,Block 8 Campus,Certificate in Construction,1,2025,Semester 1,2026,Referral,75.4,0,Secondary,1,0,65.0,45.8,0,2,Dropped Out,0
GTC-01323,33,Male,Block 8 Campus,Diploma in Health Sciences,2,2024,Semester 1,2026,School Fair,82.4,1,Tertiary,0,1,68.5,30.0,4,3,Dropped Out,0
GTC-01324,31,Female,Main Campus - Gaborone,Diploma in Engineering,2,2023,Semester 2,2025,Facebook Ad,31.4,1,None,1,1,73.1,51.5,0,1,Dropped Out,0
GTC-01325,33,Male,Block 8 Campus,Diploma in Health Sciences,2,2023,Semester 2,2025,Open Day,48.8,1,Primary,1,1,77.4,36.5,2,2,Graduated,0
GTC-01326,26,Female,Main Campus - Gaborone,Certificate in Business Admin,1,2025,Semester 2,2026,Open Day,49.8,1,Tertiary,1,0,98.5,80.9,0,0,Active,0
GTC-01327,27,Female,Extension Campus - Mogoditshane,Certificate in Hospitality,1,2024,Semester 2,2025,Agent,75.3,1,Primary,0,0,74.2,30.0,2,3,Graduated,0
GTC-01328,29,Female,Main Campus - Gaborone,Diploma in Engineering,2,2023,Semester 2,2025,Open Day,68.2,1,Secondary,1,1,72.0,37.3,3,3,Dropped Out,0
GTC-01329,25,Male,Main Campus - Gaborone,Diploma in Engineering,2,2025,Semester 2,2027,School Fair,66.9,1,Tertiary,1,1,68.7,59.5,2,2,Active,1
GTC-01330,32,Female,Extension Campus - Mogoditshane,Diploma in Engineering,2,2024,Semester 1,2026,Open Day,40.5,1,Primary,1,0,85.3,58.7,2,1,Dropped Out,0
GTC-01331,21,Female,Extension Campus - Mogoditshane,Diploma in IT,2,2023,Semester 2,2025,School Fair,19.8,0,Secondary,1,1,80.0,30.0,1,1,Graduated,0
GTC-01332,18,Female,Block 8 Campus,Certificate in Construction,1,2023,Semester 2,2024,Referral,58.8,1,Tertiary,1,0,92.8,51.1,0,0,Graduated,0
GTC-01333,25,Male,Main Campus - Gaborone,Diploma in IT,2,2025,Semester 2,2027,Referral,83.7,1,Primary,1,0,79.6,76.4,0,0,Active,0
GTC-01334,24,Male,Block 8 Campus,Diploma in IT,2,2024,Semester 2,2026,Referral,62.2,1,Tertiary,1,0,88.6,85.1,0,0,Active,0
GTC-01335,27,Male,Extension Campus - Mogoditshane,Diploma in Accounting,2,2023,Semester 1,2025,Open Day,67.3,1,None,1,0,80.8,59.1,1,0,Graduated,0
GTC-01336,23,Female,Block 8 Campus,Diploma in Health Sciences,2,2023,Semester 2,2025,Walk-In,71.6,1,Primary,1,1,66.9,30.0,2,3,Dropped Out,0
GTC-01337,43,Female,Block 8 Campus,Diploma in Health Sciences,2,2025,Semester 1,2027,Referral,49.0,1,Tertiary,0,1,73.5,30.0,1,2,Active,1
GTC-01338,44,Female,Extension Campus - Mogoditshane,Certificate in Business Admin,1,2024,Semester 2,2025,Walk-In,50.3,1,Secondary,0,1,73.6,30.0,2,3,Dropped Out,0
GTC-01339,45,Female,Block 8 Campus,Certificate in Hospitality,1,2023,Semester 1,2024,School Fair,82.9,1,Tertiary,1,1,65.5,41.4,1,2,Dropped Out,0
GTC-01340,39,Male,Block 8 Campus,Diploma in Accounting,2,2025,Semester 2,2027,School Fair,21.7,1,None,1,0,68.2,48.9,0,2,Dropped Out,0
GTC-01341,36,Female,Block 8 Campus,Diploma in Accounting,2,2023,Semester 1,2025,Website Form,34.1,1,Tertiary,1,0,90.0,61.0,0,0,Graduated,0
GTC-01342,35,Female,Main Campus - Gaborone,Certificate in Construction,1,2025,Semester 2,2026,Facebook Ad,33.3,1,None,0,1,60.5,30.0,3,3,Active,1
GTC-01343,35,Female,Block 8 Campus,Diploma in IT,2,2025,Semester 2,2027,Agent,58.5,1,Tertiary,1,0,82.4,40.0,0,1,Dropped Out,0
GTC-01344,30,Male,Main Campus - Gaborone,Diploma in IT,2,2025,Semester 1,2027,Agent,7.6,1,None,1,1,73.3,61.8,0,1,Active,1
GTC-01345,34,Female,Block 8 Campus,Certificate in Construction,1,2024,Semester 2,2025,Website Form,8.9,0,Secondary,0,1,62.2,30.5,3,3,Dropped Out,0
GTC-01346,43,Male,Block 8 Campus,Diploma in IT,2,2024,Semester 1,2026,Agent,32.8,1,None,1,0,80.0,61.8,0,0,Active,0
GTC-01347,22,Male,Main Campus - Gaborone,Diploma in Health Sciences,2,2025,Semester 2,2027,Walk-In,43.8,1,Secondary,0,0,83.6,66.3,0,0,Active,0
GTC-01348,43,Female,Main Campus - Gaborone,Certificate in Hospitality,1,2025,Semester 2,2026,Walk-In,15.1,0,Secondary,0,0,68.5,50.2,1,1,Active,1
GTC-01349,26,Male,Extension Campus - Mogoditshane,Diploma in Health Sciences,2,2025,Semester 1,2027,Open Day,50.9,0,Tertiary,1,1,64.6,53.8,1,1,Active,1
GTC-01350,27,Female,Main Campus - Gaborone,Certificate in Auto Mechanics,1,2023,Semester 2,2024,Agent,64.0,1,None,0,0,71.3,33.7,2,3,Dropped Out,0
GTC-01351,44,Male,Main Campus - Gaborone,Diploma in Health Sciences,2,2023,Semester 1,2025,Referral,23.3,1,None,0,0,81.9,40.9,1,1,Graduated,0
GTC-01352,37,Male,Block 8 Campus,Certificate in Hospitality,1,2024,Semester 1,2025,Walk-In,19.7,1,Tertiary,0,0,82.9,30.0,0,1,Dropped Out,0
GTC-01353,27,Male,Extension Campus - Mogoditshane,Diploma in Health Sciences,2,2025,Semester 2,2027,Radio Ad,17.5,1,Primary,0,1,64.1,30.0,0,2,Dropped Out,0
GTC-01354,36,Female,Main Campus - Gaborone,Certificate in Hospitality,1,2025,Semester 1,2026,Radio Ad,82.6,1,Secondary,0,0,73.2,30.0,3,3,Dropped Out,0
GTC-01355,34,Male,Main Campus - Gaborone,Certificate in Auto Mechanics,1,2023,Semester 1,2024,Agent,34.5,0,Primary,0,0,60.6,31.0,2,3,Graduated,0
GTC-01356,42,Male,Block 8 Campus,Diploma in Engineering,2,2024,Semester 1,2026,Agent,70.1,0,Secondary,1,0,60.0,55.2,0,1,Active,1
GTC-01357,38,Female,Main Campus - Gaborone,Certificate in Auto Mechanics,1,2025,Semester 1,2026,Radio Ad,75.2,1,None,1,0,69.7,49.4,0,2,Active,1
GTC-01358,32,Male,Extension Campus - Mogoditshane,Diploma in Accounting,2,2024,Semester 2,2026,Website Form,59.9,1,Tertiary,1,1,77.8,62.9,0,0,Active,0
GTC-01359,19,Female,Extension Campus - Mogoditshane,Certificate in Hospitality,1,2024,Semester 1,2025,Website Form,49.8,1,None,0,1,71.6,30.0,1,2,Dropped Out,0
GTC-01360,35,Male,Extension Campus - Mogoditshane,Diploma in Accounting,2,2025,Semester 2,2027,Agent,17.9,1,Primary,0,0,78.7,30.0,1,1,Dropped Out,0
GTC-01361,38,Male,Extension Campus - Mogoditshane,Certificate in Construction,1,2025,Semester 1,2026,Facebook Ad,13.6,1,Tertiary,0,0,88.9,79.2,0,0,On Leave,0
GTC-01362,30,Female,Extension Campus - Mogoditshane,Diploma in IT,2,2023,Semester 1,2025,Open Day,50.0,1,Primary,0,1,68.5,30.0,5,3,Dropped Out,0
GTC-01363,45,Female,Extension Campus - Mogoditshane,Diploma in Accounting,2,2025,Semester 2,2027,Walk-In,21.0,1,Tertiary,0,0,77.5,33.8,0,1,Active,1
GTC-01364,29,Female,Main Campus - Gaborone,Certificate in Auto Mechanics,1,2024,Semester 1,2025,Facebook Ad,65.2,0,Primary,1,1,52.4,30.0,1,2,Dropped Out,0
GTC-01365,29,Male,Extension Campus - Mogoditshane,Certificate in Business Admin,1,2025,Semester 2,2026,School Fair,44.2,0,Secondary,1,1,72.3,60.9,0,1,Dropped Out,0
GTC-01366,33,Male,Extension Campus - Mogoditshane,Certificate in Business Admin,1,2023,Semester 1,2024,Website Form,72.4,1,Tertiary,1,0,89.2,30.0,2,2,Dropped Out,0
GTC-01367,38,Female,Block 8 Campus,Certificate in Auto Mechanics,1,2025,Semester 1,2026,Radio Ad,20.1,0,Secondary,1,0,91.6,43.2,1,1,Active,1
GTC-01368,44,Female,Extension Campus - Mogoditshane,Diploma in Health Sciences,2,2024,Semester 1,2026,Facebook Ad,37.0,0,Secondary,0,0,71.9,36.3,3,3,Active,1
GTC-01369,23,Male,Extension Campus - Mogoditshane,Certificate in Auto Mechanics,1,2023,Semester 1,2024,Agent,81.8,0,Primary,0,1,48.1,30.0,4,3,Dropped Out,0
GTC-01370,23,Male,Main Campus - Gaborone,Diploma in Engineering,2,2024,Semester 1,2026,Agent,72.7,0,None,0,0,65.8,30.0,3,3,Active,1
GTC-01371,27,Female,Block 8 Campus,Certificate in Auto Mechanics,1,2025,Semester 2,2026,Agent,15.4,1,Secondary,0,0,86.3,75.7,0,0,Active,0
GTC-01372,32,Male,Block 8 Campus,Diploma in IT,2,2023,Semester 1,2025,Facebook Ad,43.9,1,None,0,0,75.6,52.1,0,0,Graduated,0
GTC-01373,33,Female,Extension Campus - Mogoditshane,Diploma in IT,2,2025,Semester 2,2027,School Fair,59.1,0,Secondary,1,0,65.7,30.0,3,3,Active,1
GTC-01374,24,Male,Main Campus - Gaborone,Diploma in Health Sciences,2,2025,Semester 2,2027,Walk-In,49.1,1,Tertiary,0,1,77.9,32.7,3,2,Active,1
GTC-01375,31,Female,Block 8 Campus,Certificate in Business Admin,1,2023,Semester 1,2024,Website Form,63.6,0,Secondary,1,0,71.8,65.1,0,1,Graduated,0
GTC-01376,25,Female,Extension Campus - Mogoditshane,Diploma in IT,2,2023,Semester 1,2025,Open Day,82.6,1,Tertiary,0,0,81.6,65.6,0,0,Graduated,0
GTC-01377,27,Female,Block 8 Campus,Certificate in Business Admin,1,2024,Semester 2,2025,Walk-In,52.6,1,Secondary,1,1,79.9,39.0,1,1,Graduated,0
GTC-01378,44,Male,Main Campus - Gaborone,Diploma in Health Sciences,2,2023,Semester 2,2025,Radio Ad,32.6,1,Secondary,0,0,79.6,62.2,2,1,Graduated,0
GTC-01379,33,Female,Block 8 Campus,Diploma in Accounting,2,2023,Semester 2,2025,Walk-In,2.7,0,Secondary,1,1,63.7,32.9,0,2,Dropped Out,0
GTC-01380,43,Female,Block 8 Campus,Diploma in Accounting,2,2025,Semester 2,2027,Open Day,12.4,1,Primary,0,1,54.5,44.7,2,3,Dropped Out,0
GTC-01381,41,Male,Block 8 Campus,Certificate in Auto Mechanics,1,2024,Semester 1,2025,Radio Ad,30.7,1,Tertiary,0,0,80.9,67.2,1,0,Graduated,0
GTC-01382,36,Female,Block 8 Campus,Certificate in Hospitality,1,2024,Semester 2,2025,Agent,36.4,1,None,0,0,77.0,38.9,0,1,Graduated,0
GTC-01383,20,Female,Main Campus - Gaborone,Certificate in Business Admin,1,2024,Semester 1,2025,Facebook Ad,21.6,1,Tertiary,1,1,79.5,50.5,0,0,Dropped Out,0
GTC-01384,37,Female,Extension Campus - Mogoditshane,Certificate in Construction,1,2024,Semester 2,2025,Radio Ad,28.4,1,None,1,0,80.6,48.2,2,2,Dropped Out,0
GTC-01385,43,Male,Block 8 Campus,Diploma in Accounting,2,2023,Semester 1,2025,Walk-In,34.7,1,Primary,1,0,84.9,31.1,0,1,Graduated,0
GTC-01386,18,Female,Main Campus - Gaborone,Diploma in Engineering,2,2024,Semester 1,2026,Facebook Ad,24.9,1,Tertiary,1,1,88.5,53.1,0,0,Dropped Out,0
GTC-01387,45,Female,Block 8 Campus,Certificate in Hospitality,1,2023,Semester 1,2024,Radio Ad,12.0,1,None,1,1,68.1,53.8,1,1,Graduated,0
GTC-01388,22,Male,Main Campus - Gaborone,Diploma in IT,2,2023,Semester 1,2025,School Fair,22.1,1,Primary,0,1,68.3,30.0,2,3,Dropped Out,0
GTC-01389,24,Male,Main Campus - Gaborone,Diploma in Accounting,2,2024,Semester 2,2026,Referral,28.7,1,Primary,0,1,65.5,42.3,1,2,Dropped Out,0
GTC-01390,34,Female,Block 8 Campus,Certificate in Hospitality,1,2024,Semester 1,2025,Walk-In,62.2,1,Secondary,1,0,77.7,52.2,0,0,Graduated,0
GTC-01391,36,Female,Main Campus - Gaborone,Certificate in Auto Mechanics,1,2023,Semester 2,2024,Agent,71.0,1,Primary,0,0,74.2,30.0,2,3,Dropped Out,0
GTC-01392,30,Male,Block 8 Campus,Certificate in Hospitality,1,2025,Semester 1,2026,Agent,35.7,1,Tertiary,0,0,98.7,65.1,0,0,Active,0
GTC-01393,26,Female,Block 8 Campus,Certificate in Construction,1,2025,Semester 1,2026,Website Form,18.1,1,Tertiary,1,0,88.7,67.2,0,0,Active,0
GTC-01394,40,Female,Block 8 Campus,Diploma in Engineering,2,2024,Semester 1,2026,Website Form,40.6,1,Tertiary,0,0,85.6,34.5,0,1,Active,1
GTC-01395,39,Female,Block 8 Campus,Certificate in Construction,1,2025,Semester 2,2026,School Fair,57.0,1,None,1,0,80.4,33.2,1,1,Active,1
GTC-01396,43,Male,Block 8 Campus,Certificate in Business Admin,1,2024,Semester 1,2025,Facebook Ad,9.1,0,Primary,0,1,60.9,30.0,3,3,Dropped Out,0
GTC-01397,40,Male,Main Campus - Gaborone,Certificate in Business Admin,1,2024,Semester 2,2025,Open Day,81.5,0,None,0,1,40.5,30.0,4,3,Dropped Out,0
GTC-01398,30,Male,Extension Campus - Mogoditshane,Diploma in Accounting,2,2024,Semester 2,2026,Radio Ad,27.8,1,Primary,0,0,78.3,39.2,0,1,Active,1
GTC-01399,24,Male,Block 8 Campus,Diploma in Engineering,2,2025,Semester 2,2027,Walk-In,18.7,0,Secondary,0,0,76.9,45.2,0,1,Active,1
GTC-01400,32,Male,Extension Campus - Mogoditshane,Diploma in Health Sciences,2,2024,Semester 1,2026,Agent,58.1,1,Primary,1,0,77.6,86.5,0,0,On Leave,0
GTC-01401,30,Male,Extension Campus - Mogoditshane,Diploma in Accounting,2,2025,Semester 1,2027,Facebook Ad,17.0,1,Secondary,1,0,97.8,63.3,0,0,Active,0
GTC-01402,27,Male,Extension Campus - Mogoditshane,Diploma in Accounting,2,2023,Semester 1,2025,Facebook Ad,73.6,1,Primary,1,0,78.8,37.4,4,2,Dropped Out,0
GTC-01403,40,Male,Main Campus - Gaborone,Diploma in IT,2,2024,Semester 1,2026,Walk-In,13.2,1,Tertiary,0,0,87.5,61.8,1,0,Active,0
GTC-01404,25,Female,Main Campus - Gaborone,Certificate in Business Admin,1,2023,Semester 2,2024,Website Form,26.0,1,Primary,0,1,77.0,42.4,0,1,Graduated,0
GTC-01405,33,Male,Main Campus - Gaborone,Diploma in Health Sciences,2,2023,Semester 1,2025,Website Form,67.0,1,None,0,1,52.9,46.8,2,3,Graduated,0
GTC-01406,44,Male,Main Campus - Gaborone,Diploma in Accounting,2,2024,Semester 1,2026,Radio Ad,82.5,1,None,1,1,60.3,31.3,1,2,Active,1
GTC-01407,20,Male,Block 8 Campus,Certificate in Auto Mechanics,1,2025,Semester 2,2026,Open Day,32.7,0,Primary,0,1,58.0,30.9,1,2,Active,1
GTC-01408,30,Male,Extension Campus - Mogoditshane,Diploma in Accounting,2,2023,Semester 1,2025,Radio Ad,10.6,1,None,1,1,76.3,66.0,0,0,Graduated,0
GTC-01409,39,Male,Block 8 Campus,Certificate in Business Admin,1,2024,Semester 2,2025,Website Form,29.0,0,Primary,0,0,66.8,32.4,3,3,Dropped Out,0
GTC-01410,43,Male,Extension Campus - Mogoditshane,Certificate in Auto Mechanics,1,2025,Semester 2,2026,Website Form,36.5,1,Primary,0,1,76.4,69.3,0,0,Active,0
GTC-01411,30,Male,Block 8 Campus,Certificate in Construction,1,2025,Semester 2,2026,Radio Ad,72.5,1,None,0,0,79.4,56.9,1,0,On Leave,0
GTC-01412,18,Male,Main Campus - Gaborone,Diploma in Accounting,2,2025,Semester 2,2027,Facebook Ad,71.4,1,Tertiary,0,0,82.5,55.7,1,0,Active,0
GTC-01413,18,Male,Extension Campus - Mogoditshane,Diploma in Health Sciences,2,2024,Semester 1,2026,Referral,84.0,0,None,0,0,62.2,44.7,3,3,Dropped Out,0
GTC-01414,45,Male,Main Campus - Gaborone,Certificate in Hospitality,1,2023,Semester 1,2024,Radio Ad,15.3,1,None,0,0,72.5,49.4,2,3,Graduated,0
GTC-01415,19,Male,Block 8 Campus,Certificate in Business Admin,1,2023,Semester 2,2024,Open Day,51.7,1,Secondary,0,1,73.5,39.4,0,2,Graduated,0
GTC-01416,28,Male,Block 8 Campus,Certificate in Auto Mechanics,1,2023,Semester 1,2024,Radio Ad,78.5,1,Tertiary,1,0,85.2,49.7,1,1,Graduated,0
GTC-01417,32,Male,Main Campus - Gaborone,Diploma in Engineering,2,2025,Semester 1,2027,Facebook Ad,2.5,1,Secondary,0,0,87.7,38.7,0,1,Dropped Out,0
GTC-01418,42,Male,Extension Campus - Mogoditshane,Diploma in Accounting,2,2024,Semester 2,2026,Agent,68.1,1,Primary,0,1,53.2,30.0,2,3,Dropped Out,0
GTC-01419,42,Female,Block 8 Campus,Diploma in IT,2,2025,Semester 1,2027,Open Day,47.7,0,Primary,1,0,63.5,30.0,3,3,Active,1
GTC-01420,30,Male,Block 8 Campus,Certificate in Construction,1,2025,Semester 2,2026,Website Form,77.8,0,Secondary,0,1,55.8,30.0,2,3,Dropped Out,0
GTC-01421,31,Male,Extension Campus - Mogoditshane,Diploma in Accounting,2,2024,Semester 1,2026,Agent,1.7,1,None,1,0,88.5,56.1,2,1,Active,1
GTC-01422,22,Female,Block 8 Campus,Certificate in Business Admin,1,2023,Semester 2,2024,Facebook Ad,25.8,0,None,1,1,66.5,34.7,2,3,Dropped Out,0
GTC-01423,38,Female,Block 8 Campus,Diploma in Accounting,2,2024,Semester 2,2026,Open Day,73.1,1,None,0,0,71.7,36.2,3,3,Active,1
GTC-01424,26,Male,Block 8 Campus,Diploma in Engineering,2,2024,Semester 1,2026,Website Form,29.4,0,Tertiary,0,1,71.7,31.0,1,2,Dropped Out,0
GTC-01425,23,Female,Extension Campus - Mogoditshane,Diploma in Health Sciences,2,2023,Semester 1,2025,Referral,14.4,1,Primary,0,1,66.2,30.0,4,3,Dropped Out,0
GTC-01426,25,Male,Block 8 Campus,Diploma in Engineering,2,2025,Semester 2,2027,School Fair,4.4,1,Primary,0,0,77.7,63.1,0,0,Active,0
GTC-01427,23,Male,Main Campus - Gaborone,Diploma in IT,2,2024,Semester 1,2026,Agent,39.7,0,Primary,0,0,73.1,30.0,3,3,Dropped Out,0
GTC-01428,44,Male,Block 8 Campus,Certificate in Hospitality,1,2023,Semester 2,2024,Walk-In,82.6,1,Primary,0,0,77.2,30.0,2,2,Dropped Out,0
GTC-01429,31,Male,Extension Campus - Mogoditshane,Diploma in IT,2,2023,Semester 1,2025,School Fair,18.4,1,Tertiary,0,1,74.7,59.1,0,1,Graduated,0
GTC-01430,31,Male,Block 8 Campus,Diploma in Engineering,2,2023,Semester 2,2025,Agent,61.0,1,Tertiary,1,0,87.4,51.4,1,0,Graduated,0
GTC-01431,43,Male,Main Campus - Gaborone,Diploma in IT,2,2024,Semester 2,2026,School Fair,12.1,1,Tertiary,0,0,80.9,76.8,0,0,Active,0
GTC-01432,44,Male,Block 8 Campus,Diploma in IT,2,2025,Semester 1,2027,Referral,80.4,1,None,0,0,68.1,42.5,2,3,Dropped Out,0
GTC-01433,23,Female,Extension Campus - Mogoditshane,Diploma in Health Sciences,2,2023,Semester 1,2025,Walk-In,66.7,1,None,0,0,74.2,30.0,0,2,Graduated,0
GTC-01434,22,Male,Main Campus - Gaborone,Certificate in Business Admin,1,2025,Semester 1,2026,Agent,40.9,1,Tertiary,1,0,95.7,53.4,1,0,Active,1
GTC-01435,35,Female,Extension Campus - Mogoditshane,Diploma in Engineering,2,2023,Semester 1,2025,Agent,69.7,1,Secondary,0,0,81.8,63.4,1,0,Graduated,0
GTC-01436,24,Male,Main Campus - Gaborone,Diploma in IT,2,2025,Semester 1,2027,Open Day,70.7,0,Primary,0,0,60.4,31.8,4,3,Dropped Out,0
GTC-01437,26,Female,Block 8 Campus,Diploma in Health Sciences,2,2024,Semester 1,2026,Radio Ad,82.5,0,Secondary,1,0,82.2,43.8,2,2,Active,1
GTC-01438,24,Male,Main Campus - Gaborone,Certificate in Business Admin,1,2023,Semester 2,2024,Walk-In,69.3,0,Primary,0,0,67.0,34.9,1,2,Dropped Out,0
GTC-01439,20,Male,Block 8 Campus,Diploma in Engineering,2,2024,Semester 2,2026,Website Form,19.1,0,Primary,0,0,66.2,30.0,1,2,Active,1
GTC-01440,32,Female,Extension Campus - Mogoditshane,Diploma in Health Sciences,2,2023,Semester 1,2025,Referral,69.3,1,Secondary,0,1,67.5,32.4,2,3,Dropped Out,0
GTC-01441,36,Female,Block 8 Campus,Diploma in Health Sciences,2,2025,Semester 2,2027,Facebook Ad,12.6,1,Tertiary,0,0,78.5,78.5,2,1,Active,1
GTC-01442,37,Female,Extension Campus - Mogoditshane,Certificate in Hospitality,1,2024,Semester 2,2025,Radio Ad,6.7,1,Secondary,1,0,90.3,66.3,0,0,Graduated,0
GTC-01443,32,Male,Block 8 Campus,Certificate in Construction,1,2024,Semester 2,2025,Radio Ad,32.1,0,Secondary,0,1,62.5,32.4,2,3,Dropped Out,0
GTC-01444,35,Male,Main Campus - Gaborone,Certificate in Hospitality,1,2024,Semester 1,2025,Walk-In,78.8,1,Secondary,1,0,85.1,41.9,1,1,Dropped Out,0
GTC-01445,38,Male,Extension Campus - Mogoditshane,Diploma in Engineering,2,2025,Semester 2,2027,School Fair,0.9,1,Primary,0,0,79.1,95.0,0,0,Active,0
GTC-01446,26,Male,Block 8 Campus,Diploma in Accounting,2,2025,Semester 1,2027,School Fair,84.4,1,Tertiary,0,0,79.0,78.9,0,0,Active,0
GTC-01447,41,Male,Extension Campus - Mogoditshane,Certificate in Hospitality,1,2024,Semester 1,2025,Website Form,54.6,1,Secondary,0,0,75.4,59.3,0,0,Graduated,0
GTC-01448,40,Male,Main Campus - Gaborone,Certificate in Hospitality,1,2023,Semester 2,2024,Website Form,65.0,1,Primary,1,0,73.0,87.3,1,1,Graduated,0
GTC-01449,21,Female,Block 8 Campus,Diploma in IT,2,2025,Semester 1,2027,School Fair,80.9,0,None,1,0,68.7,38.8,3,3,Dropped Out,0
GTC-01450,34,Female,Main Campus - Gaborone,Certificate in Hospitality,1,2024,Semester 1,2025,Facebook Ad,23.7,1,Tertiary,1,1,79.9,39.1,1,1,Graduated,0
GTC-01451,34,Female,Block 8 Campus,Diploma in Accounting,2,2024,Semester 1,2026,Open Day,71.5,1,Secondary,1,0,80.2,30.0,3,2,Dropped Out,0
GTC-01452,37,Male,Block 8 Campus,Certificate in Business Admin,1,2024,Semester 1,2025,Facebook Ad,31.4,0,Tertiary,0,0,73.0,30.0,1,2,Dropped Out,0
GTC-01453,29,Male,Extension Campus - Mogoditshane,Certificate in Hospitality,1,2023,Semester 2,2024,Facebook Ad,40.8,1,Secondary,0,1,78.6,61.4,1,0,Graduated,0
GTC-01454,36,Female,Block 8 Campus,Certificate in Construction,1,2024,Semester 1,2025,Website Form,21.4,0,Primary,0,0,62.0,32.8,3,3,Dropped Out,0
GTC-01455,32,Female,Block 8 Campus,Diploma in IT,2,2023,Semester 2,2025,Referral,79.0,1,Tertiary,0,1,58.1,51.6,1,1,Dropped Out,0
GTC-01456,23,Female,Main Campus - Gaborone,Certificate in Auto Mechanics,1,2024,Semester 2,2025,School Fair,22.1,1,Secondary,0,0,91.2,48.4,1,1,Graduated,0
GTC-01457,25,Male,Extension Campus - Mogoditshane,Certificate in Auto Mechanics,1,2023,Semester 1,2024,Open Day,11.1,0,None,0,0,79.9,55.9,0,0,Graduated,0
GTC-01458,33,Female,Extension Campus - Mogoditshane,Certificate in Business Admin,1,2023,Semester 2,2024,Radio Ad,27.5,1,Tertiary,0,0,92.3,75.2,0,0,Graduated,0
GTC-01459,20,Male,Main Campus - Gaborone,Diploma in Accounting,2,2023,Semester 1,2025,Referral,57.5,1,None,1,0,73.8,52.4,1,1,Graduated,0
GTC-01460,44,Female,Main Campus - Gaborone,Certificate in Auto Mechanics,1,2023,Semester 2,2024,Website Form,60.5,1,Tertiary,1,0,88.6,48.3,0,1,Graduated,0
GTC-01461,24,Female,Block 8 Campus,Diploma in IT,2,2023,Semester 2,2025,Radio Ad,14.1,0,Secondary,0,0,82.4,33.6,3,2,Dropped Out,0
GTC-01462,40,Male,Main Campus - Gaborone,Certificate in Business Admin,1,2025,Semester 1,2026,Referral,21.1,1,None,0,0,84.3,32.0,3,2,Dropped Out,0
GTC-01463,43,Male,Main Campus - Gaborone,Certificate in Construction,1,2023,Semester 1,2024,Walk-In,6.4,0,Primary,1,1,62.0,30.0,1,2,Dropped Out,0
GTC-01464,45,Female,Block 8 Campus,Certificate in Auto Mechanics,1,2025,Semester 1,2026,School Fair,27.4,1,Primary,1,0,81.6,39.7,1,1,Dropped Out,0
GTC-01465,26,Female,Main Campus - Gaborone,Diploma in Health Sciences,2,2025,Semester 2,2027,Referral,57.9,1,Primary,1,1,65.7,63.4,0,1,Active,1
GTC-01466,42,Male,Block 8 Campus,Diploma in Health Sciences,2,2025,Semester 2,2027,Referral,73.0,1,Primary,0,0,69.3,40.0,0,2,Active,1
GTC-01467,18,Female,Extension Campus - Mogoditshane,Diploma in IT,2,2023,Semester 2,2025,Agent,67.2,1,None,0,1,66.7,36.6,1,2,Dropped Out,0
GTC-01468,41,Male,Extension Campus - Mogoditshane,Certificate in Hospitality,1,2023,Semester 2,2024,Agent,71.9,0,Tertiary,0,0,58.5,49.6,1,2,Dropped Out,0
GTC-01469,36,Male,Extension Campus - Mogoditshane,Certificate in Hospitality,1,2023,Semester 2,2024,Facebook Ad,61.9,0,Secondary,0,0,65.7,51.7,1,1,Graduated,0
GTC-01470,26,Male,Block 8 Campus,Diploma in Engineering,2,2025,Semester 1,2027,School Fair,4.7,1,Primary,0,0,86.5,68.7,1,0,Active,0
GTC-01471,43,Male,Main Campus - Gaborone,Diploma in Engineering,2,2025,Semester 2,2027,Facebook Ad,30.0,0,Secondary,0,0,71.0,73.2,0,1,Active,1
GTC-01472,44,Male,Main Campus - Gaborone,Certificate in Construction,1,2025,Semester 1,2026,School Fair,1.2,1,Tertiary,0,0,81.2,51.9,2,1,Active,1
GTC-01473,22,Female,Extension Campus - Mogoditshane,Certificate in Hospitality,1,2024,Semester 2,2025,Website Form,55.2,0,None,1,0,69.3,30.0,2,3,Graduated,0
GTC-01474,22,Male,Block 8 Campus,Certificate in Hospitality,1,2024,Semester 2,2025,Walk-In,7.9,1,Primary,0,0,80.3,36.2,2,2,Graduated,0
GTC-01475,34,Male,Extension Campus - Mogoditshane,Certificate in Hospitality,1,2024,Semester 2,2025,Facebook Ad,80.7,0,Secondary,1,0,64.2,30.0,0,2,Dropped Out,0
GTC-01476,27,Male,Block 8 Campus,Certificate in Business Admin,1,2023,Semester 2,2024,Website Form,53.1,1,Primary,1,0,75.8,71.0,0,0,Graduated,0
GTC-01477,29,Male,Block 8 Campus,Diploma in IT,2,2023,Semester 2,2025,Facebook Ad,65.8,1,Tertiary,1,0,88.8,67.4,0,0,Graduated,0
GTC-01478,29,Female,Block 8 Campus,Certificate in Business Admin,1,2025,Semester 2,2026,Facebook Ad,55.3,0,Secondary,0,1,55.6,41.4,2,3,Dropped Out,0
GTC-01479,26,Male,Extension Campus - Mogoditshane,Certificate in Auto Mechanics,1,2025,Semester 2,2026,Website Form,54.5,0,Primary,0,0,61.5,35.3,3,3,Dropped Out,0
GTC-01480,18,Male,Extension Campus - Mogoditshane,Diploma in Health Sciences,2,2025,Semester 1,2027,Open Day,23.8,1,None,1,0,100.0,46.6,3,2,Dropped Out,0
GTC-01481,24,Male,Extension Campus - Mogoditshane,Diploma in IT,2,2024,Semester 1,2026,Walk-In,1.7,0,Primary,1,1,69.1,30.0,3,3,Dropped Out,0
GTC-01482,40,Female,Block 8 Campus,Certificate in Hospitality,1,2024,Semester 2,2025,Walk-In,59.4,1,None,0,0,80.4,34.3,2,2,Dropped Out,0
GTC-01483,42,Female,Block 8 Campus,Diploma in IT,2,2025,Semester 2,2027,Open Day,67.2,1,Secondary,1,0,90.0,53.1,2,1,Active,1
GTC-01484,39,Female,Block 8 Campus,Certificate in Hospitality,1,2025,Semester 2,2026,School Fair,67.0,1,Primary,0,0,59.1,30.0,0,2,Active,1
GTC-01485,30,Female,Extension Campus - Mogoditshane,Certificate in Construction,1,2023,Semester 1,2024,Walk-In,73.2,0,Tertiary,1,0,70.1,68.5,0,1,Graduated,0
GTC-01486,31,Male,Extension Campus - Mogoditshane,Diploma in Accounting,2,2024,Semester 1,2026,Agent,84.7,1,None,1,0,70.8,68.7,1,1,Dropped Out,0
GTC-01487,23,Female,Block 8 Campus,Certificate in Auto Mechanics,1,2023,Semester 1,2024,Walk-In,39.2,1,Primary,0,0,85.6,30.0,2,2,Graduated,0
GTC-01488,28,Female,Extension Campus - Mogoditshane,Certificate in Construction,1,2025,Semester 1,2026,School Fair,48.0,1,Tertiary,1,0,98.8,58.7,0,0,Active,0
GTC-01489,28,Male,Extension Campus - Mogoditshane,Diploma in Engineering,2,2025,Semester 1,2027,Referral,18.2,1,None,1,0,95.6,59.4,0,0,Active,0
GTC-01490,45,Female,Main Campus - Gaborone,Certificate in Business Admin,1,2025,Semester 1,2026,Facebook Ad,12.5,1,None,1,0,84.9,41.1,2,2,Active,1
GTC-01491,30,Male,Extension Campus - Mogoditshane,Certificate in Construction,1,2023,Semester 1,2024,Website Form,42.4,1,Secondary,1,1,88.4,74.8,0,0,Graduated,0
GTC-01492,38,Male,Extension Campus - Mogoditshane,Certificate in Hospitality,1,2024,Semester 1,2025,Facebook Ad,40.8,0,Secondary,1,0,74.5,44.3,1,2,Graduated,0
GTC-01493,22,Female,Main Campus - Gaborone,Certificate in Business Admin,1,2024,Semester 2,2025,School Fair,21.4,1,None,0,1,74.3,30.6,3,3,Dropped Out,0
GTC-01494,42,Male,Block 8 Campus,Diploma in Accounting,2,2023,Semester 1,2025,Agent,2.9,1,None,0,0,78.1,30.0,1,1,Graduated,0
GTC-01495,25,Male,Extension Campus - Mogoditshane,Diploma in Health Sciences,2,2023,Semester 1,2025,School Fair,78.5,1,None,1,0,81.6,60.3,0,0,Graduated,0
GTC-01496,35,Male,Main Campus - Gaborone,Diploma in Health Sciences,2,2024,Semester 1,2026,Facebook Ad,80.6,0,Primary,1,1,41.9,30.0,2,3,Dropped Out,0
GTC-01497,45,Male,Extension Campus - Mogoditshane,Diploma in Accounting,2,2025,Semester 1,2027,Walk-In,12.8,1,Primary,1,0,80.8,64.4,2,1,Active,1
GTC-01498,33,Female,Block 8 Campus,Certificate in Auto Mechanics,1,2024,Semester 2,2025,Radio Ad,51.7,1,Secondary,1,1,75.8,45.5,0,1,Graduated,0
GTC-01499,38,Female,Main Campus - Gaborone,Diploma in Health Sciences,2,2025,Semester 2,2027,School Fair,77.8,1,None,0,0,63.3,30.0,2,3,Dropped Out,0
GTC-01500,18,Female,Main Campus - Gaborone,Certificate in Business Admin,1,2025,Semester 2,2026,Radio Ad,33.4,0,Secondary,0,0,79.9,55.4,1,0,Active,0
GTC-01501,19,Female,Main Campus - Gaborone,Diploma in Engineering,2,2023,Semester 1,2025,School Fair,34.1,0,Secondary,1,0,85.3,40.4,0,1,Graduated,0
GTC-01502,39,Female,Block 8 Campus,Diploma in IT,2,2024,Semester 2,2026,Website Form,72.4,0,None,1,1,57.4,37.4,2,3,Dropped Out,0
GTC-01503,42,Female,Extension Campus - Mogoditshane,Certificate in Hospitality,1,2025,Semester 2,2026,Walk-In,75.5,0,Secondary,0,0,67.8,30.0,3,3,Dropped Out,0
GTC-01504,38,Male,Block 8 Campus,Diploma in IT,2,2025,Semester 1,2027,Referral,35.0,1,Secondary,1,1,77.3,49.3,0,1,Dropped Out,0
GTC-01505,20,Male,Extension Campus - Mogoditshane,Diploma in Engineering,2,2024,Semester 1,2026,Facebook Ad,4.6,0,None,1,1,68.3,49.2,1,2,Dropped Out,0
GTC-01506,39,Male,Block 8 Campus,Certificate in Hospitality,1,2023,Semester 1,2024,School Fair,58.4,1,Tertiary,0,0,73.3,39.6,1,2,Graduated,0
GTC-01507,39,Male,Extension Campus - Mogoditshane,Certificate in Auto Mechanics,1,2023,Semester 2,2024,Walk-In,39.9,1,Secondary,0,0,85.4,56.0,1,0,Graduated,0
GTC-01508,21,Male,Block 8 Campus,Diploma in IT,2,2024,Semester 1,2026,Agent,20.9,1,None,0,0,78.3,62.0,1,0,Active,0
GTC-01509,21,Male,Extension Campus - Mogoditshane,Diploma in Accounting,2,2025,Semester 2,2027,Website Form,22.4,1,Tertiary,1,0,100.0,51.2,0,0,Active,1
GTC-01510,32,Male,Extension Campus - Mogoditshane,Diploma in Health Sciences,2,2023,Semester 2,2025,School Fair,49.9,1,Primary,0,0,82.9,30.0,1,1,Graduated,0
GTC-01511,33,Male,Block 8 Campus,Certificate in Business Admin,1,2023,Semester 2,2024,Referral,70.1,1,Primary,1,0,62.8,30.0,0,2,Dropped Out,0
GTC-01512,43,Female,Block 8 Campus,Diploma in Engineering,2,2024,Semester 2,2026,School Fair,62.0,1,None,1,0,67.5,49.6,2,3,Dropped Out,0
GTC-01513,27,Male,Main Campus - Gaborone,Diploma in Health Sciences,2,2025,Semester 2,2027,School Fair,75.5,1,Tertiary,1,1,82.7,31.0,1,1,Active,1
GTC-01514,24,Female,Extension Campus - Mogoditshane,Certificate in Hospitality,1,2023,Semester 1,2024,Referral,46.2,1,Primary,1,1,70.9,54.0,0,1,Graduated,0
GTC-01515,42,Male,Extension Campus - Mogoditshane,Diploma in Engineering,2,2024,Semester 1,2026,Agent,28.4,1,None,1,1,81.2,30.0,3,2,Active,1
GTC-01516,34,Male,Block 8 Campus,Certificate in Auto Mechanics,1,2023,Semester 1,2024,Walk-In,7.9,1,Tertiary,0,0,84.9,30.0,2,2,Graduated,0
GTC-01517,34,Female,Extension Campus - Mogoditshane,Certificate in Auto Mechanics,1,2024,Semester 2,2025,Walk-In,27.2,0,Primary,1,1,70.6,30.0,0,2,Dropped Out,0
GTC-01518,41,Male,Extension Campus - Mogoditshane,Certificate in Business Admin,1,2023,Semester 2,2024,Facebook Ad,42.1,1,Secondary,1,1,79.9,68.9,0,0,Graduated,0
GTC-01519,29,Female,Block 8 Campus,Diploma in Engineering,2,2025,Semester 2,2027,Facebook Ad,35.9,1,Tertiary,1,0,94.9,67.4,0,0,Active,0
GTC-01520,38,Male,Block 8 Campus,Diploma in Engineering,2,2025,Semester 1,2027,Facebook Ad,65.0,1,None,0,0,69.1,30.0,1,2,Dropped Out,0
GTC-01521,43,Male,Block 8 Campus,Certificate in Business Admin,1,2023,Semester 1,2024,Open Day,52.4,1,Secondary,0,0,78.2,70.3,0,0,Graduated,0
GTC-01522,37,Female,Extension Campus - Mogoditshane,Diploma in Accounting,2,2024,Semester 2,2026,School Fair,29.4,1,Primary,0,0,74.2,30.0,4,3,Active,1
GTC-01523,38,Male,Main Campus - Gaborone,Certificate in Construction,1,2024,Semester 1,2025,Open Day,68.8,1,Primary,1,0,78.3,86.1,0,0,Graduated,0
GTC-01524,33,Female,Main Campus - Gaborone,Certificate in Business Admin,1,2025,Semester 1,2026,School Fair,34.8,1,Tertiary,1,0,91.8,64.0,2,1,Active,1
GTC-01525,28,Female,Main Campus - Gaborone,Diploma in IT,2,2025,Semester 1,2027,Walk-In,76.1,0,Tertiary,0,0,62.1,30.2,1,2,Active,1
GTC-01526,43,Female,Main Campus - Gaborone,Diploma in Accounting,2,2025,Semester 1,2027,Radio Ad,59.9,1,Primary,1,0,72.7,53.1,1,1,Active,1
GTC-01527,33,Male,Block 8 Campus,Certificate in Auto Mechanics,1,2023,Semester 2,2024,Radio Ad,10.7,1,Secondary,0,0,86.4,62.3,1,0,Graduated,0
GTC-01528,26,Male,Extension Campus - Mogoditshane,Certificate in Hospitality,1,2023,Semester 2,2024,School Fair,16.1,1,Secondary,1,1,83.6,63.5,0,0,Graduated,0
GTC-01529,42,Female,Main Campus - Gaborone,Diploma in IT,2,2023,Semester 2,2025,School Fair,68.8,0,None,0,1,51.1,30.0,2,3,Dropped Out,0
GTC-01530,31,Male,Block 8 Campus,Diploma in Health Sciences,2,2024,Semester 1,2026,Referral,9.2,1,Primary,0,0,78.3,62.0,0,0,Active,0
GTC-01531,28,Male,Extension Campus - Mogoditshane,Diploma in IT,2,2025,Semester 1,2027,Agent,73.2,1,None,1,1,74.6,30.0,4,3,Active,1
GTC-01532,23,Male,Block 8 Campus,Diploma in Health Sciences,2,2025,Semester 2,2027,Agent,49.8,0,Tertiary,0,0,75.4,31.8,2,2,Dropped Out,0
GTC-01533,44,Male,Extension Campus - Mogoditshane,Certificate in Hospitality,1,2025,Semester 1,2026,School Fair,66.7,1,Secondary,0,0,80.7,37.8,0,1,Dropped Out,0
GTC-01534,31,Male,Main Campus - Gaborone,Diploma in Accounting,2,2025,Semester 1,2027,School Fair,22.2,1,None,0,0,84.3,30.0,2,2,Active,1
GTC-01535,43,Female,Main Campus - Gaborone,Diploma in Accounting,2,2023,Semester 1,2025,Agent,80.2,0,Secondary,1,0,78.9,63.2,0,0,Dropped Out,0
GTC-01536,42,Female,Extension Campus - Mogoditshane,Diploma in Accounting,2,2024,Semester 1,2026,School Fair,48.6,0,Tertiary,1,1,62.3,30.0,2,3,Dropped Out,0
GTC-01537,21,Male,Main Campus - Gaborone,Diploma in IT,2,2025,Semester 2,2027,Referral,12.0,1,Tertiary,1,1,92.9,47.6,0,1,Active,1
GTC-01538,32,Female,Block 8 Campus,Diploma in IT,2,2024,Semester 1,2026,Open Day,59.7,0,None,0,0,57.7,30.0,1,2,Active,1
GTC-01539,42,Male,Extension Campus - Mogoditshane,Diploma in Accounting,2,2025,Semester 2,2027,Facebook Ad,29.0,1,Secondary,1,0,90.0,68.5,0,0,Active,0
GTC-01540,30,Female,Extension Campus - Mogoditshane,Diploma in Accounting,2,2024,Semester 1,2026,School Fair,24.5,1,Secondary,0,0,91.4,68.7,0,0,Active,0
GTC-01541,18,Female,Block 8 Campus,Diploma in Health Sciences,2,2025,Semester 1,2027,Open Day,29.5,1,Secondary,0,0,91.3,44.9,0,1,Active,1
GTC-01542,21,Female,Main Campus - Gaborone,Diploma in Engineering,2,2024,Semester 1,2026,School Fair,46.0,0,Tertiary,1,1,79.6,30.0,2,2,Active,1
GTC-01543,25,Female,Extension Campus - Mogoditshane,Certificate in Hospitality,1,2025,Semester 2,2026,Walk-In,57.2,1,Secondary,1,0,91.3,86.3,0,0,Active,0
GTC-01544,28,Male,Extension Campus - Mogoditshane,Certificate in Hospitality,1,2023,Semester 2,2024,Website Form,13.0,0,Tertiary,0,0,75.4,46.9,2,2,Dropped Out,0
GTC-01545,24,Female,Main Campus - Gaborone,Diploma in Accounting,2,2024,Semester 2,2026,School Fair,53.6,1,Tertiary,0,0,87.2,53.8,0,0,Active,1
GTC-01546,31,Male,Block 8 Campus,Diploma in IT,2,2024,Semester 1,2026,Facebook Ad,75.4,1,Secondary,0,0,80.6,57.4,1,0,Active,0
GTC-01547,40,Male,Extension Campus - Mogoditshane,Certificate in Auto Mechanics,1,2024,Semester 2,2025,Open Day,82.1,0,Secondary,0,0,60.5,51.9,0,1,Dropped Out,0
GTC-01548,24,Female,Extension Campus - Mogoditshane,Certificate in Auto Mechanics,1,2024,Semester 1,2025,School Fair,40.7,1,Tertiary,1,1,95.2,74.3,0,0,Dropped Out,0
GTC-01549,37,Female,Block 8 Campus,Certificate in Hospitality,1,2024,Semester 1,2025,Facebook Ad,27.3,1,Primary,0,1,65.8,40.0,2,3,Dropped Out,0
GTC-01550,26,Male,Block 8 Campus,Certificate in Construction,1,2024,Semester 2,2025,Radio Ad,21.0,1,Secondary,1,0,93.8,79.4,0,0,Graduated,0
GTC-01551,23,Male,Extension Campus - Mogoditshane,Diploma in Engineering,2,2024,Semester 2,2026,Walk-In,53.8,0,None,0,1,54.1,30.0,2,3,Dropped Out,0
GTC-01552,25,Female,Extension Campus - Mogoditshane,Certificate in Construction,1,2024,Semester 1,2025,Facebook Ad,51.2,0,Tertiary,0,0,70.2,48.2,0,2,Graduated,0
GTC-01553,32,Female,Block 8 Campus,Diploma in Health Sciences,2,2023,Semester 2,2025,Referral,40.2,1,None,0,0,80.1,45.3,1,1,Graduated,0
GTC-01554,31,Female,Extension Campus - Mogoditshane,Diploma in Health Sciences,2,2025,Semester 1,2027,Walk-In,63.1,0,Secondary,1,0,69.5,31.6,2,3,Active,1
GTC-01555,40,Male,Main Campus - Gaborone,Diploma in Engineering,2,2025,Semester 1,2027,Open Day,36.2,1,None,1,0,76.7,30.0,3,2,Dropped Out,0
GTC-01556,19,Female,Main Campus - Gaborone,Certificate in Hospitality,1,2023,Semester 2,2024,Agent,3.2,1,Tertiary,0,1,77.8,30.0,3,2,Dropped Out,0
GTC-01557,26,Female,Block 8 Campus,Diploma in Accounting,2,2023,Semester 1,2025,School Fair,28.2,1,None,1,0,85.8,64.2,0,0,Graduated,0
GTC-01558,25,Female,Main Campus - Gaborone,Diploma in Health Sciences,2,2024,Semester 2,2026,Open Day,41.0,1,None,0,0,85.5,81.6,0,0,Active,0
GTC-01559,31,Female,Extension Campus - Mogoditshane,Certificate in Business Admin,1,2024,Semester 1,2025,Website Form,54.4,1,Tertiary,0,1,59.7,57.1,1,1,Dropped Out,0
GTC-01560,39,Male,Main Campus - Gaborone,Diploma in Health Sciences,2,2024,Semester 2,2026,Facebook Ad,32.3,1,Primary,1,1,67.7,45.1,3,3,Dropped Out,0
GTC-01561,35,Male,Extension Campus - Mogoditshane,Diploma in IT,2,2023,Semester 1,2025,Referral,73.7,1,Primary,0,0,78.8,62.7,1,0,Graduated,0
GTC-01562,32,Male,Main Campus - Gaborone,Certificate in Business Admin,1,2023,Semester 1,2024,Website Form,13.6,0,Secondary,1,1,65.9,31.3,3,3,Dropped Out,0
GTC-01563,29,Male,Main Campus - Gaborone,Certificate in Business Admin,1,2024,Semester 1,2025,Walk-In,16.5,0,Secondary,1,0,87.1,84.7,0,0,Graduated,0
GTC-01564,31,Female,Extension Campus - Mogoditshane,Diploma in Accounting,2,2025,Semester 2,2027,Website Form,39.1,0,Tertiary,1,0,87.3,44.1,2,2,Active,1
GTC-01565,21,Male,Block 8 Campus,Diploma in Accounting,2,2024,Semester 1,2026,Walk-In,35.7,1,None,1,0,83.9,89.0,0,0,On Leave,0
GTC-01566,42,Male,Main Campus - Gaborone,Diploma in Accounting,2,2023,Semester 1,2025,Agent,45.8,1,Primary,1,1,68.6,40.5,1,2,Dropped Out,0
GTC-01567,44,Female,Main Campus - Gaborone,Diploma in IT,2,2025,Semester 1,2027,Referral,42.5,0,None,0,1,53.9,30.0,1,2,Active,1
GTC-01568,33,Male,Main Campus - Gaborone,Certificate in Auto Mechanics,1,2023,Semester 1,2024,Radio Ad,12.8,1,Tertiary,0,1,78.9,44.2,3,2,Dropped Out,0
GTC-01569,21,Male,Extension Campus - Mogoditshane,Certificate in Construction,1,2023,Semester 2,2024,Website Form,16.2,0,None,1,0,70.0,80.5,0,1,Graduated,0
GTC-01570,34,Female,Main Campus - Gaborone,Diploma in Health Sciences,2,2023,Semester 2,2025,Walk-In,15.2,0,Primary,1,0,74.3,30.0,2,3,Graduated,0
GTC-01571,40,Female,Main Campus - Gaborone,Diploma in IT,2,2024,Semester 1,2026,Website Form,37.3,0,Secondary,1,1,72.5,30.0,4,3,Dropped Out,0
GTC-01572,35,Female,Extension Campus - Mogoditshane,Certificate in Auto Mechanics,1,2025,Semester 2,2026,Website Form,36.5,0,Primary,1,0,69.7,64.7,2,2,On Leave,0
GTC-01573,20,Male,Extension Campus - Mogoditshane,Certificate in Hospitality,1,2025,Semester 2,2026,Walk-In,78.4,1,Secondary,0,0,75.4,63.5,0,0,Dropped Out,0
GTC-01574,28,Male,Extension Campus - Mogoditshane,Diploma in Accounting,2,2025,Semester 2,2027,School Fair,47.8,0,Secondary,1,0,79.1,57.6,0,0,Active,0
GTC-01575,32,Male,Extension Campus - Mogoditshane,Certificate in Hospitality,1,2025,Semester 2,2026,Facebook Ad,81.4,1,Primary,0,0,72.1,30.0,1,2,Dropped Out,0
GTC-01576,35,Female,Extension Campus - Mogoditshane,Diploma in Health Sciences,2,2025,Semester 2,2027,Website Form,32.6,1,Primary,1,0,76.7,43.4,1,1,Active,1
GTC-01577,18,Male,Extension Campus - Mogoditshane,Certificate in Hospitality,1,2023,Semester 1,2024,Website Form,18.2,1,Secondary,1,0,86.4,47.6,1,1,Graduated,0
GTC-01578,18,Female,Block 8 Campus,Certificate in Construction,1,2025,Semester 1,2026,Open Day,82.8,0,Secondary,0,0,71.9,40.2,1,2,Active,1
GTC-01579,39,Female,Extension Campus - Mogoditshane,Diploma in Engineering,2,2025,Semester 2,2027,Referral,45.9,1,Secondary,1,0,86.0,47.0,1,1,Active,1
GTC-01580,32,Female,Main Campus - Gaborone,Certificate in Business Admin,1,2025,Semester 2,2026,Agent,22.2,1,Tertiary,1,1,71.4,34.1,3,3,Active,1
GTC-01581,37,Female,Main Campus - Gaborone,Diploma in IT,2,2023,Semester 1,2025,Website Form,62.7,0,None,0,0,58.3,30.0,1,2,Dropped Out,0
GTC-01582,38,Male,Main Campus - Gaborone,Diploma in Accounting,2,2023,Semester 1,2025,Referral,64.7,0,Primary,1,0,67.3,30.0,2,3,Dropped Out,0
GTC-01583,26,Female,Extension Campus - Mogoditshane,Diploma in IT,2,2023,Semester 1,2025,Referral,1.2,1,Secondary,0,1,71.0,58.4,1,1,Graduated,0
GTC-01584,34,Female,Block 8 Campus,Certificate in Auto Mechanics,1,2023,Semester 2,2024,Website Form,22.6,1,None,1,0,82.1,64.3,0,0,Graduated,0
GTC-01585,41,Female,Extension Campus - Mogoditshane,Diploma in Engineering,2,2024,Semester 1,2026,Walk-In,53.7,0,Tertiary,0,0,70.2,33.7,3,3,Active,1
GTC-01586,29,Female,Block 8 Campus,Diploma in Engineering,2,2025,Semester 2,2027,Walk-In,14.9,1,Secondary,0,0,83.1,67.3,0,0,Active,0
GTC-01587,32,Female,Block 8 Campus,Diploma in Engineering,2,2023,Semester 1,2025,Agent,15.9,1,Secondary,1,0,98.3,74.9,0,0,Graduated,0
GTC-01588,18,Female,Block 8 Campus,Certificate in Business Admin,1,2025,Semester 1,2026,Facebook Ad,39.0,1,None,1,0,90.2,56.1,2,1,Active,1
GTC-01589,31,Female,Extension Campus - Mogoditshane,Diploma in Engineering,2,2025,Semester 1,2027,Website Form,56.5,1,Tertiary,1,0,75.5,55.4,1,0,Active,0
GTC-01590,26,Male,Extension Campus - Mogoditshane,Diploma in Accounting,2,2023,Semester 2,2025,Open Day,56.0,1,Tertiary,0,1,71.3,30.0,1,2,Graduated,0
GTC-01591,19,Female,Block 8 Campus,Certificate in Hospitality,1,2024,Semester 1,2025,Website Form,18.3,1,Tertiary,1,1,85.8,61.6,1,0,Graduated,0
GTC-01592,25,Female,Extension Campus - Mogoditshane,Diploma in Accounting,2,2023,Semester 1,2025,Referral,59.2,1,Primary,1,0,78.9,62.6,1,0,Graduated,0
GTC-01593,41,Female,Block 8 Campus,Certificate in Business Admin,1,2024,Semester 2,2025,Website Form,40.0,1,Secondary,1,0,87.0,30.0,2,2,Graduated,0
GTC-01594,41,Female,Block 8 Campus,Diploma in Accounting,2,2024,Semester 2,2026,Facebook Ad,55.7,1,Primary,0,0,65.1,30.0,1,2,Dropped Out,0
GTC-01595,25,Male,Extension Campus - Mogoditshane,Diploma in Accounting,2,2024,Semester 1,2026,Referral,2.0,1,Tertiary,0,0,91.7,40.7,5,2,Active,1
GTC-01596,43,Male,Block 8 Campus,Certificate in Business Admin,1,2025,Semester 2,2026,Website Form,48.8,0,Primary,0,1,50.1,30.0,2,3,Active,1
GTC-01597,18,Male,Block 8 Campus,Certificate in Construction,1,2025,Semester 1,2026,Walk-In,64.5,1,None,0,0,70.2,52.9,1,1,Active,1
GTC-01598,34,Female,Block 8 Campus,Certificate in Business Admin,1,2024,Semester 1,2025,Facebook Ad,63.8,1,Primary,0,0,66.6,42.7,2,3,Graduated,0
GTC-01599,43,Female,Block 8 Campus,Certificate in Hospitality,1,2024,Semester 2,2025,Agent,4.3,1,Primary,1,0,85.1,57.5,2,1,Graduated,0
GTC-01600,42,Male,Extension Campus - Mogoditshane,Diploma in IT,2,2023,Semester 2,2025,School Fair,4.5,1,Secondary,1,0,89.5,64.5,1,0,Graduated,0
GTC-01601,33,Female,Block 8 Campus,Certificate in Business Admin,1,2025,Semester 2,2026,Walk-In,17.1,0,None,0,0,61.8,30.0,3,3,Active,1
GTC-01602,22,Female,Main Campus - Gaborone,Diploma in Engineering,2,2024,Semester 1,2026,Agent,20.6,0,Secondary,0,0,81.6,59.6,0,0,Active,0
GTC-01603,43,Male,Extension Campus - Mogoditshane,Diploma in Engineering,2,2023,Semester 1,2025,Facebook Ad,22.8,1,Secondary,0,0,85.2,50.9,1,0,Graduated,0
GTC-01604,22,Female,Extension Campus - Mogoditshane,Diploma in Accounting,2,2024,Semester 2,2026,Open Day,81.9,1,Secondary,1,0,91.7,67.6,0,0,Active,0
GTC-01605,21,Female,Main Campus - Gaborone,Certificate in Hospitality,1,2024,Semester 2,2025,School Fair,43.7,1,Secondary,1,1,78.6,73.0,0,0,Graduated,0
GTC-01606,41,Female,Extension Campus - Mogoditshane,Diploma in Accounting,2,2023,Semester 2,2025,Open Day,79.9,1,Primary,1,0,81.1,46.4,2,2,Graduated,0
GTC-01607,21,Male,Main Campus - Gaborone,Certificate in Auto Mechanics,1,2023,Semester 1,2024,Agent,1.5,1,Tertiary,0,0,99.6,68.5,0,0,Graduated,0
GTC-01608,39,Female,Block 8 Campus,Certificate in Business Admin,1,2025,Semester 1,2026,Open Day,32.4,0,Secondary,1,0,79.0,30.0,2,2,Dropped Out,0
GTC-01609,22,Male,Block 8 Campus,Diploma in Health Sciences,2,2025,Semester 1,2027,Referral,9.2,1,Primary,1,0,83.6,50.3,2,1,Active,1
GTC-01610,32,Female,Main Campus - Gaborone,Certificate in Business Admin,1,2024,Semester 1,2025,Website Form,61.2,1,Primary,0,1,55.3,30.0,2,3,Dropped Out,0
GTC-01611,40,Female,Extension Campus - Mogoditshane,Diploma in IT,2,2023,Semester 2,2025,Radio Ad,28.9,1,None,0,0,74.7,56.2,1,1,Graduated,0
GTC-01612,21,Male,Block 8 Campus,Diploma in Engineering,2,2025,Semester 2,2027,Open Day,81.2,1,Primary,1,1,76.8,33.9,1,1,Dropped Out,0
GTC-01613,45,Female,Main Campus - Gaborone,Diploma in Health Sciences,2,2023,Semester 1,2025,Radio Ad,10.1,1,None,0,0,80.0,54.9,1,0,Graduated,0
GTC-01614,25,Male,Block 8 Campus,Certificate in Hospitality,1,2025,Semester 2,2026,School Fair,58.2,1,None,1,0,89.0,60.9,0,0,Active,0
GTC-01615,36,Male,Extension Campus - Mogoditshane,Certificate in Construction,1,2023,Semester 1,2024,Radio Ad,62.6,1,None,1,0,81.0,39.4,4,2,Dropped Out,0
GTC-01616,33,Male,Main Campus - Gaborone,Certificate in Construction,1,2025,Semester 2,2026,Facebook Ad,42.1,1,Tertiary,0,1,78.9,47.7,0,1,Active,1
GTC-01617,40,Female,Main Campus - Gaborone,Certificate in Construction,1,2023,Semester 2,2024,Referral,46.2,1,Secondary,1,0,89.1,44.0,1,1,Graduated,0
GTC-01618,32,Female,Main Campus - Gaborone,Diploma in IT,2,2024,Semester 2,2026,School Fair,26.7,0,Tertiary,0,0,74.0,41.3,0,2,Dropped Out,0
GTC-01619,25,Male,Block 8 Campus,Diploma in Health Sciences,2,2025,Semester 2,2027,Website Form,77.6,0,Secondary,0,1,54.8,30.0,4,3,Dropped Out,0
GTC-01620,27,Female,Extension Campus - Mogoditshane,Certificate in Hospitality,1,2023,Semester 1,2024,Website Form,33.2,0,Secondary,1,1,67.6,30.0,1,2,Dropped Out,0
GTC-01621,27,Female,Block 8 Campus,Certificate in Business Admin,1,2023,Semester 1,2024,Walk-In,41.4,0,Tertiary,1,0,88.7,37.6,3,2,Dropped Out,0
GTC-01622,36,Female,Main Campus - Gaborone,Diploma in Engineering,2,2024,Semester 1,2026,Referral,43.3,1,None,0,0,74.6,32.0,1,2,Active,1
GTC-01623,44,Female,Block 8 Campus,Diploma in Engineering,2,2025,Semester 2,2027,Facebook Ad,19.0,1,Tertiary,0,0,77.0,44.1,0,1,Active,1
GTC-01624,19,Male,Extension Campus - Mogoditshane,Diploma in Health Sciences,2,2023,Semester 2,2025,School Fair,42.5,1,Tertiary,1,0,96.8,87.4,1,0,Graduated,0
GTC-01625,37,Female,Main Campus - Gaborone,Diploma in Engineering,2,2025,Semester 1,2027,Agent,46.1,0,Primary,1,1,72.2,41.2,4,3,Dropped Out,0
GTC-01626,36,Male,Block 8 Campus,Diploma in Accounting,2,2024,Semester 1,2026,Agent,69.3,0,Tertiary,0,0,56.7,30.0,2,3,Active,1
GTC-01627,32,Female,Block 8 Campus,Diploma in Engineering,2,2025,Semester 2,2027,Facebook Ad,12.0,1,Tertiary,0,1,64.3,43.4,3,3,Active,1
GTC-01628,35,Female,Block 8 Campus,Certificate in Hospitality,1,2023,Semester 1,2024,Walk-In,22.1,1,Secondary,0,0,84.2,54.3,1,0,Graduated,0
GTC-01629,22,Female,Block 8 Campus,Diploma in IT,2,2024,Semester 2,2026,Open Day,46.5,1,Primary,1,0,87.1,69.5,0,0,Active,0
GTC-01630,20,Female,Extension Campus - Mogoditshane,Diploma in Health Sciences,2,2024,Semester 1,2026,Radio Ad,46.1,1,Tertiary,1,0,95.2,41.1,1,1,Dropped Out,0
GTC-01631,27,Female,Block 8 Campus,Diploma in Engineering,2,2025,Semester 1,2027,Open Day,77.9,1,Secondary,1,0,95.4,56.5,0,0,On Leave,0
GTC-01632,20,Male,Main Campus - Gaborone,Certificate in Auto Mechanics,1,2024,Semester 2,2025,Facebook Ad,13.2,1,Primary,0,0,82.2,70.2,0,0,Graduated,0
GTC-01633,20,Female,Block 8 Campus,Certificate in Auto Mechanics,1,2025,Semester 1,2026,Facebook Ad,5.2,0,Tertiary,1,0,90.4,48.1,0,1,Active,1
GTC-01634,32,Female,Block 8 Campus,Diploma in Engineering,2,2023,Semester 1,2025,Agent,5.2,1,Secondary,1,0,88.8,93.4,0,0,Graduated,0
GTC-01635,33,Male,Main Campus - Gaborone,Certificate in Hospitality,1,2024,Semester 1,2025,Agent,4.6,1,Secondary,1,0,92.2,63.2,0,0,Graduated,0
GTC-01636,28,Male,Extension Campus - Mogoditshane,Certificate in Auto Mechanics,1,2023,Semester 1,2024,Website Form,4.2,1,Tertiary,0,0,87.9,88.4,0,0,Graduated,0
GTC-01637,22,Male,Main Campus - Gaborone,Diploma in Engineering,2,2025,Semester 2,2027,Radio Ad,20.6,0,Tertiary,0,0,72.6,30.0,1,2,Active,1
GTC-01638,21,Female,Extension Campus - Mogoditshane,Certificate in Construction,1,2024,Semester 1,2025,Facebook Ad,36.8,1,Tertiary,1,0,93.2,87.6,0,0,Graduated,0
GTC-01639,40,Male,Block 8 Campus,Diploma in Engineering,2,2024,Semester 2,2026,School Fair,49.7,1,Primary,1,1,71.3,55.5,1,1,Active,1
GTC-01640,43,Female,Extension Campus - Mogoditshane,Certificate in Auto Mechanics,1,2023,Semester 2,2024,Open Day,41.1,0,Secondary,1,0,87.8,68.3,0,0,Graduated,0
GTC-01641,33,Male,Extension Campus - Mogoditshane,Diploma in Health Sciences,2,2024,Semester 2,2026,Facebook Ad,29.0,1,Secondary,1,0,88.7,71.3,2,1,Active,1
GTC-01642,26,Male,Extension Campus - Mogoditshane,Diploma in Accounting,2,2023,Semester 2,2025,Open Day,49.6,1,None,0,0,81.7,62.1,1,0,Graduated,0
GTC-01643,33,Female,Main Campus - Gaborone,Diploma in Accounting,2,2023,Semester 2,2025,Agent,59.2,0,Primary,1,1,54.1,30.0,3,3,Dropped Out,0
GTC-01644,42,Male,Extension Campus - Mogoditshane,Diploma in Accounting,2,2025,Semester 1,2027,Facebook Ad,57.9,1,Primary,1,0,71.8,44.7,2,3,Dropped Out,0
GTC-01645,33,Female,Block 8 Campus,Diploma in IT,2,2023,Semester 1,2025,Referral,11.1,1,Primary,1,1,71.6,30.0,2,3,Dropped Out,0
GTC-01646,35,Male,Extension Campus - Mogoditshane,Certificate in Construction,1,2025,Semester 2,2026,Agent,77.5,1,Tertiary,0,1,74.0,30.0,2,3,Active,1
GTC-01647,41,Female,Block 8 Campus,Certificate in Hospitality,1,2024,Semester 2,2025,Walk-In,4.1,1,None,0,0,73.0,38.2,1,2,Graduated,0
GTC-01648,38,Female,Block 8 Campus,Diploma in Engineering,2,2024,Semester 2,2026,School Fair,71.7,0,Secondary,1,0,66.0,30.0,2,3,Active,1
GTC-01649,41,Male,Extension Campus - Mogoditshane,Diploma in Health Sciences,2,2024,Semester 2,2026,Referral,80.4,1,Primary,1,1,62.0,30.0,4,3,Active,1
GTC-01650,45,Male,Extension Campus - Mogoditshane,Certificate in Construction,1,2023,Semester 2,2024,School Fair,28.8,1,None,0,1,65.5,35.1,3,3,Dropped Out,0
GTC-01651,24,Male,Main Campus - Gaborone,Certificate in Hospitality,1,2024,Semester 2,2025,Facebook Ad,71.9,1,Tertiary,0,1,68.9,30.0,1,2,Dropped Out,0
GTC-01652,25,Female,Main Campus - Gaborone,Certificate in Construction,1,2023,Semester 2,2024,Walk-In,11.1,0,Secondary,1,1,68.4,30.0,3,3,Dropped Out,0
GTC-01653,43,Female,Extension Campus - Mogoditshane,Diploma in IT,2,2024,Semester 1,2026,Radio Ad,76.2,0,Secondary,0,0,66.9,55.0,2,2,Active,1
GTC-01654,25,Male,Block 8 Campus,Certificate in Business Admin,1,2025,Semester 1,2026,School Fair,70.0,0,Secondary,0,1,50.9,30.0,5,3,Active,1
GTC-01655,37,Female,Main Campus - Gaborone,Certificate in Construction,1,2025,Semester 2,2026,Website Form,30.7,0,Tertiary,1,1,66.2,57.4,1,1,Dropped Out,0
GTC-01656,44,Female,Main Campus - Gaborone,Diploma in Health Sciences,2,2023,Semester 1,2025,Website Form,75.9,0,Primary,1,1,47.6,30.0,2,3,Dropped Out,0
GTC-01657,19,Female,Extension Campus - Mogoditshane,Diploma in Health Sciences,2,2025,Semester 2,2027,Agent,50.8,1,None,1,0,75.1,50.6,0,0,Active,1
GTC-01658,21,Male,Main Campus - Gaborone,Diploma in Accounting,2,2024,Semester 1,2026,Walk-In,62.4,1,Tertiary,0,0,78.8,34.8,3,2,Active,1
GTC-01659,21,Female,Main Campus - Gaborone,Certificate in Business Admin,1,2024,Semester 2,2025,Website Form,8.0,0,Secondary,0,0,78.3,70.1,0,0,Graduated,0
GTC-01660,30,Male,Block 8 Campus,Certificate in Auto Mechanics,1,2023,Semester 1,2024,Walk-In,41.0,1,Tertiary,1,1,80.1,33.8,0,1,Dropped Out,0
GTC-01661,22,Male,Block 8 Campus,Certificate in Hospitality,1,2024,Semester 2,2025,Referral,2.0,1,None,0,1,65.2,47.7,1,2,Dropped Out,0
GTC-01662,38,Female,Main Campus - Gaborone,Diploma in Accounting,2,2024,Semester 2,2026,School Fair,35.3,0,Secondary,1,1,69.2,36.7,1,2,Dropped Out,0
GTC-01663,20,Female,Block 8 Campus,Certificate in Business Admin,1,2023,Semester 2,2024,Referral,30.4,1,Secondary,0,1,89.8,43.7,1,1,Graduated,0
GTC-01664,32,Male,Extension Campus - Mogoditshane,Diploma in Engineering,2,2023,Semester 1,2025,Radio Ad,30.0,0,Secondary,1,0,86.4,53.7,0,0,Graduated,0
GTC-01665,39,Male,Main Campus - Gaborone,Diploma in Health Sciences,2,2024,Semester 2,2026,Facebook Ad,50.5,1,Tertiary,1,1,72.4,33.0,1,2,Active,1
GTC-01666,29,Female,Block 8 Campus,Certificate in Construction,1,2023,Semester 1,2024,Website Form,25.5,0,None,0,0,68.9,30.4,1,2,Dropped Out,0
GTC-01667,34,Female,Main Campus - Gaborone,Diploma in Accounting,2,2024,Semester 1,2026,Agent,18.6,1,Secondary,1,1,79.0,42.1,1,1,Active,1
GTC-01668,37,Male,Main Campus - Gaborone,Certificate in Auto Mechanics,1,2025,Semester 2,2026,Facebook Ad,37.5,1,Tertiary,1,1,77.1,40.1,0,1,Active,1
GTC-01669,43,Female,Main Campus - Gaborone,Diploma in Engineering,2,2024,Semester 1,2026,Open Day,66.2,1,None,1,1,65.8,41.9,1,2,Dropped Out,0
GTC-01670,32,Female,Main Campus - Gaborone,Diploma in Engineering,2,2024,Semester 1,2026,Website Form,44.3,0,Secondary,1,0,71.8,30.0,2,3,Dropped Out,0
GTC-01671,31,Female,Block 8 Campus,Diploma in IT,2,2025,Semester 1,2027,Radio Ad,18.9,1,Secondary,0,0,79.6,35.0,2,2,Dropped Out,0
GTC-01672,22,Female,Block 8 Campus,Certificate in Construction,1,2025,Semester 2,2026,Referral,26.1,1,Primary,0,1,70.7,30.0,2,3,Active,1
GTC-01673,32,Male,Block 8 Campus,Certificate in Business Admin,1,2024,Semester 2,2025,Walk-In,19.6,1,None,0,1,73.2,37.4,0,2,Graduated,0
GTC-01674,43,Male,Extension Campus - Mogoditshane,Certificate in Hospitality,1,2025,Semester 2,2026,Walk-In,32.9,1,Tertiary,0,0,79.4,66.8,0,0,Active,0
GTC-01675,37,Male,Extension Campus - Mogoditshane,Certificate in Construction,1,2024,Semester 1,2025,Referral,61.9,1,Primary,1,0,77.0,56.1,2,1,Graduated,0
GTC-01676,21,Male,Block 8 Campus,Diploma in IT,2,2024,Semester 1,2026,School Fair,13.7,1,Tertiary,0,0,94.1,50.4,1,0,Active,1
GTC-01677,19,Female,Block 8 Campus,Certificate in Business Admin,1,2024,Semester 2,2025,School Fair,6.3,1,Secondary,0,0,86.9,52.8,1,0,Graduated,0
GTC-01678,28,Female,Extension Campus - Mogoditshane,Diploma in Accounting,2,2023,Semester 2,2025,Referral,2.8,1,Tertiary,1,0,89.5,38.6,2,2,Graduated,0
GTC-01679,25,Male,Extension Campus - Mogoditshane,Certificate in Hospitality,1,2024,Semester 2,2025,Facebook Ad,16.2,1,Secondary,1,0,95.3,80.7,0,0,Graduated,0
GTC-01680,20,Male,Block 8 Campus,Certificate in Auto Mechanics,1,2024,Semester 1,2025,Facebook Ad,58.4,1,None,0,0,70.7,33.6,1,2,Dropped Out,0
GTC-01681,19,Female,Block 8 Campus,Diploma in IT,2,2023,Semester 2,2025,Open Day,25.1,1,Tertiary,0,0,93.9,40.8,1,1,Dropped Out,0
GTC-01682,26,Male,Block 8 Campus,Diploma in IT,2,2025,Semester 1,2027,Agent,68.8,1,None,0,0,75.6,30.0,3,2,Active,1
GTC-01683,33,Female,Extension Campus - Mogoditshane,Diploma in Accounting,2,2025,Semester 1,2027,School Fair,69.4,0,Tertiary,0,1,50.4,30.0,1,2,Active,1
GTC-01684,26,Male,Main Campus - Gaborone,Certificate in Business Admin,1,2024,Semester 2,2025,Referral,7.8,0,Secondary,1,0,84.2,45.7,3,2,Dropped Out,0
GTC-01685,36,Female,Extension Campus - Mogoditshane,Certificate in Construction,1,2024,Semester 1,2025,School Fair,48.5,1,None,0,0,85.4,37.9,0,1,Dropped Out,0
GTC-01686,40,Male,Block 8 Campus,Diploma in Health Sciences,2,2024,Semester 1,2026,Agent,61.1,0,Tertiary,0,0,67.3,57.7,0,1,Active,1
GTC-01687,22,Female,Extension Campus - Mogoditshane,Certificate in Auto Mechanics,1,2025,Semester 1,2026,School Fair,67.5,0,Secondary,0,0,75.5,30.0,2,2,Active,1
GTC-01688,35,Female,Extension Campus - Mogoditshane,Certificate in Business Admin,1,2024,Semester 1,2025,School Fair,23.6,1,None,0,0,73.6,32.8,2,3,Dropped Out,0
GTC-01689,38,Male,Block 8 Campus,Certificate in Hospitality,1,2024,Semester 2,2025,Radio Ad,10.5,0,Tertiary,1,1,61.7,30.0,0,2,Dropped Out,0
GTC-01690,26,Female,Block 8 Campus,Diploma in Health Sciences,2,2023,Semester 2,2025,Walk-In,9.1,1,Secondary,1,1,80.2,70.3,1,0,Graduated,0
GTC-01691,44,Male,Extension Campus - Mogoditshane,Diploma in Health Sciences,2,2024,Semester 1,2026,Website Form,27.7,1,None,1,0,95.8,91.2,0,0,Active,0
GTC-01692,21,Male,Main Campus - Gaborone,Certificate in Construction,1,2024,Semester 1,2025,Agent,6.4,1,Primary,0,0,80.3,74.2,0,0,Graduated,0
GTC-01693,45,Male,Main Campus - Gaborone,Diploma in IT,2,2025,Semester 1,2027,School Fair,45.4,1,Tertiary,0,0,76.4,64.3,0,0,Active,0
GTC-01694,22,Male,Extension Campus - Mogoditshane,Certificate in Hospitality,1,2023,Semester 1,2024,Referral,56.7,1,Tertiary,0,0,82.5,30.0,1,1,Graduated,0
GTC-01695,29,Female,Extension Campus - Mogoditshane,Diploma in Health Sciences,2,2023,Semester 1,2025,Radio Ad,84.0,0,Primary,0,1,54.0,30.0,1,2,Dropped Out,0
GTC-01696,33,Female,Main Campus - Gaborone,Certificate in Hospitality,1,2023,Semester 1,2024,School Fair,35.4,0,Tertiary,0,0,82.3,53.0,0,0,Graduated,0
GTC-01697,31,Female,Main Campus - Gaborone,Certificate in Hospitality,1,2023,Semester 1,2024,Facebook Ad,60.7,0,Primary,0,1,45.3,30.0,1,2,Dropped Out,0
GTC-01698,21,Male,Block 8 Campus,Certificate in Hospitality,1,2024,Semester 2,2025,Website Form,72.0,1,Primary,1,0,82.0,37.8,3,2,Dropped Out,0
GTC-01699,25,Female,Extension Campus - Mogoditshane,Diploma in Health Sciences,2,2025,Semester 1,2027,Facebook Ad,6.8,0,Primary,1,0,77.2,78.3,0,0,Active,0
GTC-01700,28,Female,Extension Campus - Mogoditshane,Diploma in IT,2,2025,Semester 2,2027,Radio Ad,66.4,1,None,1,0,81.7,56.3,0,0,Active,0
GTC-01701,23,Male,Block 8 Campus,Diploma in Engineering,2,2025,Semester 2,2027,Agent,61.7,1,Primary,1,1,69.9,30.0,1,2,Active,1
GTC-01702,33,Female,Main Campus - Gaborone,Certificate in Auto Mechanics,1,2025,Semester 1,2026,Website Form,83.0,0,Secondary,0,1,51.8,39.3,3,3,Dropped Out,0
GTC-01703,20,Male,Block 8 Campus,Certificate in Hospitality,1,2024,Semester 2,2025,Walk-In,19.0,1,Primary,0,0,73.8,36.1,2,3,Graduated,0
GTC-01704,27,Male,Main Campus - Gaborone,Certificate in Hospitality,1,2023,Semester 1,2024,Walk-In,31.0,0,None,0,0,80.2,45.8,0,1,Graduated,0
GTC-01705,34,Female,Main Campus - Gaborone,Diploma in Engineering,2,2023,Semester 1,2025,Open Day,58.2,1,Primary,1,0,80.2,36.3,4,2,Dropped Out,0
GTC-01706,22,Male,Main Campus - Gaborone,Certificate in Auto Mechanics,1,2023,Semester 1,2024,Facebook Ad,52.7,0,Secondary,1,0,73.3,43.1,1,2,Graduated,0
GTC-01707,31,Male,Extension Campus - Mogoditshane,Diploma in Health Sciences,2,2024,Semester 1,2026,Radio Ad,53.3,0,Secondary,1,0,71.5,75.5,0,1,Active,1
GTC-01708,35,Female,Extension Campus - Mogoditshane,Diploma in Engineering,2,2023,Semester 2,2025,Radio Ad,18.1,1,Primary,1,0,85.8,75.6,0,0,Graduated,0
GTC-01709,18,Male,Extension Campus - Mogoditshane,Diploma in Accounting,2,2025,Semester 1,2027,Referral,17.2,1,Primary,0,0,79.3,54.5,0,0,Active,1
GTC-01710,40,Female,Main Campus - Gaborone,Certificate in Business Admin,1,2024,Semester 2,2025,Agent,71.2,1,Secondary,1,1,72.0,55.8,0,1,Dropped Out,0
GTC-01711,21,Female,Block 8 Campus,Diploma in Accounting,2,2025,Semester 2,2027,Walk-In,3.1,1,Secondary,0,1,79.8,57.0,0,0,Active,0
GTC-01712,31,Male,Extension Campus - Mogoditshane,Diploma in IT,2,2025,Semester 1,2027,Referral,8.6,1,Secondary,0,0,82.9,58.9,0,0,Active,0
GTC-01713,24,Male,Block 8 Campus,Diploma in Engineering,2,2025,Semester 2,2027,Website Form,14.0,1,Primary,1,0,87.5,46.5,1,1,Active,1
GTC-01714,38,Female,Main Campus - Gaborone,Certificate in Construction,1,2024,Semester 1,2025,Referral,42.5,1,Secondary,0,0,83.1,54.5,1,0,Graduated,0
GTC-01715,23,Female,Block 8 Campus,Diploma in Health Sciences,2,2023,Semester 2,2025,Open Day,60.0,1,Primary,1,1,69.6,30.0,1,2,Dropped Out,0
GTC-01716,29,Male,Extension Campus - Mogoditshane,Certificate in Auto Mechanics,1,2023,Semester 2,2024,Facebook Ad,68.0,0,Secondary,0,1,52.3,30.0,4,3,Dropped Out,0
GTC-01717,42,Female,Extension Campus - Mogoditshane,Certificate in Construction,1,2025,Semester 1,2026,Walk-In,28.0,0,Tertiary,1,0,69.7,30.0,3,3,Active,1
GTC-01718,43,Male,Main Campus - Gaborone,Diploma in Accounting,2,2024,Semester 2,2026,Agent,82.6,1,Secondary,1,0,92.5,95.0,0,0,Active,0
GTC-01719,34,Female,Main Campus - Gaborone,Certificate in Business Admin,1,2024,Semester 1,2025,Radio Ad,10.3,1,Tertiary,0,0,84.4,48.1,1,1,Graduated,0
GTC-01720,41,Male,Main Campus - Gaborone,Certificate in Hospitality,1,2023,Semester 2,2024,Referral,33.5,1,None,0,0,73.3,30.0,2,3,Graduated,0
GTC-01721,22,Female,Main Campus - Gaborone,Certificate in Construction,1,2025,Semester 2,2026,Walk-In,77.6,0,Primary,1,0,57.7,30.0,0,2,Dropped Out,0
GTC-01722,29,Female,Extension Campus - Mogoditshane,Certificate in Business Admin,1,2025,Semester 2,2026,School Fair,82.4,1,Primary,1,0,77.0,30.0,2,2,Dropped Out,0
GTC-01723,36,Female,Block 8 Campus,Certificate in Construction,1,2024,Semester 2,2025,Referral,23.9,0,None,0,0,57.7,45.3,2,3,Graduated,0
GTC-01724,27,Male,Block 8 Campus,Certificate in Auto Mechanics,1,2024,Semester 1,2025,Agent,3.1,0,Secondary,1,0,81.3,57.0,0,0,Graduated,0
GTC-01725,40,Male,Block 8 Campus,Diploma in Health Sciences,2,2024,Semester 2,2026,Open Day,43.4,1,Tertiary,1,0,88.2,58.2,0,0,Active,0
GTC-01726,39,Male,Block 8 Campus,Certificate in Hospitality,1,2023,Semester 2,2024,Facebook Ad,68.6,0,Tertiary,0,1,50.6,35.1,3,3,Dropped Out,0
GTC-01727,18,Female,Extension Campus - Mogoditshane,Certificate in Hospitality,1,2024,Semester 1,2025,Radio Ad,16.6,0,Secondary,1,1,79.1,46.7,1,1,Graduated,0
GTC-01728,39,Male,Extension Campus - Mogoditshane,Diploma in Engineering,2,2023,Semester 1,2025,Radio Ad,79.1,1,Tertiary,1,1,79.7,40.1,0,1,Dropped Out,0
GTC-01729,32,Male,Block 8 Campus,Diploma in IT,2,2023,Semester 1,2025,Radio Ad,21.3,1,None,1,0,84.1,53.1,2,1,Graduated,0
GTC-01730,40,Female,Main Campus - Gaborone,Diploma in Engineering,2,2023,Semester 1,2025,Agent,10.1,1,Primary,1,1,69.6,50.2,0,1,Graduated,0
GTC-01731,21,Male,Main Campus - Gaborone,Certificate in Hospitality,1,2025,Semester 1,2026,Radio Ad,40.9,0,None,0,1,61.9,30.0,2,3,Dropped Out,0
GTC-01732,35,Male,Extension Campus - Mogoditshane,Diploma in IT,2,2024,Semester 2,2026,Referral,24.4,1,Secondary,1,1,84.8,54.1,0,0,Active,1
GTC-01733,31,Male,Extension Campus - Mogoditshane,Certificate in Construction,1,2024,Semester 1,2025,Open Day,42.6,0,Secondary,0,1,57.4,30.0,2,3,Dropped Out,0
GTC-01734,19,Female,Extension Campus - Mogoditshane,Diploma in Health Sciences,2,2023,Semester 1,2025,Radio Ad,59.2,0,Tertiary,0,0,68.0,70.5,0,1,Graduated,0
GTC-01735,18,Male,Extension Campus - Mogoditshane,Diploma in Engineering,2,2023,Semester 1,2025,Open Day,32.1,1,None,1,0,84.7,55.6,0,0,Graduated,0
GTC-01736,20,Female,Extension Campus - Mogoditshane,Certificate in Business Admin,1,2023,Semester 1,2024,Walk-In,18.0,0,Secondary,1,1,75.2,30.0,3,2,Dropped Out,0
GTC-01737,20,Male,Extension Campus - Mogoditshane,Certificate in Hospitality,1,2025,Semester 1,2026,Facebook Ad,63.1,1,Tertiary,0,0,87.3,77.6,1,0,Active,0
GTC-01738,19,Male,Extension Campus - Mogoditshane,Diploma in Engineering,2,2023,Semester 1,2025,Open Day,38.1,1,Tertiary,0,1,76.0,36.8,0,1,Graduated,0
GTC-01739,23,Male,Main Campus - Gaborone,Diploma in Health Sciences,2,2023,Semester 1,2025,Radio Ad,59.1,1,None,0,0,85.9,50.4,0,0,Graduated,0
GTC-01740,40,Female,Block 8 Campus,Certificate in Construction,1,2023,Semester 2,2024,Open Day,35.0,0,Tertiary,0,0,63.7,30.0,2,3,Dropped Out,0
GTC-01741,26,Female,Main Campus - Gaborone,Certificate in Construction,1,2024,Semester 1,2025,Open Day,47.0,1,Tertiary,0,0,94.4,68.3,0,0,Graduated,0
GTC-01742,28,Female,Block 8 Campus,Certificate in Auto Mechanics,1,2023,Semester 2,2024,Facebook Ad,12.5,1,Tertiary,0,1,83.7,55.3,1,0,Graduated,0
GTC-01743,22,Female,Extension Campus - Mogoditshane,Certificate in Business Admin,1,2025,Semester 2,2026,Referral,10.6,1,Secondary,1,0,85.6,53.2,1,0,Active,1
GTC-01744,18,Male,Main Campus - Gaborone,Diploma in Health Sciences,2,2024,Semester 2,2026,Open Day,82.4,1,Secondary,0,1,69.4,31.8,3,3,Active,1
GTC-01745,35,Female,Main Campus - Gaborone,Certificate in Construction,1,2025,Semester 2,2026,Facebook Ad,71.3,0,None,0,1,41.9,30.0,2,3,Dropped Out,0
GTC-01746,40,Male,Block 8 Campus,Diploma in IT,2,2025,Semester 2,2027,Open Day,74.2,1,Primary,1,0,82.4,68.6,0,0,Active,0
GTC-01747,35,Female,Extension Campus - Mogoditshane,Certificate in Auto Mechanics,1,2025,Semester 2,2026,Open Day,59.6,1,Secondary,1,0,83.7,65.5,0,0,Active,0
GTC-01748,33,Male,Main Campus - Gaborone,Certificate in Auto Mechanics,1,2025,Semester 2,2026,Walk-In,61.9,1,None,1,0,73.8,35.2,0,2,Active,1
GTC-01749,19,Male,Main Campus - Gaborone,Diploma in Engineering,2,2025,Semester 2,2027,Website Form,76.9,0,Tertiary,1,0,68.1,43.0,1,2,Active,1
GTC-01750,37,Female,Extension Campus - Mogoditshane,Diploma in Accounting,2,2024,Semester 1,2026,Website Form,13.3,1,Secondary,0,1,79.0,51.2,2,1,Active,1
GTC-01751,43,Female,Main Campus - Gaborone,Certificate in Hospitality,1,2023,Semester 2,2024,School Fair,73.9,0,Tertiary,0,0,59.0,30.0,2,3,Dropped Out,0
GTC-01752,42,Male,Extension Campus - Mogoditshane,Certificate in Construction,1,2024,Semester 2,2025,Facebook Ad,68.8,1,None,0,0,65.7,30.0,2,3,Dropped Out,0
GTC-01753,19,Male,Main Campus - Gaborone,Certificate in Construction,1,2025,Semester 2,2026,Radio Ad,24.4,1,Secondary,1,1,86.2,72.9,0,0,Active,0
GTC-01754,28,Male,Block 8 Campus,Certificate in Business Admin,1,2023,Semester 1,2024,Facebook Ad,58.9,1,Secondary,0,0,80.1,54.6,0,0,Graduated,0
GTC-01755,39,Female,Extension Campus - Mogoditshane,Certificate in Hospitality,1,2023,Semester 1,2024,School Fair,30.7,1,None,0,1,62.0,32.7,0,2,Dropped Out,0
GTC-01756,45,Male,Main Campus - Gaborone,Diploma in Engineering,2,2023,Semester 2,2025,Referral,13.6,1,Tertiary,0,1,77.9,31.7,2,2,Graduated,0
GTC-01757,45,Female,Extension Campus - Mogoditshane,Certificate in Business Admin,1,2025,Semester 1,2026,Facebook Ad,72.7,0,Tertiary,0,1,50.0,30.0,2,3,Dropped Out,0
GTC-01758,25,Female,Main Campus - Gaborone,Certificate in Auto Mechanics,1,2025,Semester 2,2026,Open Day,83.9,0,None,1,1,62.1,32.5,2,3,Active,1
GTC-01759,23,Female,Block 8 Campus,Diploma in Health Sciences,2,2025,Semester 2,2027,Open Day,80.0,1,Secondary,1,1,78.2,40.2,2,2,Dropped Out,0
GTC-01760,37,Male,Extension Campus - Mogoditshane,Certificate in Hospitality,1,2024,Semester 1,2025,Website Form,81.8,1,Tertiary,1,0,81.5,72.2,2,1,Graduated,0
GTC-01761,18,Male,Main Campus - Gaborone,Diploma in Accounting,2,2025,Semester 2,2027,Referral,40.9,1,Secondary,1,0,97.0,77.0,0,0,Active,0
GTC-01762,25,Male,Block 8 Campus,Diploma in IT,2,2025,Semester 2,2027,Website Form,52.3,1,Secondary,0,1,72.7,43.8,2,3,Dropped Out,0
GTC-01763,19,Male,Block 8 Campus,Diploma in Engineering,2,2025,Semester 2,2027,Facebook Ad,45.9,1,Primary,1,0,84.3,80.0,0,0,Active,0
GTC-01764,24,Male,Block 8 Campus,Diploma in Engineering,2,2025,Semester 2,2027,Walk-In,77.1,1,Secondary,0,1,66.8,30.0,2,3,Dropped Out,0
GTC-01765,28,Female,Main Campus - Gaborone,Diploma in IT,2,2023,Semester 1,2025,Website Form,12.3,0,Tertiary,1,1,68.7,57.8,0,1,Graduated,0
GTC-01766,37,Female,Main Campus - Gaborone,Diploma in Engineering,2,2025,Semester 2,2027,Open Day,75.1,1,None,1,0,72.4,39.3,1,2,Active,1
GTC-01767,41,Male,Main Campus - Gaborone,Diploma in Engineering,2,2023,Semester 1,2025,Agent,80.3,1,Secondary,1,0,77.9,56.6,1,0,Graduated,0
GTC-01768,39,Female,Main Campus - Gaborone,Certificate in Auto Mechanics,1,2023,Semester 2,2024,Agent,83.4,0,Primary,1,0,63.7,30.0,1,2,Dropped Out,0
GTC-01769,41,Male,Block 8 Campus,Diploma in Engineering,2,2025,Semester 1,2027,School Fair,23.0,1,Secondary,0,1,75.5,30.0,0,1,Active,1
GTC-01770,38,Male,Main Campus - Gaborone,Diploma in Accounting,2,2024,Semester 1,2026,Website Form,45.3,0,Tertiary,1,0,74.5,37.7,0,2,Dropped Out,0
GTC-01771,29,Female,Main Campus - Gaborone,Diploma in Accounting,2,2025,Semester 1,2027,Referral,4.0,0,Primary,1,1,62.7,42.5,0,2,Dropped Out,0
GTC-01772,36,Female,Block 8 Campus,Diploma in IT,2,2024,Semester 1,2026,Facebook Ad,35.6,0,None,1,0,63.4,30.0,3,3,Dropped Out,0
GTC-01773,30,Female,Block 8 Campus,Diploma in IT,2,2024,Semester 2,2026,Referral,63.5,1,Primary,1,0,78.7,43.0,0,1,Active,1
GTC-01774,32,Female,Main Campus - Gaborone,Diploma in IT,2,2025,Semester 2,2027,Radio Ad,20.7,1,Secondary,0,0,73.4,70.2,0,1,Active,1
GTC-01775,37,Female,Main Campus - Gaborone,Diploma in IT,2,2023,Semester 1,2025,Walk-In,19.5,0,None,0,1,53.0,36.0,1,2,Dropped Out,0
GTC-01776,25,Female,Block 8 Campus,Diploma in IT,2,2024,Semester 1,2026,Walk-In,46.2,1,None,1,1,80.5,30.0,3,2,Dropped Out,0
GTC-01777,38,Female,Block 8 Campus,Diploma in Engineering,2,2025,Semester 2,2027,Facebook Ad,84.8,0,Secondary,0,0,69.7,30.0,1,2,Dropped Out,0
GTC-01778,33,Female,Extension Campus - Mogoditshane,Certificate in Construction,1,2025,Semester 2,2026,Website Form,2.6,1,Primary,0,0,74.3,30.0,3,3,Dropped Out,0
GTC-01779,44,Female,Main Campus - Gaborone,Certificate in Hospitality,1,2025,Semester 2,2026,Radio Ad,58.8,1,Secondary,1,0,78.2,82.7,0,0,Active,0
GTC-01780,20,Female,Extension Campus - Mogoditshane,Certificate in Construction,1,2023,Semester 1,2024,Radio Ad,8.3,0,Secondary,0,0,78.6,48.2,3,2,Dropped Out,0
GTC-01781,33,Female,Extension Campus - Mogoditshane,Diploma in Accounting,2,2024,Semester 1,2026,Walk-In,43.8,0,Primary,1,1,56.7,31.0,2,3,Active,1
GTC-01782,41,Female,Block 8 Campus,Diploma in IT,2,2025,Semester 1,2027,School Fair,84.9,1,Secondary,0,0,76.5,61.6,2,1,Active,1
GTC-01783,29,Male,Block 8 Campus,Certificate in Auto Mechanics,1,2025,Semester 2,2026,Walk-In,60.3,1,Tertiary,0,1,79.3,62.7,1,0,On Leave,0
GTC-01784,35,Male,Main Campus - Gaborone,Certificate in Hospitality,1,2024,Semester 1,2025,Referral,68.2,0,Tertiary,1,1,53.1,30.0,0,2,Dropped Out,0
GTC-01785,31,Male,Main Campus - Gaborone,Certificate in Auto Mechanics,1,2023,Semester 2,2024,Radio Ad,10.3,1,None,0,0,71.7,35.6,2,3,Dropped Out,0
GTC-01786,27,Female,Extension Campus - Mogoditshane,Diploma in IT,2,2023,Semester 1,2025,Facebook Ad,49.4,1,Secondary,0,1,83.4,57.6,0,0,Dropped Out,0
GTC-01787,22,Male,Extension Campus - Mogoditshane,Certificate in Hospitality,1,2023,Semester 2,2024,Agent,82.0,0,Primary,1,0,73.3,42.2,0,2,Dropped Out,0
GTC-01788,27,Male,Block 8 Campus,Certificate in Business Admin,1,2023,Semester 1,2024,Facebook Ad,52.8,0,Tertiary,1,1,63.2,30.7,0,2,Dropped Out,0
GTC-01789,25,Female,Block 8 Campus,Certificate in Construction,1,2024,Semester 1,2025,Open Day,7.0,0,Tertiary,0,1,61.8,30.7,4,3,Dropped Out,0
GTC-01790,45,Female,Main Campus - Gaborone,Certificate in Hospitality,1,2023,Semester 2,2024,School Fair,10.4,1,Primary,0,0,77.0,30.8,0,1,Graduated,0
GTC-01791,42,Male,Block 8 Campus,Certificate in Auto Mechanics,1,2023,Semester 1,2024,Agent,73.1,1,Tertiary,1,0,82.6,69.7,2,1,Graduated,0
GTC-01792,30,Female,Extension Campus - Mogoditshane,Certificate in Hospitality,1,2025,Semester 1,2026,School Fair,18.9,1,None,0,0,90.4,46.7,0,1,Active,1
GTC-01793,38,Male,Extension Campus - Mogoditshane,Diploma in Health Sciences,2,2023,Semester 1,2025,Radio Ad,18.8,1,None,0,0,71.4,59.1,3,2,Graduated,0
GTC-01794,34,Male,Extension Campus - Mogoditshane,Diploma in Engineering,2,2023,Semester 2,2025,Website Form,51.2,1,Tertiary,1,0,74.9,77.8,0,1,Graduated,0
GTC-01795,28,Female,Block 8 Campus,Certificate in Construction,1,2023,Semester 1,2024,Facebook Ad,76.1,0,None,0,0,61.6,30.0,1,2,Dropped Out,0
GTC-01796,24,Female,Main Campus - Gaborone,Diploma in Health Sciences,2,2025,Semester 1,2027,Radio Ad,81.0,1,None,1,1,74.8,34.3,3,3,Active,1
GTC-01797,41,Female,Extension Campus - Mogoditshane,Diploma in Accounting,2,2023,Semester 2,2025,School Fair,42.0,1,None,1,1,82.1,30.0,2,2,Dropped Out,0
GTC-01798,26,Female,Extension Campus - Mogoditshane,Diploma in Accounting,2,2023,Semester 1,2025,Facebook Ad,63.8,1,None,1,1,72.8,48.7,2,3,Dropped Out,0
GTC-01799,31,Female,Main Campus - Gaborone,Certificate in Business Admin,1,2024,Semester 2,2025,Walk-In,73.1,0,None,1,0,67.9,30.0,1,2,Dropped Out,0
GTC-01800,26,Female,Block 8 Campus,Diploma in Accounting,2,2023,Semester 2,2025,School Fair,32.6,0,Primary,0,1,61.2,30.0,4,3,Dropped Out,0
GTC-01801,39,Female,Block 8 Campus,Certificate in Construction,1,2025,Semester 2,2026,Agent,67.1,1,Primary,0,0,75.9,65.9,0,0,Active,0
GTC-01802,25,Female,Extension Campus - Mogoditshane,Certificate in Auto Mechanics,1,2024,Semester 1,2025,Facebook Ad,55.6,0,Tertiary,0,0,72.9,30.0,2,3,Graduated,0
GTC-01803,36,Female,Extension Campus - Mogoditshane,Certificate in Auto Mechanics,1,2023,Semester 1,2024,Referral,3.0,0,None,1,0,75.8,34.7,2,2,Graduated,0
GTC-01804,26,Male,Main Campus - Gaborone,Diploma in Accounting,2,2025,Semester 2,2027,Referral,16.5,0,Tertiary,0,1,64.1,30.0,2,3,Active,1
GTC-01805,40,Male,Block 8 Campus,Diploma in Engineering,2,2025,Semester 2,2027,Referral,24.6,0,Tertiary,0,1,49.9,41.6,0,2,Active,1
GTC-01806,45,Female,Main Campus - Gaborone,Certificate in Auto Mechanics,1,2024,Semester 1,2025,Walk-In,82.2,1,None,0,0,74.5,31.2,1,2,Graduated,0
GTC-01807,36,Male,Main Campus - Gaborone,Certificate in Construction,1,2025,Semester 1,2026,Agent,60.6,1,Primary,1,0,74.5,42.3,3,3,Active,1
GTC-01808,32,Male,Block 8 Campus,Certificate in Business Admin,1,2023,Semester 2,2024,Website Form,38.4,0,Primary,1,1,60.9,50.3,0,1,Dropped Out,0
GTC-01809,45,Female,Main Campus - Gaborone,Certificate in Hospitality,1,2024,Semester 2,2025,Radio Ad,67.0,0,Primary,0,0,48.9,30.0,0,2,Dropped Out,0
GTC-01810,36,Male,Extension Campus - Mogoditshane,Certificate in Hospitality,1,2023,Semester 1,2024,Agent,75.3,1,Tertiary,0,0,72.0,33.8,1,2,Graduated,0
GTC-01811,20,Female,Main Campus - Gaborone,Diploma in Accounting,2,2023,Semester 1,2025,Open Day,62.0,1,Tertiary,1,1,79.2,36.6,1,1,Dropped Out,0
GTC-01812,36,Male,Main Campus - Gaborone,Certificate in Auto Mechanics,1,2024,Semester 2,2025,Radio Ad,62.3,1,Tertiary,1,0,76.0,41.5,1,1,Dropped Out,0
GTC-01813,40,Male,Main Campus - Gaborone,Certificate in Auto Mechanics,1,2025,Semester 2,2026,Referral,47.8,0,Tertiary,0,1,58.1,30.0,1,2,Dropped Out,0
GTC-01814,21,Male,Main Campus - Gaborone,Diploma in IT,2,2025,Semester 1,2027,Radio Ad,34.8,1,None,0,0,82.5,43.2,1,1,Active,1
GTC-01815,24,Female,Block 8 Campus,Certificate in Business Admin,1,2024,Semester 2,2025,Agent,64.5,1,Primary,0,0,74.0,38.7,0,2,Dropped Out,0
GTC-01816,42,Male,Block 8 Campus,Diploma in IT,2,2023,Semester 2,2025,Walk-In,45.1,1,Tertiary,0,0,87.6,30.0,2,2,Dropped Out,0
GTC-01817,44,Male,Extension Campus - Mogoditshane,Certificate in Hospitality,1,2024,Semester 2,2025,Radio Ad,57.3,1,Tertiary,0,0,67.3,67.8,1,1,Dropped Out,0
GTC-01818,33,Female,Extension Campus - Mogoditshane,Diploma in Accounting,2,2024,Semester 2,2026,Website Form,37.8,1,Tertiary,1,1,74.1,41.6,1,2,Active,1
GTC-01819,36,Female,Main Campus - Gaborone,Diploma in IT,2,2023,Semester 2,2025,Website Form,65.1,0,None,1,0,72.3,30.0,3,3,Dropped Out,0
GTC-01820,30,Female,Block 8 Campus,Diploma in Engineering,2,2024,Semester 2,2026,School Fair,20.9,1,None,0,0,78.2,54.0,0,0,Active,1
GTC-01821,34,Female,Main Campus - Gaborone,Diploma in Engineering,2,2024,Semester 2,2026,Agent,63.4,1,Primary,1,0,75.8,30.0,2,2,Active,1
GTC-01822,44,Male,Block 8 Campus,Diploma in Health Sciences,2,2025,Semester 1,2027,School Fair,12.0,1,Primary,0,1,66.0,30.0,3,3,Active,1
GTC-01823,22,Male,Block 8 Campus,Diploma in Engineering,2,2023,Semester 2,2025,School Fair,9.1,1,Primary,0,0,74.1,56.6,1,1,Graduated,0
GTC-01824,22,Male,Block 8 Campus,Diploma in IT,2,2023,Semester 2,2025,Walk-In,23.1,1,Primary,0,0,79.9,30.0,3,2,Dropped Out,0
GTC-01825,42,Male,Main Campus - Gaborone,Certificate in Construction,1,2025,Semester 2,2026,Walk-In,23.3,1,None,0,0,73.3,46.3,0,2,Active,1
GTC-01826,39,Female,Extension Campus - Mogoditshane,Diploma in IT,2,2025,Semester 2,2027,Referral,31.7,0,Secondary,1,0,81.8,52.6,0,0,Active,1
GTC-01827,23,Female,Block 8 Campus,Diploma in IT,2,2024,Semester 1,2026,Radio Ad,53.7,1,Tertiary,0,0,88.7,78.0,2,1,Active,1
GTC-01828,19,Male,Extension Campus - Mogoditshane,Certificate in Auto Mechanics,1,2025,Semester 2,2026,School Fair,57.8,1,Secondary,1,1,74.3,30.0,1,2,Active,1
GTC-01829,42,Male,Extension Campus - Mogoditshane,Diploma in IT,2,2023,Semester 2,2025,Walk-In,34.0,1,Tertiary,0,0,87.2,52.6,1,0,Graduated,0
GTC-01830,45,Female,Extension Campus - Mogoditshane,Diploma in Health Sciences,2,2023,Semester 1,2025,Website Form,61.7,1,None,1,1,74.2,30.0,3,3,Dropped Out,0
GTC-01831,36,Female,Main Campus - Gaborone,Certificate in Auto Mechanics,1,2024,Semester 1,2025,Agent,19.8,1,Secondary,0,1,80.1,44.2,3,2,Dropped Out,0
GTC-01832,31,Female,Main Campus - Gaborone,Certificate in Business Admin,1,2024,Semester 1,2025,Open Day,18.9,1,None,1,1,67.7,47.4,3,3,Dropped Out,0
GTC-01833,41,Male,Block 8 Campus,Diploma in Health Sciences,2,2025,Semester 2,2027,School Fair,61.3,0,Primary,0,1,44.3,30.0,2,3,Dropped Out,0
GTC-01834,39,Female,Main Campus - Gaborone,Certificate in Business Admin,1,2025,Semester 1,2026,Walk-In,51.5,1,Tertiary,1,0,82.8,82.3,0,0,Active,0
GTC-01835,42,Female,Extension Campus - Mogoditshane,Certificate in Hospitality,1,2025,Semester 2,2026,Website Form,52.4,1,Secondary,1,0,73.6,55.5,0,1,Active,1
GTC-01836,31,Female,Extension Campus - Mogoditshane,Certificate in Construction,1,2025,Semester 1,2026,Walk-In,24.6,0,Primary,0,0,62.7,55.4,2,2,Dropped Out,0
GTC-01837,25,Female,Extension Campus - Mogoditshane,Diploma in IT,2,2025,Semester 2,2027,Radio Ad,42.8,1,Secondary,1,1,84.5,62.4,1,0,Active,0
GTC-01838,20,Male,Block 8 Campus,Diploma in Accounting,2,2023,Semester 2,2025,Website Form,4.2,0,Secondary,0,0,82.1,33.7,2,2,Dropped Out,0
GTC-01839,36,Female,Block 8 Campus,Diploma in Health Sciences,2,2025,Semester 1,2027,Referral,79.1,1,Primary,1,0,73.2,45.8,3,3,Active,1
GTC-01840,44,Male,Extension Campus - Mogoditshane,Certificate in Auto Mechanics,1,2023,Semester 1,2024,Walk-In,18.2,0,Tertiary,0,0,72.0,53.2,0,1,Graduated,0
GTC-01841,32,Female,Block 8 Campus,Diploma in Health Sciences,2,2025,Semester 1,2027,Facebook Ad,36.5,1,None,0,1,58.9,32.5,1,2,Dropped Out,0
GTC-01842,29,Female,Extension Campus - Mogoditshane,Certificate in Business Admin,1,2025,Semester 1,2026,Walk-In,67.1,1,Secondary,0,1,73.6,30.0,2,3,On Leave,0
GTC-01843,44,Male,Extension Campus - Mogoditshane,Certificate in Construction,1,2024,Semester 1,2025,Walk-In,14.6,1,Tertiary,1,0,96.3,95.0,0,0,Graduated,0
GTC-01844,29,Female,Main Campus - Gaborone,Certificate in Business Admin,1,2024,Semester 1,2025,Agent,63.7,1,None,0,0,71.5,51.2,0,1,Graduated,0
GTC-01845,19,Female,Block 8 Campus,Certificate in Business Admin,1,2025,Semester 1,2026,School Fair,70.9,1,Tertiary,1,0,85.3,57.1,0,0,Active,0
GTC-01846,37,Male,Extension Campus - Mogoditshane,Diploma in Engineering,2,2025,Semester 2,2027,Walk-In,41.9,0,None,0,1,54.2,30.0,2,3,Dropped Out,0
GTC-01847,36,Female,Main Campus - Gaborone,Diploma in Engineering,2,2023,Semester 2,2025,Walk-In,56.8,0,Primary,0,0,54.8,30.0,3,3,Dropped Out,0
GTC-01848,40,Female,Block 8 Campus,Diploma in IT,2,2024,Semester 2,2026,Facebook Ad,6.3,0,Primary,0,0,57.0,30.0,0,2,Active,1
GTC-01849,44,Female,Main Campus - Gaborone,Diploma in Health Sciences,2,2024,Semester 2,2026,Facebook Ad,14.7,1,Tertiary,1,0,87.2,30.0,2,2,Active,1
GTC-01850,25,Male,Main Campus - Gaborone,Diploma in IT,2,2023,Semester 2,2025,Website Form,49.8,0,Tertiary,0,0,80.2,74.2,2,1,Graduated,0
GTC-01851,28,Female,Extension Campus - Mogoditshane,Certificate in Business Admin,1,2023,Semester 2,2024,Facebook Ad,48.7,1,None,0,0,83.8,51.5,1,0,Graduated,0
GTC-01852,31,Male,Extension Campus - Mogoditshane,Certificate in Business Admin,1,2024,Semester 2,2025,Facebook Ad,80.1,0,None,1,0,54.0,41.6,0,2,Dropped Out,0
GTC-01853,33,Male,Block 8 Campus,Diploma in IT,2,2025,Semester 1,2027,Referral,36.4,1,Secondary,0,0,83.3,49.7,0,1,Active,1
GTC-01854,34,Male,Block 8 Campus,Diploma in Engineering,2,2025,Semester 2,2027,Referral,29.3,1,Primary,0,0,74.6,51.5,0,1,Active,1
GTC-01855,20,Female,Main Campus - Gaborone,Diploma in IT,2,2024,Semester 2,2026,Open Day,79.1,0,Tertiary,0,1,52.9,30.0,1,2,Dropped Out,0
GTC-01856,30,Male,Extension Campus - Mogoditshane,Certificate in Construction,1,2023,Semester 1,2024,Facebook Ad,33.5,0,Secondary,0,0,75.1,51.7,1,0,Graduated,0
GTC-01857,34,Female,Extension Campus - Mogoditshane,Diploma in IT,2,2023,Semester 2,2025,Radio Ad,51.9,1,Tertiary,1,0,87.6,30.0,2,2,Graduated,0
GTC-01858,27,Male,Block 8 Campus,Diploma in Health Sciences,2,2025,Semester 2,2027,Open Day,55.5,1,Secondary,1,0,77.7,54.1,1,0,Active,1
GTC-01859,33,Male,Main Campus - Gaborone,Certificate in Business Admin,1,2025,Semester 1,2026,Website Form,13.0,1,Primary,1,1,63.6,42.2,1,2,Active,1
GTC-01860,27,Female,Main Campus - Gaborone,Certificate in Auto Mechanics,1,2023,Semester 1,2024,Website Form,81.3,1,Primary,1,0,76.4,48.4,1,1,Graduated,0
GTC-01861,34,Female,Block 8 Campus,Diploma in Health Sciences,2,2023,Semester 2,2025,School Fair,24.8,1,Primary,1,0,87.8,84.1,0,0,Graduated,0
GTC-01862,26,Male,Extension Campus - Mogoditshane,Certificate in Business Admin,1,2024,Semester 1,2025,Referral,73.3,0,Tertiary,0,1,53.5,38.3,0,2,Dropped Out,0
GTC-01863,33,Male,Extension Campus - Mogoditshane,Diploma in Accounting,2,2023,Semester 1,2025,Facebook Ad,78.9,1,Primary,1,1,60.5,30.0,0,2,Dropped Out,0
GTC-01864,21,Male,Main Campus - Gaborone,Diploma in Health Sciences,2,2023,Semester 2,2025,Radio Ad,82.8,1,Tertiary,0,0,72.4,54.1,0,1,Graduated,0
GTC-01865,27,Female,Main Campus - Gaborone,Diploma in Health Sciences,2,2023,Semester 2,2025,Radio Ad,17.0,0,Tertiary,0,1,74.7,30.5,3,3,Dropped Out,0
GTC-01866,20,Female,Extension Campus - Mogoditshane,Diploma in Engineering,2,2025,Semester 1,2027,Website Form,4.4,1,Secondary,1,0,94.0,52.0,1,0,Active,1
GTC-01867,31,Female,Block 8 Campus,Diploma in IT,2,2025,Semester 1,2027,Open Day,25.8,0,Tertiary,1,0,79.9,67.1,1,0,Active,0
GTC-01868,30,Female,Extension Campus - Mogoditshane,Certificate in Hospitality,1,2023,Semester 2,2024,Radio Ad,34.0,1,None,0,1,70.8,44.9,0,2,Dropped Out,0
GTC-01869,44,Male,Main Campus - Gaborone,Diploma in Health Sciences,2,2023,Semester 2,2025,Referral,30.5,1,Tertiary,0,0,85.0,45.3,2,2,Graduated,0
GTC-01870,45,Female,Main Campus - Gaborone,Certificate in Business Admin,1,2025,Semester 2,2026,School Fair,19.7,1,Secondary,0,0,88.6,64.2,0,0,Dropped Out,0
GTC-01871,19,Male,Extension Campus - Mogoditshane,Diploma in Accounting,2,2023,Semester 2,2025,Referral,51.2,1,Secondary,0,0,75.2,30.0,2,2,Graduated,0
GTC-01872,34,Female,Main Campus - Gaborone,Diploma in Engineering,2,2023,Semester 2,2025,Radio Ad,42.7,1,Tertiary,1,0,89.5,42.6,4,2,Graduated,0
GTC-01873,24,Male,Main Campus - Gaborone,Diploma in Engineering,2,2023,Semester 1,2025,School Fair,74.1,1,None,0,0,77.3,45.5,2,2,Graduated,0
GTC-01874,41,Male,Block 8 Campus,Certificate in Auto Mechanics,1,2024,Semester 2,2025,Open Day,61.6,1,None,0,1,65.6,30.0,2,3,Dropped Out,0
GTC-01875,39,Female,Block 8 Campus,Diploma in Engineering,2,2023,Semester 1,2025,Facebook Ad,73.6,1,Primary,1,0,84.6,36.3,3,2,Dropped Out,0
GTC-01876,35,Female,Block 8 Campus,Diploma in Engineering,2,2024,Semester 2,2026,School Fair,51.1,1,None,0,0,74.1,30.0,1,2,Active,1
GTC-01877,30,Female,Extension Campus - Mogoditshane,Diploma in Health Sciences,2,2023,Semester 2,2025,Website Form,84.0,1,Primary,1,0,84.4,58.0,0,0,Graduated,0
GTC-01878,35,Male,Main Campus - Gaborone,Diploma in Accounting,2,2024,Semester 2,2026,Facebook Ad,13.5,1,None,1,0,89.4,70.0,1,0,Dropped Out,0
GTC-01879,35,Male,Block 8 Campus,Diploma in Accounting,2,2025,Semester 1,2027,Facebook Ad,58.7,0,Secondary,0,0,55.8,33.3,0,2,Dropped Out,0
GTC-01880,20,Male,Block 8 Campus,Certificate in Hospitality,1,2023,Semester 1,2024,Agent,16.8,1,Secondary,0,1,82.1,30.0,2,2,Graduated,0
GTC-01881,29,Female,Main Campus - Gaborone,Certificate in Hospitality,1,2024,Semester 1,2025,Open Day,22.2,1,Secondary,1,0,90.7,30.0,0,1,Dropped Out,0
GTC-01882,43,Female,Main Campus - Gaborone,Certificate in Hospitality,1,2023,Semester 1,2024,Open Day,72.3,1,None,1,1,67.3,30.0,5,3,Dropped Out,0
GTC-01883,23,Male,Block 8 Campus,Diploma in Accounting,2,2024,Semester 1,2026,Facebook Ad,22.6,1,None,1,0,87.2,48.5,0,1,Active,1
GTC-01884,44,Female,Extension Campus - Mogoditshane,Diploma in IT,2,2024,Semester 1,2026,Website Form,83.4,1,None,1,0,72.6,30.0,3,3,Active,1
GTC-01885,30,Male,Main Campus - Gaborone,Diploma in Engineering,2,2023,Semester 2,2025,Radio Ad,37.0,1,Primary,1,0,92.2,65.1,0,0,Graduated,0
GTC-01886,37,Female,Main Campus - Gaborone,Certificate in Construction,1,2024,Semester 2,2025,School Fair,13.8,0,Tertiary,1,1,74.5,41.3,3,3,Dropped Out,0
GTC-01887,24,Male,Extension Campus - Mogoditshane,Diploma in Health Sciences,2,2023,Semester 2,2025,Website Form,34.8,1,Tertiary,0,1,74.4,43.1,1,2,Dropped Out,0
GTC-01888,30,Female,Extension Campus - Mogoditshane,Diploma in Accounting,2,2023,Semester 1,2025,Agent,23.6,0,None,1,1,66.6,30.0,0,2,Dropped Out,0
GTC-01889,29,Female,Block 8 Campus,Certificate in Construction,1,2025,Semester 2,2026,Agent,33.0,1,Secondary,0,0,96.8,51.1,0,0,Active,1
GTC-01890,45,Female,Extension Campus - Mogoditshane,Diploma in IT,2,2025,Semester 1,2027,Referral,2.5,1,Tertiary,0,0,84.3,74.1,0,0,Active,0
GTC-01891,25,Female,Block 8 Campus,Diploma in IT,2,2023,Semester 2,2025,Website Form,24.1,0,None,0,0,70.2,49.7,3,3,Dropped Out,0
GTC-01892,30,Male,Main Campus - Gaborone,Certificate in Business Admin,1,2023,Semester 2,2024,Agent,26.1,0,None,0,1,54.4,30.0,2,3,Dropped Out,0
GTC-01893,26,Male,Block 8 Campus,Diploma in IT,2,2025,Semester 2,2027,School Fair,15.4,0,Secondary,0,1,69.3,61.0,1,1,Dropped Out,0
GTC-01894,35,Female,Extension Campus - Mogoditshane,Diploma in Health Sciences,2,2023,Semester 1,2025,Referral,78.6,1,Tertiary,1,0,71.6,65.1,0,1,Graduated,0
GTC-01895,45,Male,Block 8 Campus,Certificate in Hospitality,1,2025,Semester 2,2026,Referral,9.9,1,None,0,0,86.0,46.9,1,1,Dropped Out,0
GTC-01896,33,Female,Main Campus - Gaborone,Certificate in Auto Mechanics,1,2025,Semester 1,2026,Website Form,10.2,1,Secondary,0,0,81.7,30.0,2,2,On Leave,0
GTC-01897,20,Female,Block 8 Campus,Certificate in Hospitality,1,2024,Semester 2,2025,Website Form,23.3,0,Primary,0,1,55.7,30.0,0,2,Dropped Out,0
GTC-01898,19,Male,Block 8 Campus,Diploma in IT,2,2025,Semester 2,2027,Open Day,28.7,0,None,0,0,66.8,68.6,0,1,Active,1
GTC-01899,41,Female,Main Campus - Gaborone,Certificate in Hospitality,1,2025,Semester 1,2026,Radio Ad,16.4,1,Secondary,0,0,81.3,95.0,1,0,Active,0
GTC-01900,33,Female,Extension Campus - Mogoditshane,Certificate in Auto Mechanics,1,2023,Semester 2,2024,Walk-In,41.8,1,None,0,0,73.1,63.4,0,1,Graduated,0
GTC-01901,33,Male,Block 8 Campus,Certificate in Hospitality,1,2025,Semester 2,2026,Open Day,45.4,1,Primary,0,1,66.1,30.0,2,3,Active,1
GTC-01902,40,Male,Block 8 Campus,Diploma in Accounting,2,2025,Semester 1,2027,Open Day,16.1,1,None,1,0,79.9,30.0,4,2,Dropped Out,0
GTC-01903,26,Male,Extension Campus - Mogoditshane,Certificate in Business Admin,1,2024,Semester 2,2025,Website Form,63.5,1,Secondary,0,0,76.9,55.0,0,0,Graduated,0
GTC-01904,36,Male,Main Campus - Gaborone,Certificate in Hospitality,1,2023,Semester 1,2024,Open Day,53.4,1,None,0,0,74.7,49.5,0,2,Dropped Out,0
GTC-01905,24,Male,Main Campus - Gaborone,Diploma in Health Sciences,2,2024,Semester 1,2026,School Fair,2.3,1,Primary,0,0,81.0,87.8,0,0,Dropped Out,0
GTC-01906,37,Male,Block 8 Campus,Diploma in Accounting,2,2023,Semester 1,2025,Open Day,18.1,1,None,1,0,80.8,30.0,1,1,Dropped Out,0
GTC-01907,27,Male,Main Campus - Gaborone,Certificate in Business Admin,1,2025,Semester 1,2026,Walk-In,64.6,1,Tertiary,0,1,68.7,57.0,0,1,Dropped Out,0
GTC-01908,25,Male,Block 8 Campus,Diploma in Accounting,2,2025,Semester 2,2027,Open Day,18.9,1,Tertiary,0,0,90.1,60.6,0,0,Active,0
GTC-01909,28,Female,Main Campus - Gaborone,Certificate in Business Admin,1,2024,Semester 1,2025,Radio Ad,41.6,0,Primary,0,0,71.6,30.6,3,3,Graduated,0
GTC-01910,34,Female,Main Campus - Gaborone,Certificate in Construction,1,2024,Semester 2,2025,Agent,65.9,0,None,1,1,53.4,30.0,2,3,Dropped Out,0
GTC-01911,45,Female,Block 8 Campus,Diploma in Accounting,2,2025,Semester 2,2027,Agent,9.2,0,None,0,0,64.7,30.0,0,2,Active,1
GTC-01912,34,Male,Extension Campus - Mogoditshane,Diploma in Accounting,2,2024,Semester 2,2026,Referral,4.0,0,None,1,0,68.3,30.0,1,2,Active,1
GTC-01913,29,Female,Extension Campus - Mogoditshane,Certificate in Business Admin,1,2023,Semester 1,2024,Radio Ad,38.2,0,Secondary,1,0,74.6,30.0,4,3,Dropped Out,0
GTC-01914,27,Male,Main Campus - Gaborone,Certificate in Hospitality,1,2025,Semester 2,2026,Radio Ad,72.5,0,Primary,0,0,63.4,38.4,0,2,Active,1
GTC-01915,27,Female,Extension Campus - Mogoditshane,Diploma in Health Sciences,2,2024,Semester 2,2026,Facebook Ad,37.4,1,Secondary,0,0,89.2,50.3,1,0,Active,1
GTC-01916,42,Female,Block 8 Campus,Certificate in Auto Mechanics,1,2024,Semester 1,2025,Agent,25.9,0,Primary,0,0,67.0,30.0,3,3,Dropped Out,0
GTC-01917,21,Male,Block 8 Campus,Certificate in Business Admin,1,2024,Semester 1,2025,Walk-In,29.1,0,Secondary,0,0,82.6,30.0,4,2,Graduated,0
GTC-01918,43,Male,Main Campus - Gaborone,Diploma in Health Sciences,2,2025,Semester 1,2027,School Fair,32.0,0,Tertiary,0,0,75.0,30.0,1,1,On Leave,0
GTC-01919,43,Male,Main Campus - Gaborone,Diploma in Health Sciences,2,2025,Semester 1,2027,Referral,17.5,1,Secondary,0,0,80.9,41.1,2,2,Active,1
GTC-01920,30,Female,Main Campus - Gaborone,Certificate in Hospitality,1,2023,Semester 2,2024,Walk-In,44.7,0,Secondary,0,1,69.5,47.6,0,2,Dropped Out,0
GTC-01921,20,Male,Block 8 Campus,Certificate in Hospitality,1,2023,Semester 1,2024,Radio Ad,34.8,1,Primary,0,0,70.5,30.2,3,3,Dropped Out,0
GTC-01922,18,Male,Extension Campus - Mogoditshane,Certificate in Auto Mechanics,1,2025,Semester 1,2026,Facebook Ad,47.8,1,Secondary,1,0,94.0,38.2,2,2,Active,1
GTC-01923,26,Male,Extension Campus - Mogoditshane,Diploma in IT,2,2025,Semester 1,2027,Referral,43.8,1,Secondary,1,0,97.3,64.9,2,1,Active,1
GTC-01924,26,Female,Extension Campus - Mogoditshane,Certificate in Hospitality,1,2025,Semester 1,2026,Open Day,51.1,1,Primary,1,0,82.0,44.5,0,1,Active,1
GTC-01925,37,Male,Block 8 Campus,Diploma in Health Sciences,2,2025,Semester 2,2027,Facebook Ad,26.4,0,Tertiary,0,1,55.3,30.0,3,3,Dropped Out,0
GTC-01926,43,Female,Block 8 Campus,Diploma in Accounting,2,2025,Semester 1,2027,School Fair,52.5,1,Primary,0,0,68.6,30.0,2,3,Dropped Out,0
GTC-01927,42,Female,Block 8 Campus,Diploma in Health Sciences,2,2025,Semester 1,2027,Facebook Ad,56.4,1,Primary,0,0,77.6,30.0,0,1,Dropped Out,0
GTC-01928,30,Female,Main Campus - Gaborone,Diploma in Engineering,2,2023,Semester 1,2025,Open Day,18.1,1,Secondary,1,0,91.7,51.9,2,1,Graduated,0
GTC-01929,34,Female,Block 8 Campus,Certificate in Hospitality,1,2023,Semester 2,2024,Website Form,28.2,1,Secondary,0,0,89.5,54.9,0,0,Graduated,0
GTC-01930,32,Female,Extension Campus - Mogoditshane,Diploma in IT,2,2023,Semester 2,2025,Website Form,6.2,0,Tertiary,0,0,75.3,30.0,2,2,Graduated,0
GTC-01931,25,Male,Block 8 Campus,Diploma in IT,2,2024,Semester 2,2026,Facebook Ad,22.1,1,Primary,0,0,83.6,68.9,2,1,Active,1
GTC-01932,32,Male,Block 8 Campus,Diploma in Engineering,2,2023,Semester 1,2025,Website Form,7.5,1,Secondary,0,0,79.2,54.8,0,0,Graduated,0
GTC-01933,45,Female,Main Campus - Gaborone,Certificate in Business Admin,1,2025,Semester 2,2026,School Fair,77.6,0,Tertiary,0,0,63.9,30.0,2,3,Active,1
GTC-01934,22,Male,Main Campus - Gaborone,Certificate in Business Admin,1,2023,Semester 2,2024,Walk-In,78.2,0,None,0,0,62.7,30.0,1,2,Dropped Out,0
GTC-01935,44,Female,Extension Campus - Mogoditshane,Diploma in Health Sciences,2,2024,Semester 1,2026,Website Form,72.1,1,Primary,1,0,76.4,47.9,2,2,Active,1
GTC-01936,19,Female,Main Campus - Gaborone,Certificate in Auto Mechanics,1,2024,Semester 2,2025,Facebook Ad,19.2,1,None,0,1,70.2,35.7,3,3,Dropped Out,0
GTC-01937,43,Male,Block 8 Campus,Certificate in Business Admin,1,2024,Semester 2,2025,School Fair,82.2,1,Secondary,1,0,83.3,49.7,1,1,Dropped Out,0
GTC-01938,30,Male,Main Campus - Gaborone,Certificate in Hospitality,1,2023,Semester 2,2024,Facebook Ad,76.9,0,Secondary,0,0,73.4,44.2,2,3,Dropped Out,0
GTC-01939,22,Male,Extension Campus - Mogoditshane,Certificate in Hospitality,1,2024,Semester 2,2025,Walk-In,12.7,0,None,1,0,82.5,38.2,0,1,Dropped Out,0
GTC-01940,33,Male,Block 8 Campus,Diploma in IT,2,2024,Semester 2,2026,Facebook Ad,65.8,0,None,0,1,53.8,30.0,1,2,Active,1
GTC-01941,43,Male,Extension Campus - Mogoditshane,Certificate in Hospitality,1,2025,Semester 1,2026,Walk-In,53.7,1,Secondary,0,0,74.0,65.5,0,1,Active,1
GTC-01942,27,Male,Main Campus - Gaborone,Certificate in Business Admin,1,2025,Semester 1,2026,Walk-In,13.0,1,Secondary,1,0,100.0,53.7,1,0,Dropped Out,0
GTC-01943,41,Male,Block 8 Campus,Certificate in Business Admin,1,2025,Semester 1,2026,Website Form,60.5,1,None,0,1,57.0,30.0,3,3,Dropped Out,0
GTC-01944,31,Male,Main Campus - Gaborone,Diploma in IT,2,2024,Semester 2,2026,Website Form,59.6,1,None,1,0,73.5,49.3,0,2,Active,1
GTC-01945,38,Male,Main Campus - Gaborone,Certificate in Auto Mechanics,1,2023,Semester 2,2024,Open Day,5.7,0,Secondary,0,0,81.4,61.0,0,0,Graduated,0
GTC-01946,38,Female,Main Campus - Gaborone,Certificate in Auto Mechanics,1,2025,Semester 2,2026,Agent,45.2,1,Tertiary,1,0,96.9,95.0,1,0,Active,0
GTC-01947,40,Male,Main Campus - Gaborone,Certificate in Construction,1,2025,Semester 2,2026,Facebook Ad,65.9,1,Primary,1,0,75.3,37.9,1,1,Active,1
GTC-01948,40,Female,Extension Campus - Mogoditshane,Diploma in Accounting,2,2023,Semester 2,2025,Website Form,60.0,0,Secondary,0,0,51.7,39.6,2,3,Dropped Out,0
GTC-01949,32,Male,Extension Campus - Mogoditshane,Certificate in Auto Mechanics,1,2024,Semester 2,2025,Walk-In,49.2,1,None,0,0,79.6,48.0,1,1,Dropped Out,0
GTC-01950,39,Male,Block 8 Campus,Diploma in IT,2,2023,Semester 2,2025,Facebook Ad,10.7,1,None,0,1,59.7,30.0,4,3,Dropped Out,0
GTC-01951,20,Female,Extension Campus - Mogoditshane,Diploma in IT,2,2025,Semester 1,2027,Open Day,4.6,0,Primary,0,0,71.0,51.0,0,1,Active,1
GTC-01952,32,Female,Block 8 Campus,Diploma in IT,2,2023,Semester 2,2025,Open Day,11.8,1,Primary,0,1,65.0,30.0,1,2,Graduated,0
GTC-01953,27,Female,Main Campus - Gaborone,Certificate in Auto Mechanics,1,2024,Semester 1,2025,Website Form,81.8,1,None,0,0,77.8,57.6,0,0,Graduated,0
GTC-01954,29,Female,Main Campus - Gaborone,Certificate in Auto Mechanics,1,2024,Semester 1,2025,Website Form,4.3,1,None,1,0,82.5,68.6,0,0,Graduated,0
GTC-01955,21,Male,Extension Campus - Mogoditshane,Certificate in Business Admin,1,2024,Semester 2,2025,Referral,43.6,0,Secondary,0,0,87.3,30.1,1,1,Graduated,0
GTC-01956,38,Female,Main Campus - Gaborone,Certificate in Hospitality,1,2024,Semester 2,2025,Open Day,64.0,1,Primary,0,0,67.8,30.0,3,3,Dropped Out,0
GTC-01957,21,Male,Block 8 Campus,Certificate in Auto Mechanics,1,2023,Semester 1,2024,Agent,81.8,1,Primary,1,0,81.9,53.0,0,0,Graduated,0
GTC-01958,28,Female,Extension Campus - Mogoditshane,Diploma in Engineering,2,2025,Semester 2,2027,Website Form,20.1,1,Secondary,1,0,97.2,89.3,1,0,Active,0
GTC-01959,21,Male,Main Campus - Gaborone,Diploma in Engineering,2,2024,Semester 1,2026,Referral,63.5,1,Primary,0,1,68.7,53.2,1,1,Active,1
GTC-01960,18,Male,Extension Campus - Mogoditshane,Diploma in Accounting,2,2025,Semester 2,2027,Website Form,71.2,1,None,1,0,74.5,30.0,2,3,Dropped Out,0
GTC-01961,27,Male,Main Campus - Gaborone,Diploma in Engineering,2,2025,Semester 2,2027,School Fair,26.0,1,Secondary,1,0,98.5,90.7,0,0,Active,0
GTC-01962,32,Male,Main Campus - Gaborone,Diploma in Accounting,2,2025,Semester 1,2027,School Fair,32.7,0,Secondary,0,0,77.1,30.0,3,2,Dropped Out,0
GTC-01963,35,Female,Block 8 Campus,Diploma in IT,2,2025,Semester 2,2027,Website Form,1.9,1,Secondary,1,0,86.9,56.2,0,0,On Leave,0
GTC-01964,22,Female,Extension Campus - Mogoditshane,Certificate in Auto Mechanics,1,2024,Semester 1,2025,Website Form,24.0,1,None,0,1,64.8,35.5,2,3,Dropped Out,0
GTC-01965,37,Male,Main Campus - Gaborone,Diploma in Engineering,2,2025,Semester 1,2027,Website Form,38.4,0,Primary,0,0,63.7,43.8,2,3,Dropped Out,0
GTC-01966,24,Female,Block 8 Campus,Certificate in Construction,1,2024,Semester 1,2025,Facebook Ad,74.1,0,Secondary,0,0,71.7,44.3,0,2,Dropped Out,0
GTC-01967,31,Male,Main Campus - Gaborone,Diploma in Engineering,2,2023,Semester 1,2025,Website Form,60.4,0,Primary,1,1,58.7,30.0,1,2,Dropped Out,0
GTC-01968,27,Male,Block 8 Campus,Diploma in Health Sciences,2,2024,Semester 1,2026,Website Form,70.9,1,None,0,1,66.8,62.7,0,1,Active,1
GTC-01969,36,Female,Main Campus - Gaborone,Diploma in Health Sciences,2,2023,Semester 2,2025,Radio Ad,6.8,1,None,0,1,70.6,44.9,2,3,Dropped Out,0
GTC-01970,34,Male,Extension Campus - Mogoditshane,Certificate in Construction,1,2024,Semester 2,2025,Facebook Ad,45.2,0,Secondary,1,1,63.3,30.0,4,3,Dropped Out,0
GTC-01971,28,Male,Block 8 Campus,Diploma in Health Sciences,2,2025,Semester 2,2027,Facebook Ad,37.6,1,Secondary,0,0,85.9,46.3,3,2,Active,1
GTC-01972,44,Male,Extension Campus - Mogoditshane,Certificate in Business Admin,1,2025,Semester 2,2026,Radio Ad,48.7,0,Secondary,0,1,70.1,30.0,4,3,Dropped Out,0
GTC-01973,40,Female,Extension Campus - Mogoditshane,Certificate in Hospitality,1,2025,Semester 1,2026,Referral,72.7,1,Primary,1,1,71.7,49.3,2,3,Dropped Out,0
GTC-01974,19,Female,Extension Campus - Mogoditshane,Diploma in Accounting,2,2024,Semester 2,2026,Agent,31.3,1,None,0,1,80.3,60.9,1,0,Active,0
GTC-01975,37,Male,Block 8 Campus,Diploma in Accounting,2,2024,Semester 1,2026,Website Form,16.7,1,None,0,1,68.8,30.0,2,3,Dropped Out,0
GTC-01976,29,Female,Extension Campus - Mogoditshane,Diploma in Engineering,2,2023,Semester 2,2025,Radio Ad,46.4,0,None,0,1,51.9,30.0,3,3,Dropped Out,0
GTC-01977,44,Male,Extension Campus - Mogoditshane,Certificate in Hospitality,1,2023,Semester 1,2024,Radio Ad,27.0,0,Secondary,1,0,78.5,36.0,2,2,Dropped Out,0
GTC-01978,22,Male,Extension Campus - Mogoditshane,Certificate in Auto Mechanics,1,2025,Semester 2,2026,Agent,77.4,1,Tertiary,0,1,72.8,62.1,1,1,On Leave,0
GTC-01979,44,Male,Extension Campus - Mogoditshane,Diploma in IT,2,2024,Semester 1,2026,Walk-In,58.6,0,Tertiary,0,1,45.4,30.0,3,3,Dropped Out,0
GTC-01980,27,Male,Block 8 Campus,Certificate in Hospitality,1,2025,Semester 1,2026,Open Day,84.8,1,Primary,0,1,69.8,45.5,2,3,Active,1
GTC-01981,24,Female,Extension Campus - Mogoditshane,Certificate in Hospitality,1,2025,Semester 1,2026,Open Day,46.9,1,None,0,0,80.0,59.1,0,0,Active,0
GTC-01982,38,Male,Main Campus - Gaborone,Certificate in Construction,1,2025,Semester 1,2026,Facebook Ad,69.8,0,Primary,0,0,60.9,30.0,2,3,Dropped Out,0
GTC-01983,33,Male,Block 8 Campus,Certificate in Auto Mechanics,1,2024,Semester 1,2025,Referral,48.4,1,Tertiary,1,1,83.6,44.2,1,1,Dropped Out,0
GTC-01984,35,Male,Block 8 Campus,Certificate in Construction,1,2023,Semester 2,2024,Referral,63.0,1,Primary,1,0,77.0,46.5,0,1,Graduated,0
GTC-01985,41,Female,Extension Campus - Mogoditshane,Certificate in Business Admin,1,2024,Semester 2,2025,Facebook Ad,49.7,1,Secondary,1,0,88.9,61.9,0,0,Graduated,0
GTC-01986,39,Male,Block 8 Campus,Certificate in Hospitality,1,2024,Semester 2,2025,Walk-In,80.2,1,None,1,0,75.2,30.0,3,2,Dropped Out,0
GTC-01987,45,Female,Extension Campus - Mogoditshane,Certificate in Auto Mechanics,1,2023,Semester 1,2024,Radio Ad,18.8,0,None,1,1,64.4,38.3,1,2,Dropped Out,0
GTC-01988,42,Male,Block 8 Campus,Diploma in Accounting,2,2025,Semester 2,2027,Website Form,74.6,0,None,1,1,40.8,30.0,3,3,Dropped Out,0
GTC-01989,44,Male,Main Campus - Gaborone,Certificate in Business Admin,1,2024,Semester 1,2025,School Fair,84.2,1,None,0,0,72.2,47.0,0,2,Dropped Out,0
GTC-01990,36,Female,Extension Campus - Mogoditshane,Diploma in IT,2,2023,Semester 1,2025,Facebook Ad,43.5,1,Tertiary,1,0,82.7,59.8,0,0,Graduated,0
GTC-01991,27,Male,Extension Campus - Mogoditshane,Diploma in Accounting,2,2023,Semester 1,2025,Open Day,4.3,1,Tertiary,1,0,96.0,56.8,0,0,Graduated,0
GTC-01992,27,Female,Main Campus - Gaborone,Certificate in Hospitality,1,2025,Semester 1,2026,Walk-In,24.2,1,Tertiary,1,0,97.5,76.5,0,0,Active,0
GTC-01993,27,Female,Main Campus - Gaborone,Certificate in Business Admin,1,2023,Semester 2,2024,Facebook Ad,17.3,1,Secondary,1,0,93.8,60.8,0,0,Graduated,0
GTC-01994,39,Male,Extension Campus - Mogoditshane,Certificate in Hospitality,1,2025,Semester 2,2026,Agent,64.3,0,Tertiary,1,1,66.1,30.0,0,2,Active,1
GTC-01995,36,Female,Extension Campus - Mogoditshane,Certificate in Auto Mechanics,1,2024,Semester 2,2025,Open Day,62.7,0,None,1,0,60.8,30.0,4,3,Dropped Out,0
GTC-01996,36,Male,Extension Campus - Mogoditshane,Certificate in Auto Mechanics,1,2025,Semester 1,2026,Walk-In,24.0,1,None,1,1,77.6,30.0,2,2,Active,1
GTC-01997,41,Female,Extension Campus - Mogoditshane,Certificate in Hospitality,1,2024,Semester 1,2025,Walk-In,42.6,0,Tertiary,0,0,73.7,61.9,0,1,Graduated,0
GTC-01998,28,Female,Extension Campus - Mogoditshane,Certificate in Hospitality,1,2025,Semester 1,2026,Website Form,20.6,1,Primary,1,0,82.0,69.4,0,0,Active,0
GTC-01999,28,Female,Main Campus - Gaborone,Diploma in Health Sciences,2,2023,Semester 2,2025,Agent,76.2,1,None,0,0,76.1,43.7,2,2,Dropped Out,0
GTC-02000,39,Female,Block 8 Campus,Certificate in Construction,1,2025,Semester 2,2026,School Fair,57.4,1,None,0,0,68.3,30.0,3,3,Active,1
GTC-02001,35,Male,Extension Campus - Mogoditshane,Diploma in Engineering,2,2023,Semester 1,2025,Walk-In,39.0,1,None,0,1,62.7,30.8,2,3,Dropped Out,0
GTC-02002,23,Female,Block 8 Campus,Certificate in Business Admin,1,2025,Semester 2,2026,Website Form,57.0,1,None,0,1,63.6,30.0,1,2,Dropped Out,0
GTC-02003,33,Male,Extension Campus - Mogoditshane,Diploma in Health Sciences,2,2024,Semester 2,2026,Radio Ad,81.6,1,Secondary,1,0,82.1,30.0,2,2,Dropped Out,0
GTC-02004,43,Male,Main Campus - Gaborone,Certificate in Auto Mechanics,1,2024,Semester 1,2025,School Fair,21.0,1,None,0,0,85.3,49.0,1,1,Graduated,0
GTC-02005,39,Female,Extension Campus - Mogoditshane,Certificate in Auto Mechanics,1,2025,Semester 2,2026,Walk-In,64.3,1,None,1,0,74.8,30.0,3,3,Active,1
GTC-02006,36,Male,Block 8 Campus,Diploma in Health Sciences,2,2025,Semester 1,2027,Referral,40.0,1,None,1,0,85.1,37.7,3,2,Dropped Out,0
GTC-02007,25,Male,Block 8 Campus,Certificate in Construction,1,2025,Semester 2,2026,Website Form,8.7,0,Primary,0,0,66.6,54.6,1,1,Active,1
GTC-02008,24,Male,Block 8 Campus,Diploma in Health Sciences,2,2025,Semester 2,2027,Referral,2.9,0,Secondary,1,1,76.9,62.3,1,0,Active,0
GTC-02009,38,Male,Main Campus - Gaborone,Diploma in IT,2,2025,Semester 1,2027,Walk-In,32.5,1,Primary,0,0,85.4,54.0,1,0,Active,1
GTC-02010,26,Male,Extension Campus - Mogoditshane,Diploma in Health Sciences,2,2024,Semester 1,2026,Website Form,69.5,1,Primary,1,0,83.6,69.2,0,0,Active,0
GTC-02011,37,Female,Block 8 Campus,Diploma in Engineering,2,2024,Semester 1,2026,Referral,72.4,1,Primary,1,0,70.7,60.2,1,1,Active,1
GTC-02012,19,Male,Block 8 Campus,Diploma in Accounting,2,2023,Semester 1,2025,School Fair,11.8,1,Secondary,0,0,88.5,51.8,0,0,Graduated,0
GTC-02013,38,Male,Extension Campus - Mogoditshane,Diploma in IT,2,2024,Semester 1,2026,Open Day,27.2,0,None,0,0,61.0,30.0,3,3,Active,1
GTC-02014,22,Female,Main Campus - Gaborone,Diploma in Accounting,2,2025,Semester 2,2027,Open Day,41.8,1,Secondary,0,1,78.3,31.9,3,2,Dropped Out,0
GTC-02015,18,Female,Extension Campus - Mogoditshane,Diploma in Engineering,2,2024,Semester 2,2026,Agent,11.1,0,Tertiary,1,0,88.4,63.0,2,1,Active,1
GTC-02016,38,Female,Extension Campus - Mogoditshane,Diploma in Health Sciences,2,2023,Semester 1,2025,Radio Ad,10.7,0,Secondary,1,1,75.0,30.0,3,2,Dropped Out,0
GTC-02017,20,Female,Main Campus - Gaborone,Certificate in Hospitality,1,2023,Semester 2,2024,Open Day,3.1,1,Tertiary,0,0,85.6,84.1,0,0,Graduated,0
GTC-02018,30,Male,Main Campus - Gaborone,Diploma in Engineering,2,2024,Semester 1,2026,School Fair,63.8,0,Secondary,1,0,74.7,42.3,0,2,Active,1
GTC-02019,22,Male,Block 8 Campus,Certificate in Business Admin,1,2024,Semester 2,2025,Agent,61.8,1,Secondary,0,0,86.5,48.0,0,1,Graduated,0
GTC-02020,23,Female,Extension Campus - Mogoditshane,Certificate in Hospitality,1,2025,Semester 1,2026,Open Day,60.5,1,Primary,1,1,79.7,49.7,0,1,Dropped Out,0
GTC-02021,24,Male,Block 8 Campus,Diploma in Engineering,2,2024,Semester 2,2026,Facebook Ad,39.5,0,Secondary,0,0,78.4,44.6,0,1,Active,1
GTC-02022,23,Female,Main Campus - Gaborone,Certificate in Business Admin,1,2023,Semester 1,2024,Website Form,1.1,1,Primary,0,0,84.0,75.8,1,0,Graduated,0
GTC-02023,23,Male,Block 8 Campus,Diploma in Health Sciences,2,2024,Semester 2,2026,Referral,15.9,1,Secondary,0,1,69.7,54.1,1,1,Active,1
GTC-02024,32,Male,Extension Campus - Mogoditshane,Diploma in Health Sciences,2,2025,Semester 1,2027,Facebook Ad,70.2,1,None,1,0,75.5,30.0,2,2,Active,1
GTC-02025,40,Female,Extension Campus - Mogoditshane,Diploma in Health Sciences,2,2024,Semester 1,2026,Open Day,6.3,0,Tertiary,1,0,78.4,41.7,1,1,Active,1
GTC-02026,39,Female,Main Campus - Gaborone,Certificate in Auto Mechanics,1,2025,Semester 1,2026,School Fair,40.0,0,Primary,1,1,61.5,31.9,1,2,Active,1
GTC-02027,19,Male,Extension Campus - Mogoditshane,Certificate in Auto Mechanics,1,2025,Semester 2,2026,Walk-In,44.9,1,None,1,1,79.0,44.6,0,1,Active,1
GTC-02028,21,Female,Block 8 Campus,Diploma in Engineering,2,2023,Semester 2,2025,Agent,65.8,1,Primary,1,1,64.0,30.0,1,2,Graduated,0
GTC-02029,21,Female,Block 8 Campus,Certificate in Auto Mechanics,1,2025,Semester 1,2026,School Fair,14.6,1,None,0,0,79.3,67.6,0,0,Active,0
GTC-02030,26,Male,Main Campus - Gaborone,Diploma in IT,2,2023,Semester 2,2025,Agent,42.2,1,Tertiary,1,0,100.0,39.9,1,1,Dropped Out,0
GTC-02031,28,Male,Block 8 Campus,Certificate in Auto Mechanics,1,2023,Semester 1,2024,Agent,35.3,1,Tertiary,1,1,87.0,41.5,1,1,Graduated,0
GTC-02032,22,Male,Block 8 Campus,Certificate in Hospitality,1,2025,Semester 2,2026,Website Form,77.7,1,Secondary,0,1,71.4,30.0,0,2,Active,1
GTC-02033,36,Female,Main Campus - Gaborone,Diploma in Health Sciences,2,2025,Semester 2,2027,Open Day,22.2,1,Tertiary,0,0,78.2,72.5,0,0,Active,0
GTC-02034,20,Male,Main Campus - Gaborone,Diploma in Health Sciences,2,2025,Semester 2,2027,Open Day,54.7,0,Secondary,0,0,63.9,30.0,3,3,Dropped Out,0
GTC-02035,32,Female,Main Campus - Gaborone,Certificate in Business Admin,1,2023,Semester 2,2024,School Fair,74.8,1,Secondary,1,0,81.6,62.1,0,0,Graduated,0
GTC-02036,32,Male,Block 8 Campus,Certificate in Auto Mechanics,1,2023,Semester 2,2024,Walk-In,41.3,1,Tertiary,1,0,85.9,71.1,0,0,Graduated,0
GTC-02037,40,Male,Main Campus - Gaborone,Certificate in Hospitality,1,2025,Semester 1,2026,Open Day,81.0,0,Tertiary,1,0,60.4,72.1,0,1,Dropped Out,0
GTC-02038,18,Female,Block 8 Campus,Certificate in Construction,1,2025,Semester 1,2026,Website Form,20.3,0,Primary,1,0,76.8,67.7,0,0,Active,0
GTC-02039,33,Male,Block 8 Campus,Diploma in IT,2,2025,Semester 1,2027,Walk-In,17.6,0,None,0,0,60.4,31.5,2,3,Active,1
GTC-02040,35,Female,Extension Campus - Mogoditshane,Certificate in Auto Mechanics,1,2025,Semester 2,2026,Walk-In,62.7,0,Tertiary,1,0,69.1,41.0,2,3,Active,1
GTC-02041,19,Female,Extension Campus - Mogoditshane,Certificate in Business Admin,1,2025,Semester 2,2026,Referral,75.9,1,Tertiary,0,1,61.7,34.7,1,2,Active,1
GTC-02042,23,Male,Block 8 Campus,Certificate in Auto Mechanics,1,2025,Semester 2,2026,Referral,70.8,0,Secondary,0,0,70.0,35.9,3,3,Active,1
GTC-02043,26,Male,Block 8 Campus,Certificate in Construction,1,2023,Semester 1,2024,Referral,9.7,0,Tertiary,1,1,79.5,45.9,1,1,Dropped Out,0
GTC-02044,25,Male,Main Campus - Gaborone,Certificate in Construction,1,2025,Semester 1,2026,Walk-In,39.5,0,Primary,0,1,56.1,30.0,4,3,Active,1
GTC-02045,32,Female,Main Campus - Gaborone,Certificate in Construction,1,2025,Semester 2,2026,Facebook Ad,62.5,1,Tertiary,1,1,75.3,30.0,3,2,Dropped Out,0
GTC-02046,39,Female,Block 8 Campus,Certificate in Auto Mechanics,1,2025,Semester 2,2026,Open Day,78.3,0,Tertiary,0,0,68.1,30.0,3,3,Dropped Out,0
GTC-02047,30,Male,Extension Campus - Mogoditshane,Certificate in Construction,1,2023,Semester 1,2024,Website Form,72.3,1,Tertiary,1,0,86.1,60.3,1,0,Graduated,0
GTC-02048,34,Female,Extension Campus - Mogoditshane,Diploma in Engineering,2,2025,Semester 2,2027,Radio Ad,40.0,1,Secondary,1,1,83.6,70.6,0,0,Active,0
GTC-02049,44,Female,Extension Campus - Mogoditshane,Certificate in Hospitality,1,2025,Semester 2,2026,Referral,3.4,1,Tertiary,1,0,89.2,78.1,0,0,Active,0
GTC-02050,19,Male,Main Campus - Gaborone,Certificate in Hospitality,1,2025,Semester 1,2026,School Fair,69.9,0,None,0,0,61.6,30.0,3,3,Dropped Out,0
GTC-02051,28,Female,Block 8 Campus,Certificate in Construction,1,2023,Semester 2,2024,Website Form,13.5,1,Secondary,1,1,77.6,30.0,4,2,Dropped Out,0
GTC-02052,28,Male,Block 8 Campus,Certificate in Hospitality,1,2025,Semester 2,2026,Facebook Ad,56.0,1,Tertiary,0,0,85.2,30.0,1,1,Active,1
GTC-02053,36,Female,Extension Campus - Mogoditshane,Diploma in Health Sciences,2,2025,Semester 2,2027,Facebook Ad,39.7,1,Primary,1,0,78.6,60.6,0,0,Active,0
GTC-02054,41,Female,Main Campus - Gaborone,Diploma in Accounting,2,2024,Semester 2,2026,Open Day,36.1,0,Primary,1,0,69.4,33.6,3,3,Active,1
GTC-02055,36,Female,Main Campus - Gaborone,Diploma in Health Sciences,2,2024,Semester 1,2026,Facebook Ad,69.2,1,Tertiary,0,0,79.1,58.8,0,0,Active,0
GTC-02056,44,Male,Main Campus - Gaborone,Certificate in Auto Mechanics,1,2023,Semester 1,2024,Radio Ad,11.0,0,Secondary,0,0,64.0,30.0,1,2,Dropped Out,0
GTC-02057,44,Female,Block 8 Campus,Diploma in Engineering,2,2023,Semester 1,2025,Facebook Ad,33.5,1,Primary,0,1,74.3,44.6,1,2,Dropped Out,0
GTC-02058,22,Female,Main Campus - Gaborone,Certificate in Construction,1,2023,Semester 1,2024,Referral,1.7,1,Tertiary,1,0,91.6,52.0,2,1,Graduated,0
GTC-02059,19,Male,Block 8 Campus,Diploma in Accounting,2,2023,Semester 2,2025,Walk-In,41.7,1,Primary,0,1,73.5,30.0,1,2,Graduated,0
GTC-02060,43,Female,Main Campus - Gaborone,Diploma in Engineering,2,2024,Semester 2,2026,Walk-In,26.0,0,None,1,0,71.4,30.0,2,3,Dropped Out,0
GTC-02061,40,Male,Main Campus - Gaborone,Certificate in Auto Mechanics,1,2024,Semester 1,2025,Open Day,37.4,1,Tertiary,1,0,92.0,49.9,2,2,Graduated,0
GTC-02062,21,Female,Block 8 Campus,Certificate in Business Admin,1,2023,Semester 2,2024,Agent,36.7,1,Primary,0,0,77.3,30.0,2,2,Graduated,0
GTC-02063,44,Male,Main Campus - Gaborone,Certificate in Construction,1,2023,Semester 1,2024,School Fair,75.3,0,Primary,0,0,59.2,30.0,1,2,Dropped Out,0
GTC-02064,28,Male,Block 8 Campus,Certificate in Auto Mechanics,1,2024,Semester 1,2025,School Fair,60.1,0,None,0,0,61.1,30.0,2,3,Dropped Out,0
GTC-02065,22,Female,Block 8 Campus,Certificate in Hospitality,1,2025,Semester 2,2026,Website Form,39.5,0,Secondary,0,1,61.8,30.0,0,2,Dropped Out,0
GTC-02066,40,Female,Extension Campus - Mogoditshane,Certificate in Construction,1,2025,Semester 1,2026,Walk-In,0.8,1,Secondary,1,1,83.8,54.0,3,1,Active,1
GTC-02067,43,Female,Extension Campus - Mogoditshane,Certificate in Business Admin,1,2024,Semester 1,2025,Radio Ad,58.8,0,None,0,0,66.1,49.0,1,2,Dropped Out,0
GTC-02068,28,Male,Block 8 Campus,Diploma in IT,2,2025,Semester 2,2027,Website Form,57.0,1,Primary,1,0,80.8,36.2,0,1,Active,1
GTC-02069,22,Female,Extension Campus - Mogoditshane,Diploma in Health Sciences,2,2025,Semester 2,2027,Open Day,75.3,1,Secondary,0,1,77.3,62.4,0,0,Active,0
GTC-02070,31,Male,Main Campus - Gaborone,Diploma in Engineering,2,2025,Semester 2,2027,Agent,30.4,0,Tertiary,0,0,68.8,54.7,2,2,Active,1
GTC-02071,32,Female,Block 8 Campus,Certificate in Hospitality,1,2024,Semester 1,2025,Website Form,9.6,0,Tertiary,1,0,85.1,30.0,3,2,Dropped Out,0
GTC-02072,31,Male,Main Campus - Gaborone,Certificate in Hospitality,1,2025,Semester 1,2026,Open Day,63.4,1,Tertiary,0,0,74.4,34.9,2,3,Active,1
GTC-02073,41,Female,Block 8 Campus,Certificate in Construction,1,2024,Semester 2,2025,School Fair,38.8,1,Tertiary,1,1,81.2,53.0,1,0,Graduated,0
GTC-02074,45,Female,Main Campus - Gaborone,Certificate in Business Admin,1,2023,Semester 2,2024,Radio Ad,15.6,1,None,1,0,89.4,32.1,5,2,Dropped Out,0
GTC-02075,22,Male,Extension Campus - Mogoditshane,Certificate in Construction,1,2023,Semester 1,2024,Referral,48.5,0,Secondary,1,0,76.3,43.6,1,1,Dropped Out,0
GTC-02076,35,Female,Extension Campus - Mogoditshane,Certificate in Hospitality,1,2025,Semester 2,2026,Open Day,34.5,1,None,1,0,82.8,30.0,4,2,Dropped Out,0
GTC-02077,27,Male,Block 8 Campus,Diploma in IT,2,2025,Semester 2,2027,School Fair,44.3,1,Secondary,0,1,84.8,36.0,3,2,Dropped Out,0
GTC-02078,33,Male,Block 8 Campus,Diploma in Health Sciences,2,2025,Semester 1,2027,School Fair,68.7,0,Secondary,1,0,70.5,30.0,4,3,Dropped Out,0
GTC-02079,35,Male,Block 8 Campus,Diploma in IT,2,2025,Semester 2,2027,Open Day,15.4,0,Primary,1,1,57.3,31.4,2,3,Dropped Out,0
GTC-02080,27,Female,Main Campus - Gaborone,Diploma in IT,2,2024,Semester 2,2026,Radio Ad,42.9,1,Tertiary,0,0,100.0,68.0,0,0,Active,0
GTC-02081,39,Female,Main Campus - Gaborone,Diploma in Health Sciences,2,2025,Semester 2,2027,Agent,68.1,1,Secondary,1,0,81.4,54.2,0,0,Active,1
GTC-02082,21,Female,Extension Campus - Mogoditshane,Certificate in Hospitality,1,2024,Semester 2,2025,Agent,50.0,0,Primary,0,0,69.3,56.8,0,1,Dropped Out,0
GTC-02083,42,Male,Main Campus - Gaborone,Diploma in IT,2,2023,Semester 2,2025,School Fair,8.6,0,Primary,1,0,73.3,40.5,2,3,Dropped Out,0
GTC-02084,44,Female,Extension Campus - Mogoditshane,Certificate in Hospitality,1,2025,Semester 1,2026,Referral,65.4,1,Primary,1,0,77.3,40.0,1,1,Dropped Out,0
GTC-02085,44,Male,Main Campus - Gaborone,Certificate in Construction,1,2025,Semester 1,2026,School Fair,8.8,0,Tertiary,0,0,68.5,30.0,2,3,Dropped Out,0
GTC-02086,36,Male,Block 8 Campus,Diploma in Health Sciences,2,2024,Semester 1,2026,Radio Ad,79.8,0,Primary,1,1,44.7,30.0,2,3,Dropped Out,0
GTC-02087,27,Female,Block 8 Campus,Diploma in Health Sciences,2,2025,Semester 1,2027,Facebook Ad,39.8,1,Tertiary,1,0,94.3,67.3,0,0,Active,0
GTC-02088,41,Male,Extension Campus - Mogoditshane,Certificate in Hospitality,1,2024,Semester 1,2025,Radio Ad,71.3,1,Tertiary,0,1,70.8,30.0,1,2,Graduated,0
GTC-02089,35,Male,Main Campus - Gaborone,Certificate in Construction,1,2023,Semester 2,2024,Agent,14.0,1,None,0,1,70.5,33.6,1,2,Dropped Out,0
GTC-02090,41,Male,Main Campus - Gaborone,Diploma in Health Sciences,2,2024,Semester 1,2026,Facebook Ad,63.8,1,Tertiary,0,1,70.6,30.0,0,2,Active,1
GTC-02091,37,Male,Main Campus - Gaborone,Certificate in Construction,1,2023,Semester 2,2024,School Fair,43.4,0,Primary,1,1,61.3,30.0,1,2,Dropped Out,0
GTC-02092,43,Female,Main Campus - Gaborone,Diploma in IT,2,2024,Semester 1,2026,Website Form,67.4,1,Secondary,0,1,70.5,30.0,2,3,Dropped Out,0
GTC-02093,28,Male,Extension Campus - Mogoditshane,Diploma in Accounting,2,2024,Semester 2,2026,Open Day,5.8,0,Secondary,1,0,83.2,52.7,0,0,Dropped Out,0
GTC-02094,32,Female,Block 8 Campus,Diploma in Accounting,2,2023,Semester 2,2025,School Fair,27.7,0,None,1,0,73.0,30.0,1,2,Graduated,0
GTC-02095,22,Male,Extension Campus - Mogoditshane,Diploma in IT,2,2023,Semester 1,2025,Radio Ad,1.4,1,Primary,1,1,79.8,85.1,0,0,Dropped Out,0
GTC-02096,37,Male,Block 8 Campus,Diploma in IT,2,2023,Semester 2,2025,Walk-In,34.4,1,Tertiary,0,0,79.5,67.3,0,0,Dropped Out,0
GTC-02097,30,Female,Extension Campus - Mogoditshane,Certificate in Construction,1,2024,Semester 2,2025,Agent,81.0,1,None,1,0,70.9,42.8,2,3,Dropped Out,0
GTC-02098,38,Female,Extension Campus - Mogoditshane,Certificate in Business Admin,1,2023,Semester 1,2024,Walk-In,77.7,1,Secondary,0,1,70.9,30.0,3,3,Graduated,0
GTC-02099,36,Female,Main Campus - Gaborone,Diploma in Accounting,2,2025,Semester 2,2027,Walk-In,8.6,1,Primary,0,0,78.9,57.5,0,0,Active,0
GTC-02100,22,Male,Extension Campus - Mogoditshane,Certificate in Hospitality,1,2025,Semester 1,2026,Referral,60.0,1,Primary,1,0,84.7,71.1,1,0,Active,0
GTC-02101,29,Male,Extension Campus - Mogoditshane,Diploma in Accounting,2,2025,Semester 2,2027,School Fair,31.0,1,Primary,0,0,75.0,31.7,4,2,Dropped Out,0
GTC-02102,33,Male,Main Campus - Gaborone,Diploma in Accounting,2,2023,Semester 1,2025,Agent,56.8,1,Secondary,0,1,68.6,30.0,3,3,Dropped Out,0
GTC-02103,41,Female,Extension Campus - Mogoditshane,Certificate in Construction,1,2023,Semester 1,2024,Facebook Ad,47.2,1,Tertiary,1,0,93.1,87.4,0,0,Graduated,0
GTC-02104,45,Female,Main Campus - Gaborone,Diploma in Health Sciences,2,2025,Semester 1,2027,Walk-In,72.5,1,Primary,1,0,80.1,67.3,1,0,Active,0
GTC-02105,40,Female,Main Campus - Gaborone,Diploma in Health Sciences,2,2023,Semester 2,2025,Radio Ad,68.1,1,Tertiary,1,1,73.0,35.4,3,3,Dropped Out,0
GTC-02106,21,Female,Main Campus - Gaborone,Diploma in Accounting,2,2024,Semester 1,2026,Facebook Ad,7.0,1,Secondary,0,1,78.8,58.9,0,0,Active,0
GTC-02107,35,Female,Main Campus - Gaborone,Diploma in Accounting,2,2024,Semester 1,2026,Facebook Ad,76.5,1,None,1,0,80.8,30.0,1,1,Active,1
GTC-02108,36,Female,Main Campus - Gaborone,Diploma in Accounting,2,2024,Semester 1,2026,Website Form,18.6,0,Tertiary,1,0,73.6,52.6,0,1,Active,1
GTC-02109,29,Male,Extension Campus - Mogoditshane,Certificate in Hospitality,1,2024,Semester 2,2025,Radio Ad,78.0,0,None,1,0,66.0,37.1,2,3,Dropped Out,0
GTC-02110,41,Male,Main Campus - Gaborone,Diploma in Accounting,2,2024,Semester 2,2026,School Fair,63.3,1,Tertiary,0,1,51.2,30.0,0,2,On Leave,0
GTC-02111,31,Female,Main Campus - Gaborone,Diploma in IT,2,2024,Semester 2,2026,School Fair,63.9,0,None,0,1,45.6,30.0,1,2,Active,1
GTC-02112,28,Male,Block 8 Campus,Certificate in Business Admin,1,2024,Semester 2,2025,Facebook Ad,30.1,1,None,0,1,83.7,75.2,0,0,Graduated,0
GTC-02113,42,Male,Main Campus - Gaborone,Certificate in Auto Mechanics,1,2023,Semester 2,2024,School Fair,54.5,1,Primary,1,0,79.0,61.5,0,0,Graduated,0
GTC-02114,45,Female,Extension Campus - Mogoditshane,Diploma in Health Sciences,2,2024,Semester 2,2026,Referral,14.4,0,None,1,1,64.8,32.5,2,3,Active,1
GTC-02115,40,Female,Main Campus - Gaborone,Certificate in Construction,1,2025,Semester 2,2026,Radio Ad,44.3,0,Secondary,0,0,68.8,30.0,3,3,Dropped Out,0
GTC-02116,42,Female,Extension Campus - Mogoditshane,Diploma in Engineering,2,2025,Semester 1,2027,Walk-In,29.2,1,Tertiary,0,0,82.0,30.0,3,2,Active,1
GTC-02117,21,Male,Block 8 Campus,Certificate in Hospitality,1,2025,Semester 2,2026,Facebook Ad,27.2,0,Primary,0,0,77.6,30.0,0,1,Active,1
GTC-02118,38,Female,Extension Campus - Mogoditshane,Diploma in Health Sciences,2,2024,Semester 1,2026,Agent,18.4,1,Tertiary,0,0,81.5,70.0,0,0,Active,0
GTC-02119,22,Female,Main Campus - Gaborone,Diploma in Engineering,2,2024,Semester 2,2026,Referral,77.8,1,Primary,0,1,69.7,36.0,2,3,Dropped Out,0
GTC-02120,30,Female,Main Campus - Gaborone,Certificate in Construction,1,2023,Semester 2,2024,School Fair,40.3,1,Secondary,1,0,88.1,95.0,0,0,Graduated,0
GTC-02121,25,Female,Block 8 Campus,Certificate in Construction,1,2025,Semester 1,2026,Website Form,6.9,1,Secondary,0,0,84.4,72.4,0,0,Active,0
GTC-02122,43,Female,Main Campus - Gaborone,Diploma in Engineering,2,2024,Semester 1,2026,Referral,48.0,0,Tertiary,1,1,63.1,34.2,4,3,Active,1
GTC-02123,19,Male,Main Campus - Gaborone,Certificate in Hospitality,1,2025,Semester 2,2026,Referral,3.7,1,Secondary,0,1,67.4,34.4,3,3,Active,1
GTC-02124,28,Male,Extension Campus - Mogoditshane,Certificate in Construction,1,2023,Semester 1,2024,Open Day,32.2,1,Primary,0,0,89.4,46.6,1,1,Dropped Out,0
GTC-02125,29,Male,Main Campus - Gaborone,Diploma in Health Sciences,2,2023,Semester 1,2025,Referral,75.3,1,Tertiary,0,1,73.5,38.8,2,3,Dropped Out,0
GTC-02126,44,Male,Extension Campus - Mogoditshane,Certificate in Hospitality,1,2025,Semester 1,2026,Referral,9.2,0,None,0,0,63.5,30.7,5,3,Active,1
GTC-02127,19,Female,Block 8 Campus,Diploma in Accounting,2,2023,Semester 2,2025,School Fair,36.0,0,Tertiary,1,1,73.7,62.6,1,1,Graduated,0
GTC-02128,35,Male,Extension Campus - Mogoditshane,Diploma in Engineering,2,2025,Semester 1,2027,Walk-In,49.5,0,Tertiary,0,0,78.1,30.0,1,1,Active,1
GTC-02129,32,Female,Block 8 Campus,Certificate in Construction,1,2024,Semester 2,2025,Website Form,52.7,1,Secondary,0,0,70.1,30.0,1,2,Graduated,0
GTC-02130,41,Male,Main Campus - Gaborone,Diploma in IT,2,2023,Semester 2,2025,School Fair,49.0,1,Primary,0,0,74.3,41.9,1,2,Graduated,0
GTC-02131,20,Male,Block 8 Campus,Certificate in Business Admin,1,2024,Semester 2,2025,Website Form,63.6,1,None,1,1,73.7,30.0,3,3,Dropped Out,0
GTC-02132,21,Female,Extension Campus - Mogoditshane,Certificate in Business Admin,1,2025,Semester 2,2026,Referral,69.4,1,Primary,1,0,78.3,81.4,0,0,Active,0
GTC-02133,32,Female,Main Campus - Gaborone,Diploma in IT,2,2023,Semester 2,2025,Walk-In,37.4,1,Tertiary,0,1,71.5,35.4,0,2,Dropped Out,0
GTC-02134,37,Male,Block 8 Campus,Certificate in Auto Mechanics,1,2023,Semester 1,2024,Website Form,46.7,1,None,0,0,64.8,30.2,4,3,Graduated,0
GTC-02135,30,Female,Extension Campus - Mogoditshane,Certificate in Business Admin,1,2025,Semester 2,2026,Website Form,71.2,1,Secondary,0,0,78.2,51.6,1,0,Active,1
GTC-02136,23,Female,Main Campus - Gaborone,Diploma in Health Sciences,2,2024,Semester 2,2026,Website Form,22.1,0,None,0,0,70.6,30.0,2,3,Active,1
GTC-02137,19,Male,Block 8 Campus,Certificate in Auto Mechanics,1,2023,Semester 2,2024,Walk-In,63.3,0,None,1,0,63.2,30.0,2,3,Dropped Out,0
GTC-02138,25,Female,Extension Campus - Mogoditshane,Diploma in Health Sciences,2,2023,Semester 1,2025,Facebook Ad,35.4,1,Secondary,1,0,88.9,48.5,0,1,Dropped Out,0
GTC-02139,33,Female,Main Campus - Gaborone,Certificate in Auto Mechanics,1,2024,Semester 2,2025,Radio Ad,61.1,0,Primary,0,0,51.2,30.0,2,3,Dropped Out,0
GTC-02140,29,Male,Block 8 Campus,Diploma in Health Sciences,2,2025,Semester 1,2027,Website Form,30.8,1,Secondary,1,0,100.0,30.0,4,2,Active,1
GTC-02141,36,Male,Block 8 Campus,Certificate in Hospitality,1,2024,Semester 2,2025,Agent,54.5,1,Secondary,1,0,89.3,82.1,1,0,Graduated,0
GTC-02142,24,Male,Main Campus - Gaborone,Diploma in Accounting,2,2024,Semester 1,2026,Radio Ad,32.0,1,None,0,1,78.2,62.9,0,0,Active,0
GTC-02143,44,Female,Extension Campus - Mogoditshane,Certificate in Auto Mechanics,1,2025,Semester 2,2026,Open Day,48.8,0,Tertiary,0,1,63.6,30.0,3,3,Dropped Out,0
GTC-02144,40,Male,Block 8 Campus,Diploma in Engineering,2,2023,Semester 2,2025,Facebook Ad,36.2,1,None,0,1,73.5,30.2,2,3,Dropped Out,0
GTC-02145,24,Male,Extension Campus - Mogoditshane,Certificate in Business Admin,1,2025,Semester 2,2026,School Fair,39.9,1,None,0,0,89.5,54.3,1,0,On Leave,0
GTC-02146,24,Female,Block 8 Campus,Certificate in Auto Mechanics,1,2023,Semester 2,2024,Open Day,38.9,1,Secondary,1,0,96.7,74.7,0,0,Graduated,0
GTC-02147,40,Male,Main Campus - Gaborone,Diploma in Engineering,2,2024,Semester 1,2026,Walk-In,18.9,1,Primary,0,1,62.4,30.0,1,2,Active,1
GTC-02148,28,Female,Main Campus - Gaborone,Certificate in Business Admin,1,2025,Semester 1,2026,Walk-In,82.1,0,None,0,0,55.0,30.0,1,2,Active,1
GTC-02149,39,Male,Extension Campus - Mogoditshane,Certificate in Construction,1,2023,Semester 1,2024,Facebook Ad,8.4,0,None,0,0,67.2,59.3,0,1,Dropped Out,0
GTC-02150,30,Female,Block 8 Campus,Diploma in Engineering,2,2025,Semester 1,2027,School Fair,13.9,0,Secondary,0,1,67.2,37.5,0,2,Active,1
GTC-02151,37,Female,Main Campus - Gaborone,Certificate in Hospitality,1,2024,Semester 2,2025,School Fair,29.7,1,None,0,1,71.6,38.5,1,2,Graduated,0
GTC-02152,31,Female,Main Campus - Gaborone,Certificate in Construction,1,2023,Semester 1,2024,Walk-In,31.7,1,None,0,1,58.8,30.0,3,3,Dropped Out,0
GTC-02153,27,Male,Extension Campus - Mogoditshane,Certificate in Construction,1,2023,Semester 1,2024,Radio Ad,77.3,0,None,1,1,59.2,30.0,3,3,Dropped Out,0
GTC-02154,20,Female,Block 8 Campus,Certificate in Auto Mechanics,1,2024,Semester 2,2025,Radio Ad,43.4,0,Primary,0,0,76.2,30.0,1,1,Graduated,0
GTC-02155,36,Male,Main Campus - Gaborone,Diploma in Accounting,2,2025,Semester 2,2027,Referral,16.5,0,Secondary,0,1,63.1,30.0,3,3,Active,1
GTC-02156,35,Female,Block 8 Campus,Certificate in Construction,1,2023,Semester 1,2024,Facebook Ad,59.4,1,Tertiary,0,0,78.7,44.9,0,1,Graduated,0
GTC-02157,29,Male,Block 8 Campus,Diploma in IT,2,2023,Semester 2,2025,Facebook Ad,13.5,1,Tertiary,1,0,98.2,76.8,0,0,Graduated,0
GTC-02158,32,Male,Main Campus - Gaborone,Diploma in Engineering,2,2023,Semester 1,2025,School Fair,47.0,1,None,1,0,80.5,44.3,0,1,Dropped Out,0
GTC-02159,23,Male,Main Campus - Gaborone,Certificate in Auto Mechanics,1,2023,Semester 2,2024,Referral,43.0,0,Tertiary,1,0,83.6,47.4,1,1,Dropped Out,0
GTC-02160,45,Female,Block 8 Campus,Diploma in Accounting,2,2023,Semester 2,2025,Open Day,40.9,1,Tertiary,0,1,79.0,44.0,1,1,Graduated,0
GTC-02161,28,Female,Block 8 Campus,Certificate in Auto Mechanics,1,2025,Semester 1,2026,Walk-In,64.3,1,Tertiary,0,1,73.9,61.4,2,2,Active,1
GTC-02162,31,Male,Block 8 Campus,Diploma in Accounting,2,2024,Semester 1,2026,Walk-In,48.1,1,Secondary,1,1,82.5,43.3,3,2,On Leave,0
GTC-02163,18,Male,Extension Campus - Mogoditshane,Diploma in IT,2,2023,Semester 2,2025,School Fair,44.4,0,Secondary,1,0,76.2,45.2,0,1,Graduated,0
GTC-02164,42,Male,Extension Campus - Mogoditshane,Diploma in IT,2,2025,Semester 2,2027,Facebook Ad,18.3,1,Secondary,0,0,85.5,81.5,1,0,Active,0
GTC-02165,39,Female,Extension Campus - Mogoditshane,Diploma in Engineering,2,2024,Semester 1,2026,Facebook Ad,7.8,0,None,1,0,78.9,30.0,2,2,Active,1
GTC-02166,23,Female,Extension Campus - Mogoditshane,Certificate in Auto Mechanics,1,2025,Semester 1,2026,School Fair,64.7,1,Tertiary,0,0,84.4,48.5,1,1,Dropped Out,0
GTC-02167,41,Female,Main Campus - Gaborone,Certificate in Hospitality,1,2024,Semester 1,2025,School Fair,48.2,0,Tertiary,0,0,79.2,35.6,2,2,Dropped Out,0
GTC-02168,24,Female,Main Campus - Gaborone,Diploma in Engineering,2,2025,Semester 1,2027,Open Day,60.1,1,Tertiary,1,1,77.1,62.9,0,0,Active,0
GTC-02169,25,Male,Main Campus - Gaborone,Certificate in Auto Mechanics,1,2025,Semester 2,2026,Walk-In,29.3,0,Tertiary,0,0,68.8,30.0,0,2,Active,1
GTC-02170,42,Male,Main Campus - Gaborone,Diploma in IT,2,2023,Semester 2,2025,Website Form,68.4,1,Secondary,0,0,82.9,64.3,0,0,Graduated,0
GTC-02171,33,Female,Main Campus - Gaborone,Diploma in Engineering,2,2024,Semester 2,2026,Radio Ad,32.4,1,Tertiary,1,0,99.4,55.9,1,0,Active,0
GTC-02172,27,Female,Main Campus - Gaborone,Certificate in Auto Mechanics,1,2024,Semester 1,2025,Website Form,38.0,1,Secondary,0,0,88.7,56.8,0,0,Graduated,0
GTC-02173,44,Male,Extension Campus - Mogoditshane,Certificate in Business Admin,1,2025,Semester 2,2026,Facebook Ad,64.9,1,None,1,0,69.5,54.4,0,1,Active,1
GTC-02174,41,Female,Block 8 Campus,Diploma in IT,2,2025,Semester 2,2027,Walk-In,56.4,0,None,0,0,56.9,30.0,3,3,Dropped Out,0
GTC-02175,28,Male,Main Campus - Gaborone,Certificate in Auto Mechanics,1,2024,Semester 2,2025,Walk-In,21.5,1,Secondary,1,0,88.1,78.8,0,0,Graduated,0
GTC-02176,29,Male,Block 8 Campus,Certificate in Construction,1,2024,Semester 1,2025,Website Form,7.0,0,Secondary,0,0,74.3,56.4,1,1,Dropped Out,0
GTC-02177,38,Male,Main Campus - Gaborone,Diploma in Accounting,2,2025,Semester 1,2027,Open Day,8.0,1,Tertiary,0,0,73.9,30.0,4,3,Active,1
GTC-02178,31,Male,Main Campus - Gaborone,Certificate in Auto Mechanics,1,2023,Semester 1,2024,Website Form,55.5,1,Tertiary,0,0,77.2,44.3,1,1,Dropped Out,0
GTC-02179,37,Male,Main Campus - Gaborone,Diploma in Accounting,2,2023,Semester 1,2025,School Fair,12.3,0,None,0,0,62.5,34.5,3,3,Dropped Out,0
GTC-02180,21,Female,Block 8 Campus,Certificate in Construction,1,2024,Semester 2,2025,Facebook Ad,71.8,1,Secondary,0,0,79.3,60.5,0,0,Graduated,0
GTC-02181,29,Female,Main Campus - Gaborone,Diploma in IT,2,2023,Semester 1,2025,Radio Ad,36.9,1,Secondary,0,1,78.3,68.6,0,0,Graduated,0
GTC-02182,21,Female,Extension Campus - Mogoditshane,Diploma in Health Sciences,2,2025,Semester 1,2027,Facebook Ad,17.0,0,Secondary,1,0,78.9,53.9,0,0,Active,1
GTC-02183,32,Female,Main Campus - Gaborone,Diploma in Engineering,2,2023,Semester 1,2025,Radio Ad,72.4,1,Primary,0,0,65.1,34.2,1,2,Dropped Out,0
GTC-02184,20,Female,Main Campus - Gaborone,Certificate in Hospitality,1,2023,Semester 2,2024,Agent,4.0,1,Tertiary,0,1,75.4,52.9,3,1,Graduated,0
GTC-02185,19,Female,Extension Campus - Mogoditshane,Certificate in Auto Mechanics,1,2024,Semester 1,2025,Facebook Ad,37.1,0,Secondary,0,0,71.1,58.2,1,1,Graduated,0
GTC-02186,40,Male,Block 8 Campus,Diploma in Health Sciences,2,2023,Semester 2,2025,Agent,15.6,0,Primary,0,0,66.8,30.0,1,2,Dropped Out,0
GTC-02187,37,Female,Main Campus - Gaborone,Diploma in Engineering,2,2025,Semester 2,2027,Facebook Ad,65.0,1,None,0,0,71.4,56.7,0,1,Dropped Out,0
GTC-02188,39,Male,Main Campus - Gaborone,Diploma in Health Sciences,2,2023,Semester 2,2025,Agent,50.5,1,Tertiary,1,0,90.9,52.8,0,0,Graduated,0
GTC-02189,44,Male,Block 8 Campus,Diploma in Accounting,2,2023,Semester 1,2025,Agent,33.4,1,Secondary,1,0,85.9,90.6,0,0,Graduated,0
GTC-02190,45,Male,Extension Campus - Mogoditshane,Diploma in Accounting,2,2023,Semester 1,2025,School Fair,29.8,0,None,0,0,64.3,30.0,2,3,Dropped Out,0
GTC-02191,18,Male,Main Campus - Gaborone,Diploma in IT,2,2024,Semester 1,2026,Agent,37.1,1,Secondary,1,1,87.4,60.9,0,0,Active,0
GTC-02192,26,Male,Main Campus - Gaborone,Diploma in Engineering,2,2024,Semester 1,2026,Radio Ad,1.0,0,None,1,0,78.0,71.7,0,0,Active,0
GTC-02193,30,Male,Main Campus - Gaborone,Diploma in Engineering,2,2024,Semester 2,2026,Radio Ad,28.7,1,Secondary,0,0,96.8,65.8,2,1,Active,1
GTC-02194,27,Male,Main Campus - Gaborone,Certificate in Hospitality,1,2025,Semester 1,2026,Website Form,4.4,0,Tertiary,1,0,94.0,73.1,0,0,Active,0
GTC-02195,39,Male,Block 8 Campus,Diploma in Health Sciences,2,2024,Semester 2,2026,School Fair,50.9,1,Primary,0,0,73.8,33.6,5,3,Active,1
GTC-02196,44,Male,Block 8 Campus,Diploma in Health Sciences,2,2025,Semester 1,2027,Radio Ad,50.4,1,Secondary,0,1,69.3,67.0,0,1,Active,1
GTC-02197,36,Male,Block 8 Campus,Certificate in Business Admin,1,2025,Semester 1,2026,School Fair,39.9,1,None,0,0,82.5,40.1,0,1,Active,1
GTC-02198,33,Female,Extension Campus - Mogoditshane,Diploma in IT,2,2023,Semester 1,2025,Referral,30.6,1,Secondary,0,0,94.2,43.2,0,1,Graduated,0
GTC-02199,37,Female,Block 8 Campus,Diploma in Health Sciences,2,2023,Semester 2,2025,Radio Ad,19.0,1,None,0,0,73.2,53.7,2,2,Graduated,0
GTC-02200,24,Female,Extension Campus - Mogoditshane,Certificate in Hospitality,1,2025,Semester 1,2026,Website Form,71.5,1,Secondary,1,1,81.8,44.4,2,2,Active,1
GTC-02201,33,Female,Block 8 Campus,Diploma in Engineering,2,2025,Semester 2,2027,Agent,47.9,0,None,1,0,73.2,30.0,2,3,Dropped Out,0
GTC-02202,44,Male,Main Campus - Gaborone,Certificate in Construction,1,2023,Semester 2,2024,Agent,75.4,1,Primary,0,1,65.8,34.5,2,3,Dropped Out,0
GTC-02203,41,Female,Main Campus - Gaborone,Certificate in Construction,1,2023,Semester 1,2024,Open Day,74.8,1,None,1,1,59.6,31.5,1,2,Dropped Out,0
GTC-02204,41,Female,Main Campus - Gaborone,Certificate in Auto Mechanics,1,2024,Semester 1,2025,Referral,64.8,0,None,0,0,55.6,30.0,4,3,Dropped Out,0
GTC-02205,28,Female,Block 8 Campus,Certificate in Hospitality,1,2025,Semester 2,2026,Facebook Ad,66.4,1,Primary,0,1,66.8,31.1,1,2,Active,1
GTC-02206,19,Male,Block 8 Campus,Certificate in Business Admin,1,2025,Semester 2,2026,Website Form,36.8,1,Primary,1,0,83.2,89.9,0,0,Active,0
GTC-02207,32,Male,Extension Campus - Mogoditshane,Diploma in Health Sciences,2,2025,Semester 1,2027,Agent,27.6,1,Primary,1,1,73.5,36.9,1,2,Active,1
GTC-02208,31,Female,Main Campus - Gaborone,Diploma in Engineering,2,2024,Semester 2,2026,Open Day,59.2,1,None,0,1,49.5,30.0,3,3,Dropped Out,0
GTC-02209,38,Female,Extension Campus - Mogoditshane,Diploma in Engineering,2,2024,Semester 1,2026,Agent,2.7,1,None,0,1,67.0,61.6,0,1,Active,1
GTC-02210,43,Female,Main Campus - Gaborone,Certificate in Auto Mechanics,1,2024,Semester 1,2025,Facebook Ad,45.3,1,Tertiary,0,1,69.2,42.2,1,2,Dropped Out,0
GTC-02211,45,Male,Block 8 Campus,Diploma in Accounting,2,2023,Semester 1,2025,Walk-In,63.6,1,Tertiary,1,1,81.9,54.1,2,1,Graduated,0
GTC-02212,42,Male,Block 8 Campus,Certificate in Auto Mechanics,1,2023,Semester 2,2024,Radio Ad,15.4,1,Secondary,0,1,75.0,30.0,5,2,Dropped Out,0
GTC-02213,36,Male,Block 8 Campus,Certificate in Business Admin,1,2025,Semester 2,2026,School Fair,69.2,1,Secondary,0,0,73.8,67.9,0,1,Active,1
GTC-02214,41,Male,Extension Campus - Mogoditshane,Certificate in Auto Mechanics,1,2023,Semester 1,2024,Website Form,16.3,1,Primary,1,0,84.8,73.0,0,0,Graduated,0
GTC-02215,24,Female,Main Campus - Gaborone,Certificate in Business Admin,1,2024,Semester 2,2025,School Fair,59.7,1,Primary,1,0,81.5,63.4,0,0,Graduated,0
GTC-02216,45,Female,Block 8 Campus,Certificate in Construction,1,2023,Semester 2,2024,Walk-In,37.5,0,Tertiary,0,0,69.8,30.0,3,3,Dropped Out,0
GTC-02217,31,Female,Main Campus - Gaborone,Certificate in Auto Mechanics,1,2023,Semester 1,2024,Referral,18.3,1,None,0,0,77.6,48.4,0,1,Graduated,0
GTC-02218,22,Female,Block 8 Campus,Certificate in Hospitality,1,2023,Semester 2,2024,School Fair,49.0,1,Secondary,0,1,79.5,41.5,2,2,Graduated,0
GTC-02219,34,Male,Extension Campus - Mogoditshane,Diploma in IT,2,2025,Semester 1,2027,Agent,52.9,1,None,1,0,80.9,39.2,4,2,Dropped Out,0
GTC-02220,18,Female,Main Campus - Gaborone,Certificate in Business Admin,1,2023,Semester 1,2024,Walk-In,69.4,0,Tertiary,1,0,81.5,30.0,4,2,Dropped Out,0
GTC-02221,23,Male,Extension Campus - Mogoditshane,Diploma in Health Sciences,2,2025,Semester 2,2027,School Fair,28.8,0,Tertiary,0,0,72.9,41.5,1,2,Active,1
GTC-02222,28,Female,Main Campus - Gaborone,Diploma in Engineering,2,2023,Semester 1,2025,Agent,66.1,1,Tertiary,1,1,80.7,35.8,2,2,Dropped Out,0
GTC-02223,41,Female,Extension Campus - Mogoditshane,Certificate in Construction,1,2024,Semester 1,2025,Website Form,82.0,1,Secondary,1,0,82.4,30.0,3,2,Dropped Out,0
GTC-02224,39,Female,Extension Campus - Mogoditshane,Diploma in Engineering,2,2024,Semester 2,2026,Radio Ad,74.4,1,Tertiary,1,0,88.8,67.2,0,0,Active,0
GTC-02225,45,Female,Extension Campus - Mogoditshane,Certificate in Construction,1,2023,Semester 1,2024,Open Day,74.6,1,Secondary,1,0,90.0,66.9,2,1,Graduated,0
GTC-02226,28,Male,Extension Campus - Mogoditshane,Certificate in Business Admin,1,2025,Semester 2,2026,Agent,58.6,1,Secondary,1,1,81.8,37.2,4,2,Active,1
GTC-02227,28,Male,Main Campus - Gaborone,Diploma in Engineering,2,2023,Semester 2,2025,Open Day,3.8,1,None,0,1,79.6,45.3,3,2,Dropped Out,0
GTC-02228,35,Female,Main Campus - Gaborone,Diploma in Accounting,2,2023,Semester 2,2025,Referral,47.3,0,None,0,0,64.4,30.0,2,3,Dropped Out,0
GTC-02229,34,Male,Block 8 Campus,Diploma in IT,2,2024,Semester 1,2026,Facebook Ad,23.1,1,Secondary,0,1,73.8,59.8,0,1,Active,1
GTC-02230,40,Male,Block 8 Campus,Diploma in Health Sciences,2,2025,Semester 1,2027,Radio Ad,81.7,0,None,1,0,60.8,30.0,0,2,Dropped Out,0
GTC-02231,27,Female,Block 8 Campus,Diploma in Health Sciences,2,2024,Semester 1,2026,Facebook Ad,13.1,1,Secondary,0,0,90.8,42.3,2,2,Active,1
GTC-02232,43,Female,Extension Campus - Mogoditshane,Certificate in Construction,1,2025,Semester 1,2026,Radio Ad,33.4,0,Primary,1,1,57.2,30.0,3,3,Active,1
GTC-02233,45,Male,Block 8 Campus,Diploma in Health Sciences,2,2024,Semester 2,2026,Facebook Ad,18.3,1,Secondary,0,1,71.1,58.1,0,1,Active,1
GTC-02234,19,Female,Main Campus - Gaborone,Certificate in Construction,1,2023,Semester 1,2024,Radio Ad,72.1,1,Primary,0,0,73.2,54.0,1,1,Graduated,0
GTC-02235,31,Male,Main Campus - Gaborone,Certificate in Construction,1,2024,Semester 2,2025,Referral,27.6,1,None,0,0,80.6,52.3,0,0,Graduated,0
GTC-02236,26,Female,Main Campus - Gaborone,Certificate in Auto Mechanics,1,2025,Semester 2,2026,Facebook Ad,50.3,1,Tertiary,1,0,93.6,60.2,0,0,Active,0
GTC-02237,23,Male,Main Campus - Gaborone,Diploma in Health Sciences,2,2025,Semester 1,2027,Facebook Ad,68.6,1,Primary,0,1,71.9,30.0,0,2,Active,1
GTC-02238,33,Male,Main Campus - Gaborone,Diploma in Engineering,2,2025,Semester 1,2027,Facebook Ad,73.2,1,None,1,0,83.4,30.0,3,2,Active,1
GTC-02239,32,Male,Block 8 Campus,Certificate in Hospitality,1,2024,Semester 1,2025,Referral,59.4,1,None,0,1,66.7,30.0,1,2,Dropped Out,0
GTC-02240,31,Female,Extension Campus - Mogoditshane,Diploma in IT,2,2024,Semester 2,2026,Open Day,81.6,1,Tertiary,0,1,69.7,78.6,1,1,Active,1
GTC-02241,34,Female,Main Campus - Gaborone,Certificate in Auto Mechanics,1,2025,Semester 1,2026,Agent,2.0,1,Tertiary,0,0,80.8,47.1,3,2,Active,1
GTC-02242,22,Female,Main Campus - Gaborone,Certificate in Hospitality,1,2025,Semester 1,2026,Radio Ad,22.8,1,Tertiary,0,0,90.0,45.1,2,2,Dropped Out,0
GTC-02243,21,Female,Main Campus - Gaborone,Certificate in Business Admin,1,2023,Semester 2,2024,Referral,37.0,1,Tertiary,1,1,78.0,55.4,0,0,Graduated,0
GTC-02244,27,Male,Main Campus - Gaborone,Diploma in Accounting,2,2024,Semester 2,2026,School Fair,31.6,1,Secondary,1,0,90.5,95.0,0,0,Active,0
GTC-02245,28,Male,Main Campus - Gaborone,Diploma in IT,2,2023,Semester 2,2025,Referral,34.9,0,Tertiary,0,1,61.6,30.0,3,3,Dropped Out,0
GTC-02246,42,Female,Main Campus - Gaborone,Diploma in Health Sciences,2,2025,Semester 1,2027,School Fair,74.0,1,Secondary,0,1,63.4,35.0,2,3,Active,1
GTC-02247,23,Male,Extension Campus - Mogoditshane,Certificate in Construction,1,2025,Semester 1,2026,Facebook Ad,52.8,1,Tertiary,0,0,82.9,53.2,0,0,Active,1
GTC-02248,42,Female,Extension Campus - Mogoditshane,Certificate in Auto Mechanics,1,2025,Semester 1,2026,Open Day,47.3,1,Primary,1,0,82.1,64.8,0,0,Active,0
GTC-02249,39,Female,Extension Campus - Mogoditshane,Diploma in IT,2,2024,Semester 1,2026,Website Form,7.8,1,Secondary,1,0,81.6,56.0,0,0,Active,0
GTC-02250,39,Male,Extension Campus - Mogoditshane,Diploma in IT,2,2023,Semester 2,2025,Website Form,44.0,1,Primary,1,0,83.8,30.0,0,1,Graduated,0
GTC-02251,36,Female,Block 8 Campus,Certificate in Construction,1,2025,Semester 1,2026,Referral,69.5,1,None,0,1,60.8,30.0,3,3,Dropped Out,0
GTC-02252,24,Female,Main Campus - Gaborone,Certificate in Hospitality,1,2024,Semester 1,2025,Agent,39.6,1,Tertiary,0,1,74.0,78.1,1,1,Graduated,0
GTC-02253,35,Female,Block 8 Campus,Diploma in IT,2,2023,Semester 1,2025,Walk-In,25.8,1,Tertiary,0,1,75.1,30.0,1,1,Dropped Out,0
GTC-02254,34,Male,Block 8 Campus,Certificate in Business Admin,1,2025,Semester 1,2026,Open Day,71.7,0,Tertiary,0,0,60.4,30.0,1,2,Active,1
GTC-02255,41,Male,Block 8 Campus,Certificate in Business Admin,1,2023,Semester 2,2024,School Fair,31.6,1,Primary,0,0,81.5,56.4,3,1,Graduated,0
GTC-02256,36,Female,Extension Campus - Mogoditshane,Diploma in Engineering,2,2024,Semester 2,2026,Open Day,62.0,0,Tertiary,1,0,71.0,30.0,2,3,Active,1
GTC-02257,25,Female,Block 8 Campus,Diploma in Health Sciences,2,2024,Semester 2,2026,Facebook Ad,16.0,1,Secondary,0,0,84.4,40.8,1,1,Active,1
GTC-02258,45,Female,Block 8 Campus,Diploma in Health Sciences,2,2025,Semester 2,2027,Referral,19.3,0,None,0,1,52.2,30.0,1,2,Active,1
GTC-02259,30,Male,Block 8 Campus,Diploma in Engineering,2,2025,Semester 1,2027,Walk-In,30.8,1,Secondary,1,0,85.6,95.0,0,0,Active,0
GTC-02260,34,Male,Main Campus - Gaborone,Certificate in Hospitality,1,2025,Semester 2,2026,School Fair,74.3,1,Tertiary,0,0,71.0,30.0,3,3,Active,1
GTC-02261,42,Female,Extension Campus - Mogoditshane,Diploma in Health Sciences,2,2024,Semester 2,2026,Open Day,59.4,1,Secondary,0,0,70.4,56.6,0,1,Active,1
GTC-02262,42,Male,Block 8 Campus,Diploma in Accounting,2,2025,Semester 1,2027,Open Day,1.3,1,Primary,1,0,91.6,82.9,0,0,Active,0
GTC-02263,18,Male,Main Campus - Gaborone,Certificate in Hospitality,1,2024,Semester 2,2025,Facebook Ad,30.9,1,Primary,0,0,81.5,38.0,1,1,Graduated,0
GTC-02264,29,Female,Main Campus - Gaborone,Certificate in Auto Mechanics,1,2024,Semester 2,2025,Website Form,47.6,1,Primary,0,0,86.6,56.4,0,0,Graduated,0
GTC-02265,31,Male,Main Campus - Gaborone,Diploma in Engineering,2,2023,Semester 1,2025,School Fair,67.9,1,Primary,0,0,67.5,30.0,1,2,Dropped Out,0
GTC-02266,37,Female,Block 8 Campus,Certificate in Auto Mechanics,1,2023,Semester 2,2024,Referral,72.4,1,Tertiary,1,0,83.6,80.5,0,0,Graduated,0
GTC-02267,21,Female,Extension Campus - Mogoditshane,Diploma in IT,2,2025,Semester 1,2027,Open Day,27.2,0,Secondary,0,0,79.1,52.6,1,0,Active,1
GTC-02268,38,Female,Block 8 Campus,Certificate in Auto Mechanics,1,2024,Semester 2,2025,Open Day,37.3,1,Tertiary,0,0,82.4,42.6,2,2,Graduated,0
GTC-02269,30,Female,Main Campus - Gaborone,Certificate in Hospitality,1,2023,Semester 2,2024,Open Day,37.9,0,Tertiary,0,1,68.4,30.0,4,3,Dropped Out,0
GTC-02270,31,Male,Extension Campus - Mogoditshane,Certificate in Business Admin,1,2025,Semester 1,2026,Website Form,0.5,1,Secondary,1,0,90.0,48.9,2,2,Dropped Out,0
GTC-02271,37,Female,Main Campus - Gaborone,Certificate in Construction,1,2025,Semester 1,2026,Referral,40.5,0,None,0,0,60.9,30.0,2,3,Active,1
GTC-02272,25,Female,Block 8 Campus,Diploma in IT,2,2025,Semester 2,2027,Facebook Ad,51.7,1,Secondary,0,0,84.1,33.0,1,1,Active,1
GTC-02273,43,Female,Extension Campus - Mogoditshane,Certificate in Construction,1,2025,Semester 2,2026,Open Day,10.3,1,Secondary,0,1,67.5,30.5,4,3,Dropped Out,0
GTC-02274,36,Female,Main Campus - Gaborone,Certificate in Construction,1,2024,Semester 2,2025,Open Day,40.8,1,Tertiary,0,1,77.9,37.9,2,2,Graduated,0
GTC-02275,20,Male,Extension Campus - Mogoditshane,Certificate in Auto Mechanics,1,2024,Semester 2,2025,Open Day,50.6,1,Primary,1,1,66.0,30.0,2,3,Dropped Out,0
GTC-02276,28,Female,Block 8 Campus,Certificate in Business Admin,1,2024,Semester 1,2025,Agent,27.7,1,None,1,0,86.2,55.5,0,0,Graduated,0
GTC-02277,39,Female,Main Campus - Gaborone,Diploma in Engineering,2,2023,Semester 1,2025,School Fair,79.7,0,Tertiary,1,1,57.7,30.0,1,2,Dropped Out,0
GTC-02278,44,Male,Extension Campus - Mogoditshane,Diploma in Health Sciences,2,2023,Semester 1,2025,Facebook Ad,50.7,0,Tertiary,0,0,69.0,30.0,1,2,Dropped Out,0
GTC-02279,43,Female,Main Campus - Gaborone,Certificate in Auto Mechanics,1,2024,Semester 1,2025,Walk-In,50.2,1,Primary,0,0,59.1,30.5,1,2,Dropped Out,0
GTC-02280,39,Female,Extension Campus - Mogoditshane,Certificate in Construction,1,2024,Semester 1,2025,Walk-In,58.5,1,Secondary,0,0,79.9,71.6,0,0,Graduated,0
GTC-02281,42,Male,Extension Campus - Mogoditshane,Certificate in Business Admin,1,2023,Semester 2,2024,School Fair,60.6,1,Primary,1,1,64.5,30.0,2,3,Dropped Out,0
GTC-02282,39,Male,Extension Campus - Mogoditshane,Certificate in Construction,1,2024,Semester 2,2025,Facebook Ad,6.2,1,Primary,0,0,73.8,73.4,0,1,Graduated,0
GTC-02283,35,Male,Extension Campus - Mogoditshane,Certificate in Auto Mechanics,1,2025,Semester 1,2026,Referral,1.1,1,Secondary,0,0,79.5,58.4,0,0,Active,0
GTC-02284,34,Male,Extension Campus - Mogoditshane,Certificate in Construction,1,2023,Semester 2,2024,Walk-In,30.0,0,None,1,0,78.9,44.6,1,1,Graduated,0
GTC-02285,35,Female,Main Campus - Gaborone,Diploma in Engineering,2,2024,Semester 2,2026,School Fair,38.5,0,Primary,1,0,68.0,42.6,2,3,Dropped Out,0
GTC-02286,18,Female,Extension Campus - Mogoditshane,Certificate in Hospitality,1,2025,Semester 1,2026,Website Form,45.3,1,Secondary,0,0,88.3,86.8,0,0,Active,0
GTC-02287,24,Female,Block 8 Campus,Certificate in Construction,1,2025,Semester 2,2026,Walk-In,79.4,1,Secondary,0,1,77.9,30.0,0,1,Active,1
GTC-02288,18,Female,Extension Campus - Mogoditshane,Certificate in Auto Mechanics,1,2024,Semester 1,2025,Website Form,83.1,1,Primary,1,0,72.7,46.1,0,2,Dropped Out,0
GTC-02289,35,Female,Block 8 Campus,Certificate in Auto Mechanics,1,2023,Semester 1,2024,Website Form,41.4,1,Secondary,0,0,84.3,57.8,1,0,Graduated,0
GTC-02290,20,Female,Main Campus - Gaborone,Certificate in Auto Mechanics,1,2025,Semester 2,2026,School Fair,10.4,1,None,1,0,91.0,67.5,1,0,Active,0
GTC-02291,27,Male,Extension Campus - Mogoditshane,Diploma in Accounting,2,2024,Semester 2,2026,Walk-In,4.1,0,Secondary,1,1,71.0,64.8,1,1,Dropped Out,0
GTC-02292,45,Male,Extension Campus - Mogoditshane,Diploma in Health Sciences,2,2024,Semester 2,2026,School Fair,28.6,1,None,0,1,64.1,30.0,3,3,Dropped Out,0
GTC-02293,23,Female,Block 8 Campus,Certificate in Construction,1,2025,Semester 1,2026,Open Day,3.7,0,Primary,1,0,66.0,41.7,1,2,Active,1
GTC-02294,37,Female,Block 8 Campus,Certificate in Hospitality,1,2025,Semester 1,2026,Walk-In,62.2,1,Primary,0,0,67.8,39.7,1,2,Active,1
GTC-02295,43,Female,Block 8 Campus,Diploma in Engineering,2,2024,Semester 1,2026,Referral,1.4,1,None,0,1,61.2,30.0,4,3,Dropped Out,0
GTC-02296,36,Male,Block 8 Campus,Diploma in Health Sciences,2,2025,Semester 1,2027,School Fair,76.0,1,Secondary,1,1,74.0,49.8,1,2,Dropped Out,0
GTC-02297,31,Female,Main Campus - Gaborone,Certificate in Construction,1,2024,Semester 1,2025,Facebook Ad,13.6,1,Tertiary,1,0,87.0,56.6,3,1,Graduated,0
GTC-02298,36,Female,Block 8 Campus,Diploma in Accounting,2,2024,Semester 2,2026,Website Form,3.6,1,Tertiary,1,0,88.2,54.7,2,1,Active,1
GTC-02299,26,Male,Block 8 Campus,Certificate in Business Admin,1,2024,Semester 2,2025,Open Day,7.9,1,None,0,1,74.0,45.7,4,3,Dropped Out,0
GTC-02300,34,Male,Extension Campus - Mogoditshane,Diploma in Health Sciences,2,2025,Semester 2,2027,Website Form,22.2,1,None,0,0,71.2,51.1,2,2,Active,1
GTC-02301,37,Male,Extension Campus - Mogoditshane,Certificate in Hospitality,1,2024,Semester 1,2025,Agent,79.2,0,Secondary,0,0,63.7,30.0,1,2,Dropped Out,0
GTC-02302,27,Female,Block 8 Campus,Diploma in Accounting,2,2023,Semester 1,2025,Agent,59.1,1,Primary,1,1,71.8,38.0,4,3,Dropped Out,0
GTC-02303,22,Male,Main Campus - Gaborone,Diploma in Accounting,2,2023,Semester 2,2025,Website Form,6.6,1,Secondary,1,1,84.0,76.3,1,0,Dropped Out,0
GTC-02304,30,Male,Extension Campus - Mogoditshane,Diploma in Accounting,2,2025,Semester 1,2027,Walk-In,37.6,1,Primary,1,1,79.5,66.4,0,0,Active,0
GTC-02305,43,Male,Main Campus - Gaborone,Diploma in Health Sciences,2,2024,Semester 1,2026,Open Day,21.4,1,Tertiary,1,0,84.7,48.8,2,2,Active,1
GTC-02306,45,Male,Extension Campus - Mogoditshane,Diploma in Accounting,2,2024,Semester 2,2026,Open Day,64.1,1,Primary,0,1,57.0,30.0,3,3,Dropped Out,0
GTC-02307,33,Male,Extension Campus - Mogoditshane,Diploma in Health Sciences,2,2024,Semester 2,2026,Walk-In,77.4,1,Tertiary,0,0,73.3,39.1,2,3,Active,1
GTC-02308,40,Male,Main Campus - Gaborone,Certificate in Auto Mechanics,1,2024,Semester 1,2025,Website Form,21.1,1,Primary,0,0,79.2,40.3,4,2,Graduated,0
GTC-02309,41,Male,Extension Campus - Mogoditshane,Diploma in IT,2,2023,Semester 2,2025,Agent,24.1,0,Primary,1,1,61.9,30.0,1,2,Dropped Out,0
GTC-02310,41,Female,Main Campus - Gaborone,Certificate in Business Admin,1,2023,Semester 2,2024,Referral,66.0,1,Primary,0,0,72.2,50.0,1,1,Graduated,0
GTC-02311,43,Male,Main Campus - Gaborone,Diploma in Health Sciences,2,2024,Semester 1,2026,Agent,72.0,1,Tertiary,1,1,72.7,57.1,0,1,Active,1
GTC-02312,33,Male,Main Campus - Gaborone,Certificate in Construction,1,2023,Semester 1,2024,Agent,81.8,1,Primary,1,0,76.3,46.5,2,2,Graduated,0
GTC-02313,45,Female,Extension Campus - Mogoditshane,Diploma in IT,2,2024,Semester 1,2026,Facebook Ad,3.6,0,Tertiary,0,1,60.3,35.1,2,3,Active,1
GTC-02314,35,Male,Block 8 Campus,Diploma in Engineering,2,2023,Semester 2,2025,Walk-In,37.9,1,Primary,1,0,86.3,30.0,1,1,Dropped Out,0
GTC-02315,18,Male,Main Campus - Gaborone,Diploma in IT,2,2024,Semester 2,2026,Radio Ad,34.1,1,None,0,0,79.7,60.9,0,0,Active,0
GTC-02316,40,Male,Main Campus - Gaborone,Certificate in Hospitality,1,2023,Semester 2,2024,School Fair,45.5,0,Primary,1,0,73.6,30.0,3,3,Graduated,0
GTC-02317,28,Female,Main Campus - Gaborone,Certificate in Business Admin,1,2024,Semester 1,2025,Referral,41.8,0,Secondary,1,1,71.0,30.0,3,3,Dropped Out,0
GTC-02318,19,Female,Extension Campus - Mogoditshane,Diploma in Engineering,2,2025,Semester 2,2027,Agent,18.8,1,Primary,0,0,81.0,70.0,0,0,Active,0
GTC-02319,35,Female,Block 8 Campus,Diploma in IT,2,2023,Semester 2,2025,Open Day,82.4,1,None,0,1,56.8,31.7,1,2,Dropped Out,0
GTC-02320,36,Male,Block 8 Campus,Certificate in Hospitality,1,2023,Semester 1,2024,Facebook Ad,68.6,1,Tertiary,0,1,67.4,32.7,2,3,Dropped Out,0
GTC-02321,24,Male,Block 8 Campus,Diploma in Engineering,2,2023,Semester 2,2025,Radio Ad,83.8,0,Tertiary,1,0,77.3,54.8,3,1,Dropped Out,0
GTC-02322,25,Male,Main Campus - Gaborone,Diploma in Health Sciences,2,2023,Semester 2,2025,Walk-In,76.9,0,Primary,1,1,60.8,30.0,1,2,Dropped Out,0
GTC-02323,41,Female,Main Campus - Gaborone,Certificate in Construction,1,2023,Semester 2,2024,Walk-In,47.3,1,None,1,0,78.2,44.8,2,2,Graduated,0
GTC-02324,23,Female,Main Campus - Gaborone,Certificate in Construction,1,2025,Semester 2,2026,Facebook Ad,40.4,1,Secondary,1,1,84.0,50.4,0,0,Active,1
GTC-02325,30,Female,Main Campus - Gaborone,Diploma in IT,2,2024,Semester 2,2026,Website Form,63.2,1,Secondary,0,0,85.0,39.0,2,2,Dropped Out,0
GTC-02326,19,Female,Block 8 Campus,Certificate in Business Admin,1,2024,Semester 2,2025,School Fair,13.3,0,Tertiary,0,0,81.1,45.8,2,2,Graduated,0
GTC-02327,34,Male,Block 8 Campus,Certificate in Hospitality,1,2023,Semester 2,2024,Facebook Ad,27.3,0,None,1,1,63.9,30.0,1,2,Graduated,0
GTC-02328,27,Female,Block 8 Campus,Certificate in Hospitality,1,2023,Semester 1,2024,Open Day,6.8,0,Secondary,1,0,83.0,64.0,0,0,Graduated,0
GTC-02329,38,Male,Extension Campus - Mogoditshane,Certificate in Construction,1,2024,Semester 1,2025,School Fair,22.0,0,None,0,0,61.9,37.5,2,3,Graduated,0
GTC-02330,21,Male,Extension Campus - Mogoditshane,Diploma in Engineering,2,2024,Semester 1,2026,School Fair,72.9,1,None,0,1,68.4,30.0,2,3,Active,1
GTC-02331,18,Male,Extension Campus - Mogoditshane,Certificate in Business Admin,1,2025,Semester 2,2026,Referral,72.8,0,None,0,0,57.9,30.0,2,3,Dropped Out,0
GTC-02332,26,Male,Block 8 Campus,Diploma in Engineering,2,2024,Semester 1,2026,Facebook Ad,21.9,0,Secondary,0,0,76.0,61.5,0,0,Active,0
GTC-02333,19,Female,Block 8 Campus,Diploma in Engineering,2,2025,Semester 1,2027,Facebook Ad,36.2,1,Tertiary,1,0,92.9,82.9,1,0,Active,0
GTC-02334,26,Female,Block 8 Campus,Certificate in Construction,1,2023,Semester 1,2024,Open Day,24.7,1,Primary,0,1,69.2,59.5,2,2,Dropped Out,0
GTC-02335,19,Female,Extension Campus - Mogoditshane,Diploma in Accounting,2,2023,Semester 1,2025,School Fair,40.7,0,None,0,0,75.1,38.5,1,1,Dropped Out,0
GTC-02336,39,Male,Block 8 Campus,Diploma in IT,2,2025,Semester 2,2027,Agent,49.2,1,Secondary,0,0,89.8,55.9,0,0,Active,0
GTC-02337,28,Female,Extension Campus - Mogoditshane,Diploma in Accounting,2,2024,Semester 2,2026,Open Day,20.8,1,Primary,1,0,82.4,47.3,3,2,Active,1
GTC-02338,31,Female,Main Campus - Gaborone,Certificate in Construction,1,2023,Semester 1,2024,Open Day,67.8,1,Secondary,0,0,76.9,48.8,1,1,Dropped Out,0
GTC-02339,30,Female,Block 8 Campus,Diploma in IT,2,2025,Semester 2,2027,Radio Ad,48.2,1,Secondary,1,0,93.6,83.8,0,0,Active,0
GTC-02340,34,Male,Block 8 Campus,Certificate in Hospitality,1,2025,Semester 1,2026,Referral,7.0,0,None,1,1,70.1,30.0,0,2,Active,1
GTC-02341,30,Male,Extension Campus - Mogoditshane,Certificate in Auto Mechanics,1,2025,Semester 1,2026,Walk-In,33.8,0,None,0,1,57.8,30.0,2,3,Dropped Out,0
GTC-02342,35,Male,Main Campus - Gaborone,Certificate in Hospitality,1,2023,Semester 1,2024,Radio Ad,28.3,1,Primary,1,0,79.6,61.5,0,0,Graduated,0
GTC-02343,21,Female,Main Campus - Gaborone,Certificate in Auto Mechanics,1,2025,Semester 1,2026,Referral,8.3,1,Primary,0,0,85.1,54.4,0,0,Active,1
GTC-02344,43,Male,Extension Campus - Mogoditshane,Diploma in Accounting,2,2025,Semester 1,2027,Walk-In,52.0,1,Tertiary,0,0,80.8,42.4,1,1,Active,1
GTC-02345,28,Male,Extension Campus - Mogoditshane,Certificate in Construction,1,2025,Semester 1,2026,Website Form,19.6,0,None,0,0,77.5,30.0,1,1,Active,1
GTC-02346,37,Male,Block 8 Campus,Diploma in Accounting,2,2025,Semester 1,2027,Open Day,18.3,1,Tertiary,1,0,86.3,44.3,0,1,Dropped Out,0
GTC-02347,22,Male,Main Campus - Gaborone,Certificate in Construction,1,2023,Semester 1,2024,Facebook Ad,20.7,1,None,1,1,84.1,47.3,2,2,Dropped Out,0
GTC-02348,36,Female,Extension Campus - Mogoditshane,Diploma in Accounting,2,2025,Semester 1,2027,Radio Ad,18.3,0,Primary,1,0,67.5,54.1,0,1,Active,1
GTC-02349,43,Female,Main Campus - Gaborone,Diploma in Accounting,2,2023,Semester 1,2025,School Fair,41.1,0,Secondary,0,0,71.3,30.0,3,3,Graduated,0
GTC-02350,31,Male,Main Campus - Gaborone,Diploma in Health Sciences,2,2025,Semester 1,2027,Walk-In,52.7,0,Primary,1,0,61.6,30.0,3,3,Dropped Out,0
GTC-02351,37,Male,Extension Campus - Mogoditshane,Diploma in IT,2,2023,Semester 2,2025,Referral,83.7,1,Primary,0,1,53.8,30.0,1,2,Dropped Out,0
GTC-02352,27,Female,Block 8 Campus,Diploma in Accounting,2,2023,Semester 2,2025,Open Day,75.1,1,Secondary,0,0,91.8,30.0,2,2,Graduated,0
GTC-02353,35,Male,Extension Campus - Mogoditshane,Certificate in Business Admin,1,2025,Semester 1,2026,Radio Ad,48.2,0,Secondary,1,0,71.9,31.6,2,3,Active,1
GTC-02354,28,Female,Extension Campus - Mogoditshane,Certificate in Construction,1,2023,Semester 2,2024,Facebook Ad,84.3,1,Secondary,1,0,83.6,61.9,0,0,Dropped Out,0
GTC-02355,31,Female,Extension Campus - Mogoditshane,Certificate in Auto Mechanics,1,2023,Semester 2,2024,School Fair,65.2,1,None,0,0,61.4,51.1,1,1,Graduated,0
GTC-02356,28,Male,Main Campus - Gaborone,Certificate in Hospitality,1,2024,Semester 1,2025,Facebook Ad,71.6,1,None,1,0,82.6,66.8,0,0,Graduated,0
GTC-02357,38,Male,Main Campus - Gaborone,Diploma in Health Sciences,2,2023,Semester 1,2025,Walk-In,76.2,1,Secondary,0,1,67.8,37.9,3,3,Dropped Out,0
GTC-02358,27,Male,Block 8 Campus,Diploma in Health Sciences,2,2025,Semester 2,2027,Open Day,21.1,1,Secondary,1,0,97.4,67.2,0,0,Active,0
GTC-02359,43,Female,Extension Campus - Mogoditshane,Certificate in Business Admin,1,2023,Semester 1,2024,Open Day,83.9,0,None,0,0,44.8,33.9,2,3,Dropped Out,0
GTC-02360,40,Female,Main Campus - Gaborone,Certificate in Business Admin,1,2025,Semester 2,2026,Referral,24.0,1,Tertiary,0,0,75.5,51.1,0,0,Active,1
GTC-02361,28,Female,Main Campus - Gaborone,Certificate in Construction,1,2023,Semester 2,2024,Website Form,36.0,0,Secondary,1,0,85.4,69.6,0,0,Graduated,0
GTC-02362,37,Male,Main Campus - Gaborone,Diploma in IT,2,2023,Semester 1,2025,Referral,73.5,1,None,1,0,77.3,67.0,0,0,Graduated,0
GTC-02363,43,Female,Block 8 Campus,Certificate in Construction,1,2024,Semester 2,2025,Walk-In,83.0,1,Secondary,1,1,77.1,30.0,4,2,Dropped Out,0
GTC-02364,24,Female,Extension Campus - Mogoditshane,Certificate in Auto Mechanics,1,2024,Semester 1,2025,Website Form,34.8,1,Primary,0,0,86.1,84.5,1,0,Graduated,0
GTC-02365,40,Female,Extension Campus - Mogoditshane,Certificate in Construction,1,2025,Semester 1,2026,Facebook Ad,84.0,1,None,0,0,75.6,58.1,1,0,Active,0
GTC-02366,18,Female,Main Campus - Gaborone,Certificate in Business Admin,1,2024,Semester 1,2025,Open Day,73.8,0,None,0,1,46.4,30.0,2,3,Dropped Out,0
GTC-02367,41,Female,Main Campus - Gaborone,Certificate in Business Admin,1,2025,Semester 1,2026,School Fair,66.1,1,Primary,1,0,75.5,31.7,3,2,Dropped Out,0
GTC-02368,26,Female,Block 8 Campus,Diploma in Health Sciences,2,2025,Semester 2,2027,Referral,31.4,0,Primary,1,1,63.8,53.7,3,2,Dropped Out,0
GTC-02369,20,Male,Block 8 Campus,Diploma in Engineering,2,2024,Semester 2,2026,Open Day,79.4,1,Primary,0,0,60.4,40.8,3,3,Active,1
GTC-02370,34,Female,Main Campus - Gaborone,Diploma in IT,2,2025,Semester 2,2027,Agent,29.2,0,Secondary,0,1,60.8,39.7,1,2,Active,1
GTC-02371,33,Male,Extension Campus - Mogoditshane,Certificate in Auto Mechanics,1,2023,Semester 2,2024,Agent,56.8,1,Tertiary,1,1,67.0,30.0,2,3,Dropped Out,0
GTC-02372,45,Male,Block 8 Campus,Certificate in Business Admin,1,2025,Semester 1,2026,Open Day,10.9,1,Tertiary,1,0,91.4,62.1,0,0,Active,0
GTC-02373,21,Male,Block 8 Campus,Diploma in Engineering,2,2024,Semester 2,2026,Radio Ad,29.4,1,Primary,1,0,83.4,39.5,0,1,Active,1
GTC-02374,32,Female,Extension Campus - Mogoditshane,Certificate in Business Admin,1,2023,Semester 2,2024,Agent,62.5,1,Tertiary,0,0,69.1,48.8,1,2,Dropped Out,0
GTC-02375,21,Female,Main Campus - Gaborone,Certificate in Construction,1,2024,Semester 2,2025,Walk-In,11.9,1,None,0,0,81.1,61.4,2,1,Graduated,0
GTC-02376,40,Female,Block 8 Campus,Certificate in Construction,1,2023,Semester 2,2024,Agent,84.4,1,Secondary,0,1,62.0,30.0,3,3,Dropped Out,0
GTC-02377,33,Female,Extension Campus - Mogoditshane,Diploma in Health Sciences,2,2023,Semester 1,2025,Website Form,58.8,0,None,0,0,58.1,34.3,3,3,Dropped Out,0
GTC-02378,32,Male,Block 8 Campus,Certificate in Auto Mechanics,1,2023,Semester 1,2024,Open Day,33.4,1,Tertiary,1,0,88.1,57.1,0,0,Graduated,0
GTC-02379,31,Female,Main Campus - Gaborone,Certificate in Hospitality,1,2024,Semester 2,2025,Walk-In,67.1,1,Tertiary,1,0,85.1,62.2,0,0,Graduated,0
GTC-02380,27,Male,Extension Campus - Mogoditshane,Certificate in Construction,1,2023,Semester 1,2024,Open Day,51.5,1,None,1,1,70.2,30.0,1,2,Dropped Out,0
GTC-02381,21,Female,Block 8 Campus,Certificate in Business Admin,1,2025,Semester 1,2026,Agent,16.8,1,Secondary,1,0,95.6,56.4,0,0,Active,0
GTC-02382,29,Female,Extension Campus - Mogoditshane,Certificate in Auto Mechanics,1,2025,Semester 1,2026,Open Day,53.3,1,None,0,1,63.5,30.0,0,2,Active,1
GTC-02383,22,Male,Block 8 Campus,Diploma in Accounting,2,2023,Semester 1,2025,Agent,49.0,0,Secondary,0,1,67.2,49.7,0,2,Graduated,0
GTC-02384,37,Male,Main Campus - Gaborone,Diploma in Engineering,2,2025,Semester 2,2027,Agent,76.6,1,None,0,0,63.8,30.0,2,3,Active,1
GTC-02385,21,Male,Extension Campus - Mogoditshane,Diploma in Engineering,2,2023,Semester 1,2025,School Fair,48.1,0,None,0,0,73.5,30.0,3,3,Dropped Out,0
GTC-02386,36,Female,Main Campus - Gaborone,Certificate in Hospitality,1,2025,Semester 2,2026,Website Form,74.9,1,Secondary,0,0,79.5,41.2,1,1,Active,1
GTC-02387,28,Male,Extension Campus - Mogoditshane,Certificate in Hospitality,1,2023,Semester 1,2024,Open Day,40.6,1,None,0,0,77.3,44.6,3,2,Dropped Out,0
GTC-02388,24,Male,Block 8 Campus,Certificate in Auto Mechanics,1,2025,Semester 1,2026,Referral,73.3,1,Secondary,0,0,86.6,46.0,2,2,Active,1
GTC-02389,36,Male,Extension Campus - Mogoditshane,Diploma in Accounting,2,2025,Semester 1,2027,Radio Ad,72.8,0,Tertiary,1,0,78.8,30.1,3,2,Dropped Out,0
GTC-02390,18,Female,Block 8 Campus,Diploma in Engineering,2,2025,Semester 2,2027,Agent,27.0,0,Secondary,1,1,80.3,48.7,1,1,Dropped Out,0
GTC-02391,20,Male,Block 8 Campus,Certificate in Business Admin,1,2025,Semester 1,2026,Radio Ad,50.8,0,Primary,0,1,55.9,36.9,2,3,Active,1
GTC-02392,30,Male,Block 8 Campus,Certificate in Construction,1,2023,Semester 1,2024,School Fair,31.8,0,None,1,1,69.8,30.0,4,3,Dropped Out,0
GTC-02393,20,Male,Block 8 Campus,Diploma in IT,2,2025,Semester 1,2027,Facebook Ad,83.9,1,Secondary,0,1,69.6,64.1,0,1,On Leave,0
GTC-02394,21,Female,Main Campus - Gaborone,Certificate in Auto Mechanics,1,2023,Semester 1,2024,Open Day,69.1,1,None,0,0,79.9,68.1,0,0,Graduated,0
GTC-02395,44,Male,Main Campus - Gaborone,Diploma in Accounting,2,2023,Semester 1,2025,Agent,7.0,1,Secondary,1,0,92.3,56.8,2,1,Graduated,0
GTC-02396,26,Male,Block 8 Campus,Diploma in IT,2,2024,Semester 2,2026,Facebook Ad,5.9,1,None,0,1,73.6,48.3,0,2,Active,1
GTC-02397,36,Female,Extension Campus - Mogoditshane,Diploma in Health Sciences,2,2023,Semester 1,2025,Open Day,34.8,0,Secondary,0,0,72.2,30.0,2,3,Dropped Out,0
GTC-02398,34,Female,Block 8 Campus,Diploma in Engineering,2,2024,Semester 2,2026,Website Form,1.2,1,Primary,1,0,78.1,61.3,0,0,Active,0
GTC-02399,21,Female,Block 8 Campus,Diploma in Accounting,2,2023,Semester 1,2025,Open Day,66.2,1,None,1,0,75.2,44.7,2,2,Graduated,0
GTC-02400,36,Female,Extension Campus - Mogoditshane,Certificate in Construction,1,2024,Semester 2,2025,Walk-In,47.5,1,Tertiary,0,1,75.1,49.2,3,2,Graduated,0
GTC-02401,26,Male,Extension Campus - Mogoditshane,Diploma in Accounting,2,2023,Semester 2,2025,Open Day,67.3,1,None,0,0,77.7,70.2,1,0,Graduated,0
GTC-02402,42,Male,Block 8 Campus,Diploma in Accounting,2,2025,Semester 2,2027,Walk-In,25.3,1,Tertiary,0,0,85.9,63.4,0,0,Active,0
GTC-02403,20,Female,Extension Campus - Mogoditshane,Diploma in IT,2,2023,Semester 2,2025,Facebook Ad,76.7,1,Secondary,0,1,68.2,49.4,0,2,Dropped Out,0
GTC-02404,21,Male,Block 8 Campus,Diploma in Accounting,2,2023,Semester 2,2025,Facebook Ad,27.7,1,Tertiary,1,1,80.2,63.4,0,0,Graduated,0
GTC-02405,18,Male,Block 8 Campus,Certificate in Auto Mechanics,1,2025,Semester 2,2026,Radio Ad,43.3,0,Secondary,0,1,59.0,30.0,2,3,Dropped Out,0
GTC-02406,22,Male,Extension Campus - Mogoditshane,Diploma in Engineering,2,2023,Semester 1,2025,Referral,50.0,1,Primary,1,0,85.7,73.1,2,1,Graduated,0
GTC-02407,37,Female,Extension Campus - Mogoditshane,Certificate in Hospitality,1,2023,Semester 2,2024,Open Day,77.5,1,None,0,0,73.6,65.0,0,1,Graduated,0
GTC-02408,43,Female,Extension Campus - Mogoditshane,Certificate in Auto Mechanics,1,2025,Semester 2,2026,Walk-In,8.2,1,Primary,1,0,87.5,57.4,1,0,Active,0
GTC-02409,22,Female,Block 8 Campus,Diploma in IT,2,2023,Semester 2,2025,Radio Ad,61.1,0,Tertiary,0,0,73.8,34.8,3,3,Graduated,0
GTC-02410,21,Female,Main Campus - Gaborone,Diploma in Health Sciences,2,2024,Semester 2,2026,Facebook Ad,37.3,1,Tertiary,0,0,87.7,51.2,0,0,Active,1
GTC-02411,42,Female,Main Campus - Gaborone,Diploma in Health Sciences,2,2025,Semester 2,2027,School Fair,78.8,0,Primary,1,0,70.0,30.0,2,3,Dropped Out,0
GTC-02412,26,Male,Extension Campus - Mogoditshane,Certificate in Auto Mechanics,1,2025,Semester 2,2026,School Fair,70.0,0,Tertiary,0,0,68.3,37.5,0,2,Active,1
GTC-02413,38,Male,Block 8 Campus,Diploma in Health Sciences,2,2024,Semester 2,2026,Referral,84.3,0,Primary,0,0,53.5,30.0,2,3,Dropped Out,0
GTC-02414,25,Female,Extension Campus - Mogoditshane,Diploma in Health Sciences,2,2023,Semester 2,2025,Walk-In,32.9,1,Primary,0,0,82.1,81.5,0,0,Graduated,0
GTC-02415,28,Male,Main Campus - Gaborone,Diploma in Accounting,2,2024,Semester 1,2026,Radio Ad,41.8,1,None,1,0,90.4,66.2,1,0,Active,0
GTC-02416,38,Male,Main Campus - Gaborone,Certificate in Construction,1,2024,Semester 2,2025,Referral,41.2,0,None,0,1,59.6,30.0,2,3,Dropped Out,0
GTC-02417,32,Male,Block 8 Campus,Certificate in Construction,1,2023,Semester 1,2024,Walk-In,31.8,1,Secondary,1,0,88.5,66.5,1,0,Graduated,0
GTC-02418,43,Female,Extension Campus - Mogoditshane,Certificate in Auto Mechanics,1,2025,Semester 2,2026,Walk-In,61.3,1,None,0,0,69.6,37.6,0,2,Dropped Out,0
GTC-02419,18,Male,Block 8 Campus,Diploma in Accounting,2,2025,Semester 1,2027,Referral,62.6,1,Secondary,1,0,84.0,65.3,0,0,Active,0
GTC-02420,42,Female,Extension Campus - Mogoditshane,Diploma in Accounting,2,2024,Semester 1,2026,Open Day,71.3,1,Primary,0,1,60.5,30.1,2,3,Dropped Out,0
GTC-02421,43,Male,Block 8 Campus,Certificate in Business Admin,1,2023,Semester 2,2024,Facebook Ad,17.7,1,Secondary,0,1,87.8,35.0,2,2,Dropped Out,0
GTC-02422,36,Female,Main Campus - Gaborone,Diploma in Health Sciences,2,2024,Semester 1,2026,Agent,30.1,1,None,0,0,75.5,56.1,0,0,Active,0
GTC-02423,42,Male,Block 8 Campus,Diploma in IT,2,2025,Semester 2,2027,Facebook Ad,77.9,1,Primary,0,0,72.4,40.0,1,2,Active,1
GTC-02424,39,Male,Main Campus - Gaborone,Certificate in Hospitality,1,2023,Semester 2,2024,Radio Ad,69.0,1,Primary,0,0,66.7,33.4,2,3,Dropped Out,0
GTC-02425,18,Male,Block 8 Campus,Diploma in IT,2,2024,Semester 1,2026,Walk-In,66.3,1,Tertiary,0,0,82.4,45.9,1,1,Dropped Out,0
GTC-02426,23,Female,Block 8 Campus,Certificate in Auto Mechanics,1,2025,Semester 2,2026,Agent,17.6,1,Secondary,1,0,96.6,64.2,0,0,Active,0
GTC-02427,45,Male,Extension Campus - Mogoditshane,Certificate in Auto Mechanics,1,2023,Semester 1,2024,Radio Ad,25.4,1,Tertiary,1,0,88.7,80.2,0,0,Graduated,0
GTC-02428,43,Female,Main Campus - Gaborone,Diploma in Health Sciences,2,2024,Semester 1,2026,Facebook Ad,74.8,1,Tertiary,1,0,78.6,65.9,0,0,Active,0
GTC-02429,23,Female,Extension Campus - Mogoditshane,Diploma in IT,2,2024,Semester 1,2026,Website Form,15.0,1,Tertiary,1,0,99.1,45.0,0,1,Dropped Out,0
GTC-02430,27,Male,Extension Campus - Mogoditshane,Certificate in Auto Mechanics,1,2025,Semester 2,2026,Walk-In,18.8,1,None,0,1,65.2,39.1,1,2,Active,1
GTC-02431,34,Female,Extension Campus - Mogoditshane,Diploma in IT,2,2024,Semester 1,2026,School Fair,22.0,0,Secondary,0,0,74.1,30.0,2,3,Dropped Out,0
GTC-02432,20,Male,Block 8 Campus,Diploma in Health Sciences,2,2025,Semester 2,2027,Referral,5.2,0,Tertiary,0,1,62.2,30.0,2,3,Active,1
GTC-02433,23,Female,Extension Campus - Mogoditshane,Certificate in Hospitality,1,2024,Semester 1,2025,Radio Ad,35.8,0,Tertiary,1,0,87.2,74.7,1,0,Graduated,0
GTC-02434,25,Female,Main Campus - Gaborone,Certificate in Business Admin,1,2024,Semester 1,2025,Facebook Ad,71.5,1,Tertiary,0,1,68.8,30.0,1,2,Dropped Out,0
GTC-02435,33,Male,Block 8 Campus,Certificate in Hospitality,1,2025,Semester 1,2026,Website Form,55.4,1,Tertiary,1,1,72.8,46.4,0,2,Active,1
GTC-02436,18,Male,Block 8 Campus,Certificate in Auto Mechanics,1,2024,Semester 2,2025,Agent,82.5,1,Tertiary,0,1,74.1,30.0,3,3,Graduated,0
GTC-02437,22,Female,Block 8 Campus,Diploma in Health Sciences,2,2024,Semester 2,2026,Radio Ad,52.1,1,None,0,1,63.4,41.1,1,2,Active,1
GTC-02438,42,Female,Main Campus - Gaborone,Certificate in Hospitality,1,2025,Semester 1,2026,Open Day,61.1,0,Tertiary,0,0,63.5,53.1,0,1,Active,1
GTC-02439,30,Male,Main Campus - Gaborone,Certificate in Construction,1,2025,Semester 2,2026,Agent,55.4,0,Primary,0,0,61.8,30.0,3,3,Dropped Out,0
GTC-02440,35,Male,Extension Campus - Mogoditshane,Diploma in Accounting,2,2023,Semester 2,2025,Facebook Ad,60.2,0,Primary,1,0,62.7,30.0,2,3,Dropped Out,0
GTC-02441,44,Female,Block 8 Campus,Diploma in Accounting,2,2024,Semester 1,2026,Agent,6.9,1,None,0,0,77.3,59.4,1,0,Active,0
GTC-02442,27,Female,Block 8 Campus,Certificate in Hospitality,1,2023,Semester 1,2024,Facebook Ad,40.6,1,Secondary,0,1,73.2,40.6,3,3,Dropped Out,0
GTC-02443,43,Male,Extension Campus - Mogoditshane,Certificate in Construction,1,2023,Semester 1,2024,Website Form,56.7,1,Tertiary,0,0,79.0,71.1,0,0,Graduated,0
GTC-02444,29,Female,Extension Campus - Mogoditshane,Certificate in Business Admin,1,2023,Semester 2,2024,Walk-In,53.5,1,Tertiary,0,1,74.9,55.9,3,2,Dropped Out,0
GTC-02445,22,Female,Main Campus - Gaborone,Diploma in IT,2,2024,Semester 2,2026,Radio Ad,13.0,1,Tertiary,0,1,85.1,39.6,3,2,Dropped Out,0
GTC-02446,31,Female,Main Campus - Gaborone,Certificate in Construction,1,2023,Semester 2,2024,Open Day,75.6,1,Secondary,1,0,82.6,65.9,0,0,Graduated,0
GTC-02447,44,Female,Block 8 Campus,Certificate in Construction,1,2025,Semester 2,2026,Website Form,48.1,0,None,1,1,64.7,37.6,1,2,Active,1
GTC-02448,23,Male,Main Campus - Gaborone,Certificate in Business Admin,1,2024,Semester 2,2025,School Fair,2.2,1,Primary,0,0,78.0,48.6,0,1,Graduated,0
GTC-02449,22,Female,Block 8 Campus,Certificate in Auto Mechanics,1,2025,Semester 2,2026,Open Day,59.1,0,None,1,0,68.9,30.0,4,3,Dropped Out,0
GTC-02450,26,Female,Main Campus - Gaborone,Certificate in Hospitality,1,2025,Semester 2,2026,Facebook Ad,48.1,1,Tertiary,0,0,88.2,57.3,0,0,Active,0
GTC-02451,37,Male,Extension Campus - Mogoditshane,Certificate in Hospitality,1,2023,Semester 2,2024,Referral,11.6,1,Primary,1,0,81.6,73.3,0,0,Graduated,0
GTC-02452,23,Female,Extension Campus - Mogoditshane,Certificate in Business Admin,1,2023,Semester 2,2024,Website Form,40.2,1,None,1,0,87.3,47.3,5,2,Graduated,0
GTC-02453,29,Male,Extension Campus - Mogoditshane,Diploma in Engineering,2,2023,Semester 2,2025,School Fair,78.2,1,Tertiary,0,0,82.2,85.0,2,1,Graduated,0
GTC-02454,28,Female,Main Campus - Gaborone,Certificate in Construction,1,2024,Semester 2,2025,Website Form,52.8,0,Primary,0,0,66.3,42.8,2,3,Dropped Out,0
GTC-02455,30,Female,Extension Campus - Mogoditshane,Diploma in Engineering,2,2023,Semester 1,2025,Website Form,22.1,0,Primary,0,0,71.6,30.0,2,3,Dropped Out,0
GTC-02456,29,Male,Extension Campus - Mogoditshane,Diploma in Health Sciences,2,2023,Semester 2,2025,School Fair,16.2,1,Secondary,0,0,86.7,61.0,1,0,Dropped Out,0
GTC-02457,42,Female,Extension Campus - Mogoditshane,Diploma in IT,2,2024,Semester 2,2026,Walk-In,41.2,1,Primary,1,0,83.1,43.1,4,2,Dropped Out,0
GTC-02458,36,Female,Main Campus - Gaborone,Diploma in Health Sciences,2,2025,Semester 1,2027,Referral,31.1,1,Primary,0,0,79.3,30.0,2,2,Active,1
GTC-02459,37,Male,Main Campus - Gaborone,Diploma in Health Sciences,2,2024,Semester 1,2026,Website Form,51.5,1,Primary,0,1,54.0,30.0,1,2,Dropped Out,0
GTC-02460,38,Female,Extension Campus - Mogoditshane,Certificate in Hospitality,1,2023,Semester 1,2024,Facebook Ad,83.0,1,Primary,1,0,67.9,30.0,3,3,Dropped Out,0
GTC-02461,44,Female,Extension Campus - Mogoditshane,Certificate in Business Admin,1,2024,Semester 2,2025,Website Form,53.8,1,None,0,0,74.4,41.6,3,3,Dropped Out,0
GTC-02462,44,Female,Main Campus - Gaborone,Diploma in IT,2,2024,Semester 1,2026,Radio Ad,80.1,1,None,0,0,75.5,61.6,0,0,Active,0
GTC-02463,30,Male,Main Campus - Gaborone,Certificate in Auto Mechanics,1,2025,Semester 1,2026,Open Day,24.8,0,Tertiary,0,1,63.0,44.1,1,2,Dropped Out,0
GTC-02464,29,Male,Extension Campus - Mogoditshane,Diploma in Accounting,2,2023,Semester 2,2025,Radio Ad,73.1,1,Secondary,1,1,82.7,68.9,1,0,Graduated,0
GTC-02465,43,Male,Extension Campus - Mogoditshane,Diploma in Health Sciences,2,2025,Semester 2,2027,Website Form,82.4,1,Tertiary,1,1,75.9,62.9,0,0,Active,0
GTC-02466,33,Female,Extension Campus - Mogoditshane,Certificate in Business Admin,1,2024,Semester 2,2025,School Fair,56.8,1,Secondary,1,0,84.2,43.4,1,1,Graduated,0
GTC-02467,21,Male,Main Campus - Gaborone,Certificate in Business Admin,1,2025,Semester 2,2026,Open Day,11.5,1,Secondary,0,1,74.7,37.8,3,3,Active,1
GTC-02468,41,Female,Extension Campus - Mogoditshane,Diploma in Health Sciences,2,2023,Semester 1,2025,Website Form,5.1,1,Secondary,0,0,84.0,61.1,0,0,Graduated,0
GTC-02469,27,Female,Block 8 Campus,Diploma in Health Sciences,2,2025,Semester 2,2027,Website Form,63.5,0,Primary,0,0,61.7,31.4,2,3,Dropped Out,0
GTC-02470,37,Male,Extension Campus - Mogoditshane,Diploma in Engineering,2,2023,Semester 1,2025,Walk-In,52.2,1,Tertiary,0,1,71.3,34.3,2,3,Dropped Out,0
GTC-02471,30,Female,Main Campus - Gaborone,Certificate in Auto Mechanics,1,2023,Semester 1,2024,Website Form,17.7,0,Secondary,1,0,80.6,90.9,1,0,Graduated,0
GTC-02472,36,Male,Main Campus - Gaborone,Diploma in Health Sciences,2,2023,Semester 2,2025,Walk-In,41.0,0,None,1,1,58.9,30.0,1,2,Dropped Out,0
GTC-02473,19,Female,Main Campus - Gaborone,Certificate in Business Admin,1,2024,Semester 2,2025,Open Day,51.9,1,None,0,0,74.7,45.8,1,2,Dropped Out,0
GTC-02474,32,Female,Extension Campus - Mogoditshane,Diploma in Health Sciences,2,2023,Semester 1,2025,Radio Ad,51.6,0,Primary,1,0,63.4,30.0,1,2,Dropped Out,0
GTC-02475,34,Male,Block 8 Campus,Certificate in Hospitality,1,2024,Semester 2,2025,Agent,83.8,0,Tertiary,0,0,69.9,35.0,2,3,Dropped Out,0
GTC-02476,19,Female,Main Campus - Gaborone,Certificate in Construction,1,2024,Semester 2,2025,Website Form,50.4,1,None,0,1,52.1,30.0,4,3,Dropped Out,0
GTC-02477,20,Male,Block 8 Campus,Diploma in Health Sciences,2,2024,Semester 1,2026,Referral,2.0,1,Primary,0,0,88.6,30.0,0,1,Active,1
GTC-02478,25,Female,Main Campus - Gaborone,Diploma in Health Sciences,2,2024,Semester 1,2026,Referral,57.1,1,Primary,0,0,71.0,30.0,2,3,Active,1
GTC-02479,38,Male,Block 8 Campus,Certificate in Business Admin,1,2025,Semester 1,2026,School Fair,32.7,1,None,1,0,80.6,42.0,0,1,Active,1
GTC-02480,39,Male,Block 8 Campus,Certificate in Business Admin,1,2025,Semester 1,2026,Referral,77.2,1,None,0,0,68.0,51.6,0,1,Active,1
GTC-02481,18,Female,Extension Campus - Mogoditshane,Diploma in IT,2,2025,Semester 2,2027,Facebook Ad,75.9,0,Secondary,0,0,61.3,30.0,3,3,Active,1
GTC-02482,44,Female,Main Campus - Gaborone,Diploma in IT,2,2024,Semester 2,2026,Walk-In,47.6,1,Secondary,0,1,70.5,30.0,1,2,Active,1
GTC-02483,28,Female,Main Campus - Gaborone,Diploma in Accounting,2,2023,Semester 1,2025,School Fair,5.5,1,None,0,0,84.8,30.7,1,1,Dropped Out,0
GTC-02484,22,Female,Extension Campus - Mogoditshane,Diploma in Accounting,2,2025,Semester 2,2027,Agent,22.8,0,Secondary,0,0,68.2,68.3,1,1,Active,1
GTC-02485,18,Male,Block 8 Campus,Certificate in Hospitality,1,2023,Semester 2,2024,Radio Ad,83.6,1,Tertiary,0,0,79.7,34.4,1,1,Graduated,0
GTC-02486,25,Female,Extension Campus - Mogoditshane,Certificate in Construction,1,2024,Semester 1,2025,Referral,22.1,0,None,1,0,78.9,60.9,0,0,Graduated,0
GTC-02487,42,Male,Extension Campus - Mogoditshane,Certificate in Construction,1,2023,Semester 1,2024,Website Form,83.5,0,Primary,1,0,63.2,30.0,1,2,Dropped Out,0
GTC-02488,32,Female,Main Campus - Gaborone,Certificate in Construction,1,2023,Semester 1,2024,Radio Ad,24.1,1,Primary,1,1,79.7,32.7,0,1,Dropped Out,0
GTC-02489,31,Male,Extension Campus - Mogoditshane,Diploma in IT,2,2024,Semester 1,2026,School Fair,32.1,1,Secondary,0,1,79.4,42.2,1,1,Active,1
GTC-02490,27,Male,Block 8 Campus,Diploma in Engineering,2,2025,Semester 2,2027,Radio Ad,31.4,1,Tertiary,0,0,82.8,85.2,0,0,Active,0
GTC-02491,29,Female,Extension Campus - Mogoditshane,Certificate in Hospitality,1,2024,Semester 1,2025,Walk-In,31.5,1,Primary,1,0,85.2,95.0,0,0,Graduated,0
GTC-02492,18,Male,Main Campus - Gaborone,Certificate in Construction,1,2023,Semester 1,2024,Open Day,63.6,0,Primary,0,0,53.1,43.9,1,2,Dropped Out,0
GTC-02493,42,Female,Extension Campus - Mogoditshane,Diploma in Health Sciences,2,2023,Semester 2,2025,Facebook Ad,20.5,1,Tertiary,1,1,67.6,54.7,2,2,Graduated,0
GTC-02494,36,Male,Main Campus - Gaborone,Diploma in Engineering,2,2025,Semester 1,2027,Agent,68.2,1,Secondary,0,0,76.7,30.0,3,2,Dropped Out,0
GTC-02495,38,Female,Block 8 Campus,Diploma in Engineering,2,2023,Semester 1,2025,Walk-In,46.3,0,Primary,0,0,58.4,38.7,1,2,Dropped Out,0
GTC-02496,41,Female,Main Campus - Gaborone,Certificate in Hospitality,1,2025,Semester 1,2026,Open Day,6.9,1,Tertiary,1,0,86.2,41.4,3,2,Dropped Out,0
GTC-02497,19,Female,Extension Campus - Mogoditshane,Certificate in Hospitality,1,2025,Semester 1,2026,Radio Ad,6.5,1,Tertiary,1,0,95.5,42.4,1,1,Active,1
GTC-02498,38,Male,Extension Campus - Mogoditshane,Diploma in IT,2,2024,Semester 2,2026,Website Form,55.5,1,Tertiary,0,1,67.4,47.9,1,2,Dropped Out,0
GTC-02499,23,Male,Extension Campus - Mogoditshane,Diploma in Health Sciences,2,2023,Semester 1,2025,Facebook Ad,75.2,1,None,1,0,78.3,53.2,1,0,Graduated,0
GTC-02500,34,Male,Extension Campus - Mogoditshane,Certificate in Construction,1,2025,Semester 2,2026,Referral,66.6,1,Tertiary,1,1,77.0,49.0,0,1,Active,1
