customer_id,branch,loan_officer,loan_type,age,occupation,monthly_income_bwp,loan_amount_bwp,interest_rate_pct,loan_term_months,monthly_payment_bwp,months_active,outstanding_balance,disburse_date,dti_ratio,credit_score,existing_loans,employment_tenure_yrs,prev_defaults,has_collateral,collateral_value_bwp,payment_status,days_late,missed_payments,collection_action,expected_loss_bwp,will_default
TCU-00001,Gaborone Main,LO009,Business Loan,62,Government Employee,11795.0,309000.0,22.33,12,28970.0,3,198092.0,2025-03-08,2.4561,834,1,17.1,1,0,0.0,Late (30–89 days),47,1,Called,57388.0,1
TCU-00002,Maun,LO009,Business Loan,66,Farmer,5584.0,27000.0,14.39,36,928.0,6,21163.0,2024-12-18,0.1662,768,2,22.0,0,0,0.0,Current,0,0,None,0.0,0
TCU-00003,Lobatse,LO007,Agriculture Loan,61,Self-Employed,6504.0,181200.0,23.77,84,4445.0,10,156432.0,2024-08-26,0.6834,694,2,5.3,0,0,0.0,Early (1–29 days),21,1,None,0.0,0
TCU-00004,Francistown,LO006,Vehicle Loan,32,Pensioner,6277.0,193100.0,17.13,72,4310.0,7,170217.0,2024-11-28,0.6866,727,2,7.3,0,1,242371.0,Current,0,0,None,0.0,0
TCU-00005,Selebi-Phikwe,LO013,Agriculture Loan,42,Private Sector,17012.0,94100.0,17.2,36,3364.0,3,84936.0,2025-03-14,0.1977,776,4,15.5,0,1,92821.0,Current,0,0,None,0.0,0
TCU-00006,Selebi-Phikwe,LO020,Vehicle Loan,26,Farmer,9349.0,378600.0,8.68,72,6764.0,14,290422.0,2024-04-27,0.7235,726,1,8.4,0,1,582704.0,Current,0,0,None,0.0,0
TCU-00007,Francistown,LO017,Personal Loan,38,Pensioner,9223.0,135800.0,17.94,24,6776.0,5,103679.0,2025-01-17,0.7347,623,1,0.5,0,1,323132.0,Current,0,0,None,0.0,0
TCU-00008,Lobatse,LO003,Personal Loan,25,Private Sector,23566.0,489100.0,16.76,24,24126.0,13,212730.0,2024-05-11,1.0238,816,3,5.4,0,0,0.0,Current,0,0,None,0.0,0
TCU-00009,Maun,LO013,Agriculture Loan,66,Private Sector,21597.0,261200.0,10.38,24,12099.0,16,78422.0,2024-03-06,0.5602,850,0,2.6,0,1,611003.0,Current,0,0,None,0.0,0
TCU-00010,Francistown,LO018,Business Loan,64,Farmer,11680.0,290200.0,12.27,48,7681.0,4,233712.0,2025-02-20,0.6576,777,0,13.2,0,1,591842.0,Current,0,0,None,0.0,0
TCU-00011,Maun,LO004,Business Loan,47,Student,2171.0,13800.0,11.34,48,359.0,9,11001.0,2024-09-12,0.1654,768,3,3.4,0,1,11386.0,Current,0,0,None,0.0,0
TCU-00012,Selebi-Phikwe,LO007,Vehicle Loan,48,Farmer,13829.0,5500.0,14.55,84,105.0,2,4793.0,2025-04-10,0.0076,840,1,22.0,1,0,0.0,Late (30–89 days),43,1,Legal Notice,1173.0,1
TCU-00013,Maun,LO002,Personal Loan,25,Student,3545.0,91700.0,10.94,60,1991.0,15,67241.0,2024-03-23,0.5616,661,3,12.4,2,0,0.0,Late (30–89 days),35,2,Legal Notice,17775.0,1
TCU-00014,Maun,LO007,Agriculture Loan,55,Self-Employed,29783.0,200900.0,18.91,36,7355.0,2,170277.0,2025-04-13,0.247,850,2,2.6,0,0,0.0,Late (30–89 days),43,2,Letter Sent,22666.0,1
TCU-00015,Maun,LO010,Business Loan,26,Private Sector,16516.0,154700.0,23.75,84,3793.0,17,117244.0,2024-01-09,0.2297,642,0,26.4,0,0,0.0,Current,0,0,None,0.0,0
TCU-00016,Maun,LO007,Agriculture Loan,35,Student,3720.0,41600.0,22.53,84,988.0,16,29091.0,2024-02-22,0.2656,616,1,8.7,0,0,0.0,Current,0,0,None,0.0,0
TCU-00017,Selebi-Phikwe,LO018,Personal Loan,57,Student,1892.0,61700.0,10.81,12,5448.0,5,33738.0,2025-01-13,2.8795,707,0,27.0,1,0,0.0,Late (30–89 days),45,1,Legal Notice,6357.0,1
TCU-00018,Francistown,LO008,Business Loan,48,Pensioner,9857.0,358400.0,8.88,72,6439.0,6,317809.0,2024-12-06,0.6532,775,1,20.3,1,1,383716.0,Early (1–29 days),16,1,None,0.0,0
TCU-00019,Selebi-Phikwe,LO012,Home Loan,36,Private Sector,25693.0,115300.0,18.73,48,3431.0,7,87828.0,2024-12-02,0.1335,850,0,15.5,0,0,0.0,Late (30–89 days),86,2,Letter Sent,12704.0,1
TCU-00020,Lobatse,LO014,Home Loan,24,Government Employee,20385.0,289800.0,16.43,48,8277.0,11,198415.0,2024-07-13,0.406,850,2,0.5,2,1,586274.0,Current,0,0,None,0.0,0
TCU-00021,Maun,LO020,Home Loan,26,Student,3822.0,57200.0,16.36,72,1252.0,4,48562.0,2025-02-22,0.3276,621,0,20.1,0,0,0.0,Current,0,0,None,0.0,0
TCU-00022,Maun,LO007,Vehicle Loan,22,Self-Employed,32287.0,164500.0,15.35,72,3510.0,10,131266.0,2024-08-06,0.1087,850,2,28.8,1,0,0.0,Current,0,0,None,0.0,0
TCU-00023,Maun,LO008,Business Loan,27,Private Sector,9536.0,128300.0,17.97,84,2694.0,15,96780.0,2024-03-15,0.2825,764,2,11.8,0,1,252617.0,Current,0,0,None,0.0,0
TCU-00024,Francistown,LO017,Vehicle Loan,49,Private Sector,7205.0,128900.0,15.58,84,2529.0,2,119557.0,2025-04-20,0.351,674,4,18.1,2,0,0.0,Current,0,0,None,0.0,0
TCU-00025,Francistown,LO016,Vehicle Loan,57,Farmer,6110.0,83200.0,20.37,60,2221.0,1,77233.0,2025-05-11,0.3635,727,0,8.5,0,1,86132.0,Current,0,0,None,0.0,0
TCU-00026,Selebi-Phikwe,LO011,Education Loan,26,Farmer,8591.0,102700.0,14.54,84,1955.0,17,80155.0,2024-01-21,0.2276,717,2,11.7,0,1,213709.0,Current,0,0,None,0.0,0
TCU-00027,Francistown,LO016,Business Loan,56,Pensioner,5638.0,67700.0,18.87,84,1458.0,4,61809.0,2025-02-18,0.2586,796,4,16.3,2,0,0.0,Late (30–89 days),57,1,Called,19576.0,1
TCU-00028,Selebi-Phikwe,LO011,Business Loan,25,Self-Employed,20369.0,433300.0,12.81,84,7838.0,3,370962.0,2025-03-07,0.3848,696,0,1.1,0,0,0.0,Current,0,0,None,0.0,0
TCU-00029,Gaborone Main,LO008,Business Loan,63,Government Employee,22267.0,123100.0,15.84,12,11160.0,10,18870.0,2024-08-11,0.5012,850,1,28.9,1,0,0.0,Current,0,0,None,0.0,0
TCU-00030,Selebi-Phikwe,LO013,Agriculture Loan,41,Pensioner,5190.0,144500.0,12.26,72,2845.0,7,127522.0,2024-11-04,0.5482,747,1,4.1,3,0,0.0,Late (30–89 days),53,1,Letter Sent,28882.0,1
TCU-00031,Selebi-Phikwe,LO004,Vehicle Loan,22,Farmer,14529.0,415200.0,19.46,48,12516.0,12,298966.0,2024-06-29,0.8614,791,2,16.4,0,1,848148.0,Current,0,0,None,0.0,0
TCU-00032,Selebi-Phikwe,LO008,Vehicle Loan,27,Self-Employed,24515.0,171500.0,16.16,36,6043.0,12,105545.0,2024-07-05,0.2465,844,0,8.1,0,0,0.0,Current,0,0,None,0.0,0
TCU-00033,Francistown,LO014,Vehicle Loan,34,Government Employee,17438.0,174100.0,19.53,48,5254.0,17,97143.0,2024-01-18,0.3013,814,0,17.7,0,1,265216.0,Current,0,0,None,0.0,0
TCU-00034,Maun,LO008,Personal Loan,39,Self-Employed,29966.0,372700.0,23.24,72,9641.0,11,277468.0,2024-07-08,0.3217,850,2,8.7,0,0,0.0,Current,0,0,None,0.0,0
TCU-00035,Maun,LO006,Home Loan,40,Private Sector,6340.0,57900.0,23.6,60,1652.0,8,47902.0,2024-10-26,0.2606,784,1,26.2,0,1,89675.0,Current,0,0,None,0.0,0
TCU-00036,Gaborone Main,LO013,Vehicle Loan,52,Government Employee,9259.0,21900.0,10.81,60,474.0,7,16690.0,2024-11-07,0.0512,838,0,17.0,0,0,0.0,Current,0,0,None,0.0,0
TCU-00037,Lobatse,LO014,Home Loan,50,Self-Employed,24471.0,333100.0,10.04,84,5537.0,11,273219.0,2024-07-31,0.2263,850,0,16.8,0,1,656850.0,Current,0,0,None,0.0,0
TCU-00038,Selebi-Phikwe,LO003,Agriculture Loan,40,Student,2317.0,40500.0,17.64,84,843.0,11,32161.0,2024-07-21,0.3638,683,1,19.6,2,0,0.0,Defaulted,174,7,Legal Notice,21476.0,1
TCU-00039,Gaborone Main,LO015,Agriculture Loan,40,Farmer,6649.0,51600.0,16.87,48,1485.0,15,33336.0,2024-03-23,0.2233,777,1,1.3,0,0,0.0,Early (1–29 days),25,1,None,0.0,0
TCU-00040,Lobatse,LO002,Business Loan,65,Self-Employed,20938.0,458500.0,11.31,60,10040.0,3,411713.0,2025-03-22,0.4795,832,1,3.2,0,1,889136.0,Current,0,0,None,0.0,0
TCU-00041,Selebi-Phikwe,LO018,Personal Loan,40,Student,3092.0,26700.0,23.54,48,864.0,18,15831.0,2024-01-02,0.2794,607,0,11.2,1,0,0.0,Current,0,0,None,0.0,0
TCU-00042,Selebi-Phikwe,LO004,Personal Loan,40,Farmer,14678.0,122900.0,10.95,60,2669.0,17,82163.0,2024-01-15,0.1818,766,0,29.8,2,1,122862.0,Current,0,0,None,0.0,0
TCU-00043,Maun,LO014,Vehicle Loan,54,Student,4931.0,58700.0,14.45,60,1380.0,13,45044.0,2024-05-19,0.2799,695,1,28.1,0,0,0.0,Current,0,0,None,0.0,0
TCU-00044,Francistown,LO015,Education Loan,64,Farmer,8812.0,162300.0,14.35,36,5575.0,11,112383.0,2024-07-12,0.6327,850,0,11.8,1,1,217628.0,Current,0,0,None,0.0,0
TCU-00045,Francistown,LO016,Personal Loan,64,Student,1942.0,33500.0,10.06,84,557.0,3,27941.0,2025-03-26,0.2868,712,0,26.2,3,1,71308.0,Current,0,0,None,0.0,0
TCU-00046,Lobatse,LO013,Home Loan,27,Self-Employed,26565.0,246500.0,16.89,60,6112.0,15,163654.0,2024-03-11,0.2301,850,1,9.0,0,1,607172.0,Current,0,0,None,0.0,0
TCU-00047,Maun,LO001,Personal Loan,32,Student,2635.0,16500.0,15.18,24,801.0,4,12855.0,2025-02-25,0.304,656,0,26.2,0,1,38805.0,Current,0,0,None,0.0,0
TCU-00048,Gaborone Main,LO015,Home Loan,38,Student,3872.0,33000.0,13.86,60,765.0,8,27051.0,2024-11-02,0.1976,635,1,7.9,1,1,47981.0,Current,0,0,None,0.0,0
TCU-00049,Maun,LO001,Agriculture Loan,58,Self-Employed,18249.0,194700.0,20.56,12,18088.0,1,174000.0,2025-05-23,0.9912,850,0,24.2,0,1,238715.0,Current,0,0,None,0.0,0
TCU-00050,Gaborone Main,LO002,Home Loan,30,Student,4260.0,23700.0,10.54,36,771.0,7,18369.0,2024-11-30,0.181,599,0,4.4,0,0,0.0,Current,0,0,None,0.0,0
TCU-00051,Maun,LO011,Personal Loan,38,Farmer,8620.0,96900.0,12.0,72,1894.0,4,91067.0,2025-02-10,0.2197,737,2,0.9,0,1,188355.0,Current,0,0,None,0.0,0
TCU-00052,Francistown,LO016,Personal Loan,45,Government Employee,18532.0,167400.0,17.96,72,3814.0,16,123079.0,2024-03-05,0.2058,777,1,21.2,0,1,146825.0,Current,0,0,None,0.0,0
TCU-00053,Francistown,LO013,Vehicle Loan,37,Pensioner,6226.0,201800.0,16.87,60,5001.0,12,158665.0,2024-06-07,0.8032,628,1,28.2,0,0,0.0,Current,0,0,None,0.0,0
TCU-00054,Maun,LO018,Agriculture Loan,45,Government Employee,14097.0,74500.0,10.39,84,1252.0,2,62817.0,2025-04-10,0.0888,693,0,19.4,3,1,101839.0,Current,0,0,None,0.0,0
TCU-00055,Lobatse,LO007,Business Loan,57,Private Sector,13885.0,217000.0,8.54,84,3441.0,13,183074.0,2024-05-28,0.2478,704,0,26.1,0,1,464452.0,Late (30–89 days),46,1,Home Visit,24109.0,1
TCU-00056,Gaborone Main,LO016,Vehicle Loan,55,Government Employee,21226.0,59000.0,16.31,60,1445.0,16,41496.0,2024-02-14,0.0681,850,3,19.9,0,0,0.0,Current,0,0,None,0.0,0
TCU-00057,Gaborone Main,LO016,Agriculture Loan,49,Student,4684.0,10100.0,17.93,12,926.0,12,0.0,2024-05-09,0.1977,650,0,29.8,0,1,18475.0,Current,0,0,None,0.0,0
TCU-00058,Francistown,LO014,Vehicle Loan,63,Pensioner,9329.0,208500.0,14.68,72,4373.0,14,150639.0,2024-04-07,0.4688,719,0,8.0,2,0,0.0,Late (30–89 days),35,1,None,31328.0,1
TCU-00059,Lobatse,LO002,Education Loan,45,Private Sector,28959.0,336700.0,14.87,84,6473.0,3,318251.0,2025-03-09,0.2235,850,1,10.9,0,1,645269.0,Current,0,0,None,0.0,0
TCU-00060,Maun,LO019,Business Loan,45,Government Employee,21723.0,487400.0,21.19,60,13238.0,17,328816.0,2024-01-27,0.6094,708,1,21.0,0,1,1021637.0,Current,0,0,None,0.0,0
TCU-00061,Selebi-Phikwe,LO003,Business Loan,31,Pensioner,8446.0,41000.0,16.72,48,1177.0,3,35287.0,2025-03-05,0.1394,730,0,28.3,0,0,0.0,Early (1–29 days),3,1,None,0.0,0
TCU-00062,Selebi-Phikwe,LO016,Education Loan,39,Farmer,8305.0,138100.0,10.26,48,3520.0,14,87304.0,2024-04-23,0.4238,760,1,14.9,0,1,203276.0,Late (30–89 days),49,1,Letter Sent,25479.0,1
TCU-00063,Gaborone Main,LO001,Vehicle Loan,40,Self-Employed,30893.0,193200.0,19.41,60,5055.0,6,149678.0,2024-12-28,0.1636,850,0,27.7,1,0,0.0,Current,0,0,None,0.0,0
TCU-00064,Gaborone Main,LO011,Business Loan,29,Farmer,12616.0,360400.0,22.76,12,33863.0,3,263995.0,2025-03-23,2.6841,726,0,17.9,0,1,478419.0,Late (30–89 days),40,1,SMS Sent,60091.0,1
TCU-00065,Francistown,LO012,Home Loan,55,Pensioner,8364.0,283700.0,12.16,24,13376.0,9,155962.0,2024-09-19,1.5992,668,1,5.7,1,1,590822.0,Late (30–89 days),89,2,None,49294.0,1
TCU-00066,Selebi-Phikwe,LO003,Vehicle Loan,42,Private Sector,16613.0,108100.0,9.37,60,2263.0,15,72689.0,2024-03-16,0.1362,745,1,2.2,1,1,245303.0,Current,0,0,None,0.0,0
TCU-00067,Lobatse,LO002,Vehicle Loan,51,Pensioner,9454.0,62000.0,17.88,60,1570.0,13,48259.0,2024-06-03,0.1661,648,2,29.5,0,0,0.0,Current,0,0,None,0.0,0
TCU-00068,Lobatse,LO006,Home Loan,55,Pensioner,6237.0,59500.0,13.74,60,1376.0,16,42254.0,2024-02-23,0.2206,761,1,2.4,0,0,0.0,Current,0,0,None,0.0,0
TCU-00069,Maun,LO003,Education Loan,60,Private Sector,21927.0,158600.0,18.67,72,3678.0,4,130218.0,2025-02-05,0.1677,850,1,19.5,0,1,316377.0,Current,0,0,None,0.0,0
TCU-00070,Selebi-Phikwe,LO017,Home Loan,27,Student,1564.0,34600.0,13.8,84,645.0,1,30045.0,2025-05-12,0.4124,601,4,5.1,0,0,0.0,Current,0,0,None,0.0,0
TCU-00071,Maun,LO020,Business Loan,55,Government Employee,18153.0,61700.0,19.24,60,1609.0,12,47296.0,2024-06-18,0.0886,850,2,29.1,0,0,0.0,Current,0,0,None,0.0,0
TCU-00072,Maun,LO019,Vehicle Loan,52,Private Sector,17080.0,147500.0,16.68,24,7270.0,11,77514.0,2024-07-23,0.4256,846,0,7.9,0,0,0.0,Current,0,0,None,0.0,0
TCU-00073,Gaborone Main,LO006,Home Loan,29,Self-Employed,20175.0,416400.0,9.92,24,19199.0,2,375094.0,2025-04-06,0.9516,850,0,11.5,0,1,492066.0,Late (30–89 days),75,2,Called,111720.0,1
TCU-00074,Selebi-Phikwe,LO005,Agriculture Loan,24,Self-Employed,20888.0,453400.0,8.79,24,20670.0,13,193744.0,2024-06-02,0.9896,786,2,16.1,0,1,594841.0,Defaulted,304,12,SMS Sent,117351.0,1
TCU-00075,Lobatse,LO001,Agriculture Loan,53,Pensioner,7092.0,25400.0,15.15,60,606.0,6,20256.0,2024-12-27,0.0854,656,0,29.3,0,1,42226.0,Current,0,0,None,0.0,0
TCU-00076,Selebi-Phikwe,LO012,Home Loan,52,Government Employee,20704.0,38400.0,12.24,72,756.0,14,29873.0,2024-04-16,0.0365,850,2,10.3,0,1,83826.0,Current,0,0,None,0.0,0
TCU-00077,Francistown,LO005,Personal Loan,66,Farmer,11593.0,23300.0,11.62,84,407.0,11,19902.0,2024-07-23,0.0351,783,0,24.6,0,1,44264.0,Early (1–29 days),21,1,None,0.0,0
TCU-00078,Gaborone Main,LO012,Vehicle Loan,43,Self-Employed,36022.0,447800.0,14.49,24,21604.0,1,409320.0,2025-05-23,0.5997,850,0,24.0,0,1,681395.0,Current,0,0,None,0.0,0
TCU-00079,Gaborone Main,LO003,Home Loan,40,Self-Employed,27793.0,303300.0,15.1,72,6430.0,3,262390.0,2025-03-30,0.2314,850,0,29.9,0,0,0.0,Current,0,0,None,0.0,0
TCU-00080,Francistown,LO001,Business Loan,45,Pensioner,9092.0,147900.0,10.46,24,6856.0,5,105885.0,2025-01-10,0.7541,768,3,1.5,0,1,211592.0,Late (30–89 days),38,2,None,21125.0,1
TCU-00081,Gaborone Main,LO001,Agriculture Loan,39,Private Sector,10465.0,293300.0,10.33,84,4919.0,9,250249.0,2024-09-23,0.47,756,1,30.0,0,1,271563.0,Current,0,0,None,0.0,0
TCU-00082,Maun,LO003,Education Loan,65,Self-Employed,23518.0,426400.0,19.53,72,10098.0,12,344337.0,2024-06-27,0.4294,850,1,4.1,0,1,914046.0,Current,0,0,None,0.0,0
TCU-00083,Lobatse,LO003,Personal Loan,57,Private Sector,13423.0,360800.0,16.65,84,7300.0,4,334513.0,2025-02-23,0.5438,850,1,13.8,0,1,827146.0,Current,0,0,None,0.0,0
TCU-00084,Lobatse,LO002,Personal Loan,30,Farmer,9217.0,38400.0,22.99,24,2011.0,6,28573.0,2024-12-20,0.2182,780,1,8.9,0,1,93151.0,Current,0,0,None,0.0,0
TCU-00085,Francistown,LO019,Education Loan,27,Pensioner,4925.0,128200.0,17.88,84,2685.0,16,101060.0,2024-02-12,0.5452,677,1,17.5,0,0,0.0,Current,0,0,None,0.0,0
TCU-00086,Maun,LO010,Vehicle Loan,62,Pensioner,5469.0,94200.0,15.53,72,2019.0,16,64014.0,2024-03-02,0.3692,737,1,14.2,0,1,213318.0,Current,0,0,None,0.0,0
TCU-00087,Maun,LO017,Education Loan,47,Private Sector,8548.0,26100.0,15.47,24,1271.0,14,9326.0,2024-04-09,0.1487,848,1,28.9,2,0,0.0,Current,0,0,None,0.0,0
TCU-00088,Lobatse,LO015,Vehicle Loan,32,Farmer,13549.0,41000.0,14.6,48,1133.0,10,28637.0,2024-09-03,0.0836,715,0,2.0,0,0,0.0,Current,0,0,None,0.0,0
TCU-00089,Francistown,LO009,Agriculture Loan,28,Farmer,7389.0,13600.0,9.29,60,284.0,11,10045.0,2024-07-18,0.0384,671,1,16.7,1,0,0.0,Late (30–89 days),36,2,Letter Sent,1942.0,1
TCU-00090,Francistown,LO007,Education Loan,57,Self-Employed,22328.0,27400.0,10.62,36,892.0,2,24012.0,2025-04-30,0.0399,850,0,26.8,0,0,0.0,Current,0,0,None,0.0,0
TCU-00091,Maun,LO017,Education Loan,41,Pensioner,7194.0,84400.0,21.14,36,3186.0,6,66892.0,2024-12-05,0.4429,788,2,21.9,0,1,135614.0,Current,0,0,None,0.0,0
TCU-00092,Gaborone Main,LO019,Vehicle Loan,58,Private Sector,10092.0,218600.0,21.54,24,11291.0,9,116778.0,2024-09-05,1.1188,762,3,3.7,0,1,231155.0,Late (30–89 days),79,2,None,37159.0,1
TCU-00093,Francistown,LO017,Business Loan,68,Government Employee,17535.0,241800.0,14.34,24,11648.0,2,218728.0,2025-04-15,0.6643,836,2,21.8,0,0,0.0,Late (30–89 days),45,2,Called,52390.0,1
TCU-00094,Francistown,LO016,Home Loan,41,Self-Employed,21273.0,467600.0,19.69,36,17304.0,14,267473.0,2024-05-04,0.8134,850,1,26.9,0,1,988604.0,Late (30–89 days),75,1,Home Visit,49908.0,1
TCU-00095,Selebi-Phikwe,LO007,Business Loan,63,Self-Employed,33806.0,283200.0,12.71,12,25256.0,10,41837.0,2024-09-02,0.7471,850,1,2.0,0,0,0.0,Defaulted,160,3,Called,34893.0,1
TCU-00096,Selebi-Phikwe,LO016,Agriculture Loan,48,Student,2198.0,36400.0,18.51,84,776.0,15,28341.0,2024-04-01,0.353,609,0,22.3,1,1,86141.0,Current,0,0,None,0.0,0
TCU-00097,Selebi-Phikwe,LO006,Agriculture Loan,24,Farmer,14546.0,439000.0,8.64,60,9036.0,14,332955.0,2024-04-19,0.6212,715,1,16.0,2,1,727494.0,Current,0,0,None,0.0,0
TCU-00098,Maun,LO006,Personal Loan,68,Farmer,11839.0,274200.0,20.24,24,13988.0,4,222570.0,2025-02-19,1.1815,850,1,3.1,0,1,284905.0,Late (30–89 days),46,2,Letter Sent,35362.0,1
TCU-00099,Lobatse,LO019,Personal Loan,43,Self-Employed,13416.0,82900.0,18.85,48,2472.0,7,61885.0,2024-11-10,0.1843,723,3,23.2,0,0,0.0,Current,0,0,None,0.0,0
TCU-00100,Francistown,LO015,Agriculture Loan,30,Farmer,14866.0,267100.0,22.65,84,6365.0,10,226897.0,2024-08-11,0.4282,639,1,18.1,1,1,453508.0,Current,0,0,None,0.0,0
TCU-00101,Francistown,LO019,Education Loan,57,Pensioner,4899.0,63100.0,10.3,24,2920.0,1,52225.0,2025-05-15,0.596,610,1,15.6,0,1,100079.0,Current,0,0,None,0.0,0
TCU-00102,Francistown,LO019,Personal Loan,22,Student,1659.0,7300.0,23.91,12,690.0,2,5200.0,2025-04-28,0.4159,609,1,23.2,1,0,0.0,Current,0,0,None,0.0,0
TCU-00103,Selebi-Phikwe,LO013,Personal Loan,46,Farmer,11193.0,218600.0,18.63,36,7972.0,14,117127.0,2024-05-01,0.7122,688,2,7.1,0,1,285758.0,Current,0,0,None,0.0,0
TCU-00104,Selebi-Phikwe,LO012,Business Loan,36,Private Sector,12616.0,363900.0,10.25,84,6088.0,3,330635.0,2025-03-05,0.4826,737,3,26.7,0,1,658552.0,Current,0,0,None,0.0,0
TCU-00105,Gaborone Main,LO013,Vehicle Loan,37,Student,2320.0,40400.0,9.37,60,846.0,8,30991.0,2024-10-23,0.3647,721,1,23.3,1,1,92501.0,Current,0,0,None,0.0,0
TCU-00106,Lobatse,LO019,Agriculture Loan,39,Government Employee,23497.0,216500.0,16.18,36,7631.0,5,180441.0,2025-01-25,0.3248,829,0,12.8,0,1,450863.0,Current,0,0,None,0.0,0
TCU-00107,Selebi-Phikwe,LO002,Education Loan,67,Private Sector,15904.0,229900.0,14.52,36,7916.0,11,143614.0,2024-07-27,0.4977,850,0,16.3,1,1,331329.0,Late (30–89 days),34,1,Legal Notice,43251.0,1
TCU-00108,Lobatse,LO007,Vehicle Loan,68,Student,2231.0,33700.0,22.59,24,1758.0,11,18150.0,2024-07-13,0.788,745,0,30.0,0,1,61586.0,Current,0,0,None,0.0,0
TCU-00109,Selebi-Phikwe,LO018,Agriculture Loan,40,Farmer,7311.0,82700.0,16.21,12,7512.0,2,66453.0,2025-04-25,1.0275,691,0,1.8,1,0,0.0,Defaulted,303,7,Letter Sent,31139.0,1
TCU-00110,Lobatse,LO008,Vehicle Loan,36,Farmer,9608.0,152400.0,20.33,48,4664.0,1,137156.0,2025-05-17,0.4854,760,2,10.9,0,1,169603.0,Current,0,0,None,0.0,0
TCU-00111,Gaborone Main,LO002,Personal Loan,55,Government Employee,15011.0,119600.0,19.46,12,11048.0,10,18455.0,2024-08-11,0.736,757,1,18.7,0,1,97024.0,Late (30–89 days),63,2,Letter Sent,4317.0,1
TCU-00112,Selebi-Phikwe,LO006,Personal Loan,23,Pensioner,9508.0,74500.0,18.11,36,2697.0,6,55260.0,2024-12-28,0.2837,756,0,11.5,0,0,0.0,Current,0,0,None,0.0,0
TCU-00113,Gaborone Main,LO003,Vehicle Loan,27,Student,2827.0,9800.0,8.65,24,446.0,15,3399.0,2024-03-25,0.1578,542,1,25.8,0,1,8549.0,Current,0,0,None,0.0,0
TCU-00114,Gaborone Main,LO003,Agriculture Loan,52,Self-Employed,37321.0,283900.0,9.01,84,4569.0,7,221817.0,2024-11-18,0.1224,850,0,4.8,1,0,0.0,Current,0,0,None,0.0,0
TCU-00115,Lobatse,LO011,Vehicle Loan,58,Farmer,12067.0,203300.0,19.72,60,5355.0,6,156998.0,2024-12-20,0.4438,686,0,23.2,2,1,429988.0,Defaulted,229,10,Letter Sent,97460.0,1
TCU-00116,Selebi-Phikwe,LO006,Agriculture Loan,57,Farmer,10031.0,200100.0,13.08,24,9521.0,15,64705.0,2024-03-16,0.9492,814,0,21.5,0,0,0.0,Late (30–89 days),30,2,Letter Sent,13665.0,1
TCU-00117,Gaborone Main,LO006,Vehicle Loan,28,Private Sector,16772.0,207000.0,8.91,36,6574.0,15,113449.0,2024-04-05,0.392,805,0,12.7,1,0,0.0,Current,0,0,None,0.0,0
TCU-00118,Selebi-Phikwe,LO006,Business Loan,55,Private Sector,12454.0,43600.0,11.09,36,1429.0,3,35769.0,2025-03-07,0.1147,673,2,11.2,2,0,0.0,Current,0,0,None,0.0,0
TCU-00119,Gaborone Main,LO013,Home Loan,30,Self-Employed,34298.0,431800.0,15.32,48,12087.0,13,281815.0,2024-05-19,0.3524,850,1,5.7,0,1,884882.0,Current,0,0,None,0.0,0
TCU-00120,Maun,LO013,Home Loan,42,Farmer,4367.0,85600.0,16.96,72,1902.0,17,64928.0,2024-01-28,0.4355,627,1,21.4,0,1,169301.0,Current,0,0,None,0.0,0
TCU-00121,Maun,LO008,Home Loan,53,Private Sector,21808.0,395600.0,9.65,60,8337.0,1,364630.0,2025-05-05,0.3823,747,3,12.8,0,0,0.0,Current,0,0,None,0.0,0
TCU-00122,Francistown,LO012,Business Loan,27,Government Employee,18999.0,254100.0,19.0,48,7598.0,6,221194.0,2024-12-05,0.3999,770,1,0.8,0,1,427385.0,Current,0,0,None,0.0,0
TCU-00123,Lobatse,LO017,Business Loan,47,Farmer,7140.0,14100.0,14.95,12,1272.0,12,0.0,2024-04-28,0.1782,714,0,23.6,0,1,13620.0,Early (1–29 days),2,1,None,0.0,0
TCU-00124,Gaborone Main,LO011,Agriculture Loan,67,Government Employee,9859.0,374400.0,19.98,60,9915.0,12,279388.0,2024-06-27,1.0057,733,0,13.1,0,0,0.0,Late (30–89 days),72,2,None,55569.0,1
TCU-00125,Selebi-Phikwe,LO019,Vehicle Loan,61,Private Sector,15332.0,106900.0,20.16,84,2384.0,16,81052.0,2024-03-05,0.1555,850,0,6.3,0,0,0.0,Current,0,0,None,0.0,0
TCU-00126,Selebi-Phikwe,LO019,Personal Loan,46,Pensioner,6088.0,161400.0,21.11,72,3971.0,8,141717.0,2024-10-31,0.6523,638,1,20.3,0,1,161208.0,Current,0,0,None,0.0,0
TCU-00127,Lobatse,LO013,Vehicle Loan,60,Private Sector,10458.0,254500.0,18.5,24,12767.0,12,117509.0,2024-06-19,1.2208,813,1,2.1,0,1,262672.0,Current,0,0,None,0.0,0
TCU-00128,Selebi-Phikwe,LO014,Agriculture Loan,53,Farmer,13079.0,36600.0,8.98,84,588.0,10,28819.0,2024-08-13,0.045,833,0,16.4,0,1,75479.0,Current,0,0,None,0.0,0
TCU-00129,Lobatse,LO012,Education Loan,29,Self-Employed,33614.0,327600.0,16.97,48,9448.0,14,222860.0,2024-04-14,0.2811,850,3,1.5,0,0,0.0,Current,0,0,None,0.0,0
TCU-00130,Lobatse,LO012,Agriculture Loan,37,Private Sector,20646.0,310000.0,20.67,84,7010.0,11,261542.0,2024-07-30,0.3395,799,1,16.2,0,1,763933.0,Current,0,0,None,0.0,0
TCU-00131,Gaborone Main,LO005,Vehicle Loan,54,Student,4716.0,195800.0,10.47,84,3298.0,13,146871.0,2024-05-15,0.6993,684,2,20.4,0,0,0.0,Current,0,0,None,0.0,0
TCU-00132,Selebi-Phikwe,LO017,Agriculture Loan,62,Government Employee,12730.0,187700.0,23.23,36,7288.0,18,92005.0,2024-01-03,0.5725,697,2,3.2,3,0,0.0,Current,0,0,None,0.0,0
TCU-00133,Selebi-Phikwe,LO007,Vehicle Loan,47,Private Sector,12445.0,172200.0,17.46,60,4322.0,1,163953.0,2025-05-11,0.3473,850,0,19.0,1,1,409842.0,Current,0,0,None,0.0,0
TCU-00134,Francistown,LO010,Business Loan,49,Private Sector,26986.0,51200.0,14.09,12,4599.0,5,28364.0,2025-01-15,0.1704,850,1,2.0,0,0,0.0,Current,0,0,None,0.0,0
TCU-00135,Francistown,LO016,Personal Loan,28,Government Employee,10256.0,142100.0,8.64,72,2536.0,6,126685.0,2024-12-17,0.2473,777,0,2.6,0,0,0.0,Current,0,0,None,0.0,0
TCU-00136,Francistown,LO005,Personal Loan,30,Farmer,9366.0,76700.0,15.32,72,1635.0,10,62363.0,2024-08-06,0.1746,704,0,12.6,0,0,0.0,Current,0,0,None,0.0,0
TCU-00137,Selebi-Phikwe,LO012,Vehicle Loan,59,Student,2601.0,15900.0,9.81,60,336.0,8,13323.0,2024-10-18,0.1292,657,1,9.4,0,1,32934.0,Current,0,0,None,0.0,0
TCU-00138,Selebi-Phikwe,LO004,Business Loan,37,Farmer,8995.0,161000.0,23.65,36,6287.0,7,112808.0,2024-11-20,0.6989,611,3,17.3,0,0,0.0,Current,0,0,None,0.0,0
TCU-00139,Gaborone Main,LO001,Home Loan,23,Pensioner,5294.0,227300.0,14.67,36,7843.0,1,213266.0,2025-05-28,1.4815,600,1,16.4,0,1,212375.0,Current,0,0,None,0.0,0
TCU-00140,Lobatse,LO003,Home Loan,42,Farmer,11384.0,369600.0,9.4,12,32391.0,3,240443.0,2025-03-20,2.8453,781,1,2.1,0,0,0.0,Defaulted,96,5,Called,172079.0,1
TCU-00141,Lobatse,LO017,Agriculture Loan,53,Self-Employed,13333.0,255000.0,22.04,72,6413.0,14,198374.0,2024-04-30,0.481,850,0,2.4,1,0,0.0,Defaulted,323,11,Home Visit,111497.0,1
TCU-00142,Maun,LO006,Home Loan,58,Private Sector,24560.0,338700.0,10.29,72,6324.0,18,217599.0,2024-01-03,0.2575,850,3,7.7,0,1,357377.0,Current,0,0,None,0.0,0
TCU-00143,Selebi-Phikwe,LO008,Home Loan,67,Student,2369.0,37500.0,21.3,60,1021.0,5,29834.0,2025-01-16,0.431,704,0,15.7,0,1,85908.0,Current,0,0,None,0.0,0
TCU-00144,Selebi-Phikwe,LO001,Home Loan,27,Pensioner,5204.0,54600.0,18.15,48,1608.0,5,45917.0,2025-01-12,0.309,644,1,23.3,0,0,0.0,Early (1–29 days),14,1,None,0.0,0
TCU-00145,Lobatse,LO012,Agriculture Loan,23,Private Sector,26150.0,475700.0,8.52,72,8462.0,5,432639.0,2025-01-20,0.3236,850,1,7.5,0,1,1186791.0,Current,0,0,None,0.0,0
TCU-00146,Maun,LO015,Agriculture Loan,55,Farmer,4019.0,12600.0,21.21,12,1175.0,12,0.0,2024-03-04,0.2924,678,4,7.5,0,1,27233.0,Current,0,0,None,0.0,0
TCU-00147,Gaborone Main,LO007,Business Loan,39,Private Sector,24718.0,81900.0,11.05,48,2119.0,7,63729.0,2024-11-17,0.0857,729,0,9.6,0,1,87465.0,Current,0,0,None,0.0,0
TCU-00148,Maun,LO005,Personal Loan,24,Private Sector,23068.0,201100.0,9.26,36,6419.0,9,146755.0,2024-09-23,0.2783,799,0,28.6,1,0,0.0,Current,0,0,None,0.0,0
TCU-00149,Gaborone Main,LO002,Business Loan,30,Government Employee,10222.0,161600.0,18.27,72,3710.0,15,119918.0,2024-03-27,0.3629,712,0,2.4,2,1,164662.0,Current,0,0,None,0.0,0
TCU-00150,Gaborone Main,LO006,Education Loan,24,Farmer,8198.0,157400.0,14.43,48,4335.0,12,106610.0,2024-06-25,0.5288,795,3,8.6,0,1,290243.0,Current,0,0,None,0.0,0
TCU-00151,Gaborone Main,LO003,Home Loan,57,Farmer,7596.0,134000.0,20.86,24,6876.0,17,39021.0,2024-01-20,0.9052,757,1,14.8,2,1,195673.0,Defaulted,253,12,Letter Sent,19454.0,1
TCU-00152,Lobatse,LO012,Education Loan,25,Farmer,14995.0,54600.0,18.68,36,1993.0,16,29260.0,2024-02-27,0.1329,700,3,17.5,3,1,130486.0,Late (30–89 days),45,2,None,8823.0,1
TCU-00153,Gaborone Main,LO012,Education Loan,44,Pensioner,7382.0,48900.0,23.81,48,1589.0,7,36603.0,2024-11-12,0.2153,737,1,1.1,0,1,90173.0,Current,0,0,None,0.0,0
TCU-00154,Gaborone Main,LO005,Education Loan,42,Government Employee,19980.0,42300.0,16.66,36,1501.0,15,22357.0,2024-03-15,0.0751,844,3,12.2,0,1,43652.0,Current,0,0,None,0.0,0
TCU-00155,Maun,LO006,Agriculture Loan,53,Student,4891.0,168300.0,20.7,24,8623.0,12,76304.0,2024-06-28,1.763,705,0,0.6,1,0,0.0,Late (30–89 days),66,1,Letter Sent,11104.0,1
TCU-00156,Lobatse,LO004,Vehicle Loan,61,Private Sector,9375.0,90500.0,23.73,24,4773.0,15,33030.0,2024-03-31,0.5091,721,1,22.0,0,1,104660.0,Current,0,0,None,0.0,0
TCU-00157,Gaborone Main,LO013,Vehicle Loan,68,Government Employee,20454.0,442900.0,16.14,48,12584.0,6,361148.0,2024-12-25,0.6152,850,3,19.7,0,1,409818.0,Current,0,0,None,0.0,0
TCU-00158,Maun,LO006,Vehicle Loan,28,Government Employee,10735.0,148900.0,23.66,36,5815.0,1,138347.0,2025-05-09,0.5417,760,1,19.8,0,1,132677.0,Current,0,0,None,0.0,0
TCU-00159,Lobatse,LO009,Agriculture Loan,57,Student,2485.0,7300.0,17.36,84,151.0,1,6297.0,2025-05-17,0.0608,654,0,20.0,0,1,6159.0,Current,0,0,None,0.0,0
TCU-00160,Selebi-Phikwe,LO016,Vehicle Loan,29,Self-Employed,36216.0,322700.0,14.51,36,11109.0,5,251596.0,2025-01-25,0.3067,850,1,8.3,0,1,405490.0,Current,0,0,None,0.0,0
TCU-00161,Maun,LO018,Vehicle Loan,27,Student,4897.0,92300.0,21.53,84,2136.0,3,88545.0,2025-03-04,0.4362,604,1,7.5,0,1,207832.0,Defaulted,354,12,Legal Notice,62415.0,1
TCU-00162,Selebi-Phikwe,LO006,Business Loan,31,Government Employee,24527.0,67500.0,15.06,72,1429.0,3,56944.0,2025-03-21,0.0583,733,2,4.9,0,1,137435.0,Current,0,0,None,0.0,0
TCU-00163,Maun,LO017,Vehicle Loan,57,Self-Employed,37018.0,324200.0,17.61,84,6740.0,3,271005.0,2025-03-05,0.1821,850,1,29.0,0,1,688998.0,Current,0,0,None,0.0,0
TCU-00164,Selebi-Phikwe,LO016,Education Loan,48,Self-Employed,25923.0,98900.0,10.73,60,2137.0,4,78998.0,2025-02-15,0.0824,850,3,10.3,0,0,0.0,Early (1–29 days),27,1,None,0.0,0
TCU-00165,Maun,LO016,Agriculture Loan,41,Self-Employed,28655.0,117800.0,13.16,72,2375.0,3,109065.0,2025-03-29,0.0829,850,1,3.1,0,0,0.0,Current,0,0,None,0.0,0
TCU-00166,Lobatse,LO006,Personal Loan,45,Government Employee,13289.0,58800.0,21.7,60,1614.0,17,36917.0,2024-01-30,0.1215,850,3,6.4,0,1,52094.0,Current,0,0,None,0.0,0
TCU-00167,Selebi-Phikwe,LO004,Agriculture Loan,51,Pensioner,4183.0,65200.0,11.25,84,1125.0,2,59704.0,2025-04-30,0.2689,678,3,22.6,0,1,95007.0,Current,0,0,None,0.0,0
TCU-00168,Francistown,LO007,Home Loan,36,Student,3781.0,100300.0,23.49,72,2610.0,17,70574.0,2024-01-10,0.6903,694,0,5.6,1,1,183969.0,Current,0,0,None,0.0,0
TCU-00169,Selebi-Phikwe,LO012,Vehicle Loan,39,Farmer,6024.0,119100.0,21.28,48,3706.0,14,71801.0,2024-04-14,0.6152,850,2,17.1,0,1,233853.0,Current,0,0,None,0.0,0
TCU-00170,Maun,LO010,Business Loan,42,Self-Employed,9397.0,334900.0,20.98,84,7636.0,4,302711.0,2025-02-17,0.8126,733,1,21.8,0,0,0.0,Current,0,0,None,0.0,0
TCU-00171,Lobatse,LO007,Home Loan,24,Pensioner,8359.0,91700.0,20.67,72,2232.0,5,79026.0,2025-01-02,0.267,752,3,5.8,0,1,113681.0,Current,0,0,None,0.0,0
TCU-00172,Gaborone Main,LO008,Home Loan,65,Self-Employed,12040.0,213100.0,22.25,36,8166.0,9,149890.0,2024-09-23,0.6782,711,1,4.0,0,0,0.0,Current,0,0,None,0.0,0
TCU-00173,Gaborone Main,LO013,Education Loan,34,Pensioner,5790.0,69700.0,10.63,24,3237.0,6,47642.0,2024-12-16,0.5591,563,1,9.8,1,0,0.0,Current,0,0,None,0.0,0
TCU-00174,Gaborone Main,LO015,Home Loan,62,Government Employee,11560.0,267600.0,10.96,84,4576.0,15,191109.0,2024-03-31,0.3958,740,1,13.2,0,1,216204.0,Current,0,0,None,0.0,0
TCU-00175,Francistown,LO001,Agriculture Loan,42,Pensioner,4025.0,38800.0,22.09,36,1484.0,13,21452.0,2024-05-12,0.3687,628,0,1.8,2,1,65358.0,Current,0,0,None,0.0,0
TCU-00176,Selebi-Phikwe,LO012,Business Loan,30,Self-Employed,9936.0,361200.0,8.8,24,16468.0,13,145962.0,2024-05-14,1.6574,714,0,15.4,0,0,0.0,Late (30–89 days),70,2,Legal Notice,42739.0,1
TCU-00177,Gaborone Main,LO004,Agriculture Loan,25,Pensioner,9017.0,18800.0,15.39,12,1700.0,9,4329.0,2024-09-15,0.1885,749,1,9.4,0,0,0.0,Current,0,0,None,0.0,0
TCU-00178,Lobatse,LO004,Home Loan,28,Pensioner,4684.0,18700.0,11.6,36,618.0,11,11735.0,2024-07-25,0.1319,734,1,5.2,0,0,0.0,Current,0,0,None,0.0,0
TCU-00179,Gaborone Main,LO004,Education Loan,22,Student,3842.0,10600.0,16.43,72,232.0,14,8417.0,2024-04-13,0.0604,597,4,8.3,0,0,0.0,Current,0,0,None,0.0,0
TCU-00180,Selebi-Phikwe,LO004,Personal Loan,65,Self-Employed,34645.0,9800.0,10.65,72,185.0,12,7344.0,2024-06-23,0.0053,850,3,28.7,0,0,0.0,Current,0,0,None,0.0,0
TCU-00181,Maun,LO013,Agriculture Loan,47,Farmer,13208.0,326200.0,20.85,12,30350.0,12,0.0,2024-05-15,2.2978,850,0,12.8,0,0,0.0,Late (30–89 days),54,2,None,0.0,1
TCU-00182,Selebi-Phikwe,LO016,Personal Loan,68,Private Sector,27302.0,36400.0,18.65,12,3348.0,10,6047.0,2024-08-17,0.1226,850,1,10.5,0,0,0.0,Current,0,0,None,0.0,0
TCU-00183,Selebi-Phikwe,LO005,Education Loan,44,Student,4622.0,6800.0,22.98,60,192.0,2,6427.0,2025-04-25,0.0415,706,1,7.6,3,1,8014.0,Late (30–89 days),45,1,Legal Notice,1380.0,1
TCU-00184,Selebi-Phikwe,LO015,Home Loan,50,Government Employee,10018.0,197500.0,10.09,48,5018.0,17,119079.0,2024-02-06,0.5009,738,0,3.2,0,0,0.0,Current,0,0,None,0.0,0
TCU-00185,Maun,LO012,Personal Loan,64,Farmer,12799.0,169300.0,20.39,60,4522.0,2,156701.0,2025-04-29,0.3533,768,0,19.9,0,1,317814.0,Current,0,0,None,0.0,0
TCU-00186,Francistown,LO016,Business Loan,28,Government Employee,21971.0,207600.0,12.44,24,9815.0,11,97619.0,2024-07-11,0.4467,850,3,6.9,1,1,285344.0,Late (30–89 days),70,1,Home Visit,28606.0,1
TCU-00187,Lobatse,LO017,Business Loan,51,Student,4873.0,44900.0,17.08,48,1297.0,1,43466.0,2025-05-09,0.2662,732,1,5.6,1,1,86109.0,Current,0,0,None,0.0,0
TCU-00188,Francistown,LO009,Vehicle Loan,48,Pensioner,9782.0,210700.0,10.57,48,5402.0,8,171450.0,2024-11-02,0.5522,620,1,9.8,1,0,0.0,Late (30–89 days),75,2,None,46575.0,1
TCU-00189,Francistown,LO017,Education Loan,30,Student,3930.0,15100.0,13.96,48,412.0,3,13465.0,2025-03-03,0.1048,713,3,13.0,0,1,21857.0,Late (30–89 days),47,1,None,4657.0,1
TCU-00190,Gaborone Main,LO010,Business Loan,38,Private Sector,24086.0,259000.0,10.09,84,4312.0,10,219351.0,2024-08-17,0.179,827,1,7.5,1,0,0.0,Current,0,0,None,0.0,0
TCU-00191,Maun,LO018,Personal Loan,46,Farmer,3156.0,43100.0,20.6,84,973.0,3,40501.0,2025-03-29,0.3083,759,1,22.8,0,0,0.0,Current,0,0,None,0.0,0
TCU-00192,Gaborone Main,LO006,Business Loan,33,Student,4073.0,7500.0,12.83,36,252.0,13,4189.0,2024-05-13,0.0619,613,2,0.7,0,0,0.0,Defaulted,255,12,None,1771.0,1
TCU-00193,Maun,LO016,Education Loan,61,Student,3426.0,36900.0,16.64,24,1818.0,15,13394.0,2024-03-10,0.5306,752,1,10.8,2,0,0.0,Late (30–89 days),78,2,None,4677.0,1
TCU-00194,Maun,LO015,Business Loan,22,Government Employee,23376.0,312500.0,23.36,72,8106.0,7,255939.0,2024-11-24,0.3468,850,2,3.8,0,0,0.0,Defaulted,354,8,Legal Notice,161610.0,1
TCU-00195,Gaborone Main,LO010,Agriculture Loan,50,Farmer,5310.0,153800.0,11.09,84,2641.0,17,115809.0,2024-01-08,0.4974,729,0,20.7,1,1,339725.0,Current,0,0,None,0.0,0
TCU-00196,Francistown,LO001,Vehicle Loan,26,Student,4009.0,8600.0,11.26,36,283.0,15,4697.0,2024-03-13,0.0706,730,0,8.1,0,0,0.0,Late (30–89 days),73,1,None,1098.0,1
TCU-00197,Gaborone Main,LO019,Personal Loan,68,Pensioner,8205.0,111600.0,10.15,84,1861.0,7,96263.0,2024-11-04,0.2268,747,0,24.8,0,1,130993.0,Current,0,0,None,0.0,0
TCU-00198,Francistown,LO010,Agriculture Loan,40,Student,4604.0,187300.0,18.54,12,17220.0,12,0.0,2024-05-24,3.7402,816,0,18.1,0,0,0.0,Defaulted,266,6,None,0.0,1
TCU-00199,Francistown,LO006,Business Loan,54,Private Sector,20805.0,54700.0,18.9,60,1416.0,16,39219.0,2024-02-25,0.0681,850,1,16.7,0,1,52892.0,Current,0,0,None,0.0,0
TCU-00200,Francistown,LO004,Home Loan,30,Student,3668.0,55200.0,15.49,60,1327.0,7,46518.0,2024-11-09,0.3618,573,0,17.2,1,0,0.0,Current,0,0,None,0.0,0
TCU-00201,Selebi-Phikwe,LO009,Home Loan,67,Student,1970.0,67000.0,15.67,36,2345.0,7,49819.0,2024-11-08,1.1904,776,0,8.8,1,0,0.0,Defaulted,129,4,Legal Notice,39927.0,1
TCU-00202,Lobatse,LO019,Vehicle Loan,62,Government Employee,21076.0,20000.0,12.54,60,450.0,2,18330.0,2025-04-28,0.0214,850,0,12.1,2,0,0.0,Late (30–89 days),62,1,Legal Notice,3651.0,1
TCU-00203,Francistown,LO020,Agriculture Loan,22,Student,2080.0,31100.0,11.28,60,681.0,13,23397.0,2024-05-29,0.3274,564,0,14.9,0,1,27143.0,Current,0,0,None,0.0,0
TCU-00204,Gaborone Main,LO002,Agriculture Loan,52,Farmer,6889.0,136500.0,21.36,84,3144.0,9,114172.0,2024-09-26,0.4564,734,1,11.6,0,0,0.0,Late (30–89 days),46,2,Called,39180.0,1
TCU-00205,Maun,LO012,Vehicle Loan,55,Farmer,12512.0,8300.0,22.17,48,262.0,12,5506.0,2024-06-18,0.0209,742,0,5.1,0,0,0.0,Current,0,0,None,0.0,0
TCU-00206,Selebi-Phikwe,LO016,Business Loan,29,Farmer,10089.0,149300.0,12.28,24,7048.0,12,64961.0,2024-06-13,0.6986,710,1,26.8,0,1,353566.0,Current,0,0,None,0.0,0
TCU-00207,Maun,LO003,Business Loan,62,Government Employee,15636.0,434300.0,11.14,84,7468.0,4,388854.0,2025-02-24,0.4776,850,0,20.0,0,0,0.0,Current,0,0,None,0.0,0
TCU-00208,Selebi-Phikwe,LO005,Personal Loan,36,Farmer,3199.0,90100.0,19.11,84,1953.0,13,71650.0,2024-06-02,0.6105,553,0,27.1,0,0,0.0,Current,0,0,None,0.0,0
TCU-00209,Lobatse,LO018,Personal Loan,64,Private Sector,27527.0,326400.0,16.59,36,11571.0,16,173109.0,2024-02-14,0.4204,831,1,23.2,0,0,0.0,Current,0,0,None,0.0,0
TCU-00210,Maun,LO016,Business Loan,49,Private Sector,27842.0,252200.0,16.93,36,8983.0,11,149012.0,2024-07-12,0.3226,850,2,0.7,0,1,362550.0,Current,0,0,None,0.0,0
TCU-00211,Selebi-Phikwe,LO019,Home Loan,28,Private Sector,12271.0,219100.0,17.98,72,4995.0,4,199322.0,2025-02-10,0.4071,644,1,11.4,0,1,289499.0,Current,0,0,None,0.0,0
TCU-00212,Francistown,LO015,Agriculture Loan,64,Government Employee,24137.0,194000.0,20.68,84,4388.0,16,137277.0,2024-02-23,0.1818,850,4,0.7,0,1,460549.0,Late (30–89 days),44,2,SMS Sent,16475.0,1
TCU-00213,Selebi-Phikwe,LO020,Agriculture Loan,68,Farmer,9252.0,210000.0,23.16,84,5071.0,12,170288.0,2024-06-28,0.5481,747,1,24.2,0,1,382027.0,Current,0,0,None,0.0,0
TCU-00214,Francistown,LO001,Business Loan,24,Self-Employed,7126.0,65400.0,18.88,48,1951.0,11,46766.0,2024-07-24,0.2738,690,2,2.5,0,1,144573.0,Current,0,0,None,0.0,0
TCU-00215,Lobatse,LO007,Vehicle Loan,39,Private Sector,28313.0,134200.0,14.81,12,12101.0,12,0.0,2024-03-15,0.4274,850,1,8.1,0,0,0.0,Current,0,0,None,0.0,0
TCU-00216,Maun,LO015,Agriculture Loan,52,Private Sector,17057.0,18500.0,10.3,12,1629.0,5,10199.0,2025-01-26,0.0955,850,4,20.5,0,1,44849.0,Late (30–89 days),83,2,SMS Sent,1653.0,1
TCU-00217,Maun,LO003,Education Loan,47,Student,4760.0,52300.0,22.36,36,2007.0,11,36031.0,2024-07-06,0.4216,643,1,6.4,1,0,0.0,Late (30–89 days),45,2,SMS Sent,5008.0,1
TCU-00218,Selebi-Phikwe,LO020,Personal Loan,29,Government Employee,20992.0,25900.0,15.98,60,630.0,7,21136.0,2024-11-18,0.03,703,4,27.0,1,1,64063.0,Current,0,0,None,0.0,0
TCU-00219,Gaborone Main,LO017,Vehicle Loan,58,Private Sector,17480.0,253700.0,14.6,72,5310.0,12,194203.0,2024-06-27,0.3038,850,0,0.7,0,1,246412.0,Current,0,0,None,0.0,0
TCU-00220,Maun,LO016,Education Loan,38,Private Sector,14234.0,115200.0,15.0,84,2223.0,5,98024.0,2025-01-16,0.1562,824,1,13.8,0,0,0.0,Current,0,0,None,0.0,0
TCU-00221,Selebi-Phikwe,LO013,Business Loan,37,Pensioner,4875.0,38200.0,20.99,24,1963.0,3,30916.0,2025-03-07,0.4027,795,1,21.8,1,1,67065.0,Current,0,0,None,0.0,0
TCU-00222,Maun,LO016,Agriculture Loan,25,Private Sector,8311.0,87500.0,14.08,60,2040.0,9,67058.0,2024-09-20,0.2455,685,1,10.9,0,0,0.0,Current,0,0,None,0.0,0
TCU-00223,Maun,LO017,Vehicle Loan,40,Self-Employed,31891.0,43800.0,18.01,48,1287.0,13,31306.0,2024-05-28,0.0404,850,1,18.6,0,0,0.0,Current,0,0,None,0.0,0
TCU-00224,Maun,LO020,Agriculture Loan,63,Self-Employed,18236.0,391600.0,23.05,72,10085.0,2,347256.0,2025-04-06,0.553,757,0,1.2,1,0,0.0,Current,0,0,None,0.0,0
TCU-00225,Gaborone Main,LO004,Personal Loan,32,Farmer,14242.0,27000.0,20.45,60,722.0,15,17528.0,2024-03-26,0.0507,743,3,12.0,0,0,0.0,Current,0,0,None,0.0,0
TCU-00226,Gaborone Main,LO012,Home Loan,32,Government Employee,22692.0,436100.0,22.99,60,12291.0,3,360547.0,2025-03-31,0.5416,829,3,16.4,0,1,904101.0,Current,0,0,None,0.0,0
TCU-00227,Maun,LO016,Education Loan,56,Self-Employed,12177.0,60500.0,14.89,24,2930.0,7,36494.0,2024-11-06,0.2406,689,0,9.0,0,0,0.0,Current,0,0,None,0.0,0
TCU-00228,Lobatse,LO008,Personal Loan,49,Self-Employed,23736.0,394000.0,15.28,24,19156.0,12,188576.0,2024-06-16,0.807,850,1,24.9,0,1,734041.0,Current,0,0,None,0.0,0
TCU-00229,Maun,LO010,Agriculture Loan,66,Student,4100.0,72500.0,21.73,24,3752.0,13,29688.0,2024-05-19,0.9151,674,0,18.9,0,1,64117.0,Late (30–89 days),36,2,None,4967.0,1
TCU-00230,Gaborone Main,LO008,Personal Loan,50,Student,2027.0,23900.0,13.33,84,439.0,1,23608.0,2025-05-25,0.2166,613,1,23.8,0,0,0.0,Late (30–89 days),79,2,Home Visit,2782.0,1
TCU-00231,Maun,LO013,Personal Loan,33,Private Sector,8927.0,91900.0,20.45,48,2819.0,9,71730.0,2024-09-10,0.3158,776,2,15.9,3,1,179982.0,Late (30–89 days),70,1,Legal Notice,20528.0,1
TCU-00232,Maun,LO016,Agriculture Loan,55,Government Employee,13080.0,21800.0,18.83,12,2007.0,10,3433.0,2024-08-29,0.1534,810,0,5.4,0,1,46686.0,Defaulted,111,12,Home Visit,2584.0,1
TCU-00233,Francistown,LO012,Personal Loan,66,Pensioner,5492.0,114600.0,13.75,84,2132.0,16,79688.0,2024-03-02,0.3882,685,2,4.2,0,0,0.0,Current,0,0,None,0.0,0
TCU-00234,Francistown,LO001,Agriculture Loan,50,Student,2822.0,30700.0,9.11,72,555.0,3,27475.0,2025-03-24,0.1967,610,1,15.0,0,1,41453.0,Current,0,0,None,0.0,0
TCU-00235,Gaborone Main,LO017,Business Loan,57,Private Sector,16785.0,273100.0,15.54,84,5353.0,5,246583.0,2025-01-23,0.3189,850,0,18.8,0,1,667505.0,Current,0,0,None,0.0,0
TCU-00236,Lobatse,LO010,Home Loan,57,Private Sector,15835.0,40500.0,18.71,12,3727.0,12,0.0,2024-05-12,0.2354,772,0,3.7,0,1,76585.0,Current,0,0,None,0.0,0
TCU-00237,Gaborone Main,LO012,Business Loan,59,Self-Employed,25814.0,349800.0,11.74,48,9167.0,15,221299.0,2024-03-22,0.3551,850,2,26.8,1,0,0.0,Defaulted,226,11,SMS Sent,92568.0,1
TCU-00238,Francistown,LO017,Personal Loan,41,Government Employee,9721.0,79200.0,11.49,72,1527.0,9,64830.0,2024-09-11,0.1571,691,3,17.0,0,0,0.0,Current,0,0,None,0.0,0
TCU-00239,Selebi-Phikwe,LO004,Business Loan,66,Student,4274.0,71100.0,18.69,60,1832.0,3,66871.0,2025-03-29,0.4286,792,4,25.4,0,0,0.0,Current,0,0,None,0.0,0
TCU-00240,Selebi-Phikwe,LO018,Agriculture Loan,56,Private Sector,12098.0,226500.0,14.65,72,4746.0,17,172579.0,2024-02-05,0.3923,745,1,15.8,3,1,296844.0,Early (1–29 days),27,1,None,0.0,0
TCU-00241,Lobatse,LO017,Education Loan,66,Self-Employed,24544.0,51700.0,15.64,24,2523.0,13,21083.0,2024-05-21,0.1028,850,0,9.4,0,0,0.0,Current,0,0,None,0.0,0
TCU-00242,Selebi-Phikwe,LO019,Personal Loan,52,Private Sector,20286.0,339600.0,17.43,12,31042.0,12,0.0,2024-02-27,1.5302,833,0,26.5,0,0,0.0,Defaulted,206,12,None,0.0,1
TCU-00243,Gaborone Main,LO010,Education Loan,62,Farmer,3494.0,20700.0,16.29,24,1016.0,13,8136.0,2024-06-05,0.2908,708,1,18.1,0,1,26757.0,Current,0,0,None,0.0,0
TCU-00244,Gaborone Main,LO018,Vehicle Loan,58,Student,2419.0,30500.0,19.32,84,665.0,13,23773.0,2024-05-18,0.2749,636,0,12.2,0,0,0.0,Current,0,0,None,0.0,0
TCU-00245,Maun,LO019,Personal Loan,39,Farmer,4350.0,45900.0,11.45,36,1513.0,17,23388.0,2024-01-25,0.3478,704,2,24.2,0,1,108836.0,Current,0,0,None,0.0,0
TCU-00246,Gaborone Main,LO002,Business Loan,68,Government Employee,24132.0,435000.0,21.21,12,40548.0,6,207510.0,2024-12-17,1.6803,850,0,13.8,0,1,745855.0,Defaulted,357,7,Legal Notice,134251.0,1
TCU-00247,Gaborone Main,LO013,Education Loan,68,Private Sector,27745.0,131500.0,9.43,24,6034.0,8,75215.0,2024-10-04,0.2175,850,0,8.5,1,0,0.0,Late (30–89 days),85,2,Home Visit,11868.0,1
TCU-00248,Gaborone Main,LO011,Vehicle Loan,54,Student,4534.0,30400.0,16.26,48,866.0,17,16805.0,2024-01-23,0.191,702,3,9.5,0,0,0.0,Defaulted,270,8,Called,11450.0,1
TCU-00249,Gaborone Main,LO009,Vehicle Loan,54,Self-Employed,36054.0,19600.0,17.1,36,700.0,10,12354.0,2024-08-18,0.0194,850,0,11.8,3,0,0.0,Late (30–89 days),45,1,Letter Sent,2553.0,1
TCU-00250,Selebi-Phikwe,LO018,Business Loan,60,Self-Employed,11443.0,107500.0,20.9,84,2446.0,13,81445.0,2024-05-21,0.2138,737,2,16.0,0,0,0.0,Current,0,0,None,0.0,0
TCU-00251,Gaborone Main,LO018,Education Loan,32,Self-Employed,38150.0,162200.0,22.13,72,4088.0,17,119543.0,2024-01-31,0.1072,850,1,13.6,2,0,0.0,Current,0,0,None,0.0,0
TCU-00252,Francistown,LO001,Education Loan,28,Private Sector,20807.0,308100.0,17.74,24,15343.0,17,81226.0,2024-01-27,0.7374,777,1,14.6,0,0,0.0,Current,0,0,None,0.0,0
TCU-00253,Francistown,LO006,Business Loan,53,Farmer,5715.0,148000.0,22.84,48,4731.0,10,112639.0,2024-08-15,0.8278,819,0,27.8,3,0,0.0,Late (30–89 days),59,1,SMS Sent,23304.0,1
TCU-00254,Selebi-Phikwe,LO011,Vehicle Loan,60,Student,3640.0,85700.0,16.64,72,1889.0,16,61863.0,2024-02-09,0.519,704,1,24.9,0,0,0.0,Current,0,0,None,0.0,0
TCU-00255,Lobatse,LO002,Business Loan,57,Farmer,6494.0,55600.0,21.33,48,1732.0,12,38088.0,2024-06-19,0.2667,719,1,4.7,1,1,112785.0,Current,0,0,None,0.0,0
TCU-00256,Francistown,LO013,Vehicle Loan,66,Pensioner,5941.0,37500.0,22.4,24,1953.0,2,29684.0,2025-04-10,0.3287,734,0,19.6,1,1,76745.0,Current,0,0,None,0.0,0
TCU-00257,Selebi-Phikwe,LO017,Education Loan,27,Pensioner,9699.0,97700.0,20.41,36,3651.0,13,54574.0,2024-06-02,0.3764,770,0,9.6,1,0,0.0,Current,0,0,None,0.0,0
TCU-00258,Lobatse,LO009,Personal Loan,34,Government Employee,15797.0,274000.0,8.59,48,6765.0,10,191436.0,2024-08-31,0.4282,850,1,13.9,0,0,0.0,Defaulted,232,12,Called,130729.0,1
TCU-00259,Francistown,LO002,Agriculture Loan,25,Private Sector,14376.0,12900.0,17.46,60,324.0,8,10058.0,2024-11-01,0.0225,774,4,5.3,0,0,0.0,Current,0,0,None,0.0,0
TCU-00260,Lobatse,LO012,Personal Loan,51,Student,1826.0,18500.0,14.37,12,1664.0,3,13549.0,2025-03-13,0.9113,691,0,14.4,0,0,0.0,Current,0,0,None,0.0,0
TCU-00261,Gaborone Main,LO004,Education Loan,35,Pensioner,8378.0,286600.0,16.0,72,6217.0,8,232861.0,2024-10-21,0.7421,736,1,18.9,2,0,0.0,Current,0,0,None,0.0,0
TCU-00262,Francistown,LO010,Business Loan,33,Pensioner,4009.0,34100.0,10.33,84,572.0,11,28744.0,2024-07-31,0.1427,624,4,12.7,0,0,0.0,Late (30–89 days),42,2,SMS Sent,4703.0,1
TCU-00263,Lobatse,LO018,Home Loan,41,Self-Employed,31613.0,170000.0,14.64,60,4012.0,17,118764.0,2024-01-30,0.1269,850,3,14.6,0,1,175233.0,Current,0,0,None,0.0,0
TCU-00264,Selebi-Phikwe,LO002,Education Loan,43,Farmer,6592.0,82700.0,16.81,24,4081.0,6,60160.0,2024-12-05,0.6191,814,3,10.9,3,1,70543.0,Late (30–89 days),83,1,Home Visit,14604.0,1
TCU-00265,Gaborone Main,LO010,Agriculture Loan,33,Pensioner,9147.0,96900.0,9.85,24,4465.0,5,70406.0,2025-01-15,0.4881,753,0,3.8,1,0,0.0,Early (1–29 days),16,1,None,0.0,0
TCU-00266,Francistown,LO011,Vehicle Loan,54,Private Sector,23579.0,388900.0,10.72,84,6602.0,14,315437.0,2024-04-10,0.28,850,3,20.5,0,0,0.0,Current,0,0,None,0.0,0
TCU-00267,Gaborone Main,LO020,Personal Loan,22,Self-Employed,15998.0,56000.0,20.38,72,1354.0,7,43143.0,2024-11-15,0.0846,764,0,6.4,0,1,118369.0,Current,0,0,None,0.0,0
TCU-00268,Lobatse,LO018,Education Loan,29,Government Employee,9740.0,171000.0,12.7,72,3406.0,8,142289.0,2024-10-17,0.3497,625,0,9.7,2,1,151546.0,Defaulted,115,4,SMS Sent,81478.0,1
TCU-00269,Francistown,LO020,Education Loan,49,Farmer,10554.0,176100.0,14.01,36,6020.0,11,117025.0,2024-07-21,0.5704,724,4,22.8,0,1,384223.0,Current,0,0,None,0.0,0
TCU-00270,Selebi-Phikwe,LO016,Business Loan,65,Student,4816.0,74600.0,12.5,36,2496.0,4,58188.0,2025-02-05,0.5183,669,3,10.2,1,1,121506.0,Defaulted,147,8,Called,35809.0,1
TCU-00271,Lobatse,LO019,Business Loan,40,Self-Employed,22286.0,358600.0,10.16,60,7647.0,15,260576.0,2024-03-13,0.3431,799,1,18.8,0,0,0.0,Current,0,0,None,0.0,0
TCU-00272,Selebi-Phikwe,LO019,Home Loan,59,Farmer,9534.0,131200.0,9.71,72,2411.0,1,112190.0,2025-05-13,0.2529,756,1,10.1,0,1,173664.0,Current,0,0,None,0.0,0
TCU-00273,Maun,LO016,Agriculture Loan,60,Farmer,10922.0,137100.0,22.25,84,3233.0,18,103796.0,2024-01-01,0.296,750,0,18.7,0,1,314182.0,Current,0,0,None,0.0,0
TCU-00274,Maun,LO003,Education Loan,49,Student,1528.0,32300.0,10.48,36,1050.0,16,16247.0,2024-03-04,0.6872,613,1,2.1,1,0,0.0,Current,0,0,None,0.0,0
TCU-00275,Lobatse,LO013,Agriculture Loan,37,Farmer,6818.0,70200.0,16.95,72,1560.0,12,53892.0,2024-06-26,0.2288,720,3,25.3,0,0,0.0,Early (1–29 days),1,1,None,0.0,0
TCU-00276,Selebi-Phikwe,LO014,Business Loan,31,Student,1796.0,29200.0,15.57,84,573.0,3,26566.0,2025-03-11,0.319,690,1,13.0,1,1,34566.0,Late (30–89 days),61,1,Letter Sent,7386.0,1
TCU-00277,Lobatse,LO012,Personal Loan,48,Pensioner,9869.0,227200.0,10.25,48,5790.0,15,136099.0,2024-03-22,0.5867,730,4,23.5,0,1,525481.0,Current,0,0,None,0.0,0
TCU-00278,Lobatse,LO019,Home Loan,64,Government Employee,18422.0,269800.0,8.67,48,6672.0,2,242035.0,2025-04-25,0.3622,697,0,10.9,3,1,292669.0,Current,0,0,None,0.0,0
TCU-00279,Gaborone Main,LO016,Education Loan,58,Self-Employed,10087.0,138500.0,21.04,60,3750.0,17,88640.0,2024-01-28,0.3718,834,3,8.7,0,1,312783.0,Current,0,0,None,0.0,0
TCU-00280,Francistown,LO015,Home Loan,59,Student,4327.0,66400.0,16.02,84,1320.0,17,47741.0,2024-02-03,0.3051,752,0,4.8,2,1,109103.0,Current,0,0,None,0.0,0
TCU-00281,Francistown,LO007,Education Loan,50,Student,4070.0,65600.0,20.21,12,6083.0,12,0.0,2024-02-23,1.4946,655,2,22.7,0,1,131169.0,Late (30–89 days),85,2,Home Visit,0.0,1
TCU-00282,Maun,LO017,Agriculture Loan,46,Student,4846.0,42300.0,13.98,84,792.0,3,38406.0,2025-03-18,0.1634,726,1,8.5,0,0,0.0,Current,0,0,None,0.0,0
TCU-00283,Francistown,LO019,Business Loan,65,Student,3320.0,120100.0,13.36,12,10747.0,12,0.0,2024-01-09,3.237,746,0,13.7,0,1,135501.0,Defaulted,137,3,None,0.0,1
TCU-00284,Gaborone Main,LO004,Personal Loan,35,Pensioner,9139.0,101800.0,22.45,60,2838.0,11,81840.0,2024-07-08,0.3105,719,1,8.0,0,0,0.0,Current,0,0,None,0.0,0
TCU-00285,Maun,LO009,Business Loan,49,Student,4233.0,10500.0,14.52,12,945.0,9,2608.0,2024-09-21,0.2232,690,1,27.9,0,1,17183.0,Current,0,0,None,0.0,0
TCU-00286,Selebi-Phikwe,LO009,Personal Loan,63,Government Employee,8593.0,92200.0,20.55,12,8565.0,1,73726.0,2025-05-24,0.9967,832,1,28.0,0,1,183487.0,Current,0,0,None,0.0,0
TCU-00287,Selebi-Phikwe,LO013,Agriculture Loan,53,Farmer,12371.0,271400.0,8.55,72,4832.0,1,232352.0,2025-05-08,0.3906,604,0,9.4,0,0,0.0,Current,0,0,None,0.0,0
TCU-00288,Selebi-Phikwe,LO010,Agriculture Loan,43,Government Employee,11453.0,354300.0,18.74,36,12941.0,4,310042.0,2025-02-03,1.1299,715,1,11.1,0,0,0.0,Late (30–89 days),42,1,Legal Notice,86792.0,1
TCU-00289,Selebi-Phikwe,LO003,Education Loan,37,Farmer,10721.0,310400.0,21.08,12,28914.0,12,0.0,2024-02-07,2.6969,687,1,6.7,0,1,744387.0,Late (30–89 days),77,1,SMS Sent,0.0,1
TCU-00290,Gaborone Main,LO016,Education Loan,31,Farmer,3550.0,21600.0,11.17,12,1911.0,7,8758.0,2024-11-10,0.5383,735,0,18.5,1,1,47298.0,Current,0,0,None,0.0,0
TCU-00291,Selebi-Phikwe,LO011,Agriculture Loan,26,Private Sector,22282.0,488000.0,17.43,24,24229.0,7,337185.0,2024-11-25,1.0874,850,1,10.4,0,1,734812.0,Current,0,0,None,0.0,0
TCU-00292,Francistown,LO004,Agriculture Loan,59,Government Employee,18412.0,12700.0,16.05,12,1153.0,12,0.0,2024-01-08,0.0626,759,0,19.7,2,1,27592.0,Current,0,0,None,0.0,0
TCU-00293,Lobatse,LO015,Vehicle Loan,62,Self-Employed,12613.0,161100.0,17.74,72,3651.0,1,149618.0,2025-05-26,0.2895,850,0,12.9,0,1,399081.0,Current,0,0,None,0.0,0
TCU-00294,Francistown,LO015,Agriculture Loan,56,Pensioner,7956.0,37900.0,20.85,72,927.0,2,34070.0,2025-04-30,0.1165,806,0,27.7,0,1,43824.0,Current,0,0,None,0.0,0
TCU-00295,Gaborone Main,LO002,Education Loan,51,Government Employee,10990.0,217300.0,10.3,24,10057.0,3,178521.0,2025-03-31,0.9151,749,1,10.1,1,1,210066.0,Current,0,0,None,0.0,0
TCU-00296,Selebi-Phikwe,LO019,Vehicle Loan,36,Government Employee,8924.0,57300.0,17.95,24,2859.0,5,41099.0,2025-01-31,0.3204,752,1,6.2,0,1,78559.0,Current,0,0,None,0.0,0
TCU-00297,Selebi-Phikwe,LO014,Business Loan,29,Farmer,12124.0,74800.0,10.93,84,1278.0,12,60057.0,2024-06-23,0.1054,694,1,15.9,1,1,120049.0,Late (30–89 days),57,1,Home Visit,9727.0,1
TCU-00298,Lobatse,LO005,Education Loan,59,Private Sector,27558.0,26900.0,23.86,72,706.0,1,22681.0,2025-05-31,0.0256,850,1,14.6,1,0,0.0,Current,0,0,None,0.0,0
TCU-00299,Selebi-Phikwe,LO007,Business Loan,22,Student,2754.0,56700.0,8.75,72,1015.0,7,44752.0,2024-11-08,0.3686,552,1,29.3,0,1,113135.0,Current,0,0,None,0.0,0
TCU-00300,Gaborone Main,LO003,Vehicle Loan,67,Student,4627.0,8500.0,15.1,36,295.0,11,5715.0,2024-07-31,0.0638,756,0,26.5,1,1,20460.0,Current,0,0,None,0.0,0
TCU-00301,Lobatse,LO002,Home Loan,45,Farmer,7397.0,185700.0,17.19,84,3815.0,11,140525.0,2024-07-28,0.5157,681,1,22.3,1,0,0.0,Current,0,0,None,0.0,0
TCU-00302,Maun,LO017,Agriculture Loan,42,Self-Employed,19225.0,103200.0,15.51,60,2483.0,14,72832.0,2024-05-05,0.1292,850,1,24.8,2,1,147148.0,Current,0,0,None,0.0,0
TCU-00303,Selebi-Phikwe,LO003,Personal Loan,26,Private Sector,15376.0,271900.0,9.69,24,12508.0,8,157123.0,2024-10-09,0.8135,782,0,28.6,0,1,532947.0,Current,0,0,None,0.0,0
TCU-00304,Maun,LO007,Personal Loan,63,Government Employee,8375.0,286600.0,16.55,36,10154.0,4,238656.0,2025-02-25,1.2124,793,1,23.7,0,0,0.0,Late (30–89 days),59,2,Letter Sent,57710.0,1
TCU-00305,Francistown,LO016,Home Loan,32,Self-Employed,38946.0,28400.0,13.97,48,776.0,12,20082.0,2024-06-19,0.0199,850,0,5.7,1,0,0.0,Current,0,0,None,0.0,0
TCU-00306,Francistown,LO015,Home Loan,42,Pensioner,6218.0,86700.0,18.82,36,3170.0,13,50181.0,2024-05-31,0.5098,765,1,5.3,0,0,0.0,Current,0,0,None,0.0,0
TCU-00307,Francistown,LO001,Agriculture Loan,51,Self-Employed,23661.0,325400.0,13.08,36,10977.0,13,201644.0,2024-05-30,0.4639,850,0,3.8,0,1,635381.0,Late (30–89 days),69,1,SMS Sent,42646.0,1
TCU-00308,Lobatse,LO007,Education Loan,42,Government Employee,16949.0,384700.0,11.53,12,34096.0,3,274549.0,2025-04-01,2.0117,675,4,29.3,0,1,702228.0,Late (30–89 days),72,2,None,54742.0,1
TCU-00309,Selebi-Phikwe,LO012,Personal Loan,49,Self-Employed,14247.0,343400.0,22.05,12,32149.0,10,54897.0,2024-08-08,2.2565,619,2,9.0,1,0,0.0,Current,0,0,None,0.0,0
TCU-00310,Gaborone Main,LO005,Business Loan,59,Pensioner,5819.0,147800.0,13.7,60,3416.0,5,116958.0,2025-01-19,0.587,796,1,27.5,0,0,0.0,Current,0,0,None,0.0,0
TCU-00311,Maun,LO018,Vehicle Loan,33,Farmer,3507.0,123000.0,13.21,60,2812.0,2,105069.0,2025-04-19,0.8018,665,0,19.4,0,1,237643.0,Late (30–89 days),88,1,Letter Sent,11254.0,1
TCU-00312,Lobatse,LO012,Education Loan,53,Government Employee,16168.0,119200.0,19.13,72,2795.0,14,86994.0,2024-05-02,0.1729,790,2,1.0,0,0,0.0,Current,0,0,None,0.0,0
TCU-00313,Gaborone Main,LO009,Home Loan,44,Private Sector,16068.0,181200.0,12.99,60,4122.0,15,125990.0,2024-03-19,0.2565,808,0,22.7,0,0,0.0,Current,0,0,None,0.0,0
TCU-00314,Maun,LO004,Education Loan,65,Student,3530.0,6800.0,16.53,36,241.0,1,6028.0,2025-05-11,0.0683,683,3,5.3,0,1,15053.0,Current,0,0,None,0.0,0
TCU-00315,Lobatse,LO004,Vehicle Loan,55,Pensioner,6763.0,82600.0,22.81,48,2639.0,6,64812.0,2024-12-22,0.3902,661,3,18.1,1,1,165763.0,Defaulted,150,6,None,29679.0,1
TCU-00316,Francistown,LO010,Business Loan,31,Student,2234.0,47800.0,20.33,12,4435.0,12,0.0,2024-03-20,1.9852,724,1,13.2,0,1,91854.0,Late (30–89 days),88,2,Letter Sent,0.0,1
TCU-00317,Gaborone Main,LO004,Education Loan,64,Government Employee,11492.0,96500.0,13.95,12,8662.0,12,0.0,2024-05-29,0.7537,850,0,5.2,0,0,0.0,Current,0,0,None,0.0,0
TCU-00318,Lobatse,LO007,Agriculture Loan,59,Government Employee,11256.0,225300.0,16.83,72,4991.0,14,179429.0,2024-04-11,0.4434,734,3,25.6,0,0,0.0,Current,0,0,None,0.0,0
TCU-00319,Selebi-Phikwe,LO007,Education Loan,44,Farmer,5731.0,90700.0,10.42,12,7992.0,12,0.0,2024-05-19,1.3945,669,2,2.9,0,1,143016.0,Late (30–89 days),83,2,Home Visit,0.0,1
TCU-00320,Francistown,LO003,Vehicle Loan,40,Farmer,14269.0,9500.0,18.95,72,222.0,14,6960.0,2024-04-17,0.0156,816,1,20.5,0,1,18825.0,Current,0,0,None,0.0,0
TCU-00321,Maun,LO007,Home Loan,32,Government Employee,11404.0,198400.0,12.11,48,5235.0,1,173243.0,2025-05-26,0.459,716,0,23.8,0,1,319207.0,Current,0,0,None,0.0,0
TCU-00322,Selebi-Phikwe,LO004,Personal Loan,39,Private Sector,12017.0,227700.0,10.59,12,20081.0,12,0.0,2024-02-24,1.671,677,1,1.3,0,0,0.0,Late (30–89 days),69,1,None,0.0,1
TCU-00323,Selebi-Phikwe,LO007,Home Loan,55,Farmer,10945.0,88600.0,13.83,84,1652.0,17,70166.0,2024-01-19,0.1509,837,3,11.8,0,1,140113.0,Current,0,0,None,0.0,0
TCU-00324,Francistown,LO016,Vehicle Loan,41,Student,1971.0,38800.0,10.2,72,723.0,1,36310.0,2025-05-17,0.3668,670,1,17.4,0,0,0.0,Current,0,0,None,0.0,0
TCU-00325,Maun,LO010,Home Loan,46,Pensioner,4369.0,23000.0,14.18,84,433.0,17,17699.0,2024-01-28,0.0991,650,1,29.8,0,1,27949.0,Current,0,0,None,0.0,0
TCU-00326,Maun,LO004,Home Loan,66,Government Employee,10886.0,17600.0,18.7,48,523.0,3,14685.0,2025-03-07,0.048,755,1,17.8,3,1,25758.0,Current,0,0,None,0.0,0
TCU-00327,Maun,LO016,Education Loan,65,Private Sector,25475.0,87500.0,13.14,48,2353.0,11,62358.0,2024-07-25,0.0924,850,2,16.3,0,1,218189.0,Current,0,0,None,0.0,0
TCU-00328,Lobatse,LO004,Education Loan,27,Student,2679.0,31900.0,15.87,24,1560.0,6,23192.0,2024-12-21,0.5823,550,1,9.4,1,1,54801.0,Current,0,0,None,0.0,0
TCU-00329,Lobatse,LO006,Personal Loan,51,Student,3697.0,25200.0,16.24,72,550.0,2,21810.0,2025-04-23,0.1488,624,3,27.3,2,0,0.0,Defaulted,192,8,Called,13263.0,1
TCU-00330,Maun,LO014,Vehicle Loan,31,Student,2615.0,11700.0,11.66,48,306.0,9,9255.0,2024-09-30,0.117,560,1,8.1,0,1,11619.0,Current,0,0,None,0.0,0
TCU-00331,Lobatse,LO014,Vehicle Loan,51,Farmer,10763.0,27100.0,10.61,36,882.0,8,19999.0,2024-10-11,0.0819,818,4,14.8,0,0,0.0,Current,0,0,None,0.0,0
TCU-00332,Gaborone Main,LO013,Agriculture Loan,48,Self-Employed,34339.0,287600.0,16.25,12,26128.0,9,66469.0,2024-09-14,0.7609,850,0,18.2,1,1,637025.0,Current,0,0,None,0.0,0
TCU-00333,Francistown,LO004,Business Loan,49,Private Sector,11139.0,102500.0,21.87,12,9587.0,1,87383.0,2025-05-17,0.8607,756,1,14.5,0,1,218660.0,Current,0,0,None,0.0,0
TCU-00334,Lobatse,LO002,Agriculture Loan,41,Government Employee,19258.0,346900.0,20.73,24,17780.0,9,202266.0,2024-09-16,0.9233,802,0,28.8,0,0,0.0,Current,0,0,None,0.0,0
TCU-00335,Selebi-Phikwe,LO009,Home Loan,46,Government Employee,9534.0,97200.0,11.76,24,4565.0,3,80347.0,2025-03-25,0.4788,817,1,1.5,1,0,0.0,Current,0,0,None,0.0,0
TCU-00336,Selebi-Phikwe,LO004,Business Loan,43,Student,3945.0,45200.0,17.83,84,946.0,7,38035.0,2024-11-30,0.2398,611,0,2.0,0,0,0.0,Current,0,0,None,0.0,0
TCU-00337,Maun,LO019,Personal Loan,62,Self-Employed,7990.0,121100.0,20.4,72,2929.0,13,96957.0,2024-05-13,0.3666,718,0,14.6,1,1,238409.0,Current,0,0,None,0.0,0
TCU-00338,Francistown,LO013,Vehicle Loan,48,Self-Employed,38011.0,116100.0,23.2,60,3286.0,10,95398.0,2024-08-22,0.0864,850,4,6.3,1,1,172032.0,Late (30–89 days),35,2,Legal Notice,13597.0,1
TCU-00339,Lobatse,LO014,Vehicle Loan,29,Government Employee,22063.0,116100.0,11.65,84,2028.0,9,92589.0,2024-09-29,0.0919,802,3,18.2,3,1,226537.0,Late (30–89 days),39,1,Letter Sent,15976.0,1
TCU-00340,Selebi-Phikwe,LO008,Home Loan,37,Pensioner,7497.0,27300.0,15.77,84,539.0,7,24929.0,2024-11-27,0.0719,706,0,6.8,0,1,49556.0,Early (1–29 days),8,1,None,0.0,0
TCU-00341,Lobatse,LO020,Agriculture Loan,52,Self-Employed,30937.0,110800.0,18.1,36,4011.0,4,93632.0,2025-02-08,0.1297,850,0,5.8,0,1,152527.0,Current,0,0,None,0.0,0
TCU-00342,Maun,LO004,Home Loan,49,Private Sector,7060.0,102800.0,21.44,72,2549.0,5,94603.0,2025-01-04,0.361,818,0,26.4,0,0,0.0,Current,0,0,None,0.0,0
TCU-00343,Selebi-Phikwe,LO005,Education Loan,42,Student,4486.0,128700.0,9.32,24,5899.0,16,37944.0,2024-02-25,1.315,730,2,13.4,3,0,0.0,Defaulted,272,11,Home Visit,23462.0,1
TCU-00344,Francistown,LO004,Home Loan,29,Student,1828.0,18400.0,11.11,60,401.0,8,14902.0,2024-10-06,0.2194,642,1,6.8,3,1,38707.0,Defaulted,129,6,None,11113.0,1
TCU-00345,Gaborone Main,LO010,Agriculture Loan,28,Self-Employed,39328.0,189900.0,22.9,12,17856.0,7,69081.0,2024-11-27,0.454,850,1,13.9,2,0,0.0,Defaulted,112,12,Letter Sent,57192.0,1
TCU-00346,Lobatse,LO005,Business Loan,68,Student,4521.0,55800.0,20.87,72,1365.0,15,41174.0,2024-03-13,0.3019,792,1,3.2,0,1,117765.0,Late (30–89 days),43,1,Home Visit,8116.0,1
TCU-00347,Francistown,LO004,Home Loan,40,Student,3218.0,72500.0,13.31,72,1467.0,13,53698.0,2024-05-14,0.4559,715,0,13.6,0,1,131992.0,Current,0,0,None,0.0,0
TCU-00348,Selebi-Phikwe,LO003,Personal Loan,33,Farmer,9160.0,293100.0,18.54,72,6775.0,12,241710.0,2024-06-07,0.7396,746,1,19.6,0,1,273935.0,Current,0,0,None,0.0,0
TCU-00349,Francistown,LO017,Vehicle Loan,65,Self-Employed,14637.0,20000.0,9.2,12,1751.0,3,13679.0,2025-03-11,0.1196,738,2,11.0,0,0,0.0,Current,0,0,None,0.0,0
TCU-00350,Gaborone Main,LO003,Vehicle Loan,33,Farmer,13521.0,182400.0,15.55,72,3912.0,2,167327.0,2025-04-05,0.2893,778,0,29.0,1,1,203312.0,Current,0,0,None,0.0,0
TCU-00351,Lobatse,LO001,Personal Loan,28,Farmer,7739.0,65100.0,15.63,48,1833.0,1,57077.0,2025-05-13,0.2369,721,1,28.9,0,0,0.0,Current,0,0,None,0.0,0
TCU-00352,Francistown,LO001,Business Loan,23,Student,3184.0,17100.0,21.55,84,396.0,11,12824.0,2024-07-14,0.1244,557,2,4.9,0,1,39913.0,Current,0,0,None,0.0,0
TCU-00353,Lobatse,LO008,Business Loan,23,Farmer,6538.0,110300.0,13.67,12,9886.0,3,82470.0,2025-03-18,1.5121,724,1,16.9,0,1,179389.0,Late (30–89 days),73,2,SMS Sent,13028.0,1
TCU-00354,Selebi-Phikwe,LO019,Home Loan,55,Government Employee,17405.0,246000.0,22.28,12,23057.0,1,212738.0,2025-05-21,1.3247,760,1,13.7,0,1,500501.0,Late (30–89 days),62,1,None,52528.0,1
TCU-00355,Selebi-Phikwe,LO005,Home Loan,43,Pensioner,8338.0,93500.0,23.09,72,2410.0,5,84344.0,2025-01-03,0.289,760,1,8.8,1,0,0.0,Current,0,0,None,0.0,0
TCU-00356,Selebi-Phikwe,LO010,Business Loan,28,Farmer,5513.0,6300.0,22.15,36,241.0,12,3680.0,2024-06-11,0.0437,556,3,15.4,1,1,6261.0,Current,0,0,None,0.0,0
TCU-00357,Gaborone Main,LO018,Home Loan,43,Self-Employed,36267.0,437500.0,17.87,12,40083.0,12,0.0,2024-02-21,1.1052,850,2,3.8,0,0,0.0,Current,0,0,None,0.0,0
TCU-00358,Gaborone Main,LO006,Agriculture Loan,24,Pensioner,4708.0,36200.0,19.79,72,863.0,3,33453.0,2025-03-28,0.1833,676,1,26.2,0,1,79371.0,Current,0,0,None,0.0,0
TCU-00359,Selebi-Phikwe,LO011,Home Loan,22,Private Sector,18121.0,104800.0,20.2,36,3905.0,9,68597.0,2024-09-08,0.2155,782,0,24.2,0,1,165571.0,Current,0,0,None,0.0,0
TCU-00360,Francistown,LO001,Agriculture Loan,23,Farmer,12675.0,47000.0,13.38,84,865.0,12,36866.0,2024-06-17,0.0682,665,0,1.6,2,1,83507.0,Current,0,0,None,0.0,0
TCU-00361,Selebi-Phikwe,LO013,Agriculture Loan,55,Self-Employed,29228.0,362200.0,13.36,36,12267.0,17,186201.0,2024-01-09,0.4197,850,0,12.4,0,0,0.0,Current,0,0,None,0.0,0
TCU-00362,Selebi-Phikwe,LO007,Home Loan,44,Student,1795.0,25000.0,19.64,24,1268.0,8,14701.0,2024-10-17,0.7064,613,1,9.7,0,0,0.0,Defaulted,222,6,Letter Sent,11386.0,1
TCU-00363,Lobatse,LO004,Agriculture Loan,68,Farmer,3719.0,61200.0,13.99,12,5495.0,12,0.0,2024-05-07,1.4775,723,0,7.5,1,0,0.0,Current,0,0,None,0.0,0
TCU-00364,Maun,LO010,Home Loan,60,Private Sector,22006.0,288500.0,10.67,48,7410.0,9,202945.0,2024-09-10,0.3367,850,1,6.2,1,1,302677.0,Current,0,0,None,0.0,0
TCU-00365,Selebi-Phikwe,LO007,Vehicle Loan,49,Private Sector,7874.0,118300.0,17.16,84,2429.0,4,110504.0,2025-02-08,0.3085,659,4,20.8,2,0,0.0,Late (30–89 days),62,1,Home Visit,24443.0,1
TCU-00366,Lobatse,LO017,Personal Loan,30,Student,3931.0,8500.0,10.93,60,185.0,5,7700.0,2025-01-13,0.0471,612,0,25.6,0,1,10985.0,Current,0,0,None,0.0,0
TCU-00367,Maun,LO016,Personal Loan,45,Self-Employed,32483.0,296900.0,9.25,36,9476.0,8,203751.0,2024-10-17,0.2917,850,0,10.8,1,1,526760.0,Current,0,0,None,0.0,0
TCU-00368,Lobatse,LO005,Business Loan,52,Student,3267.0,44800.0,15.46,84,876.0,7,35457.0,2024-11-29,0.2681,629,1,18.9,0,0,0.0,Late (30–89 days),72,2,None,10069.0,1
TCU-00369,Gaborone Main,LO019,Agriculture Loan,27,Private Sector,25108.0,282700.0,10.42,60,6065.0,15,186341.0,2024-03-28,0.2416,803,0,17.3,0,1,657184.0,Current,0,0,None,0.0,0
TCU-00370,Francistown,LO008,Agriculture Loan,23,Self-Employed,34201.0,46900.0,16.77,36,1667.0,4,39118.0,2025-02-15,0.0487,850,1,28.0,0,1,39438.0,Current,0,0,None,0.0,0
TCU-00371,Francistown,LO010,Business Loan,28,Pensioner,5096.0,35400.0,23.26,72,916.0,12,25336.0,2024-06-22,0.1797,699,2,9.3,0,1,82061.0,Current,0,0,None,0.0,0
TCU-00372,Francistown,LO020,Education Loan,25,Private Sector,11676.0,181000.0,23.22,36,7027.0,16,90274.0,2024-03-03,0.6018,713,1,2.4,0,0,0.0,Late (30–89 days),65,1,Legal Notice,14586.0,1
TCU-00373,Maun,LO019,Vehicle Loan,63,Private Sector,16704.0,252700.0,20.63,24,12939.0,5,186264.0,2025-01-17,0.7746,850,4,28.9,0,1,551264.0,Current,0,0,None,0.0,0
TCU-00374,Gaborone Main,LO016,Home Loan,32,Government Employee,18164.0,193200.0,13.95,72,3976.0,10,156014.0,2024-08-05,0.2189,840,1,1.8,1,0,0.0,Current,0,0,None,0.0,0
TCU-00375,Lobatse,LO009,Vehicle Loan,30,Student,2238.0,55200.0,22.2,36,2114.0,9,41274.0,2024-09-24,0.9446,625,1,10.0,0,0,0.0,Current,0,0,None,0.0,0
TCU-00376,Selebi-Phikwe,LO001,Personal Loan,22,Pensioner,8036.0,193900.0,19.4,84,4236.0,4,171873.0,2025-02-06,0.5271,634,2,19.6,0,1,429400.0,Current,0,0,None,0.0,0
TCU-00377,Maun,LO013,Business Loan,46,Pensioner,9035.0,366500.0,10.43,36,11900.0,11,233309.0,2024-07-16,1.3171,740,0,27.7,0,1,675405.0,Current,0,0,None,0.0,0
TCU-00378,Gaborone Main,LO009,Vehicle Loan,53,Self-Employed,36562.0,108500.0,11.54,84,1889.0,4,89553.0,2025-02-09,0.0517,850,0,15.3,0,1,223074.0,Current,0,0,None,0.0,0
TCU-00379,Gaborone Main,LO005,Home Loan,59,Private Sector,28406.0,441100.0,19.8,36,16348.0,11,299320.0,2024-07-15,0.5755,850,1,18.6,0,0,0.0,Defaulted,308,3,Letter Sent,234738.0,1
TCU-00380,Maun,LO004,Agriculture Loan,49,Farmer,9220.0,144700.0,9.17,72,2621.0,10,106790.0,2024-08-17,0.2843,769,3,16.2,0,1,198094.0,Current,0,0,None,0.0,0
TCU-00381,Selebi-Phikwe,LO003,Business Loan,36,Student,2189.0,8000.0,18.19,12,734.0,1,6708.0,2025-05-06,0.3353,755,3,25.3,0,1,19440.0,Current,0,0,None,0.0,0
TCU-00382,Lobatse,LO020,Vehicle Loan,37,Government Employee,20990.0,291600.0,9.83,12,25613.0,12,0.0,2024-02-04,1.2202,850,3,21.0,1,1,631039.0,Defaulted,311,4,SMS Sent,0.0,1
TCU-00383,Maun,LO013,Vehicle Loan,57,Government Employee,9629.0,91500.0,17.79,72,2076.0,17,64165.0,2024-01-11,0.2156,704,1,3.5,0,0,0.0,Current,0,0,None,0.0,0
TCU-00384,Gaborone Main,LO020,Agriculture Loan,28,Government Employee,9148.0,75600.0,17.38,72,1698.0,9,59754.0,2024-09-19,0.1856,717,1,18.8,0,1,66144.0,Current,0,0,None,0.0,0
TCU-00385,Maun,LO019,Education Loan,63,Self-Employed,31918.0,157800.0,13.81,36,5379.0,17,77258.0,2024-01-09,0.1685,850,0,24.7,0,1,218472.0,Current,0,0,None,0.0,0
TCU-00386,Francistown,LO016,Agriculture Loan,26,Self-Employed,28906.0,347700.0,21.71,60,9546.0,6,294910.0,2024-12-09,0.3302,850,1,5.3,0,0,0.0,Early (1–29 days),8,1,None,0.0,0
TCU-00387,Selebi-Phikwe,LO020,Business Loan,66,Private Sector,11736.0,430000.0,13.64,72,8778.0,5,352441.0,2025-01-19,0.748,850,0,2.7,0,1,556411.0,Current,0,0,None,0.0,0
TCU-00388,Francistown,LO007,Home Loan,24,Government Employee,10960.0,347100.0,13.77,60,8035.0,9,258681.0,2024-09-08,0.7331,850,0,25.4,2,1,677424.0,Current,0,0,None,0.0,0
TCU-00389,Selebi-Phikwe,LO008,Home Loan,35,Self-Employed,33142.0,470900.0,23.65,60,13451.0,3,439194.0,2025-03-20,0.4059,850,3,23.9,0,1,676323.0,Current,0,0,None,0.0,0
TCU-00390,Lobatse,LO007,Education Loan,24,Pensioner,5765.0,28500.0,18.26,36,1034.0,13,17803.0,2024-05-09,0.1794,675,4,26.6,0,1,45604.0,Current,0,0,None,0.0,0
TCU-00391,Maun,LO016,Education Loan,63,Pensioner,6786.0,63000.0,19.26,72,1482.0,1,57221.0,2025-05-21,0.2184,675,2,19.7,0,0,0.0,Current,0,0,None,0.0,0
TCU-00392,Lobatse,LO006,Home Loan,49,Farmer,6054.0,69700.0,13.07,60,1588.0,6,55486.0,2024-12-26,0.2623,672,0,15.6,0,1,107008.0,Current,0,0,None,0.0,0
TCU-00393,Selebi-Phikwe,LO008,Home Loan,23,Private Sector,21489.0,45800.0,21.56,60,1254.0,15,33247.0,2024-03-21,0.0584,841,0,1.6,0,1,62275.0,Current,0,0,None,0.0,0
TCU-00394,Lobatse,LO005,Agriculture Loan,39,Private Sector,23756.0,9200.0,13.14,84,168.0,6,8265.0,2024-12-20,0.0071,850,1,12.5,0,0,0.0,Current,0,0,None,0.0,0
TCU-00395,Francistown,LO008,Agriculture Loan,31,Farmer,11990.0,182300.0,20.68,84,4123.0,2,170552.0,2025-04-24,0.3439,634,0,6.0,1,0,0.0,Current,0,0,None,0.0,0
TCU-00396,Lobatse,LO005,Home Loan,45,Private Sector,28640.0,287600.0,21.43,36,10899.0,10,189614.0,2024-08-18,0.3806,850,1,12.4,1,1,389507.0,Defaulted,106,5,Letter Sent,88960.0,1
TCU-00397,Lobatse,LO020,Education Loan,58,Student,4534.0,47800.0,14.55,60,1126.0,5,38482.0,2025-01-30,0.2483,777,1,26.9,0,1,83169.0,Current,0,0,None,0.0,0
TCU-00398,Gaborone Main,LO013,Home Loan,33,Private Sector,10941.0,131400.0,15.55,36,4590.0,17,60735.0,2024-01-12,0.4195,780,3,12.6,0,1,224953.0,Current,0,0,None,0.0,0
TCU-00399,Francistown,LO010,Vehicle Loan,35,Private Sector,25630.0,83600.0,17.41,36,2998.0,11,53723.0,2024-07-26,0.117,850,0,4.7,0,1,181651.0,Current,0,0,None,0.0,0
TCU-00400,Lobatse,LO002,Agriculture Loan,51,Farmer,4093.0,133000.0,13.88,84,2484.0,8,109343.0,2024-10-31,0.6069,654,2,25.6,0,1,246070.0,Current,0,0,None,0.0,0
TCU-00401,Gaborone Main,LO013,Agriculture Loan,66,Pensioner,9674.0,174400.0,12.74,72,3477.0,8,147271.0,2024-10-25,0.3594,850,3,27.3,0,0,0.0,Current,0,0,None,0.0,0
TCU-00402,Selebi-Phikwe,LO015,Business Loan,54,Self-Employed,13100.0,185600.0,9.63,72,3404.0,2,163694.0,2025-04-17,0.2598,834,2,25.7,0,1,184665.0,Current,0,0,None,0.0,0
TCU-00403,Gaborone Main,LO003,Education Loan,53,Farmer,10884.0,182400.0,15.8,36,6395.0,12,106472.0,2024-06-14,0.5876,798,0,16.3,0,1,382694.0,Current,0,0,None,0.0,0
TCU-00404,Gaborone Main,LO018,Business Loan,35,Student,3047.0,28400.0,16.6,72,625.0,14,20787.0,2024-04-15,0.2051,659,0,2.0,0,0,0.0,Current,0,0,None,0.0,0
TCU-00405,Gaborone Main,LO001,Vehicle Loan,37,Private Sector,6671.0,69500.0,19.04,12,6406.0,10,11512.0,2024-08-13,0.9603,790,1,21.9,0,1,151966.0,Current,0,0,None,0.0,0
TCU-00406,Selebi-Phikwe,LO004,Business Loan,56,Farmer,5565.0,28100.0,14.73,36,970.0,17,13472.0,2024-01-13,0.1743,788,1,2.4,1,0,0.0,Late (30–89 days),43,2,Legal Notice,2363.0,1
TCU-00407,Lobatse,LO019,Business Loan,53,Government Employee,12283.0,64800.0,18.28,48,1913.0,13,42516.0,2024-05-16,0.1557,702,0,25.6,0,1,118876.0,Current,0,0,None,0.0,0
TCU-00408,Lobatse,LO001,Business Loan,36,Pensioner,4127.0,24500.0,12.16,48,647.0,9,18771.0,2024-09-06,0.1568,575,0,11.5,0,1,28113.0,Current,0,0,None,0.0,0
TCU-00409,Maun,LO005,Home Loan,50,Student,2611.0,9000.0,20.77,48,278.0,8,7219.0,2024-10-22,0.1065,694,0,6.6,0,0,0.0,Current,0,0,None,0.0,0
TCU-00410,Selebi-Phikwe,LO017,Home Loan,36,Pensioner,5101.0,16100.0,16.12,24,789.0,16,5072.0,2024-02-23,0.1547,775,0,6.5,0,0,0.0,Current,0,0,None,0.0,0
TCU-00411,Selebi-Phikwe,LO010,Business Loan,27,Farmer,11660.0,46900.0,12.36,36,1566.0,2,44080.0,2025-04-04,0.1343,762,1,28.6,0,1,75050.0,Current,0,0,None,0.0,0
TCU-00412,Gaborone Main,LO013,Vehicle Loan,31,Farmer,13249.0,461200.0,17.73,24,22965.0,12,204910.0,2024-06-28,1.7333,850,1,13.9,0,0,0.0,Defaulted,159,10,Called,100011.0,1
TCU-00413,Lobatse,LO012,Vehicle Loan,22,Government Employee,14877.0,161400.0,20.0,48,4911.0,1,141629.0,2025-05-16,0.3301,771,3,29.8,0,0,0.0,Current,0,0,None,0.0,0
TCU-00414,Lobatse,LO016,Agriculture Loan,68,Self-Employed,28786.0,327200.0,22.86,72,8389.0,9,253763.0,2024-09-09,0.2914,850,0,24.5,0,0,0.0,Current,0,0,None,0.0,0
TCU-00415,Francistown,LO009,Business Loan,51,Student,3608.0,141300.0,8.69,84,2251.0,15,109877.0,2024-04-04,0.6239,746,1,27.1,0,1,214636.0,Current,0,0,None,0.0,0
TCU-00416,Selebi-Phikwe,LO019,Home Loan,56,Student,4069.0,147400.0,21.98,12,13794.0,6,71646.0,2024-12-18,3.39,678,0,6.7,1,0,0.0,Defaulted,176,10,SMS Sent,28709.0,1
TCU-00417,Lobatse,LO014,Agriculture Loan,66,Farmer,6460.0,35500.0,11.39,24,1661.0,11,17748.0,2024-07-21,0.2571,723,1,6.8,0,0,0.0,Current,0,0,None,0.0,0
TCU-00418,Lobatse,LO004,Agriculture Loan,48,Farmer,4994.0,45700.0,12.79,36,1535.0,17,22620.0,2024-01-31,0.3074,701,1,20.3,0,1,94967.0,Defaulted,111,4,SMS Sent,11196.0,1
TCU-00419,Lobatse,LO009,Vehicle Loan,46,Pensioner,6839.0,73700.0,14.25,36,2528.0,7,57738.0,2024-11-18,0.3696,799,0,2.2,0,1,71511.0,Current,0,0,None,0.0,0
TCU-00420,Lobatse,LO004,Education Loan,30,Government Employee,12751.0,387300.0,14.21,60,9054.0,2,347148.0,2025-05-01,0.7101,711,1,0.6,0,0,0.0,Current,0,0,None,0.0,0
TCU-00421,Selebi-Phikwe,LO008,Education Loan,42,Student,3196.0,99000.0,13.9,48,2700.0,14,67330.0,2024-04-12,0.8448,661,0,15.8,0,0,0.0,Late (30–89 days),80,1,None,11805.0,1
TCU-00422,Francistown,LO015,Personal Loan,57,Farmer,8786.0,71100.0,11.14,72,1358.0,15,48735.0,2024-04-01,0.1546,795,4,1.4,2,1,103232.0,Current,0,0,None,0.0,0
TCU-00423,Francistown,LO018,Agriculture Loan,64,Government Employee,20332.0,216100.0,22.02,60,5971.0,16,150011.0,2024-03-07,0.2937,819,2,11.8,0,0,0.0,Current,0,0,None,0.0,0
TCU-00424,Gaborone Main,LO004,Personal Loan,29,Self-Employed,16249.0,98100.0,23.1,60,2771.0,5,78155.0,2025-01-11,0.1705,843,0,11.7,1,1,176884.0,Current,0,0,None,0.0,0
TCU-00425,Francistown,LO017,Agriculture Loan,45,Student,3606.0,31500.0,16.84,48,906.0,7,23454.0,2024-11-19,0.2512,789,1,13.9,0,1,60830.0,Current,0,0,None,0.0,0
TCU-00426,Gaborone Main,LO009,Agriculture Loan,41,Pensioner,7444.0,59700.0,13.02,48,1602.0,16,39687.0,2024-03-01,0.2152,672,0,24.9,0,0,0.0,Early (1–29 days),28,1,None,0.0,0
TCU-00427,Selebi-Phikwe,LO010,Agriculture Loan,33,Farmer,13949.0,10200.0,14.58,48,282.0,2,9761.0,2025-04-29,0.0202,764,1,8.8,0,1,23007.0,Current,0,0,None,0.0,0
TCU-00428,Maun,LO015,Agriculture Loan,59,Government Employee,10783.0,128700.0,13.01,24,6119.0,11,61537.0,2024-08-02,0.5675,722,2,22.2,0,0,0.0,Current,0,0,None,0.0,0
TCU-00429,Selebi-Phikwe,LO006,Personal Loan,31,Farmer,4153.0,39200.0,9.31,60,820.0,6,33128.0,2024-12-12,0.1974,742,1,1.5,0,1,77207.0,Current,0,0,None,0.0,0
TCU-00430,Gaborone Main,LO015,Agriculture Loan,66,Student,2837.0,46700.0,8.68,12,4077.0,12,0.0,2024-03-25,1.4371,700,1,27.3,0,0,0.0,Late (30–89 days),74,1,Called,0.0,1
TCU-00431,Selebi-Phikwe,LO010,Education Loan,46,Farmer,4503.0,77600.0,21.86,60,2137.0,11,57720.0,2024-07-08,0.4746,674,2,23.6,0,1,172516.0,Current,0,0,None,0.0,0
TCU-00432,Gaborone Main,LO006,Education Loan,35,Student,3933.0,24200.0,13.37,12,2166.0,12,0.0,2024-05-11,0.5507,608,1,3.1,0,0,0.0,Defaulted,153,11,Legal Notice,0.0,1
TCU-00433,Gaborone Main,LO008,Home Loan,32,Farmer,3554.0,148500.0,13.05,60,3383.0,3,122873.0,2025-03-31,0.9519,603,3,29.9,0,1,292468.0,Late (30–89 days),32,1,Called,16639.0,1
TCU-00434,Lobatse,LO007,Education Loan,30,Pensioner,6154.0,65600.0,9.65,36,2106.0,9,44638.0,2024-09-23,0.3422,680,3,12.3,0,1,99914.0,Early (1–29 days),24,1,None,0.0,0
TCU-00435,Francistown,LO012,Education Loan,39,Student,3801.0,97500.0,15.01,24,4728.0,7,68984.0,2024-11-19,1.2439,659,1,2.8,0,1,168892.0,Defaulted,135,8,Letter Sent,55819.0,1
TCU-00436,Maun,LO001,Personal Loan,31,Private Sector,15052.0,192400.0,10.13,12,16927.0,12,0.0,2024-06-28,1.1246,774,3,17.9,1,1,268038.0,Late (30–89 days),47,1,Called,0.0,1
TCU-00437,Francistown,LO012,Agriculture Loan,42,Farmer,11134.0,250400.0,22.17,48,7912.0,1,230190.0,2025-05-03,0.7106,746,2,19.9,0,0,0.0,Current,0,0,None,0.0,0
TCU-00438,Francistown,LO020,Vehicle Loan,45,Student,3974.0,72900.0,20.88,60,1967.0,8,56317.0,2024-10-20,0.495,776,1,28.3,2,0,0.0,Current,0,0,None,0.0,0
TCU-00439,Gaborone Main,LO003,Personal Loan,48,Self-Employed,30278.0,86700.0,9.39,72,1580.0,8,71913.0,2024-10-19,0.0522,832,4,13.0,0,0,0.0,Current,0,0,None,0.0,0
TCU-00440,Gaborone Main,LO013,Personal Loan,56,Student,3657.0,123500.0,19.57,72,2927.0,6,100374.0,2024-12-19,0.8004,710,2,28.6,1,0,0.0,Current,0,0,None,0.0,0
TCU-00441,Lobatse,LO008,Business Loan,32,Student,1763.0,40700.0,23.26,48,1310.0,1,36140.0,2025-05-22,0.7431,617,3,7.9,0,0,0.0,Defaulted,243,10,Called,19230.0,1
TCU-00442,Lobatse,LO013,Business Loan,22,Student,4731.0,206400.0,16.49,12,18775.0,2,169226.0,2025-04-19,3.9685,668,2,2.2,0,1,269805.0,Defaulted,269,5,SMS Sent,98309.0,1
TCU-00443,Selebi-Phikwe,LO007,Personal Loan,28,Farmer,9349.0,173200.0,22.65,12,16265.0,12,0.0,2024-06-08,1.7398,705,0,11.3,2,1,217906.0,Late (30–89 days),58,1,None,0.0,1
TCU-00444,Maun,LO007,Personal Loan,49,Government Employee,11223.0,62600.0,20.03,12,5800.0,12,0.0,2024-06-13,0.5168,833,3,28.8,3,1,102127.0,Current,0,0,None,0.0,0
TCU-00445,Selebi-Phikwe,LO005,Personal Loan,47,Pensioner,9746.0,54200.0,13.83,12,4862.0,10,7749.0,2024-08-30,0.4989,778,1,0.7,0,1,50972.0,Current,0,0,None,0.0,0
TCU-00446,Maun,LO004,Home Loan,33,Private Sector,29862.0,411200.0,11.58,72,7950.0,14,316395.0,2024-04-15,0.2662,850,1,5.8,3,0,0.0,Late (30–89 days),38,2,Called,34674.0,1
TCU-00447,Gaborone Main,LO020,Business Loan,31,Farmer,4091.0,26000.0,13.25,72,525.0,10,19775.0,2024-08-24,0.1283,639,1,2.0,0,1,62481.0,Current,0,0,None,0.0,0
TCU-00448,Gaborone Main,LO002,Agriculture Loan,33,Government Employee,20661.0,194100.0,22.58,12,18221.0,3,127775.0,2025-03-17,0.8819,838,3,11.2,0,1,159788.0,Current,0,0,None,0.0,0
TCU-00449,Lobatse,LO017,Education Loan,45,Student,2801.0,24800.0,14.45,12,2232.0,12,0.0,2024-05-13,0.7969,660,4,26.6,1,1,38634.0,Defaulted,265,7,Called,0.0,1
TCU-00450,Francistown,LO002,Business Loan,56,Student,2171.0,21200.0,22.09,84,498.0,6,19375.0,2024-12-21,0.2294,679,1,21.7,2,1,32061.0,Early (1–29 days),20,1,None,0.0,0
TCU-00451,Francistown,LO010,Personal Loan,39,Student,4845.0,67000.0,11.45,84,1163.0,4,58976.0,2025-02-11,0.24,611,0,13.4,0,0,0.0,Current,0,0,None,0.0,0
TCU-00452,Lobatse,LO007,Education Loan,22,Private Sector,22721.0,396400.0,15.56,72,8503.0,9,310608.0,2024-09-22,0.3742,812,0,21.4,0,1,347857.0,Current,0,0,None,0.0,0
TCU-00453,Maun,LO002,Agriculture Loan,39,Private Sector,29521.0,108900.0,10.3,72,2034.0,6,94325.0,2024-12-21,0.0689,850,3,26.6,0,1,253429.0,Current,0,0,None,0.0,0
TCU-00454,Francistown,LO009,Business Loan,22,Self-Employed,13216.0,110800.0,21.95,84,2592.0,14,88491.0,2024-04-18,0.1961,722,1,28.4,0,0,0.0,Current,0,0,None,0.0,0
TCU-00455,Francistown,LO019,Agriculture Loan,42,Self-Employed,33078.0,82000.0,12.09,72,1607.0,3,71141.0,2025-03-20,0.0486,850,0,6.0,1,1,133978.0,Early (1–29 days),6,1,None,0.0,0
TCU-00456,Lobatse,LO007,Personal Loan,33,Farmer,4722.0,61500.0,18.5,48,1823.0,14,41761.0,2024-04-12,0.3861,653,0,22.6,0,1,89346.0,Late (30–89 days),83,1,SMS Sent,5556.0,1
TCU-00457,Lobatse,LO001,Personal Loan,39,Private Sector,28983.0,339000.0,13.75,72,6940.0,15,236263.0,2024-03-28,0.2395,847,1,5.3,0,1,303401.0,Current,0,0,None,0.0,0
TCU-00458,Lobatse,LO010,Personal Loan,24,Government Employee,16696.0,75200.0,22.64,12,7061.0,10,11456.0,2024-08-20,0.4229,780,0,19.8,0,0,0.0,Current,0,0,None,0.0,0
TCU-00459,Francistown,LO004,Business Loan,29,Farmer,4221.0,73200.0,18.04,12,6712.0,5,42209.0,2025-01-04,1.5901,767,1,5.8,0,0,0.0,Late (30–89 days),72,2,Letter Sent,10814.0,1
TCU-00460,Maun,LO016,Agriculture Loan,44,Government Employee,14275.0,279500.0,20.88,84,6356.0,18,215052.0,2024-01-03,0.4453,725,4,23.4,0,1,435847.0,Current,0,0,None,0.0,0
TCU-00461,Selebi-Phikwe,LO009,Business Loan,29,Pensioner,4543.0,43600.0,14.47,36,1500.0,1,38725.0,2025-05-21,0.3302,637,2,10.3,1,0,0.0,Current,0,0,None,0.0,0
TCU-00462,Lobatse,LO018,Business Loan,56,Farmer,7616.0,108600.0,17.46,72,2444.0,10,89352.0,2024-08-12,0.3209,686,0,0.6,3,1,189967.0,Early (1–29 days),12,1,None,0.0,0
TCU-00463,Maun,LO015,Business Loan,45,Private Sector,26046.0,466000.0,15.03,24,22601.0,10,233336.0,2024-08-17,0.8677,850,2,11.6,0,0,0.0,Current,0,0,None,0.0,0
TCU-00464,Lobatse,LO006,Personal Loan,26,Farmer,4763.0,23700.0,8.69,84,378.0,4,19693.0,2025-03-02,0.0794,772,0,22.4,1,0,0.0,Current,0,0,None,0.0,0
TCU-00465,Gaborone Main,LO010,Personal Loan,63,Student,2046.0,7700.0,20.14,60,205.0,12,5246.0,2024-06-13,0.1002,747,3,16.8,1,0,0.0,Current,0,0,None,0.0,0
TCU-00466,Gaborone Main,LO017,Vehicle Loan,32,Self-Employed,39205.0,109900.0,18.1,24,5492.0,4,80369.0,2025-02-05,0.1401,850,2,17.0,1,0,0.0,Current,0,0,None,0.0,0
TCU-00467,Gaborone Main,LO012,Agriculture Loan,46,Private Sector,16181.0,41200.0,14.12,84,775.0,6,32680.0,2024-12-09,0.0479,794,0,18.1,1,1,71600.0,Current,0,0,None,0.0,0
TCU-00468,Gaborone Main,LO019,Vehicle Loan,58,Pensioner,4274.0,94300.0,8.63,36,2983.0,8,72891.0,2024-10-16,0.6979,788,1,9.8,0,1,96203.0,Current,0,0,None,0.0,0
TCU-00469,Lobatse,LO005,Personal Loan,54,Government Employee,17982.0,273600.0,21.71,36,10408.0,12,159186.0,2024-06-14,0.5788,722,0,21.7,2,0,0.0,Current,0,0,None,0.0,0
TCU-00470,Lobatse,LO017,Home Loan,54,Pensioner,6685.0,36100.0,18.16,48,1063.0,16,23672.0,2024-02-10,0.159,759,2,11.9,0,0,0.0,Current,0,0,None,0.0,0
TCU-00471,Gaborone Main,LO005,Home Loan,53,Government Employee,17301.0,391800.0,9.85,12,34418.0,2,292889.0,2025-04-10,1.9894,850,0,11.2,0,1,827599.0,Defaulted,332,7,Home Visit,217738.0,1
TCU-00472,Gaborone Main,LO019,Vehicle Loan,63,Private Sector,6950.0,122600.0,21.78,72,3064.0,13,92037.0,2024-05-12,0.4409,737,1,18.9,0,1,184198.0,Current,0,0,None,0.0,0
TCU-00473,Gaborone Main,LO008,Agriculture Loan,24,Pensioner,8927.0,94300.0,13.01,24,4484.0,4,76860.0,2025-02-12,0.5023,713,1,10.8,0,1,206620.0,Current,0,0,None,0.0,0
TCU-00474,Francistown,LO013,Home Loan,47,Farmer,3774.0,57500.0,11.8,72,1118.0,1,49169.0,2025-05-02,0.2962,808,1,16.6,2,1,66867.0,Current,0,0,None,0.0,0
TCU-00475,Selebi-Phikwe,LO016,Business Loan,25,Self-Employed,5947.0,245300.0,19.1,36,9004.0,9,173921.0,2024-09-15,1.514,685,1,9.3,1,0,0.0,Late (30–89 days),46,1,SMS Sent,53505.0,1
TCU-00476,Maun,LO006,Business Loan,49,Self-Employed,16574.0,216100.0,19.18,24,10912.0,3,170785.0,2025-03-23,0.6584,831,1,12.0,0,0,0.0,Late (30–89 days),72,1,None,30901.0,1
TCU-00477,Gaborone Main,LO005,Vehicle Loan,68,Self-Employed,37617.0,161600.0,20.78,72,3944.0,4,135745.0,2025-02-20,0.1048,850,3,25.8,0,0,0.0,Late (30–89 days),77,1,Legal Notice,27834.0,1
TCU-00478,Selebi-Phikwe,LO007,Home Loan,32,Pensioner,5259.0,69100.0,23.3,36,2686.0,5,50722.0,2025-01-07,0.5107,496,3,15.3,1,0,0.0,Current,0,0,None,0.0,0
TCU-00479,Selebi-Phikwe,LO017,Home Loan,44,Pensioner,4680.0,39600.0,11.24,60,866.0,12,29507.0,2024-06-15,0.185,605,1,13.4,0,0,0.0,Current,0,0,None,0.0,0
TCU-00480,Gaborone Main,LO020,Vehicle Loan,28,Government Employee,9762.0,239400.0,16.94,72,5318.0,3,212334.0,2025-03-30,0.5448,788,2,20.2,1,1,507695.0,Late (30–89 days),84,2,Letter Sent,71692.0,1
TCU-00481,Selebi-Phikwe,LO001,Home Loan,51,Farmer,12386.0,104000.0,18.71,36,3797.0,4,87914.0,2025-02-28,0.3066,850,0,1.3,1,0,0.0,Current,0,0,None,0.0,0
TCU-00482,Selebi-Phikwe,LO008,Education Loan,32,Pensioner,9841.0,121900.0,21.34,84,2806.0,3,102187.0,2025-03-15,0.2851,721,1,29.3,0,0,0.0,Current,0,0,None,0.0,0
TCU-00483,Gaborone Main,LO019,Vehicle Loan,30,Pensioner,9058.0,85200.0,17.07,36,3041.0,11,51119.0,2024-07-27,0.3357,715,2,5.0,0,1,209002.0,Late (30–89 days),76,1,None,17680.0,1
TCU-00484,Francistown,LO008,Agriculture Loan,62,Self-Employed,36325.0,270000.0,12.3,84,4810.0,5,245183.0,2025-01-22,0.1324,850,1,8.6,2,0,0.0,Current,0,0,None,0.0,0
TCU-00485,Gaborone Main,LO004,Business Loan,51,Pensioner,5695.0,27900.0,16.16,36,983.0,11,17605.0,2024-07-31,0.1726,702,0,28.8,0,0,0.0,Current,0,0,None,0.0,0
TCU-00486,Maun,LO001,Business Loan,32,Private Sector,21832.0,428100.0,10.32,36,13878.0,6,329133.0,2024-12-21,0.6357,839,1,16.6,0,0,0.0,Early (1–29 days),1,1,None,0.0,0
TCU-00487,Francistown,LO007,Home Loan,55,Pensioner,4689.0,33800.0,11.91,72,659.0,13,24654.0,2024-05-09,0.1405,565,0,16.8,0,0,0.0,Current,0,0,None,0.0,0
TCU-00488,Francistown,LO007,Agriculture Loan,34,Self-Employed,34457.0,481100.0,10.09,84,8009.0,7,385815.0,2024-11-15,0.2324,850,0,21.8,0,1,872600.0,Current,0,0,None,0.0,0
TCU-00489,Francistown,LO019,Home Loan,46,Farmer,7488.0,21400.0,11.09,12,1892.0,9,5018.0,2024-09-16,0.2527,692,1,29.0,0,1,23665.0,Current,0,0,None,0.0,0
TCU-00490,Maun,LO012,Business Loan,26,Private Sector,24708.0,132500.0,8.67,36,4193.0,10,88020.0,2024-08-06,0.1697,850,2,27.0,0,1,241556.0,Current,0,0,None,0.0,0
TCU-00491,Gaborone Main,LO019,Agriculture Loan,60,Student,2976.0,40500.0,13.46,24,1934.0,16,13101.0,2024-02-20,0.6499,523,1,4.2,0,1,58760.0,Late (30–89 days),71,1,Letter Sent,4296.0,1
TCU-00492,Gaborone Main,LO018,Education Loan,30,Farmer,3469.0,13100.0,9.97,84,217.0,4,11958.0,2025-03-01,0.0626,652,0,22.7,0,0,0.0,Current,0,0,None,0.0,0
TCU-00493,Selebi-Phikwe,LO004,Home Loan,66,Farmer,14252.0,54000.0,21.29,24,2783.0,14,22478.0,2024-04-17,0.1953,850,0,3.1,1,0,0.0,Early (1–29 days),23,1,None,0.0,0
TCU-00494,Gaborone Main,LO004,Personal Loan,25,Self-Employed,38097.0,168000.0,18.0,84,3531.0,5,140697.0,2025-01-23,0.0927,850,0,4.6,0,1,380557.0,Current,0,0,None,0.0,0
TCU-00495,Selebi-Phikwe,LO004,Education Loan,48,Student,3347.0,74300.0,23.63,36,2901.0,1,63848.0,2025-05-09,0.8667,681,0,17.0,1,0,0.0,Late (30–89 days),34,1,SMS Sent,21896.0,1
TCU-00496,Francistown,LO015,Vehicle Loan,35,Government Employee,11195.0,40800.0,17.65,60,1028.0,7,34745.0,2024-11-16,0.0918,788,0,13.9,0,1,96044.0,Current,0,0,None,0.0,0
TCU-00497,Francistown,LO013,Business Loan,61,Pensioner,4412.0,84000.0,23.25,60,2380.0,14,56163.0,2024-04-14,0.5394,792,0,26.9,0,1,161717.0,Current,0,0,None,0.0,0
TCU-00498,Selebi-Phikwe,LO007,Business Loan,27,Self-Employed,18289.0,170200.0,15.34,36,5928.0,14,89176.0,2024-04-10,0.3241,723,0,27.9,0,1,187270.0,Current,0,0,None,0.0,0
TCU-00499,Gaborone Main,LO008,Personal Loan,28,Student,2269.0,5900.0,12.63,12,526.0,12,0.0,2024-04-13,0.2318,703,1,12.1,0,0,0.0,Current,0,0,None,0.0,0
TCU-00500,Maun,LO020,Home Loan,35,Self-Employed,30420.0,238100.0,19.36,48,7165.0,7,198879.0,2024-11-08,0.2355,850,1,5.5,0,1,324927.0,Current,0,0,None,0.0,0
TCU-00501,Gaborone Main,LO006,Home Loan,49,Self-Employed,35725.0,381300.0,8.65,36,12063.0,2,337600.0,2025-04-30,0.3377,850,0,24.7,0,0,0.0,Current,0,0,None,0.0,0
TCU-00502,Gaborone Main,LO010,Agriculture Loan,31,Government Employee,13707.0,145900.0,16.96,72,3242.0,1,127764.0,2025-05-13,0.2365,758,1,24.9,0,1,245158.0,Current,0,0,None,0.0,0
TCU-00503,Maun,LO017,Agriculture Loan,52,Government Employee,18877.0,137100.0,11.91,24,6448.0,6,95080.0,2024-12-31,0.3416,850,4,11.1,1,1,332219.0,Current,0,0,None,0.0,0
TCU-00504,Selebi-Phikwe,LO017,Business Loan,65,Pensioner,5592.0,181500.0,14.56,48,5011.0,8,135580.0,2024-10-09,0.8961,840,0,15.8,0,0,0.0,Current,0,0,None,0.0,0
TCU-00505,Gaborone Main,LO001,Vehicle Loan,44,Self-Employed,37380.0,342100.0,16.61,36,12131.0,12,204244.0,2024-06-15,0.3245,850,0,1.7,0,0,0.0,Current,0,0,None,0.0,0
TCU-00506,Gaborone Main,LO009,Business Loan,64,Government Employee,13954.0,266800.0,18.81,84,5735.0,12,227097.0,2024-06-07,0.411,850,2,4.7,1,1,629926.0,Late (30–89 days),89,2,None,36831.0,1
TCU-00507,Selebi-Phikwe,LO013,Personal Loan,62,Farmer,13716.0,300500.0,11.19,48,7794.0,7,249145.0,2024-11-26,0.5682,850,0,12.8,0,1,392293.0,Current,0,0,None,0.0,0
TCU-00508,Francistown,LO017,Vehicle Loan,49,Government Employee,19800.0,344200.0,14.04,36,11771.0,3,290270.0,2025-03-13,0.5945,850,4,14.1,2,1,724028.0,Defaulted,161,12,Called,234562.0,1
TCU-00509,Maun,LO005,Education Loan,59,Pensioner,7260.0,72500.0,20.21,48,2214.0,13,48130.0,2024-05-08,0.305,850,3,14.1,0,1,160284.0,Current,0,0,None,0.0,0
TCU-00510,Selebi-Phikwe,LO011,Personal Loan,40,Pensioner,4729.0,82300.0,19.61,72,1953.0,11,64667.0,2024-07-28,0.413,687,1,29.0,0,0,0.0,Current,0,0,None,0.0,0
TCU-00511,Selebi-Phikwe,LO020,Agriculture Loan,68,Government Employee,11412.0,29400.0,22.14,60,814.0,14,19995.0,2024-04-09,0.0713,816,1,12.0,2,1,47696.0,Current,0,0,None,0.0,0
TCU-00512,Selebi-Phikwe,LO020,Personal Loan,38,Pensioner,6594.0,46600.0,21.19,72,1149.0,10,35137.0,2024-09-03,0.1742,706,2,16.6,0,1,90162.0,Current,0,0,None,0.0,0
TCU-00513,Gaborone Main,LO015,Vehicle Loan,47,Farmer,12762.0,66300.0,10.36,48,1693.0,17,40125.0,2024-01-12,0.1327,850,1,13.6,2,1,68741.0,Early (1–29 days),6,1,None,0.0,0
TCU-00514,Lobatse,LO007,Home Loan,44,Pensioner,9415.0,151700.0,11.2,24,7085.0,6,107903.0,2024-12-26,0.7525,756,1,14.1,1,1,323794.0,Early (1–29 days),27,1,None,0.0,0
TCU-00515,Selebi-Phikwe,LO016,Education Loan,63,Farmer,10908.0,331500.0,20.52,60,8879.0,9,244979.0,2024-09-22,0.814,723,0,18.7,0,1,745362.0,Late (30–89 days),36,2,Home Visit,81715.0,1
TCU-00516,Francistown,LO004,Business Loan,42,Private Sector,23476.0,486800.0,22.8,12,45749.0,9,105535.0,2024-09-13,1.9488,850,2,2.7,1,0,0.0,Current,0,0,None,0.0,0
TCU-00517,Selebi-Phikwe,LO005,Agriculture Loan,66,Farmer,9885.0,51600.0,15.28,36,1796.0,10,32801.0,2024-08-18,0.1817,844,2,6.2,0,0,0.0,Current,0,0,None,0.0,0
TCU-00518,Selebi-Phikwe,LO019,Education Loan,22,Self-Employed,35122.0,342800.0,23.35,72,8890.0,1,296974.0,2025-05-23,0.2531,850,0,24.9,0,1,798582.0,Current,0,0,None,0.0,0
TCU-00519,Gaborone Main,LO019,Personal Loan,62,Farmer,4526.0,18500.0,16.23,12,1681.0,6,7894.0,2024-12-04,0.3714,746,2,12.0,0,0,0.0,Current,0,0,None,0.0,0
TCU-00520,Lobatse,LO017,Home Loan,37,Pensioner,6395.0,64100.0,10.22,48,1633.0,9,49372.0,2024-09-26,0.2554,649,0,12.9,0,0,0.0,Current,0,0,None,0.0,0
TCU-00521,Gaborone Main,LO008,Vehicle Loan,43,Student,1755.0,73700.0,19.4,84,1610.0,17,53016.0,2024-02-06,0.9174,715,2,27.9,2,1,75181.0,Late (30–89 days),61,1,Home Visit,13921.0,1
TCU-00522,Francistown,LO001,Personal Loan,52,Self-Employed,4949.0,43000.0,17.93,48,1262.0,17,25907.0,2024-01-19,0.255,736,0,23.1,0,1,65602.0,Current,0,0,None,0.0,0
TCU-00523,Francistown,LO011,Vehicle Loan,45,Self-Employed,37050.0,50500.0,8.66,48,1249.0,16,33621.0,2024-02-16,0.0337,850,2,2.8,0,1,44153.0,Current,0,0,None,0.0,0
TCU-00524,Lobatse,LO013,Vehicle Loan,40,Private Sector,21782.0,42800.0,23.04,24,2242.0,1,39203.0,2025-05-21,0.1029,850,2,27.0,1,1,56266.0,Current,0,0,None,0.0,0
TCU-00525,Maun,LO011,Agriculture Loan,37,Pensioner,7249.0,42900.0,14.87,60,1018.0,1,37628.0,2025-05-12,0.1404,711,4,7.3,1,1,61478.0,Late (30–89 days),45,2,Home Visit,9876.0,1
TCU-00526,Selebi-Phikwe,LO002,Home Loan,29,Government Employee,12725.0,272800.0,9.81,36,8778.0,5,217129.0,2025-01-28,0.6898,772,3,11.8,0,1,303770.0,Late (30–89 days),49,1,Letter Sent,51109.0,1
TCU-00527,Maun,LO009,Education Loan,23,Pensioner,5299.0,51300.0,18.13,84,1082.0,3,47855.0,2025-03-13,0.2042,745,2,16.8,2,0,0.0,Current,0,0,None,0.0,0
TCU-00528,Lobatse,LO017,Home Loan,49,Pensioner,4975.0,96700.0,22.83,24,5056.0,17,25161.0,2024-01-16,1.0163,660,1,8.6,3,0,0.0,Defaulted,292,3,Letter Sent,17034.0,1
TCU-00529,Maun,LO020,Personal Loan,39,Student,1935.0,23600.0,12.6,24,1118.0,3,18986.0,2025-03-30,0.5778,590,4,14.7,1,1,21230.0,Late (30–89 days),69,2,Home Visit,6423.0,1
TCU-00530,Maun,LO009,Vehicle Loan,33,Self-Employed,8580.0,48000.0,18.08,12,4402.0,10,6937.0,2024-08-26,0.5131,732,0,20.7,1,0,0.0,Defaulted,206,3,Letter Sent,5746.0,1
TCU-00531,Maun,LO018,Agriculture Loan,38,Government Employee,8760.0,24000.0,16.36,12,2182.0,12,0.0,2024-03-20,0.2491,693,2,12.8,0,0,0.0,Current,0,0,None,0.0,0
TCU-00532,Maun,LO016,Home Loan,43,Farmer,10463.0,13100.0,22.92,60,369.0,17,8130.0,2024-01-27,0.0353,798,0,9.7,1,0,0.0,Current,0,0,None,0.0,0
TCU-00533,Gaborone Main,LO005,Vehicle Loan,46,Pensioner,8576.0,290000.0,23.36,24,15240.0,1,277825.0,2025-05-30,1.7771,667,1,4.1,1,0,0.0,Late (30–89 days),63,2,Called,49796.0,1
TCU-00534,Francistown,LO011,Business Loan,58,Self-Employed,32764.0,119300.0,13.38,12,10677.0,10,18228.0,2024-09-03,0.3259,850,4,12.6,0,0,0.0,Current,0,0,None,0.0,0
TCU-00535,Selebi-Phikwe,LO008,Education Loan,36,Farmer,12934.0,463200.0,12.3,48,12266.0,13,317766.0,2024-05-21,0.9484,772,0,12.6,0,1,759713.0,Late (30–89 days),41,2,SMS Sent,33009.0,1
TCU-00536,Lobatse,LO016,Agriculture Loan,48,Self-Employed,7636.0,276500.0,8.87,24,12615.0,15,90193.0,2024-03-15,1.652,675,3,27.6,2,1,410309.0,Late (30–89 days),37,2,Letter Sent,29255.0,1
TCU-00537,Lobatse,LO004,Agriculture Loan,59,Pensioner,4271.0,61700.0,15.46,48,1732.0,2,56829.0,2025-04-05,0.4055,623,2,22.1,1,0,0.0,Current,0,0,None,0.0,0
TCU-00538,Lobatse,LO012,Agriculture Loan,22,Pensioner,7896.0,91700.0,16.38,60,2249.0,8,78815.0,2024-10-13,0.2848,718,0,9.3,0,0,0.0,Current,0,0,None,0.0,0
TCU-00539,Maun,LO013,Home Loan,49,Self-Employed,31263.0,25800.0,23.15,72,666.0,11,19991.0,2024-08-03,0.0213,850,0,10.7,0,1,41984.0,Current,0,0,None,0.0,0
TCU-00540,Gaborone Main,LO008,Agriculture Loan,38,Pensioner,5672.0,50600.0,16.38,24,2487.0,17,13869.0,2024-01-29,0.4385,810,0,26.8,0,1,82489.0,Current,0,0,None,0.0,0
TCU-00541,Selebi-Phikwe,LO017,Business Loan,58,Farmer,12972.0,36600.0,19.45,84,801.0,14,27958.0,2024-05-02,0.0617,759,3,29.8,1,1,51289.0,Defaulted,203,4,Legal Notice,15299.0,1
TCU-00542,Selebi-Phikwe,LO017,Agriculture Loan,43,Self-Employed,31974.0,160800.0,22.83,48,5139.0,14,112745.0,2024-04-12,0.1607,850,2,9.9,1,0,0.0,Late (30–89 days),70,1,Legal Notice,18206.0,1
TCU-00543,Francistown,LO009,Vehicle Loan,46,Private Sector,9634.0,293200.0,12.88,24,13923.0,15,109139.0,2024-03-31,1.4452,806,0,2.5,0,1,323340.0,Late (30–89 days),54,1,Home Visit,28314.0,1
TCU-00544,Francistown,LO010,Business Loan,55,Student,4563.0,83200.0,18.27,60,2125.0,6,69752.0,2024-12-31,0.4657,633,0,7.0,3,0,0.0,Late (30–89 days),58,2,Home Visit,11289.0,1
TCU-00545,Selebi-Phikwe,LO011,Agriculture Loan,29,Private Sector,8725.0,229600.0,20.49,48,7047.0,1,211363.0,2025-05-15,0.8077,695,0,6.8,1,1,403140.0,Current,0,0,None,0.0,0
TCU-00546,Selebi-Phikwe,LO009,Personal Loan,50,Farmer,6220.0,84100.0,21.19,36,3177.0,2,72396.0,2025-04-03,0.5108,704,1,5.4,0,0,0.0,Current,0,0,None,0.0,0
TCU-00547,Gaborone Main,LO001,Vehicle Loan,60,Pensioner,4542.0,155300.0,20.39,60,4148.0,16,107992.0,2024-03-05,0.9133,664,0,5.1,0,0,0.0,Current,0,0,None,0.0,0
TCU-00548,Francistown,LO018,Agriculture Loan,43,Farmer,5984.0,64000.0,20.2,60,1703.0,14,45398.0,2024-04-14,0.2846,695,2,1.7,0,1,119913.0,Late (30–89 days),77,1,Home Visit,13767.0,1
TCU-00549,Francistown,LO009,Personal Loan,63,Farmer,3918.0,84600.0,19.86,12,7831.0,12,0.0,2024-01-16,1.9987,591,0,17.9,0,0,0.0,Late (30–89 days),57,1,Home Visit,0.0,1
TCU-00550,Maun,LO019,Vehicle Loan,34,Government Employee,14402.0,91800.0,14.8,36,3173.0,1,79670.0,2025-05-09,0.2203,733,2,15.4,0,0,0.0,Current,0,0,None,0.0,0
TCU-00551,Selebi-Phikwe,LO008,Education Loan,67,Government Employee,24578.0,119900.0,14.23,60,2804.0,14,86998.0,2024-04-21,0.1141,850,4,3.3,0,0,0.0,Current,0,0,None,0.0,0
TCU-00552,Lobatse,LO019,Business Loan,61,Farmer,3707.0,48400.0,19.98,84,1074.0,13,34997.0,2024-06-03,0.2897,810,1,18.2,1,1,55935.0,Current,0,0,None,0.0,0
TCU-00553,Maun,LO015,Agriculture Loan,63,Private Sector,17592.0,371100.0,19.86,12,34352.0,3,265769.0,2025-03-11,1.9527,786,0,22.6,0,1,910033.0,Defaulted,307,10,Legal Notice,126725.0,1
TCU-00554,Lobatse,LO014,Vehicle Loan,53,Private Sector,6222.0,100600.0,19.66,72,2390.0,8,83017.0,2024-10-04,0.3841,795,1,11.5,0,1,169966.0,Current,0,0,None,0.0,0
TCU-00555,Maun,LO016,Vehicle Loan,55,Pensioner,5264.0,95200.0,23.94,24,5030.0,12,44204.0,2024-06-17,0.9555,722,1,4.9,0,0,0.0,Late (30–89 days),74,1,Letter Sent,10363.0,1
TCU-00556,Lobatse,LO015,Education Loan,28,Government Employee,10660.0,148900.0,12.0,72,2911.0,17,112513.0,2024-01-15,0.2731,711,0,24.7,1,0,0.0,Current,0,0,None,0.0,0
TCU-00557,Lobatse,LO007,Personal Loan,38,Pensioner,7556.0,29600.0,11.26,60,647.0,14,19721.0,2024-04-14,0.0856,622,0,17.5,1,0,0.0,Current,0,0,None,0.0,0
TCU-00558,Francistown,LO001,Business Loan,52,Private Sector,29738.0,366200.0,10.77,24,17029.0,2,329370.0,2025-05-01,0.5726,850,0,26.9,0,1,566684.0,Current,0,0,None,0.0,0
TCU-00559,Lobatse,LO013,Vehicle Loan,29,Private Sector,24574.0,180700.0,21.5,36,6854.0,15,103563.0,2024-03-21,0.2789,850,3,25.1,1,0,0.0,Current,0,0,None,0.0,0
TCU-00560,Lobatse,LO014,Agriculture Loan,65,Government Employee,13919.0,68900.0,15.72,72,1484.0,6,60586.0,2024-12-20,0.1066,699,0,17.0,3,0,0.0,Late (30–89 days),77,1,Letter Sent,9025.0,1
TCU-00561,Gaborone Main,LO019,Home Loan,55,Private Sector,13883.0,458300.0,16.29,12,41645.0,8,130620.0,2024-10-06,2.9997,794,0,21.0,0,0,0.0,Current,0,0,None,0.0,0
TCU-00562,Selebi-Phikwe,LO016,Business Loan,52,Pensioner,6841.0,224600.0,21.02,12,20916.0,5,111931.0,2025-01-13,3.0574,796,3,5.0,1,0,0.0,Defaulted,304,4,None,47595.0,1
TCU-00563,Maun,LO004,Education Loan,67,Government Employee,12717.0,329300.0,19.93,36,12226.0,7,261200.0,2024-11-20,0.9614,850,2,11.3,0,0,0.0,Early (1–29 days),7,1,None,0.0,0
TCU-00564,Maun,LO003,Business Loan,54,Private Sector,16642.0,76500.0,16.33,24,3758.0,18,17149.0,2024-01-04,0.2258,850,1,4.0,0,0,0.0,Current,0,0,None,0.0,0
TCU-00565,Gaborone Main,LO006,Home Loan,27,Private Sector,20188.0,384500.0,20.73,24,19707.0,5,279756.0,2025-01-18,0.9762,850,0,20.6,2,0,0.0,Current,0,0,None,0.0,0
TCU-00566,Maun,LO006,Home Loan,46,Student,1991.0,14400.0,11.42,24,674.0,12,7178.0,2024-06-30,0.3385,567,0,13.5,0,1,20421.0,Current,0,0,None,0.0,0
TCU-00567,Gaborone Main,LO019,Vehicle Loan,65,Private Sector,9737.0,314300.0,15.22,72,6683.0,8,246165.0,2024-10-22,0.6864,761,2,23.9,0,0,0.0,Early (1–29 days),4,1,None,0.0,0
TCU-00568,Francistown,LO016,Business Loan,55,Student,3135.0,43900.0,18.7,12,4039.0,7,17472.0,2024-11-26,1.2884,629,1,26.1,0,1,60100.0,Late (30–89 days),88,2,Home Visit,3085.0,1
TCU-00569,Gaborone Main,LO015,Education Loan,56,Private Sector,16955.0,220300.0,14.69,84,4213.0,9,174644.0,2024-09-06,0.2485,799,1,9.4,3,0,0.0,Current,0,0,None,0.0,0
TCU-00570,Maun,LO019,Vehicle Loan,48,Farmer,10117.0,34300.0,13.16,60,783.0,11,27808.0,2024-07-22,0.0774,792,1,4.6,0,0,0.0,Current,0,0,None,0.0,0
TCU-00571,Selebi-Phikwe,LO013,Business Loan,31,Self-Employed,20581.0,104200.0,11.17,36,3420.0,15,53349.0,2024-03-23,0.1662,850,2,5.0,0,0,0.0,Defaulted,171,8,Legal Notice,23738.0,1
TCU-00572,Francistown,LO016,Agriculture Loan,65,Farmer,7515.0,56100.0,22.71,48,1789.0,13,36724.0,2024-05-11,0.2381,711,3,12.3,0,1,109231.0,Current,0,0,None,0.0,0
TCU-00573,Lobatse,LO001,Business Loan,44,Farmer,13627.0,62800.0,14.12,60,1465.0,18,41392.0,2024-01-02,0.1075,781,1,4.6,0,1,96723.0,Current,0,0,None,0.0,0
TCU-00574,Selebi-Phikwe,LO016,Personal Loan,40,Self-Employed,13397.0,93900.0,14.67,60,2218.0,14,66212.0,2024-04-18,0.1656,636,0,20.7,0,0,0.0,Late (30–89 days),50,1,Home Visit,16134.0,1
TCU-00575,Gaborone Main,LO016,Agriculture Loan,65,Farmer,14519.0,297500.0,13.2,36,10053.0,14,170996.0,2024-04-28,0.6924,850,0,14.5,0,1,422529.0,Current,0,0,None,0.0,0
TCU-00576,Gaborone Main,LO005,Personal Loan,46,Student,2680.0,74200.0,11.56,84,1292.0,2,66293.0,2025-04-10,0.4821,612,1,1.7,1,1,65676.0,Late (30–89 days),57,2,SMS Sent,17816.0,1
TCU-00577,Francistown,LO010,Home Loan,56,Self-Employed,19014.0,152400.0,9.05,12,13331.0,6,73136.0,2024-12-31,0.7011,799,0,16.3,0,1,249763.0,Current,0,0,None,0.0,0
TCU-00578,Lobatse,LO019,Vehicle Loan,61,Private Sector,6975.0,11200.0,17.94,72,255.0,14,8186.0,2024-04-13,0.0366,735,4,2.8,2,0,0.0,Late (30–89 days),77,2,None,2295.0,1
TCU-00579,Gaborone Main,LO007,Education Loan,27,Farmer,6132.0,74700.0,21.74,24,3866.0,16,22563.0,2024-02-20,0.6305,571,1,22.5,1,1,145026.0,Current,0,0,None,0.0,0
TCU-00580,Selebi-Phikwe,LO007,Personal Loan,39,Government Employee,21295.0,141000.0,15.67,84,2774.0,7,111746.0,2024-11-21,0.1303,850,0,21.4,0,0,0.0,Current,0,0,None,0.0,0
TCU-00581,Lobatse,LO011,Education Loan,48,Student,2862.0,6600.0,13.78,36,225.0,3,5280.0,2025-03-31,0.0786,723,1,5.5,0,1,12693.0,Current,0,0,None,0.0,0
TCU-00582,Francistown,LO017,Home Loan,44,Government Employee,13169.0,228500.0,15.74,24,11160.0,12,107811.0,2024-06-19,0.8474,719,1,12.8,1,0,0.0,Current,0,0,None,0.0,0
TCU-00583,Francistown,LO013,Education Loan,46,Pensioner,9693.0,66100.0,11.78,12,5866.0,8,19319.0,2024-10-23,0.6052,801,2,12.3,0,0,0.0,Current,0,0,None,0.0,0
TCU-00584,Gaborone Main,LO011,Education Loan,45,Student,3375.0,76400.0,16.17,48,2172.0,8,62006.0,2024-10-20,0.6436,767,1,27.8,0,1,130303.0,Current,0,0,None,0.0,0
TCU-00585,Lobatse,LO014,Vehicle Loan,28,Farmer,7924.0,173100.0,10.65,60,3733.0,1,170187.0,2025-05-30,0.4711,612,3,10.1,0,0,0.0,Late (30–89 days),53,1,None,48629.0,1
TCU-00586,Lobatse,LO007,Business Loan,46,Pensioner,6747.0,65200.0,15.82,72,1408.0,11,49627.0,2024-07-23,0.2087,658,0,26.9,0,1,79321.0,Current,0,0,None,0.0,0
TCU-00587,Gaborone Main,LO020,Home Loan,51,Pensioner,9233.0,104900.0,19.69,12,9702.0,12,0.0,2024-01-08,1.0508,724,1,14.4,0,0,0.0,Current,0,0,None,0.0,0
TCU-00588,Lobatse,LO001,Vehicle Loan,67,Pensioner,6885.0,80500.0,14.68,84,1539.0,16,58944.0,2024-02-10,0.2235,703,2,15.6,0,1,81377.0,Current,0,0,None,0.0,0
TCU-00589,Francistown,LO012,Vehicle Loan,29,Student,3798.0,19600.0,15.98,36,689.0,14,10774.0,2024-04-09,0.1814,628,2,22.7,1,1,38644.0,Current,0,0,None,0.0,0
TCU-00590,Gaborone Main,LO005,Business Loan,39,Pensioner,7131.0,81800.0,17.23,72,1830.0,8,65149.0,2024-10-25,0.2566,642,2,17.2,0,0,0.0,Current,0,0,None,0.0,0
TCU-00591,Lobatse,LO010,Vehicle Loan,30,Private Sector,12175.0,210100.0,17.54,24,10442.0,17,54472.0,2024-01-13,0.8577,719,4,12.5,0,1,291023.0,Current,0,0,None,0.0,0
TCU-00592,Selebi-Phikwe,LO006,Education Loan,45,Farmer,8785.0,101300.0,18.87,12,9329.0,6,44761.0,2024-12-16,1.0619,636,0,4.9,0,0,0.0,Defaulted,190,8,Legal Notice,27951.0,1
TCU-00593,Lobatse,LO008,Agriculture Loan,62,Government Employee,11443.0,166800.0,10.03,36,5385.0,15,86667.0,2024-03-09,0.4706,850,1,2.8,1,1,281727.0,Current,0,0,None,0.0,0
TCU-00594,Francistown,LO015,Business Loan,63,Private Sector,6966.0,132700.0,9.92,24,6119.0,16,43611.0,2024-03-06,0.8784,723,0,9.4,0,1,277988.0,Late (30–89 days),86,1,None,7838.0,1
TCU-00595,Selebi-Phikwe,LO004,Vehicle Loan,26,Private Sector,8001.0,85200.0,11.83,48,2237.0,7,68074.0,2024-11-03,0.2796,584,0,26.7,1,1,184867.0,Early (1–29 days),25,1,None,0.0,0
TCU-00596,Maun,LO016,Agriculture Loan,48,Pensioner,5059.0,81200.0,23.25,36,3154.0,9,59687.0,2024-09-27,0.6234,644,0,8.6,0,1,125704.0,Current,0,0,None,0.0,0
TCU-00597,Selebi-Phikwe,LO016,Business Loan,42,Pensioner,5073.0,136100.0,9.97,84,2257.0,3,118294.0,2025-03-29,0.4449,647,0,3.7,0,1,179537.0,Current,0,0,None,0.0,0
TCU-00598,Lobatse,LO005,Home Loan,61,Private Sector,9753.0,304500.0,21.71,60,8360.0,12,218960.0,2024-06-09,0.8572,672,1,14.5,0,1,619656.0,Current,0,0,None,0.0,0
TCU-00599,Francistown,LO010,Home Loan,41,Self-Employed,30162.0,161100.0,13.27,60,3688.0,4,145008.0,2025-02-06,0.1223,850,0,12.6,0,1,254008.0,Current,0,0,None,0.0,0
TCU-00600,Maun,LO010,Home Loan,64,Student,1583.0,19700.0,17.15,72,440.0,11,16183.0,2024-07-23,0.278,704,1,13.5,0,1,21132.0,Current,0,0,None,0.0,0
TCU-00601,Selebi-Phikwe,LO016,Business Loan,24,Student,2480.0,34600.0,10.07,72,642.0,6,28272.0,2024-12-16,0.2589,535,0,4.5,1,1,73280.0,Late (30–89 days),39,2,Legal Notice,6885.0,1
TCU-00602,Francistown,LO011,Education Loan,27,Farmer,9559.0,192600.0,21.17,72,4745.0,17,128156.0,2024-01-23,0.4964,805,2,26.2,0,0,0.0,Current,0,0,None,0.0,0
TCU-00603,Maun,LO015,Business Loan,35,Private Sector,17059.0,278900.0,19.41,36,10281.0,17,128215.0,2024-01-24,0.6027,756,2,24.0,1,1,692339.0,Current,0,0,None,0.0,0
TCU-00604,Lobatse,LO016,Home Loan,54,Self-Employed,24693.0,368500.0,17.26,60,9210.0,14,262674.0,2024-04-25,0.373,850,2,25.5,0,0,0.0,Current,0,0,None,0.0,0
TCU-00605,Maun,LO015,Vehicle Loan,65,Farmer,13672.0,80300.0,13.62,24,3841.0,6,55293.0,2024-12-13,0.2809,841,3,26.7,0,1,149380.0,Late (30–89 days),50,2,Called,7610.0,1
TCU-00606,Maun,LO018,Vehicle Loan,59,Student,3788.0,60700.0,22.84,72,1556.0,13,43688.0,2024-06-05,0.4108,615,0,9.6,0,1,146022.0,Current,0,0,None,0.0,0
TCU-00607,Maun,LO008,Agriculture Loan,26,Self-Employed,11517.0,114800.0,12.7,24,5442.0,6,73538.0,2024-12-29,0.4725,826,0,28.5,0,0,0.0,Early (1–29 days),15,1,None,0.0,0
TCU-00608,Francistown,LO013,Education Loan,47,Private Sector,25548.0,72800.0,22.66,72,1858.0,14,51281.0,2024-05-04,0.0727,805,0,28.3,1,1,181425.0,Current,0,0,None,0.0,0
TCU-00609,Selebi-Phikwe,LO009,Education Loan,54,Self-Employed,8032.0,6600.0,20.95,48,204.0,14,4222.0,2024-04-12,0.0254,850,1,25.5,0,0,0.0,Current,0,0,None,0.0,0
TCU-00610,Maun,LO011,Personal Loan,52,Government Employee,10393.0,125200.0,10.48,24,5805.0,13,54759.0,2024-05-23,0.5585,725,2,2.3,1,0,0.0,Late (30–89 days),56,1,Called,11215.0,1
TCU-00611,Francistown,LO012,Personal Loan,55,Private Sector,24877.0,70400.0,14.76,36,2432.0,9,49806.0,2024-09-28,0.0978,850,0,14.4,1,1,105108.0,Current,0,0,None,0.0,0
TCU-00612,Gaborone Main,LO001,Home Loan,32,Private Sector,27533.0,416800.0,10.24,48,10619.0,2,398437.0,2025-04-20,0.3857,850,3,16.3,0,0,0.0,Current,0,0,None,0.0,0
TCU-00613,Maun,LO018,Home Loan,38,Private Sector,28966.0,52700.0,16.14,84,1051.0,11,39793.0,2024-07-19,0.0363,813,0,19.9,1,0,0.0,Current,0,0,None,0.0,0
TCU-00614,Maun,LO011,Agriculture Loan,38,Private Sector,29375.0,262400.0,17.45,36,9414.0,13,150744.0,2024-05-14,0.3205,850,0,4.8,1,0,0.0,Current,0,0,None,0.0,0
TCU-00615,Gaborone Main,LO005,Agriculture Loan,34,Private Sector,6819.0,49000.0,13.5,60,1127.0,1,44453.0,2025-05-07,0.1653,645,2,17.5,0,1,90955.0,Current,0,0,None,0.0,0
TCU-00616,Maun,LO006,Home Loan,54,Self-Employed,16275.0,387100.0,15.57,12,35043.0,6,186677.0,2024-12-16,2.1532,850,0,23.6,0,1,667222.0,Defaulted,324,4,None,84775.0,1
TCU-00617,Maun,LO010,Vehicle Loan,40,Private Sector,16468.0,46100.0,21.94,60,1272.0,12,33547.0,2024-07-05,0.0772,850,0,25.3,0,1,94358.0,Current,0,0,None,0.0,0
TCU-00618,Gaborone Main,LO018,Home Loan,55,Pensioner,7237.0,266800.0,11.08,24,12445.0,14,105837.0,2024-04-12,1.7196,660,1,25.8,0,0,0.0,Late (30–89 days),69,2,Letter Sent,33294.0,1
TCU-00619,Maun,LO013,Education Loan,25,Farmer,14664.0,236700.0,10.61,36,7706.0,18,101927.0,2024-01-01,0.5255,729,0,22.1,0,1,493233.0,Current,0,0,None,0.0,0
TCU-00620,Francistown,LO014,Vehicle Loan,37,Farmer,10097.0,77400.0,12.01,36,2571.0,13,48654.0,2024-05-23,0.2546,644,0,22.3,2,1,120260.0,Early (1–29 days),4,1,None,0.0,0
TCU-00621,Lobatse,LO004,Agriculture Loan,55,Self-Employed,25544.0,221900.0,21.24,60,6033.0,2,187272.0,2025-04-10,0.2362,850,2,26.3,2,1,493630.0,Current,0,0,None,0.0,0
TCU-00622,Selebi-Phikwe,LO010,Business Loan,32,Student,3330.0,38400.0,23.38,84,933.0,5,32004.0,2025-01-06,0.2802,584,2,15.1,1,1,34418.0,Current,0,0,None,0.0,0
TCU-00623,Maun,LO017,Home Loan,68,Self-Employed,19107.0,491600.0,9.79,12,43171.0,1,399447.0,2025-05-12,2.2594,802,1,3.6,1,0,0.0,Current,0,0,None,0.0,0
TCU-00624,Selebi-Phikwe,LO002,Education Loan,55,Student,1877.0,52700.0,10.03,12,4634.0,12,0.0,2024-04-30,2.4688,687,0,17.6,1,0,0.0,Late (30–89 days),32,2,Home Visit,0.0,1
TCU-00625,Lobatse,LO002,Vehicle Loan,51,Pensioner,8879.0,240100.0,18.87,12,22112.0,10,37417.0,2024-08-09,2.4904,850,0,27.7,1,0,0.0,Late (30–89 days),82,2,Called,7038.0,1
TCU-00626,Gaborone Main,LO011,Vehicle Loan,39,Farmer,11389.0,306300.0,10.99,60,6658.0,7,260042.0,2024-11-25,0.5846,769,2,23.5,0,1,291315.0,Current,0,0,None,0.0,0
TCU-00627,Maun,LO004,Agriculture Loan,36,Self-Employed,7256.0,122000.0,18.41,84,2594.0,5,101007.0,2025-01-26,0.3575,743,0,13.4,0,1,132556.0,Current,0,0,None,0.0,0
TCU-00628,Lobatse,LO010,Education Loan,54,Student,3384.0,63500.0,11.58,12,5629.0,4,41395.0,2025-02-18,1.6634,643,0,10.5,0,1,92387.0,Late (30–89 days),86,2,SMS Sent,10488.0,1
TCU-00629,Selebi-Phikwe,LO002,Business Loan,42,Private Sector,19152.0,140500.0,16.16,84,2803.0,10,109763.0,2024-08-12,0.1464,844,0,0.9,0,1,258629.0,Current,0,0,None,0.0,0
TCU-00630,Selebi-Phikwe,LO006,Education Loan,58,Private Sector,19941.0,444900.0,23.68,72,11627.0,9,372163.0,2024-09-24,0.5831,850,4,24.2,0,1,1036657.0,Current,0,0,None,0.0,0
TCU-00631,Maun,LO008,Education Loan,66,Private Sector,19895.0,282900.0,23.78,72,7410.0,1,259528.0,2025-05-02,0.3725,850,0,10.8,1,0,0.0,Current,0,0,None,0.0,0
TCU-00632,Lobatse,LO015,Vehicle Loan,25,Farmer,10093.0,144000.0,8.84,48,3573.0,16,94500.0,2024-02-28,0.354,775,1,21.3,0,1,348919.0,Current,0,0,None,0.0,0
TCU-00633,Lobatse,LO016,Vehicle Loan,23,Student,3965.0,179700.0,11.84,48,4718.0,7,142866.0,2024-11-13,1.1899,617,1,26.3,2,1,308606.0,Late (30–89 days),30,1,Letter Sent,39721.0,1
TCU-00634,Gaborone Main,LO020,Personal Loan,59,Government Employee,17006.0,367600.0,12.36,60,8244.0,12,286834.0,2024-07-02,0.4848,796,0,27.9,1,1,352923.0,Current,0,0,None,0.0,0
TCU-00635,Selebi-Phikwe,LO005,Home Loan,48,Farmer,5196.0,25500.0,15.17,36,886.0,1,21410.0,2025-05-26,0.1705,701,0,19.6,0,1,24476.0,Early (1–29 days),18,1,None,0.0,0
TCU-00636,Maun,LO004,Business Loan,25,Student,1506.0,5800.0,13.57,36,197.0,17,2969.0,2024-01-29,0.1308,661,1,11.6,0,1,10916.0,Current,0,0,None,0.0,0
TCU-00637,Francistown,LO020,Home Loan,28,Student,3509.0,110800.0,22.13,24,5755.0,13,49369.0,2024-06-01,1.6401,568,3,26.7,1,1,264615.0,Late (30–89 days),73,1,Called,12220.0,1
TCU-00638,Francistown,LO020,Business Loan,28,Farmer,14968.0,469200.0,22.89,60,13197.0,4,423736.0,2025-02-02,0.8817,789,3,20.2,0,1,488131.0,Current,0,0,None,0.0,0
TCU-00639,Gaborone Main,LO016,Agriculture Loan,24,Self-Employed,29475.0,53900.0,16.56,72,1186.0,7,48016.0,2024-11-24,0.0402,812,1,22.8,0,1,55534.0,Current,0,0,None,0.0,0
TCU-00640,Selebi-Phikwe,LO003,Vehicle Loan,47,Farmer,3286.0,31300.0,17.95,36,1131.0,1,30395.0,2025-05-24,0.3442,646,2,23.2,0,1,27255.0,Current,0,0,None,0.0,0
TCU-00641,Francistown,LO011,Agriculture Loan,58,Pensioner,4288.0,54100.0,14.47,36,1861.0,16,29261.0,2024-02-23,0.434,689,1,25.6,0,0,0.0,Current,0,0,None,0.0,0
TCU-00642,Maun,LO003,Agriculture Loan,33,Private Sector,10887.0,137400.0,8.74,48,3402.0,11,104329.0,2024-07-29,0.3125,672,0,9.1,2,0,0.0,Current,0,0,None,0.0,0
TCU-00643,Maun,LO013,Personal Loan,46,Private Sector,9742.0,205100.0,12.5,48,5452.0,7,154295.0,2024-11-13,0.5596,816,0,20.9,0,1,261040.0,Current,0,0,None,0.0,0
TCU-00644,Selebi-Phikwe,LO002,Agriculture Loan,60,Government Employee,21041.0,243000.0,9.59,12,21317.0,12,0.0,2024-04-28,1.0131,818,2,2.5,0,1,500132.0,Current,0,0,None,0.0,0
TCU-00645,Maun,LO010,Education Loan,40,Pensioner,5569.0,89700.0,22.23,24,4664.0,15,31391.0,2024-03-29,0.8375,660,4,14.3,0,1,198799.0,Current,0,0,None,0.0,0
TCU-00646,Lobatse,LO012,Vehicle Loan,37,Farmer,11860.0,255800.0,18.77,60,6603.0,11,201651.0,2024-07-12,0.5567,748,2,1.8,0,1,578397.0,Late (30–89 days),59,1,SMS Sent,65615.0,1
TCU-00647,Francistown,LO010,Education Loan,47,Farmer,3764.0,17700.0,18.7,48,526.0,17,11211.0,2024-01-26,0.1397,728,1,16.9,0,0,0.0,Current,0,0,None,0.0,0
TCU-00648,Lobatse,LO006,Agriculture Loan,56,Government Employee,23858.0,76000.0,10.11,24,3511.0,18,17236.0,2024-01-07,0.1472,850,1,24.5,1,1,89808.0,Early (1–29 days),21,1,None,0.0,0
TCU-00649,Selebi-Phikwe,LO010,Agriculture Loan,52,Pensioner,7696.0,163500.0,19.08,60,4248.0,9,125324.0,2024-09-13,0.552,802,3,5.0,0,1,170938.0,Current,0,0,None,0.0,0
TCU-00650,Maun,LO001,Vehicle Loan,38,Private Sector,25331.0,202900.0,19.52,60,5322.0,10,168766.0,2024-08-20,0.2101,850,0,19.0,0,1,467108.0,Current,0,0,None,0.0,0
TCU-00651,Maun,LO011,Agriculture Loan,51,Self-Employed,18360.0,106900.0,11.86,24,5025.0,11,57453.0,2024-07-18,0.2737,827,0,14.2,1,0,0.0,Current,0,0,None,0.0,0
TCU-00652,Lobatse,LO015,Home Loan,52,Government Employee,23379.0,435700.0,14.89,24,21103.0,10,228908.0,2024-08-10,0.9026,789,3,20.0,2,1,1047178.0,Defaulted,195,9,Called,150010.0,1
TCU-00653,Lobatse,LO005,Agriculture Loan,39,Student,2907.0,27100.0,14.87,48,752.0,9,21583.0,2024-09-08,0.2587,757,0,28.0,0,0,0.0,Current,0,0,None,0.0,0
TCU-00654,Gaborone Main,LO002,Home Loan,27,Government Employee,22494.0,451400.0,11.65,24,21175.0,10,235967.0,2024-08-06,0.9414,850,0,18.9,0,0,0.0,Current,0,0,None,0.0,0
TCU-00655,Lobatse,LO006,Business Loan,41,Government Employee,10775.0,160000.0,14.85,60,3794.0,2,147703.0,2025-04-25,0.3521,723,0,3.8,2,0,0.0,Defaulted,110,5,Home Visit,117587.0,1
TCU-00656,Francistown,LO001,Education Loan,46,Farmer,11257.0,434700.0,17.57,24,21612.0,2,392139.0,2025-04-03,1.9199,850,4,28.4,0,0,0.0,Early (1–29 days),5,1,None,0.0,0
TCU-00657,Selebi-Phikwe,LO005,Personal Loan,61,Self-Employed,39744.0,336100.0,23.4,36,13081.0,8,250095.0,2024-10-26,0.3291,850,1,24.1,0,0,0.0,Current,0,0,None,0.0,0
TCU-00658,Maun,LO017,Personal Loan,34,Pensioner,6938.0,20800.0,12.2,36,693.0,9,14310.0,2024-09-26,0.0999,685,1,1.7,1,0,0.0,Late (30–89 days),65,1,Legal Notice,1898.0,1
TCU-00659,Lobatse,LO001,Home Loan,22,Student,2832.0,51100.0,9.06,72,923.0,9,42679.0,2024-10-03,0.3259,572,3,23.6,0,1,122790.0,Current,0,0,None,0.0,0
TCU-00660,Selebi-Phikwe,LO003,Agriculture Loan,39,Government Employee,23527.0,448400.0,8.86,24,20456.0,14,165617.0,2024-04-19,0.8695,850,0,2.4,0,1,425333.0,Defaulted,96,8,Legal Notice,131098.0,1
TCU-00661,Lobatse,LO015,Agriculture Loan,26,Private Sector,26962.0,57400.0,10.39,72,1075.0,13,41388.0,2024-05-22,0.0399,850,0,28.6,0,0,0.0,Early (1–29 days),11,1,None,0.0,0
TCU-00662,Francistown,LO016,Business Loan,62,Pensioner,8249.0,175300.0,15.77,72,3780.0,16,124943.0,2024-03-03,0.4582,737,1,2.8,3,1,401945.0,Late (30–89 days),37,1,Letter Sent,18373.0,1
TCU-00663,Selebi-Phikwe,LO019,Home Loan,36,Private Sector,20437.0,146300.0,15.11,84,2832.0,6,130459.0,2024-12-19,0.1386,746,4,7.9,1,1,132655.0,Current,0,0,None,0.0,0
TCU-00664,Selebi-Phikwe,LO001,Agriculture Loan,49,Government Employee,19467.0,353500.0,22.67,72,9023.0,15,261770.0,2024-03-08,0.4635,831,2,9.9,0,0,0.0,Current,0,0,None,0.0,0
TCU-00665,Francistown,LO008,Education Loan,56,Student,2097.0,34600.0,22.14,36,1324.0,4,28281.0,2025-02-16,0.6314,742,0,22.6,0,1,35881.0,Current,0,0,None,0.0,0
TCU-00666,Gaborone Main,LO014,Agriculture Loan,47,Self-Employed,36593.0,473300.0,11.86,12,42021.0,4,290557.0,2025-02-04,1.1483,850,0,6.3,0,1,1046288.0,Late (30–89 days),42,2,Home Visit,73135.0,1
TCU-00667,Francistown,LO016,Agriculture Loan,49,Farmer,3717.0,16300.0,13.51,48,441.0,8,11834.0,2024-10-23,0.1186,621,0,15.0,2,0,0.0,Current,0,0,None,0.0,0
TCU-00668,Lobatse,LO005,Education Loan,61,Government Employee,12792.0,394200.0,21.89,36,15032.0,2,319980.0,2025-04-29,1.1751,797,1,12.8,0,1,471796.0,Late (30–89 days),88,2,Legal Notice,94939.0,1
TCU-00669,Maun,LO007,Business Loan,43,Pensioner,9793.0,227100.0,22.63,72,5791.0,10,190082.0,2024-08-30,0.5913,740,3,9.7,2,1,238956.0,Current,0,0,None,0.0,0
TCU-00670,Gaborone Main,LO015,Vehicle Loan,68,Self-Employed,31988.0,141700.0,10.72,84,2405.0,16,105655.0,2024-03-01,0.0752,850,0,0.6,0,0,0.0,Current,0,0,None,0.0,0
TCU-00671,Lobatse,LO018,Business Loan,53,Self-Employed,33669.0,479100.0,17.76,12,43869.0,8,153314.0,2024-10-29,1.3029,850,2,8.8,1,1,1049994.0,Defaulted,223,6,SMS Sent,71264.0,1
TCU-00672,Selebi-Phikwe,LO003,Home Loan,23,Student,3127.0,24900.0,18.2,60,635.0,12,18706.0,2024-06-09,0.2031,593,2,3.7,0,1,49818.0,Current,0,0,None,0.0,0
TCU-00673,Gaborone Main,LO011,Education Loan,23,Government Employee,16111.0,230000.0,14.31,12,20685.0,3,163349.0,2025-03-20,1.2839,720,2,1.5,0,0,0.0,Early (1–29 days),23,1,None,0.0,0
TCU-00674,Selebi-Phikwe,LO003,Personal Loan,67,Private Sector,9358.0,28200.0,19.56,12,2606.0,5,16382.0,2025-01-03,0.2785,816,0,12.7,1,1,48693.0,Current,0,0,None,0.0,0
TCU-00675,Gaborone Main,LO007,Vehicle Loan,31,Pensioner,4954.0,170500.0,12.02,12,15150.0,12,0.0,2024-01-25,3.0581,691,0,7.0,0,1,388710.0,Late (30–89 days),78,2,Letter Sent,0.0,1
TCU-00676,Selebi-Phikwe,LO018,Personal Loan,53,Government Employee,8682.0,64200.0,17.53,12,5872.0,6,30664.0,2024-12-23,0.6763,713,1,11.4,2,1,74583.0,Current,0,0,None,0.0,0
TCU-00677,Lobatse,LO012,Education Loan,40,Self-Employed,17983.0,378300.0,12.47,24,17891.0,7,263860.0,2024-11-30,0.9949,747,1,13.6,3,0,0.0,Late (30–89 days),37,1,SMS Sent,51944.0,1
TCU-00678,Lobatse,LO010,Agriculture Loan,35,Private Sector,22181.0,409800.0,14.09,12,36812.0,10,63862.0,2024-08-23,1.6596,850,3,7.9,0,1,478614.0,Defaulted,260,6,None,39902.0,1
TCU-00679,Maun,LO015,Vehicle Loan,46,Student,3606.0,34400.0,17.19,36,1230.0,9,22231.0,2024-09-11,0.3411,685,0,2.0,0,1,27521.0,Current,0,0,None,0.0,0
TCU-00680,Maun,LO007,Agriculture Loan,28,Government Employee,11243.0,269000.0,9.68,48,6781.0,17,155422.0,2024-01-23,0.6031,725,0,4.0,0,1,641516.0,Current,0,0,None,0.0,0
TCU-00681,Gaborone Main,LO016,Business Loan,62,Student,1550.0,9300.0,21.98,60,257.0,8,7178.0,2024-10-06,0.1658,675,2,5.0,0,0,0.0,Defaulted,344,9,Home Visit,5554.0,1
TCU-00682,Lobatse,LO002,Agriculture Loan,33,Government Employee,9071.0,104700.0,12.86,48,2802.0,11,78309.0,2024-07-26,0.3089,647,0,8.5,1,1,163498.0,Defaulted,112,12,Home Visit,60762.0,1
TCU-00683,Selebi-Phikwe,LO008,Agriculture Loan,57,Student,4470.0,25500.0,17.77,48,746.0,2,22768.0,2025-04-28,0.1669,624,2,16.5,0,0,0.0,Current,0,0,None,0.0,0
TCU-00684,Francistown,LO016,Agriculture Loan,44,Self-Employed,23522.0,218700.0,17.83,24,10900.0,6,162173.0,2024-12-06,0.4634,850,1,13.8,0,0,0.0,Current,0,0,None,0.0,0
TCU-00685,Lobatse,LO011,Education Loan,62,Private Sector,21185.0,426300.0,17.39,84,8808.0,11,360733.0,2024-07-29,0.4158,802,3,29.7,0,1,758085.0,Current,0,0,None,0.0,0
TCU-00686,Maun,LO016,Personal Loan,36,Student,2639.0,44600.0,23.02,60,1258.0,4,36751.0,2025-02-06,0.4767,722,0,12.5,1,1,84240.0,Current,0,0,None,0.0,0
TCU-00687,Gaborone Main,LO017,Personal Loan,34,Student,3233.0,102600.0,13.25,84,1880.0,4,87496.0,2025-02-19,0.5815,678,4,6.1,0,1,118200.0,Early (1–29 days),15,1,None,0.0,0
TCU-00688,Maun,LO013,Personal Loan,29,Farmer,11374.0,103600.0,11.73,48,2714.0,1,95891.0,2025-05-04,0.2386,810,1,20.5,3,1,144786.0,Current,0,0,None,0.0,0
TCU-00689,Selebi-Phikwe,LO019,Education Loan,56,Government Employee,22971.0,344000.0,23.92,48,11200.0,16,228053.0,2024-02-09,0.4876,850,0,3.2,0,0,0.0,Current,0,0,None,0.0,0
TCU-00690,Lobatse,LO016,Personal Loan,43,Private Sector,13749.0,310200.0,15.49,60,7460.0,4,250216.0,2025-02-24,0.5426,753,1,18.0,0,1,515149.0,Current,0,0,None,0.0,0
TCU-00691,Lobatse,LO002,Home Loan,58,Farmer,10028.0,185400.0,22.49,36,7128.0,12,105798.0,2024-06-15,0.7108,721,1,29.1,0,1,226813.0,Current,0,0,None,0.0,0
TCU-00692,Gaborone Main,LO010,Business Loan,33,Farmer,5681.0,145200.0,16.15,72,3162.0,3,135151.0,2025-03-31,0.5566,641,3,3.9,0,1,357766.0,Late (30–89 days),61,2,Home Visit,40354.0,1
TCU-00693,Lobatse,LO012,Agriculture Loan,23,Student,3402.0,7900.0,15.26,72,168.0,3,6511.0,2025-03-08,0.0494,741,1,14.5,0,1,18781.0,Late (30–89 days),35,1,Home Visit,1733.0,1
TCU-00694,Maun,LO018,Home Loan,64,Pensioner,6867.0,213300.0,17.52,12,19507.0,12,0.0,2024-02-10,2.8407,816,0,4.4,1,1,192394.0,Late (30–89 days),72,2,SMS Sent,0.0,1
TCU-00695,Maun,LO008,Vehicle Loan,41,Private Sector,25229.0,227700.0,15.92,12,20651.0,12,0.0,2024-06-25,0.8185,840,2,4.8,0,1,515516.0,Defaulted,352,4,Called,0.0,1
TCU-00696,Maun,LO008,Home Loan,62,Farmer,7877.0,18000.0,13.47,48,487.0,17,10217.0,2024-01-29,0.0618,703,2,11.5,0,0,0.0,Current,0,0,None,0.0,0
TCU-00697,Francistown,LO008,Education Loan,54,Farmer,9255.0,25400.0,17.8,48,743.0,15,16314.0,2024-03-08,0.0803,727,2,1.7,0,1,48394.0,Current,0,0,None,0.0,0
TCU-00698,Maun,LO016,Education Loan,60,Self-Employed,21560.0,420600.0,17.64,60,10598.0,13,303244.0,2024-05-20,0.4916,791,0,14.9,0,1,787919.0,Current,0,0,None,0.0,0
TCU-00699,Lobatse,LO008,Home Loan,40,Pensioner,9561.0,58000.0,11.46,36,1912.0,11,39225.0,2024-07-15,0.2,670,0,13.0,0,0,0.0,Current,0,0,None,0.0,0
TCU-00700,Maun,LO018,Education Loan,40,Private Sector,13707.0,293000.0,11.19,72,5606.0,8,246326.0,2024-10-25,0.409,766,0,23.8,1,1,556908.0,Current,0,0,None,0.0,0
TCU-00701,Selebi-Phikwe,LO018,Home Loan,39,Pensioner,4878.0,45400.0,23.48,84,1105.0,4,36774.0,2025-02-06,0.2265,735,3,13.9,3,0,0.0,Current,0,0,None,0.0,0
TCU-00702,Selebi-Phikwe,LO020,Personal Loan,25,Farmer,8716.0,31400.0,11.31,36,1033.0,16,14935.0,2024-02-25,0.1185,822,0,3.7,0,1,30239.0,Early (1–29 days),22,1,None,0.0,0
TCU-00703,Gaborone Main,LO004,Home Loan,58,Government Employee,24606.0,145700.0,12.23,24,6874.0,9,90077.0,2024-09-30,0.2794,850,0,17.7,1,1,355928.0,Early (1–29 days),6,1,None,0.0,0
TCU-00704,Lobatse,LO009,Vehicle Loan,27,Pensioner,4747.0,43200.0,12.25,60,966.0,12,34000.0,2024-06-18,0.2035,692,3,8.7,0,0,0.0,Current,0,0,None,0.0,0
TCU-00705,Francistown,LO004,Personal Loan,50,Private Sector,15805.0,70800.0,22.27,84,1670.0,5,56828.0,2025-01-24,0.1057,817,1,13.4,1,1,59133.0,Current,0,0,None,0.0,0
TCU-00706,Francistown,LO003,Education Loan,35,Self-Employed,34130.0,88300.0,14.76,24,4271.0,7,56478.0,2024-11-17,0.1251,850,0,21.6,2,1,202396.0,Current,0,0,None,0.0,0
TCU-00707,Gaborone Main,LO015,Agriculture Loan,63,Student,4300.0,41900.0,14.41,48,1154.0,3,37656.0,2025-03-22,0.2684,746,0,7.2,0,0,0.0,Current,0,0,None,0.0,0
TCU-00708,Lobatse,LO017,Business Loan,63,Pensioner,9075.0,159500.0,20.29,12,14797.0,12,0.0,2024-06-11,1.6305,758,1,2.0,0,0,0.0,Late (30–89 days),84,2,Called,0.0,1
TCU-00709,Maun,LO006,Education Loan,36,Farmer,3801.0,104300.0,17.38,84,2154.0,12,79855.0,2024-06-29,0.5667,604,0,1.0,3,0,0.0,Defaulted,141,7,Called,61311.0,1
TCU-00710,Selebi-Phikwe,LO018,Home Loan,56,Government Employee,20295.0,331400.0,12.31,12,29493.0,7,135088.0,2024-11-29,1.4532,850,2,15.6,0,1,297148.0,Defaulted,114,10,Called,63513.0,1
TCU-00711,Maun,LO019,Home Loan,37,Pensioner,6774.0,138000.0,19.56,24,6994.0,16,39563.0,2024-02-13,1.0325,696,1,24.1,0,1,237429.0,Current,0,0,None,0.0,0
TCU-00712,Lobatse,LO019,Agriculture Loan,55,Self-Employed,34155.0,129500.0,23.02,24,6784.0,1,121459.0,2025-05-30,0.1986,850,0,1.6,0,0,0.0,Current,0,0,None,0.0,0
TCU-00713,Maun,LO012,Personal Loan,46,Farmer,6775.0,7000.0,15.25,72,149.0,13,5263.0,2024-05-30,0.022,630,0,23.9,0,1,16316.0,Current,0,0,None,0.0,0
TCU-00714,Maun,LO007,Vehicle Loan,67,Farmer,4565.0,55900.0,10.76,72,1057.0,14,40271.0,2024-04-13,0.2315,681,0,14.2,0,0,0.0,Current,0,0,None,0.0,0
TCU-00715,Selebi-Phikwe,LO002,Vehicle Loan,54,Pensioner,4407.0,36200.0,16.35,12,3290.0,12,0.0,2024-04-13,0.7465,696,0,7.0,0,1,53786.0,Current,0,0,None,0.0,0
TCU-00716,Gaborone Main,LO017,Education Loan,40,Self-Employed,8439.0,116900.0,20.34,12,10848.0,12,0.0,2024-03-09,1.2855,674,0,24.8,0,0,0.0,Current,0,0,None,0.0,0
TCU-00717,Lobatse,LO013,Home Loan,34,Government Employee,14705.0,63700.0,23.28,24,3345.0,3,52137.0,2025-03-04,0.2275,673,0,16.6,0,0,0.0,Defaulted,123,5,Letter Sent,41005.0,1
TCU-00718,Gaborone Main,LO008,Vehicle Loan,68,Farmer,13982.0,170600.0,10.27,72,3184.0,2,161176.0,2025-04-15,0.2277,850,0,22.0,0,1,413891.0,Current,0,0,None,0.0,0
TCU-00719,Maun,LO017,Business Loan,43,Student,3837.0,97300.0,19.08,84,2107.0,9,76791.0,2024-09-08,0.5491,748,0,15.5,0,0,0.0,Current,0,0,None,0.0,0
TCU-00720,Francistown,LO018,Business Loan,38,Government Employee,22356.0,425200.0,15.7,24,20758.0,14,169125.0,2024-04-10,0.9285,850,1,12.7,0,0,0.0,Late (30–89 days),69,2,None,57016.0,1
TCU-00721,Gaborone Main,LO014,Vehicle Loan,26,Self-Employed,33342.0,239200.0,8.97,36,7603.0,14,131005.0,2024-05-01,0.228,732,3,12.2,0,1,286966.0,Current,0,0,None,0.0,0
TCU-00722,Lobatse,LO013,Personal Loan,60,Self-Employed,7624.0,85400.0,10.83,48,2200.0,1,82324.0,2025-05-19,0.2886,769,3,23.9,0,1,75776.0,Current,0,0,None,0.0,0
TCU-00723,Maun,LO019,Personal Loan,45,Student,1642.0,27300.0,9.1,60,568.0,15,20439.0,2024-03-25,0.3459,578,0,5.5,0,0,0.0,Current,0,0,None,0.0,0
TCU-00724,Lobatse,LO010,Business Loan,55,Government Employee,9104.0,83800.0,18.47,72,1934.0,14,62406.0,2024-04-08,0.2124,683,0,8.9,0,1,90233.0,Current,0,0,None,0.0,0
TCU-00725,Selebi-Phikwe,LO014,Business Loan,41,Self-Employed,32593.0,334800.0,11.76,48,8777.0,13,233258.0,2024-06-01,0.2693,850,3,4.9,3,1,679212.0,Late (30–89 days),50,1,Home Visit,65233.0,1
TCU-00726,Lobatse,LO019,Home Loan,48,Government Employee,23936.0,224100.0,9.02,24,10240.0,4,164102.0,2025-02-04,0.4278,850,0,1.4,1,1,250355.0,Current,0,0,None,0.0,0
TCU-00727,Selebi-Phikwe,LO005,Home Loan,67,Self-Employed,30830.0,330900.0,23.35,84,8030.0,11,244754.0,2024-07-07,0.2605,850,1,14.9,3,1,762120.0,Current,0,0,None,0.0,0
TCU-00728,Francistown,LO014,Personal Loan,34,Student,4198.0,105200.0,20.9,36,3958.0,6,74553.0,2024-12-11,0.9428,520,1,24.8,0,1,143628.0,Current,0,0,None,0.0,0
TCU-00729,Lobatse,LO019,Education Loan,55,Farmer,14119.0,208500.0,19.83,12,19297.0,2,172815.0,2025-04-10,1.3667,765,4,14.0,0,1,375685.0,Late (30–89 days),83,2,Legal Notice,57420.0,1
TCU-00730,Maun,LO019,Business Loan,58,Private Sector,16783.0,251400.0,9.1,24,11497.0,9,142861.0,2024-09-17,0.685,812,0,7.3,0,0,0.0,Late (30–89 days),33,1,Letter Sent,42944.0,1
TCU-00731,Selebi-Phikwe,LO001,Education Loan,56,Pensioner,9211.0,272200.0,20.71,84,6161.0,16,203715.0,2024-02-22,0.6689,695,1,23.5,1,0,0.0,Current,0,0,None,0.0,0
TCU-00732,Gaborone Main,LO014,Personal Loan,63,Private Sector,13891.0,141500.0,10.04,72,2624.0,9,108380.0,2024-09-21,0.1889,785,0,8.1,0,1,288600.0,Current,0,0,None,0.0,0
TCU-00733,Lobatse,LO003,Personal Loan,56,Student,4940.0,183800.0,8.55,24,8359.0,15,66637.0,2024-03-08,1.6921,757,4,3.8,0,1,386384.0,Late (30–89 days),37,2,Letter Sent,17792.0,1
TCU-00734,Gaborone Main,LO012,Business Loan,27,Self-Employed,17964.0,319700.0,19.74,60,8424.0,15,239492.0,2024-03-29,0.4689,650,0,10.6,0,0,0.0,Current,0,0,None,0.0,0
TCU-00735,Maun,LO013,Vehicle Loan,44,Government Employee,9761.0,242200.0,11.79,24,11377.0,1,224221.0,2025-05-10,1.1656,741,4,7.2,0,0,0.0,Current,0,0,None,0.0,0
TCU-00736,Francistown,LO002,Personal Loan,63,Self-Employed,20305.0,90800.0,23.81,36,3553.0,6,69033.0,2024-12-12,0.175,850,2,29.1,1,1,202769.0,Current,0,0,None,0.0,0
TCU-00737,Selebi-Phikwe,LO018,Education Loan,30,Farmer,11711.0,179500.0,9.0,84,2888.0,7,145933.0,2024-11-20,0.2466,671,0,3.6,2,0,0.0,Current,0,0,None,0.0,0
TCU-00738,Maun,LO014,Personal Loan,31,Self-Employed,39105.0,251700.0,19.95,48,7653.0,17,138810.0,2024-01-24,0.1957,850,0,6.0,0,1,425983.0,Current,0,0,None,0.0,0
TCU-00739,Maun,LO004,Business Loan,38,Self-Employed,24751.0,44000.0,9.26,36,1405.0,15,24941.0,2024-03-22,0.0568,804,1,9.3,0,1,102170.0,Current,0,0,None,0.0,0
TCU-00740,Maun,LO009,Agriculture Loan,48,Government Employee,8885.0,122300.0,17.62,12,11190.0,1,96007.0,2025-05-03,1.2594,717,2,12.5,0,1,293204.0,Late (30–89 days),51,1,Legal Notice,14044.0,1
TCU-00741,Gaborone Main,LO016,Business Loan,66,Government Employee,20389.0,250400.0,21.24,72,6179.0,10,215287.0,2024-09-01,0.3031,850,0,23.9,1,1,433407.0,Current,0,0,None,0.0,0
TCU-00742,Maun,LO012,Business Loan,34,Pensioner,6427.0,195200.0,12.96,24,9276.0,13,85533.0,2024-05-07,1.4433,690,0,18.4,0,1,352190.0,Current,0,0,None,0.0,0
TCU-00743,Gaborone Main,LO008,Business Loan,63,Pensioner,8266.0,45700.0,9.22,12,4001.0,4,26504.0,2025-02-08,0.484,794,1,19.7,1,0,0.0,Defaulted,144,8,Called,13062.0,1
TCU-00744,Gaborone Main,LO012,Home Loan,31,Student,4920.0,67800.0,12.76,72,1352.0,11,56216.0,2024-07-25,0.2748,816,0,12.0,0,0,0.0,Current,0,0,None,0.0,0
TCU-00745,Gaborone Main,LO009,Personal Loan,39,Farmer,8200.0,114600.0,21.42,72,2840.0,2,103466.0,2025-04-14,0.3463,724,0,8.9,0,0,0.0,Early (1–29 days),15,1,None,0.0,0
TCU-00746,Francistown,LO015,Business Loan,44,Self-Employed,28784.0,241000.0,14.55,24,11634.0,1,203956.0,2025-05-06,0.4042,850,3,1.0,0,1,282472.0,Current,0,0,None,0.0,0
TCU-00747,Maun,LO017,Home Loan,29,Self-Employed,28837.0,330900.0,20.89,72,8098.0,4,266591.0,2025-02-17,0.2808,788,0,8.8,1,0,0.0,Current,0,0,None,0.0,0
TCU-00748,Selebi-Phikwe,LO017,Personal Loan,55,Private Sector,9578.0,94700.0,20.43,48,2903.0,6,70451.0,2024-12-15,0.3031,710,0,3.7,0,0,0.0,Current,0,0,None,0.0,0
TCU-00749,Lobatse,LO019,Education Loan,62,Farmer,7283.0,118700.0,22.3,36,4552.0,16,64538.0,2024-02-16,0.625,689,1,15.0,0,0,0.0,Late (30–89 days),87,1,SMS Sent,10186.0,1
TCU-00750,Selebi-Phikwe,LO018,Agriculture Loan,35,Farmer,3871.0,138100.0,15.34,24,6718.0,10,77393.0,2024-08-14,1.7355,743,0,3.4,0,0,0.0,Current,0,0,None,0.0,0
TCU-00751,Gaborone Main,LO011,Business Loan,50,Private Sector,20683.0,83300.0,17.77,72,1889.0,10,61446.0,2024-09-03,0.0913,834,1,21.0,0,0,0.0,Current,0,0,None,0.0,0
TCU-00752,Gaborone Main,LO017,Education Loan,43,Government Employee,11899.0,5000.0,19.29,36,184.0,2,4408.0,2025-04-08,0.0155,691,0,22.3,3,0,0.0,Late (30–89 days),82,1,SMS Sent,699.0,1
TCU-00753,Francistown,LO007,Business Loan,68,Private Sector,9183.0,175400.0,12.0,24,8257.0,17,44389.0,2024-02-02,0.8992,818,1,26.5,0,0,0.0,Late (30–89 days),87,1,SMS Sent,9696.0,1
TCU-00754,Gaborone Main,LO018,Business Loan,32,Self-Employed,28640.0,58700.0,20.35,24,2998.0,15,19218.0,2024-03-15,0.1047,850,0,7.3,1,1,98877.0,Current,0,0,None,0.0,0
TCU-00755,Maun,LO015,Business Loan,59,Pensioner,8973.0,199600.0,11.84,48,5241.0,3,163888.0,2025-03-11,0.5841,797,0,18.4,2,0,0.0,Late (30–89 days),48,2,Home Visit,48042.0,1
TCU-00756,Gaborone Main,LO005,Personal Loan,27,Pensioner,5378.0,190300.0,10.25,48,4849.0,4,172069.0,2025-02-08,0.9016,608,1,22.3,0,1,326620.0,Late (30–89 days),88,1,Legal Notice,39078.0,1
TCU-00757,Francistown,LO018,Education Loan,56,Government Employee,9421.0,31800.0,12.55,60,716.0,13,24268.0,2024-05-19,0.076,829,2,4.6,1,0,0.0,Defaulted,165,12,Home Visit,14538.0,1
TCU-00758,Lobatse,LO003,Agriculture Loan,68,Student,4160.0,82600.0,23.89,36,3236.0,17,37272.0,2024-01-31,0.7779,752,0,1.3,0,1,179764.0,Defaulted,255,5,None,27615.0,1
TCU-00759,Gaborone Main,LO007,Vehicle Loan,59,Government Employee,24203.0,295800.0,16.85,36,10524.0,16,159094.0,2024-02-28,0.4348,850,2,29.7,0,0,0.0,Current,0,0,None,0.0,0
TCU-00760,Francistown,LO003,Education Loan,40,Self-Employed,33260.0,290300.0,15.89,48,8211.0,15,174152.0,2024-03-19,0.2469,850,2,9.0,0,1,419500.0,Early (1–29 days),20,1,None,0.0,0
TCU-00761,Maun,LO008,Vehicle Loan,25,Government Employee,13871.0,125000.0,16.5,60,3073.0,13,89180.0,2024-06-02,0.2215,704,0,8.4,0,1,240531.0,Current,0,0,None,0.0,0
TCU-00762,Gaborone Main,LO018,Agriculture Loan,46,Student,1638.0,22200.0,12.23,60,496.0,2,20231.0,2025-04-16,0.3028,647,2,1.0,0,0,0.0,Current,0,0,None,0.0,0
TCU-00763,Maun,LO002,Personal Loan,26,Government Employee,22709.0,255600.0,22.3,60,7103.0,18,159103.0,2024-01-06,0.3128,818,1,16.7,0,0,0.0,Current,0,0,None,0.0,0
TCU-00764,Gaborone Main,LO013,Home Loan,34,Pensioner,5453.0,32200.0,14.7,72,676.0,8,27446.0,2024-10-29,0.124,525,1,19.5,0,1,42050.0,Current,0,0,None,0.0,0
TCU-00765,Lobatse,LO014,Business Loan,30,Self-Employed,7747.0,94600.0,15.66,12,8568.0,4,56365.0,2025-02-03,1.106,752,0,22.6,1,0,0.0,Defaulted,296,6,Letter Sent,40837.0,1
TCU-00766,Francistown,LO010,Business Loan,43,Pensioner,9755.0,15100.0,9.81,48,382.0,7,11759.0,2024-11-11,0.0392,732,0,9.1,0,0,0.0,Current,0,0,None,0.0,0
TCU-00767,Maun,LO008,Education Loan,68,Government Employee,19856.0,416100.0,12.77,72,8302.0,13,313643.0,2024-05-17,0.4181,850,1,1.6,0,1,936242.0,Current,0,0,None,0.0,0
TCU-00768,Lobatse,LO009,Education Loan,44,Private Sector,13562.0,200400.0,11.94,24,9428.0,14,72103.0,2024-04-14,0.6952,760,2,13.9,0,0,0.0,Late (30–89 days),42,1,None,17905.0,1
TCU-00769,Selebi-Phikwe,LO007,Business Loan,65,Private Sector,15720.0,87700.0,22.18,84,2064.0,17,67049.0,2024-02-05,0.1313,850,1,15.4,1,1,128207.0,Current,0,0,None,0.0,0
TCU-00770,Lobatse,LO001,Personal Loan,57,Student,4690.0,7300.0,21.07,60,198.0,14,5038.0,2024-04-19,0.0422,680,1,16.7,1,1,6003.0,Current,0,0,None,0.0,0
TCU-00771,Maun,LO020,Personal Loan,53,Self-Employed,38573.0,458800.0,22.18,72,11577.0,10,359033.0,2024-08-06,0.3001,850,3,2.7,0,0,0.0,Current,0,0,None,0.0,0
TCU-00772,Maun,LO008,Business Loan,28,Pensioner,6382.0,156900.0,17.59,84,3260.0,4,131378.0,2025-02-21,0.5108,640,2,5.2,0,0,0.0,Current,0,0,None,0.0,0
TCU-00773,Gaborone Main,LO003,Home Loan,43,Farmer,14205.0,429400.0,13.06,60,9783.0,4,397207.0,2025-02-21,0.6887,839,0,23.9,0,0,0.0,Current,0,0,None,0.0,0
TCU-00774,Gaborone Main,LO004,Agriculture Loan,55,Student,1951.0,6300.0,9.15,24,288.0,16,1949.0,2024-02-26,0.1476,700,0,12.0,2,1,14371.0,Defaulted,168,10,None,843.0,1
TCU-00775,Francistown,LO007,Home Loan,35,Government Employee,23257.0,409600.0,16.39,24,20132.0,3,335393.0,2025-03-22,0.8656,742,1,17.1,2,0,0.0,Current,0,0,None,0.0,0
TCU-00776,Francistown,LO010,Education Loan,24,Government Employee,8084.0,114900.0,11.51,36,3789.0,10,76472.0,2024-08-31,0.4687,695,1,16.7,2,1,100929.0,Current,0,0,None,0.0,0
TCU-00777,Maun,LO015,Agriculture Loan,25,Government Employee,19797.0,28500.0,14.21,60,666.0,16,20283.0,2024-03-07,0.0336,795,0,29.9,3,0,0.0,Current,0,0,None,0.0,0
TCU-00778,Selebi-Phikwe,LO020,Education Loan,61,Student,4328.0,124800.0,21.37,72,3089.0,2,104765.0,2025-04-12,0.7137,758,1,4.8,1,0,0.0,Current,0,0,None,0.0,0
TCU-00779,Maun,LO001,Education Loan,58,Government Employee,23085.0,397200.0,21.78,24,20563.0,11,186374.0,2024-07-13,0.8908,850,0,23.5,1,1,698538.0,Late (30–89 days),69,1,Home Visit,64766.0,1
TCU-00780,Gaborone Main,LO015,Vehicle Loan,31,Farmer,14668.0,87700.0,20.11,36,3264.0,10,58778.0,2024-08-21,0.2225,672,0,20.3,0,1,106532.0,Current,0,0,None,0.0,0
TCU-00781,Gaborone Main,LO012,Vehicle Loan,23,Self-Employed,35942.0,75500.0,19.27,60,1970.0,3,64639.0,2025-03-20,0.0548,850,0,17.9,0,0,0.0,Current,0,0,None,0.0,0
TCU-00782,Selebi-Phikwe,LO012,Vehicle Loan,46,Pensioner,7782.0,80200.0,17.21,84,1649.0,3,66875.0,2025-03-12,0.2119,690,2,26.5,1,0,0.0,Current,0,0,None,0.0,0
TCU-00783,Francistown,LO009,Vehicle Loan,29,Self-Employed,23493.0,387500.0,13.32,60,8880.0,8,316995.0,2024-10-05,0.378,850,4,14.6,0,1,871392.0,Current,0,0,None,0.0,0
TCU-00784,Gaborone Main,LO013,Education Loan,26,Government Employee,11435.0,37000.0,17.98,84,777.0,17,25297.0,2024-01-27,0.0679,726,0,16.1,0,1,48032.0,Current,0,0,None,0.0,0
TCU-00785,Francistown,LO017,Business Loan,51,Farmer,13462.0,322800.0,18.22,12,29628.0,5,166283.0,2025-01-12,2.2009,790,1,13.6,0,1,650228.0,Late (30–89 days),55,2,Legal Notice,44539.0,1
TCU-00786,Gaborone Main,LO018,Personal Loan,30,Self-Employed,30851.0,314600.0,15.85,48,8892.0,16,209167.0,2024-02-18,0.2882,850,1,28.0,0,0,0.0,Current,0,0,None,0.0,0
TCU-00787,Francistown,LO007,Business Loan,38,Government Employee,15716.0,36100.0,22.94,36,1396.0,12,21188.0,2024-06-24,0.0888,841,1,27.9,0,1,90011.0,Early (1–29 days),6,1,None,0.0,0
TCU-00788,Gaborone Main,LO008,Vehicle Loan,22,Farmer,5856.0,121200.0,10.55,48,3106.0,6,96123.0,2024-12-19,0.5304,627,0,13.7,2,1,160235.0,Current,0,0,None,0.0,0
TCU-00789,Gaborone Main,LO005,Vehicle Loan,59,Self-Employed,14585.0,162400.0,15.18,36,5644.0,16,79890.0,2024-02-24,0.387,832,0,14.4,0,1,257802.0,Current,0,0,None,0.0,0
TCU-00790,Gaborone Main,LO006,Agriculture Loan,33,Government Employee,9569.0,234100.0,16.81,24,11553.0,14,92103.0,2024-04-14,1.2073,761,0,28.0,0,0,0.0,Current,0,0,None,0.0,0
TCU-00791,Selebi-Phikwe,LO008,Vehicle Loan,65,Pensioner,9200.0,154800.0,12.27,12,13773.0,12,0.0,2024-06-30,1.4971,839,0,17.4,0,0,0.0,Current,0,0,None,0.0,0
TCU-00792,Selebi-Phikwe,LO004,Vehicle Loan,62,Farmer,8740.0,107500.0,16.2,48,3058.0,13,76741.0,2024-05-30,0.3499,765,0,23.1,0,1,206416.0,Current,0,0,None,0.0,0
TCU-00793,Gaborone Main,LO013,Agriculture Loan,65,Private Sector,26963.0,389800.0,16.86,48,11219.0,14,263135.0,2024-04-17,0.4161,850,0,19.7,2,1,689966.0,Current,0,0,None,0.0,0
TCU-00794,Lobatse,LO019,Education Loan,60,Government Employee,21134.0,199700.0,17.94,36,7214.0,17,104656.0,2024-01-17,0.3413,850,0,27.6,1,0,0.0,Current,0,0,None,0.0,0
TCU-00795,Lobatse,LO009,Education Loan,56,Farmer,14629.0,152600.0,17.89,84,3197.0,15,118718.0,2024-03-08,0.2185,800,1,14.0,1,0,0.0,Current,0,0,None,0.0,0
TCU-00796,Lobatse,LO013,Vehicle Loan,33,Private Sector,15372.0,226400.0,18.68,12,20830.0,2,168146.0,2025-04-07,1.3551,840,2,28.9,0,0,0.0,Late (30–89 days),64,2,Called,32977.0,1
TCU-00797,Selebi-Phikwe,LO017,Vehicle Loan,61,Pensioner,8311.0,122400.0,13.46,60,2814.0,11,92372.0,2024-07-19,0.3386,760,1,20.6,0,0,0.0,Current,0,0,None,0.0,0
TCU-00798,Gaborone Main,LO012,Vehicle Loan,66,Self-Employed,17714.0,344400.0,17.32,12,31463.0,12,0.0,2024-05-07,1.7762,759,3,5.7,1,0,0.0,Defaulted,183,11,Legal Notice,0.0,1
TCU-00799,Francistown,LO012,Education Loan,47,Private Sector,13060.0,291400.0,10.56,60,6272.0,9,239870.0,2024-10-02,0.4802,801,3,16.6,2,0,0.0,Defaulted,297,5,None,124091.0,1
TCU-00800,Francistown,LO018,Home Loan,65,Self-Employed,30007.0,93100.0,23.15,48,2992.0,12,69496.0,2024-06-20,0.0997,850,0,28.4,0,0,0.0,Current,0,0,None,0.0,0
TCU-00801,Lobatse,LO004,Education Loan,28,Private Sector,23055.0,17700.0,18.51,60,454.0,9,14946.0,2024-09-26,0.0197,850,0,10.0,0,0,0.0,Current,0,0,None,0.0,0
TCU-00802,Gaborone Main,LO017,Education Loan,62,Pensioner,4447.0,171000.0,17.78,24,8519.0,16,50153.0,2024-02-18,1.9157,700,2,10.3,0,0,0.0,Defaulted,276,6,SMS Sent,28965.0,1
TCU-00803,Selebi-Phikwe,LO004,Home Loan,42,Self-Employed,33794.0,112200.0,11.19,60,2450.0,10,90941.0,2024-08-07,0.0725,850,1,7.5,0,0,0.0,Current,0,0,None,0.0,0
TCU-00804,Gaborone Main,LO010,Personal Loan,31,Student,1623.0,21100.0,18.04,12,1935.0,2,16427.0,2025-04-29,1.1922,651,1,25.1,1,1,29829.0,Defaulted,353,11,Letter Sent,10694.0,1
TCU-00805,Francistown,LO011,Education Loan,47,Private Sector,25418.0,216900.0,9.4,36,6938.0,4,186793.0,2025-03-01,0.273,842,0,5.4,0,1,297887.0,Current,0,0,None,0.0,0
TCU-00806,Lobatse,LO014,Home Loan,43,Student,4288.0,73000.0,18.01,24,3645.0,1,60817.0,2025-05-29,0.85,704,4,27.4,3,0,0.0,Late (30–89 days),38,1,SMS Sent,19499.0,1
TCU-00807,Maun,LO008,Education Loan,31,Self-Employed,27304.0,479400.0,10.53,84,8091.0,14,387474.0,2024-04-28,0.2963,850,0,10.5,0,1,899407.0,Current,0,0,None,0.0,0
TCU-00808,Lobatse,LO017,Education Loan,41,Self-Employed,17790.0,497600.0,16.1,48,14128.0,10,359843.0,2024-08-15,0.7942,799,3,23.8,1,1,747681.0,Late (30–89 days),84,1,Letter Sent,118680.0,1
TCU-00809,Lobatse,LO007,Business Loan,35,Government Employee,20029.0,57400.0,10.57,84,970.0,16,40377.0,2024-03-05,0.0484,729,1,19.0,0,1,117963.0,Current,0,0,None,0.0,0
TCU-00810,Francistown,LO018,Vehicle Loan,53,Private Sector,14280.0,342500.0,14.76,72,7198.0,15,257527.0,2024-03-30,0.5041,728,0,5.8,0,1,425583.0,Current,0,0,None,0.0,0
TCU-00811,Francistown,LO019,Personal Loan,30,Farmer,6905.0,123300.0,20.52,72,2991.0,2,108770.0,2025-04-09,0.4332,660,0,2.1,1,0,0.0,Current,0,0,None,0.0,0
TCU-00812,Francistown,LO007,Vehicle Loan,51,Student,4255.0,150900.0,18.66,24,7582.0,17,39562.0,2024-01-30,1.7819,663,0,17.5,0,0,0.0,Current,0,0,None,0.0,0
TCU-00813,Maun,LO019,Personal Loan,68,Farmer,10684.0,122900.0,12.17,24,5795.0,7,82527.0,2024-11-28,0.5424,785,1,26.9,0,0,0.0,Current,0,0,None,0.0,0
TCU-00814,Selebi-Phikwe,LO008,Business Loan,63,Farmer,12699.0,268600.0,17.35,36,9623.0,9,188686.0,2024-09-16,0.7578,766,4,15.2,1,1,622766.0,Current,0,0,None,0.0,0
TCU-00815,Lobatse,LO006,Vehicle Loan,22,Private Sector,7677.0,30300.0,22.47,48,962.0,1,28417.0,2025-05-24,0.1253,697,2,4.6,2,0,0.0,Late (30–89 days),31,1,Letter Sent,3799.0,1
TCU-00816,Gaborone Main,LO018,Business Loan,47,Student,2106.0,28100.0,17.09,60,700.0,2,25202.0,2025-04-21,0.3324,762,1,17.3,0,1,57829.0,Current,0,0,None,0.0,0
TCU-00817,Lobatse,LO013,Personal Loan,33,Private Sector,25169.0,396200.0,21.11,12,36913.0,11,28150.0,2024-07-25,1.4666,850,0,2.9,0,0,0.0,Late (30–89 days),52,1,None,9529.0,1
TCU-00818,Gaborone Main,LO005,Agriculture Loan,58,Government Employee,17812.0,366200.0,17.6,36,13166.0,17,166962.0,2024-01-25,0.7392,844,0,8.7,1,1,328251.0,Current,0,0,None,0.0,0
TCU-00819,Francistown,LO019,Vehicle Loan,52,Government Employee,9580.0,69400.0,9.25,24,3178.0,13,27588.0,2024-06-04,0.3317,821,3,28.8,0,0,0.0,Current,0,0,None,0.0,0
TCU-00820,Gaborone Main,LO004,Vehicle Loan,65,Government Employee,14846.0,48800.0,10.37,72,913.0,17,34183.0,2024-02-02,0.0615,850,2,20.0,2,0,0.0,Late (30–89 days),69,1,Legal Notice,3735.0,1
TCU-00821,Selebi-Phikwe,LO011,Business Loan,34,Farmer,9434.0,156400.0,22.09,84,3673.0,7,138563.0,2024-11-04,0.3893,799,0,3.5,0,0,0.0,Current,0,0,None,0.0,0
TCU-00822,Lobatse,LO011,Business Loan,43,Government Employee,10552.0,34700.0,21.52,60,949.0,11,27066.0,2024-07-17,0.0899,809,0,29.0,1,0,0.0,Current,0,0,None,0.0,0
TCU-00823,Lobatse,LO020,Home Loan,35,Student,1949.0,38300.0,8.76,12,3345.0,10,6354.0,2024-08-22,1.7163,680,1,11.1,0,1,50625.0,Late (30–89 days),31,2,None,2131.0,1
TCU-00824,Francistown,LO016,Personal Loan,31,Government Employee,15182.0,65700.0,12.08,48,1733.0,8,47033.0,2024-10-11,0.1141,802,1,2.3,1,0,0.0,Early (1–29 days),8,1,None,0.0,0
TCU-00825,Maun,LO017,Agriculture Loan,30,Private Sector,28684.0,148700.0,23.27,24,7808.0,17,38308.0,2024-01-08,0.2722,850,0,4.2,0,0,0.0,Current,0,0,None,0.0,0
TCU-00826,Maun,LO014,Home Loan,62,Farmer,10475.0,158800.0,20.56,36,5947.0,5,122079.0,2025-01-15,0.5677,737,2,28.4,0,0,0.0,Current,0,0,None,0.0,0
TCU-00827,Gaborone Main,LO018,Personal Loan,22,Government Employee,21076.0,259500.0,9.1,12,22706.0,4,161422.0,2025-02-26,1.0773,850,2,3.2,0,1,447750.0,Current,0,0,None,0.0,0
TCU-00828,Francistown,LO019,Personal Loan,50,Government Employee,22763.0,127300.0,9.44,12,11159.0,11,9826.0,2024-07-19,0.4902,850,1,3.5,0,0,0.0,Current,0,0,None,0.0,0
TCU-00829,Lobatse,LO009,Vehicle Loan,40,Self-Employed,14809.0,91600.0,19.41,12,8459.0,12,0.0,2024-01-18,0.5712,814,1,11.0,0,1,112796.0,Early (1–29 days),7,1,None,0.0,0
TCU-00830,Lobatse,LO013,Business Loan,64,Private Sector,25742.0,222500.0,12.44,48,5907.0,4,186728.0,2025-02-07,0.2295,850,0,10.9,0,1,230282.0,Late (30–89 days),33,2,Home Visit,37485.0,1
TCU-00831,Maun,LO019,Personal Loan,28,Self-Employed,31183.0,30000.0,17.62,72,678.0,2,25336.0,2025-04-23,0.0217,850,1,17.8,0,0,0.0,Current,0,0,None,0.0,0
TCU-00832,Maun,LO019,Personal Loan,67,Student,2603.0,67900.0,13.41,24,3241.0,16,20106.0,2024-02-13,1.2451,727,1,1.6,0,0,0.0,Late (30–89 days),88,2,Legal Notice,5948.0,1
TCU-00833,Francistown,LO003,Business Loan,53,Student,3121.0,14800.0,14.93,60,352.0,8,11099.0,2024-10-26,0.1128,818,0,14.8,2,1,26207.0,Current,0,0,None,0.0,0
TCU-00834,Francistown,LO017,Agriculture Loan,49,Private Sector,20183.0,259200.0,10.27,60,5542.0,3,239112.0,2025-04-01,0.2746,774,0,24.8,0,0,0.0,Current,0,0,None,0.0,0
TCU-00835,Gaborone Main,LO017,Vehicle Loan,35,Farmer,12838.0,73400.0,9.88,12,6449.0,12,0.0,2024-06-11,0.5023,708,1,8.2,1,0,0.0,Current,0,0,None,0.0,0
TCU-00836,Lobatse,LO019,Education Loan,45,Student,3584.0,123700.0,15.45,24,6024.0,14,44456.0,2024-04-24,1.6808,610,1,1.2,1,1,222536.0,Defaulted,350,3,SMS Sent,34093.0,1
TCU-00837,Maun,LO010,Education Loan,56,Farmer,4659.0,85300.0,22.14,36,3264.0,10,57642.0,2024-08-26,0.7006,648,1,0.8,0,0,0.0,Late (30–89 days),60,2,SMS Sent,12584.0,1
TCU-00838,Selebi-Phikwe,LO019,Personal Loan,33,Private Sector,13189.0,268600.0,18.85,24,13520.0,1,244834.0,2025-05-26,1.0251,780,1,23.8,0,1,627578.0,Current,0,0,None,0.0,0
TCU-00839,Gaborone Main,LO009,Personal Loan,64,Farmer,10066.0,28500.0,22.52,12,2675.0,3,18529.0,2025-03-09,0.2657,721,1,7.8,0,0,0.0,Current,0,0,None,0.0,0
TCU-00840,Maun,LO004,Vehicle Loan,68,Farmer,9972.0,283600.0,18.44,24,14219.0,8,178857.0,2024-10-26,1.4259,822,3,27.8,1,1,520889.0,Late (30–89 days),46,2,Home Visit,19031.0,1
TCU-00841,Francistown,LO003,Vehicle Loan,54,Self-Employed,4418.0,19000.0,10.71,36,619.0,9,13877.0,2024-09-05,0.1401,645,0,15.3,0,0,0.0,Current,0,0,None,0.0,0
TCU-00842,Lobatse,LO002,Vehicle Loan,54,Private Sector,9299.0,97600.0,23.85,84,2399.0,3,88495.0,2025-03-31,0.258,798,0,1.2,1,1,90334.0,Late (30–89 days),87,1,Legal Notice,16764.0,1
TCU-00843,Francistown,LO014,Personal Loan,62,Private Sector,11584.0,140400.0,8.51,24,6383.0,9,75164.0,2024-09-11,0.551,793,0,10.3,1,1,151839.0,Current,0,0,None,0.0,0
TCU-00844,Gaborone Main,LO020,Personal Loan,31,Self-Employed,19441.0,437200.0,19.3,36,16092.0,17,223396.0,2024-01-29,0.8277,850,1,25.4,0,0,0.0,Early (1–29 days),17,1,None,0.0,0
TCU-00845,Maun,LO020,Education Loan,30,Student,3506.0,9400.0,16.89,72,209.0,18,6909.0,2024-01-03,0.0596,577,0,2.8,0,1,23425.0,Current,0,0,None,0.0,0
TCU-00846,Selebi-Phikwe,LO009,Education Loan,47,Student,2978.0,67900.0,22.68,72,1734.0,4,61208.0,2025-02-09,0.5823,697,1,9.7,0,0,0.0,Current,0,0,None,0.0,0
TCU-00847,Maun,LO002,Personal Loan,59,Self-Employed,8468.0,87500.0,11.3,84,1512.0,1,86389.0,2025-05-04,0.1786,761,3,1.8,0,1,132844.0,Current,0,0,None,0.0,0
TCU-00848,Francistown,LO014,Home Loan,57,Farmer,5983.0,184400.0,10.05,60,3922.0,9,140932.0,2024-09-23,0.6555,850,1,11.7,0,1,353183.0,Current,0,0,None,0.0,0
TCU-00849,Francistown,LO002,Home Loan,59,Self-Employed,37138.0,342800.0,12.75,72,6836.0,3,300495.0,2025-03-21,0.1841,850,1,5.3,1,0,0.0,Current,0,0,None,0.0,0
TCU-00850,Lobatse,LO001,Education Loan,50,Self-Employed,20222.0,385200.0,23.45,24,20260.0,17,102662.0,2024-01-30,1.0019,850,0,23.6,0,1,557825.0,Current,0,0,None,0.0,0
TCU-00851,Maun,LO002,Personal Loan,43,Student,2888.0,44200.0,12.05,12,3928.0,12,0.0,2024-01-10,1.3601,654,0,5.7,0,0,0.0,Late (30–89 days),86,2,Home Visit,0.0,1
TCU-00852,Francistown,LO011,Education Loan,41,Farmer,3808.0,8500.0,12.85,12,759.0,12,0.0,2024-04-04,0.1993,644,4,15.3,2,1,14272.0,Late (30–89 days),78,1,Legal Notice,0.0,1
TCU-00853,Selebi-Phikwe,LO016,Education Loan,55,Farmer,4534.0,38200.0,17.73,36,1376.0,3,34653.0,2025-03-30,0.3035,822,0,4.5,1,0,0.0,Current,0,0,None,0.0,0
TCU-00854,Gaborone Main,LO006,Personal Loan,31,Student,2214.0,35600.0,22.21,36,1363.0,10,23513.0,2024-08-21,0.6156,556,1,22.0,1,1,56392.0,Current,0,0,None,0.0,0
TCU-00855,Francistown,LO010,Business Loan,38,Pensioner,4740.0,115400.0,16.3,36,4074.0,5,96345.0,2025-01-05,0.8595,726,0,28.4,0,0,0.0,Current,0,0,None,0.0,0
TCU-00856,Gaborone Main,LO005,Business Loan,34,Government Employee,10621.0,181800.0,20.43,60,4860.0,1,170247.0,2025-05-18,0.4576,724,1,24.6,0,1,384514.0,Current,0,0,None,0.0,0
TCU-00857,Francistown,LO016,Business Loan,63,Student,1607.0,40800.0,14.38,24,1966.0,15,15065.0,2024-03-15,1.2234,692,1,24.1,0,0,0.0,Current,0,0,None,0.0,0
TCU-00858,Francistown,LO002,Vehicle Loan,67,Student,3631.0,37600.0,19.65,60,989.0,13,26214.0,2024-05-28,0.2724,733,3,10.3,0,1,32366.0,Current,0,0,None,0.0,0
TCU-00859,Gaborone Main,LO013,Vehicle Loan,28,Pensioner,6845.0,138700.0,21.56,36,5265.0,12,82464.0,2024-06-25,0.7692,677,0,8.2,0,1,304178.0,Current,0,0,None,0.0,0
TCU-00860,Selebi-Phikwe,LO018,Personal Loan,61,Private Sector,6374.0,178000.0,20.91,72,4358.0,7,142398.0,2024-11-24,0.6837,831,1,4.8,0,1,342440.0,Current,0,0,None,0.0,0
TCU-00861,Selebi-Phikwe,LO019,Education Loan,58,Pensioner,7087.0,111000.0,19.2,12,10240.0,7,46203.0,2024-11-09,1.4449,711,0,14.6,0,1,114752.0,Late (30–89 days),35,2,Called,12827.0,1
TCU-00862,Francistown,LO018,Agriculture Loan,39,Private Sector,11433.0,170400.0,12.19,84,3025.0,14,123915.0,2024-04-15,0.2646,820,0,19.6,0,1,402811.0,Current,0,0,None,0.0,0
TCU-00863,Lobatse,LO002,Agriculture Loan,33,Pensioner,7468.0,60900.0,10.38,84,1023.0,14,43251.0,2024-04-29,0.137,712,0,20.9,0,1,60586.0,Current,0,0,None,0.0,0
TCU-00864,Selebi-Phikwe,LO013,Personal Loan,64,Pensioner,4067.0,21600.0,14.28,84,408.0,15,15850.0,2024-04-05,0.1003,849,3,7.4,0,0,0.0,Current,0,0,None,0.0,0
TCU-00865,Selebi-Phikwe,LO009,Vehicle Loan,54,Government Employee,21312.0,277400.0,10.64,36,9035.0,7,203640.0,2024-11-12,0.4239,850,1,3.4,0,0,0.0,Current,0,0,None,0.0,0
TCU-00866,Maun,LO009,Home Loan,33,Government Employee,24192.0,221600.0,9.66,12,19447.0,12,0.0,2024-02-17,0.8039,850,4,20.2,0,1,182193.0,Current,0,0,None,0.0,0
TCU-00867,Gaborone Main,LO008,Home Loan,27,Student,1506.0,17100.0,14.68,84,327.0,9,14747.0,2024-10-02,0.2171,553,0,23.3,1,1,29617.0,Current,0,0,None,0.0,0
TCU-00868,Lobatse,LO013,Business Loan,58,Pensioner,6330.0,7700.0,12.13,48,203.0,14,5023.0,2024-05-01,0.0321,749,4,20.0,0,0,0.0,Current,0,0,None,0.0,0
TCU-00869,Selebi-Phikwe,LO003,Education Loan,33,Self-Employed,20361.0,348100.0,12.17,12,30956.0,12,0.0,2024-03-30,1.5204,850,0,25.6,0,0,0.0,Late (30–89 days),30,2,Legal Notice,0.0,1
TCU-00870,Maun,LO005,Personal Loan,22,Pensioner,8704.0,113500.0,23.56,12,10708.0,2,87300.0,2025-04-16,1.2302,617,0,3.2,1,1,165104.0,Defaulted,128,4,None,56205.0,1
TCU-00871,Maun,LO003,Education Loan,57,Private Sector,23106.0,73200.0,12.63,24,3467.0,13,31553.0,2024-05-24,0.15,829,0,2.1,1,0,0.0,Current,0,0,None,0.0,0
TCU-00872,Lobatse,LO012,Agriculture Loan,30,Government Employee,12992.0,320900.0,13.44,84,5915.0,13,230669.0,2024-05-09,0.4553,756,1,4.2,1,1,256753.0,Early (1–29 days),21,1,None,0.0,0
TCU-00873,Maun,LO014,Home Loan,47,Private Sector,28815.0,109600.0,10.61,84,1854.0,2,106860.0,2025-04-26,0.0643,803,1,26.7,2,1,98563.0,Current,0,0,None,0.0,0
TCU-00874,Francistown,LO009,Agriculture Loan,55,Private Sector,16863.0,255500.0,9.62,60,5381.0,5,199297.0,2025-01-17,0.3191,832,0,23.7,2,0,0.0,Late (30–89 days),37,2,Legal Notice,68495.0,1
TCU-00875,Gaborone Main,LO003,Home Loan,33,Farmer,5231.0,69200.0,20.03,24,3523.0,3,51951.0,2025-03-27,0.6735,638,0,2.6,0,1,57090.0,Current,0,0,None,0.0,0
TCU-00876,Lobatse,LO019,Home Loan,63,Government Employee,17550.0,125800.0,21.07,24,6469.0,2,105167.0,2025-04-24,0.3686,840,1,6.8,1,1,227925.0,Current,0,0,None,0.0,0
TCU-00877,Lobatse,LO017,Business Loan,68,Government Employee,24616.0,151000.0,16.85,24,7455.0,15,48433.0,2024-03-13,0.3029,850,2,20.1,0,0,0.0,Current,0,0,None,0.0,0
TCU-00878,Selebi-Phikwe,LO009,Education Loan,68,Self-Employed,31502.0,172000.0,22.74,48,5488.0,16,104444.0,2024-03-02,0.1742,850,0,16.6,0,1,194254.0,Current,0,0,None,0.0,0
TCU-00879,Lobatse,LO007,Education Loan,41,Pensioner,5822.0,86600.0,14.43,84,1644.0,8,71370.0,2024-11-01,0.2824,708,0,13.6,0,1,76659.0,Current,0,0,None,0.0,0
TCU-00880,Francistown,LO007,Education Loan,45,Farmer,5193.0,130600.0,16.88,36,4648.0,7,91115.0,2024-11-28,0.8951,712,1,21.1,1,0,0.0,Current,0,0,None,0.0,0
TCU-00881,Selebi-Phikwe,LO017,Vehicle Loan,27,Government Employee,9611.0,13600.0,13.59,36,462.0,3,11872.0,2025-03-31,0.0481,794,0,1.2,1,1,16286.0,Current,0,0,None,0.0,0
TCU-00882,Francistown,LO001,Personal Loan,27,Student,3834.0,64600.0,20.67,60,1736.0,6,57023.0,2024-12-31,0.4528,679,0,5.2,0,0,0.0,Late (30–89 days),37,2,None,8762.0,1
TCU-00883,Lobatse,LO009,Vehicle Loan,33,Self-Employed,26814.0,20800.0,12.88,84,377.0,1,17777.0,2025-05-19,0.0141,850,0,18.1,0,1,42918.0,Current,0,0,None,0.0,0
TCU-00884,Gaborone Main,LO001,Vehicle Loan,64,Government Employee,12893.0,105400.0,13.21,72,2128.0,17,70892.0,2024-01-13,0.1651,826,3,4.0,0,1,89952.0,Late (30–89 days),69,2,Legal Notice,8231.0,1
TCU-00885,Lobatse,LO004,Business Loan,41,Student,4967.0,75700.0,22.32,60,2105.0,5,62585.0,2025-01-02,0.4238,687,1,10.5,0,1,64840.0,Current,0,0,None,0.0,0
TCU-00886,Gaborone Main,LO013,Education Loan,22,Student,3000.0,111900.0,9.41,60,2345.0,5,98223.0,2025-01-31,0.7817,498,1,1.8,0,1,180637.0,Current,0,0,None,0.0,0
TCU-00887,Francistown,LO019,Home Loan,35,Student,2574.0,94400.0,21.86,12,8829.0,12,0.0,2024-01-03,3.4301,553,2,10.4,0,1,131357.0,Defaulted,342,6,Letter Sent,0.0,1
TCU-00888,Selebi-Phikwe,LO006,Home Loan,38,Private Sector,8538.0,53300.0,9.45,24,2446.0,13,21567.0,2024-06-02,0.2865,743,0,10.3,0,1,113991.0,Current,0,0,None,0.0,0
TCU-00889,Maun,LO008,Personal Loan,65,Government Employee,18833.0,280100.0,14.92,36,9699.0,9,179003.0,2024-09-05,0.515,850,0,13.6,1,0,0.0,Defaulted,261,10,Legal Notice,98512.0,1
TCU-00890,Selebi-Phikwe,LO011,Education Loan,57,Pensioner,9164.0,84500.0,17.7,48,2469.0,7,63164.0,2024-11-15,0.2694,742,0,28.6,0,0,0.0,Current,0,0,None,0.0,0
TCU-00891,Maun,LO012,Education Loan,31,Farmer,5238.0,109300.0,22.29,72,2765.0,13,76145.0,2024-05-09,0.5279,645,0,5.3,1,0,0.0,Current,0,0,None,0.0,0
TCU-00892,Lobatse,LO006,Personal Loan,28,Student,2734.0,97200.0,16.59,48,2784.0,18,57892.0,2024-01-05,1.0183,648,1,13.3,1,1,112698.0,Late (30–89 days),35,2,Home Visit,14024.0,1
TCU-00893,Francistown,LO004,Vehicle Loan,66,Farmer,9672.0,11400.0,23.88,36,447.0,10,7590.0,2024-08-30,0.0462,793,3,2.5,3,0,0.0,Defaulted,335,5,Letter Sent,5781.0,1
TCU-00894,Gaborone Main,LO004,Education Loan,43,Self-Employed,8972.0,165200.0,8.52,24,7511.0,10,90802.0,2024-08-06,0.8372,639,1,18.9,1,1,318212.0,Late (30–89 days),47,2,Letter Sent,20142.0,1
TCU-00895,Francistown,LO017,Agriculture Loan,63,Private Sector,8633.0,223900.0,14.08,60,5219.0,11,174654.0,2024-07-19,0.6045,722,2,4.3,0,0,0.0,Current,0,0,None,0.0,0
TCU-00896,Selebi-Phikwe,LO016,Home Loan,30,Private Sector,26412.0,384100.0,12.28,72,7565.0,11,278628.0,2024-07-17,0.2864,793,2,4.4,0,1,337992.0,Current,0,0,None,0.0,0
TCU-00897,Lobatse,LO008,Vehicle Loan,25,Self-Employed,20449.0,452000.0,9.99,60,9601.0,10,327626.0,2024-08-17,0.4695,822,0,18.1,0,0,0.0,Current,0,0,None,0.0,0
TCU-00898,Gaborone Main,LO006,Education Loan,46,Pensioner,8494.0,35900.0,20.67,36,1346.0,9,26287.0,2024-09-10,0.1585,738,2,24.7,0,1,38619.0,Current,0,0,None,0.0,0
TCU-00899,Selebi-Phikwe,LO001,Education Loan,29,Farmer,3671.0,87000.0,23.52,48,2813.0,4,73296.0,2025-02-06,0.7663,653,0,21.2,2,1,145346.0,Late (30–89 days),49,2,Letter Sent,21600.0,1
TCU-00900,Gaborone Main,LO015,Vehicle Loan,41,Student,2870.0,20200.0,20.44,72,489.0,10,16266.0,2024-08-18,0.1704,540,0,9.4,0,1,22677.0,Current,0,0,None,0.0,0
TCU-00901,Maun,LO005,Home Loan,29,Government Employee,11680.0,47300.0,21.35,36,1791.0,7,33911.0,2024-11-24,0.1533,783,3,19.3,2,1,77482.0,Current,0,0,None,0.0,0
TCU-00902,Francistown,LO008,Agriculture Loan,61,Farmer,6734.0,28300.0,17.81,72,642.0,5,23426.0,2025-01-24,0.0953,818,0,10.5,0,1,69100.0,Current,0,0,None,0.0,0
TCU-00903,Gaborone Main,LO012,Education Loan,33,Self-Employed,12491.0,247300.0,23.22,12,23291.0,10,35514.0,2024-09-03,1.8646,731,1,15.2,0,0,0.0,Defaulted,329,9,Legal Notice,28847.0,1
TCU-00904,Selebi-Phikwe,LO011,Vehicle Loan,65,Self-Employed,18450.0,361700.0,23.85,72,9490.0,6,328922.0,2024-12-09,0.5144,815,0,7.6,0,1,816472.0,Current,0,0,None,0.0,0
TCU-00905,Gaborone Main,LO014,Business Loan,54,Farmer,13871.0,44800.0,12.93,12,4000.0,12,0.0,2024-01-09,0.2884,850,3,9.5,0,1,93753.0,Current,0,0,None,0.0,0
TCU-00906,Selebi-Phikwe,LO010,Vehicle Loan,58,Farmer,5181.0,56800.0,15.52,36,1983.0,13,32150.0,2024-05-19,0.3827,660,2,17.9,0,1,57272.0,Current,0,0,None,0.0,0
TCU-00907,Lobatse,LO019,Business Loan,38,Student,2367.0,99000.0,21.16,36,3738.0,7,78388.0,2024-11-20,1.5792,680,1,12.7,0,1,96745.0,Early (1–29 days),21,1,None,0.0,0
TCU-00908,Gaborone Main,LO016,Education Loan,65,Student,4377.0,32300.0,10.36,36,1048.0,2,26352.0,2025-04-02,0.2394,836,3,8.8,0,1,79073.0,Current,0,0,None,0.0,0
TCU-00909,Maun,LO009,Agriculture Loan,54,Farmer,10806.0,23900.0,16.21,72,521.0,12,19527.0,2024-06-16,0.0482,850,1,12.6,0,0,0.0,Current,0,0,None,0.0,0
TCU-00910,Selebi-Phikwe,LO013,Agriculture Loan,30,Pensioner,5943.0,54900.0,10.23,12,4832.0,12,0.0,2024-02-17,0.8131,638,1,11.0,0,1,94039.0,Defaulted,278,8,None,0.0,1
TCU-00911,Gaborone Main,LO005,Vehicle Loan,24,Government Employee,22558.0,57500.0,13.29,36,1945.0,2,51557.0,2025-04-19,0.0862,850,0,9.4,3,0,0.0,Defaulted,201,9,None,32898.0,1
TCU-00912,Selebi-Phikwe,LO006,Personal Loan,66,Government Employee,11374.0,137300.0,13.94,24,6588.0,4,100275.0,2025-02-04,0.5792,791,2,18.2,0,0,0.0,Current,0,0,None,0.0,0
TCU-00913,Lobatse,LO012,Agriculture Loan,68,Self-Employed,28584.0,78400.0,10.84,72,1486.0,3,66420.0,2025-03-29,0.052,850,1,5.6,0,0,0.0,Current,0,0,None,0.0,0
TCU-00914,Francistown,LO005,Business Loan,36,Self-Employed,19236.0,105200.0,9.04,48,2620.0,15,71320.0,2024-04-03,0.1362,735,1,14.0,0,1,173193.0,Current,0,0,None,0.0,0
TCU-00915,Gaborone Main,LO004,Personal Loan,34,Farmer,8897.0,20100.0,18.49,84,428.0,10,17423.0,2024-08-15,0.0481,641,4,21.3,3,1,43203.0,Current,0,0,None,0.0,0
TCU-00916,Selebi-Phikwe,LO016,Business Loan,56,Self-Employed,15675.0,69900.0,11.75,24,3282.0,13,27913.0,2024-06-05,0.2094,797,0,21.5,0,1,128101.0,Current,0,0,None,0.0,0
TCU-00917,Lobatse,LO005,Agriculture Loan,64,Student,4355.0,132900.0,11.35,72,2554.0,6,110953.0,2024-12-28,0.5865,647,1,29.8,0,0,0.0,Current,0,0,None,0.0,0
TCU-00918,Francistown,LO003,Agriculture Loan,68,Farmer,4377.0,27300.0,20.79,36,1026.0,14,16252.0,2024-04-17,0.2344,813,0,20.2,0,0,0.0,Current,0,0,None,0.0,0
TCU-00919,Gaborone Main,LO008,Vehicle Loan,31,Government Employee,10967.0,202200.0,12.95,48,5420.0,10,149772.0,2024-08-22,0.4942,711,0,9.8,0,1,286033.0,Current,0,0,None,0.0,0
TCU-00920,Gaborone Main,LO012,Personal Loan,62,Student,2998.0,12800.0,17.28,72,287.0,6,10554.0,2024-12-16,0.0957,623,0,17.3,0,0,0.0,Current,0,0,None,0.0,0
TCU-00921,Selebi-Phikwe,LO012,Business Loan,50,Pensioner,4361.0,145700.0,8.78,24,6642.0,3,127036.0,2025-03-21,1.523,688,3,15.1,0,0,0.0,Defaulted,127,6,None,83489.0,1
TCU-00922,Selebi-Phikwe,LO015,Education Loan,49,Pensioner,7399.0,12400.0,23.3,48,399.0,10,8453.0,2024-08-08,0.0539,708,1,26.8,0,0,0.0,Current,0,0,None,0.0,0
TCU-00923,Gaborone Main,LO015,Home Loan,46,Student,3934.0,100600.0,15.86,60,2439.0,3,86287.0,2025-03-06,0.62,763,3,20.7,2,0,0.0,Late (30–89 days),35,2,Called,15722.0,1
TCU-00924,Lobatse,LO011,Business Loan,23,Pensioner,5399.0,18900.0,17.58,36,679.0,17,9638.0,2024-01-25,0.1258,537,1,11.7,3,0,0.0,Current,0,0,None,0.0,0
TCU-00925,Gaborone Main,LO005,Vehicle Loan,67,Government Employee,24459.0,156600.0,16.94,84,3195.0,3,139600.0,2025-03-21,0.1306,850,1,9.6,2,1,178872.0,Current,0,0,None,0.0,0
TCU-00926,Gaborone Main,LO001,Vehicle Loan,38,Self-Employed,12794.0,69700.0,11.59,60,1536.0,5,63653.0,2025-01-30,0.1201,822,1,18.7,3,1,68783.0,Current,0,0,None,0.0,0
TCU-00927,Francistown,LO011,Business Loan,66,Farmer,3595.0,45100.0,8.62,36,1426.0,6,32567.0,2024-12-24,0.3967,658,1,13.1,0,1,60155.0,Current,0,0,None,0.0,0
TCU-00928,Lobatse,LO013,Home Loan,58,Self-Employed,37214.0,220100.0,13.13,36,7430.0,9,161971.0,2024-09-25,0.1997,850,3,9.1,0,0,0.0,Current,0,0,None,0.0,0
TCU-00929,Lobatse,LO020,Education Loan,29,Farmer,5935.0,168400.0,23.14,36,6531.0,8,122693.0,2024-10-09,1.1004,656,0,12.6,0,0,0.0,Current,0,0,None,0.0,0
TCU-00930,Lobatse,LO011,Education Loan,36,Government Employee,15142.0,241100.0,23.0,60,6797.0,9,177261.0,2024-10-03,0.4489,850,0,29.0,3,0,0.0,Late (30–89 days),41,1,SMS Sent,55856.0,1
TCU-00931,Maun,LO017,Home Loan,52,Self-Employed,10938.0,298700.0,14.24,48,8198.0,13,213200.0,2024-05-15,0.7495,801,0,8.7,0,1,710646.0,Current,0,0,None,0.0,0
TCU-00932,Maun,LO004,Business Loan,23,Private Sector,24691.0,413300.0,13.67,48,11226.0,6,336075.0,2024-12-30,0.4547,850,1,6.1,0,0,0.0,Current,0,0,None,0.0,0
TCU-00933,Lobatse,LO020,Business Loan,49,Government Employee,24054.0,183400.0,13.12,36,6190.0,7,134366.0,2024-12-01,0.2573,850,3,16.7,0,1,424282.0,Current,0,0,None,0.0,0
TCU-00934,Francistown,LO007,Home Loan,30,Government Employee,15778.0,122200.0,18.67,12,11242.0,7,45051.0,2024-11-04,0.7125,796,1,17.6,0,0,0.0,Current,0,0,None,0.0,0
TCU-00935,Lobatse,LO011,Agriculture Loan,23,Government Employee,20033.0,294900.0,14.41,60,6925.0,16,188784.0,2024-02-21,0.3457,811,1,14.9,2,1,368018.0,Current,0,0,None,0.0,0
TCU-00936,Francistown,LO018,Home Loan,25,Private Sector,28734.0,408500.0,17.95,36,14758.0,3,340243.0,2025-03-08,0.5136,850,0,22.7,1,0,0.0,Late (30–89 days),38,1,Called,87069.0,1
TCU-00937,Gaborone Main,LO005,Home Loan,22,Private Sector,15631.0,111700.0,22.11,24,5801.0,17,28765.0,2024-01-23,0.3711,754,0,20.9,0,1,176006.0,Late (30–89 days),84,2,Home Visit,3898.0,1
TCU-00938,Maun,LO011,Business Loan,61,Pensioner,9392.0,40300.0,14.24,12,3623.0,12,0.0,2024-03-21,0.3858,839,0,7.3,0,0,0.0,Early (1–29 days),9,1,None,0.0,0
TCU-00939,Gaborone Main,LO005,Education Loan,67,Private Sector,13104.0,184200.0,17.51,72,4150.0,17,121520.0,2024-01-17,0.3167,790,1,4.4,0,1,284937.0,Current,0,0,None,0.0,0
TCU-00940,Selebi-Phikwe,LO004,Vehicle Loan,64,Pensioner,7853.0,96400.0,12.54,12,8589.0,11,7944.0,2024-07-06,1.0937,614,0,11.1,0,1,227971.0,Current,0,0,None,0.0,0
TCU-00941,Gaborone Main,LO006,Business Loan,43,Pensioner,5900.0,76000.0,20.62,36,2848.0,5,59498.0,2025-01-29,0.4827,608,3,21.9,0,1,92984.0,Current,0,0,None,0.0,0
TCU-00942,Francistown,LO003,Personal Loan,33,Government Employee,24649.0,186600.0,16.46,24,9178.0,6,139583.0,2024-12-20,0.3723,848,1,24.3,1,1,439958.0,Late (30–89 days),84,1,Home Visit,44072.0,1
TCU-00943,Gaborone Main,LO008,Education Loan,40,Student,2029.0,31100.0,18.07,72,711.0,6,24994.0,2024-12-29,0.3504,604,2,15.1,0,1,50904.0,Current,0,0,None,0.0,0
TCU-00944,Francistown,LO001,Home Loan,51,Private Sector,26572.0,56600.0,11.23,72,1084.0,7,48684.0,2024-11-24,0.0408,850,0,26.4,0,0,0.0,Early (1–29 days),18,1,None,0.0,0
TCU-00945,Maun,LO010,Home Loan,34,Private Sector,16628.0,14200.0,16.28,60,347.0,1,12934.0,2025-05-26,0.0209,743,0,1.1,0,0,0.0,Current,0,0,None,0.0,0
TCU-00946,Lobatse,LO011,Business Loan,44,Government Employee,21396.0,132400.0,19.38,24,6699.0,4,100852.0,2025-02-10,0.3131,832,1,5.2,1,0,0.0,Current,0,0,None,0.0,0
TCU-00947,Maun,LO006,Business Loan,53,Farmer,13945.0,12800.0,9.75,48,323.0,6,10432.0,2024-12-23,0.0232,850,0,11.4,1,1,23133.0,Current,0,0,None,0.0,0
TCU-00948,Gaborone Main,LO005,Education Loan,48,Private Sector,13626.0,352100.0,14.73,48,9751.0,9,263049.0,2024-09-07,0.7156,850,2,5.0,0,0,0.0,Current,0,0,None,0.0,0
TCU-00949,Selebi-Phikwe,LO003,Home Loan,24,Farmer,10959.0,15100.0,18.87,36,553.0,14,8113.0,2024-04-09,0.0505,706,1,25.6,0,0,0.0,Current,0,0,None,0.0,0
TCU-00950,Gaborone Main,LO006,Business Loan,26,Student,1830.0,61000.0,14.27,36,2093.0,14,35663.0,2024-04-25,1.1437,584,1,26.2,0,1,151612.0,Late (30–89 days),78,1,Letter Sent,8299.0,1
TCU-00951,Gaborone Main,LO013,Home Loan,57,Pensioner,9933.0,325100.0,18.94,12,29951.0,4,189999.0,2025-02-01,3.0153,850,1,19.3,0,0,0.0,Late (30–89 days),54,2,Home Visit,32384.0,1
TCU-00952,Gaborone Main,LO020,Vehicle Loan,41,Student,4035.0,54400.0,10.23,24,2516.0,3,46234.0,2025-03-22,0.6235,620,0,6.2,0,0,0.0,Defaulted,173,12,Called,23756.0,1
TCU-00953,Selebi-Phikwe,LO017,Education Loan,29,Self-Employed,31809.0,60400.0,15.8,60,1462.0,2,50972.0,2025-04-02,0.046,850,1,18.6,0,1,115235.0,Current,0,0,None,0.0,0
TCU-00954,Francistown,LO014,Vehicle Loan,23,Government Employee,14967.0,373800.0,19.45,12,34528.0,12,0.0,2024-01-06,2.3069,671,0,5.3,0,1,418857.0,Defaulted,254,3,Called,0.0,1
TCU-00955,Lobatse,LO008,Education Loan,39,Private Sector,23035.0,278800.0,11.01,48,7207.0,12,198435.0,2024-06-24,0.3129,788,0,12.2,0,1,439824.0,Current,0,0,None,0.0,0
TCU-00956,Lobatse,LO020,Vehicle Loan,57,Private Sector,22156.0,105900.0,21.13,48,3287.0,15,67408.0,2024-03-26,0.1484,850,1,26.6,3,0,0.0,Current,0,0,None,0.0,0
TCU-00957,Francistown,LO014,Education Loan,51,Government Employee,13180.0,5400.0,9.65,24,248.0,12,2376.0,2024-06-09,0.0188,802,0,16.4,0,0,0.0,Current,0,0,None,0.0,0
TCU-00958,Lobatse,LO016,Home Loan,68,Government Employee,20040.0,470800.0,8.81,48,11673.0,1,418510.0,2025-05-19,0.5825,850,1,13.0,0,1,842450.0,Defaulted,365,11,None,186322.0,1
TCU-00959,Gaborone Main,LO020,Business Loan,39,Private Sector,17210.0,200400.0,15.64,60,4835.0,14,138714.0,2024-04-23,0.2809,740,1,7.8,0,1,329801.0,Late (30–89 days),75,1,Home Visit,38198.0,1
TCU-00960,Selebi-Phikwe,LO018,Vehicle Loan,45,Student,4173.0,53500.0,21.36,24,2759.0,7,34759.0,2024-11-27,0.6612,643,0,15.5,0,0,0.0,Current,0,0,None,0.0,0
TCU-00961,Gaborone Main,LO015,Agriculture Loan,49,Student,2543.0,37800.0,8.85,36,1199.0,2,31109.0,2025-05-01,0.4715,632,4,9.5,1,0,0.0,Late (30–89 days),30,2,None,5498.0,1
TCU-00962,Lobatse,LO012,Agriculture Loan,53,Self-Employed,26241.0,205800.0,9.67,60,4339.0,11,163097.0,2024-07-17,0.1654,850,2,25.5,0,1,265741.0,Current,0,0,None,0.0,0
TCU-00963,Lobatse,LO018,Education Loan,47,Student,1874.0,38500.0,16.77,36,1368.0,8,26872.0,2024-10-23,0.73,678,1,24.3,1,1,41985.0,Current,0,0,None,0.0,0
TCU-00964,Gaborone Main,LO013,Vehicle Loan,30,Farmer,6479.0,18000.0,21.52,24,930.0,8,11162.0,2024-10-04,0.1435,645,0,15.8,1,1,41244.0,Current,0,0,None,0.0,0
TCU-00965,Selebi-Phikwe,LO010,Agriculture Loan,24,Self-Employed,33333.0,311300.0,19.92,36,11556.0,14,177493.0,2024-04-18,0.3467,833,0,27.8,0,1,255774.0,Defaulted,113,8,None,128521.0,1
TCU-00966,Lobatse,LO020,Home Loan,47,Government Employee,18966.0,232000.0,14.04,36,7934.0,14,132377.0,2024-04-09,0.4183,850,2,6.2,0,1,518738.0,Current,0,0,None,0.0,0
TCU-00967,Gaborone Main,LO004,Education Loan,54,Farmer,8665.0,151700.0,9.04,12,13269.0,11,11556.0,2024-07-27,1.5313,774,0,27.6,0,0,0.0,Defaulted,112,9,None,7139.0,1
TCU-00968,Lobatse,LO013,Home Loan,43,Farmer,4978.0,89300.0,20.7,24,4576.0,14,33433.0,2024-04-29,0.9192,671,0,18.1,1,1,212994.0,Late (30–89 days),84,1,SMS Sent,4387.0,1
TCU-00969,Francistown,LO010,Vehicle Loan,43,Private Sector,25035.0,157100.0,22.46,36,6037.0,8,116411.0,2024-10-22,0.2411,850,1,10.1,0,0,0.0,Early (1–29 days),27,1,None,0.0,0
TCU-00970,Maun,LO011,Agriculture Loan,27,Private Sector,14345.0,159100.0,21.86,60,4382.0,16,99231.0,2024-02-27,0.3055,825,0,4.3,0,1,362297.0,Current,0,0,None,0.0,0
TCU-00971,Selebi-Phikwe,LO016,Business Loan,62,Private Sector,16214.0,228300.0,19.84,60,6028.0,6,191776.0,2024-12-20,0.3718,829,0,5.8,0,1,509311.0,Current,0,0,None,0.0,0
TCU-00972,Maun,LO016,Home Loan,29,Pensioner,7690.0,16600.0,22.7,60,465.0,16,11011.0,2024-02-18,0.0605,639,1,8.1,0,1,19780.0,Current,0,0,None,0.0,0
TCU-00973,Lobatse,LO010,Personal Loan,41,Farmer,12999.0,63900.0,17.5,72,1439.0,2,54665.0,2025-04-15,0.1107,736,0,10.3,0,1,75263.0,Current,0,0,None,0.0,0
TCU-00974,Francistown,LO008,Agriculture Loan,26,Student,3324.0,24500.0,23.01,60,691.0,2,21928.0,2025-04-30,0.2079,766,3,24.5,0,1,26851.0,Current,0,0,None,0.0,0
TCU-00975,Francistown,LO011,Agriculture Loan,57,Farmer,3751.0,33700.0,13.24,36,1139.0,10,24071.0,2024-08-05,0.3037,698,2,15.6,0,0,0.0,Current,0,0,None,0.0,0
TCU-00976,Selebi-Phikwe,LO016,Personal Loan,40,Self-Employed,30468.0,192600.0,11.02,84,3300.0,4,172116.0,2025-02-11,0.1083,850,0,9.7,0,1,346492.0,Current,0,0,None,0.0,0
TCU-00977,Maun,LO002,Education Loan,49,Self-Employed,25152.0,19400.0,9.07,12,1697.0,6,8943.0,2024-12-14,0.0675,840,0,28.0,1,1,38747.0,Current,0,0,None,0.0,0
TCU-00978,Maun,LO013,Home Loan,40,Private Sector,23667.0,260800.0,18.1,84,5497.0,2,238660.0,2025-04-13,0.2323,838,1,17.1,1,0,0.0,Current,0,0,None,0.0,0
TCU-00979,Francistown,LO017,Agriculture Loan,44,Pensioner,4667.0,32000.0,9.61,72,587.0,2,29856.0,2025-04-18,0.1258,591,2,25.2,1,1,55000.0,Current,0,0,None,0.0,0
TCU-00980,Gaborone Main,LO011,Education Loan,27,Farmer,9349.0,114100.0,13.6,12,10223.0,9,27647.0,2024-09-29,1.0935,622,0,15.1,1,1,167165.0,Late (30–89 days),76,1,Called,7176.0,1
TCU-00981,Maun,LO014,Education Loan,55,Pensioner,4684.0,21000.0,23.78,48,682.0,15,12868.0,2024-03-22,0.1456,780,3,1.2,1,0,0.0,Current,0,0,None,0.0,0
TCU-00982,Selebi-Phikwe,LO015,Education Loan,32,Government Employee,8799.0,117400.0,15.09,48,3273.0,11,79922.0,2024-07-31,0.372,668,2,3.1,1,1,194627.0,Current,0,0,None,0.0,0
TCU-00983,Maun,LO007,Business Loan,22,Student,3857.0,37800.0,10.39,24,1751.0,15,12071.0,2024-03-22,0.454,710,3,29.6,0,0,0.0,Late (30–89 days),76,2,SMS Sent,1335.0,1
TCU-00984,Maun,LO018,Personal Loan,66,Pensioner,9134.0,19500.0,13.58,24,932.0,8,11464.0,2024-11-02,0.102,760,1,12.3,2,0,0.0,Current,0,0,None,0.0,0
TCU-00985,Selebi-Phikwe,LO003,Business Loan,47,Private Sector,22565.0,301800.0,17.31,24,14967.0,6,200614.0,2024-12-27,0.6633,806,1,16.6,3,0,0.0,Late (30–89 days),53,2,Called,42649.0,1
TCU-00986,Maun,LO013,Vehicle Loan,27,Student,2338.0,16900.0,13.87,12,1516.0,12,0.0,2024-04-13,0.6484,569,0,28.7,0,0,0.0,Current,0,0,None,0.0,0
TCU-00987,Gaborone Main,LO006,Education Loan,33,Farmer,10134.0,317200.0,14.85,36,10973.0,9,212742.0,2024-09-12,1.0828,665,0,2.5,1,1,272613.0,Defaulted,326,8,Called,145850.0,1
TCU-00988,Maun,LO014,Home Loan,43,Pensioner,4257.0,17900.0,11.43,60,393.0,18,10905.0,2024-01-02,0.0923,676,4,0.7,0,1,27168.0,Current,0,0,None,0.0,0
TCU-00989,Maun,LO015,Personal Loan,62,Self-Employed,23039.0,298000.0,20.81,12,27721.0,4,186006.0,2025-02-25,1.2032,850,0,22.8,2,0,0.0,Late (30–89 days),30,1,Legal Notice,26652.0,1
TCU-00990,Lobatse,LO015,Home Loan,39,Pensioner,9227.0,129900.0,21.76,24,6724.0,7,85631.0,2024-12-02,0.7287,745,3,4.5,0,1,300076.0,Defaulted,307,11,SMS Sent,71239.0,1
TCU-00991,Maun,LO002,Business Loan,28,Farmer,6661.0,67900.0,16.6,12,6180.0,1,54824.0,2025-05-20,0.9278,592,0,15.6,1,1,87098.0,Late (30–89 days),46,1,SMS Sent,8670.0,1
TCU-00992,Lobatse,LO004,Home Loan,60,Government Employee,11281.0,411800.0,23.52,24,21674.0,13,171639.0,2024-05-10,1.9213,805,0,23.7,3,0,0.0,Defaulted,177,6,Legal Notice,137740.0,1
TCU-00993,Maun,LO015,Vehicle Loan,24,Student,1969.0,15500.0,8.81,72,278.0,1,14573.0,2025-05-21,0.1412,649,1,5.2,0,0,0.0,Early (1–29 days),16,1,None,0.0,0
TCU-00994,Maun,LO004,Agriculture Loan,67,Pensioner,9542.0,49100.0,23.26,12,4625.0,2,35706.0,2025-05-01,0.4847,744,0,8.0,2,1,54583.0,Current,0,0,None,0.0,0
TCU-00995,Maun,LO001,Home Loan,31,Private Sector,25977.0,338400.0,11.17,12,29935.0,12,0.0,2024-04-20,1.1524,850,0,16.0,0,1,299634.0,Defaulted,294,10,Called,0.0,1
TCU-00996,Gaborone Main,LO002,Education Loan,25,Private Sector,14045.0,198500.0,20.94,72,4863.0,13,139971.0,2024-05-18,0.3462,735,0,12.6,0,1,273183.0,Early (1–29 days),16,1,None,0.0,0
TCU-00997,Maun,LO019,Personal Loan,37,Private Sector,6624.0,118500.0,9.89,84,1961.0,17,89617.0,2024-02-05,0.296,708,0,24.5,0,0,0.0,Current,0,0,None,0.0,0
TCU-00998,Gaborone Main,LO001,Home Loan,31,Private Sector,13589.0,387900.0,20.02,84,8618.0,14,323192.0,2024-04-24,0.6342,777,0,5.4,1,0,0.0,Late (30–89 days),46,2,SMS Sent,52105.0,1
TCU-00999,Maun,LO010,Business Loan,31,Private Sector,10408.0,117700.0,8.74,36,3729.0,12,69223.0,2024-07-04,0.3583,636,0,22.1,2,0,0.0,Current,0,0,None,0.0,0
TCU-01000,Selebi-Phikwe,LO020,Personal Loan,52,Private Sector,10998.0,132900.0,13.97,12,11931.0,10,21894.0,2024-08-18,1.0848,717,1,2.8,0,0,0.0,Late (30–89 days),73,1,Letter Sent,3669.0,1
TCU-01001,Lobatse,LO018,Home Loan,66,Self-Employed,8030.0,15800.0,17.41,12,1444.0,7,6539.0,2024-11-23,0.1798,636,0,24.3,0,1,32985.0,Current,0,0,None,0.0,0
TCU-01002,Selebi-Phikwe,LO018,Vehicle Loan,48,Self-Employed,32482.0,259300.0,15.03,24,12576.0,2,215564.0,2025-04-19,0.3872,850,0,0.8,0,1,321530.0,Current,0,0,None,0.0,0
TCU-01003,Lobatse,LO004,Education Loan,57,Government Employee,8553.0,163600.0,10.52,48,4190.0,7,119695.0,2024-11-03,0.4899,674,2,28.0,1,0,0.0,Current,0,0,None,0.0,0
TCU-01004,Maun,LO008,Home Loan,30,Private Sector,18968.0,138900.0,23.14,12,13077.0,1,111239.0,2025-05-31,0.6894,850,0,29.0,0,1,155392.0,Late (30–89 days),34,1,None,16666.0,1
TCU-01005,Francistown,LO001,Home Loan,53,Student,4659.0,15600.0,11.88,12,1385.0,12,0.0,2024-01-22,0.2973,663,0,21.6,0,1,15430.0,Defaulted,354,11,Legal Notice,0.0,1
TCU-01006,Maun,LO004,Vehicle Loan,27,Government Employee,21571.0,264600.0,21.68,48,8291.0,13,187740.0,2024-06-04,0.3844,820,0,15.1,2,0,0.0,Current,0,0,None,0.0,0
TCU-01007,Lobatse,LO002,Vehicle Loan,68,Farmer,3107.0,45800.0,16.92,84,934.0,15,37299.0,2024-03-25,0.3006,773,1,8.1,0,1,108377.0,Current,0,0,None,0.0,0
TCU-01008,Francistown,LO014,Personal Loan,65,Private Sector,27368.0,125900.0,15.41,12,11388.0,12,0.0,2024-03-28,0.4161,850,1,16.9,0,1,208002.0,Current,0,0,None,0.0,0
TCU-01009,Maun,LO001,Personal Loan,23,Private Sector,14712.0,87100.0,14.9,12,7857.0,2,65198.0,2025-04-02,0.5341,826,0,17.7,1,0,0.0,Late (30–89 days),33,1,Called,7474.0,1
TCU-01010,Gaborone Main,LO005,Agriculture Loan,39,Student,4195.0,130900.0,10.86,24,6092.0,10,70784.0,2024-08-15,1.4522,647,1,23.1,3,1,302924.0,Defaulted,361,8,SMS Sent,44265.0,1
TCU-01011,Maun,LO005,Vehicle Loan,53,Self-Employed,12186.0,320400.0,11.49,36,10564.0,12,212031.0,2024-06-12,0.8669,818,0,9.2,0,1,676589.0,Current,0,0,None,0.0,0
TCU-01012,Selebi-Phikwe,LO003,Agriculture Loan,57,Government Employee,11004.0,128500.0,17.25,36,4597.0,4,99049.0,2025-02-11,0.4178,850,0,14.2,0,1,195962.0,Current,0,0,None,0.0,0
TCU-01013,Selebi-Phikwe,LO003,Personal Loan,55,Private Sector,8154.0,323400.0,11.61,24,15165.0,3,243442.0,2025-03-13,1.8598,759,3,28.4,1,1,663044.0,Late (30–89 days),82,2,None,43336.0,1
TCU-01014,Francistown,LO005,Vehicle Loan,24,Self-Employed,19083.0,242300.0,14.43,12,21804.0,12,0.0,2024-04-19,1.1426,802,0,0.7,0,0,0.0,Late (30–89 days),76,2,Called,0.0,1
TCU-01015,Maun,LO018,Vehicle Loan,38,Private Sector,7994.0,207400.0,11.03,36,6793.0,14,121981.0,2024-04-13,0.8498,758,4,12.1,3,1,464662.0,Late (30–89 days),52,2,Called,41251.0,1
TCU-01016,Lobatse,LO015,Vehicle Loan,39,Government Employee,22489.0,428800.0,12.68,60,9686.0,8,342267.0,2024-10-27,0.4307,850,2,20.0,0,0,0.0,Late (30–89 days),89,1,Letter Sent,103217.0,1
TCU-01017,Selebi-Phikwe,LO010,Business Loan,54,Pensioner,4753.0,33700.0,11.75,12,2990.0,7,13465.0,2024-11-10,0.6291,784,1,28.5,0,1,63465.0,Current,0,0,None,0.0,0
TCU-01018,Maun,LO019,Business Loan,32,Self-Employed,4619.0,85800.0,20.92,72,2101.0,15,65545.0,2024-03-31,0.4549,596,0,21.5,0,1,148926.0,Early (1–29 days),22,1,None,0.0,0
TCU-01019,Maun,LO008,Home Loan,49,Private Sector,22252.0,252700.0,21.89,84,5903.0,12,207633.0,2024-07-02,0.2653,828,2,16.3,3,1,574259.0,Defaulted,140,4,Called,175831.0,1
TCU-01020,Maun,LO010,Business Loan,27,Private Sector,21756.0,385700.0,11.39,84,6683.0,17,266962.0,2024-01-31,0.3072,819,1,9.7,1,1,311308.0,Current,0,0,None,0.0,0
TCU-01021,Lobatse,LO013,Personal Loan,68,Student,4956.0,10700.0,19.33,12,988.0,2,8316.0,2025-04-02,0.1994,673,4,2.9,1,1,8800.0,Current,0,0,None,0.0,0
TCU-01022,Selebi-Phikwe,LO004,Education Loan,37,Government Employee,21985.0,279600.0,9.21,72,5069.0,14,221335.0,2024-04-17,0.2306,805,2,26.6,0,0,0.0,Current,0,0,None,0.0,0
TCU-01023,Lobatse,LO009,Personal Loan,25,Student,3536.0,77100.0,15.73,60,1864.0,7,66750.0,2024-12-02,0.5271,715,0,28.8,0,1,83392.0,Current,0,0,None,0.0,0
TCU-01024,Selebi-Phikwe,LO017,Agriculture Loan,55,Student,1512.0,14700.0,20.29,72,355.0,10,11648.0,2024-08-20,0.2348,641,3,3.6,0,0,0.0,Current,0,0,None,0.0,0
TCU-01025,Francistown,LO020,Education Loan,31,Private Sector,21210.0,243200.0,20.51,60,6513.0,11,183275.0,2024-07-21,0.3071,839,3,17.0,0,0,0.0,Early (1–29 days),24,1,None,0.0,0
TCU-01026,Maun,LO012,Vehicle Loan,67,Pensioner,9203.0,9000.0,18.6,72,208.0,8,7033.0,2024-10-27,0.0226,767,2,6.8,0,1,22045.0,Current,0,0,None,0.0,0
TCU-01027,Selebi-Phikwe,LO018,Home Loan,46,Pensioner,9081.0,130800.0,8.81,84,2092.0,3,120117.0,2025-03-29,0.2304,698,1,7.8,1,0,0.0,Current,0,0,None,0.0,0
TCU-01028,Maun,LO002,Agriculture Loan,31,Government Employee,9962.0,82600.0,10.75,12,7291.0,12,0.0,2024-01-05,0.7319,768,0,6.3,0,0,0.0,Current,0,0,None,0.0,0
TCU-01029,Francistown,LO004,Education Loan,32,Self-Employed,23375.0,68300.0,16.9,36,2432.0,1,57099.0,2025-05-30,0.104,850,0,13.0,1,1,56436.0,Current,0,0,None,0.0,0
TCU-01030,Selebi-Phikwe,LO012,Agriculture Loan,26,Farmer,9601.0,76100.0,19.55,24,3856.0,10,42179.0,2024-08-24,0.4016,711,3,25.9,0,1,72973.0,Current,0,0,None,0.0,0
TCU-01031,Selebi-Phikwe,LO009,Business Loan,39,Farmer,8887.0,218100.0,15.08,12,19694.0,7,83684.0,2024-11-23,2.216,672,2,26.0,0,0,0.0,Current,0,0,None,0.0,0
TCU-01032,Francistown,LO019,Home Loan,28,Private Sector,24362.0,53700.0,14.12,24,2581.0,5,41582.0,2025-01-20,0.1059,838,1,23.0,1,1,63690.0,Current,0,0,None,0.0,0
TCU-01033,Maun,LO009,Vehicle Loan,49,Student,4206.0,9300.0,9.5,12,815.0,12,0.0,2024-01-28,0.1938,761,0,11.8,0,0,0.0,Current,0,0,None,0.0,0
TCU-01034,Gaborone Main,LO007,Personal Loan,64,Student,3203.0,20700.0,8.75,24,943.0,3,16201.0,2025-03-28,0.2944,742,0,9.4,1,0,0.0,Current,0,0,None,0.0,0
TCU-01035,Maun,LO013,Agriculture Loan,33,Self-Employed,23011.0,447300.0,11.38,60,9810.0,7,394939.0,2024-11-03,0.4263,791,0,13.6,2,0,0.0,Current,0,0,None,0.0,0
TCU-01036,Maun,LO007,Agriculture Loan,67,Private Sector,19164.0,240600.0,19.22,36,8846.0,13,135683.0,2024-05-08,0.4616,850,1,21.8,1,0,0.0,Early (1–29 days),9,1,None,0.0,0
TCU-01037,Selebi-Phikwe,LO019,Agriculture Loan,55,Pensioner,5403.0,28800.0,14.24,24,1386.0,9,15316.0,2024-09-22,0.2565,741,3,18.3,0,1,43511.0,Current,0,0,None,0.0,0
TCU-01038,Maun,LO001,Home Loan,50,Farmer,5302.0,64100.0,15.48,72,1372.0,2,57647.0,2025-04-30,0.2588,620,3,15.2,0,1,98827.0,Early (1–29 days),27,1,None,0.0,0
TCU-01039,Francistown,LO006,Vehicle Loan,55,Self-Employed,11562.0,257200.0,15.56,24,12539.0,12,110460.0,2024-07-03,1.0845,846,0,3.5,1,0,0.0,Current,0,0,None,0.0,0
TCU-01040,Selebi-Phikwe,LO004,Vehicle Loan,60,Government Employee,10794.0,72400.0,22.19,36,2772.0,14,39525.0,2024-04-26,0.2568,850,2,12.4,0,1,79548.0,Current,0,0,None,0.0,0
TCU-01041,Francistown,LO006,Personal Loan,35,Pensioner,9391.0,363400.0,23.75,84,8910.0,17,250535.0,2024-01-15,0.9488,766,1,8.4,1,1,628255.0,Current,0,0,None,0.0,0
TCU-01042,Gaborone Main,LO013,Business Loan,23,Private Sector,16696.0,444600.0,19.12,12,40998.0,8,138937.0,2024-10-25,2.4556,762,0,12.7,0,1,567055.0,Current,0,0,None,0.0,0
TCU-01043,Lobatse,LO009,Vehicle Loan,50,Private Sector,16398.0,190700.0,16.87,60,4726.0,17,131368.0,2024-02-03,0.2882,822,0,26.5,0,0,0.0,Current,0,0,None,0.0,0
TCU-01044,Lobatse,LO008,Business Loan,36,Student,3117.0,43000.0,11.29,84,743.0,15,30871.0,2024-03-30,0.2384,606,1,24.8,0,0,0.0,Current,0,0,None,0.0,0
TCU-01045,Selebi-Phikwe,LO014,Vehicle Loan,25,Private Sector,15483.0,67700.0,21.88,60,1865.0,7,54024.0,2024-11-07,0.1205,780,1,19.0,0,1,54226.0,Current,0,0,None,0.0,0
TCU-01046,Selebi-Phikwe,LO012,Vehicle Loan,48,Student,4463.0,7300.0,8.66,72,130.0,14,5497.0,2024-04-15,0.0291,763,2,5.6,0,1,6805.0,Current,0,0,None,0.0,0
TCU-01047,Gaborone Main,LO009,Home Loan,37,Pensioner,7253.0,192500.0,11.19,24,8989.0,6,143446.0,2024-12-22,1.2393,703,4,7.7,0,1,276470.0,Late (30–89 days),84,1,None,18416.0,1
TCU-01048,Maun,LO011,Agriculture Loan,36,Self-Employed,28586.0,323500.0,17.5,84,6705.0,8,279306.0,2024-10-18,0.2346,850,0,6.2,1,1,348003.0,Current,0,0,None,0.0,0
TCU-01049,Gaborone Main,LO018,Personal Loan,49,Private Sector,14324.0,271500.0,18.5,12,24956.0,12,0.0,2024-05-09,1.7423,821,0,26.5,0,0,0.0,Late (30–89 days),88,1,SMS Sent,0.0,1
TCU-01050,Selebi-Phikwe,LO013,Business Loan,31,Private Sector,7806.0,133100.0,12.81,12,11876.0,12,0.0,2024-01-16,1.5214,598,1,26.1,0,0,0.0,Late (30–89 days),80,1,Called,0.0,1
TCU-01051,Gaborone Main,LO008,Personal Loan,47,Farmer,8779.0,74600.0,23.13,84,1800.0,8,62164.0,2024-10-07,0.205,806,1,12.3,0,0,0.0,Late (30–89 days),69,2,Called,8089.0,1
TCU-01052,Lobatse,LO019,Business Loan,23,Government Employee,19217.0,451700.0,13.39,24,21557.0,9,242552.0,2024-10-03,1.1218,850,0,3.6,0,1,616196.0,Defaulted,138,7,Called,119929.0,1
TCU-01053,Gaborone Main,LO010,Business Loan,28,Pensioner,7997.0,94500.0,16.02,60,2299.0,2,86386.0,2025-04-17,0.2875,686,0,20.9,0,1,231551.0,Current,0,0,None,0.0,0
TCU-01054,Maun,LO018,Personal Loan,62,Student,3567.0,133200.0,13.19,60,3044.0,1,121012.0,2025-05-09,0.8534,797,1,19.2,1,1,153879.0,Late (30–89 days),67,2,Letter Sent,22820.0,1
TCU-01055,Francistown,LO011,Vehicle Loan,61,Government Employee,20179.0,480200.0,12.76,60,10867.0,6,408618.0,2024-12-07,0.5385,850,1,6.2,1,1,1016691.0,Current,0,0,None,0.0,0
TCU-01056,Gaborone Main,LO017,Home Loan,47,Private Sector,15550.0,152200.0,11.11,36,4991.0,10,107651.0,2024-08-09,0.321,750,1,9.9,0,0,0.0,Current,0,0,None,0.0,0
TCU-01057,Gaborone Main,LO018,Business Loan,44,Government Employee,13995.0,467200.0,14.79,84,8960.0,7,392756.0,2024-11-03,0.6402,747,2,26.5,0,1,1124924.0,Current,0,0,None,0.0,0
TCU-01058,Lobatse,LO006,Education Loan,40,Pensioner,4069.0,37200.0,14.97,24,1803.0,3,27862.0,2025-03-30,0.4431,664,1,0.5,2,0,0.0,Late (30–89 days),67,2,Called,5784.0,1
TCU-01059,Maun,LO002,Personal Loan,26,Farmer,11606.0,24500.0,20.28,60,653.0,10,18106.0,2024-08-12,0.0563,730,0,5.2,1,1,59152.0,Current,0,0,None,0.0,0
TCU-01060,Lobatse,LO005,Vehicle Loan,48,Government Employee,16260.0,89800.0,14.7,72,1884.0,3,83876.0,2025-03-04,0.1159,740,0,29.3,1,1,105179.0,Early (1–29 days),19,1,None,0.0,0
TCU-01061,Selebi-Phikwe,LO006,Business Loan,42,Private Sector,12513.0,158500.0,18.72,84,3399.0,10,132788.0,2024-08-16,0.2716,798,0,12.6,0,0,0.0,Current,0,0,None,0.0,0
TCU-01062,Francistown,LO007,Agriculture Loan,49,Self-Employed,7569.0,167800.0,12.96,72,3365.0,11,130644.0,2024-07-20,0.4446,845,1,19.9,0,1,405529.0,Current,0,0,None,0.0,0
TCU-01063,Maun,LO020,Home Loan,66,Private Sector,10321.0,398800.0,22.14,84,9377.0,15,301709.0,2024-03-12,0.9085,808,1,1.1,0,0,0.0,Current,0,0,None,0.0,0
TCU-01064,Gaborone Main,LO006,Home Loan,66,Private Sector,19449.0,137000.0,12.64,84,2466.0,1,118479.0,2025-05-23,0.1268,850,0,13.1,0,1,301490.0,Current,0,0,None,0.0,0
TCU-01065,Maun,LO010,Education Loan,22,Private Sector,14873.0,252700.0,10.62,60,5447.0,16,165324.0,2024-02-12,0.3662,709,1,21.3,0,1,613397.0,Current,0,0,None,0.0,0
TCU-01066,Selebi-Phikwe,LO009,Business Loan,62,Self-Employed,7289.0,69000.0,20.59,60,1851.0,17,48228.0,2024-01-17,0.2539,760,0,23.5,0,1,134021.0,Current,0,0,None,0.0,0
TCU-01067,Gaborone Main,LO010,Business Loan,48,Student,3095.0,77500.0,12.78,48,2071.0,16,46987.0,2024-02-22,0.6691,629,1,19.7,1,0,0.0,Late (30–89 days),59,1,Home Visit,12680.0,1
TCU-01068,Lobatse,LO003,Home Loan,36,Farmer,10909.0,46200.0,14.28,60,1082.0,17,32804.0,2024-02-04,0.0992,790,0,14.5,0,0,0.0,Current,0,0,None,0.0,0
TCU-01069,Selebi-Phikwe,LO018,Vehicle Loan,24,Student,1572.0,30100.0,20.17,48,919.0,17,17508.0,2024-02-04,0.5846,711,1,27.5,0,1,25464.0,Current,0,0,None,0.0,0
TCU-01070,Gaborone Main,LO018,Business Loan,47,Farmer,5196.0,42600.0,21.79,60,1171.0,8,35680.0,2024-10-14,0.2254,723,1,23.2,0,0,0.0,Current,0,0,None,0.0,0
TCU-01071,Gaborone Main,LO013,Vehicle Loan,65,Pensioner,8509.0,60700.0,19.04,24,3061.0,1,56041.0,2025-05-30,0.3597,784,2,24.1,0,0,0.0,Current,0,0,None,0.0,0
TCU-01072,Selebi-Phikwe,LO002,Home Loan,30,Government Employee,19014.0,383700.0,20.36,60,10243.0,4,341080.0,2025-02-15,0.5387,805,1,12.5,0,0,0.0,Current,0,0,None,0.0,0
TCU-01073,Selebi-Phikwe,LO007,Education Loan,65,Government Employee,17883.0,256900.0,18.04,72,5865.0,12,197723.0,2024-06-12,0.328,806,0,26.6,0,0,0.0,Current,0,0,None,0.0,0
TCU-01074,Selebi-Phikwe,LO010,Education Loan,22,Pensioner,5574.0,46800.0,8.97,72,843.0,10,40134.0,2024-08-28,0.1512,632,0,23.2,2,1,116170.0,Late (30–89 days),48,2,Legal Notice,11790.0,1
TCU-01075,Gaborone Main,LO013,Education Loan,48,Farmer,5156.0,145500.0,15.31,12,13154.0,5,75434.0,2025-01-11,2.5512,675,4,7.3,2,0,0.0,Defaulted,215,3,None,53846.0,1
TCU-01076,Gaborone Main,LO015,Agriculture Loan,65,Student,3386.0,48200.0,22.88,48,1542.0,5,42880.0,2025-01-20,0.4554,697,0,7.0,0,0,0.0,Current,0,0,None,0.0,0
TCU-01077,Selebi-Phikwe,LO009,Education Loan,25,Government Employee,23657.0,451100.0,18.64,12,41494.0,7,159806.0,2024-12-02,1.754,850,0,2.1,0,1,844630.0,Defaulted,114,6,None,66158.0,1
TCU-01078,Lobatse,LO003,Vehicle Loan,56,Government Employee,10709.0,35000.0,23.16,60,990.0,12,26535.0,2024-06-27,0.0924,736,2,25.1,1,1,84318.0,Late (30–89 days),39,2,Called,8965.0,1
TCU-01079,Selebi-Phikwe,LO009,Personal Loan,63,Student,1763.0,26300.0,17.68,12,2407.0,5,15016.0,2025-01-29,1.3653,731,0,1.0,0,1,21789.0,Late (30–89 days),70,1,Home Visit,5234.0,1
TCU-01080,Maun,LO009,Home Loan,34,Student,2264.0,38400.0,18.59,72,889.0,9,30243.0,2024-09-16,0.3927,706,1,24.7,0,1,42382.0,Current,0,0,None,0.0,0
TCU-01081,Maun,LO006,Agriculture Loan,64,Private Sector,27046.0,300400.0,17.58,24,14936.0,10,161001.0,2024-08-16,0.5522,850,3,17.3,0,0,0.0,Current,0,0,None,0.0,0
TCU-01082,Francistown,LO010,Business Loan,50,Government Employee,14382.0,185800.0,19.19,12,17140.0,6,83910.0,2024-12-26,1.1918,837,1,13.0,0,1,316927.0,Late (30–89 days),47,1,Home Visit,28758.0,1
TCU-01083,Lobatse,LO018,Business Loan,66,Self-Employed,8279.0,207300.0,23.97,24,10957.0,5,146301.0,2025-01-13,1.3235,756,4,28.8,0,1,307943.0,Current,0,0,None,0.0,0
TCU-01084,Lobatse,LO003,Business Loan,48,Self-Employed,17422.0,330600.0,23.5,84,8054.0,12,246599.0,2024-06-27,0.4623,766,0,8.1,0,1,357655.0,Early (1–29 days),14,1,None,0.0,0
TCU-01085,Selebi-Phikwe,LO019,Education Loan,47,Government Employee,14939.0,100100.0,17.96,60,2540.0,12,75131.0,2024-06-07,0.17,790,2,7.8,0,0,0.0,Current,0,0,None,0.0,0
TCU-01086,Selebi-Phikwe,LO015,Education Loan,51,Student,2156.0,44900.0,13.17,24,2138.0,9,26064.0,2024-09-17,0.9917,573,0,28.5,1,0,0.0,Late (30–89 days),42,1,Legal Notice,8966.0,1
TCU-01087,Francistown,LO013,Personal Loan,27,Private Sector,6704.0,89500.0,9.27,72,1625.0,2,86100.0,2025-04-22,0.2424,727,2,2.5,1,0,0.0,Current,0,0,None,0.0,0
TCU-01088,Gaborone Main,LO007,Home Loan,68,Pensioner,4709.0,74900.0,16.18,24,3674.0,2,59723.0,2025-04-26,0.7802,805,1,16.4,0,0,0.0,Late (30–89 days),80,1,SMS Sent,10405.0,1
TCU-01089,Francistown,LO002,Education Loan,43,Pensioner,5096.0,32400.0,17.34,48,941.0,3,27769.0,2025-03-12,0.1847,719,3,17.0,0,1,77568.0,Current,0,0,None,0.0,0
TCU-01090,Maun,LO013,Education Loan,24,Student,1961.0,13900.0,14.15,72,288.0,18,9563.0,2024-01-03,0.1469,613,1,3.5,0,0,0.0,Current,0,0,None,0.0,0
TCU-01091,Maun,LO001,Home Loan,68,Student,2368.0,55800.0,10.37,24,2584.0,7,34933.0,2024-11-21,1.0912,751,1,9.8,0,1,91710.0,Early (1–29 days),12,1,None,0.0,0
TCU-01092,Selebi-Phikwe,LO003,Education Loan,25,Private Sector,24283.0,24900.0,19.27,84,542.0,15,19198.0,2024-03-13,0.0223,850,1,6.2,0,1,50896.0,Current,0,0,None,0.0,0
TCU-01093,Lobatse,LO020,Personal Loan,50,Self-Employed,32070.0,17700.0,20.12,60,470.0,4,16188.0,2025-03-01,0.0147,850,0,29.1,0,0,0.0,Current,0,0,None,0.0,0
TCU-01094,Gaborone Main,LO018,Home Loan,26,Farmer,4078.0,145300.0,11.08,60,3165.0,6,112693.0,2024-12-21,0.7761,597,0,6.2,0,0,0.0,Defaulted,271,11,Letter Sent,45151.0,1
TCU-01095,Gaborone Main,LO004,Home Loan,56,Student,4633.0,39200.0,20.91,48,1212.0,5,31160.0,2025-01-09,0.2616,646,0,15.0,0,1,32114.0,Early (1–29 days),10,1,None,0.0,0
TCU-01096,Gaborone Main,LO018,Home Loan,42,Self-Employed,39450.0,128100.0,22.81,72,3281.0,13,92031.0,2024-06-02,0.0832,850,2,1.2,0,1,269933.0,Early (1–29 days),17,1,None,0.0,0
TCU-01097,Lobatse,LO013,Agriculture Loan,45,Pensioner,9691.0,234200.0,8.83,48,5809.0,17,132004.0,2024-01-13,0.5994,707,0,29.1,0,0,0.0,Current,0,0,None,0.0,0
TCU-01098,Selebi-Phikwe,LO005,Business Loan,37,Self-Employed,5998.0,111400.0,13.15,84,2036.0,17,82232.0,2024-01-22,0.3394,763,1,2.1,1,1,97182.0,Current,0,0,None,0.0,0
TCU-01099,Francistown,LO002,Agriculture Loan,24,Pensioner,8294.0,173300.0,16.88,72,3844.0,8,150940.0,2024-10-15,0.4635,722,3,4.8,0,1,237419.0,Early (1–29 days),6,1,None,0.0,0
TCU-01100,Francistown,LO004,Personal Loan,47,Private Sector,20256.0,151200.0,15.55,72,3242.0,12,109873.0,2024-06-11,0.1601,850,0,18.2,0,1,243673.0,Current,0,0,None,0.0,0
TCU-01101,Gaborone Main,LO018,Agriculture Loan,68,Student,4621.0,169400.0,22.38,12,15886.0,3,122299.0,2025-03-30,3.4378,713,2,17.4,1,0,0.0,Late (30–89 days),81,2,Called,42737.0,1
TCU-01102,Francistown,LO011,Agriculture Loan,48,Private Sector,24215.0,6400.0,12.1,12,569.0,12,0.0,2024-05-21,0.0235,850,0,16.3,0,1,13965.0,Late (30–89 days),88,2,SMS Sent,0.0,1
TCU-01103,Selebi-Phikwe,LO008,Personal Loan,43,Government Employee,14736.0,252500.0,14.25,24,12153.0,15,89674.0,2024-03-30,0.8247,686,1,17.8,0,1,220802.0,Late (30–89 days),81,1,Called,23295.0,1
TCU-01104,Gaborone Main,LO020,Home Loan,45,Private Sector,14135.0,384900.0,15.63,36,13462.0,2,346947.0,2025-04-23,0.9524,836,0,25.8,0,0,0.0,Late (30–89 days),69,2,Home Visit,38424.0,1
TCU-01105,Maun,LO011,Home Loan,44,Farmer,12736.0,297300.0,10.62,36,9680.0,8,222464.0,2024-10-19,0.7601,818,0,10.2,0,1,246073.0,Current,0,0,None,0.0,0
TCU-01106,Maun,LO017,Business Loan,44,Student,2492.0,33300.0,13.62,48,904.0,12,24477.0,2024-06-09,0.3628,657,1,20.7,0,1,54664.0,Early (1–29 days),26,1,None,0.0,0
TCU-01107,Selebi-Phikwe,LO005,Home Loan,48,Government Employee,17210.0,7300.0,15.46,72,156.0,12,5862.0,2024-06-06,0.0091,850,0,10.9,3,1,10372.0,Defaulted,191,3,Called,2524.0,1
TCU-01108,Gaborone Main,LO014,Vehicle Loan,65,Student,4331.0,10200.0,16.66,60,252.0,16,6777.0,2024-03-04,0.0582,693,0,9.4,0,0,0.0,Early (1–29 days),13,1,None,0.0,0
TCU-01109,Maun,LO007,Personal Loan,38,Student,3880.0,86000.0,22.73,60,2411.0,16,56627.0,2024-02-25,0.6214,594,2,22.9,2,0,0.0,Late (30–89 days),77,2,Home Visit,17662.0,1
TCU-01110,Selebi-Phikwe,LO011,Vehicle Loan,59,Private Sector,27244.0,101400.0,13.5,60,2333.0,1,88700.0,2025-05-21,0.0856,850,1,14.1,0,1,199487.0,Current,0,0,None,0.0,0
TCU-01111,Selebi-Phikwe,LO003,Education Loan,66,Farmer,6184.0,214200.0,10.05,24,9889.0,12,91445.0,2024-06-16,1.5991,705,0,25.6,0,0,0.0,Late (30–89 days),73,1,Home Visit,13953.0,1
TCU-01112,Gaborone Main,LO006,Education Loan,40,Self-Employed,37176.0,382700.0,21.14,84,8763.0,2,338624.0,2025-04-16,0.2357,850,3,19.8,0,1,903692.0,Current,0,0,None,0.0,0
TCU-01113,Francistown,LO002,Business Loan,56,Self-Employed,12579.0,136500.0,12.4,12,12153.0,12,0.0,2024-03-07,0.9661,831,0,8.7,0,0,0.0,Late (30–89 days),67,1,SMS Sent,0.0,1
TCU-01114,Maun,LO011,Personal Loan,65,Farmer,6939.0,54700.0,22.4,12,5130.0,3,36863.0,2025-03-29,0.7393,849,1,18.5,0,0,0.0,Late (30–89 days),75,2,Called,10954.0,1
TCU-01115,Francistown,LO006,Vehicle Loan,35,Student,4975.0,32800.0,10.49,48,840.0,2,28920.0,2025-04-23,0.1688,682,3,15.4,3,0,0.0,Late (30–89 days),60,1,Home Visit,9583.0,1
TCU-01116,Lobatse,LO012,Personal Loan,22,Private Sector,11713.0,163100.0,13.35,60,3740.0,1,155478.0,2025-05-30,0.3193,739,0,9.0,1,1,261606.0,Current,0,0,None,0.0,0
TCU-01117,Gaborone Main,LO014,Vehicle Loan,53,Self-Employed,32134.0,87700.0,15.53,24,4274.0,5,64942.0,2025-01-15,0.133,850,2,0.9,0,0,0.0,Current,0,0,None,0.0,0
TCU-01118,Maun,LO014,Agriculture Loan,62,Farmer,3852.0,37300.0,17.72,72,845.0,11,27356.0,2024-08-01,0.2194,720,3,29.4,0,0,0.0,Current,0,0,None,0.0,0
TCU-01119,Gaborone Main,LO009,Education Loan,39,Pensioner,9483.0,14700.0,19.97,36,546.0,7,10091.0,2024-11-17,0.0576,710,1,4.7,0,0,0.0,Current,0,0,None,0.0,0
TCU-01120,Selebi-Phikwe,LO004,Business Loan,59,Self-Employed,7630.0,171300.0,22.99,60,4828.0,15,121933.0,2024-03-17,0.6328,841,3,10.2,0,0,0.0,Late (30–89 days),74,1,Home Visit,17755.0,1
TCU-01121,Francistown,LO005,Business Loan,49,Student,4358.0,145500.0,13.21,48,3919.0,7,108857.0,2024-11-03,0.8993,763,0,21.6,1,0,0.0,Defaulted,352,11,Called,69327.0,1
TCU-01122,Lobatse,LO018,Agriculture Loan,35,Farmer,8797.0,117100.0,21.64,12,10940.0,4,72471.0,2025-02-01,1.2436,659,0,2.8,1,0,0.0,Defaulted,279,9,None,38966.0,1
TCU-01123,Lobatse,LO009,Vehicle Loan,58,Pensioner,4147.0,80300.0,19.14,60,2089.0,9,63826.0,2024-10-02,0.5037,724,1,7.6,0,0,0.0,Current,0,0,None,0.0,0
TCU-01124,Lobatse,LO002,Education Loan,29,Government Employee,22961.0,195200.0,10.55,12,17211.0,3,131525.0,2025-03-04,0.7496,806,3,22.1,0,1,248340.0,Current,0,0,None,0.0,0
TCU-01125,Maun,LO016,Home Loan,42,Self-Employed,7596.0,94300.0,15.18,12,8519.0,12,0.0,2024-01-08,1.1215,662,2,12.7,0,1,184979.0,Late (30–89 days),52,2,Called,0.0,1
TCU-01126,Maun,LO009,Personal Loan,33,Self-Employed,31714.0,238800.0,13.09,24,11363.0,11,113859.0,2024-07-25,0.3583,850,1,16.3,0,1,285783.0,Early (1–29 days),3,1,None,0.0,0
TCU-01127,Francistown,LO014,Business Loan,50,Government Employee,8775.0,245400.0,12.65,24,11626.0,4,175689.0,2025-02-25,1.3249,832,2,16.4,1,1,606458.0,Late (30–89 days),34,1,Legal Notice,29389.0,1
TCU-01128,Selebi-Phikwe,LO003,Education Loan,22,Pensioner,6854.0,171300.0,21.23,60,4656.0,1,146587.0,2025-05-13,0.6793,694,0,29.7,0,1,242626.0,Current,0,0,None,0.0,0
TCU-01129,Francistown,LO012,Vehicle Loan,24,Farmer,12022.0,353000.0,23.59,12,33310.0,7,136014.0,2024-11-25,2.7708,696,0,1.1,0,0,0.0,Late (30–89 days),72,2,None,13638.0,1
TCU-01130,Maun,LO005,Agriculture Loan,61,Self-Employed,35389.0,401700.0,23.53,36,15661.0,13,230931.0,2024-05-23,0.4425,850,0,25.3,0,1,534544.0,Current,0,0,None,0.0,0
TCU-01131,Selebi-Phikwe,LO010,Education Loan,64,Farmer,8241.0,78600.0,23.2,72,2031.0,7,61024.0,2024-11-12,0.2465,845,4,20.8,1,1,129805.0,Late (30–89 days),68,2,Legal Notice,18104.0,1
TCU-01132,Lobatse,LO009,Personal Loan,47,Student,3497.0,41900.0,11.91,48,1102.0,17,25992.0,2024-02-01,0.3151,626,0,16.7,1,0,0.0,Current,0,0,None,0.0,0
TCU-01133,Gaborone Main,LO015,Business Loan,55,Private Sector,22795.0,95000.0,17.65,72,2148.0,15,68118.0,2024-03-29,0.0942,850,3,23.0,0,1,123627.0,Current,0,0,None,0.0,0
TCU-01134,Maun,LO014,Education Loan,43,Pensioner,7293.0,286900.0,22.88,24,15009.0,13,120848.0,2024-05-16,2.058,706,0,19.8,0,0,0.0,Late (30–89 days),39,1,None,18973.0,1
TCU-01135,Gaborone Main,LO014,Home Loan,58,Government Employee,22007.0,358700.0,18.23,48,10580.0,16,227336.0,2024-02-26,0.4808,788,4,17.6,1,1,769342.0,Current,0,0,None,0.0,0
TCU-01136,Lobatse,LO018,Education Loan,55,Government Employee,19653.0,375700.0,15.67,12,34029.0,6,176105.0,2024-12-27,1.7315,827,0,18.3,0,1,626246.0,Late (30–89 days),54,1,Legal Notice,35441.0,1
TCU-01137,Maun,LO018,Education Loan,35,Pensioner,6660.0,7800.0,10.91,12,689.0,1,6505.0,2025-05-05,0.1035,739,1,5.8,2,0,0.0,Current,0,0,None,0.0,0
TCU-01138,Lobatse,LO004,Business Loan,27,Pensioner,9570.0,184700.0,18.48,84,3934.0,14,142621.0,2024-04-10,0.4111,771,0,24.3,0,1,435189.0,Current,0,0,None,0.0,0
TCU-01139,Gaborone Main,LO015,Education Loan,24,Government Employee,10243.0,48300.0,17.1,48,1396.0,10,33786.0,2024-08-24,0.1363,765,3,13.4,0,0,0.0,Current,0,0,None,0.0,0
TCU-01140,Maun,LO015,Education Loan,48,Farmer,10370.0,350500.0,21.91,24,18168.0,6,237415.0,2024-12-12,1.752,715,1,24.1,0,0,0.0,Current,0,0,None,0.0,0
TCU-01141,Maun,LO011,Home Loan,35,Government Employee,18746.0,385000.0,15.32,12,34808.0,6,167292.0,2025-01-01,1.8568,850,1,26.4,0,1,846109.0,Defaulted,249,8,Legal Notice,140832.0,1
TCU-01142,Gaborone Main,LO010,Personal Loan,35,Government Employee,13246.0,24800.0,22.76,12,2330.0,12,0.0,2024-06-05,0.1759,796,4,23.9,1,1,42427.0,Current,0,0,None,0.0,0
TCU-01143,Gaborone Main,LO002,Education Loan,56,Pensioner,7833.0,156600.0,15.42,12,14166.0,12,0.0,2024-05-25,1.8085,850,1,11.0,0,1,385198.0,Late (30–89 days),88,1,Home Visit,0.0,1
TCU-01144,Maun,LO001,Personal Loan,68,Farmer,8184.0,231500.0,15.94,84,4590.0,1,211795.0,2025-05-25,0.5609,755,0,4.0,0,1,363481.0,Current,0,0,None,0.0,0
TCU-01145,Selebi-Phikwe,LO008,Personal Loan,31,Student,3282.0,119600.0,11.73,12,10611.0,12,0.0,2024-05-19,3.2331,715,3,20.0,0,0,0.0,Defaulted,179,7,None,0.0,1
TCU-01146,Lobatse,LO012,Agriculture Loan,45,Government Employee,20561.0,293600.0,20.86,12,27318.0,2,241378.0,2025-04-22,1.3286,850,0,23.9,1,0,0.0,Late (30–89 days),52,2,None,57012.0,1
TCU-01147,Selebi-Phikwe,LO009,Agriculture Loan,27,Student,4762.0,29300.0,9.49,12,2569.0,6,12481.0,2024-12-10,0.5395,676,1,3.3,0,1,64988.0,Current,0,0,None,0.0,0
TCU-01148,Selebi-Phikwe,LO013,Agriculture Loan,41,Self-Employed,36017.0,131300.0,17.22,72,2937.0,1,125803.0,2025-05-13,0.0815,850,0,22.2,0,0,0.0,Current,0,0,None,0.0,0
TCU-01149,Francistown,LO001,Business Loan,62,Private Sector,16194.0,177200.0,22.96,12,16667.0,5,98825.0,2025-01-28,1.0292,850,0,11.6,0,0,0.0,Current,0,0,None,0.0,0
TCU-01150,Francistown,LO011,Agriculture Loan,26,Government Employee,14701.0,56900.0,23.23,12,5359.0,12,0.0,2024-05-17,0.3645,825,2,4.4,0,1,104885.0,Current,0,0,None,0.0,0
TCU-01151,Selebi-Phikwe,LO018,Business Loan,68,Farmer,13693.0,251900.0,8.75,48,6239.0,2,227437.0,2025-04-08,0.4556,789,0,12.4,0,1,271837.0,Early (1–29 days),10,1,None,0.0,0
TCU-01152,Selebi-Phikwe,LO010,Business Loan,47,Self-Employed,35268.0,31000.0,17.02,24,1533.0,1,28601.0,2025-05-16,0.0435,850,0,2.5,0,0,0.0,Current,0,0,None,0.0,0
TCU-01153,Maun,LO019,Business Loan,62,Self-Employed,27017.0,222100.0,21.69,36,8447.0,15,115928.0,2024-04-04,0.3127,850,3,23.9,1,1,544981.0,Early (1–29 days),24,1,None,0.0,0
TCU-01154,Maun,LO009,Education Loan,35,Self-Employed,18376.0,169600.0,16.81,60,4198.0,18,106267.0,2024-01-01,0.2285,821,2,28.7,0,0,0.0,Current,0,0,None,0.0,0
TCU-01155,Selebi-Phikwe,LO010,Education Loan,45,Student,4403.0,11600.0,12.54,84,208.0,2,10519.0,2025-04-13,0.0472,580,0,4.5,0,1,20780.0,Current,0,0,None,0.0,0
TCU-01156,Lobatse,LO007,Personal Loan,49,Government Employee,19872.0,253500.0,9.43,72,4624.0,1,248668.0,2025-05-06,0.2327,850,0,6.6,0,1,230779.0,Current,0,0,None,0.0,0
TCU-01157,Gaborone Main,LO016,Education Loan,62,Government Employee,9319.0,16800.0,18.91,72,392.0,7,13855.0,2024-11-23,0.0421,843,2,12.5,0,0,0.0,Current,0,0,None,0.0,0
TCU-01158,Gaborone Main,LO012,Home Loan,34,Private Sector,10301.0,9800.0,9.02,24,448.0,11,4555.0,2024-07-18,0.0435,800,4,13.2,0,0,0.0,Early (1–29 days),11,1,None,0.0,0
TCU-01159,Maun,LO004,Personal Loan,30,Private Sector,12943.0,94500.0,15.95,12,8572.0,7,33914.0,2024-11-18,0.6623,711,0,3.3,1,1,115738.0,Current,0,0,None,0.0,0
TCU-01160,Gaborone Main,LO002,Home Loan,30,Self-Employed,12356.0,69600.0,18.81,12,6408.0,5,36811.0,2025-01-16,0.5186,811,1,3.3,0,0,0.0,Defaulted,128,4,Letter Sent,27283.0,1
TCU-01161,Francistown,LO008,Education Loan,56,Self-Employed,7637.0,31000.0,11.31,48,806.0,14,21288.0,2024-04-29,0.1055,797,0,25.1,0,1,31453.0,Current,0,0,None,0.0,0
TCU-01162,Selebi-Phikwe,LO014,Personal Loan,41,Pensioner,5040.0,74400.0,11.5,24,3485.0,16,23794.0,2024-02-25,0.6915,770,1,11.0,0,1,144264.0,Current,0,0,None,0.0,0
TCU-01163,Lobatse,LO012,Business Loan,64,Pensioner,7731.0,118600.0,21.44,12,11068.0,6,56528.0,2024-12-08,1.4316,850,1,24.5,0,1,193255.0,Current,0,0,None,0.0,0
TCU-01164,Lobatse,LO002,Education Loan,37,Student,4706.0,17800.0,15.83,36,624.0,10,11408.0,2024-08-12,0.1326,674,2,21.1,0,0,0.0,Current,0,0,None,0.0,0
TCU-01165,Maun,LO008,Home Loan,47,Farmer,5501.0,126300.0,22.85,24,6605.0,6,91144.0,2024-12-13,1.2007,727,3,22.8,0,0,0.0,Defaulted,142,8,Called,55932.0,1
TCU-01166,Selebi-Phikwe,LO007,Agriculture Loan,63,Farmer,10504.0,158300.0,11.79,72,3078.0,8,128276.0,2024-10-20,0.293,820,0,22.6,0,0,0.0,Current,0,0,None,0.0,0
TCU-01167,Lobatse,LO016,Education Loan,31,Self-Employed,27001.0,377300.0,20.26,84,8438.0,15,282742.0,2024-03-20,0.3125,850,3,3.0,0,0,0.0,Current,0,0,None,0.0,0
TCU-01168,Selebi-Phikwe,LO007,Vehicle Loan,37,Government Employee,10224.0,101300.0,20.51,84,2281.0,18,78912.0,2024-01-05,0.2231,766,0,18.6,1,0,0.0,Late (30–89 days),87,1,Letter Sent,15518.0,1
TCU-01169,Gaborone Main,LO005,Personal Loan,58,Private Sector,29497.0,102200.0,20.41,84,2295.0,3,89634.0,2025-03-28,0.0778,850,0,17.6,1,1,228127.0,Current,0,0,None,0.0,0
TCU-01170,Gaborone Main,LO015,Business Loan,34,Pensioner,8488.0,227300.0,18.27,36,8248.0,17,105842.0,2024-01-12,0.9717,752,2,8.2,1,1,439873.0,Defaulted,301,9,Legal Notice,76563.0,1
TCU-01171,Lobatse,LO014,Vehicle Loan,51,Government Employee,24823.0,220300.0,17.04,24,10896.0,7,137804.0,2024-12-02,0.4389,850,0,5.5,1,0,0.0,Current,0,0,None,0.0,0
TCU-01172,Lobatse,LO002,Personal Loan,60,Self-Employed,11009.0,217800.0,11.84,72,4240.0,3,203504.0,2025-03-05,0.3851,804,1,6.6,0,1,211411.0,Current,0,0,None,0.0,0
TCU-01173,Gaborone Main,LO003,Vehicle Loan,38,Government Employee,16392.0,28600.0,12.39,60,642.0,15,18566.0,2024-04-03,0.0392,844,1,17.9,0,0,0.0,Current,0,0,None,0.0,0
TCU-01174,Francistown,LO017,Education Loan,32,Government Employee,22123.0,211400.0,10.35,60,4528.0,17,145776.0,2024-02-03,0.2047,844,0,18.8,0,1,212962.0,Current,0,0,None,0.0,0
TCU-01175,Lobatse,LO009,Business Loan,43,Self-Employed,39871.0,102800.0,15.09,72,2179.0,1,94765.0,2025-05-04,0.0547,850,3,18.0,0,1,92509.0,Current,0,0,None,0.0,0
TCU-01176,Gaborone Main,LO007,Business Loan,27,Farmer,12392.0,132700.0,22.86,84,3179.0,17,105786.0,2024-01-17,0.2565,673,0,14.2,1,1,316602.0,Current,0,0,None,0.0,0
TCU-01177,Lobatse,LO015,Agriculture Loan,29,Private Sector,13178.0,110600.0,19.31,84,2410.0,10,96991.0,2024-08-06,0.1829,674,1,9.2,0,0,0.0,Early (1–29 days),21,1,None,0.0,0
TCU-01178,Lobatse,LO004,Agriculture Loan,53,Self-Employed,39491.0,290900.0,12.94,24,13822.0,13,115709.0,2024-06-04,0.35,850,0,1.9,1,1,398642.0,Current,0,0,None,0.0,0
TCU-01179,Selebi-Phikwe,LO003,Vehicle Loan,64,Private Sector,19149.0,171900.0,23.97,24,9086.0,1,158303.0,2025-05-23,0.4745,850,1,8.8,1,1,344298.0,Current,0,0,None,0.0,0
TCU-01180,Maun,LO014,Vehicle Loan,55,Pensioner,7627.0,226600.0,17.77,12,20750.0,12,0.0,2024-02-01,2.7206,739,1,19.0,1,1,315286.0,Late (30–89 days),53,2,Letter Sent,0.0,1
TCU-01181,Selebi-Phikwe,LO003,Vehicle Loan,31,Private Sector,9745.0,198000.0,14.11,36,6778.0,17,92885.0,2024-01-27,0.6955,763,1,2.9,1,0,0.0,Early (1–29 days),27,1,None,0.0,0
TCU-01182,Selebi-Phikwe,LO006,Home Loan,46,Pensioner,4243.0,73100.0,21.02,12,6807.0,12,0.0,2024-01-04,1.6043,641,4,12.6,0,1,92274.0,Late (30–89 days),61,1,SMS Sent,0.0,1
TCU-01183,Francistown,LO007,Education Loan,52,Farmer,11641.0,166600.0,18.72,24,8375.0,10,84688.0,2024-08-22,0.7194,798,0,0.9,0,1,177333.0,Current,0,0,None,0.0,0
TCU-01184,Gaborone Main,LO009,Personal Loan,41,Government Employee,8663.0,94300.0,17.88,12,8640.0,10,14239.0,2024-08-21,0.9973,754,2,21.3,2,1,80201.0,Current,0,0,None,0.0,0
TCU-01185,Francistown,LO017,Education Loan,50,Private Sector,9150.0,303200.0,15.27,12,27405.0,5,175713.0,2025-01-03,2.9951,731,2,16.0,0,0,0.0,Defaulted,127,3,SMS Sent,141050.0,1
TCU-01186,Maun,LO008,Home Loan,61,Self-Employed,6779.0,124600.0,20.69,60,3349.0,14,94521.0,2024-04-07,0.494,739,0,14.4,0,1,254894.0,Current,0,0,None,0.0,0
TCU-01187,Lobatse,LO020,Business Loan,63,Pensioner,4135.0,31700.0,23.71,60,907.0,17,21606.0,2024-01-26,0.2193,734,2,20.2,0,0,0.0,Current,0,0,None,0.0,0
TCU-01188,Selebi-Phikwe,LO020,Education Loan,37,Student,1548.0,37600.0,23.35,48,1212.0,5,31624.0,2025-01-16,0.7829,721,0,23.2,0,1,66892.0,Current,0,0,None,0.0,0
TCU-01189,Gaborone Main,LO010,Home Loan,49,Pensioner,9363.0,231300.0,15.15,48,6455.0,15,152528.0,2024-03-09,0.6894,699,0,13.8,0,1,202039.0,Current,0,0,None,0.0,0
TCU-01190,Lobatse,LO003,Home Loan,36,Farmer,10053.0,49200.0,11.91,12,4369.0,8,14418.0,2024-10-14,0.4346,768,2,18.7,0,0,0.0,Current,0,0,None,0.0,0
TCU-01191,Maun,LO001,Education Loan,53,Private Sector,12768.0,178200.0,22.46,24,9285.0,10,93058.0,2024-08-05,0.7272,804,0,21.4,0,0,0.0,Current,0,0,None,0.0,0
TCU-01192,Lobatse,LO011,Home Loan,28,Self-Employed,20507.0,294600.0,8.95,24,13452.0,1,263823.0,2025-05-25,0.656,817,0,5.3,0,1,355457.0,Current,0,0,None,0.0,0
TCU-01193,Lobatse,LO010,Home Loan,43,Student,2134.0,8100.0,18.42,84,172.0,13,6359.0,2024-05-22,0.0806,670,3,4.6,0,1,18622.0,Late (30–89 days),40,1,Called,1408.0,1
TCU-01194,Francistown,LO001,Home Loan,60,Private Sector,8088.0,215700.0,11.24,12,19088.0,5,119870.0,2025-01-02,2.36,804,1,27.0,0,1,487341.0,Late (30–89 days),38,2,Called,34508.0,1
TCU-01195,Lobatse,LO006,Education Loan,29,Private Sector,7084.0,207100.0,14.05,24,9948.0,13,81325.0,2024-06-03,1.4043,750,0,7.6,0,1,245140.0,Late (30–89 days),33,1,SMS Sent,9314.0,1
TCU-01196,Lobatse,LO011,Vehicle Loan,33,Student,1848.0,27600.0,14.34,72,574.0,8,23429.0,2024-10-14,0.3106,685,0,22.3,0,0,0.0,Defaulted,320,12,Called,19888.0,1
TCU-01197,Maun,LO012,Agriculture Loan,36,Government Employee,21665.0,320300.0,9.78,48,8090.0,2,282343.0,2025-04-24,0.3734,850,0,11.6,0,1,389679.0,Current,0,0,None,0.0,0
TCU-01198,Lobatse,LO004,Personal Loan,44,Private Sector,22082.0,216800.0,15.02,48,6036.0,6,162907.0,2024-12-14,0.2733,764,0,14.4,2,1,219518.0,Late (30–89 days),35,2,SMS Sent,35709.0,1
TCU-01199,Gaborone Main,LO020,Personal Loan,48,Student,2046.0,30400.0,14.56,72,636.0,3,24868.0,2025-03-28,0.3109,625,1,10.4,0,1,49452.0,Early (1–29 days),5,1,None,0.0,0
TCU-01200,Lobatse,LO010,Agriculture Loan,46,Student,3294.0,81200.0,9.8,36,2612.0,13,48814.0,2024-06-04,0.793,631,0,1.7,2,1,179558.0,Late (30–89 days),78,1,None,15544.0,1
TCU-01201,Francistown,LO005,Home Loan,66,Government Employee,15435.0,315100.0,21.7,48,9876.0,11,211076.0,2024-08-01,0.6398,688,2,3.5,0,1,617949.0,Current,0,0,None,0.0,0
TCU-01202,Lobatse,LO005,Personal Loan,43,Private Sector,8262.0,222400.0,8.97,48,5531.0,6,170187.0,2024-12-27,0.6695,745,1,9.1,0,0,0.0,Current,0,0,None,0.0,0
TCU-01203,Francistown,LO009,Home Loan,31,Farmer,14317.0,231600.0,12.36,84,4133.0,5,207119.0,2025-01-09,0.2887,721,1,29.3,0,1,300839.0,Current,0,0,None,0.0,0
TCU-01204,Maun,LO004,Personal Loan,58,Self-Employed,15046.0,160900.0,23.36,60,4569.0,13,125484.0,2024-05-12,0.3037,850,1,11.8,2,0,0.0,Current,0,0,None,0.0,0
TCU-01205,Selebi-Phikwe,LO016,Business Loan,30,Farmer,10167.0,69500.0,8.84,48,1724.0,10,48892.0,2024-08-08,0.1696,804,0,17.5,0,0,0.0,Current,0,0,None,0.0,0
TCU-01206,Selebi-Phikwe,LO015,Education Loan,34,Self-Employed,39423.0,428000.0,18.86,72,9971.0,18,286663.0,2024-01-07,0.2529,850,0,15.0,0,0,0.0,Current,0,0,None,0.0,0
TCU-01207,Gaborone Main,LO015,Personal Loan,66,Student,2213.0,43800.0,9.95,48,1110.0,13,30856.0,2024-05-27,0.5016,740,3,21.0,2,0,0.0,Late (30–89 days),89,2,None,6852.0,1
TCU-01208,Selebi-Phikwe,LO007,Vehicle Loan,50,Government Employee,18712.0,425100.0,20.65,84,9607.0,3,360756.0,2025-03-12,0.5134,850,0,29.7,2,0,0.0,Defaulted,115,11,Letter Sent,191735.0,1
TCU-01209,Maun,LO018,Business Loan,30,Farmer,5455.0,93100.0,15.5,60,2239.0,5,72834.0,2025-01-25,0.4104,679,4,16.4,0,0,0.0,Current,0,0,None,0.0,0
TCU-01210,Maun,LO020,Home Loan,43,Student,4617.0,122600.0,8.87,36,3891.0,3,100245.0,2025-03-05,0.8428,653,2,2.0,1,1,227640.0,Late (30–89 days),66,1,None,19402.0,1
TCU-01211,Gaborone Main,LO011,Home Loan,22,Government Employee,14656.0,336800.0,16.72,72,7440.0,16,243916.0,2024-03-02,0.5076,850,2,17.5,1,0,0.0,Early (1–29 days),2,1,None,0.0,0
TCU-01212,Gaborone Main,LO012,Vehicle Loan,39,Private Sector,15239.0,39700.0,11.81,36,1315.0,11,25595.0,2024-07-14,0.0863,830,1,8.6,0,1,62676.0,Early (1–29 days),21,1,None,0.0,0
TCU-01213,Selebi-Phikwe,LO017,Home Loan,22,Government Employee,14484.0,200800.0,21.14,60,5448.0,9,146002.0,2024-09-25,0.3761,824,0,14.1,2,1,466996.0,Current,0,0,None,0.0,0
TCU-01214,Gaborone Main,LO014,Personal Loan,52,Student,1873.0,25300.0,23.7,60,723.0,3,20837.0,2025-03-08,0.386,659,1,14.4,1,1,45149.0,Late (30–89 days),42,1,Home Visit,4239.0,1
TCU-01215,Maun,LO001,Home Loan,24,Student,4894.0,60600.0,12.46,72,1199.0,15,45011.0,2024-03-09,0.245,595,0,11.4,0,1,73974.0,Current,0,0,None,0.0,0
TCU-01216,Selebi-Phikwe,LO013,Agriculture Loan,40,Private Sector,9409.0,212000.0,15.97,60,5152.0,16,133698.0,2024-02-14,0.5476,760,0,24.5,2,1,344350.0,Late (30–89 days),85,1,Legal Notice,13586.0,1
TCU-01217,Francistown,LO015,Business Loan,43,Private Sector,17496.0,269800.0,21.07,24,13873.0,9,151341.0,2024-09-18,0.7929,746,2,5.4,0,1,648534.0,Early (1–29 days),18,1,None,0.0,0
TCU-01218,Gaborone Main,LO018,Education Loan,51,Private Sector,28173.0,337100.0,8.62,48,8328.0,10,249080.0,2024-08-17,0.2956,850,2,5.4,0,1,530931.0,Current,0,0,None,0.0,0
TCU-01219,Francistown,LO011,Business Loan,54,Self-Employed,28959.0,254500.0,14.54,12,22916.0,12,0.0,2024-03-03,0.7913,850,0,4.7,1,1,331320.0,Late (30–89 days),73,1,None,0.0,1
TCU-01220,Selebi-Phikwe,LO016,Personal Loan,52,Student,4151.0,137800.0,22.5,12,12930.0,2,99474.0,2025-05-01,3.1149,682,0,18.5,0,1,290542.0,Late (30–89 days),69,2,Called,22979.0,1
TCU-01221,Maun,LO001,Personal Loan,34,Self-Employed,26140.0,84900.0,21.27,36,3210.0,13,54131.0,2024-05-21,0.1228,816,0,14.0,0,0,0.0,Early (1–29 days),9,1,None,0.0,0
TCU-01222,Gaborone Main,LO015,Personal Loan,37,Pensioner,6171.0,93800.0,15.03,84,1812.0,14,70365.0,2024-04-26,0.2936,756,2,17.8,0,0,0.0,Early (1–29 days),13,1,None,0.0,0
TCU-01223,Selebi-Phikwe,LO001,Personal Loan,67,Private Sector,18094.0,109500.0,17.36,24,5433.0,9,66843.0,2024-09-24,0.3003,850,3,27.6,0,1,182090.0,Current,0,0,None,0.0,0
TCU-01224,Gaborone Main,LO010,Education Loan,60,Private Sector,15670.0,410000.0,14.46,72,8550.0,4,386348.0,2025-02-27,0.5456,789,0,8.9,1,0,0.0,Defaulted,196,4,Home Visit,318384.0,1
TCU-01225,Selebi-Phikwe,LO014,Home Loan,66,Private Sector,9510.0,94000.0,16.85,36,3344.0,12,62559.0,2024-06-19,0.3516,751,0,24.4,0,0,0.0,Late (30–89 days),55,1,None,7607.0,1
TCU-01226,Maun,LO003,Education Loan,46,Government Employee,8409.0,96700.0,21.27,48,3008.0,14,62338.0,2024-04-27,0.3577,732,1,22.0,1,0,0.0,Current,0,0,None,0.0,0
TCU-01227,Selebi-Phikwe,LO020,Agriculture Loan,63,Private Sector,24303.0,406900.0,9.89,12,35752.0,12,0.0,2024-02-28,1.4711,850,1,7.4,0,1,828490.0,Late (30–89 days),82,1,None,0.0,1
TCU-01228,Maun,LO003,Home Loan,36,Self-Employed,23575.0,379200.0,18.19,12,34799.0,10,54188.0,2024-08-23,1.4761,824,0,7.0,0,1,459647.0,Late (30–89 days),88,1,SMS Sent,12353.0,1
TCU-01229,Selebi-Phikwe,LO017,Personal Loan,30,Private Sector,14371.0,381700.0,13.2,48,10278.0,9,299390.0,2024-09-19,0.7152,829,3,7.0,3,0,0.0,Defaulted,268,11,None,247325.0,1
TCU-01230,Lobatse,LO014,Vehicle Loan,37,Government Employee,23808.0,311300.0,13.0,24,14800.0,15,108993.0,2024-04-06,0.6216,768,4,22.5,0,1,372230.0,Current,0,0,None,0.0,0
TCU-01231,Gaborone Main,LO013,Vehicle Loan,23,Student,2995.0,15400.0,16.18,48,438.0,13,10653.0,2024-05-08,0.1462,486,1,7.5,0,0,0.0,Late (30–89 days),76,2,None,3407.0,1
TCU-01232,Selebi-Phikwe,LO006,Education Loan,32,Farmer,4907.0,61100.0,16.48,72,1342.0,17,43662.0,2024-01-12,0.2735,628,1,13.7,0,0,0.0,Current,0,0,None,0.0,0
TCU-01233,Lobatse,LO020,Personal Loan,63,Pensioner,6783.0,57800.0,13.43,60,1328.0,14,38568.0,2024-04-18,0.1958,712,1,13.3,3,0,0.0,Late (30–89 days),83,1,Letter Sent,12652.0,1
TCU-01234,Maun,LO001,Personal Loan,56,Government Employee,23614.0,149000.0,20.48,12,13837.0,5,78177.0,2025-01-31,0.586,850,1,6.1,0,0,0.0,Current,0,0,None,0.0,0
TCU-01235,Gaborone Main,LO018,Education Loan,47,Self-Employed,19890.0,421500.0,13.28,48,11366.0,16,241214.0,2024-02-10,0.5714,788,0,18.3,0,0,0.0,Current,0,0,None,0.0,0
TCU-01236,Selebi-Phikwe,LO002,Agriculture Loan,53,Self-Employed,12385.0,26300.0,11.54,12,2331.0,12,0.0,2024-04-14,0.1882,701,0,19.2,0,1,58400.0,Current,0,0,None,0.0,0
TCU-01237,Lobatse,LO012,Business Loan,23,Farmer,14946.0,227600.0,14.83,24,11017.0,14,89627.0,2024-05-01,0.7371,787,0,23.6,0,1,545947.0,Current,0,0,None,0.0,0
TCU-01238,Selebi-Phikwe,LO005,Home Loan,63,Student,3956.0,50200.0,15.78,84,991.0,8,45379.0,2024-10-22,0.2505,725,1,10.1,2,0,0.0,Current,0,0,None,0.0,0
TCU-01239,Maun,LO014,Agriculture Loan,64,Pensioner,8662.0,17600.0,14.4,48,484.0,11,12268.0,2024-08-01,0.0559,723,0,10.2,0,1,26920.0,Current,0,0,None,0.0,0
TCU-01240,Francistown,LO009,Education Loan,44,Pensioner,5190.0,88600.0,12.04,36,2944.0,3,76709.0,2025-03-15,0.5672,830,3,25.0,0,0,0.0,Current,0,0,None,0.0,0
TCU-01241,Selebi-Phikwe,LO016,Home Loan,23,Student,3336.0,23100.0,17.94,24,1153.0,12,11157.0,2024-06-11,0.3456,574,1,6.9,1,1,28056.0,Current,0,0,None,0.0,0
TCU-01242,Gaborone Main,LO012,Personal Loan,43,Pensioner,8579.0,114200.0,9.42,72,2082.0,17,81948.0,2024-02-02,0.2427,644,1,12.3,0,0,0.0,Current,0,0,None,0.0,0
TCU-01243,Lobatse,LO002,Agriculture Loan,60,Private Sector,17219.0,257900.0,22.56,84,6131.0,7,210509.0,2024-11-18,0.3561,850,1,20.7,0,0,0.0,Current,0,0,None,0.0,0
TCU-01244,Maun,LO002,Agriculture Loan,44,Government Employee,10255.0,6800.0,23.88,12,643.0,11,563.0,2024-07-08,0.0627,692,0,6.7,0,1,15946.0,Current,0,0,None,0.0,0
TCU-01245,Francistown,LO016,Education Loan,65,Private Sector,26603.0,98100.0,20.86,72,2399.0,14,68495.0,2024-04-12,0.0902,850,0,29.8,0,1,226058.0,Current,0,0,None,0.0,0
TCU-01246,Francistown,LO012,Personal Loan,65,Farmer,11303.0,175400.0,16.69,60,4330.0,6,142435.0,2024-12-24,0.3831,850,0,2.9,0,1,152539.0,Current,0,0,None,0.0,0
TCU-01247,Gaborone Main,LO003,Vehicle Loan,36,Self-Employed,27960.0,175300.0,14.04,84,3289.0,10,147218.0,2024-08-13,0.1176,850,1,14.5,0,1,276022.0,Current,0,0,None,0.0,0
TCU-01248,Maun,LO016,Home Loan,30,Government Employee,24376.0,382400.0,20.08,84,8510.0,3,327665.0,2025-03-11,0.3491,730,0,22.7,0,1,382973.0,Current,0,0,None,0.0,0
TCU-01249,Lobatse,LO002,Vehicle Loan,22,Pensioner,7426.0,93700.0,12.23,84,1666.0,10,81591.0,2024-08-28,0.2243,554,1,15.1,0,1,188419.0,Current,0,0,None,0.0,0
TCU-01250,Selebi-Phikwe,LO015,Business Loan,30,Student,3868.0,14600.0,20.29,36,545.0,10,10272.0,2024-08-22,0.1409,570,1,16.9,2,1,20222.0,Current,0,0,None,0.0,0
TCU-01251,Maun,LO020,Business Loan,25,Private Sector,15618.0,338600.0,10.74,24,15741.0,10,171061.0,2024-08-31,1.0079,759,2,13.5,0,0,0.0,Defaulted,259,7,None,113877.0,1
TCU-01252,Maun,LO007,Personal Loan,40,Student,3325.0,82300.0,12.36,60,1846.0,5,66672.0,2025-01-16,0.5552,736,2,26.7,0,0,0.0,Current,0,0,None,0.0,0
TCU-01253,Gaborone Main,LO011,Personal Loan,65,Student,2928.0,16700.0,18.93,48,499.0,13,11063.0,2024-05-09,0.1704,726,0,13.8,1,1,37260.0,Current,0,0,None,0.0,0
TCU-01254,Selebi-Phikwe,LO008,Education Loan,68,Pensioner,4934.0,44400.0,14.65,12,4000.0,7,16953.0,2024-11-25,0.8107,687,1,13.3,0,0,0.0,Current,0,0,None,0.0,0
TCU-01255,Selebi-Phikwe,LO010,Home Loan,53,Government Employee,22458.0,421000.0,9.76,84,6937.0,11,314088.0,2024-07-20,0.3089,850,2,5.7,0,0,0.0,Current,0,0,None,0.0,0
TCU-01256,Gaborone Main,LO007,Agriculture Loan,57,Pensioner,9641.0,297400.0,11.14,36,9756.0,1,263106.0,2025-05-30,1.0119,785,2,1.9,0,1,242222.0,Current,0,0,None,0.0,0
TCU-01257,Selebi-Phikwe,LO012,Home Loan,65,Student,3689.0,85000.0,12.22,48,2248.0,14,51580.0,2024-04-08,0.6094,809,1,13.7,0,0,0.0,Current,0,0,None,0.0,0
TCU-01258,Lobatse,LO010,Business Loan,25,Government Employee,10531.0,90000.0,16.98,36,3208.0,10,56945.0,2024-08-29,0.3046,638,2,22.3,0,1,187096.0,Current,0,0,None,0.0,0
TCU-01259,Selebi-Phikwe,LO001,Business Loan,48,Private Sector,18899.0,341700.0,18.55,72,7900.0,1,336467.0,2025-05-05,0.418,835,1,15.6,1,0,0.0,Late (30–89 days),32,1,SMS Sent,63389.0,1
TCU-01260,Gaborone Main,LO002,Vehicle Loan,38,Student,4697.0,60800.0,12.67,36,2039.0,17,31100.0,2024-01-29,0.4341,597,1,25.2,0,1,96059.0,Current,0,0,None,0.0,0
TCU-01261,Lobatse,LO009,Agriculture Loan,59,Government Employee,13167.0,105300.0,17.89,24,5251.0,4,79117.0,2025-02-08,0.3988,782,0,13.1,0,1,215698.0,Current,0,0,None,0.0,0
TCU-01262,Francistown,LO014,Business Loan,54,Farmer,10016.0,39900.0,14.73,84,764.0,5,37095.0,2025-01-25,0.0763,783,1,7.0,0,1,45993.0,Current,0,0,None,0.0,0
TCU-01263,Maun,LO002,Business Loan,52,Student,4053.0,54400.0,19.62,36,2011.0,5,46573.0,2025-01-24,0.4962,666,3,5.7,0,0,0.0,Defaulted,146,4,Home Visit,35512.0,1
TCU-01264,Maun,LO006,Agriculture Loan,28,Student,3848.0,32500.0,12.01,60,723.0,4,30289.0,2025-02-10,0.1879,750,2,6.6,2,1,27504.0,Late (30–89 days),64,2,Home Visit,7520.0,1
TCU-01265,Selebi-Phikwe,LO018,Education Loan,23,Private Sector,24706.0,19000.0,16.89,48,547.0,10,13691.0,2024-08-21,0.0221,850,2,17.5,0,0,0.0,Current,0,0,None,0.0,0
TCU-01266,Francistown,LO016,Personal Loan,29,Student,2842.0,30300.0,9.18,36,966.0,16,15261.0,2024-02-21,0.3399,756,3,4.8,0,1,33014.0,Current,0,0,None,0.0,0
TCU-01267,Gaborone Main,LO018,Personal Loan,34,Government Employee,15588.0,494500.0,14.71,12,44565.0,1,408053.0,2025-05-06,2.8589,701,2,22.0,0,0,0.0,Late (30–89 days),69,2,SMS Sent,104490.0,1
TCU-01268,Francistown,LO004,Vehicle Loan,42,Private Sector,8982.0,169800.0,20.75,48,5235.0,6,137806.0,2024-12-30,0.5828,756,0,18.8,0,0,0.0,Late (30–89 days),34,2,None,21059.0,1
TCU-01269,Selebi-Phikwe,LO008,Personal Loan,67,Self-Employed,39754.0,51600.0,17.74,36,1859.0,6,39444.0,2024-12-26,0.0468,850,1,12.8,0,1,84088.0,Current,0,0,None,0.0,0
TCU-01270,Lobatse,LO019,Education Loan,35,Pensioner,4321.0,127600.0,19.31,12,11778.0,11,10064.0,2024-07-31,2.7258,777,0,2.8,3,1,274606.0,Late (30–89 days),44,1,SMS Sent,2067.0,1
TCU-01271,Selebi-Phikwe,LO020,Education Loan,37,Government Employee,13600.0,337900.0,9.2,72,6124.0,16,232956.0,2024-02-27,0.4503,727,2,11.5,1,1,466629.0,Current,0,0,None,0.0,0
TCU-01272,Lobatse,LO018,Personal Loan,65,Pensioner,4919.0,209500.0,11.88,72,4083.0,12,152206.0,2024-06-06,0.83,663,0,28.9,0,1,264590.0,Current,0,0,None,0.0,0
TCU-01273,Maun,LO016,Vehicle Loan,57,Government Employee,23267.0,57600.0,19.4,24,2915.0,11,28419.0,2024-07-11,0.1253,850,0,17.4,0,1,126846.0,Current,0,0,None,0.0,0
TCU-01274,Selebi-Phikwe,LO007,Personal Loan,28,Self-Employed,25712.0,245500.0,15.79,48,6931.0,6,207568.0,2024-12-11,0.2696,850,1,19.7,0,0,0.0,Current,0,0,None,0.0,0
TCU-01275,Maun,LO002,Education Loan,30,Student,4948.0,146400.0,19.39,48,4408.0,1,135524.0,2025-05-10,0.8909,707,3,27.8,0,1,133681.0,Current,0,0,None,0.0,0
TCU-01276,Gaborone Main,LO016,Agriculture Loan,49,Farmer,4633.0,34500.0,13.05,12,3082.0,12,0.0,2024-07-03,0.6652,666,1,19.6,1,0,0.0,Defaulted,358,6,SMS Sent,0.0,1
TCU-01277,Francistown,LO006,Agriculture Loan,48,Student,2321.0,49200.0,9.96,60,1044.0,14,35733.0,2024-04-12,0.4498,657,0,29.2,1,1,95349.0,Late (30–89 days),47,1,Letter Sent,10796.0,1
TCU-01278,Lobatse,LO010,Vehicle Loan,22,Student,2940.0,103000.0,10.33,72,1925.0,3,93635.0,2025-03-12,0.6548,673,4,12.8,0,0,0.0,Late (30–89 days),61,2,Legal Notice,13867.0,1
TCU-01279,Gaborone Main,LO007,Vehicle Loan,61,Student,1636.0,26000.0,13.15,36,878.0,15,14449.0,2024-04-05,0.5367,643,2,11.9,0,0,0.0,Late (30–89 days),42,2,Legal Notice,2830.0,1
TCU-01280,Lobatse,LO019,Business Loan,39,Private Sector,6846.0,80700.0,14.42,48,2222.0,3,70925.0,2025-03-19,0.3246,652,3,13.0,0,1,112161.0,Current,0,0,None,0.0,0
TCU-01281,Lobatse,LO007,Education Loan,27,Government Employee,19506.0,397600.0,20.64,36,14906.0,13,226605.0,2024-05-09,0.7642,781,0,13.0,0,0,0.0,Current,0,0,None,0.0,0
TCU-01282,Lobatse,LO020,Business Loan,65,Pensioner,9714.0,100300.0,10.09,72,1863.0,5,85441.0,2025-01-25,0.1918,758,1,22.1,0,0,0.0,Current,0,0,None,0.0,0
TCU-01283,Francistown,LO013,Education Loan,68,Pensioner,9668.0,109400.0,15.47,24,5329.0,6,79849.0,2024-12-14,0.5512,850,0,22.9,0,0,0.0,Current,0,0,None,0.0,0
TCU-01284,Gaborone Main,LO008,Education Loan,39,Farmer,8123.0,316800.0,15.04,36,10988.0,11,197650.0,2024-08-02,1.3527,731,0,25.9,0,1,500050.0,Late (30–89 days),30,1,Legal Notice,57418.0,1
TCU-01285,Francistown,LO018,Education Loan,43,Self-Employed,38183.0,141000.0,12.91,72,2824.0,4,126514.0,2025-02-15,0.074,850,1,16.4,0,1,210737.0,Current,0,0,None,0.0,0
TCU-01286,Lobatse,LO002,Personal Loan,23,Farmer,13155.0,411000.0,9.75,84,6770.0,10,351124.0,2024-08-08,0.5146,726,0,28.6,1,0,0.0,Current,0,0,None,0.0,0
TCU-01287,Maun,LO001,Agriculture Loan,48,Farmer,7064.0,115000.0,23.13,72,2967.0,14,84084.0,2024-04-08,0.42,698,3,20.7,0,0,0.0,Current,0,0,None,0.0,0
TCU-01288,Lobatse,LO011,Personal Loan,49,Pensioner,9298.0,127100.0,20.27,12,11790.0,6,61468.0,2024-12-09,1.268,707,1,21.4,1,1,175826.0,Defaulted,225,5,Home Visit,46589.0,1
TCU-01289,Lobatse,LO019,Business Loan,26,Farmer,13794.0,66600.0,23.36,84,1617.0,13,50639.0,2024-05-13,0.1172,836,0,10.0,1,1,137580.0,Current,0,0,None,0.0,0
TCU-01290,Selebi-Phikwe,LO008,Education Loan,26,Student,3764.0,94400.0,14.81,60,2236.0,16,65812.0,2024-02-23,0.594,634,0,15.6,0,0,0.0,Current,0,0,None,0.0,0
TCU-01291,Lobatse,LO019,Vehicle Loan,31,Farmer,10213.0,124700.0,18.55,12,11465.0,8,39339.0,2024-10-28,1.1226,662,3,27.2,0,1,179478.0,Current,0,0,None,0.0,0
TCU-01292,Gaborone Main,LO007,Agriculture Loan,48,Private Sector,16139.0,233500.0,11.77,60,5167.0,9,180701.0,2024-09-21,0.3202,812,2,11.6,1,1,228461.0,Current,0,0,None,0.0,0
TCU-01293,Selebi-Phikwe,LO003,Vehicle Loan,45,Farmer,11569.0,26200.0,22.18,84,617.0,13,21766.0,2024-05-07,0.0533,723,1,26.6,0,1,27013.0,Current,0,0,None,0.0,0
TCU-01294,Lobatse,LO020,Education Loan,66,Government Employee,23552.0,407800.0,12.61,48,10861.0,5,344129.0,2025-01-18,0.4611,850,1,19.7,2,0,0.0,Late (30–89 days),52,1,Home Visit,72794.0,1
TCU-01295,Francistown,LO016,Vehicle Loan,38,Government Employee,15917.0,144300.0,12.61,24,6834.0,17,41824.0,2024-01-24,0.4294,724,0,18.1,0,1,134091.0,Current,0,0,None,0.0,0
TCU-01296,Lobatse,LO019,Personal Loan,35,Government Employee,21409.0,28000.0,21.69,72,698.0,17,20735.0,2024-02-04,0.0326,848,0,11.0,0,1,36228.0,Current,0,0,None,0.0,0
TCU-01297,Selebi-Phikwe,LO012,Business Loan,43,Student,2697.0,14000.0,18.99,48,419.0,3,13093.0,2025-03-16,0.1554,578,1,0.9,2,1,11888.0,Early (1–29 days),24,1,None,0.0,0
TCU-01298,Lobatse,LO012,Vehicle Loan,37,Self-Employed,6801.0,176100.0,16.28,60,4309.0,4,160256.0,2025-02-12,0.6336,600,4,3.1,0,0,0.0,Current,0,0,None,0.0,0
TCU-01299,Selebi-Phikwe,LO003,Home Loan,39,Farmer,11762.0,147500.0,9.94,72,2728.0,4,129090.0,2025-02-22,0.2319,727,1,17.7,0,0,0.0,Current,0,0,None,0.0,0
TCU-01300,Gaborone Main,LO012,Agriculture Loan,67,Pensioner,4799.0,124700.0,17.59,12,11408.0,12,0.0,2024-03-10,2.3772,695,0,7.4,0,0,0.0,Late (30–89 days),57,2,Letter Sent,0.0,1
TCU-01301,Francistown,LO020,Education Loan,39,Farmer,8068.0,29000.0,9.35,12,2541.0,10,4743.0,2024-08-09,0.3149,657,0,9.6,1,1,52325.0,Current,0,0,None,0.0,0
TCU-01302,Maun,LO015,Home Loan,43,Private Sector,26754.0,6300.0,13.57,36,214.0,8,4241.0,2024-10-15,0.008,850,3,22.5,0,0,0.0,Current,0,0,None,0.0,0
TCU-01303,Lobatse,LO014,Vehicle Loan,44,Government Employee,13272.0,251000.0,13.19,24,11955.0,15,93693.0,2024-04-02,0.9008,797,1,0.8,0,1,314958.0,Current,0,0,None,0.0,0
TCU-01304,Francistown,LO020,Education Loan,27,Self-Employed,31930.0,88100.0,10.34,60,1887.0,7,70161.0,2024-12-01,0.0591,850,1,18.8,1,1,176200.0,Current,0,0,None,0.0,0
TCU-01305,Maun,LO012,Education Loan,57,Farmer,13074.0,59700.0,15.64,84,1174.0,12,45147.0,2024-07-01,0.0898,833,1,9.7,1,0,0.0,Early (1–29 days),2,1,None,0.0,0
TCU-01306,Gaborone Main,LO009,Vehicle Loan,34,Pensioner,5134.0,53600.0,21.15,36,2024.0,12,30924.0,2024-06-09,0.3942,788,1,11.4,0,0,0.0,Current,0,0,None,0.0,0
TCU-01307,Gaborone Main,LO017,Home Loan,28,Private Sector,9714.0,131300.0,23.85,36,5141.0,4,100747.0,2025-02-15,0.5292,709,1,11.2,1,0,0.0,Late (30–89 days),33,2,Home Visit,17551.0,1
TCU-01308,Gaborone Main,LO004,Personal Loan,50,Pensioner,7700.0,140800.0,18.02,36,5092.0,7,101849.0,2024-11-16,0.6613,786,1,25.3,0,0,0.0,Current,0,0,None,0.0,0
TCU-01309,Francistown,LO020,Education Loan,57,Student,1844.0,32100.0,22.53,36,1235.0,6,23350.0,2024-12-15,0.6697,609,3,27.6,1,1,78706.0,Current,0,0,None,0.0,0
TCU-01310,Lobatse,LO003,Personal Loan,46,Student,1706.0,56900.0,19.39,60,1488.0,13,38956.0,2024-05-15,0.8722,710,0,24.1,0,1,85895.0,Late (30–89 days),73,1,Home Visit,10059.0,1
TCU-01311,Selebi-Phikwe,LO006,Agriculture Loan,44,Student,4238.0,103500.0,14.41,24,4989.0,17,28055.0,2024-02-01,1.1772,638,2,21.4,1,1,182863.0,Defaulted,270,10,Called,12857.0,1
TCU-01312,Selebi-Phikwe,LO002,Agriculture Loan,57,Student,2204.0,6500.0,18.5,48,193.0,9,4932.0,2024-09-30,0.0876,640,1,22.2,0,1,10317.0,Current,0,0,None,0.0,0
TCU-01313,Gaborone Main,LO011,Agriculture Loan,43,Private Sector,29900.0,402400.0,8.86,24,18358.0,4,285835.0,2025-02-13,0.614,850,0,23.8,1,1,608214.0,Current,0,0,None,0.0,0
TCU-01314,Lobatse,LO011,Personal Loan,50,Farmer,11616.0,130500.0,18.34,72,3002.0,6,109498.0,2024-12-04,0.2584,805,4,8.2,0,0,0.0,Current,0,0,None,0.0,0
TCU-01315,Lobatse,LO018,Vehicle Loan,30,Private Sector,18740.0,224200.0,22.14,36,8579.0,3,196184.0,2025-03-11,0.4578,850,2,2.7,0,0,0.0,Late (30–89 days),89,1,SMS Sent,60981.0,1
TCU-01316,Francistown,LO018,Vehicle Loan,27,Government Employee,8155.0,150300.0,12.79,84,2717.0,2,144577.0,2025-04-02,0.3332,647,0,17.5,0,1,173211.0,Current,0,0,None,0.0,0
TCU-01317,Maun,LO008,Education Loan,55,Pensioner,5011.0,58500.0,9.64,72,1073.0,14,41891.0,2024-05-04,0.2141,751,4,7.4,0,0,0.0,Current,0,0,None,0.0,0
TCU-01318,Francistown,LO002,Education Loan,48,Farmer,6977.0,93300.0,14.6,12,8404.0,9,22851.0,2024-09-18,1.2045,631,2,12.4,0,0,0.0,Current,0,0,None,0.0,0
TCU-01319,Lobatse,LO006,Home Loan,64,Private Sector,24583.0,269700.0,11.38,24,12618.0,12,129124.0,2024-06-17,0.5133,850,0,6.9,0,1,416024.0,Current,0,0,None,0.0,0
TCU-01320,Selebi-Phikwe,LO016,Vehicle Loan,41,Student,3737.0,70600.0,14.69,36,2437.0,10,47009.0,2024-08-12,0.6521,616,0,8.8,0,0,0.0,Late (30–89 days),52,1,Home Visit,5655.0,1
TCU-01321,Maun,LO020,Agriculture Loan,42,Self-Employed,9711.0,183900.0,12.76,72,3668.0,2,177863.0,2025-04-13,0.3777,815,2,9.1,0,0,0.0,Current,0,0,None,0.0,0
TCU-01322,Gaborone Main,LO020,Education Loan,29,Student,3226.0,19200.0,18.0,36,694.0,7,13314.0,2024-11-21,0.2151,693,0,19.4,0,1,28524.0,Current,0,0,None,0.0,0
TCU-01323,Lobatse,LO007,Home Loan,22,Government Employee,20519.0,35200.0,10.21,84,588.0,11,29843.0,2024-07-15,0.0287,850,1,19.7,0,0,0.0,Current,0,0,None,0.0,0
TCU-01324,Lobatse,LO006,Vehicle Loan,35,Self-Employed,17737.0,286000.0,16.56,36,10134.0,3,248596.0,2025-03-22,0.5713,850,0,2.9,0,1,245130.0,Defaulted,194,6,Legal Notice,201237.0,1
TCU-01325,Maun,LO008,Vehicle Loan,22,Government Employee,20712.0,441200.0,14.69,72,9255.0,1,376620.0,2025-05-12,0.4468,780,1,1.0,0,1,647689.0,Current,0,0,None,0.0,0
TCU-01326,Francistown,LO016,Business Loan,47,Student,1668.0,12200.0,22.84,84,292.0,8,10416.0,2024-11-02,0.1751,705,0,18.2,0,1,30116.0,Current,0,0,None,0.0,0
TCU-01327,Maun,LO002,Business Loan,31,Pensioner,9887.0,410000.0,23.53,72,10677.0,10,329599.0,2024-08-10,1.0799,774,1,26.3,0,1,438624.0,Late (30–89 days),68,2,None,65727.0,1
TCU-01328,Maun,LO013,Personal Loan,54,Self-Employed,20049.0,416900.0,21.38,84,9607.0,6,333826.0,2024-12-17,0.4792,795,2,17.1,0,1,691338.0,Early (1–29 days),19,1,None,0.0,0
TCU-01329,Maun,LO010,Personal Loan,65,Student,4277.0,28000.0,11.69,12,2484.0,3,20741.0,2025-03-15,0.5808,701,2,22.9,0,0,0.0,Current,0,0,None,0.0,0
TCU-01330,Selebi-Phikwe,LO011,Education Loan,49,Self-Employed,36324.0,184000.0,13.2,60,4205.0,9,148157.0,2024-09-26,0.1158,850,2,19.3,0,0,0.0,Current,0,0,None,0.0,0
TCU-01331,Lobatse,LO006,Business Loan,43,Farmer,11711.0,134000.0,17.99,12,12284.0,1,111869.0,2025-05-13,1.0489,801,3,10.7,0,1,135673.0,Defaulted,114,4,Letter Sent,50943.0,1
TCU-01332,Selebi-Phikwe,LO015,Business Loan,63,Self-Employed,31594.0,135100.0,18.78,84,2902.0,9,115093.0,2024-09-25,0.0919,850,1,5.6,2,1,223026.0,Late (30–89 days),51,2,None,30159.0,1
TCU-01333,Maun,LO004,Vehicle Loan,62,Farmer,9408.0,156300.0,11.82,72,3041.0,7,123148.0,2024-11-17,0.3232,821,4,10.8,0,0,0.0,Current,0,0,None,0.0,0
TCU-01334,Lobatse,LO010,Vehicle Loan,53,Student,2767.0,56100.0,14.74,24,2713.0,9,33106.0,2024-09-25,0.9805,632,0,6.2,0,1,115078.0,Current,0,0,None,0.0,0
TCU-01335,Selebi-Phikwe,LO004,Home Loan,41,Government Employee,14808.0,481900.0,18.32,12,44254.0,9,115587.0,2024-09-17,2.9885,706,2,24.3,0,0,0.0,Defaulted,268,8,SMS Sent,75982.0,1
TCU-01336,Francistown,LO016,Home Loan,55,Student,2805.0,8900.0,15.65,24,434.0,4,6416.0,2025-02-01,0.1547,697,0,10.8,0,0,0.0,Current,0,0,None,0.0,0
TCU-01337,Lobatse,LO009,Education Loan,46,Farmer,3401.0,76700.0,11.26,60,1678.0,7,60778.0,2024-11-16,0.4934,788,0,22.6,0,0,0.0,Current,0,0,None,0.0,0
TCU-01338,Selebi-Phikwe,LO013,Agriculture Loan,59,Farmer,6000.0,228400.0,16.05,24,11189.0,5,177540.0,2025-01-11,1.8648,808,2,21.2,0,1,205160.0,Defaulted,363,11,SMS Sent,88145.0,1
TCU-01339,Maun,LO004,Business Loan,35,Private Sector,20690.0,61600.0,17.86,84,1290.0,7,49394.0,2024-11-13,0.0623,724,0,12.5,0,1,99523.0,Current,0,0,None,0.0,0
TCU-01340,Maun,LO017,Personal Loan,26,Student,2186.0,84500.0,18.85,72,1968.0,16,64876.0,2024-02-22,0.9003,507,1,7.2,0,0,0.0,Current,0,0,None,0.0,0
TCU-01341,Francistown,LO011,Business Loan,23,Pensioner,9692.0,86800.0,19.81,84,1918.0,9,74100.0,2024-09-27,0.1979,709,1,23.0,0,0,0.0,Current,0,0,None,0.0,0
TCU-01342,Gaborone Main,LO009,Agriculture Loan,34,Private Sector,21784.0,83700.0,14.35,12,7529.0,1,74305.0,2025-05-15,0.3456,810,1,24.3,0,1,154994.0,Current,0,0,None,0.0,0
TCU-01343,Maun,LO013,Home Loan,50,Self-Employed,29202.0,344800.0,13.41,36,11686.0,15,174263.0,2024-03-19,0.4002,850,1,25.6,2,1,401178.0,Late (30–89 days),31,2,Called,23717.0,1
TCU-01344,Lobatse,LO004,Agriculture Loan,57,Student,3576.0,95500.0,15.15,36,3318.0,14,54308.0,2024-04-12,0.9279,765,3,25.9,2,1,185298.0,Defaulted,128,7,Called,37899.0,1
TCU-01345,Maun,LO009,Personal Loan,34,Private Sector,27586.0,198400.0,16.9,48,5715.0,17,112673.0,2024-01-12,0.2072,776,0,9.1,2,1,351985.0,Current,0,0,None,0.0,0
TCU-01346,Francistown,LO015,Vehicle Loan,28,Pensioner,4866.0,5400.0,15.03,48,150.0,15,3510.0,2024-03-08,0.0308,654,0,3.3,0,1,9126.0,Current,0,0,None,0.0,0
TCU-01347,Selebi-Phikwe,LO019,Business Loan,28,Pensioner,4268.0,127400.0,14.5,36,4385.0,7,99485.0,2024-12-02,1.0274,652,0,17.9,0,1,257408.0,Late (30–89 days),73,1,Letter Sent,19571.0,1
TCU-01348,Lobatse,LO016,Agriculture Loan,58,Government Employee,8263.0,66500.0,18.76,12,6121.0,2,52779.0,2025-04-06,0.7408,818,0,2.5,1,0,0.0,Defaulted,293,11,Home Visit,24489.0,1
TCU-01349,Selebi-Phikwe,LO009,Business Loan,51,Government Employee,10004.0,62900.0,17.77,72,1426.0,4,56987.0,2025-02-11,0.1425,768,0,24.0,0,1,111418.0,Late (30–89 days),75,2,Letter Sent,10925.0,1
TCU-01350,Francistown,LO020,Business Loan,54,Government Employee,11383.0,274900.0,20.22,84,6141.0,8,218579.0,2024-11-01,0.5395,724,2,19.3,0,1,331758.0,Current,0,0,None,0.0,0
TCU-01351,Selebi-Phikwe,LO019,Business Loan,43,Self-Employed,31774.0,65400.0,22.08,72,1646.0,15,46372.0,2024-03-24,0.0518,850,0,16.5,0,0,0.0,Current,0,0,None,0.0,0
TCU-01352,Lobatse,LO001,Business Loan,52,Pensioner,6033.0,144900.0,10.05,48,3679.0,15,97482.0,2024-03-24,0.6098,664,1,6.2,0,1,339478.0,Current,0,0,None,0.0,0
TCU-01353,Gaborone Main,LO011,Personal Loan,66,Farmer,14558.0,249800.0,20.29,72,6025.0,7,198751.0,2024-11-24,0.4139,760,0,16.9,1,1,397217.0,Early (1–29 days),9,1,None,0.0,0
TCU-01354,Maun,LO019,Agriculture Loan,36,Self-Employed,20382.0,421800.0,21.56,72,10488.0,2,395339.0,2025-04-28,0.5146,850,0,7.2,0,0,0.0,Current,0,0,None,0.0,0
TCU-01355,Maun,LO004,Personal Loan,53,Self-Employed,14879.0,177800.0,9.17,36,5668.0,3,156269.0,2025-03-25,0.3809,816,0,10.7,0,1,229747.0,Current,0,0,None,0.0,0
TCU-01356,Lobatse,LO010,Vehicle Loan,59,Self-Employed,18888.0,37400.0,16.0,60,909.0,2,32857.0,2025-04-29,0.0481,850,3,11.2,0,1,51628.0,Current,0,0,None,0.0,0
TCU-01357,Lobatse,LO007,Home Loan,32,Farmer,9083.0,194600.0,8.88,24,8880.0,17,53428.0,2024-01-11,0.9777,706,1,10.8,0,0,0.0,Current,0,0,None,0.0,0
TCU-01358,Selebi-Phikwe,LO003,Business Loan,63,Student,3318.0,119200.0,15.88,60,2891.0,3,111255.0,2025-03-29,0.8713,806,3,13.5,0,1,227938.0,Current,0,0,None,0.0,0
TCU-01359,Selebi-Phikwe,LO015,Education Loan,46,Private Sector,10410.0,308000.0,15.38,72,6576.0,15,209276.0,2024-03-28,0.6317,711,0,4.3,0,1,592337.0,Defaulted,175,7,Called,102707.0,1
TCU-01360,Francistown,LO002,Business Loan,34,Student,2255.0,21100.0,12.84,12,1883.0,4,13675.0,2025-02-14,0.835,663,3,25.1,2,1,52209.0,Defaulted,206,3,Letter Sent,7924.0,1
TCU-01361,Francistown,LO011,Vehicle Loan,63,Private Sector,18904.0,385300.0,17.78,12,35284.0,12,0.0,2024-05-19,1.8665,850,0,23.7,1,1,656091.0,Late (30–89 days),64,2,Letter Sent,0.0,1
TCU-01362,Gaborone Main,LO019,Agriculture Loan,37,Government Employee,20809.0,392700.0,12.47,36,13132.0,6,325438.0,2024-12-24,0.6311,850,3,16.1,0,1,610614.0,Current,0,0,None,0.0,0
TCU-01363,Selebi-Phikwe,LO018,Vehicle Loan,43,Government Employee,17361.0,226100.0,14.65,72,4738.0,12,161342.0,2024-07-03,0.2729,789,0,7.8,0,1,527568.0,Current,0,0,None,0.0,0
TCU-01364,Selebi-Phikwe,LO007,Education Loan,57,Farmer,12308.0,240400.0,15.82,60,5823.0,1,206589.0,2025-05-10,0.4731,648,3,15.2,1,0,0.0,Late (30–89 days),49,2,Called,61832.0,1
TCU-01365,Selebi-Phikwe,LO019,Vehicle Loan,58,Government Employee,13265.0,6700.0,11.52,24,314.0,18,1542.0,2024-01-07,0.0237,828,0,16.0,0,0,0.0,Late (30–89 days),73,1,None,436.0,1
TCU-01366,Selebi-Phikwe,LO012,Home Loan,22,Government Employee,14232.0,126500.0,16.71,60,3124.0,13,94016.0,2024-05-20,0.2195,745,1,2.1,2,1,129502.0,Early (1–29 days),4,1,None,0.0,0
TCU-01367,Selebi-Phikwe,LO019,Vehicle Loan,44,Private Sector,12069.0,15900.0,21.95,48,501.0,16,9775.0,2024-02-26,0.0415,810,2,28.0,1,1,28205.0,Current,0,0,None,0.0,0
TCU-01368,Lobatse,LO007,Vehicle Loan,37,Student,3372.0,53500.0,20.83,84,1215.0,9,43007.0,2024-09-22,0.3603,633,4,5.0,0,1,67165.0,Current,0,0,None,0.0,0
TCU-01369,Selebi-Phikwe,LO001,Personal Loan,61,Student,2777.0,61900.0,16.19,84,1236.0,1,58129.0,2025-05-09,0.4451,736,0,4.4,0,0,0.0,Current,0,0,None,0.0,0
TCU-01370,Francistown,LO019,Vehicle Loan,36,Student,4446.0,109400.0,21.69,84,2542.0,1,101376.0,2025-05-03,0.5717,677,1,18.0,0,1,261952.0,Current,0,0,None,0.0,0
TCU-01371,Francistown,LO020,Agriculture Loan,26,Farmer,8324.0,34600.0,8.8,84,553.0,2,30403.0,2025-04-22,0.0664,738,3,29.9,3,0,0.0,Current,0,0,None,0.0,0
TCU-01372,Francistown,LO013,Business Loan,59,Farmer,7150.0,98800.0,12.18,12,8787.0,12,0.0,2024-07-01,1.229,725,1,29.3,1,1,154543.0,Late (30–89 days),75,2,Letter Sent,0.0,1
TCU-01373,Maun,LO007,Agriculture Loan,41,Private Sector,27200.0,313200.0,15.67,48,8823.0,12,220933.0,2024-06-17,0.3244,850,0,27.2,1,0,0.0,Current,0,0,None,0.0,0
TCU-01374,Lobatse,LO019,Personal Loan,24,Private Sector,24310.0,455000.0,18.53,72,10514.0,8,351383.0,2024-10-30,0.4325,804,1,26.0,3,0,0.0,Early (1–29 days),3,1,None,0.0,0
TCU-01375,Maun,LO016,Business Loan,48,Student,3173.0,46900.0,14.79,72,986.0,13,33393.0,2024-05-21,0.3107,681,0,12.7,0,1,98153.0,Current,0,0,None,0.0,0
TCU-01376,Maun,LO005,Vehicle Loan,25,Government Employee,12109.0,61300.0,15.63,84,1205.0,12,47782.0,2024-07-05,0.0995,761,3,8.1,3,1,108604.0,Current,0,0,None,0.0,0
TCU-01377,Francistown,LO020,Business Loan,55,Self-Employed,11827.0,151300.0,19.92,48,4598.0,7,113021.0,2024-11-09,0.3888,708,2,28.9,0,1,228362.0,Current,0,0,None,0.0,0
TCU-01378,Francistown,LO020,Personal Loan,27,Self-Employed,32427.0,385700.0,11.03,36,12633.0,2,349442.0,2025-04-21,0.3896,850,0,10.1,0,1,705327.0,Current,0,0,None,0.0,0
TCU-01379,Maun,LO015,Vehicle Loan,25,Farmer,3811.0,53700.0,10.76,60,1161.0,1,46860.0,2025-05-15,0.3046,639,0,28.2,1,1,101504.0,Current,0,0,None,0.0,0
TCU-01380,Gaborone Main,LO014,Vehicle Loan,68,Student,4826.0,56900.0,17.35,60,1425.0,11,41629.0,2024-07-20,0.2953,687,0,17.4,0,1,128096.0,Current,0,0,None,0.0,0
TCU-01381,Francistown,LO017,Vehicle Loan,66,Self-Employed,24086.0,222800.0,12.35,84,3975.0,14,182657.0,2024-04-10,0.165,850,0,10.5,0,0,0.0,Current,0,0,None,0.0,0
TCU-01382,Francistown,LO005,Home Loan,41,Government Employee,20889.0,15700.0,17.34,36,562.0,11,10436.0,2024-07-14,0.0269,850,1,2.1,0,1,37004.0,Current,0,0,None,0.0,0
TCU-01383,Gaborone Main,LO016,Agriculture Loan,42,Government Employee,9526.0,145800.0,21.82,12,13633.0,9,34449.0,2024-09-30,1.4311,719,0,19.6,0,1,201133.0,Late (30–89 days),69,1,Letter Sent,6643.0,1
TCU-01384,Maun,LO008,Education Loan,27,Private Sector,25219.0,165500.0,16.51,60,4070.0,15,121229.0,2024-04-03,0.1614,816,2,22.1,2,0,0.0,Current,0,0,None,0.0,0
TCU-01385,Maun,LO003,Education Loan,41,Pensioner,8278.0,83100.0,16.21,84,1660.0,7,68839.0,2024-11-17,0.2005,841,0,24.0,0,1,158248.0,Early (1–29 days),26,1,None,0.0,0
TCU-01386,Selebi-Phikwe,LO005,Personal Loan,49,Government Employee,19413.0,330300.0,22.32,72,8362.0,3,280331.0,2025-03-18,0.4307,808,0,26.3,0,1,305319.0,Current,0,0,None,0.0,0
TCU-01387,Selebi-Phikwe,LO017,Home Loan,57,Student,3837.0,49100.0,22.1,36,1878.0,11,32490.0,2024-07-13,0.4894,686,3,15.4,1,0,0.0,Defaulted,130,7,Home Visit,24185.0,1
TCU-01388,Gaborone Main,LO007,Education Loan,68,Government Employee,10530.0,233900.0,17.14,60,5831.0,11,163462.0,2024-07-31,0.5538,738,2,26.9,0,1,283773.0,Current,0,0,None,0.0,0
TCU-01389,Maun,LO003,Education Loan,67,Pensioner,8904.0,95400.0,17.74,36,3437.0,17,47788.0,2024-02-06,0.386,639,2,16.3,0,1,161303.0,Current,0,0,None,0.0,0
TCU-01390,Lobatse,LO004,Agriculture Loan,32,Government Employee,19369.0,226500.0,18.3,48,6689.0,11,157616.0,2024-08-03,0.3453,850,0,14.3,0,0,0.0,Current,0,0,None,0.0,0
TCU-01391,Selebi-Phikwe,LO017,Education Loan,47,Pensioner,7504.0,135700.0,18.44,36,4936.0,8,99332.0,2024-10-17,0.6578,743,0,11.9,0,1,208860.0,Current,0,0,None,0.0,0
TCU-01392,Maun,LO016,Personal Loan,26,Pensioner,4504.0,47400.0,13.94,60,1101.0,5,42284.0,2025-01-09,0.2444,717,0,9.5,2,1,41853.0,Current,0,0,None,0.0,0
TCU-01393,Gaborone Main,LO005,Home Loan,31,Government Employee,16997.0,217100.0,20.26,24,11077.0,10,122283.0,2024-09-02,0.6517,768,0,20.5,0,1,379329.0,Current,0,0,None,0.0,0
TCU-01394,Maun,LO018,Vehicle Loan,28,Self-Employed,28239.0,40900.0,12.57,12,3645.0,12,0.0,2024-05-21,0.1291,828,4,9.1,0,0,0.0,Current,0,0,None,0.0,0
TCU-01395,Gaborone Main,LO019,Education Loan,54,Student,4714.0,115500.0,16.19,72,2518.0,2,99438.0,2025-04-14,0.5342,678,0,12.1,0,0,0.0,Current,0,0,None,0.0,0
TCU-01396,Gaborone Main,LO001,Education Loan,64,Government Employee,9351.0,33700.0,13.26,24,1606.0,17,9080.0,2024-01-19,0.1717,775,4,8.7,0,0,0.0,Current,0,0,None,0.0,0
TCU-01397,Francistown,LO017,Education Loan,48,Farmer,8958.0,21500.0,17.89,48,630.0,12,14058.0,2024-06-09,0.0703,799,1,2.1,0,1,21938.0,Current,0,0,None,0.0,0
TCU-01398,Gaborone Main,LO006,Home Loan,51,Farmer,3946.0,58400.0,9.17,36,1862.0,14,35277.0,2024-04-14,0.4719,783,3,5.4,1,0,0.0,Defaulted,125,9,SMS Sent,20501.0,1
TCU-01399,Gaborone Main,LO006,Business Loan,67,Pensioner,7475.0,124500.0,20.46,48,3819.0,17,75385.0,2024-02-04,0.5109,735,0,4.6,0,1,216358.0,Current,0,0,None,0.0,0
TCU-01400,Francistown,LO006,Home Loan,31,Government Employee,19799.0,186900.0,21.46,24,9646.0,15,62143.0,2024-03-13,0.4872,842,1,14.1,0,1,449146.0,Current,0,0,None,0.0,0
TCU-01401,Francistown,LO013,Agriculture Loan,24,Student,2832.0,15800.0,12.59,12,1408.0,9,3754.0,2024-09-11,0.4972,582,0,13.9,1,1,26107.0,Late (30–89 days),36,1,Home Visit,1064.0,1
TCU-01402,Lobatse,LO005,Home Loan,64,Student,4042.0,61900.0,20.54,36,2317.0,16,34228.0,2024-03-05,0.5732,756,0,2.8,0,0,0.0,Late (30–89 days),84,1,Letter Sent,6093.0,1
TCU-01403,Francistown,LO006,Home Loan,27,Student,3727.0,63400.0,8.53,36,2002.0,2,51242.0,2025-04-06,0.5372,645,2,23.9,1,0,0.0,Late (30–89 days),82,2,SMS Sent,11870.0,1
TCU-01404,Gaborone Main,LO009,Home Loan,23,Private Sector,24310.0,160800.0,10.44,84,2706.0,13,124859.0,2024-06-05,0.1113,847,1,14.4,0,1,327002.0,Current,0,0,None,0.0,0
TCU-01405,Maun,LO020,Agriculture Loan,50,Self-Employed,24902.0,265000.0,8.56,24,12053.0,9,155898.0,2024-09-09,0.484,850,4,18.6,0,0,0.0,Early (1–29 days),13,1,None,0.0,0
TCU-01406,Francistown,LO014,Vehicle Loan,23,Private Sector,14414.0,352900.0,17.13,36,12605.0,1,339261.0,2025-05-15,0.8745,688,0,3.1,1,1,880121.0,Current,0,0,None,0.0,0
TCU-01407,Maun,LO008,Vehicle Loan,28,Private Sector,6899.0,11600.0,12.85,36,390.0,4,9482.0,2025-02-13,0.0565,657,2,19.3,1,0,0.0,Current,0,0,None,0.0,0
TCU-01408,Selebi-Phikwe,LO004,Personal Loan,63,Private Sector,29717.0,230700.0,15.76,84,4551.0,15,173714.0,2024-03-14,0.1531,850,3,23.1,0,1,409725.0,Current,0,0,None,0.0,0
TCU-01409,Lobatse,LO004,Personal Loan,24,Farmer,14179.0,26600.0,19.4,48,801.0,16,17714.0,2024-02-23,0.0565,743,3,8.4,0,0,0.0,Current,0,0,None,0.0,0
TCU-01410,Francistown,LO008,Business Loan,50,Self-Employed,27961.0,333500.0,19.82,72,7954.0,6,277003.0,2024-12-16,0.2845,850,0,17.2,0,0,0.0,Current,0,0,None,0.0,0
TCU-01411,Gaborone Main,LO010,Education Loan,37,Government Employee,19810.0,94200.0,18.21,36,3415.0,10,65169.0,2024-08-07,0.1724,797,1,19.6,0,1,148132.0,Current,0,0,None,0.0,0
TCU-01412,Maun,LO017,Vehicle Loan,66,Private Sector,23224.0,373200.0,20.79,84,8466.0,6,338527.0,2024-12-23,0.3645,772,0,10.2,0,0,0.0,Current,0,0,None,0.0,0
TCU-01413,Gaborone Main,LO009,Agriculture Loan,57,Farmer,3939.0,46900.0,17.44,84,970.0,13,39015.0,2024-05-07,0.2463,627,1,1.5,0,1,88634.0,Current,0,0,None,0.0,0
TCU-01414,Gaborone Main,LO004,Vehicle Loan,60,Private Sector,9270.0,84800.0,17.61,60,2135.0,11,68573.0,2024-07-11,0.2303,778,0,8.3,0,1,153259.0,Current,0,0,None,0.0,0
TCU-01415,Maun,LO012,Vehicle Loan,40,Student,1517.0,41500.0,12.18,72,815.0,13,31331.0,2024-05-15,0.5372,665,1,12.2,2,0,0.0,Defaulted,254,5,None,21053.0,1
TCU-01416,Gaborone Main,LO020,Business Loan,25,Self-Employed,18019.0,16800.0,9.74,84,277.0,14,13301.0,2024-04-23,0.0154,763,2,3.0,0,1,15451.0,Current,0,0,None,0.0,0
TCU-01417,Lobatse,LO017,Personal Loan,38,Student,1988.0,10800.0,9.23,72,196.0,13,8392.0,2024-05-23,0.0986,692,1,11.6,0,1,21132.0,Current,0,0,None,0.0,0
TCU-01418,Francistown,LO007,Agriculture Loan,47,Farmer,14186.0,58500.0,12.57,12,5213.0,1,51021.0,2025-05-20,0.3675,850,3,14.3,0,0,0.0,Current,0,0,None,0.0,0
TCU-01419,Selebi-Phikwe,LO003,Education Loan,42,Student,1985.0,74000.0,16.72,24,3649.0,13,28936.0,2024-05-23,1.8383,665,2,12.2,0,1,67142.0,Current,0,0,None,0.0,0
TCU-01420,Francistown,LO014,Home Loan,23,Private Sector,24350.0,221000.0,12.2,60,4938.0,11,161989.0,2024-07-12,0.2028,850,1,17.9,0,1,279710.0,Current,0,0,None,0.0,0
TCU-01421,Lobatse,LO008,Agriculture Loan,64,Government Employee,11055.0,213400.0,16.77,72,4720.0,4,195651.0,2025-02-15,0.427,826,3,7.6,0,0,0.0,Current,0,0,None,0.0,0
TCU-01422,Francistown,LO020,Vehicle Loan,33,Self-Employed,31418.0,343500.0,12.82,24,16302.0,3,290046.0,2025-03-15,0.5189,850,2,13.3,0,0,0.0,Current,0,0,None,0.0,0
TCU-01423,Selebi-Phikwe,LO009,Personal Loan,36,Government Employee,18285.0,163600.0,16.25,12,14863.0,6,73423.0,2024-12-07,0.8129,759,2,2.1,0,1,378067.0,Current,0,0,None,0.0,0
TCU-01424,Maun,LO019,Personal Loan,25,Private Sector,22514.0,207900.0,23.3,24,10919.0,2,166800.0,2025-04-24,0.485,850,1,26.6,3,1,174268.0,Defaulted,255,11,Legal Notice,89010.0,1
TCU-01425,Lobatse,LO011,Home Loan,22,Private Sector,21789.0,475900.0,15.76,24,23247.0,2,434290.0,2025-04-11,1.0669,829,2,29.3,1,1,660852.0,Current,0,0,None,0.0,0
TCU-01426,Maun,LO003,Personal Loan,68,Farmer,3773.0,135400.0,23.43,48,4372.0,17,77194.0,2024-01-13,1.1588,691,1,4.9,0,0,0.0,Late (30–89 days),36,1,Legal Notice,14759.0,1
TCU-01427,Francistown,LO007,Business Loan,40,Student,1607.0,5600.0,14.67,24,271.0,17,1570.0,2024-02-02,0.1686,618,4,19.0,3,0,0.0,Late (30–89 days),88,1,SMS Sent,471.0,1
TCU-01428,Lobatse,LO017,Business Loan,52,Student,1791.0,18200.0,15.11,36,632.0,8,13189.0,2024-10-24,0.3529,676,0,0.6,0,1,28458.0,Defaulted,241,5,Letter Sent,8509.0,1
TCU-01429,Selebi-Phikwe,LO006,Vehicle Loan,65,Government Employee,18422.0,444600.0,18.25,36,16129.0,15,226556.0,2024-03-08,0.8755,850,0,20.7,0,0,0.0,Late (30–89 days),37,2,Letter Sent,61659.0,1
TCU-01430,Francistown,LO014,Business Loan,67,Private Sector,10992.0,35600.0,8.67,48,880.0,13,22567.0,2024-05-17,0.0801,746,0,5.0,0,1,71170.0,Current,0,0,None,0.0,0
TCU-01431,Francistown,LO015,Home Loan,62,Self-Employed,33048.0,490400.0,20.4,24,25055.0,17,140126.0,2024-01-31,0.7581,850,0,4.2,1,0,0.0,Current,0,0,None,0.0,0
TCU-01432,Gaborone Main,LO008,Business Loan,65,Self-Employed,34893.0,142800.0,12.42,12,12716.0,4,82342.0,2025-02-02,0.3644,850,0,17.6,0,0,0.0,Current,0,0,None,0.0,0
TCU-01433,Maun,LO004,Vehicle Loan,23,Government Employee,14923.0,242000.0,21.37,24,12479.0,18,56746.0,2024-01-04,0.8362,742,0,24.6,0,0,0.0,Current,0,0,None,0.0,0
TCU-01434,Francistown,LO004,Home Loan,28,Student,4428.0,65000.0,19.32,72,1531.0,12,47124.0,2024-06-15,0.3458,685,2,16.8,0,1,112581.0,Current,0,0,None,0.0,0
TCU-01435,Maun,LO002,Agriculture Loan,37,Self-Employed,34630.0,497600.0,11.2,36,16338.0,11,324605.0,2024-07-22,0.4718,850,0,10.2,0,1,826574.0,Current,0,0,None,0.0,0
TCU-01436,Lobatse,LO006,Vehicle Loan,56,Pensioner,4242.0,31000.0,16.74,12,2824.0,10,4407.0,2024-08-31,0.6657,718,3,11.1,2,0,0.0,Current,0,0,None,0.0,0
TCU-01437,Selebi-Phikwe,LO003,Home Loan,29,Pensioner,8961.0,93200.0,22.34,36,3576.0,7,74623.0,2024-12-02,0.3991,713,0,26.4,0,0,0.0,Current,0,0,None,0.0,0
TCU-01438,Lobatse,LO003,Personal Loan,53,Pensioner,8084.0,322200.0,20.86,24,16534.0,17,89868.0,2024-01-19,2.0453,655,2,14.3,3,1,394758.0,Late (30–89 days),35,2,Legal Notice,8999.0,1
TCU-01439,Lobatse,LO015,Personal Loan,44,Pensioner,8788.0,52000.0,22.89,24,2721.0,12,22554.0,2024-07-04,0.3096,748,1,23.4,0,0,0.0,Current,0,0,None,0.0,0
TCU-01440,Lobatse,LO019,Education Loan,26,Private Sector,20081.0,8500.0,23.82,48,276.0,8,6436.0,2024-10-14,0.0137,850,0,3.9,0,0,0.0,Current,0,0,None,0.0,0
TCU-01441,Selebi-Phikwe,LO004,Agriculture Loan,60,Private Sector,27753.0,200000.0,9.25,84,3243.0,10,155345.0,2024-08-13,0.1169,850,3,20.5,2,1,284268.0,Current,0,0,None,0.0,0
TCU-01442,Lobatse,LO004,Education Loan,54,Farmer,12276.0,65200.0,17.42,48,1896.0,9,45435.0,2024-09-05,0.1544,697,3,17.3,0,1,107186.0,Current,0,0,None,0.0,0
TCU-01443,Maun,LO009,Home Loan,68,Student,3119.0,93100.0,21.98,36,3555.0,8,62748.0,2024-10-10,1.1398,787,1,24.9,1,1,175812.0,Late (30–89 days),44,2,Letter Sent,18332.0,1
TCU-01444,Selebi-Phikwe,LO001,Agriculture Loan,58,Government Employee,12405.0,198100.0,16.49,60,4869.0,6,177081.0,2024-12-03,0.3925,780,1,25.9,1,1,362553.0,Current,0,0,None,0.0,0
TCU-01445,Lobatse,LO008,Agriculture Loan,42,Farmer,8963.0,238700.0,17.06,48,6895.0,1,217118.0,2025-05-03,0.7693,771,0,1.6,1,0,0.0,Defaulted,316,4,Home Visit,165632.0,1
TCU-01446,Gaborone Main,LO007,Home Loan,51,Farmer,10891.0,6000.0,16.37,24,295.0,4,4688.0,2025-02-01,0.0271,765,0,6.3,1,1,4939.0,Current,0,0,None,0.0,0
TCU-01447,Lobatse,LO011,Agriculture Loan,43,Private Sector,24380.0,116000.0,20.36,24,5924.0,4,86735.0,2025-02-06,0.243,850,1,21.5,1,1,181637.0,Current,0,0,None,0.0,0
TCU-01448,Maun,LO016,Vehicle Loan,30,Private Sector,7796.0,132100.0,22.24,60,3667.0,9,107407.0,2024-09-05,0.4704,731,0,10.7,0,0,0.0,Early (1–29 days),4,1,None,0.0,0
TCU-01449,Gaborone Main,LO007,Vehicle Loan,52,Self-Employed,39078.0,467000.0,14.09,36,15981.0,2,427771.0,2025-04-26,0.409,850,1,7.9,0,1,877621.0,Current,0,0,None,0.0,0
TCU-01450,Gaborone Main,LO015,Agriculture Loan,48,Self-Employed,18588.0,88600.0,10.82,60,1918.0,10,70026.0,2024-08-30,0.1032,850,1,11.3,0,1,175557.0,Late (30–89 days),46,2,Letter Sent,13475.0,1
TCU-01451,Gaborone Main,LO005,Vehicle Loan,59,Self-Employed,11641.0,6800.0,16.23,84,136.0,7,6161.0,2024-11-15,0.0117,808,1,25.8,0,0,0.0,Current,0,0,None,0.0,0
TCU-01452,Francistown,LO008,Vehicle Loan,23,Pensioner,7393.0,275900.0,21.44,48,8609.0,17,156369.0,2024-01-18,1.1645,760,1,4.9,0,1,378858.0,Defaulted,143,10,SMS Sent,116959.0,1
TCU-01453,Selebi-Phikwe,LO001,Agriculture Loan,49,Student,1735.0,9000.0,9.1,24,412.0,11,4329.0,2024-08-01,0.2375,620,1,26.9,2,1,18340.0,Late (30–89 days),45,1,None,1069.0,1
TCU-01454,Lobatse,LO006,Education Loan,26,Student,4720.0,117600.0,10.24,84,1967.0,6,96495.0,2024-12-11,0.4167,612,1,5.2,2,1,105206.0,Current,0,0,None,0.0,0
TCU-01455,Selebi-Phikwe,LO009,Business Loan,63,Farmer,8448.0,37300.0,17.17,48,1080.0,3,33863.0,2025-03-31,0.1278,850,0,6.2,0,0,0.0,Early (1–29 days),3,1,None,0.0,0
TCU-01456,Lobatse,LO018,Personal Loan,32,Farmer,13818.0,208700.0,14.17,60,4874.0,7,160497.0,2024-11-27,0.3527,669,3,15.0,0,0,0.0,Current,0,0,None,0.0,0
TCU-01457,Francistown,LO009,Home Loan,38,Farmer,5123.0,69100.0,15.72,36,2420.0,2,60316.0,2025-04-25,0.4724,722,1,24.4,0,1,92645.0,Early (1–29 days),14,1,None,0.0,0
TCU-01458,Lobatse,LO017,Education Loan,27,Private Sector,20560.0,80800.0,13.25,48,2178.0,16,52215.0,2024-03-03,0.1059,789,0,24.0,0,1,163478.0,Current,0,0,None,0.0,0
TCU-01459,Gaborone Main,LO011,Business Loan,50,Government Employee,22717.0,174500.0,15.08,36,6056.0,5,144147.0,2025-01-31,0.2666,825,2,2.7,1,0,0.0,Current,0,0,None,0.0,0
TCU-01460,Gaborone Main,LO005,Vehicle Loan,58,Self-Employed,24975.0,62500.0,11.2,84,1077.0,9,48551.0,2024-09-25,0.0431,850,1,7.5,0,0,0.0,Early (1–29 days),19,1,None,0.0,0
TCU-01461,Lobatse,LO018,Agriculture Loan,60,Government Employee,12449.0,72400.0,22.93,12,6809.0,2,51294.0,2025-04-27,0.547,704,1,26.2,0,1,116942.0,Early (1–29 days),27,1,None,0.0,0
TCU-01462,Maun,LO008,Business Loan,40,Government Employee,15219.0,183200.0,15.36,48,5132.0,2,167650.0,2025-04-08,0.3372,779,1,9.2,0,1,450041.0,Current,0,0,None,0.0,0
TCU-01463,Selebi-Phikwe,LO002,Personal Loan,22,Government Employee,16438.0,18900.0,11.24,36,621.0,16,9159.0,2024-02-19,0.0378,725,0,23.0,0,0,0.0,Early (1–29 days),22,1,None,0.0,0
TCU-01464,Selebi-Phikwe,LO012,Education Loan,33,Pensioner,8743.0,166400.0,18.95,72,3885.0,6,144297.0,2024-12-07,0.4444,642,3,13.0,0,0,0.0,Current,0,0,None,0.0,0
TCU-01465,Francistown,LO013,Agriculture Loan,32,Self-Employed,28415.0,372300.0,18.87,24,18744.0,16,110721.0,2024-02-27,0.6597,850,2,6.7,0,0,0.0,Current,0,0,None,0.0,0
TCU-01466,Selebi-Phikwe,LO020,Business Loan,34,Private Sector,26842.0,399100.0,14.63,60,9417.0,2,349878.0,2025-04-03,0.3508,850,0,20.4,0,0,0.0,Current,0,0,None,0.0,0
TCU-01467,Maun,LO020,Agriculture Loan,27,Farmer,3557.0,30100.0,19.72,60,793.0,15,20120.0,2024-03-21,0.2229,631,0,28.7,1,1,32826.0,Current,0,0,None,0.0,0
TCU-01468,Gaborone Main,LO019,Education Loan,38,Self-Employed,24792.0,95400.0,14.3,24,4594.0,7,58912.0,2024-11-20,0.1853,850,1,17.9,0,1,188463.0,Current,0,0,None,0.0,0
TCU-01469,Lobatse,LO009,Vehicle Loan,66,Government Employee,19516.0,306800.0,18.86,72,7147.0,7,260207.0,2024-11-25,0.3662,850,0,17.5,0,0,0.0,Current,0,0,None,0.0,0
TCU-01470,Maun,LO018,Personal Loan,34,Student,4572.0,13800.0,18.68,48,410.0,9,9791.0,2024-09-28,0.0897,647,1,28.5,0,1,18898.0,Current,0,0,None,0.0,0
TCU-01471,Selebi-Phikwe,LO018,Personal Loan,58,Pensioner,8310.0,13800.0,20.26,36,515.0,2,12978.0,2025-04-26,0.062,751,0,9.5,0,1,16856.0,Current,0,0,None,0.0,0
TCU-01472,Selebi-Phikwe,LO006,Personal Loan,38,Student,2418.0,10700.0,13.71,12,959.0,8,3216.0,2024-10-04,0.3966,753,0,25.0,0,1,25708.0,Current,0,0,None,0.0,0
TCU-01473,Lobatse,LO018,Education Loan,61,Farmer,8532.0,75900.0,13.61,36,2580.0,2,69087.0,2025-04-07,0.3024,806,0,27.6,2,1,181443.0,Current,0,0,None,0.0,0
TCU-01474,Maun,LO020,Vehicle Loan,22,Student,2137.0,41900.0,9.49,72,765.0,11,31511.0,2024-08-01,0.358,612,3,15.7,0,1,53379.0,Current,0,0,None,0.0,0
TCU-01475,Selebi-Phikwe,LO012,Vehicle Loan,60,Private Sector,8852.0,381700.0,14.85,84,7333.0,4,316417.0,2025-02-15,0.8284,850,3,2.3,2,1,731831.0,Late (30–89 days),31,2,SMS Sent,108199.0,1
TCU-01476,Francistown,LO005,Vehicle Loan,46,Government Employee,18806.0,110000.0,11.8,48,2886.0,12,80129.0,2024-06-29,0.1535,850,3,21.6,2,1,165391.0,Late (30–89 days),59,2,SMS Sent,16394.0,1
TCU-01477,Gaborone Main,LO007,Education Loan,28,Private Sector,22765.0,424500.0,17.14,48,12280.0,16,279017.0,2024-02-18,0.5394,794,3,10.7,1,1,629227.0,Current,0,0,None,0.0,0
TCU-01478,Lobatse,LO001,Business Loan,40,Government Employee,18684.0,263500.0,13.75,12,23628.0,12,0.0,2024-06-24,1.2646,849,1,16.4,0,1,625300.0,Current,0,0,None,0.0,0
TCU-01479,Lobatse,LO010,Business Loan,67,Pensioner,7221.0,316100.0,21.53,36,11995.0,2,293319.0,2025-04-04,1.6611,753,0,7.0,0,0,0.0,Current,0,0,None,0.0,0
TCU-01480,Francistown,LO006,Personal Loan,68,Private Sector,10992.0,118800.0,15.27,36,4134.0,13,73482.0,2024-05-09,0.3761,817,3,22.6,0,1,285840.0,Current,0,0,None,0.0,0
TCU-01481,Selebi-Phikwe,LO013,Personal Loan,31,Pensioner,8334.0,75800.0,22.65,48,2415.0,10,58489.0,2024-08-19,0.2898,678,2,12.5,0,1,89229.0,Current,0,0,None,0.0,0
TCU-01482,Maun,LO016,Business Loan,62,Student,2697.0,18200.0,18.58,84,389.0,2,16433.0,2025-04-08,0.1442,716,2,1.6,0,1,30981.0,Early (1–29 days),5,1,None,0.0,0
TCU-01483,Francistown,LO006,Education Loan,51,Private Sector,14265.0,226800.0,22.63,36,8736.0,12,146407.0,2024-06-16,0.6124,850,0,10.6,0,1,414176.0,Current,0,0,None,0.0,0
TCU-01484,Gaborone Main,LO010,Personal Loan,50,Farmer,4248.0,71300.0,21.73,12,6664.0,5,40274.0,2025-01-03,1.5687,723,1,23.6,0,0,0.0,Late (30–89 days),83,2,SMS Sent,7855.0,1
TCU-01485,Lobatse,LO009,Agriculture Loan,41,Self-Employed,28161.0,118000.0,11.4,24,5522.0,15,44017.0,2024-03-13,0.1961,850,0,16.3,2,1,96520.0,Current,0,0,None,0.0,0
TCU-01486,Maun,LO019,Education Loan,61,Self-Employed,28390.0,84000.0,12.76,48,2244.0,4,65728.0,2025-02-26,0.079,850,1,10.0,0,1,169789.0,Current,0,0,None,0.0,0
TCU-01487,Gaborone Main,LO008,Agriculture Loan,23,Student,4809.0,125600.0,14.33,60,2944.0,10,92856.0,2024-08-17,0.6122,575,0,26.7,1,1,215960.0,Defaulted,149,8,Called,71348.0,1
TCU-01488,Francistown,LO011,Vehicle Loan,51,Self-Employed,20502.0,225700.0,16.11,60,5502.0,2,187770.0,2025-04-16,0.2684,850,0,11.7,0,0,0.0,Current,0,0,None,0.0,0
TCU-01489,Selebi-Phikwe,LO011,Education Loan,40,Self-Employed,16357.0,488200.0,8.89,36,15500.0,7,387170.0,2024-11-27,0.9476,804,0,21.4,0,1,817104.0,Current,0,0,None,0.0,0
TCU-01490,Francistown,LO020,Home Loan,26,Pensioner,9652.0,50900.0,21.73,36,1937.0,13,31588.0,2024-05-26,0.2007,788,0,13.9,0,1,125218.0,Current,0,0,None,0.0,0
TCU-01491,Gaborone Main,LO020,Agriculture Loan,42,Government Employee,20066.0,256900.0,14.3,36,8818.0,8,179420.0,2024-10-29,0.4394,850,2,20.1,0,1,477586.0,Current,0,0,None,0.0,0
TCU-01492,Maun,LO002,Business Loan,57,Private Sector,25741.0,429800.0,11.17,12,38021.0,12,0.0,2024-06-21,1.4771,850,0,29.7,0,0,0.0,Current,0,0,None,0.0,0
TCU-01493,Gaborone Main,LO019,Home Loan,40,Student,1816.0,11100.0,17.05,12,1013.0,5,6202.0,2025-01-05,0.5578,624,1,17.7,0,1,26336.0,Current,0,0,None,0.0,0
TCU-01494,Francistown,LO011,Home Loan,63,Private Sector,15759.0,214800.0,9.85,84,3549.0,14,157626.0,2024-04-26,0.2252,792,0,28.9,3,1,355274.0,Late (30–89 days),43,2,Home Visit,43028.0,1
TCU-01495,Selebi-Phikwe,LO003,Business Loan,49,Pensioner,6961.0,24400.0,20.4,24,1247.0,17,6875.0,2024-01-27,0.1791,632,2,15.3,3,1,31549.0,Current,0,0,None,0.0,0
TCU-01496,Gaborone Main,LO018,Education Loan,55,Pensioner,7868.0,173300.0,19.0,36,6352.0,5,130378.0,2025-01-04,0.8073,660,0,17.4,0,0,0.0,Defaulted,168,4,Called,91501.0,1
TCU-01497,Lobatse,LO007,Personal Loan,42,Farmer,8307.0,111500.0,22.16,72,2812.0,4,97235.0,2025-02-12,0.3385,850,2,21.0,0,1,91350.0,Current,0,0,None,0.0,0
TCU-01498,Gaborone Main,LO017,Vehicle Loan,27,Pensioner,5743.0,117900.0,10.24,72,2198.0,11,96617.0,2024-07-29,0.3827,658,0,26.7,0,0,0.0,Early (1–29 days),16,1,None,0.0,0
TCU-01499,Lobatse,LO016,Vehicle Loan,26,Self-Employed,16418.0,250500.0,13.87,72,5144.0,12,188651.0,2024-06-06,0.3133,814,0,24.9,1,1,368344.0,Current,0,0,None,0.0,0
TCU-01500,Gaborone Main,LO003,Agriculture Loan,54,Student,4903.0,173400.0,9.35,84,2821.0,3,166619.0,2025-03-26,0.5754,661,4,28.6,1,0,0.0,Early (1–29 days),13,1,None,0.0,0
TCU-01501,Gaborone Main,LO012,Education Loan,51,Government Employee,18328.0,292000.0,21.48,48,9118.0,4,255076.0,2025-02-10,0.4975,843,4,7.8,0,1,478401.0,Current,0,0,None,0.0,0
TCU-01502,Selebi-Phikwe,LO003,Home Loan,23,Pensioner,7936.0,54500.0,11.33,36,1793.0,10,38442.0,2024-08-08,0.2259,776,2,12.5,2,0,0.0,Current,0,0,None,0.0,0
TCU-01503,Francistown,LO020,Agriculture Loan,55,Pensioner,5027.0,89000.0,8.58,60,1829.0,1,76837.0,2025-05-19,0.3638,591,3,25.2,0,1,214262.0,Current,0,0,None,0.0,0
TCU-01504,Lobatse,LO004,Education Loan,29,Private Sector,28916.0,482100.0,22.75,60,13521.0,12,372853.0,2024-06-18,0.4676,850,0,15.1,0,1,967931.0,Current,0,0,None,0.0,0
TCU-01505,Francistown,LO018,Personal Loan,34,Private Sector,6781.0,106200.0,15.3,60,2543.0,7,85554.0,2024-11-14,0.375,730,1,14.6,1,1,126645.0,Current,0,0,None,0.0,0
TCU-01506,Maun,LO012,Business Loan,28,Farmer,9901.0,15600.0,12.53,60,351.0,7,11723.0,2024-11-05,0.0355,682,0,22.6,0,0,0.0,Current,0,0,None,0.0,0
TCU-01507,Francistown,LO013,Personal Loan,41,Student,1754.0,10900.0,13.26,12,975.0,11,892.0,2024-07-22,0.5559,719,0,22.6,0,1,15016.0,Current,0,0,None,0.0,0
TCU-01508,Selebi-Phikwe,LO017,Business Loan,38,Private Sector,15115.0,462800.0,23.12,84,11164.0,10,377117.0,2024-08-25,0.7386,816,0,8.4,0,1,999094.0,Current,0,0,None,0.0,0
TCU-01509,Maun,LO014,Vehicle Loan,43,Pensioner,4172.0,5600.0,9.84,60,119.0,4,4947.0,2025-02-27,0.0285,729,0,7.0,0,0,0.0,Current,0,0,None,0.0,0
TCU-01510,Selebi-Phikwe,LO007,Vehicle Loan,28,Student,4292.0,35300.0,20.68,12,3281.0,7,14350.0,2024-11-28,0.7644,708,1,1.1,1,1,30003.0,Current,0,0,None,0.0,0
TCU-01511,Lobatse,LO004,Personal Loan,45,Government Employee,11213.0,363900.0,21.77,84,8473.0,17,257189.0,2024-01-20,0.7556,792,1,6.1,1,1,577792.0,Defaulted,305,5,Legal Notice,196675.0,1
TCU-01512,Lobatse,LO011,Agriculture Loan,43,Student,1934.0,49400.0,14.01,36,1689.0,5,38887.0,2025-01-31,0.8733,584,0,4.6,0,0,0.0,Current,0,0,None,0.0,0
TCU-01513,Francistown,LO016,Home Loan,44,Farmer,5023.0,5700.0,14.93,72,120.0,15,4274.0,2024-03-09,0.0239,649,1,20.0,0,0,0.0,Current,0,0,None,0.0,0
TCU-01514,Francistown,LO018,Business Loan,48,Student,4382.0,108900.0,16.47,48,3113.0,15,71352.0,2024-04-03,0.7104,711,1,1.9,0,1,190087.0,Late (30–89 days),75,2,Letter Sent,18485.0,1
TCU-01515,Gaborone Main,LO008,Personal Loan,50,Farmer,13277.0,390200.0,23.07,36,15119.0,8,262056.0,2024-10-15,1.1387,832,1,26.8,1,0,0.0,Late (30–89 days),39,1,Home Visit,68128.0,1
TCU-01516,Lobatse,LO016,Agriculture Loan,32,Student,2757.0,38600.0,23.9,12,3648.0,11,2757.0,2024-08-01,1.3232,623,0,26.6,0,0,0.0,Late (30–89 days),82,1,Legal Notice,511.0,1
TCU-01517,Gaborone Main,LO017,Vehicle Loan,30,Student,4859.0,94400.0,17.72,12,8642.0,12,0.0,2024-01-03,1.7786,638,1,2.7,2,1,136795.0,Current,0,0,None,0.0,0
TCU-01518,Gaborone Main,LO019,Vehicle Loan,54,Private Sector,14718.0,248100.0,13.18,48,6678.0,10,195223.0,2024-08-05,0.4537,797,2,20.3,2,0,0.0,Current,0,0,None,0.0,0
TCU-01519,Selebi-Phikwe,LO010,Education Loan,53,Student,3861.0,92400.0,8.57,48,2281.0,14,61842.0,2024-05-03,0.5908,680,3,5.1,1,0,0.0,Late (30–89 days),40,1,Legal Notice,12464.0,1
TCU-01520,Lobatse,LO014,Agriculture Loan,59,Government Employee,14900.0,78500.0,15.17,72,1667.0,11,62011.0,2024-07-27,0.1119,850,0,17.3,3,1,117497.0,Current,0,0,None,0.0,0
TCU-01521,Gaborone Main,LO001,Business Loan,28,Student,3890.0,6400.0,20.23,60,170.0,17,4206.0,2024-01-22,0.0437,676,2,16.1,0,0,0.0,Current,0,0,None,0.0,0
TCU-01522,Francistown,LO002,Vehicle Loan,59,Private Sector,25213.0,354600.0,17.34,60,8878.0,10,263274.0,2024-08-28,0.3521,850,0,5.1,0,1,719239.0,Current,0,0,None,0.0,0
TCU-01523,Selebi-Phikwe,LO012,Personal Loan,33,Pensioner,9115.0,251600.0,12.67,36,8437.0,4,200721.0,2025-02-08,0.9256,758,0,8.6,1,1,416058.0,Current,0,0,None,0.0,0
TCU-01524,Gaborone Main,LO002,Business Loan,58,Self-Employed,15064.0,378600.0,9.45,48,9503.0,12,258275.0,2024-07-02,0.6308,850,4,7.2,0,0,0.0,Current,0,0,None,0.0,0
TCU-01525,Selebi-Phikwe,LO008,Business Loan,32,Self-Employed,4364.0,149500.0,23.99,48,4873.0,9,117379.0,2024-09-21,1.1166,720,0,13.3,0,0,0.0,Late (30–89 days),60,2,Letter Sent,15323.0,1
TCU-01526,Francistown,LO016,Agriculture Loan,67,Pensioner,7449.0,26500.0,20.88,84,603.0,11,20955.0,2024-08-02,0.081,778,3,12.5,2,1,43390.0,Current,0,0,None,0.0,0
TCU-01527,Selebi-Phikwe,LO006,Education Loan,56,Self-Employed,12312.0,166000.0,21.75,24,8591.0,1,151308.0,2025-05-24,0.6978,830,0,1.5,1,0,0.0,Current,0,0,None,0.0,0
TCU-01528,Lobatse,LO019,Home Loan,25,Government Employee,10424.0,190200.0,9.03,72,3431.0,3,155238.0,2025-04-01,0.3291,802,0,7.4,1,0,0.0,Current,0,0,None,0.0,0
TCU-01529,Maun,LO012,Vehicle Loan,35,Pensioner,7808.0,51100.0,18.51,60,1312.0,17,32608.0,2024-01-13,0.168,709,1,21.5,0,0,0.0,Current,0,0,None,0.0,0
TCU-01530,Selebi-Phikwe,LO018,Personal Loan,58,Student,4628.0,66500.0,14.23,72,1378.0,6,54623.0,2024-12-31,0.2978,745,2,20.9,0,1,131965.0,Current,0,0,None,0.0,0
TCU-01531,Gaborone Main,LO011,Business Loan,49,Self-Employed,29678.0,227900.0,18.54,60,5854.0,3,200994.0,2025-03-14,0.1973,850,2,4.4,3,1,493344.0,Defaulted,323,12,Home Visit,162721.0,1
TCU-01532,Lobatse,LO007,Agriculture Loan,65,Student,2239.0,6800.0,11.06,60,148.0,5,6007.0,2025-01-18,0.0661,739,2,12.9,0,1,6373.0,Late (30–89 days),51,1,Home Visit,1196.0,1
TCU-01533,Selebi-Phikwe,LO002,Vehicle Loan,63,Pensioner,7877.0,50500.0,14.97,12,4557.0,8,16401.0,2024-10-31,0.5785,695,0,17.0,0,0,0.0,Late (30–89 days),63,2,Called,2399.0,1
TCU-01534,Francistown,LO005,Personal Loan,52,Farmer,6903.0,92500.0,22.57,48,2943.0,8,67902.0,2024-10-29,0.4263,694,1,12.7,0,1,126964.0,Late (30–89 days),65,2,None,12229.0,1
TCU-01535,Maun,LO014,Agriculture Loan,40,Farmer,10835.0,100100.0,16.46,24,4923.0,17,25051.0,2024-02-02,0.4544,742,1,22.2,2,0,0.0,Late (30–89 days),73,1,Home Visit,4703.0,1
TCU-01536,Francistown,LO006,Business Loan,64,Farmer,14365.0,255800.0,15.51,60,6154.0,10,200325.0,2024-08-06,0.4284,801,0,20.2,0,1,258494.0,Current,0,0,None,0.0,0
TCU-01537,Gaborone Main,LO015,Business Loan,47,Student,4917.0,81900.0,13.22,84,1500.0,2,77234.0,2025-04-03,0.3051,626,1,20.1,0,0,0.0,Current,0,0,None,0.0,0
TCU-01538,Lobatse,LO001,Education Loan,49,Government Employee,11363.0,75900.0,22.69,84,1811.0,5,67511.0,2025-01-09,0.1594,739,1,0.9,0,1,92581.0,Current,0,0,None,0.0,0
TCU-01539,Selebi-Phikwe,LO007,Agriculture Loan,41,Self-Employed,38574.0,223000.0,17.01,12,20340.0,7,80802.0,2024-11-29,0.5273,850,0,13.4,2,1,250953.0,Current,0,0,None,0.0,0
TCU-01540,Lobatse,LO017,Education Loan,50,Government Employee,16542.0,140400.0,21.14,36,5300.0,16,73393.0,2024-02-14,0.3204,816,1,9.9,0,1,149970.0,Early (1–29 days),28,1,None,0.0,0
TCU-01541,Lobatse,LO013,Home Loan,58,Student,2876.0,64200.0,12.61,24,3040.0,8,41352.0,2024-11-01,1.057,705,1,10.2,3,1,62506.0,Late (30–89 days),45,2,Legal Notice,4792.0,1
TCU-01542,Francistown,LO011,Home Loan,56,Government Employee,15133.0,148100.0,22.52,60,4134.0,16,95768.0,2024-03-01,0.2732,850,1,13.5,0,0,0.0,Current,0,0,None,0.0,0
TCU-01543,Francistown,LO006,Personal Loan,49,Government Employee,21812.0,225000.0,19.77,84,4965.0,4,204603.0,2025-02-18,0.2276,850,1,15.3,2,1,395359.0,Late (30–89 days),83,2,Legal Notice,26733.0,1
TCU-01544,Francistown,LO007,Home Loan,60,Private Sector,9145.0,207800.0,18.75,12,19125.0,12,0.0,2024-04-12,2.0913,757,1,9.8,0,0,0.0,Defaulted,263,10,Legal Notice,0.0,1
TCU-01545,Gaborone Main,LO003,Business Loan,22,Government Employee,22545.0,428800.0,9.97,60,9104.0,15,317317.0,2024-04-04,0.4038,770,3,24.3,0,0,0.0,Current,0,0,None,0.0,0
TCU-01546,Maun,LO002,Home Loan,62,Student,2676.0,60500.0,19.97,60,1602.0,10,49156.0,2024-08-15,0.5987,685,1,16.2,0,1,116308.0,Late (30–89 days),30,2,Called,12416.0,1
TCU-01547,Francistown,LO018,Agriculture Loan,60,Private Sector,28901.0,494700.0,8.77,72,8861.0,14,374608.0,2024-04-13,0.3066,850,0,24.5,0,1,880580.0,Current,0,0,None,0.0,0
TCU-01548,Gaborone Main,LO007,Vehicle Loan,38,Government Employee,22837.0,310700.0,16.19,60,7587.0,6,253849.0,2024-12-23,0.3322,850,2,8.0,0,1,284632.0,Current,0,0,None,0.0,0
TCU-01549,Francistown,LO002,Agriculture Loan,48,Student,2303.0,15700.0,23.95,36,616.0,15,8374.0,2024-03-16,0.2675,648,0,16.9,0,0,0.0,Current,0,0,None,0.0,0
TCU-01550,Francistown,LO020,Education Loan,30,Student,4742.0,20500.0,14.04,84,385.0,1,18982.0,2025-05-22,0.0812,665,3,2.3,1,1,43956.0,Late (30–89 days),57,1,Legal Notice,5912.0,1
TCU-01551,Gaborone Main,LO019,Vehicle Loan,67,Farmer,13322.0,56300.0,8.98,24,2572.0,15,18152.0,2024-04-01,0.1931,826,2,0.7,0,0,0.0,Current,0,0,None,0.0,0
TCU-01552,Maun,LO014,Personal Loan,22,Self-Employed,35552.0,347400.0,16.24,12,31559.0,9,74319.0,2024-09-19,0.8877,840,2,25.3,0,0,0.0,Current,0,0,None,0.0,0
TCU-01553,Lobatse,LO011,Education Loan,47,Government Employee,8590.0,250100.0,15.58,36,8741.0,4,203377.0,2025-02-11,1.0176,650,1,27.5,0,0,0.0,Late (30–89 days),47,1,None,35848.0,1
TCU-01554,Gaborone Main,LO010,Education Loan,61,Student,2757.0,125000.0,15.37,48,3502.0,12,84134.0,2024-07-02,1.2702,673,0,23.0,0,1,259959.0,Current,0,0,None,0.0,0
TCU-01555,Gaborone Main,LO013,Home Loan,34,Government Employee,16421.0,316900.0,10.41,36,10287.0,5,268389.0,2025-01-19,0.6265,732,0,23.6,0,1,688080.0,Current,0,0,None,0.0,0
TCU-01556,Lobatse,LO013,Vehicle Loan,46,Private Sector,6189.0,71600.0,10.48,84,1206.0,4,66923.0,2025-02-13,0.1949,828,1,19.1,1,1,136455.0,Current,0,0,None,0.0,0
TCU-01557,Selebi-Phikwe,LO010,Personal Loan,53,Student,2053.0,75600.0,16.21,24,3709.0,11,35340.0,2024-07-30,1.8066,731,0,28.9,0,1,155941.0,Late (30–89 days),50,2,SMS Sent,8837.0,1
TCU-01558,Gaborone Main,LO012,Personal Loan,50,Private Sector,14148.0,156000.0,22.58,24,8138.0,6,102946.0,2024-12-04,0.5752,777,0,21.7,0,1,234516.0,Current,0,0,None,0.0,0
TCU-01559,Francistown,LO008,Business Loan,40,Student,1944.0,13500.0,17.87,24,673.0,8,8887.0,2024-10-04,0.3462,688,0,24.5,2,0,0.0,Defaulted,105,11,Home Visit,7259.0,1
TCU-01560,Maun,LO007,Agriculture Loan,54,Private Sector,26228.0,418100.0,17.67,60,10542.0,13,312242.0,2024-06-03,0.4019,850,0,22.8,0,1,995894.0,Current,0,0,None,0.0,0
TCU-01561,Lobatse,LO003,Education Loan,58,Student,1882.0,5800.0,19.06,48,174.0,13,4141.0,2024-06-03,0.0925,722,4,15.8,0,0,0.0,Current,0,0,None,0.0,0
TCU-01562,Maun,LO012,Business Loan,52,Farmer,8004.0,98800.0,16.6,60,2434.0,13,68053.0,2024-05-27,0.3041,792,2,15.1,0,1,128660.0,Current,0,0,None,0.0,0
TCU-01563,Selebi-Phikwe,LO017,Agriculture Loan,29,Government Employee,17471.0,13100.0,9.21,24,600.0,9,7373.0,2024-09-14,0.0343,800,0,28.9,0,0,0.0,Current,0,0,None,0.0,0
TCU-01564,Gaborone Main,LO018,Business Loan,46,Student,3391.0,51100.0,19.45,84,1118.0,1,46301.0,2025-05-27,0.3297,779,2,4.3,0,1,47157.0,Current,0,0,None,0.0,0
TCU-01565,Lobatse,LO007,Personal Loan,57,Self-Employed,17371.0,72500.0,10.49,72,1361.0,17,51069.0,2024-02-05,0.0783,807,0,23.8,0,1,158947.0,Current,0,0,None,0.0,0
TCU-01566,Francistown,LO019,Education Loan,40,Self-Employed,17750.0,290600.0,13.33,24,13861.0,10,145847.0,2024-08-06,0.7809,850,2,25.6,0,1,653036.0,Current,0,0,None,0.0,0
TCU-01567,Francistown,LO020,Vehicle Loan,59,Farmer,13104.0,39400.0,20.13,72,947.0,11,32338.0,2024-07-29,0.0723,788,1,15.1,1,1,55361.0,Early (1–29 days),17,1,None,0.0,0
TCU-01568,Gaborone Main,LO016,Education Loan,55,Pensioner,6421.0,295000.0,21.04,24,15165.0,14,111234.0,2024-04-28,2.3618,777,1,15.2,0,1,726282.0,Defaulted,155,10,Legal Notice,89695.0,1
TCU-01569,Francistown,LO004,Business Loan,24,Private Sector,10017.0,124100.0,12.59,12,11060.0,3,79306.0,2025-03-25,1.1041,617,4,22.1,1,0,0.0,Late (30–89 days),65,2,Home Visit,14070.0,1
TCU-01570,Maun,LO001,Vehicle Loan,68,Farmer,3216.0,38000.0,23.97,84,937.0,6,32122.0,2024-12-27,0.2914,752,0,29.0,0,0,0.0,Current,0,0,None,0.0,0
TCU-01571,Lobatse,LO005,Personal Loan,29,Private Sector,19945.0,430100.0,16.3,84,8616.0,12,339944.0,2024-06-17,0.432,838,0,8.2,1,0,0.0,Late (30–89 days),49,2,Home Visit,88712.0,1
TCU-01572,Gaborone Main,LO013,Vehicle Loan,58,Private Sector,21843.0,444300.0,16.92,24,21950.0,15,146162.0,2024-04-06,1.0049,791,0,27.5,0,1,968278.0,Current,0,0,None,0.0,0
TCU-01573,Maun,LO014,Home Loan,29,Pensioner,4588.0,43000.0,8.95,48,1069.0,10,31324.0,2024-08-28,0.233,631,2,9.6,1,0,0.0,Current,0,0,None,0.0,0
TCU-01574,Selebi-Phikwe,LO011,Education Loan,28,Government Employee,13943.0,343500.0,17.06,72,7653.0,5,299159.0,2025-01-16,0.5489,689,0,2.7,0,0,0.0,Late (30–89 days),78,2,None,44382.0,1
TCU-01575,Lobatse,LO016,Business Loan,47,Self-Employed,21599.0,262200.0,15.88,36,9203.0,11,164627.0,2024-08-02,0.4261,844,2,9.6,0,0,0.0,Current,0,0,None,0.0,0
TCU-01576,Lobatse,LO018,Home Loan,57,Government Employee,11046.0,381500.0,11.48,60,8386.0,17,260267.0,2024-01-14,0.7592,772,1,12.5,0,1,366149.0,Current,0,0,None,0.0,0
TCU-01577,Maun,LO010,Business Loan,55,Government Employee,20740.0,129300.0,18.09,84,2724.0,15,94446.0,2024-03-17,0.1313,850,0,21.9,2,1,308692.0,Current,0,0,None,0.0,0
TCU-01578,Lobatse,LO001,Home Loan,51,Student,4437.0,140000.0,17.35,12,12792.0,6,69803.0,2024-12-16,2.883,697,1,16.1,2,1,257917.0,Late (30–89 days),44,2,SMS Sent,14870.0,1
TCU-01579,Selebi-Phikwe,LO004,Personal Loan,59,Student,4303.0,80400.0,15.2,24,3906.0,12,34515.0,2024-06-26,0.9077,657,1,29.4,2,0,0.0,Late (30–89 days),72,2,None,6574.0,1
TCU-01580,Francistown,LO006,Vehicle Loan,50,Pensioner,6801.0,77000.0,13.28,60,1763.0,14,57559.0,2024-04-08,0.2592,720,1,15.2,0,1,171123.0,Current,0,0,None,0.0,0
TCU-01581,Selebi-Phikwe,LO017,Education Loan,54,Self-Employed,28763.0,344900.0,15.01,12,31132.0,12,0.0,2024-02-05,1.0824,850,1,28.3,0,0,0.0,Current,0,0,None,0.0,0
TCU-01582,Francistown,LO007,Vehicle Loan,59,Self-Employed,13857.0,30300.0,14.43,24,1461.0,1,26405.0,2025-05-16,0.1054,799,1,13.0,1,0,0.0,Current,0,0,None,0.0,0
TCU-01583,Selebi-Phikwe,LO013,Vehicle Loan,43,Pensioner,7714.0,204500.0,23.57,72,5331.0,15,146084.0,2024-03-21,0.6911,778,0,25.7,2,0,0.0,Current,0,0,None,0.0,0
TCU-01584,Francistown,LO015,Vehicle Loan,23,Self-Employed,10108.0,201800.0,12.73,84,3642.0,4,172438.0,2025-02-11,0.3603,611,0,18.9,0,1,312704.0,Current,0,0,None,0.0,0
TCU-01585,Lobatse,LO001,Home Loan,24,Farmer,5755.0,84400.0,14.26,48,2317.0,11,57120.0,2024-07-12,0.4026,626,1,9.4,1,1,199350.0,Late (30–89 days),44,2,Letter Sent,8697.0,1
TCU-01586,Gaborone Main,LO013,Business Loan,27,Self-Employed,10360.0,130800.0,8.95,12,11436.0,12,0.0,2024-02-16,1.1039,685,3,12.5,0,0,0.0,Current,0,0,None,0.0,0
TCU-01587,Selebi-Phikwe,LO009,Agriculture Loan,40,Farmer,8124.0,299100.0,23.29,48,9634.0,3,269705.0,2025-03-18,1.1859,718,4,27.2,0,0,0.0,Late (30–89 days),51,1,None,79736.0,1
TCU-01588,Gaborone Main,LO002,Personal Loan,58,Self-Employed,4761.0,74700.0,15.99,60,1816.0,14,54539.0,2024-04-22,0.3814,836,1,3.9,0,1,134925.0,Current,0,0,None,0.0,0
TCU-01589,Francistown,LO001,Vehicle Loan,55,Private Sector,8093.0,152100.0,15.43,72,3252.0,5,126030.0,2025-01-15,0.4018,816,0,10.6,2,0,0.0,Current,0,0,None,0.0,0
TCU-01590,Francistown,LO015,Personal Loan,48,Government Employee,20345.0,237800.0,15.21,48,6643.0,16,146189.0,2024-03-02,0.3265,831,1,27.5,0,0,0.0,Current,0,0,None,0.0,0
TCU-01591,Gaborone Main,LO007,Education Loan,68,Farmer,4317.0,40100.0,14.14,72,829.0,8,35430.0,2024-10-31,0.192,813,0,27.4,0,0,0.0,Current,0,0,None,0.0,0
TCU-01592,Lobatse,LO003,Personal Loan,22,Farmer,10536.0,349200.0,14.13,12,31375.0,3,233117.0,2025-03-13,2.9779,764,1,29.0,0,0,0.0,Late (30–89 days),63,2,Called,53168.0,1
TCU-01593,Maun,LO017,Home Loan,22,Private Sector,17099.0,409100.0,18.73,72,9500.0,17,306318.0,2024-01-08,0.5556,830,1,15.7,0,1,930163.0,Current,0,0,None,0.0,0
TCU-01594,Maun,LO008,Agriculture Loan,64,Farmer,14379.0,294600.0,13.55,60,6786.0,1,282243.0,2025-05-29,0.4719,769,3,29.8,2,0,0.0,Current,0,0,None,0.0,0
TCU-01595,Gaborone Main,LO007,Business Loan,59,Private Sector,29321.0,244500.0,14.26,12,21983.0,6,106746.0,2024-12-16,0.7497,850,0,11.2,0,0,0.0,Defaulted,156,12,None,88216.0,1
TCU-01596,Selebi-Phikwe,LO007,Business Loan,61,Farmer,3256.0,98100.0,22.61,36,3778.0,4,78732.0,2025-02-13,1.1603,639,4,29.4,0,0,0.0,Current,0,0,None,0.0,0
TCU-01597,Selebi-Phikwe,LO007,Business Loan,25,Private Sector,6618.0,111400.0,17.94,24,5558.0,15,39008.0,2024-04-05,0.8398,677,0,6.4,0,1,221645.0,Current,0,0,None,0.0,0
TCU-01598,Gaborone Main,LO010,Education Loan,55,Private Sector,26988.0,21100.0,12.18,12,1876.0,6,9438.0,2024-12-20,0.0695,850,0,13.7,2,1,44015.0,Current,0,0,None,0.0,0
TCU-01599,Francistown,LO009,Agriculture Loan,55,Student,2653.0,26700.0,21.36,36,1011.0,15,14490.0,2024-03-27,0.3811,574,0,15.7,0,0,0.0,Current,0,0,None,0.0,0
TCU-01600,Maun,LO006,Home Loan,28,Pensioner,6191.0,77600.0,16.68,60,1915.0,15,52408.0,2024-03-22,0.3093,684,0,1.7,0,1,137959.0,Current,0,0,None,0.0,0
TCU-01601,Lobatse,LO015,Vehicle Loan,41,Self-Employed,7719.0,9600.0,19.48,36,354.0,8,7002.0,2024-10-15,0.0459,786,0,1.4,0,0,0.0,Early (1–29 days),11,1,None,0.0,0
TCU-01602,Selebi-Phikwe,LO020,Home Loan,23,Farmer,7160.0,124800.0,20.49,24,6382.0,5,96739.0,2025-01-12,0.8913,736,1,2.8,0,0,0.0,Defaulted,168,10,Letter Sent,57791.0,1
TCU-01603,Selebi-Phikwe,LO016,Vehicle Loan,41,Farmer,6258.0,40900.0,12.9,72,819.0,14,28629.0,2024-04-30,0.1309,666,0,17.8,1,1,65395.0,Current,0,0,None,0.0,0
TCU-01604,Lobatse,LO010,Education Loan,43,Self-Employed,33957.0,369900.0,15.66,36,12943.0,14,206939.0,2024-04-18,0.3812,850,0,20.5,0,1,827567.0,Current,0,0,None,0.0,0
TCU-01605,Francistown,LO015,Vehicle Loan,43,Government Employee,15595.0,396700.0,14.32,12,35678.0,12,0.0,2024-06-07,2.2878,850,1,12.2,0,1,508230.0,Late (30–89 days),70,1,Home Visit,0.0,1
TCU-01606,Gaborone Main,LO011,Home Loan,62,Government Employee,24326.0,124100.0,12.99,36,4181.0,6,101675.0,2024-12-10,0.1719,850,0,13.3,0,1,308584.0,Current,0,0,None,0.0,0
TCU-01607,Selebi-Phikwe,LO014,Education Loan,64,Farmer,3648.0,94800.0,20.26,36,3536.0,15,47254.0,2024-04-03,0.9693,637,0,2.8,0,0,0.0,Current,0,0,None,0.0,0
TCU-01608,Lobatse,LO015,Education Loan,27,Student,2310.0,26200.0,9.22,60,547.0,9,21837.0,2024-09-05,0.2368,680,1,12.9,0,0,0.0,Current,0,0,None,0.0,0
TCU-01609,Gaborone Main,LO003,Personal Loan,63,Student,2790.0,64500.0,17.76,12,5906.0,12,0.0,2024-04-20,2.1168,714,1,1.9,0,1,125928.0,Defaulted,201,12,Home Visit,0.0,1
TCU-01610,Francistown,LO001,Agriculture Loan,59,Government Employee,19375.0,224900.0,15.44,24,10952.0,16,70014.0,2024-03-05,0.5653,850,1,16.1,0,0,0.0,Current,0,0,None,0.0,0
TCU-01611,Selebi-Phikwe,LO008,Agriculture Loan,50,Farmer,13584.0,403200.0,19.96,60,10673.0,10,300668.0,2024-08-26,0.7857,779,0,23.1,0,1,424622.0,Current,0,0,None,0.0,0
TCU-01612,Lobatse,LO007,Agriculture Loan,38,Farmer,12180.0,289700.0,15.23,24,14078.0,3,238046.0,2025-03-28,1.1558,717,1,15.8,0,1,450242.0,Late (30–89 days),66,1,Legal Notice,42319.0,1
TCU-01613,Gaborone Main,LO010,Home Loan,50,Student,2844.0,95000.0,17.32,72,2130.0,6,77278.0,2024-12-08,0.7489,704,1,9.7,0,0,0.0,Defaulted,168,9,Legal Notice,58461.0,1
TCU-01614,Lobatse,LO013,Home Loan,22,Pensioner,8594.0,114500.0,18.85,84,2464.0,16,92117.0,2024-03-06,0.2867,636,0,29.6,0,1,243719.0,Current,0,0,None,0.0,0
TCU-01615,Maun,LO013,Education Loan,63,Private Sector,17775.0,22200.0,15.75,24,1084.0,1,20340.0,2025-05-12,0.061,850,0,21.5,0,1,52478.0,Current,0,0,None,0.0,0
TCU-01616,Francistown,LO002,Home Loan,53,Pensioner,8723.0,83000.0,20.9,36,3123.0,2,74422.0,2025-04-05,0.358,729,1,20.1,1,1,179441.0,Early (1–29 days),29,1,None,0.0,0
TCU-01617,Gaborone Main,LO005,Vehicle Loan,44,Self-Employed,26939.0,215100.0,18.41,60,5510.0,9,161302.0,2024-09-27,0.2045,850,1,11.3,0,0,0.0,Current,0,0,None,0.0,0
TCU-01618,Gaborone Main,LO010,Business Loan,33,Government Employee,9492.0,152900.0,12.38,72,3020.0,14,120684.0,2024-04-12,0.3182,738,0,7.9,0,0,0.0,Current,0,0,None,0.0,0
TCU-01619,Maun,LO014,Home Loan,64,Government Employee,18665.0,124400.0,21.71,36,4732.0,16,64378.0,2024-02-20,0.2535,744,3,25.1,1,1,296012.0,Current,0,0,None,0.0,0
TCU-01620,Lobatse,LO002,Home Loan,33,Farmer,4546.0,13000.0,14.73,72,273.0,15,9885.0,2024-03-20,0.0601,539,1,1.6,0,0,0.0,Current,0,0,None,0.0,0
TCU-01621,Lobatse,LO014,Home Loan,63,Self-Employed,26253.0,284400.0,15.83,72,6143.0,12,213940.0,2024-07-03,0.234,850,0,9.1,0,0,0.0,Current,0,0,None,0.0,0
TCU-01622,Selebi-Phikwe,LO016,Agriculture Loan,22,Student,4639.0,26100.0,9.12,12,2284.0,12,0.0,2024-01-12,0.4923,627,0,26.7,0,1,46955.0,Current,0,0,None,0.0,0
TCU-01623,Maun,LO015,Business Loan,51,Government Employee,24429.0,125300.0,9.78,24,5769.0,3,97830.0,2025-03-30,0.2362,850,1,10.9,1,1,143107.0,Current,0,0,None,0.0,0
TCU-01624,Selebi-Phikwe,LO005,Home Loan,54,Government Employee,15713.0,60600.0,15.58,24,2955.0,16,19214.0,2024-02-25,0.1881,785,1,26.8,1,1,123069.0,Late (30–89 days),52,2,SMS Sent,4563.0,1
TCU-01625,Gaborone Main,LO011,Vehicle Loan,49,Pensioner,9742.0,376900.0,9.79,60,7969.0,15,276289.0,2024-04-03,0.818,663,0,5.8,0,0,0.0,Current,0,0,None,0.0,0
TCU-01626,Maun,LO009,Education Loan,36,Government Employee,12792.0,138300.0,9.77,84,2280.0,3,119975.0,2025-03-04,0.1782,782,2,26.9,0,1,312996.0,Current,0,0,None,0.0,0
TCU-01627,Maun,LO014,Agriculture Loan,33,Farmer,9340.0,208900.0,13.63,12,18720.0,12,0.0,2024-01-26,2.0043,737,2,27.2,0,1,346256.0,Late (30–89 days),68,1,Home Visit,0.0,1
TCU-01628,Francistown,LO008,Vehicle Loan,45,Student,2211.0,17800.0,19.48,36,657.0,7,12604.0,2024-11-05,0.2972,672,2,2.1,0,1,22768.0,Current,0,0,None,0.0,0
TCU-01629,Francistown,LO004,Vehicle Loan,50,Government Employee,8182.0,106900.0,9.45,84,1744.0,11,83718.0,2024-07-07,0.2132,711,1,20.6,1,0,0.0,Current,0,0,None,0.0,0
TCU-01630,Selebi-Phikwe,LO018,Home Loan,52,Government Employee,14472.0,90200.0,15.39,12,8158.0,6,42423.0,2024-12-29,0.5637,725,1,22.3,3,0,0.0,Defaulted,125,3,None,30058.0,1
TCU-01631,Gaborone Main,LO013,Education Loan,45,Pensioner,8614.0,117700.0,9.64,60,2480.0,11,96050.0,2024-08-04,0.2879,670,0,18.3,1,0,0.0,Current,0,0,None,0.0,0
TCU-01632,Maun,LO005,Agriculture Loan,62,Self-Employed,16026.0,260800.0,15.74,72,5620.0,1,251487.0,2025-05-24,0.3507,850,4,26.0,0,1,288412.0,Defaulted,365,8,None,148735.0,1
TCU-01633,Selebi-Phikwe,LO004,Education Loan,68,Private Sector,21879.0,15000.0,10.49,84,253.0,5,13658.0,2025-01-27,0.0116,850,1,15.6,1,0,0.0,Defaulted,202,9,Legal Notice,10616.0,1
TCU-01634,Lobatse,LO009,Education Loan,63,Government Employee,8059.0,170300.0,9.26,84,2762.0,11,147880.0,2024-07-20,0.3427,742,1,12.5,0,1,405214.0,Current,0,0,None,0.0,0
TCU-01635,Selebi-Phikwe,LO002,Personal Loan,51,Farmer,6330.0,32500.0,14.48,24,1568.0,14,11724.0,2024-04-12,0.2477,676,2,18.2,0,1,79269.0,Current,0,0,None,0.0,0
TCU-01636,Lobatse,LO004,Education Loan,45,Farmer,12809.0,82000.0,21.15,84,1878.0,14,68035.0,2024-05-03,0.1466,848,0,7.6,2,0,0.0,Current,0,0,None,0.0,0
TCU-01637,Lobatse,LO006,Home Loan,68,Pensioner,4269.0,18000.0,15.74,36,631.0,4,15134.0,2025-03-02,0.1478,762,1,22.1,0,1,29994.0,Current,0,0,None,0.0,0
TCU-01638,Lobatse,LO020,Agriculture Loan,37,Self-Employed,28411.0,277300.0,11.85,24,13034.0,5,199331.0,2025-01-16,0.4588,850,1,14.4,0,1,586250.0,Early (1–29 days),13,1,None,0.0,0
TCU-01639,Lobatse,LO004,Business Loan,38,Farmer,7578.0,131900.0,17.31,60,3300.0,11,94967.0,2024-07-12,0.4355,708,1,7.7,0,0,0.0,Current,0,0,None,0.0,0
TCU-01640,Selebi-Phikwe,LO012,Business Loan,54,Student,2324.0,21600.0,19.19,12,1993.0,12,0.0,2024-05-19,0.8576,703,0,16.7,0,1,21829.0,Late (30–89 days),67,1,Letter Sent,0.0,1
TCU-01641,Francistown,LO019,Business Loan,29,Farmer,12608.0,51100.0,15.33,48,1431.0,3,43132.0,2025-03-17,0.1135,837,1,8.7,1,0,0.0,Current,0,0,None,0.0,0
TCU-01642,Selebi-Phikwe,LO016,Agriculture Loan,42,Self-Employed,21371.0,44000.0,13.16,12,3933.0,12,0.0,2024-05-08,0.184,809,0,19.4,0,1,104389.0,Current,0,0,None,0.0,0
TCU-01643,Francistown,LO015,Business Loan,24,Pensioner,4301.0,8100.0,20.7,48,250.0,5,6658.0,2025-01-17,0.0581,609,3,8.1,0,1,13859.0,Current,0,0,None,0.0,0
TCU-01644,Maun,LO011,Personal Loan,55,Pensioner,6398.0,61200.0,22.8,72,1567.0,8,48411.0,2024-10-06,0.2449,779,0,23.7,0,1,138238.0,Current,0,0,None,0.0,0
TCU-01645,Maun,LO019,Business Loan,34,Self-Employed,8130.0,44800.0,16.63,12,4078.0,4,28125.0,2025-03-01,0.5016,784,0,5.1,1,0,0.0,Current,0,0,None,0.0,0
TCU-01646,Maun,LO017,Agriculture Loan,35,Pensioner,4465.0,50100.0,9.08,24,2291.0,8,30685.0,2024-11-02,0.5131,638,0,19.5,1,0,0.0,Current,0,0,None,0.0,0
TCU-01647,Maun,LO011,Home Loan,46,Private Sector,12812.0,6600.0,11.26,12,584.0,10,991.0,2024-08-24,0.0456,775,2,5.5,0,0,0.0,Defaulted,132,10,Letter Sent,506.0,1
TCU-01648,Selebi-Phikwe,LO013,Personal Loan,36,Self-Employed,37060.0,463300.0,21.41,36,17553.0,2,416898.0,2025-04-28,0.4736,850,2,2.0,0,0,0.0,Current,0,0,None,0.0,0
TCU-01649,Lobatse,LO012,Personal Loan,25,Farmer,7694.0,18500.0,18.3,72,425.0,15,14075.0,2024-03-28,0.0552,719,0,3.6,0,1,30984.0,Current,0,0,None,0.0,0
TCU-01650,Maun,LO009,Personal Loan,27,Pensioner,5150.0,84000.0,14.07,84,1577.0,17,58362.0,2024-01-13,0.3062,661,0,28.2,1,1,196404.0,Current,0,0,None,0.0,0
TCU-01651,Lobatse,LO004,Agriculture Loan,50,Student,2806.0,18000.0,9.42,36,576.0,12,11528.0,2024-06-30,0.2053,671,0,17.8,0,0,0.0,Current,0,0,None,0.0,0
TCU-01652,Lobatse,LO004,Home Loan,60,Self-Employed,7966.0,12800.0,21.14,36,483.0,4,11209.0,2025-02-10,0.0606,791,1,17.6,0,1,17235.0,Defaulted,151,5,SMS Sent,8624.0,1
TCU-01653,Maun,LO002,Business Loan,28,Farmer,3620.0,105900.0,19.38,48,3188.0,1,96127.0,2025-05-30,0.8807,587,1,16.5,0,1,118317.0,Late (30–89 days),72,2,None,20597.0,1
TCU-01654,Gaborone Main,LO014,Home Loan,42,Pensioner,9740.0,209800.0,23.94,36,8224.0,11,141234.0,2024-07-14,0.8444,729,2,17.0,0,1,235851.0,Current,0,0,None,0.0,0
TCU-01655,Lobatse,LO006,Business Loan,44,Farmer,6478.0,191300.0,23.58,72,4988.0,13,136715.0,2024-05-08,0.77,694,0,5.6,0,0,0.0,Current,0,0,None,0.0,0
TCU-01656,Francistown,LO009,Business Loan,30,Self-Employed,12703.0,278000.0,21.11,48,8625.0,5,212793.0,2025-01-29,0.679,646,2,18.8,1,0,0.0,Current,0,0,None,0.0,0
TCU-01657,Selebi-Phikwe,LO013,Vehicle Loan,56,Farmer,6629.0,219700.0,22.38,48,6967.0,1,210710.0,2025-05-13,1.051,792,0,23.9,1,1,265809.0,Defaulted,108,8,SMS Sent,165305.0,1
TCU-01658,Lobatse,LO016,Business Loan,66,Student,2493.0,69700.0,13.84,24,3341.0,3,55008.0,2025-03-18,1.3402,742,3,13.4,1,0,0.0,Late (30–89 days),41,2,Home Visit,19227.0,1
TCU-01659,Francistown,LO019,Education Loan,68,Student,2617.0,29400.0,10.1,60,626.0,12,22797.0,2024-06-22,0.2392,679,0,6.2,0,1,65213.0,Early (1–29 days),29,1,None,0.0,0
TCU-01660,Francistown,LO008,Home Loan,24,Self-Employed,36536.0,327000.0,9.73,60,6904.0,5,280812.0,2025-01-11,0.189,850,0,2.9,0,0,0.0,Current,0,0,None,0.0,0
TCU-01661,Selebi-Phikwe,LO002,Home Loan,37,Self-Employed,4246.0,105600.0,18.66,48,3139.0,1,93706.0,2025-05-05,0.7393,659,2,9.3,0,0,0.0,Current,0,0,None,0.0,0
TCU-01662,Selebi-Phikwe,LO017,Vehicle Loan,44,Farmer,11452.0,238200.0,12.18,12,21184.0,7,97939.0,2024-11-29,1.8498,683,0,18.5,1,0,0.0,Late (30–89 days),40,1,Legal Notice,31836.0,1
TCU-01663,Gaborone Main,LO007,Business Loan,43,Self-Employed,29487.0,308100.0,13.94,12,27655.0,4,181004.0,2025-02-27,0.9379,850,2,27.8,0,0,0.0,Late (30–89 days),73,1,Home Visit,62325.0,1
TCU-01664,Maun,LO020,Personal Loan,36,Farmer,14313.0,15300.0,9.51,24,703.0,1,14405.0,2025-05-23,0.0491,744,3,4.6,0,1,30501.0,Current,0,0,None,0.0,0
TCU-01665,Francistown,LO006,Business Loan,24,Student,3717.0,20700.0,9.74,12,1817.0,10,3115.0,2024-08-23,0.4888,698,2,25.6,0,1,45455.0,Current,0,0,None,0.0,0
TCU-01666,Francistown,LO016,Business Loan,59,Farmer,3844.0,75200.0,11.69,12,6671.0,12,0.0,2024-01-17,1.7354,643,1,5.3,0,0,0.0,Late (30–89 days),67,2,SMS Sent,0.0,1
TCU-01667,Lobatse,LO004,Education Loan,23,Private Sector,25228.0,211700.0,16.98,36,7546.0,15,117518.0,2024-04-04,0.2991,850,1,9.5,1,1,200758.0,Current,0,0,None,0.0,0
TCU-01668,Lobatse,LO016,Education Loan,26,Farmer,8347.0,68900.0,20.27,36,2570.0,1,65598.0,2025-05-04,0.3079,675,3,6.7,0,1,77106.0,Current,0,0,None,0.0,0
TCU-01669,Maun,LO005,Personal Loan,35,Self-Employed,5562.0,121700.0,20.97,36,4583.0,4,91983.0,2025-02-08,0.824,731,0,7.4,0,0,0.0,Early (1–29 days),16,1,None,0.0,0
TCU-01670,Francistown,LO008,Education Loan,31,Student,4860.0,114600.0,19.23,24,5790.0,15,39682.0,2024-03-28,1.1914,670,2,2.8,0,0,0.0,Late (30–89 days),67,2,Home Visit,11064.0,1
TCU-01671,Selebi-Phikwe,LO015,Home Loan,53,Farmer,13377.0,130100.0,18.67,24,6537.0,10,71412.0,2024-08-06,0.4887,850,0,14.0,0,1,165507.0,Current,0,0,None,0.0,0
TCU-01672,Maun,LO011,Agriculture Loan,59,Self-Employed,22046.0,405200.0,9.81,72,7468.0,2,383798.0,2025-04-12,0.3387,850,0,3.8,0,0,0.0,Current,0,0,None,0.0,0
TCU-01673,Gaborone Main,LO008,Agriculture Loan,41,Student,3718.0,52300.0,20.98,60,1414.0,6,44386.0,2024-12-05,0.3803,698,4,19.3,0,1,54306.0,Current,0,0,None,0.0,0
TCU-01674,Lobatse,LO006,Vehicle Loan,34,Private Sector,7948.0,68300.0,23.12,24,3581.0,7,47272.0,2024-11-17,0.4506,687,3,0.7,3,0,0.0,Late (30–89 days),52,1,None,10147.0,1
TCU-01675,Gaborone Main,LO012,Home Loan,39,Private Sector,22379.0,171600.0,11.9,36,5691.0,9,114847.0,2024-09-30,0.2543,850,2,27.6,1,0,0.0,Current,0,0,None,0.0,0
TCU-01676,Lobatse,LO006,Agriculture Loan,55,Pensioner,8295.0,309700.0,20.89,84,7044.0,17,237399.0,2024-02-02,0.8492,732,1,4.6,0,0,0.0,Defaulted,248,10,SMS Sent,176130.0,1
TCU-01677,Maun,LO013,Personal Loan,29,Private Sector,22514.0,248400.0,19.24,36,9136.0,14,150493.0,2024-04-07,0.4058,850,0,13.1,0,1,307293.0,Current,0,0,None,0.0,0
TCU-01678,Selebi-Phikwe,LO002,Agriculture Loan,40,Self-Employed,13315.0,201400.0,10.28,12,17732.0,12,0.0,2024-04-30,1.3317,782,1,0.9,0,1,426998.0,Late (30–89 days),44,1,Called,0.0,1
TCU-01679,Selebi-Phikwe,LO017,Education Loan,41,Farmer,14903.0,330300.0,12.47,84,5914.0,16,257550.0,2024-03-02,0.3968,773,2,7.2,3,0,0.0,Late (30–89 days),77,1,Legal Notice,42568.0,1
TCU-01680,Selebi-Phikwe,LO001,Home Loan,32,Self-Employed,34783.0,464900.0,19.04,12,42852.0,12,0.0,2024-04-05,1.232,850,2,9.0,0,1,580795.0,Late (30–89 days),53,1,SMS Sent,0.0,1
TCU-01681,Maun,LO020,Personal Loan,32,Farmer,13770.0,13500.0,12.7,84,243.0,2,11737.0,2025-04-16,0.0176,753,3,24.3,0,1,29447.0,Current,0,0,None,0.0,0
TCU-01682,Gaborone Main,LO005,Business Loan,30,Self-Employed,8445.0,94200.0,18.37,12,8653.0,12,0.0,2024-01-28,1.0246,665,0,0.8,0,0,0.0,Late (30–89 days),80,1,Called,0.0,1
TCU-01683,Maun,LO009,Business Loan,33,Government Employee,18994.0,464100.0,18.64,24,23314.0,5,357289.0,2025-01-09,1.2274,729,0,13.0,0,1,1131311.0,Current,0,0,None,0.0,0
TCU-01684,Maun,LO005,Vehicle Loan,61,Self-Employed,32516.0,138500.0,21.32,36,5241.0,11,88081.0,2024-08-02,0.1612,850,2,26.4,0,1,235581.0,Early (1–29 days),4,1,None,0.0,0
TCU-01685,Lobatse,LO010,Personal Loan,39,Pensioner,5098.0,22800.0,17.1,60,568.0,10,18503.0,2024-08-23,0.1114,592,3,22.2,0,0,0.0,Current,0,0,None,0.0,0
TCU-01686,Gaborone Main,LO016,Agriculture Loan,53,Self-Employed,27963.0,292600.0,22.32,84,6912.0,2,277420.0,2025-04-06,0.2472,850,0,23.8,1,0,0.0,Current,0,0,None,0.0,0
TCU-01687,Selebi-Phikwe,LO009,Home Loan,53,Farmer,12343.0,108300.0,20.81,24,5555.0,17,28300.0,2024-02-04,0.4501,781,1,11.9,0,1,111627.0,Current,0,0,None,0.0,0
TCU-01688,Maun,LO012,Business Loan,64,Farmer,8962.0,235900.0,21.14,60,6400.0,6,209228.0,2024-12-26,0.7141,792,3,19.8,0,0,0.0,Defaulted,101,7,Called,85985.0,1
TCU-01689,Maun,LO007,Education Loan,45,Self-Employed,19662.0,133700.0,17.39,60,3351.0,10,97066.0,2024-08-15,0.1704,811,0,17.1,0,1,258887.0,Current,0,0,None,0.0,0
TCU-01690,Selebi-Phikwe,LO002,Business Loan,34,Government Employee,10239.0,120100.0,20.12,72,2885.0,8,94690.0,2024-10-31,0.2818,692,1,15.5,0,0,0.0,Current,0,0,None,0.0,0
TCU-01691,Francistown,LO014,Personal Loan,31,Student,4252.0,116500.0,17.33,72,2613.0,9,91786.0,2024-09-25,0.6145,685,2,11.0,0,0,0.0,Current,0,0,None,0.0,0
TCU-01692,Gaborone Main,LO016,Agriculture Loan,68,Private Sector,26978.0,432300.0,20.92,48,13368.0,14,284582.0,2024-04-19,0.4955,850,0,4.8,0,0,0.0,Current,0,0,None,0.0,0
TCU-01693,Selebi-Phikwe,LO013,Personal Loan,64,Private Sector,17080.0,139000.0,8.97,72,2503.0,8,123157.0,2024-10-10,0.1465,830,0,11.3,0,0,0.0,Current,0,0,None,0.0,0
TCU-01694,Gaborone Main,LO005,Agriculture Loan,23,Self-Employed,35300.0,360600.0,11.01,48,9322.0,8,286039.0,2024-10-25,0.2641,850,0,11.0,1,0,0.0,Current,0,0,None,0.0,0
TCU-01695,Selebi-Phikwe,LO009,Business Loan,48,Farmer,5475.0,76400.0,11.86,84,1343.0,10,65487.0,2024-08-22,0.2453,773,2,4.4,0,0,0.0,Current,0,0,None,0.0,0
TCU-01696,Gaborone Main,LO002,Personal Loan,27,Self-Employed,8966.0,50400.0,11.06,36,1651.0,11,34444.0,2024-07-17,0.1841,697,1,28.6,0,1,115479.0,Current,0,0,None,0.0,0
TCU-01697,Selebi-Phikwe,LO003,Home Loan,43,Private Sector,27662.0,60100.0,8.91,24,2743.0,18,14034.0,2024-01-05,0.0992,850,1,1.4,1,0,0.0,Defaulted,197,6,Called,8563.0,1
TCU-01698,Lobatse,LO016,Business Loan,28,Private Sector,27338.0,47400.0,13.33,36,1605.0,16,25914.0,2024-02-22,0.0587,850,2,20.7,0,0,0.0,Current,0,0,None,0.0,0
TCU-01699,Francistown,LO014,Education Loan,23,Pensioner,8297.0,10600.0,10.84,12,936.0,1,8384.0,2025-05-04,0.1128,740,1,25.4,3,1,12901.0,Current,0,0,None,0.0,0
TCU-01700,Francistown,LO007,Personal Loan,24,Private Sector,25509.0,453900.0,22.35,60,12627.0,2,435221.0,2025-04-20,0.495,850,0,11.1,1,1,492252.0,Defaulted,359,11,Home Visit,185191.0,1
TCU-01701,Maun,LO003,Vehicle Loan,22,Pensioner,6017.0,87600.0,12.83,24,4158.0,17,21898.0,2024-01-25,0.691,585,1,10.8,1,1,120813.0,Early (1–29 days),11,1,None,0.0,0
TCU-01702,Maun,LO011,Personal Loan,58,Government Employee,13043.0,221700.0,22.47,48,7042.0,4,191703.0,2025-02-26,0.5399,796,1,4.3,0,1,305170.0,Current,0,0,None,0.0,0
TCU-01703,Maun,LO008,Agriculture Loan,30,Government Employee,17409.0,165400.0,9.21,72,2999.0,9,142699.0,2024-09-22,0.1723,832,0,20.0,2,0,0.0,Current,0,0,None,0.0,0
TCU-01704,Selebi-Phikwe,LO015,Home Loan,49,Student,4890.0,122500.0,17.18,72,2737.0,3,109712.0,2025-03-05,0.5597,758,2,26.0,0,0,0.0,Current,0,0,None,0.0,0
TCU-01705,Gaborone Main,LO013,Agriculture Loan,26,Government Employee,21788.0,322300.0,23.66,36,12587.0,15,174021.0,2024-04-03,0.5777,764,1,18.5,0,1,286542.0,Current,0,0,None,0.0,0
TCU-01706,Maun,LO012,Agriculture Loan,29,Farmer,11040.0,54300.0,22.35,24,2826.0,3,44281.0,2025-03-25,0.256,662,0,0.6,0,0,0.0,Current,0,0,None,0.0,0
TCU-01707,Selebi-Phikwe,LO019,Business Loan,50,Self-Employed,39487.0,451900.0,10.66,12,39868.0,10,71568.0,2024-08-13,1.0096,850,4,28.9,1,1,641314.0,Current,0,0,None,0.0,0
TCU-01708,Gaborone Main,LO001,Education Loan,31,Private Sector,24730.0,255400.0,17.43,84,5283.0,14,192638.0,2024-04-27,0.2136,850,0,9.5,0,1,212882.0,Current,0,0,None,0.0,0
TCU-01709,Lobatse,LO007,Vehicle Loan,43,Farmer,10840.0,141500.0,8.98,36,4498.0,15,80327.0,2024-03-15,0.4149,850,1,19.8,0,1,217522.0,Current,0,0,None,0.0,0
TCU-01710,Selebi-Phikwe,LO001,Agriculture Loan,60,Farmer,8980.0,10100.0,16.23,48,287.0,14,6973.0,2024-04-11,0.032,748,2,7.8,0,0,0.0,Early (1–29 days),28,1,None,0.0,0
TCU-01711,Maun,LO010,Business Loan,64,Farmer,7650.0,141900.0,18.37,84,3013.0,5,118207.0,2025-01-25,0.3939,816,0,2.8,0,1,231673.0,Late (30–89 days),50,2,Legal Notice,40552.0,1
TCU-01712,Gaborone Main,LO017,Business Loan,49,Farmer,6486.0,104300.0,9.54,24,4791.0,1,92546.0,2025-05-15,0.7387,683,3,19.0,0,0,0.0,Current,0,0,None,0.0,0
TCU-01713,Maun,LO019,Business Loan,35,Student,1788.0,10500.0,11.89,84,185.0,12,7816.0,2024-06-12,0.1035,631,1,24.8,0,0,0.0,Late (30–89 days),75,2,Letter Sent,2634.0,1
TCU-01714,Selebi-Phikwe,LO016,Personal Loan,44,Farmer,7361.0,85500.0,19.88,48,2596.0,5,69592.0,2025-01-23,0.3527,712,0,12.8,0,1,80685.0,Current,0,0,None,0.0,0
TCU-01715,Selebi-Phikwe,LO016,Agriculture Loan,45,Farmer,14353.0,202800.0,14.27,48,5569.0,3,172582.0,2025-03-19,0.388,833,0,17.1,0,1,416463.0,Current,0,0,None,0.0,0
TCU-01716,Maun,LO006,Personal Loan,41,Self-Employed,21676.0,179000.0,16.83,48,5149.0,13,122558.0,2024-05-17,0.2375,802,1,29.9,0,1,227148.0,Current,0,0,None,0.0,0
TCU-01717,Gaborone Main,LO014,Education Loan,57,Self-Employed,10126.0,200300.0,19.03,72,4686.0,3,185767.0,2025-03-18,0.4628,767,2,4.6,0,0,0.0,Late (30–89 days),40,1,SMS Sent,30510.0,1
TCU-01718,Lobatse,LO007,Education Loan,34,Government Employee,21953.0,372200.0,22.4,12,34908.0,12,0.0,2024-04-24,1.5901,850,1,20.2,0,1,634237.0,Late (30–89 days),53,1,Letter Sent,0.0,1
TCU-01719,Selebi-Phikwe,LO004,Home Loan,31,Pensioner,4449.0,53200.0,23.01,36,2060.0,2,48040.0,2025-04-10,0.463,610,3,28.8,1,1,87931.0,Late (30–89 days),45,2,Home Visit,8997.0,1
TCU-01720,Selebi-Phikwe,LO008,Agriculture Loan,49,Pensioner,9922.0,223500.0,20.99,36,8419.0,3,194558.0,2025-03-23,0.8485,745,0,19.8,2,1,438122.0,Current,0,0,None,0.0,0
TCU-01721,Selebi-Phikwe,LO005,Home Loan,59,Government Employee,22632.0,156700.0,15.79,72,3381.0,12,122590.0,2024-06-21,0.1494,802,3,8.9,0,0,0.0,Current,0,0,None,0.0,0
TCU-01722,Selebi-Phikwe,LO019,Agriculture Loan,34,Farmer,13061.0,29100.0,21.1,12,2711.0,12,0.0,2024-05-14,0.2076,832,3,25.6,1,0,0.0,Defaulted,250,5,Called,0.0,1
TCU-01723,Selebi-Phikwe,LO006,Personal Loan,56,Student,4703.0,67400.0,14.16,12,6057.0,12,0.0,2024-02-12,1.2879,793,0,24.9,1,0,0.0,Late (30–89 days),32,1,Home Visit,0.0,1
TCU-01724,Francistown,LO020,Business Loan,48,Private Sector,29650.0,263400.0,12.96,72,5282.0,13,195874.0,2024-05-14,0.1781,850,0,20.4,0,1,315956.0,Current,0,0,None,0.0,0
TCU-01725,Maun,LO003,Agriculture Loan,60,Pensioner,5642.0,18400.0,12.89,36,619.0,11,12304.0,2024-07-13,0.1097,692,0,22.9,1,1,41843.0,Current,0,0,None,0.0,0
TCU-01726,Lobatse,LO015,Personal Loan,62,Pensioner,4838.0,35200.0,20.71,12,3273.0,12,0.0,2024-01-25,0.6765,785,0,14.8,0,1,68712.0,Current,0,0,None,0.0,0
TCU-01727,Francistown,LO016,Vehicle Loan,53,Farmer,7255.0,64400.0,15.28,48,1801.0,6,51919.0,2024-12-31,0.2482,742,1,3.6,0,1,151052.0,Current,0,0,None,0.0,0
TCU-01728,Francistown,LO019,Agriculture Loan,37,Pensioner,9220.0,60100.0,19.47,84,1315.0,13,50507.0,2024-05-22,0.1426,774,0,28.0,0,0,0.0,Current,0,0,None,0.0,0
TCU-01729,Francistown,LO016,Education Loan,25,Farmer,13256.0,257300.0,22.22,60,7139.0,12,202494.0,2024-07-04,0.5385,764,0,26.6,0,0,0.0,Early (1–29 days),15,1,None,0.0,0
TCU-01730,Lobatse,LO004,Business Loan,29,Student,4952.0,33200.0,19.3,36,1222.0,7,24586.0,2024-11-18,0.2468,600,3,28.5,1,1,68291.0,Current,0,0,None,0.0,0
TCU-01731,Selebi-Phikwe,LO011,Education Loan,24,Student,1811.0,9700.0,12.4,48,257.0,9,7735.0,2024-09-14,0.1419,583,0,5.2,1,0,0.0,Late (30–89 days),39,1,None,2108.0,1
TCU-01732,Gaborone Main,LO015,Agriculture Loan,22,Student,2026.0,87700.0,14.67,60,2071.0,10,65619.0,2024-09-01,1.0222,651,1,1.9,0,0,0.0,Current,0,0,None,0.0,0
TCU-01733,Gaborone Main,LO020,Business Loan,52,Government Employee,11202.0,99200.0,8.72,60,2046.0,16,71650.0,2024-02-14,0.1826,751,4,10.6,1,1,240806.0,Current,0,0,None,0.0,0
TCU-01734,Selebi-Phikwe,LO004,Vehicle Loan,45,Pensioner,4994.0,172000.0,18.64,24,8640.0,8,102183.0,2024-10-23,1.7301,660,1,6.9,0,1,248285.0,Current,0,0,None,0.0,0
TCU-01735,Gaborone Main,LO011,Home Loan,55,Self-Employed,30948.0,169800.0,15.72,48,4788.0,11,117411.0,2024-07-27,0.1547,850,4,11.3,1,0,0.0,Current,0,0,None,0.0,0
TCU-01736,Maun,LO019,Vehicle Loan,67,Pensioner,5963.0,11500.0,22.89,84,276.0,10,9683.0,2024-08-22,0.0463,747,1,9.8,0,0,0.0,Current,0,0,None,0.0,0
TCU-01737,Lobatse,LO006,Business Loan,27,Government Employee,24503.0,42200.0,12.62,36,1414.0,1,40522.0,2025-05-06,0.0577,778,0,19.4,0,1,36994.0,Current,0,0,None,0.0,0
TCU-01738,Francistown,LO020,Vehicle Loan,35,Government Employee,8786.0,103700.0,10.91,60,2250.0,13,70532.0,2024-05-26,0.2561,628,1,6.4,0,1,240297.0,Current,0,0,None,0.0,0
TCU-01739,Gaborone Main,LO003,Agriculture Loan,62,Self-Employed,39613.0,468000.0,17.3,24,23206.0,9,249747.0,2024-09-23,0.5858,850,1,24.4,0,1,808615.0,Current,0,0,None,0.0,0
TCU-01740,Selebi-Phikwe,LO015,Agriculture Loan,40,Farmer,10484.0,141600.0,16.34,36,5002.0,7,103788.0,2024-11-06,0.4771,656,4,11.6,0,0,0.0,Early (1–29 days),19,1,None,0.0,0
TCU-01741,Francistown,LO017,Vehicle Loan,62,Self-Employed,22200.0,373000.0,22.53,12,35006.0,7,139923.0,2024-11-30,1.5768,850,1,17.3,1,1,657025.0,Late (30–89 days),88,1,None,25445.0,1
TCU-01742,Francistown,LO010,Agriculture Loan,32,Farmer,12935.0,190000.0,19.62,72,4509.0,12,145831.0,2024-06-18,0.3486,845,0,20.6,0,1,369048.0,Current,0,0,None,0.0,0
TCU-01743,Selebi-Phikwe,LO004,Personal Loan,49,Farmer,7241.0,102300.0,19.8,48,3102.0,15,65551.0,2024-03-30,0.4284,846,0,15.3,0,0,0.0,Current,0,0,None,0.0,0
TCU-01744,Maun,LO009,Education Loan,61,Private Sector,27459.0,14400.0,12.31,84,257.0,5,11681.0,2025-01-03,0.0094,850,4,18.8,0,0,0.0,Early (1–29 days),18,1,None,0.0,0
TCU-01745,Francistown,LO004,Education Loan,56,Private Sector,11942.0,64300.0,19.99,36,2389.0,2,55452.0,2025-04-25,0.2001,816,2,27.6,0,1,157410.0,Current,0,0,None,0.0,0
TCU-01746,Francistown,LO006,Personal Loan,22,Government Employee,9305.0,94600.0,14.19,12,8502.0,12,0.0,2024-01-07,0.9137,706,0,3.4,0,1,107015.0,Current,0,0,None,0.0,0
TCU-01747,Gaborone Main,LO010,Personal Loan,35,Student,3578.0,15200.0,9.21,24,696.0,14,5905.0,2024-05-05,0.1945,721,0,3.8,0,0,0.0,Current,0,0,None,0.0,0
TCU-01748,Maun,LO013,Education Loan,51,Farmer,11370.0,100800.0,19.2,72,2368.0,15,79216.0,2024-03-22,0.2083,736,0,10.6,2,1,210490.0,Current,0,0,None,0.0,0
TCU-01749,Lobatse,LO016,Personal Loan,38,Private Sector,14945.0,65800.0,16.14,48,1870.0,14,40411.0,2024-04-28,0.1251,802,2,16.8,0,1,112266.0,Current,0,0,None,0.0,0
TCU-01750,Francistown,LO017,Personal Loan,24,Pensioner,9166.0,212200.0,12.89,72,4247.0,14,149881.0,2024-04-26,0.4633,692,0,3.8,0,1,304914.0,Current,0,0,None,0.0,0
TCU-01751,Lobatse,LO008,Business Loan,66,Government Employee,19615.0,97500.0,15.49,24,4750.0,5,67318.0,2025-01-04,0.2422,850,0,3.8,0,0,0.0,Current,0,0,None,0.0,0
TCU-01752,Selebi-Phikwe,LO016,Agriculture Loan,35,Private Sector,6638.0,26200.0,15.41,12,2370.0,12,0.0,2024-04-25,0.357,601,4,14.3,1,1,53780.0,Late (30–89 days),50,1,Legal Notice,0.0,1
TCU-01753,Francistown,LO014,Vehicle Loan,47,Self-Employed,12419.0,30800.0,18.03,36,1114.0,15,16574.0,2024-03-26,0.0897,824,0,25.8,0,0,0.0,Current,0,0,None,0.0,0
TCU-01754,Gaborone Main,LO011,Personal Loan,39,Government Employee,15605.0,6300.0,12.52,36,211.0,12,3915.0,2024-06-16,0.0135,655,1,14.9,0,0,0.0,Current,0,0,None,0.0,0
TCU-01755,Gaborone Main,LO018,Agriculture Loan,25,Student,4041.0,127500.0,14.59,72,2668.0,8,110457.0,2024-10-28,0.6602,608,0,21.7,0,1,137421.0,Current,0,0,None,0.0,0
TCU-01756,Francistown,LO018,Business Loan,37,Student,3476.0,40500.0,22.57,24,2112.0,17,10680.0,2024-01-12,0.6076,725,0,5.2,1,1,61811.0,Early (1–29 days),29,1,None,0.0,0
TCU-01757,Gaborone Main,LO012,Personal Loan,61,Pensioner,5073.0,25000.0,9.53,48,628.0,8,20383.0,2024-10-06,0.1238,704,0,1.9,0,1,59914.0,Current,0,0,None,0.0,0
TCU-01758,Francistown,LO003,Business Loan,57,Farmer,13731.0,131000.0,9.37,72,2385.0,17,89681.0,2024-01-26,0.1737,811,0,20.7,2,1,251257.0,Late (30–89 days),37,1,Letter Sent,31316.0,1
TCU-01759,Selebi-Phikwe,LO016,Agriculture Loan,43,Student,2907.0,73400.0,17.56,36,2637.0,13,41745.0,2024-05-12,0.9071,659,1,17.3,1,1,96956.0,Defaulted,337,10,SMS Sent,30944.0,1
TCU-01760,Francistown,LO018,Personal Loan,30,Private Sector,12038.0,478800.0,13.23,60,10951.0,12,350889.0,2024-06-15,0.9097,745,1,10.0,0,1,885472.0,Current,0,0,None,0.0,0
TCU-01761,Lobatse,LO019,Education Loan,56,Self-Employed,21075.0,307500.0,16.23,48,8751.0,12,217459.0,2024-06-24,0.4152,850,1,10.5,0,0,0.0,Current,0,0,None,0.0,0
TCU-01762,Lobatse,LO017,Vehicle Loan,61,Private Sector,21983.0,255700.0,16.69,84,5180.0,5,214731.0,2025-01-28,0.2356,850,0,4.5,0,0,0.0,Current,0,0,None,0.0,0
TCU-01763,Francistown,LO008,Education Loan,65,Self-Employed,6788.0,111400.0,15.54,24,5430.0,12,51300.0,2024-06-08,0.7999,669,0,7.4,0,1,163059.0,Current,0,0,None,0.0,0
TCU-01764,Maun,LO002,Personal Loan,34,Private Sector,12283.0,50500.0,14.67,24,2441.0,9,31005.0,2024-09-18,0.1987,850,4,5.7,1,1,55108.0,Current,0,0,None,0.0,0
TCU-01765,Maun,LO015,Personal Loan,35,Private Sector,12799.0,103500.0,19.61,72,2456.0,7,82272.0,2024-11-09,0.1919,850,0,3.6,0,0,0.0,Current,0,0,None,0.0,0
TCU-01766,Francistown,LO003,Agriculture Loan,63,Self-Employed,23952.0,93900.0,18.19,36,3404.0,5,71612.0,2025-01-22,0.1421,820,0,11.3,0,1,231350.0,Current,0,0,None,0.0,0
TCU-01767,Selebi-Phikwe,LO010,Business Loan,33,Self-Employed,25119.0,495400.0,11.19,48,12850.0,11,343104.0,2024-07-28,0.5116,824,1,15.1,1,0,0.0,Early (1–29 days),15,1,None,0.0,0
TCU-01768,Maun,LO012,Agriculture Loan,42,Government Employee,9280.0,247500.0,15.94,60,6011.0,12,195547.0,2024-06-30,0.6477,664,3,1.9,2,0,0.0,Late (30–89 days),77,1,SMS Sent,68326.0,1
TCU-01769,Gaborone Main,LO005,Home Loan,68,Pensioner,6427.0,139400.0,20.01,60,3694.0,5,126629.0,2025-01-28,0.5748,720,4,19.3,2,0,0.0,Defaulted,305,12,None,72833.0,1
TCU-01770,Lobatse,LO014,Business Loan,23,Farmer,11999.0,305500.0,22.15,24,15871.0,16,94484.0,2024-03-06,1.3227,814,1,28.7,0,1,249050.0,Defaulted,226,10,Legal Notice,41345.0,1
TCU-01771,Gaborone Main,LO006,Home Loan,22,Government Employee,8038.0,62700.0,14.94,12,5657.0,9,15114.0,2024-09-17,0.7038,746,0,27.9,0,1,156220.0,Current,0,0,None,0.0,0
TCU-01772,Gaborone Main,LO018,Vehicle Loan,29,Private Sector,27326.0,352500.0,16.99,24,17427.0,5,238739.0,2025-01-15,0.6377,850,1,12.2,0,0,0.0,Current,0,0,None,0.0,0
TCU-01773,Gaborone Main,LO002,Agriculture Loan,38,Private Sector,7619.0,96900.0,10.61,48,2486.0,17,59217.0,2024-01-15,0.3263,719,0,25.4,2,1,238915.0,Current,0,0,None,0.0,0
TCU-01774,Lobatse,LO020,Home Loan,42,Student,3099.0,37100.0,15.27,84,722.0,1,35022.0,2025-05-16,0.233,739,1,5.5,0,1,61146.0,Current,0,0,None,0.0,0
TCU-01775,Selebi-Phikwe,LO015,Vehicle Loan,56,Private Sector,6381.0,94600.0,9.13,60,1970.0,10,74165.0,2024-08-11,0.3087,722,0,23.3,1,1,84634.0,Current,0,0,None,0.0,0
TCU-01776,Lobatse,LO012,Education Loan,23,Private Sector,21184.0,482100.0,15.1,12,43536.0,3,318809.0,2025-03-05,2.0551,740,0,14.3,2,1,784130.0,Late (30–89 days),35,1,Letter Sent,38943.0,1
TCU-01777,Francistown,LO005,Vehicle Loan,30,Farmer,6730.0,219600.0,16.66,84,4445.0,13,181566.0,2024-05-13,0.6605,655,1,29.5,0,1,326979.0,Current,0,0,None,0.0,0
TCU-01778,Selebi-Phikwe,LO019,Home Loan,37,Farmer,3457.0,87400.0,22.78,36,3373.0,7,64689.0,2024-11-26,0.9757,705,0,26.3,0,0,0.0,Late (30–89 days),88,1,Called,11810.0,1
TCU-01779,Lobatse,LO010,Vehicle Loan,32,Self-Employed,20487.0,321900.0,9.78,48,8130.0,7,265588.0,2024-11-28,0.3968,850,1,19.2,0,1,632730.0,Current,0,0,None,0.0,0
TCU-01780,Selebi-Phikwe,LO016,Home Loan,35,Pensioner,8072.0,249900.0,18.06,24,12483.0,16,81050.0,2024-03-02,1.5465,612,1,10.5,0,1,437940.0,Late (30–89 days),75,1,Letter Sent,27179.0,1
TCU-01781,Lobatse,LO011,Vehicle Loan,31,Farmer,13667.0,191100.0,13.78,72,3915.0,11,154029.0,2024-07-25,0.2865,701,2,10.3,0,1,254335.0,Early (1–29 days),2,1,None,0.0,0
TCU-01782,Francistown,LO001,Vehicle Loan,54,Self-Employed,32462.0,443100.0,9.68,60,9345.0,1,404708.0,2025-05-25,0.2879,850,0,4.7,0,1,617619.0,Current,0,0,None,0.0,0
TCU-01783,Gaborone Main,LO010,Personal Loan,66,Pensioner,8271.0,138100.0,20.97,84,3148.0,5,111338.0,2025-01-28,0.3806,775,2,20.5,0,0,0.0,Current,0,0,None,0.0,0
TCU-01784,Selebi-Phikwe,LO002,Agriculture Loan,37,Farmer,5169.0,41300.0,11.59,24,1936.0,2,37351.0,2025-04-27,0.3745,850,1,22.1,0,1,73787.0,Current,0,0,None,0.0,0
TCU-01785,Selebi-Phikwe,LO015,Vehicle Loan,48,Farmer,5882.0,122600.0,15.57,36,4284.0,6,92184.0,2024-12-31,0.7283,650,0,27.0,0,0,0.0,Current,0,0,None,0.0,0
TCU-01786,Gaborone Main,LO002,Business Loan,68,Government Employee,14491.0,91800.0,11.68,84,1605.0,16,69157.0,2024-02-20,0.1108,850,2,4.5,0,1,221103.0,Current,0,0,None,0.0,0
TCU-01787,Lobatse,LO011,Home Loan,26,Self-Employed,30882.0,14100.0,14.34,12,1268.0,3,9209.0,2025-03-18,0.0411,850,1,21.7,0,0,0.0,Current,0,0,None,0.0,0
TCU-01788,Francistown,LO004,Vehicle Loan,52,Farmer,14510.0,118300.0,23.83,72,3102.0,13,88989.0,2024-05-19,0.2138,795,3,26.8,0,1,211914.0,Current,0,0,None,0.0,0
TCU-01789,Francistown,LO002,Business Loan,32,Self-Employed,12240.0,477500.0,16.36,24,23462.0,2,402392.0,2025-04-09,1.9168,786,0,8.3,3,0,0.0,Late (30–89 days),86,2,Letter Sent,123751.0,1
TCU-01790,Maun,LO020,Education Loan,27,Farmer,3807.0,85300.0,13.36,84,1569.0,4,77056.0,2025-02-07,0.4121,685,0,9.3,0,1,102790.0,Early (1–29 days),12,1,None,0.0,0
TCU-01791,Francistown,LO017,Vehicle Loan,32,Self-Employed,21839.0,131500.0,22.3,84,3105.0,15,99951.0,2024-03-11,0.1422,770,1,23.1,0,0,0.0,Current,0,0,None,0.0,0
TCU-01792,Francistown,LO014,Vehicle Loan,61,Student,2001.0,27400.0,9.19,24,1254.0,1,25068.0,2025-05-30,0.6267,711,0,20.9,0,1,63856.0,Defaulted,343,6,Home Visit,13071.0,1
TCU-01793,Francistown,LO004,Vehicle Loan,24,Student,1842.0,5800.0,16.05,60,141.0,13,4408.0,2024-05-10,0.0765,620,0,14.7,1,1,7485.0,Current,0,0,None,0.0,0
TCU-01794,Lobatse,LO013,Vehicle Loan,34,Private Sector,22494.0,460600.0,23.37,72,11951.0,16,327233.0,2024-02-23,0.5313,789,3,15.9,0,1,950041.0,Current,0,0,None,0.0,0
TCU-01795,Gaborone Main,LO014,Vehicle Loan,65,Farmer,9716.0,100100.0,9.17,24,4581.0,3,86723.0,2025-03-06,0.4715,786,1,10.6,2,1,198451.0,Defaulted,126,6,Letter Sent,42769.0,1
TCU-01796,Francistown,LO005,Home Loan,48,Private Sector,27751.0,257800.0,14.28,60,6036.0,4,206953.0,2025-02-17,0.2175,850,0,28.5,0,1,454956.0,Current,0,0,None,0.0,0
TCU-01797,Lobatse,LO016,Education Loan,66,Farmer,6650.0,148300.0,16.37,60,3636.0,4,133005.0,2025-02-22,0.5468,808,0,10.8,0,1,297291.0,Current,0,0,None,0.0,0
TCU-01798,Lobatse,LO003,Vehicle Loan,33,Self-Employed,13016.0,251000.0,10.58,36,8168.0,4,209270.0,2025-02-19,0.6275,784,2,0.8,0,1,246849.0,Current,0,0,None,0.0,0
TCU-01799,Selebi-Phikwe,LO001,Education Loan,49,Private Sector,14708.0,293100.0,8.57,84,4652.0,13,217036.0,2024-06-02,0.3163,839,1,6.6,1,1,420690.0,Current,0,0,None,0.0,0
TCU-01800,Gaborone Main,LO001,Home Loan,55,Self-Employed,35675.0,356400.0,11.86,72,6942.0,12,273334.0,2024-06-12,0.1946,850,0,22.7,0,1,714961.0,Current,0,0,None,0.0,0
TCU-01801,Francistown,LO011,Vehicle Loan,42,Private Sector,7941.0,177300.0,10.84,24,8250.0,18,42242.0,2024-01-04,1.0389,618,2,17.7,0,0,0.0,Current,0,0,None,0.0,0
TCU-01802,Gaborone Main,LO004,Personal Loan,34,Student,3796.0,52900.0,15.73,84,1043.0,17,40989.0,2024-01-31,0.2748,710,0,12.0,0,1,100858.0,Current,0,0,None,0.0,0
TCU-01803,Francistown,LO006,Vehicle Loan,26,Student,4831.0,61600.0,13.71,24,2949.0,11,33252.0,2024-07-24,0.6104,637,0,20.1,0,0,0.0,Current,0,0,None,0.0,0
TCU-01804,Francistown,LO004,Agriculture Loan,62,Student,2203.0,62500.0,10.46,72,1172.0,2,60334.0,2025-04-03,0.532,703,0,13.8,0,0,0.0,Defaulted,217,3,Legal Notice,34156.0,1
TCU-01805,Gaborone Main,LO015,Personal Loan,51,Pensioner,4755.0,84200.0,10.85,84,1435.0,8,73844.0,2024-10-26,0.3018,649,0,21.8,2,1,139329.0,Late (30–89 days),75,1,Letter Sent,13440.0,1
TCU-01806,Selebi-Phikwe,LO016,Vehicle Loan,59,Farmer,6219.0,40800.0,9.82,84,674.0,6,34706.0,2024-12-26,0.1084,693,2,4.6,2,1,41926.0,Current,0,0,None,0.0,0
TCU-01807,Maun,LO009,Agriculture Loan,58,Student,4751.0,8900.0,21.79,24,461.0,7,5890.0,2024-11-08,0.097,710,0,25.6,1,0,0.0,Current,0,0,None,0.0,0
TCU-01808,Gaborone Main,LO008,Education Loan,48,Farmer,9433.0,165400.0,8.76,72,2962.0,17,120795.0,2024-02-04,0.314,850,1,3.2,0,1,244870.0,Current,0,0,None,0.0,0
TCU-01809,Maun,LO019,Business Loan,58,Student,2843.0,8600.0,20.59,12,799.0,12,0.0,2024-06-06,0.281,758,1,10.2,0,1,14644.0,Current,0,0,None,0.0,0
TCU-01810,Francistown,LO001,Business Loan,22,Student,4742.0,100500.0,17.01,12,9167.0,12,0.0,2024-06-10,1.9332,658,3,18.7,0,1,247577.0,Current,0,0,None,0.0,0
TCU-01811,Maun,LO009,Education Loan,50,Private Sector,11371.0,184000.0,15.99,48,5214.0,14,122109.0,2024-04-13,0.4585,751,1,10.1,1,0,0.0,Current,0,0,None,0.0,0
TCU-01812,Maun,LO013,Vehicle Loan,24,Self-Employed,11244.0,94800.0,19.75,12,8770.0,6,42214.0,2024-12-15,0.78,664,1,16.7,0,0,0.0,Current,0,0,None,0.0,0
TCU-01813,Selebi-Phikwe,LO018,Personal Loan,55,Pensioner,4349.0,20400.0,9.97,60,433.0,12,14906.0,2024-06-29,0.0996,732,0,15.1,0,1,17453.0,Early (1–29 days),3,1,None,0.0,0
TCU-01814,Gaborone Main,LO011,Education Loan,40,Farmer,12450.0,11400.0,8.9,60,236.0,16,8318.0,2024-02-26,0.019,739,3,13.8,0,0,0.0,Current,0,0,None,0.0,0
TCU-01815,Maun,LO016,Home Loan,36,Student,2354.0,37800.0,21.21,72,932.0,17,26945.0,2024-02-03,0.3959,644,1,9.9,0,1,63891.0,Early (1–29 days),10,1,None,0.0,0
TCU-01816,Lobatse,LO009,Agriculture Loan,30,Student,4275.0,51200.0,10.11,60,1091.0,16,33020.0,2024-02-12,0.2552,699,0,9.4,1,0,0.0,Early (1–29 days),6,1,None,0.0,0
TCU-01817,Selebi-Phikwe,LO020,Education Loan,42,Pensioner,8430.0,205500.0,12.04,84,3632.0,13,154075.0,2024-05-22,0.4308,661,1,14.3,1,1,385453.0,Current,0,0,None,0.0,0
TCU-01818,Francistown,LO010,Personal Loan,42,Government Employee,19010.0,410000.0,15.79,24,20034.0,2,335625.0,2025-04-17,1.0539,812,1,19.7,0,1,464997.0,Current,0,0,None,0.0,0
TCU-01819,Lobatse,LO015,Agriculture Loan,35,Student,1530.0,18200.0,16.4,12,1655.0,2,13170.0,2025-04-28,1.0817,711,1,4.0,0,0,0.0,Defaulted,330,11,Letter Sent,7727.0,1
TCU-01820,Selebi-Phikwe,LO015,Vehicle Loan,50,Farmer,3858.0,47400.0,22.04,72,1192.0,13,37462.0,2024-05-18,0.309,663,3,2.2,0,0,0.0,Current,0,0,None,0.0,0
TCU-01821,Lobatse,LO020,Business Loan,24,Self-Employed,12576.0,108600.0,8.7,48,2687.0,1,98839.0,2025-05-15,0.2137,823,0,22.9,0,0,0.0,Current,0,0,None,0.0,0
TCU-01822,Selebi-Phikwe,LO010,Education Loan,26,Private Sector,26197.0,133100.0,14.13,72,2752.0,7,107838.0,2024-11-12,0.1051,850,1,23.1,0,0,0.0,Current,0,0,None,0.0,0
TCU-01823,Francistown,LO011,Business Loan,55,Pensioner,8322.0,280900.0,17.39,12,25671.0,12,0.0,2024-04-25,3.0847,730,3,24.7,0,1,651228.0,Late (30–89 days),52,1,Home Visit,0.0,1
TCU-01824,Selebi-Phikwe,LO016,Personal Loan,40,Student,3772.0,25000.0,21.92,60,689.0,17,17838.0,2024-01-10,0.1827,694,1,15.4,0,1,44773.0,Early (1–29 days),25,1,None,0.0,0
TCU-01825,Lobatse,LO014,Personal Loan,53,Self-Employed,12950.0,335000.0,22.45,48,10637.0,11,246150.0,2024-07-26,0.8214,850,1,7.7,0,0,0.0,Current,0,0,None,0.0,0
TCU-01826,Maun,LO011,Agriculture Loan,43,Government Employee,15999.0,474200.0,10.57,24,22007.0,17,134655.0,2024-01-08,1.3755,719,0,5.4,0,0,0.0,Late (30–89 days),35,2,Legal Notice,17172.0,1
TCU-01827,Francistown,LO017,Agriculture Loan,64,Farmer,7534.0,330100.0,12.39,48,8756.0,12,245818.0,2024-07-03,1.1622,844,0,20.7,0,0,0.0,Current,0,0,None,0.0,0
TCU-01828,Selebi-Phikwe,LO017,Personal Loan,66,Private Sector,19699.0,459400.0,20.85,24,23573.0,12,220187.0,2024-07-02,1.1967,850,4,3.2,1,0,0.0,Late (30–89 days),38,1,Home Visit,69746.0,1
TCU-01829,Francistown,LO019,Home Loan,33,Self-Employed,35231.0,253400.0,12.76,36,8509.0,8,169430.0,2024-10-11,0.2415,850,1,16.1,2,1,315274.0,Defaulted,208,8,SMS Sent,98448.0,1
TCU-01830,Lobatse,LO005,Vehicle Loan,34,Private Sector,17396.0,128600.0,17.99,36,4649.0,2,113796.0,2025-04-02,0.2672,789,2,28.6,0,1,283967.0,Current,0,0,None,0.0,0
TCU-01831,Francistown,LO012,Personal Loan,27,Private Sector,18588.0,185100.0,22.56,36,7123.0,5,142468.0,2025-01-30,0.3832,760,0,20.7,0,0,0.0,Current,0,0,None,0.0,0
TCU-01832,Selebi-Phikwe,LO006,Education Loan,45,Pensioner,7588.0,81400.0,15.74,72,1754.0,10,63712.0,2024-08-06,0.2312,686,0,6.5,0,0,0.0,Current,0,0,None,0.0,0
TCU-01833,Lobatse,LO001,Business Loan,47,Private Sector,28672.0,205600.0,17.93,60,5213.0,8,172384.0,2024-10-17,0.1818,850,0,3.2,1,1,462702.0,Current,0,0,None,0.0,0
TCU-01834,Gaborone Main,LO004,Vehicle Loan,36,Government Employee,15005.0,218600.0,23.76,24,11531.0,8,131805.0,2024-10-07,0.7685,735,0,2.6,1,1,297994.0,Current,0,0,None,0.0,0
TCU-01835,Lobatse,LO012,Personal Loan,31,Private Sector,24331.0,5700.0,13.34,48,154.0,15,3352.0,2024-03-22,0.0063,849,2,22.3,1,1,8334.0,Defaulted,304,12,SMS Sent,1367.0,1
TCU-01836,Lobatse,LO011,Business Loan,50,Self-Employed,22400.0,57400.0,21.25,48,1785.0,13,41236.0,2024-05-17,0.0797,777,0,28.9,0,0,0.0,Current,0,0,None,0.0,0
TCU-01837,Gaborone Main,LO014,Home Loan,36,Private Sector,7343.0,93900.0,10.87,24,4371.0,11,45877.0,2024-07-18,0.5953,695,0,2.7,0,0,0.0,Current,0,0,None,0.0,0
TCU-01838,Francistown,LO008,Agriculture Loan,45,Government Employee,19199.0,321200.0,20.11,84,7154.0,3,283420.0,2025-03-11,0.3726,721,0,16.5,0,1,365731.0,Current,0,0,None,0.0,0
TCU-01839,Maun,LO009,Agriculture Loan,58,Self-Employed,33174.0,460000.0,21.93,72,11539.0,12,342664.0,2024-06-18,0.3478,850,0,23.6,0,0,0.0,Current,0,0,None,0.0,0
TCU-01840,Lobatse,LO012,Business Loan,25,Pensioner,4664.0,54000.0,8.56,84,857.0,12,42238.0,2024-06-10,0.1837,615,1,10.4,0,1,48437.0,Current,0,0,None,0.0,0
TCU-01841,Francistown,LO020,Home Loan,60,Government Employee,12056.0,243100.0,20.13,36,9051.0,16,129826.0,2024-02-16,0.7507,818,0,5.0,3,0,0.0,Late (30–89 days),33,1,Home Visit,28621.0,1
TCU-01842,Francistown,LO020,Education Loan,44,Self-Employed,25307.0,326300.0,20.24,72,7861.0,17,219013.0,2024-01-20,0.3106,850,4,15.9,0,0,0.0,Current,0,0,None,0.0,0
TCU-01843,Gaborone Main,LO017,Home Loan,30,Pensioner,8873.0,16900.0,21.36,72,418.0,1,15817.0,2025-05-22,0.0471,697,0,16.9,2,1,18415.0,Defaulted,116,10,Letter Sent,8129.0,1
TCU-01844,Francistown,LO019,Personal Loan,52,Pensioner,8151.0,117000.0,12.4,72,2312.0,17,76365.0,2024-01-11,0.2836,753,2,11.0,0,0,0.0,Current,0,0,None,0.0,0
TCU-01845,Selebi-Phikwe,LO007,Vehicle Loan,43,Student,2528.0,24200.0,14.34,12,2177.0,3,15795.0,2025-03-29,0.8612,591,2,25.6,1,1,25448.0,Late (30–89 days),42,2,Called,3620.0,1
TCU-01846,Francistown,LO012,Business Loan,54,Student,4267.0,93100.0,12.87,36,3131.0,10,63012.0,2024-08-09,0.7338,766,2,4.0,0,1,197006.0,Current,0,0,None,0.0,0
TCU-01847,Selebi-Phikwe,LO018,Home Loan,66,Farmer,14366.0,112400.0,19.98,48,3419.0,11,78849.0,2024-07-20,0.238,765,0,25.1,0,1,136564.0,Current,0,0,None,0.0,0
TCU-01848,Lobatse,LO008,Personal Loan,54,Private Sector,11021.0,371700.0,12.23,36,12387.0,13,228231.0,2024-05-18,1.1239,764,3,12.2,0,1,515821.0,Defaulted,329,6,SMS Sent,121105.0,1
TCU-01849,Maun,LO020,Education Loan,27,Government Employee,16310.0,230400.0,13.6,72,4698.0,1,199994.0,2025-05-16,0.288,817,1,8.6,0,0,0.0,Current,0,0,None,0.0,0
TCU-01850,Maun,LO013,Home Loan,60,Self-Employed,24699.0,120300.0,14.47,84,2286.0,17,91108.0,2024-02-02,0.0926,850,2,7.9,0,1,279689.0,Current,0,0,None,0.0,0
TCU-01851,Gaborone Main,LO010,Personal Loan,25,Pensioner,8235.0,218100.0,15.15,72,4630.0,8,190680.0,2024-10-11,0.5622,804,3,24.3,2,1,468498.0,Early (1–29 days),24,1,None,0.0,0
TCU-01852,Lobatse,LO004,Vehicle Loan,49,Pensioner,5922.0,43100.0,12.33,84,768.0,15,30723.0,2024-03-12,0.1297,736,0,25.8,0,0,0.0,Current,0,0,None,0.0,0
TCU-01853,Maun,LO016,Agriculture Loan,31,Farmer,4918.0,116400.0,10.73,84,1977.0,14,84869.0,2024-04-30,0.402,590,1,16.3,0,0,0.0,Current,0,0,None,0.0,0
TCU-01854,Gaborone Main,LO017,Home Loan,61,Farmer,4199.0,107000.0,17.18,36,3824.0,5,80990.0,2025-01-11,0.9107,724,2,2.3,1,1,249165.0,Defaulted,361,8,Home Visit,45823.0,1
TCU-01855,Selebi-Phikwe,LO004,Vehicle Loan,53,Government Employee,20773.0,131400.0,19.5,84,2878.0,14,97526.0,2024-04-07,0.1385,850,2,8.5,1,1,115202.0,Current,0,0,None,0.0,0
TCU-01856,Maun,LO002,Vehicle Loan,68,Farmer,12225.0,70000.0,14.87,72,1475.0,12,51127.0,2024-06-14,0.1207,819,1,20.0,0,0,0.0,Current,0,0,None,0.0,0
TCU-01857,Selebi-Phikwe,LO019,Agriculture Loan,38,Pensioner,7595.0,129100.0,20.85,72,3156.0,1,121381.0,2025-05-06,0.4155,731,2,10.0,0,0,0.0,Current,0,0,None,0.0,0
TCU-01858,Francistown,LO016,Personal Loan,57,Student,4686.0,67200.0,23.6,72,1753.0,13,49736.0,2024-05-26,0.3741,660,2,2.1,0,0,0.0,Current,0,0,None,0.0,0
TCU-01859,Gaborone Main,LO016,Home Loan,47,Government Employee,23783.0,132300.0,23.43,24,6957.0,6,89953.0,2024-12-24,0.2925,850,0,27.1,0,1,216991.0,Current,0,0,None,0.0,0
TCU-01860,Francistown,LO015,Education Loan,50,Government Employee,24879.0,237000.0,15.31,24,11526.0,7,142927.0,2024-11-29,0.4633,850,3,23.0,0,0,0.0,Current,0,0,None,0.0,0
TCU-01861,Francistown,LO017,Education Loan,66,Self-Employed,26647.0,361000.0,15.66,24,17617.0,12,176390.0,2024-06-20,0.6611,850,0,7.8,0,0,0.0,Current,0,0,None,0.0,0
TCU-01862,Maun,LO016,Business Loan,41,Farmer,7026.0,31300.0,21.01,60,847.0,12,24969.0,2024-06-10,0.1206,720,0,6.5,0,1,73357.0,Current,0,0,None,0.0,0
TCU-01863,Selebi-Phikwe,LO003,Business Loan,64,Private Sector,12177.0,395700.0,15.8,12,35865.0,12,0.0,2024-05-18,2.9453,808,2,13.2,0,1,533820.0,Late (30–89 days),77,1,None,0.0,1
TCU-01864,Selebi-Phikwe,LO019,Home Loan,63,Government Employee,11761.0,43500.0,23.48,72,1132.0,3,41147.0,2025-03-20,0.0963,779,1,20.1,0,0,0.0,Early (1–29 days),11,1,None,0.0,0
TCU-01865,Francistown,LO004,Business Loan,50,Private Sector,15076.0,429300.0,20.24,72,10343.0,5,357338.0,2025-01-29,0.6861,778,1,9.8,0,1,879904.0,Early (1–29 days),6,1,None,0.0,0
TCU-01866,Gaborone Main,LO018,Vehicle Loan,61,Self-Employed,23138.0,137100.0,9.94,84,2272.0,11,107417.0,2024-07-14,0.0982,850,1,17.7,1,0,0.0,Current,0,0,None,0.0,0
TCU-01867,Selebi-Phikwe,LO020,Business Loan,42,Pensioner,9246.0,86000.0,9.04,72,1552.0,11,65590.0,2024-07-10,0.1679,700,1,23.0,0,0,0.0,Current,0,0,None,0.0,0
TCU-01868,Lobatse,LO009,Education Loan,34,Farmer,7015.0,99100.0,15.54,24,4830.0,9,59756.0,2024-09-30,0.6885,741,0,26.1,0,1,90422.0,Current,0,0,None,0.0,0
TCU-01869,Selebi-Phikwe,LO003,Vehicle Loan,34,Self-Employed,13980.0,117700.0,23.05,84,2834.0,3,109581.0,2025-03-17,0.2027,764,0,20.4,0,0,0.0,Current,0,0,None,0.0,0
TCU-01870,Maun,LO017,Agriculture Loan,22,Government Employee,9838.0,146400.0,18.04,60,3721.0,8,108677.0,2024-10-06,0.3782,808,2,18.2,3,1,228478.0,Late (30–89 days),72,1,Home Visit,32861.0,1
TCU-01871,Selebi-Phikwe,LO020,Business Loan,54,Government Employee,8141.0,87500.0,13.52,60,2014.0,17,56403.0,2024-01-13,0.2474,643,0,4.1,0,1,175969.0,Current,0,0,None,0.0,0
TCU-01872,Gaborone Main,LO011,Vehicle Loan,29,Student,4933.0,66500.0,18.44,72,1533.0,3,61916.0,2025-03-18,0.3108,514,1,1.6,0,1,79870.0,Defaulted,300,9,Home Visit,40603.0,1
TCU-01873,Gaborone Main,LO006,Home Loan,23,Private Sector,27737.0,415600.0,20.52,24,21258.0,14,151063.0,2024-04-27,0.7664,841,1,26.0,0,1,655386.0,Current,0,0,None,0.0,0
TCU-01874,Maun,LO020,Personal Loan,38,Pensioner,9083.0,204200.0,10.8,24,9498.0,10,102661.0,2024-08-17,1.0457,633,2,22.5,0,0,0.0,Current,0,0,None,0.0,0
TCU-01875,Maun,LO016,Education Loan,48,Farmer,10581.0,62800.0,17.41,36,2252.0,16,31242.0,2024-02-28,0.2128,827,2,9.1,0,1,54453.0,Current,0,0,None,0.0,0
TCU-01876,Francistown,LO005,Business Loan,58,Self-Employed,34493.0,440800.0,23.89,72,11575.0,1,394614.0,2025-05-15,0.3356,850,0,6.0,0,1,1001891.0,Current,0,0,None,0.0,0
TCU-01877,Maun,LO018,Vehicle Loan,53,Self-Employed,8269.0,222500.0,21.76,24,11517.0,9,124717.0,2024-09-08,1.3928,815,0,19.2,2,0,0.0,Late (30–89 days),63,2,Legal Notice,30075.0,1
TCU-01878,Francistown,LO001,Vehicle Loan,29,Pensioner,7671.0,121500.0,11.26,72,2329.0,4,111484.0,2025-02-28,0.3036,674,4,13.3,0,1,208504.0,Current,0,0,None,0.0,0
TCU-01879,Lobatse,LO007,Education Loan,38,Government Employee,20572.0,499700.0,23.46,72,12992.0,2,473797.0,2025-04-26,0.6315,850,0,27.2,1,0,0.0,Early (1–29 days),28,1,None,0.0,0
TCU-01880,Gaborone Main,LO001,Vehicle Loan,51,Farmer,4559.0,90300.0,8.77,72,1617.0,5,79750.0,2025-01-30,0.3547,609,1,8.4,0,1,105022.0,Current,0,0,None,0.0,0
TCU-01881,Lobatse,LO003,Personal Loan,66,Private Sector,23832.0,110100.0,19.35,84,2402.0,3,103588.0,2025-03-17,0.1008,850,3,19.3,2,1,179111.0,Current,0,0,None,0.0,0
TCU-01882,Gaborone Main,LO003,Agriculture Loan,30,Government Employee,22832.0,277900.0,16.39,24,13659.0,2,248864.0,2025-04-24,0.5982,688,0,1.0,0,1,443784.0,Current,0,0,None,0.0,0
TCU-01883,Maun,LO005,Business Loan,36,Private Sector,13788.0,432300.0,10.51,36,14053.0,13,249681.0,2024-05-11,1.0192,771,2,14.0,0,1,595031.0,Late (30–89 days),81,2,SMS Sent,36622.0,1
TCU-01884,Maun,LO014,Personal Loan,40,Pensioner,5364.0,75400.0,17.53,48,2196.0,1,68757.0,2025-05-15,0.4094,621,1,9.3,1,1,156209.0,Current,0,0,None,0.0,0
TCU-01885,Lobatse,LO018,Business Loan,62,Student,2790.0,51900.0,15.43,48,1456.0,16,33980.0,2024-02-27,0.5219,576,2,20.6,0,1,53061.0,Late (30–89 days),89,2,SMS Sent,6036.0,1
TCU-01886,Selebi-Phikwe,LO019,Home Loan,48,Student,2940.0,91900.0,16.64,84,1859.0,15,70052.0,2024-03-10,0.6323,613,2,15.7,0,0,0.0,Late (30–89 days),44,2,Letter Sent,17835.0,1
TCU-01887,Lobatse,LO005,Agriculture Loan,62,Self-Employed,39005.0,282300.0,20.1,24,14382.0,10,163510.0,2024-08-23,0.3687,850,0,8.8,0,1,428611.0,Current,0,0,None,0.0,0
TCU-01888,Maun,LO010,Education Loan,59,Farmer,14324.0,341100.0,17.34,72,7653.0,1,313858.0,2025-05-05,0.5343,850,1,24.4,1,1,591890.0,Late (30–89 days),31,1,Called,89634.0,1
TCU-01889,Selebi-Phikwe,LO020,Personal Loan,54,Farmer,7741.0,62000.0,13.51,36,2104.0,14,33645.0,2024-04-20,0.2718,654,0,21.1,0,0,0.0,Early (1–29 days),17,1,None,0.0,0
TCU-01890,Maun,LO012,Education Loan,22,Government Employee,19809.0,140100.0,18.71,48,4168.0,8,114588.0,2024-10-27,0.2104,748,2,17.9,0,1,269089.0,Current,0,0,None,0.0,0
TCU-01891,Gaborone Main,LO015,Personal Loan,24,Self-Employed,25108.0,149900.0,11.29,24,7007.0,9,82525.0,2024-09-19,0.2791,850,3,14.2,0,0,0.0,Current,0,0,None,0.0,0
TCU-01892,Maun,LO018,Vehicle Loan,30,Farmer,6872.0,14000.0,13.14,72,282.0,3,12610.0,2025-03-24,0.041,665,0,14.4,0,0,0.0,Current,0,0,None,0.0,0
TCU-01893,Lobatse,LO020,Personal Loan,48,Government Employee,16183.0,140300.0,22.25,48,4439.0,1,133926.0,2025-05-24,0.2743,808,2,27.5,0,1,335422.0,Current,0,0,None,0.0,0
TCU-01894,Francistown,LO002,Business Loan,54,Student,2038.0,34000.0,23.83,60,975.0,5,29835.0,2025-01-15,0.4784,718,3,10.1,0,0,0.0,Late (30–89 days),76,1,Legal Notice,6523.0,1
TCU-01895,Gaborone Main,LO016,Business Loan,27,Student,3329.0,41800.0,21.08,84,956.0,5,34996.0,2025-01-30,0.2872,628,4,2.6,0,1,76743.0,Current,0,0,None,0.0,0
TCU-01896,Gaborone Main,LO019,Vehicle Loan,64,Private Sector,10225.0,213300.0,14.61,36,7353.0,9,141329.0,2024-09-18,0.7191,687,3,1.6,0,0,0.0,Late (30–89 days),55,1,SMS Sent,49424.0,1
TCU-01897,Francistown,LO013,Business Loan,63,Farmer,11532.0,185700.0,14.06,12,16679.0,4,110039.0,2025-02-02,1.4463,734,2,28.8,1,0,0.0,Current,0,0,None,0.0,0
TCU-01898,Maun,LO007,Agriculture Loan,27,Private Sector,23507.0,496800.0,18.28,60,12691.0,4,419507.0,2025-03-01,0.5399,850,0,27.7,2,0,0.0,Current,0,0,None,0.0,0
TCU-01899,Selebi-Phikwe,LO002,Home Loan,50,Farmer,7327.0,133200.0,20.44,48,4085.0,15,91378.0,2024-04-01,0.5575,682,0,23.1,2,1,265929.0,Current,0,0,None,0.0,0
TCU-01900,Francistown,LO019,Business Loan,25,Student,2259.0,13200.0,23.7,48,428.0,11,9368.0,2024-07-18,0.1895,502,0,1.1,0,1,22790.0,Late (30–89 days),61,2,Called,1133.0,1
TCU-01901,Lobatse,LO009,Business Loan,60,Government Employee,19907.0,36200.0,17.65,84,753.0,4,33198.0,2025-02-27,0.0378,787,3,10.4,0,1,71590.0,Current,0,0,None,0.0,0
TCU-01902,Gaborone Main,LO014,Business Loan,57,Farmer,3069.0,86000.0,16.98,84,1756.0,12,69384.0,2024-06-30,0.5722,715,0,7.4,2,1,132957.0,Late (30–89 days),76,1,Legal Notice,13023.0,1
TCU-01903,Maun,LO016,Business Loan,63,Farmer,7926.0,242800.0,16.23,48,6910.0,8,192497.0,2024-10-10,0.8718,732,0,15.8,0,1,592514.0,Current,0,0,None,0.0,0
TCU-01904,Lobatse,LO002,Education Loan,25,Pensioner,6881.0,60100.0,23.0,36,2326.0,17,30517.0,2024-01-27,0.338,734,0,3.8,0,1,59203.0,Current,0,0,None,0.0,0
TCU-01905,Lobatse,LO016,Home Loan,48,Farmer,6044.0,100400.0,15.42,84,1961.0,3,87766.0,2025-03-13,0.3245,763,0,23.0,0,1,131584.0,Current,0,0,None,0.0,0
TCU-01906,Selebi-Phikwe,LO019,Business Loan,36,Private Sector,9749.0,292800.0,22.76,24,15300.0,1,243327.0,2025-05-29,1.5694,633,3,10.7,0,1,337145.0,Late (30–89 days),48,2,Called,27391.0,1
TCU-01907,Maun,LO001,Home Loan,29,Pensioner,9450.0,56900.0,20.15,12,5275.0,1,51097.0,2025-05-04,0.5582,668,1,8.5,2,1,68372.0,Current,0,0,None,0.0,0
TCU-01908,Gaborone Main,LO020,Education Loan,42,Pensioner,4559.0,88900.0,19.67,48,2690.0,3,75403.0,2025-03-22,0.59,636,1,19.5,0,1,192967.0,Current,0,0,None,0.0,0
TCU-01909,Selebi-Phikwe,LO004,Business Loan,63,Self-Employed,8076.0,152500.0,23.37,36,5933.0,4,116534.0,2025-02-03,0.7346,656,0,10.5,0,1,193985.0,Current,0,0,None,0.0,0
TCU-01910,Lobatse,LO015,Vehicle Loan,54,Self-Employed,17291.0,41000.0,21.79,60,1127.0,15,30417.0,2024-03-24,0.0652,850,2,25.1,0,1,74106.0,Current,0,0,None,0.0,0
TCU-01911,Lobatse,LO002,Agriculture Loan,68,Private Sector,24695.0,165200.0,8.69,36,5230.0,6,132286.0,2024-12-25,0.2118,850,1,8.9,0,0,0.0,Current,0,0,None,0.0,0
TCU-01912,Francistown,LO016,Personal Loan,40,Farmer,14768.0,68800.0,23.03,12,6473.0,4,41300.0,2025-02-20,0.4383,805,0,26.4,0,0,0.0,Current,0,0,None,0.0,0
TCU-01913,Lobatse,LO001,Education Loan,59,Student,2886.0,62400.0,19.82,12,5775.0,4,41077.0,2025-02-17,2.001,626,2,10.1,0,0,0.0,Late (30–89 days),80,2,Home Visit,14215.0,1
TCU-01914,Gaborone Main,LO019,Vehicle Loan,49,Private Sector,16936.0,407400.0,19.73,84,8981.0,3,383748.0,2025-03-23,0.5303,811,1,17.3,0,0,0.0,Current,0,0,None,0.0,0
TCU-01915,Maun,LO009,Home Loan,22,Government Employee,19250.0,74500.0,14.7,60,1761.0,17,50879.0,2024-01-28,0.0915,850,0,5.9,2,1,78308.0,Current,0,0,None,0.0,0
TCU-01916,Lobatse,LO010,Agriculture Loan,23,Self-Employed,6823.0,86600.0,9.55,48,2178.0,7,65131.0,2024-11-23,0.3192,677,1,23.2,1,0,0.0,Current,0,0,None,0.0,0
TCU-01917,Lobatse,LO018,Vehicle Loan,27,Student,3847.0,123900.0,13.21,48,3337.0,6,103726.0,2024-12-03,0.8674,657,2,11.3,1,1,231113.0,Defaulted,357,6,Letter Sent,82119.0,1
TCU-01918,Gaborone Main,LO012,Personal Loan,24,Farmer,12570.0,207300.0,14.94,24,10045.0,16,66814.0,2024-03-07,0.7991,638,1,9.9,0,0,0.0,Current,0,0,None,0.0,0
TCU-01919,Francistown,LO015,Education Loan,55,Self-Employed,35587.0,82000.0,12.98,72,1645.0,12,61263.0,2024-06-23,0.0462,850,0,26.2,0,1,70526.0,Current,0,0,None,0.0,0
TCU-01920,Maun,LO017,Business Loan,48,Pensioner,9867.0,251800.0,16.5,12,22906.0,3,173073.0,2025-03-09,2.3215,778,0,12.1,0,1,601380.0,Late (30–89 days),89,2,Home Visit,41716.0,1
TCU-01921,Maun,LO010,Personal Loan,37,Student,4338.0,77100.0,18.4,48,2281.0,1,74364.0,2025-05-07,0.5258,785,0,5.8,0,0,0.0,Current,0,0,None,0.0,0
TCU-01922,Lobatse,LO011,Home Loan,26,Government Employee,16986.0,104800.0,16.31,84,2100.0,5,95371.0,2025-01-03,0.1236,850,1,1.9,0,1,104175.0,Early (1–29 days),15,1,None,0.0,0
TCU-01923,Francistown,LO004,Vehicle Loan,41,Pensioner,6274.0,27400.0,20.38,84,615.0,14,19703.0,2024-04-27,0.098,644,4,3.1,0,1,34752.0,Early (1–29 days),28,1,None,0.0,0
TCU-01924,Lobatse,LO010,Personal Loan,41,Self-Employed,38163.0,73200.0,18.21,12,6718.0,4,47879.0,2025-02-19,0.176,850,1,20.6,2,1,134093.0,Late (30–89 days),57,2,None,13635.0,1
TCU-01925,Francistown,LO013,Business Loan,54,Government Employee,17561.0,229500.0,22.0,36,8765.0,5,177622.0,2025-01-06,0.4991,740,1,16.0,0,1,488833.0,Current,0,0,None,0.0,0
TCU-01926,Lobatse,LO014,Vehicle Loan,38,Self-Employed,29285.0,22400.0,9.13,12,1960.0,9,5060.0,2024-09-23,0.0669,850,1,28.5,0,1,54968.0,Current,0,0,None,0.0,0
TCU-01927,Francistown,LO011,Personal Loan,48,Farmer,6619.0,94700.0,19.95,12,8770.0,1,86095.0,2025-05-29,1.325,735,0,17.9,3,0,0.0,Current,0,0,None,0.0,0
TCU-01928,Gaborone Main,LO008,Agriculture Loan,28,Private Sector,19094.0,57700.0,11.3,12,5108.0,5,28885.0,2025-01-08,0.2675,850,0,10.1,2,1,61213.0,Late (30–89 days),85,2,SMS Sent,4470.0,1
TCU-01929,Selebi-Phikwe,LO019,Education Loan,30,Farmer,8429.0,133700.0,20.69,60,3594.0,6,119028.0,2024-12-29,0.4264,722,3,14.9,0,0,0.0,Current,0,0,None,0.0,0
TCU-01930,Selebi-Phikwe,LO008,Agriculture Loan,50,Government Employee,11748.0,358500.0,9.96,48,9086.0,16,235193.0,2024-02-07,0.7734,690,0,28.2,1,1,840321.0,Late (30–89 days),56,2,Letter Sent,25688.0,1
TCU-01931,Maun,LO006,Vehicle Loan,38,Government Employee,12441.0,342700.0,16.25,72,7481.0,13,263957.0,2024-05-26,0.6013,781,0,29.6,0,0,0.0,Current,0,0,None,0.0,0
TCU-01932,Selebi-Phikwe,LO018,Personal Loan,36,Student,2390.0,60700.0,10.59,60,1307.0,11,48163.0,2024-07-12,0.5469,556,2,13.6,0,0,0.0,Current,0,0,None,0.0,0
TCU-01933,Selebi-Phikwe,LO001,Agriculture Loan,52,Student,4306.0,66000.0,13.32,36,2234.0,9,42100.0,2024-10-03,0.5188,747,0,6.1,0,1,96040.0,Current,0,0,None,0.0,0
TCU-01934,Gaborone Main,LO007,Education Loan,68,Private Sector,12140.0,138700.0,13.84,84,2587.0,17,103588.0,2024-01-10,0.2131,850,0,27.9,1,0,0.0,Current,0,0,None,0.0,0
TCU-01935,Lobatse,LO017,Agriculture Loan,45,Farmer,3741.0,109700.0,16.65,24,5405.0,17,29301.0,2024-01-14,1.4448,649,0,9.6,0,1,203067.0,Current,0,0,None,0.0,0
TCU-01936,Selebi-Phikwe,LO016,Business Loan,37,Private Sector,16831.0,307800.0,10.44,48,7872.0,3,264279.0,2025-03-15,0.4677,804,1,18.6,2,0,0.0,Current,0,0,None,0.0,0
TCU-01937,Selebi-Phikwe,LO015,Home Loan,46,Pensioner,7501.0,77400.0,12.66,60,1748.0,11,61194.0,2024-07-17,0.233,743,1,15.1,3,0,0.0,Late (30–89 days),62,2,Legal Notice,16971.0,1
TCU-01938,Maun,LO008,Vehicle Loan,22,Student,3772.0,109800.0,11.74,24,5155.0,17,28141.0,2024-02-02,1.3666,704,0,27.1,1,1,107869.0,Late (30–89 days),45,2,Called,3104.0,1
TCU-01939,Lobatse,LO008,Business Loan,57,Student,2199.0,63200.0,18.8,72,1470.0,14,47185.0,2024-04-08,0.6685,740,1,0.8,0,1,56826.0,Defaulted,203,11,None,30096.0,1
TCU-01940,Maun,LO007,Personal Loan,61,Student,1886.0,37200.0,22.36,60,1035.0,1,34079.0,2025-05-10,0.5488,734,0,14.8,0,1,49840.0,Late (30–89 days),54,2,Home Visit,3513.0,1
TCU-01941,Selebi-Phikwe,LO012,Personal Loan,33,Private Sector,12953.0,28700.0,22.65,72,732.0,12,23234.0,2024-06-27,0.0565,696,1,18.4,0,0,0.0,Current,0,0,None,0.0,0
TCU-01942,Selebi-Phikwe,LO004,Business Loan,66,Private Sector,14096.0,67100.0,9.44,36,2148.0,17,30513.0,2024-02-03,0.1524,850,3,25.4,2,1,128009.0,Current,0,0,None,0.0,0
TCU-01943,Lobatse,LO020,Vehicle Loan,26,Government Employee,18924.0,337100.0,16.73,48,9680.0,5,258935.0,2025-01-18,0.5115,736,0,12.0,2,0,0.0,Late (30–89 days),58,1,Called,56386.0,1
TCU-01944,Selebi-Phikwe,LO003,Home Loan,25,Pensioner,8527.0,58600.0,8.66,24,2668.0,17,16870.0,2024-01-27,0.3129,678,0,23.8,0,1,126187.0,Current,0,0,None,0.0,0
TCU-01945,Maun,LO017,Home Loan,40,Farmer,13714.0,204500.0,16.78,60,5058.0,12,140609.0,2024-06-24,0.3688,794,0,10.2,0,0,0.0,Current,0,0,None,0.0,0
TCU-01946,Francistown,LO011,Home Loan,64,Student,1630.0,26400.0,18.98,60,685.0,8,21127.0,2024-10-29,0.4202,737,3,9.1,0,1,39154.0,Current,0,0,None,0.0,0
TCU-01947,Selebi-Phikwe,LO019,Business Loan,25,Government Employee,20520.0,193700.0,14.7,60,4578.0,9,151754.0,2024-09-04,0.2231,713,1,19.6,0,0,0.0,Current,0,0,None,0.0,0
TCU-01948,Selebi-Phikwe,LO015,Personal Loan,22,Student,3660.0,13700.0,15.38,24,667.0,14,5392.0,2024-04-07,0.1822,770,0,7.2,0,0,0.0,Current,0,0,None,0.0,0
TCU-01949,Selebi-Phikwe,LO019,Vehicle Loan,29,Self-Employed,13527.0,22800.0,14.79,12,2056.0,11,1897.0,2024-07-23,0.152,795,0,28.1,0,1,55905.0,Early (1–29 days),13,1,None,0.0,0
TCU-01950,Selebi-Phikwe,LO013,Business Loan,39,Private Sector,11546.0,90300.0,22.51,24,4707.0,11,42349.0,2024-07-13,0.4077,723,0,3.0,0,0,0.0,Current,0,0,None,0.0,0
TCU-01951,Maun,LO004,Education Loan,38,Government Employee,19320.0,19300.0,9.64,72,354.0,17,12544.0,2024-01-12,0.0183,850,1,13.5,1,0,0.0,Current,0,0,None,0.0,0
TCU-01952,Gaborone Main,LO016,Vehicle Loan,60,Self-Employed,12591.0,30000.0,18.61,12,2759.0,12,0.0,2024-06-02,0.2191,705,2,29.2,1,1,74707.0,Current,0,0,None,0.0,0
TCU-01953,Maun,LO019,Business Loan,23,Private Sector,29205.0,225600.0,15.38,12,20403.0,7,88078.0,2024-11-04,0.6986,850,0,5.0,1,0,0.0,Current,0,0,None,0.0,0
TCU-01954,Maun,LO006,Vehicle Loan,66,Student,4948.0,56400.0,22.65,60,1579.0,14,39355.0,2024-04-28,0.3191,756,2,25.9,0,0,0.0,Current,0,0,None,0.0,0
TCU-01955,Maun,LO004,Business Loan,38,Private Sector,13026.0,159300.0,14.15,36,5456.0,4,129697.0,2025-03-02,0.4189,842,0,2.7,1,0,0.0,Current,0,0,None,0.0,0
TCU-01956,Selebi-Phikwe,LO013,Education Loan,22,Student,2624.0,40500.0,9.33,36,1294.0,1,37841.0,2025-05-02,0.4931,666,0,8.0,2,0,0.0,Current,0,0,None,0.0,0
TCU-01957,Gaborone Main,LO013,Personal Loan,27,Farmer,5476.0,31500.0,18.92,48,941.0,10,23188.0,2024-08-06,0.1718,720,1,24.9,0,1,75404.0,Current,0,0,None,0.0,0
TCU-01958,Gaborone Main,LO001,Personal Loan,49,Self-Employed,24511.0,426800.0,22.91,36,16501.0,8,324775.0,2024-10-24,0.6732,829,2,21.8,1,0,0.0,Current,0,0,None,0.0,0
TCU-01959,Selebi-Phikwe,LO009,Business Loan,26,Government Employee,12611.0,144000.0,18.74,84,3089.0,15,115380.0,2024-03-12,0.2449,729,0,9.1,0,1,182459.0,Current,0,0,None,0.0,0
TCU-01960,Selebi-Phikwe,LO010,Business Loan,25,Student,4098.0,73400.0,16.42,48,2096.0,16,43240.0,2024-02-26,0.5115,850,2,28.3,1,1,146277.0,Late (30–89 days),88,2,Called,8550.0,1
TCU-01961,Maun,LO014,Home Loan,26,Farmer,6897.0,67300.0,23.17,84,1626.0,9,56308.0,2024-10-03,0.2358,651,2,19.5,0,1,154710.0,Current,0,0,None,0.0,0
TCU-01962,Maun,LO014,Agriculture Loan,36,Student,4597.0,14500.0,19.1,48,434.0,16,9143.0,2024-02-16,0.0944,732,1,17.5,0,1,30031.0,Current,0,0,None,0.0,0
TCU-01963,Maun,LO004,Agriculture Loan,36,Government Employee,19453.0,483600.0,18.4,48,14307.0,7,403026.0,2024-11-09,0.7355,825,0,29.6,1,0,0.0,Current,0,0,None,0.0,0
TCU-01964,Selebi-Phikwe,LO017,Home Loan,24,Government Employee,10656.0,413100.0,9.69,84,6792.0,1,395754.0,2025-05-10,0.6374,757,0,8.0,0,0,0.0,Late (30–89 days),77,1,Legal Notice,90859.0,1
TCU-01965,Lobatse,LO015,Home Loan,47,Pensioner,7866.0,111900.0,17.25,36,4003.0,6,79717.0,2024-12-28,0.5089,648,0,2.5,0,0,0.0,Current,0,0,None,0.0,0
TCU-01966,Lobatse,LO020,Agriculture Loan,35,Student,4621.0,46900.0,18.35,12,4308.0,6,22964.0,2024-12-20,0.9323,781,0,20.9,1,0,0.0,Current,0,0,None,0.0,0
TCU-01967,Lobatse,LO001,Education Loan,53,Pensioner,9862.0,353200.0,9.34,60,7390.0,11,249032.0,2024-07-25,0.7493,850,2,14.1,0,0,0.0,Late (30–89 days),82,1,SMS Sent,37957.0,1
TCU-01968,Selebi-Phikwe,LO016,Vehicle Loan,33,Self-Employed,8932.0,76000.0,21.42,60,2074.0,6,67814.0,2024-12-18,0.2322,817,3,4.1,0,1,75804.0,Current,0,0,None,0.0,0
TCU-01969,Selebi-Phikwe,LO007,Business Loan,33,Farmer,5419.0,48500.0,16.1,36,1708.0,12,31888.0,2024-07-03,0.3152,778,2,0.9,0,1,87769.0,Current,0,0,None,0.0,0
TCU-01970,Gaborone Main,LO020,Agriculture Loan,54,Farmer,10397.0,13700.0,21.82,36,522.0,13,8310.0,2024-05-19,0.0502,843,2,10.2,2,0,0.0,Late (30–89 days),79,2,None,1577.0,1
TCU-01971,Selebi-Phikwe,LO016,Education Loan,65,Pensioner,8804.0,77600.0,13.08,84,1415.0,12,61412.0,2024-07-05,0.1607,720,0,15.9,0,1,151920.0,Current,0,0,None,0.0,0
TCU-01972,Gaborone Main,LO004,Agriculture Loan,37,Self-Employed,35973.0,329500.0,9.29,12,28860.0,2,246912.0,2025-05-01,0.8023,850,0,23.1,0,0,0.0,Current,0,0,None,0.0,0
TCU-01973,Gaborone Main,LO006,Business Loan,40,Student,1988.0,17900.0,21.77,12,1673.0,1,15880.0,2025-05-10,0.8415,603,2,24.3,0,0,0.0,Current,0,0,None,0.0,0
TCU-01974,Selebi-Phikwe,LO001,Education Loan,28,Private Sector,29399.0,222600.0,16.55,48,6371.0,12,145010.0,2024-06-22,0.2167,850,3,3.8,1,0,0.0,Early (1–29 days),1,1,None,0.0,0
TCU-01975,Francistown,LO015,Personal Loan,61,Pensioner,6234.0,20600.0,15.46,60,495.0,7,16204.0,2024-11-04,0.0794,677,2,7.8,0,1,26226.0,Current,0,0,None,0.0,0
TCU-01976,Gaborone Main,LO008,Business Loan,56,Government Employee,15572.0,289600.0,14.63,36,9987.0,5,223685.0,2025-01-10,0.6413,779,0,25.8,2,1,389652.0,Late (30–89 days),71,1,Letter Sent,70128.0,1
TCU-01977,Gaborone Main,LO004,Education Loan,57,Student,1596.0,13300.0,18.6,24,668.0,7,8090.0,2024-11-25,0.4185,773,1,15.0,0,0,0.0,Current,0,0,None,0.0,0
TCU-01978,Selebi-Phikwe,LO003,Home Loan,44,Private Sector,16228.0,121200.0,21.67,24,6268.0,10,67980.0,2024-08-09,0.3862,765,1,1.0,0,0,0.0,Current,0,0,None,0.0,0
TCU-01979,Francistown,LO003,Personal Loan,47,Private Sector,19754.0,360700.0,19.3,12,33293.0,6,162413.0,2024-12-06,1.6854,850,1,21.9,1,1,323556.0,Late (30–89 days),59,1,Called,47666.0,1
TCU-01980,Francistown,LO001,Vehicle Loan,53,Pensioner,4585.0,24000.0,9.29,12,2102.0,8,7982.0,2024-10-20,0.4585,787,0,4.3,0,0,0.0,Current,0,0,None,0.0,0
TCU-01981,Francistown,LO010,Vehicle Loan,66,Self-Employed,24120.0,125700.0,14.08,84,2361.0,7,98989.0,2024-11-24,0.0979,850,0,20.0,0,0,0.0,Current,0,0,None,0.0,0
TCU-01982,Gaborone Main,LO005,Personal Loan,61,Student,4351.0,187900.0,20.09,12,17414.0,6,86575.0,2024-12-19,4.0023,745,2,29.1,0,1,372427.0,Late (30–89 days),64,1,Home Visit,20959.0,1
TCU-01983,Maun,LO009,Home Loan,56,Student,3024.0,65200.0,23.95,72,1715.0,15,50257.0,2024-03-22,0.5671,650,0,29.1,0,0,0.0,Current,0,0,None,0.0,0
TCU-01984,Maun,LO014,Vehicle Loan,45,Student,4291.0,55700.0,11.2,12,4928.0,4,35161.0,2025-02-07,1.1485,705,2,18.2,0,1,132125.0,Defaulted,204,7,SMS Sent,27737.0,1
TCU-01985,Maun,LO018,Personal Loan,41,Government Employee,14589.0,245600.0,21.57,84,5688.0,8,220657.0,2024-10-05,0.3899,737,0,1.9,0,1,205874.0,Current,0,0,None,0.0,0
TCU-01986,Selebi-Phikwe,LO017,Business Loan,61,Farmer,6548.0,249300.0,13.94,36,8513.0,4,188989.0,2025-02-20,1.3001,799,4,16.8,0,0,0.0,Late (30–89 days),58,2,Called,21758.0,1
TCU-01987,Selebi-Phikwe,LO020,Home Loan,55,Government Employee,20554.0,161000.0,11.14,12,14240.0,5,84801.0,2025-01-28,0.6928,847,1,4.0,0,0,0.0,Late (30–89 days),31,2,SMS Sent,26882.0,1
TCU-01988,Gaborone Main,LO014,Agriculture Loan,53,Self-Employed,13883.0,244700.0,20.38,72,5915.0,5,223543.0,2025-01-31,0.4261,748,2,25.1,0,1,596117.0,Current,0,0,None,0.0,0
TCU-01989,Selebi-Phikwe,LO013,Vehicle Loan,29,Pensioner,4347.0,105000.0,10.04,60,2233.0,9,88187.0,2024-09-17,0.5137,643,0,23.0,0,0,0.0,Current,0,0,None,0.0,0
TCU-01990,Francistown,LO006,Education Loan,64,Pensioner,9368.0,16500.0,20.88,24,847.0,3,13642.0,2025-03-30,0.0904,850,0,22.5,0,0,0.0,Current,0,0,None,0.0,0
TCU-01991,Maun,LO019,Personal Loan,59,Farmer,11611.0,209900.0,23.56,60,5985.0,7,158157.0,2024-11-09,0.5155,850,0,25.6,1,1,312499.0,Current,0,0,None,0.0,0
TCU-01992,Lobatse,LO016,Education Loan,40,Pensioner,4110.0,144900.0,15.92,72,3137.0,1,130415.0,2025-05-03,0.7633,679,0,17.4,2,1,127075.0,Current,0,0,None,0.0,0
TCU-01993,Lobatse,LO015,Personal Loan,58,Government Employee,15199.0,288000.0,13.25,48,7762.0,2,252507.0,2025-04-13,0.5107,803,0,18.5,0,0,0.0,Current,0,0,None,0.0,0
TCU-01994,Lobatse,LO020,Business Loan,30,Self-Employed,8076.0,131600.0,21.6,84,3050.0,17,97581.0,2024-01-16,0.3777,639,0,22.7,0,0,0.0,Current,0,0,None,0.0,0
TCU-01995,Lobatse,LO014,Vehicle Loan,68,Private Sector,7114.0,48800.0,15.4,48,1368.0,14,30790.0,2024-04-23,0.1923,722,2,28.4,0,0,0.0,Current,0,0,None,0.0,0
TCU-01996,Maun,LO009,Education Loan,45,Self-Employed,14158.0,390100.0,19.23,60,10169.0,7,316588.0,2024-11-24,0.7183,839,0,11.4,3,1,483401.0,Current,0,0,None,0.0,0
TCU-01997,Maun,LO016,Vehicle Loan,44,Self-Employed,37920.0,338200.0,11.76,84,5927.0,6,299433.0,2024-12-12,0.1563,850,3,10.4,3,0,0.0,Current,0,0,None,0.0,0
TCU-01998,Selebi-Phikwe,LO005,Education Loan,32,Farmer,10500.0,59900.0,14.53,36,2063.0,1,50026.0,2025-05-24,0.1965,724,2,17.6,0,0,0.0,Current,0,0,None,0.0,0
TCU-01999,Francistown,LO014,Vehicle Loan,47,Government Employee,21786.0,395000.0,11.4,48,10286.0,3,352612.0,2025-03-21,0.4721,841,1,23.2,3,0,0.0,Early (1–29 days),16,1,None,0.0,0
TCU-02000,Gaborone Main,LO014,Home Loan,60,Farmer,5687.0,133600.0,19.05,36,4901.0,13,76114.0,2024-05-22,0.8618,803,0,29.8,0,1,132248.0,Current,0,0,None,0.0,0
TCU-02001,Selebi-Phikwe,LO006,Home Loan,23,Student,3626.0,13300.0,17.9,36,480.0,3,11484.0,2025-03-13,0.1324,570,1,6.6,0,1,22485.0,Current,0,0,None,0.0,0
TCU-02002,Francistown,LO007,Vehicle Loan,59,Government Employee,13094.0,237900.0,17.4,72,5346.0,12,191050.0,2024-06-28,0.4083,792,0,8.8,0,1,343734.0,Current,0,0,None,0.0,0
TCU-02003,Francistown,LO019,Home Loan,29,Government Employee,15149.0,84200.0,23.86,60,2415.0,12,62847.0,2024-06-08,0.1594,850,0,27.5,0,1,79113.0,Current,0,0,None,0.0,0
TCU-02004,Gaborone Main,LO012,Education Loan,58,Student,4832.0,157400.0,18.52,36,5732.0,12,92606.0,2024-06-06,1.1863,714,3,9.1,0,0,0.0,Late (30–89 days),85,2,Legal Notice,29787.0,1
TCU-02005,Selebi-Phikwe,LO008,Vehicle Loan,54,Self-Employed,29902.0,315800.0,18.26,36,11458.0,16,168473.0,2024-02-24,0.3832,850,0,13.7,1,0,0.0,Current,0,0,None,0.0,0
TCU-02006,Francistown,LO012,Personal Loan,26,Farmer,14385.0,72000.0,15.08,60,1716.0,13,50291.0,2024-05-29,0.1193,762,2,19.2,0,0,0.0,Current,0,0,None,0.0,0
TCU-02007,Selebi-Phikwe,LO016,Education Loan,57,Student,4598.0,156000.0,16.66,84,3157.0,9,136374.0,2024-10-01,0.6866,748,1,13.4,0,1,192986.0,Current,0,0,None,0.0,0
TCU-02008,Gaborone Main,LO015,Vehicle Loan,25,Self-Employed,29379.0,86900.0,14.35,60,2038.0,5,71455.0,2025-01-25,0.0694,850,2,8.8,1,1,80498.0,Late (30–89 days),48,1,None,11859.0,1
TCU-02009,Gaborone Main,LO019,Personal Loan,22,Farmer,4616.0,55200.0,20.69,24,2828.0,2,43437.0,2025-04-12,0.6127,702,1,27.7,0,1,119266.0,Late (30–89 days),43,2,SMS Sent,6614.0,1
TCU-02010,Gaborone Main,LO004,Agriculture Loan,64,Government Employee,13496.0,125200.0,21.57,12,11692.0,10,19230.0,2024-08-12,0.8663,790,1,21.9,1,0,0.0,Late (30–89 days),42,1,Home Visit,6275.0,1
TCU-02011,Gaborone Main,LO016,Business Loan,45,Farmer,3082.0,101500.0,19.35,84,2214.0,3,86322.0,2025-03-31,0.7184,702,1,19.2,0,0,0.0,Late (30–89 days),86,2,Home Visit,20840.0,1
TCU-02012,Lobatse,LO020,Business Loan,32,Government Employee,23629.0,305600.0,22.4,12,28661.0,12,0.0,2024-01-01,1.213,850,0,11.7,0,0,0.0,Late (30–89 days),40,2,Letter Sent,0.0,1
TCU-02013,Lobatse,LO002,Home Loan,37,Self-Employed,33832.0,415900.0,19.52,12,38431.0,12,0.0,2024-02-03,1.1359,850,0,7.7,0,1,999964.0,Current,0,0,None,0.0,0
TCU-02014,Gaborone Main,LO005,Vehicle Loan,62,Farmer,7875.0,253200.0,19.39,36,9331.0,1,246044.0,2025-05-21,1.1849,779,1,12.8,1,1,418824.0,Late (30–89 days),50,2,Letter Sent,46129.0,1
TCU-02015,Maun,LO013,Home Loan,32,Private Sector,24171.0,439000.0,18.78,72,10207.0,1,394918.0,2025-05-27,0.4223,850,1,25.7,1,0,0.0,Current,0,0,None,0.0,0
TCU-02016,Lobatse,LO018,Personal Loan,29,Self-Employed,17777.0,252300.0,23.18,60,7139.0,1,235858.0,2025-05-26,0.4016,850,3,10.9,0,0,0.0,Current,0,0,None,0.0,0
TCU-02017,Maun,LO009,Agriculture Loan,42,Government Employee,12925.0,453500.0,12.82,24,21522.0,9,273478.0,2024-09-23,1.6651,768,1,16.1,0,1,396434.0,Late (30–89 days),58,2,Called,94312.0,1
TCU-02018,Maun,LO020,Vehicle Loan,48,Pensioner,4258.0,9300.0,19.75,72,221.0,14,6699.0,2024-04-29,0.0519,624,3,27.8,0,1,15961.0,Late (30–89 days),57,1,Called,2180.0,1
TCU-02019,Lobatse,LO016,Business Loan,49,Self-Employed,28181.0,375400.0,20.7,48,11564.0,4,330552.0,2025-02-24,0.4103,850,0,14.0,0,1,808652.0,Current,0,0,None,0.0,0
TCU-02020,Gaborone Main,LO018,Personal Loan,51,Self-Employed,4196.0,58500.0,12.38,60,1313.0,8,50502.0,2024-10-17,0.3129,652,0,13.4,0,1,94854.0,Current,0,0,None,0.0,0
TCU-02021,Lobatse,LO006,Business Loan,66,Government Employee,17405.0,209900.0,10.32,24,9717.0,17,60768.0,2024-01-11,0.5583,833,0,13.8,0,1,341081.0,Current,0,0,None,0.0,0
TCU-02022,Gaborone Main,LO017,Agriculture Loan,39,Student,3517.0,50300.0,13.85,60,1166.0,9,41525.0,2024-10-01,0.3315,650,1,19.0,1,0,0.0,Current,0,0,None,0.0,0
TCU-02023,Francistown,LO011,Vehicle Loan,27,Private Sector,25142.0,81000.0,9.99,12,7121.0,12,0.0,2024-02-09,0.2832,773,2,25.6,1,1,71308.0,Current,0,0,None,0.0,0
TCU-02024,Maun,LO020,Home Loan,36,Self-Employed,35860.0,162400.0,14.57,48,4484.0,15,102198.0,2024-03-19,0.125,850,1,29.5,0,0,0.0,Current,0,0,None,0.0,0
TCU-02025,Gaborone Main,LO005,Home Loan,34,Farmer,5922.0,133200.0,11.41,24,6234.0,16,41861.0,2024-03-03,1.0527,736,0,24.2,3,0,0.0,Late (30–89 days),69,2,Home Visit,10038.0,1
TCU-02026,Lobatse,LO016,Personal Loan,35,Student,4360.0,31300.0,22.28,12,2934.0,12,0.0,2024-02-27,0.6729,779,1,13.4,0,1,40322.0,Current,0,0,None,0.0,0
TCU-02027,Gaborone Main,LO001,Home Loan,58,Private Sector,16334.0,267600.0,21.47,72,6640.0,4,214873.0,2025-02-28,0.4065,744,4,15.1,0,1,606313.0,Current,0,0,None,0.0,0
TCU-02028,Maun,LO015,Education Loan,22,Self-Employed,39191.0,473900.0,20.09,84,10549.0,9,363317.0,2024-09-05,0.2692,850,1,4.2,0,0,0.0,Current,0,0,None,0.0,0
TCU-02029,Gaborone Main,LO002,Home Loan,29,Private Sector,28107.0,449100.0,10.33,60,9615.0,7,391680.0,2024-12-01,0.3421,850,3,15.5,0,1,729345.0,Current,0,0,None,0.0,0
TCU-02030,Selebi-Phikwe,LO006,Home Loan,42,Government Employee,13350.0,95200.0,10.67,60,2054.0,5,75132.0,2025-01-04,0.1539,834,2,27.0,0,1,117088.0,Current,0,0,None,0.0,0
TCU-02031,Maun,LO001,Agriculture Loan,52,Student,2765.0,47300.0,20.07,12,4383.0,9,10207.0,2024-09-30,1.5852,786,2,3.5,0,0,0.0,Late (30–89 days),70,1,None,3515.0,1
TCU-02032,Maun,LO014,Education Loan,45,Government Employee,18263.0,112100.0,20.46,48,3439.0,4,98137.0,2025-02-20,0.1883,843,0,23.3,0,0,0.0,Current,0,0,None,0.0,0
TCU-02033,Gaborone Main,LO019,Business Loan,61,Private Sector,22185.0,87200.0,9.25,12,7636.0,5,46386.0,2025-01-10,0.3442,850,0,9.4,1,1,140497.0,Current,0,0,None,0.0,0
TCU-02034,Lobatse,LO003,Education Loan,63,Self-Employed,11986.0,192700.0,21.98,48,6069.0,8,141495.0,2024-10-31,0.5063,811,1,20.5,0,0,0.0,Current,0,0,None,0.0,0
TCU-02035,Maun,LO014,Education Loan,60,Self-Employed,31383.0,378300.0,17.55,12,34602.0,8,114401.0,2024-10-27,1.1026,850,4,16.3,0,0,0.0,Current,0,0,None,0.0,0
TCU-02036,Francistown,LO007,Personal Loan,65,Government Employee,12780.0,109000.0,21.1,72,2681.0,10,81241.0,2024-09-02,0.2098,850,1,0.6,0,1,221780.0,Current,0,0,None,0.0,0
TCU-02037,Francistown,LO018,Vehicle Loan,23,Self-Employed,37440.0,155100.0,9.12,48,3869.0,13,102724.0,2024-06-05,0.1033,850,1,15.4,0,1,233062.0,Current,0,0,None,0.0,0
TCU-02038,Gaborone Main,LO018,Education Loan,34,Pensioner,9857.0,36400.0,21.74,60,1000.0,2,30065.0,2025-04-16,0.1015,655,1,29.8,0,1,60059.0,Current,0,0,None,0.0,0
TCU-02039,Francistown,LO004,Personal Loan,66,Farmer,9761.0,306600.0,18.67,48,9114.0,11,215201.0,2024-07-11,0.9337,614,0,19.6,0,1,739102.0,Late (30–89 days),79,2,Legal Notice,67440.0,1
TCU-02040,Gaborone Main,LO006,Vehicle Loan,65,Pensioner,7528.0,152000.0,14.23,60,3555.0,9,117135.0,2024-09-29,0.4722,731,1,1.2,0,1,237773.0,Current,0,0,None,0.0,0
TCU-02041,Selebi-Phikwe,LO020,Vehicle Loan,61,Pensioner,4050.0,39300.0,16.73,36,1396.0,18,18523.0,2024-01-05,0.3447,765,2,8.1,0,1,69757.0,Current,0,0,None,0.0,0
TCU-02042,Francistown,LO009,Vehicle Loan,56,Private Sector,27602.0,191700.0,19.23,72,4507.0,13,142641.0,2024-05-18,0.1633,850,0,6.9,0,1,162991.0,Current,0,0,None,0.0,0
TCU-02043,Lobatse,LO019,Vehicle Loan,25,Self-Employed,26875.0,322000.0,16.73,72,7115.0,17,240138.0,2024-01-09,0.2647,850,3,19.5,0,0,0.0,Current,0,0,None,0.0,0
TCU-02044,Selebi-Phikwe,LO001,Home Loan,55,Pensioner,9958.0,117700.0,13.46,60,2706.0,14,79881.0,2024-04-10,0.2717,836,2,6.4,0,0,0.0,Current,0,0,None,0.0,0
TCU-02045,Francistown,LO009,Vehicle Loan,43,Farmer,10130.0,161800.0,12.32,84,2884.0,14,124656.0,2024-04-23,0.2847,680,2,1.7,0,0,0.0,Late (30–89 days),63,2,Home Visit,38173.0,1
TCU-02046,Selebi-Phikwe,LO009,Personal Loan,55,Self-Employed,31503.0,227300.0,14.8,48,6303.0,13,143784.0,2024-05-22,0.2001,850,1,14.8,0,0,0.0,Current,0,0,None,0.0,0
TCU-02047,Francistown,LO009,Home Loan,64,Self-Employed,24240.0,229900.0,17.96,60,5833.0,16,168441.0,2024-02-26,0.2406,850,1,18.7,0,0,0.0,Current,0,0,None,0.0,0
TCU-02048,Francistown,LO015,Agriculture Loan,36,Pensioner,9545.0,82300.0,16.83,24,4062.0,10,45244.0,2024-08-30,0.4256,850,2,25.1,0,0,0.0,Current,0,0,None,0.0,0
TCU-02049,Lobatse,LO014,Business Loan,38,Farmer,9756.0,423600.0,9.44,36,13557.0,4,341116.0,2025-02-15,1.3896,720,1,9.7,0,0,0.0,Current,0,0,None,0.0,0
TCU-02050,Selebi-Phikwe,LO008,Agriculture Loan,48,Private Sector,14775.0,20600.0,19.81,24,1047.0,3,16437.0,2025-03-14,0.0709,850,0,12.0,1,0,0.0,Current,0,0,None,0.0,0
TCU-02051,Gaborone Main,LO002,Education Loan,58,Government Employee,9808.0,214600.0,17.69,36,7725.0,7,155753.0,2024-11-12,0.7876,734,0,3.3,2,0,0.0,Late (30–89 days),77,2,None,43890.0,1
TCU-02052,Gaborone Main,LO011,Business Loan,66,Private Sector,25712.0,287300.0,17.02,60,7143.0,2,264664.0,2025-04-13,0.2778,850,2,2.2,1,1,283080.0,Current,0,0,None,0.0,0
TCU-02053,Gaborone Main,LO002,Agriculture Loan,47,Pensioner,6685.0,158500.0,14.76,12,14288.0,12,0.0,2024-04-30,2.1373,791,0,19.4,0,0,0.0,Late (30–89 days),59,2,Letter Sent,0.0,1
TCU-02054,Lobatse,LO010,Agriculture Loan,37,Self-Employed,18900.0,141700.0,19.13,36,5203.0,16,76920.0,2024-03-03,0.2753,850,4,8.9,2,0,0.0,Late (30–89 days),56,1,Letter Sent,10710.0,1
TCU-02055,Maun,LO007,Agriculture Loan,66,Pensioner,9031.0,223100.0,19.68,36,8255.0,5,180573.0,2025-01-02,0.9141,834,0,28.0,0,1,204935.0,Current,0,0,None,0.0,0
TCU-02056,Francistown,LO008,Personal Loan,55,Student,4320.0,62500.0,12.74,24,2964.0,17,17984.0,2024-01-21,0.6861,668,0,29.0,0,0,0.0,Current,0,0,None,0.0,0
TCU-02057,Francistown,LO005,Education Loan,40,Private Sector,22853.0,231000.0,15.14,48,6445.0,8,188982.0,2024-10-16,0.282,850,3,28.3,0,0,0.0,Current,0,0,None,0.0,0
TCU-02058,Lobatse,LO007,Agriculture Loan,52,Private Sector,24565.0,307700.0,14.86,72,6483.0,15,207852.0,2024-03-17,0.2639,850,1,13.5,0,0,0.0,Current,0,0,None,0.0,0
TCU-02059,Maun,LO005,Personal Loan,26,Farmer,4544.0,30000.0,13.9,60,696.0,2,28868.0,2025-04-26,0.1532,781,2,8.9,0,1,56806.0,Current,0,0,None,0.0,0
TCU-02060,Maun,LO008,Home Loan,55,Student,3875.0,39300.0,23.4,72,1020.0,13,32175.0,2024-05-30,0.2632,746,0,6.5,0,1,89509.0,Early (1–29 days),28,1,None,0.0,0
TCU-02061,Gaborone Main,LO008,Education Loan,63,Private Sector,13891.0,121000.0,22.96,60,3408.0,9,100642.0,2024-10-02,0.2453,748,0,20.9,1,1,130440.0,Current,0,0,None,0.0,0
TCU-02062,Francistown,LO004,Agriculture Loan,41,Student,3288.0,24000.0,16.18,60,586.0,10,19302.0,2024-08-10,0.1782,603,1,13.9,0,1,20353.0,Current,0,0,None,0.0,0
TCU-02063,Selebi-Phikwe,LO005,Vehicle Loan,23,Student,3841.0,32000.0,22.94,72,822.0,11,23573.0,2024-07-26,0.214,622,4,15.1,0,1,52315.0,Current,0,0,None,0.0,0
TCU-02064,Selebi-Phikwe,LO020,Education Loan,63,Private Sector,17970.0,85700.0,23.54,24,4511.0,3,73141.0,2025-03-21,0.251,850,0,17.2,0,1,121292.0,Current,0,0,None,0.0,0
TCU-02065,Francistown,LO017,Home Loan,56,Student,3083.0,68500.0,16.67,48,1965.0,13,48018.0,2024-05-30,0.6374,761,3,3.6,0,0,0.0,Defaulted,235,10,Legal Notice,37623.0,1
TCU-02066,Maun,LO011,Agriculture Loan,53,Government Employee,11806.0,40000.0,18.54,60,1028.0,10,28689.0,2024-08-21,0.0871,787,1,19.4,1,1,58039.0,Current,0,0,None,0.0,0
TCU-02067,Maun,LO002,Business Loan,51,Farmer,4351.0,6000.0,9.17,48,150.0,3,5041.0,2025-03-10,0.0345,642,3,24.7,0,0,0.0,Late (30–89 days),30,2,Called,656.0,1
TCU-02068,Lobatse,LO002,Agriculture Loan,42,Private Sector,24854.0,291300.0,8.54,24,13247.0,1,272240.0,2025-05-22,0.533,839,0,18.1,0,0,0.0,Current,0,0,None,0.0,0
TCU-02069,Maun,LO013,Business Loan,67,Farmer,5148.0,157600.0,15.87,24,7707.0,15,50915.0,2024-03-31,1.4971,767,0,23.9,0,1,301924.0,Late (30–89 days),42,1,None,9044.0,1
TCU-02070,Lobatse,LO009,Personal Loan,41,Self-Employed,25374.0,331600.0,13.39,72,6725.0,5,270424.0,2025-01-28,0.265,850,0,6.5,0,0,0.0,Current,0,0,None,0.0,0
TCU-02071,Gaborone Main,LO012,Vehicle Loan,53,Farmer,13245.0,172200.0,16.68,12,15679.0,3,110916.0,2025-03-31,1.1838,735,0,3.1,2,0,0.0,Late (30–89 days),64,2,SMS Sent,23651.0,1
TCU-02072,Lobatse,LO004,Home Loan,52,Self-Employed,14002.0,210100.0,23.24,12,19790.0,4,135991.0,2025-02-21,1.4134,686,2,20.7,1,0,0.0,Late (30–89 days),47,1,SMS Sent,22850.0,1
TCU-02073,Francistown,LO013,Agriculture Loan,27,Government Employee,14325.0,283300.0,15.65,48,7978.0,4,234869.0,2025-02-08,0.5569,715,0,19.5,0,1,594838.0,Current,0,0,None,0.0,0
TCU-02074,Francistown,LO008,Business Loan,23,Student,1691.0,61100.0,15.11,72,1296.0,11,44911.0,2024-07-09,0.7664,629,2,19.3,1,0,0.0,Current,0,0,None,0.0,0
TCU-02075,Gaborone Main,LO011,Business Loan,51,Private Sector,24625.0,86600.0,17.74,48,2532.0,15,56277.0,2024-03-12,0.1028,850,0,28.1,1,1,121045.0,Current,0,0,None,0.0,0
TCU-02076,Gaborone Main,LO013,Education Loan,49,Farmer,3655.0,88400.0,9.39,60,1852.0,16,57720.0,2024-03-01,0.5067,660,0,19.9,0,0,0.0,Current,0,0,None,0.0,0
TCU-02077,Lobatse,LO010,Vehicle Loan,28,Pensioner,6659.0,136200.0,18.93,60,3528.0,2,117266.0,2025-04-17,0.5298,658,0,18.4,2,1,227767.0,Current,0,0,None,0.0,0
TCU-02078,Lobatse,LO018,Education Loan,52,Farmer,13876.0,190100.0,15.56,60,4579.0,4,177060.0,2025-02-16,0.33,809,2,16.4,0,1,470891.0,Current,0,0,None,0.0,0
TCU-02079,Lobatse,LO015,Personal Loan,22,Government Employee,23289.0,404200.0,17.65,36,14542.0,17,185030.0,2024-01-17,0.6244,850,2,6.9,0,1,775407.0,Current,0,0,None,0.0,0
TCU-02080,Gaborone Main,LO009,Personal Loan,68,Pensioner,7214.0,62800.0,13.05,84,1144.0,4,53607.0,2025-02-19,0.1586,759,1,25.0,1,0,0.0,Current,0,0,None,0.0,0
TCU-02081,Lobatse,LO009,Agriculture Loan,42,Government Employee,18878.0,392400.0,18.74,36,14332.0,4,329896.0,2025-02-22,0.7592,755,2,4.0,0,0,0.0,Early (1–29 days),8,1,None,0.0,0
TCU-02082,Gaborone Main,LO001,Home Loan,46,Pensioner,9416.0,99000.0,19.87,36,3673.0,9,63781.0,2024-09-25,0.3901,756,0,24.3,0,1,207206.0,Current,0,0,None,0.0,0
TCU-02083,Gaborone Main,LO020,Agriculture Loan,58,Government Employee,10729.0,234300.0,9.34,60,4902.0,1,225000.0,2025-05-27,0.4569,698,1,24.9,0,0,0.0,Current,0,0,None,0.0,0
TCU-02084,Selebi-Phikwe,LO004,Personal Loan,62,Farmer,8723.0,42500.0,17.94,24,2121.0,18,9683.0,2024-01-03,0.2432,807,3,2.0,3,1,71489.0,Late (30–89 days),47,1,None,1585.0,1
TCU-02085,Lobatse,LO011,Agriculture Loan,52,Farmer,8810.0,6300.0,12.07,24,297.0,15,2138.0,2024-03-26,0.0337,746,1,13.7,0,0,0.0,Current,0,0,None,0.0,0
TCU-02086,Selebi-Phikwe,LO014,Home Loan,41,Student,3758.0,19500.0,23.46,36,760.0,11,11878.0,2024-08-04,0.2022,602,0,18.2,0,1,44138.0,Current,0,0,None,0.0,0
TCU-02087,Francistown,LO015,Vehicle Loan,61,Private Sector,22737.0,268100.0,17.45,84,5549.0,12,209899.0,2024-06-18,0.2441,850,2,22.4,0,0,0.0,Current,0,0,None,0.0,0
TCU-02088,Gaborone Main,LO004,Personal Loan,55,Student,2597.0,55800.0,17.83,84,1167.0,14,44214.0,2024-04-12,0.4494,765,0,29.2,0,1,129342.0,Current,0,0,None,0.0,0
TCU-02089,Maun,LO001,Education Loan,35,Farmer,12097.0,103300.0,15.67,24,5042.0,7,63838.0,2024-11-23,0.4168,788,0,7.9,0,0,0.0,Current,0,0,None,0.0,0
TCU-02090,Maun,LO014,Business Loan,58,Farmer,9620.0,253600.0,14.29,12,22805.0,3,181911.0,2025-03-06,2.3706,763,3,10.1,0,1,633576.0,Defaulted,355,5,Letter Sent,122953.0,1
TCU-02091,Lobatse,LO006,Education Loan,24,Farmer,7549.0,69200.0,15.33,24,3366.0,11,36737.0,2024-07-12,0.4459,679,1,22.7,0,1,114961.0,Early (1–29 days),2,1,None,0.0,0
TCU-02092,Lobatse,LO005,Agriculture Loan,45,Self-Employed,8892.0,35000.0,19.45,12,3233.0,4,23311.0,2025-02-22,0.3636,721,0,1.1,0,1,36073.0,Current,0,0,None,0.0,0
TCU-02093,Gaborone Main,LO010,Vehicle Loan,35,Self-Employed,21165.0,193000.0,19.32,60,5041.0,3,161665.0,2025-03-07,0.2382,793,1,17.9,0,1,164579.0,Current,0,0,None,0.0,0
TCU-02094,Lobatse,LO019,Education Loan,54,Private Sector,23726.0,65500.0,10.83,84,1116.0,10,57568.0,2024-08-16,0.047,850,3,12.0,1,1,135662.0,Current,0,0,None,0.0,0
TCU-02095,Maun,LO011,Personal Loan,46,Self-Employed,9707.0,91700.0,23.06,24,4805.0,17,24907.0,2024-01-13,0.495,774,0,12.5,0,1,226534.0,Current,0,0,None,0.0,0
TCU-02096,Gaborone Main,LO015,Personal Loan,35,Pensioner,7354.0,124200.0,22.7,48,3960.0,11,90068.0,2024-07-26,0.5385,671,0,2.7,2,0,0.0,Current,0,0,None,0.0,0
TCU-02097,Selebi-Phikwe,LO005,Education Loan,31,Government Employee,16777.0,12300.0,19.26,48,369.0,5,10525.0,2025-01-17,0.022,793,0,12.9,0,1,17715.0,Current,0,0,None,0.0,0
TCU-02098,Gaborone Main,LO019,Vehicle Loan,33,Self-Employed,26086.0,85800.0,11.11,60,1870.0,18,57153.0,2024-01-02,0.0717,850,3,26.7,1,1,124592.0,Defaulted,125,4,SMS Sent,45607.0,1
TCU-02099,Maun,LO020,Agriculture Loan,51,Government Employee,10965.0,353500.0,8.9,84,5670.0,4,311989.0,2025-02-27,0.5171,713,1,15.4,0,0,0.0,Current,0,0,None,0.0,0
TCU-02100,Francistown,LO014,Agriculture Loan,29,Private Sector,23060.0,427600.0,11.79,60,9466.0,10,344349.0,2024-08-17,0.4105,842,0,17.8,0,1,924366.0,Current,0,0,None,0.0,0
TCU-02101,Selebi-Phikwe,LO019,Vehicle Loan,24,Pensioner,5977.0,124300.0,20.7,24,6369.0,14,48337.0,2024-04-30,1.0656,520,0,16.0,1,1,134545.0,Defaulted,206,4,Home Visit,22011.0,1
TCU-02102,Selebi-Phikwe,LO010,Vehicle Loan,44,Pensioner,4044.0,40600.0,10.16,12,3572.0,1,34581.0,2025-05-16,0.8833,631,1,22.7,0,0,0.0,Current,0,0,None,0.0,0
TCU-02103,Gaborone Main,LO003,Education Loan,56,Pensioner,5905.0,10800.0,11.89,84,190.0,9,8365.0,2024-09-24,0.0322,660,0,12.2,0,0,0.0,Defaulted,266,6,SMS Sent,3711.0,1
TCU-02104,Selebi-Phikwe,LO020,Agriculture Loan,23,Government Employee,22261.0,36900.0,14.65,72,773.0,12,26858.0,2024-06-22,0.0347,850,1,1.0,0,1,31527.0,Current,0,0,None,0.0,0
TCU-02105,Maun,LO001,Personal Loan,27,Pensioner,9193.0,142900.0,14.51,84,2718.0,10,122413.0,2024-08-29,0.2957,767,0,15.0,0,0,0.0,Current,0,0,None,0.0,0
TCU-02106,Selebi-Phikwe,LO007,Agriculture Loan,57,Government Employee,19648.0,118200.0,23.39,36,4600.0,17,54074.0,2024-01-28,0.2341,850,1,6.0,0,0,0.0,Current,0,0,None,0.0,0
TCU-02107,Selebi-Phikwe,LO008,Personal Loan,46,Government Employee,22934.0,41900.0,19.8,36,1553.0,14,22560.0,2024-04-12,0.0677,850,0,6.5,1,0,0.0,Current,0,0,None,0.0,0
TCU-02108,Maun,LO003,Agriculture Loan,22,Farmer,13110.0,202000.0,15.0,36,7002.0,10,129181.0,2024-09-01,0.5341,718,0,24.0,0,0,0.0,Current,0,0,None,0.0,0
TCU-02109,Gaborone Main,LO019,Home Loan,36,Pensioner,9242.0,6300.0,20.83,36,237.0,14,3499.0,2024-04-14,0.0256,691,0,21.5,0,1,6339.0,Late (30–89 days),83,1,Letter Sent,547.0,1
TCU-02110,Maun,LO017,Agriculture Loan,62,Self-Employed,28319.0,148800.0,21.84,36,5670.0,12,85193.0,2024-06-14,0.2002,850,1,23.0,2,1,173075.0,Defaulted,282,8,Legal Notice,38109.0,1
TCU-02111,Gaborone Main,LO013,Agriculture Loan,57,Pensioner,4095.0,117100.0,20.37,12,10868.0,2,97130.0,2025-04-12,2.654,835,1,5.3,1,1,219890.0,Late (30–89 days),36,2,None,25436.0,1
TCU-02112,Lobatse,LO010,Business Loan,31,Student,4067.0,54300.0,16.84,72,1203.0,1,51816.0,2025-05-26,0.2958,776,0,4.7,0,0,0.0,Current,0,0,None,0.0,0
TCU-02113,Selebi-Phikwe,LO011,Business Loan,23,Private Sector,12823.0,100300.0,12.41,84,1793.0,13,81250.0,2024-05-26,0.1398,705,0,27.3,2,0,0.0,Late (30–89 days),48,2,Letter Sent,19916.0,1
TCU-02114,Gaborone Main,LO002,Business Loan,22,Pensioner,7769.0,337500.0,19.64,36,12481.0,7,250280.0,2024-11-08,1.6065,581,4,13.0,2,1,527659.0,Defaulted,220,6,SMS Sent,146608.0,1
TCU-02115,Gaborone Main,LO019,Education Loan,24,Pensioner,9642.0,16400.0,16.58,36,581.0,3,14278.0,2025-03-16,0.0603,668,0,0.7,0,1,34988.0,Current,0,0,None,0.0,0
TCU-02116,Gaborone Main,LO007,Home Loan,42,Private Sector,23832.0,97300.0,11.39,12,8617.0,6,43536.0,2024-12-20,0.3616,850,0,11.4,0,1,118750.0,Current,0,0,None,0.0,0
TCU-02117,Lobatse,LO006,Education Loan,57,Self-Employed,8090.0,35000.0,20.2,60,931.0,4,30797.0,2025-02-19,0.1151,762,3,23.0,2,1,62810.0,Current,0,0,None,0.0,0
TCU-02118,Gaborone Main,LO013,Home Loan,28,Private Sector,15275.0,419200.0,24.0,48,13667.0,9,313192.0,2024-09-22,0.8947,756,2,11.8,0,1,521704.0,Early (1–29 days),28,1,None,0.0,0
TCU-02119,Lobatse,LO019,Education Loan,41,Private Sector,9726.0,9300.0,17.49,24,462.0,3,7063.0,2025-03-18,0.0475,769,0,25.1,0,1,21010.0,Early (1–29 days),6,1,None,0.0,0
TCU-02120,Lobatse,LO014,Home Loan,65,Student,4415.0,55900.0,10.39,84,939.0,17,43109.0,2024-02-06,0.2127,773,0,25.8,1,0,0.0,Current,0,0,None,0.0,0
TCU-02121,Selebi-Phikwe,LO008,Personal Loan,22,Farmer,11807.0,302700.0,12.02,60,6736.0,8,223719.0,2024-10-23,0.5705,711,1,12.4,0,0,0.0,Defaulted,152,3,Home Visit,122547.0,1
TCU-02122,Selebi-Phikwe,LO002,Education Loan,28,Pensioner,6124.0,175400.0,20.27,36,6543.0,8,116460.0,2024-10-11,1.0684,588,1,28.3,3,0,0.0,Defaulted,322,9,Legal Notice,71258.0,1
TCU-02123,Francistown,LO004,Agriculture Loan,63,Self-Employed,37327.0,401500.0,14.9,48,11154.0,7,322343.0,2024-11-18,0.2988,850,0,22.2,0,0,0.0,Current,0,0,None,0.0,0
TCU-02124,Francistown,LO020,Personal Loan,53,Government Employee,17707.0,166600.0,14.79,36,5758.0,14,100649.0,2024-04-21,0.3252,847,0,20.7,0,1,260256.0,Current,0,0,None,0.0,0
TCU-02125,Selebi-Phikwe,LO013,Agriculture Loan,58,Pensioner,7284.0,192500.0,9.02,36,6123.0,15,105268.0,2024-03-29,0.8406,737,1,6.0,0,0,0.0,Current,0,0,None,0.0,0
TCU-02126,Gaborone Main,LO003,Business Loan,37,Pensioner,9820.0,83500.0,12.95,24,3968.0,6,61305.0,2024-12-18,0.4041,729,1,4.0,0,0,0.0,Current,0,0,None,0.0,0
TCU-02127,Selebi-Phikwe,LO006,Personal Loan,40,Farmer,8343.0,97500.0,22.23,84,2298.0,10,82453.0,2024-08-22,0.2754,700,4,28.0,1,1,128607.0,Early (1–29 days),4,1,None,0.0,0
TCU-02128,Lobatse,LO011,Education Loan,47,Pensioner,5057.0,66000.0,19.76,12,6106.0,9,14578.0,2024-10-01,1.2074,745,0,4.2,0,1,109697.0,Late (30–89 days),53,2,Legal Notice,1493.0,1
TCU-02129,Maun,LO003,Education Loan,25,Student,3893.0,49600.0,10.51,36,1612.0,4,42809.0,2025-02-15,0.4141,674,0,2.4,0,0,0.0,Defaulted,324,6,Home Visit,31843.0,1
TCU-02130,Maun,LO019,Business Loan,34,Government Employee,19722.0,99000.0,22.62,84,2357.0,13,78526.0,2024-06-04,0.1195,850,0,22.5,0,1,188584.0,Defaulted,358,6,SMS Sent,41205.0,1
TCU-02131,Selebi-Phikwe,LO010,Vehicle Loan,63,Government Employee,15011.0,359600.0,11.56,72,6948.0,4,316952.0,2025-02-20,0.4629,850,3,14.5,0,0,0.0,Current,0,0,None,0.0,0
TCU-02132,Gaborone Main,LO012,Home Loan,28,Pensioner,9388.0,66300.0,19.17,60,1726.0,9,48191.0,2024-09-12,0.1839,775,0,6.4,0,1,126489.0,Current,0,0,None,0.0,0
TCU-02133,Selebi-Phikwe,LO013,Personal Loan,52,Pensioner,4927.0,89600.0,8.72,24,4082.0,4,73696.0,2025-02-27,0.8285,680,0,10.5,0,0,0.0,Current,0,0,None,0.0,0
TCU-02134,Francistown,LO015,Education Loan,54,Student,3718.0,69900.0,22.54,60,1952.0,10,57741.0,2024-08-16,0.525,633,4,23.4,2,0,0.0,Current,0,0,None,0.0,0
TCU-02135,Maun,LO014,Education Loan,55,Government Employee,13922.0,117600.0,20.5,60,3148.0,13,81659.0,2024-06-01,0.2261,841,1,19.2,1,1,265974.0,Current,0,0,None,0.0,0
TCU-02136,Gaborone Main,LO013,Vehicle Loan,32,Private Sector,19261.0,161000.0,14.48,12,14492.0,12,0.0,2024-03-27,0.7524,804,4,25.5,0,0,0.0,Current,0,0,None,0.0,0
TCU-02137,Lobatse,LO007,Vehicle Loan,32,Government Employee,10179.0,102900.0,13.61,24,4922.0,10,58371.0,2024-08-07,0.4835,565,1,2.6,2,0,0.0,Defaulted,321,10,SMS Sent,48797.0,1
TCU-02138,Francistown,LO020,Agriculture Loan,67,Farmer,11239.0,279600.0,14.82,60,6625.0,16,187406.0,2024-02-20,0.5895,757,2,9.1,0,0,0.0,Late (30–89 days),86,2,None,37700.0,1
TCU-02139,Francistown,LO016,Agriculture Loan,37,Student,4420.0,88700.0,22.55,60,2478.0,8,69419.0,2024-10-05,0.5606,637,2,26.7,0,1,162849.0,Current,0,0,None,0.0,0
TCU-02140,Lobatse,LO007,Vehicle Loan,56,Student,2521.0,47100.0,11.08,84,808.0,5,37901.0,2025-01-21,0.3205,748,0,8.4,0,1,105518.0,Current,0,0,None,0.0,0
TCU-02141,Francistown,LO020,Home Loan,52,Pensioner,8737.0,160600.0,9.61,48,4043.0,14,109037.0,2024-04-21,0.4627,810,1,23.0,0,1,356188.0,Current,0,0,None,0.0,0
TCU-02142,Selebi-Phikwe,LO009,Personal Loan,41,Private Sector,21003.0,446500.0,17.01,12,40725.0,5,233846.0,2025-01-19,1.939,833,3,0.9,0,0,0.0,Late (30–89 days),88,1,None,74049.0,1
TCU-02143,Lobatse,LO007,Agriculture Loan,54,Private Sector,7922.0,43500.0,11.08,48,1126.0,5,36561.0,2025-01-10,0.1421,797,0,28.2,0,1,58415.0,Current,0,0,None,0.0,0
TCU-02144,Gaborone Main,LO016,Agriculture Loan,57,Government Employee,20720.0,88900.0,9.42,36,2844.0,7,66016.0,2024-11-18,0.1373,850,1,19.0,2,1,78796.0,Current,0,0,None,0.0,0
TCU-02145,Selebi-Phikwe,LO003,Agriculture Loan,46,Government Employee,13829.0,223100.0,14.79,84,4279.0,12,170957.0,2024-06-17,0.3094,766,1,17.9,0,1,265766.0,Current,0,0,None,0.0,0
TCU-02146,Maun,LO015,Home Loan,61,Farmer,13163.0,132600.0,8.76,60,2737.0,11,96405.0,2024-07-14,0.2079,754,4,12.8,0,1,224401.0,Current,0,0,None,0.0,0
TCU-02147,Lobatse,LO013,Vehicle Loan,59,Farmer,11711.0,291000.0,23.03,84,7003.0,14,224818.0,2024-04-28,0.598,794,0,3.7,0,1,718164.0,Current,0,0,None,0.0,0
TCU-02148,Selebi-Phikwe,LO004,Education Loan,28,Private Sector,27116.0,308200.0,21.92,24,15977.0,11,163916.0,2024-08-01,0.5892,810,1,20.8,0,0,0.0,Current,0,0,None,0.0,0
TCU-02149,Maun,LO011,Vehicle Loan,39,Student,3623.0,111900.0,15.87,36,3927.0,4,90326.0,2025-02-14,1.0839,730,1,28.2,0,0,0.0,Late (30–89 days),85,1,SMS Sent,19015.0,1
TCU-02150,Maun,LO004,Personal Loan,63,Student,2497.0,27400.0,15.99,48,776.0,1,25244.0,2025-05-13,0.3108,626,2,19.9,0,0,0.0,Late (30–89 days),85,2,Home Visit,5550.0,1
TCU-02151,Selebi-Phikwe,LO016,Home Loan,27,Pensioner,5971.0,165700.0,21.04,12,15432.0,7,62149.0,2024-11-09,2.5845,604,1,18.9,0,0,0.0,Defaulted,360,5,Legal Notice,35405.0,1
TCU-02152,Lobatse,LO009,Personal Loan,50,Farmer,5827.0,76300.0,20.38,60,2038.0,3,70758.0,2025-03-12,0.3498,595,1,17.7,0,1,160399.0,Current,0,0,None,0.0,0
TCU-02153,Lobatse,LO008,Home Loan,41,Government Employee,17929.0,450100.0,12.92,12,40185.0,8,145306.0,2024-10-15,2.2413,814,1,13.9,0,1,915855.0,Late (30–89 days),33,2,None,23705.0,1
TCU-02154,Selebi-Phikwe,LO009,Personal Loan,32,Pensioner,6738.0,278500.0,12.31,12,24785.0,9,63169.0,2024-09-15,3.6784,735,0,13.7,0,0,0.0,Late (30–89 days),56,1,SMS Sent,16992.0,1
TCU-02155,Maun,LO018,Vehicle Loan,57,Student,3181.0,28900.0,14.05,12,2596.0,11,2255.0,2024-07-14,0.8161,682,2,19.0,3,1,69724.0,Current,0,0,None,0.0,0
TCU-02156,Maun,LO013,Business Loan,52,Student,1822.0,68200.0,9.54,48,1715.0,12,46595.0,2024-07-04,0.9413,641,2,22.2,1,1,101371.0,Defaulted,205,11,Legal Notice,26864.0,1
TCU-02157,Gaborone Main,LO007,Business Loan,29,Private Sector,23861.0,155000.0,21.2,60,4211.0,3,131859.0,2025-03-07,0.1765,805,0,24.8,0,1,328932.0,Current,0,0,None,0.0,0
TCU-02158,Lobatse,LO011,Home Loan,37,Self-Employed,7715.0,59800.0,11.14,60,1304.0,17,41879.0,2024-02-02,0.169,668,2,26.0,0,0,0.0,Early (1–29 days),1,1,None,0.0,0
TCU-02159,Francistown,LO001,Home Loan,65,Pensioner,5477.0,8500.0,18.31,48,251.0,3,7513.0,2025-03-12,0.0458,727,0,5.5,0,1,19894.0,Current,0,0,None,0.0,0
TCU-02160,Selebi-Phikwe,LO011,Education Loan,29,Self-Employed,28822.0,77000.0,15.06,48,2145.0,15,50171.0,2024-04-05,0.0744,850,0,13.7,2,0,0.0,Current,0,0,None,0.0,0
TCU-02161,Maun,LO014,Education Loan,36,Private Sector,13457.0,26700.0,12.65,84,481.0,7,22448.0,2024-11-24,0.0357,787,3,21.7,2,0,0.0,Current,0,0,None,0.0,0
TCU-02162,Selebi-Phikwe,LO010,Personal Loan,25,Student,1549.0,10500.0,18.36,48,310.0,9,8107.0,2024-09-08,0.2001,615,1,11.4,0,1,26235.0,Current,0,0,None,0.0,0
TCU-02163,Gaborone Main,LO005,Agriculture Loan,49,Student,4301.0,66300.0,12.85,48,1774.0,2,60444.0,2025-04-10,0.4125,650,0,26.2,2,0,0.0,Current,0,0,None,0.0,0
TCU-02164,Maun,LO007,Home Loan,60,Government Employee,24695.0,408600.0,12.56,24,19341.0,6,289423.0,2024-12-17,0.7832,850,4,13.2,1,1,926684.0,Current,0,0,None,0.0,0
TCU-02165,Francistown,LO017,Home Loan,54,Government Employee,24470.0,169900.0,9.63,72,3116.0,9,143637.0,2024-09-20,0.1273,850,0,26.1,0,1,389206.0,Current,0,0,None,0.0,0
TCU-02166,Maun,LO009,Vehicle Loan,44,Student,3993.0,8200.0,18.06,72,187.0,3,6808.0,2025-03-17,0.0468,694,1,23.6,0,0,0.0,Current,0,0,None,0.0,0
TCU-02167,Gaborone Main,LO011,Education Loan,22,Private Sector,12549.0,280600.0,17.74,36,10108.0,8,214710.0,2024-10-04,0.8055,729,1,8.0,0,0,0.0,Current,0,0,None,0.0,0
TCU-02168,Maun,LO002,Vehicle Loan,28,Pensioner,7361.0,135100.0,13.81,24,6474.0,17,38512.0,2024-01-28,0.8795,610,0,8.5,1,0,0.0,Current,0,0,None,0.0,0
TCU-02169,Gaborone Main,LO011,Agriculture Loan,46,Private Sector,14743.0,354900.0,23.06,72,9142.0,5,321286.0,2025-01-26,0.6201,834,1,11.8,0,0,0.0,Current,0,0,None,0.0,0
TCU-02170,Francistown,LO020,Education Loan,36,Pensioner,8637.0,9800.0,19.07,12,903.0,1,8321.0,2025-05-31,0.1046,681,2,16.6,0,1,22512.0,Late (30–89 days),84,2,None,1835.0,1
TCU-02171,Lobatse,LO015,Education Loan,54,Private Sector,10766.0,32700.0,17.84,48,958.0,5,27673.0,2025-01-05,0.089,684,1,12.4,1,0,0.0,Defaulted,320,7,Home Visit,15322.0,1
TCU-02172,Maun,LO013,Agriculture Loan,32,Student,3137.0,127100.0,15.44,60,3053.0,2,111007.0,2025-04-02,0.9732,597,1,10.2,1,0,0.0,Defaulted,157,3,None,68662.0,1
TCU-02173,Maun,LO013,Education Loan,30,Government Employee,23491.0,490500.0,11.73,12,43518.0,4,318460.0,2025-02-12,1.8525,850,4,6.1,0,1,916992.0,Defaulted,227,3,Called,225129.0,1
TCU-02174,Lobatse,LO016,Personal Loan,62,Government Employee,23452.0,375800.0,8.51,12,32779.0,12,0.0,2024-07-04,1.3977,850,0,12.2,2,0,0.0,Late (30–89 days),55,2,Home Visit,0.0,1
TCU-02175,Selebi-Phikwe,LO014,Agriculture Loan,27,Student,2971.0,86600.0,16.08,60,2110.0,10,65093.0,2024-08-13,0.7102,581,0,21.2,0,1,209684.0,Current,0,0,None,0.0,0
TCU-02176,Gaborone Main,LO013,Personal Loan,63,Government Employee,18804.0,93300.0,13.62,60,2153.0,16,58767.0,2024-02-17,0.1145,850,4,9.2,1,1,134523.0,Late (30–89 days),32,2,Letter Sent,6232.0,1
TCU-02177,Francistown,LO004,Vehicle Loan,31,Pensioner,6944.0,116900.0,13.16,84,2137.0,9,104148.0,2024-09-15,0.3077,670,0,12.1,0,0,0.0,Current,0,0,None,0.0,0
TCU-02178,Gaborone Main,LO009,Personal Loan,61,Private Sector,19041.0,120000.0,21.0,12,11174.0,1,104402.0,2025-05-30,0.5868,850,1,24.4,1,0,0.0,Current,0,0,None,0.0,0
TCU-02179,Maun,LO015,Agriculture Loan,44,Farmer,13439.0,125400.0,18.26,48,3701.0,5,103067.0,2025-01-08,0.2754,820,2,12.3,0,0,0.0,Current,0,0,None,0.0,0
TCU-02180,Gaborone Main,LO001,Education Loan,53,Pensioner,8566.0,191100.0,18.2,72,4380.0,1,175139.0,2025-05-09,0.5113,753,1,25.7,0,1,166844.0,Defaulted,251,6,Called,85313.0,1
TCU-02181,Lobatse,LO018,Business Loan,23,Self-Employed,4937.0,9400.0,8.86,48,233.0,2,8129.0,2025-04-24,0.0472,647,2,23.4,0,1,18889.0,Current,0,0,None,0.0,0
TCU-02182,Selebi-Phikwe,LO005,Agriculture Loan,27,Government Employee,11439.0,176200.0,16.36,12,16017.0,2,142462.0,2025-05-01,1.4002,779,0,12.0,0,1,149702.0,Late (30–89 days),77,2,None,33955.0,1
TCU-02183,Lobatse,LO017,Agriculture Loan,62,Government Employee,15297.0,58100.0,20.46,60,1554.0,17,37282.0,2024-01-22,0.1016,820,0,9.9,1,1,94256.0,Current,0,0,None,0.0,0
TCU-02184,Gaborone Main,LO001,Education Loan,47,Pensioner,7185.0,109000.0,18.72,48,3243.0,4,98422.0,2025-03-01,0.4514,680,4,27.4,0,1,259920.0,Current,0,0,None,0.0,0
TCU-02185,Selebi-Phikwe,LO001,Vehicle Loan,26,Government Employee,17080.0,219400.0,15.0,72,4639.0,7,171355.0,2024-11-10,0.2716,735,3,25.3,0,0,0.0,Current,0,0,None,0.0,0
TCU-02186,Maun,LO015,Vehicle Loan,43,Private Sector,28209.0,418100.0,18.42,48,12374.0,1,397798.0,2025-05-08,0.4387,850,0,25.0,0,1,974536.0,Current,0,0,None,0.0,0
TCU-02187,Selebi-Phikwe,LO001,Personal Loan,63,Private Sector,12361.0,415700.0,13.97,72,8559.0,16,307749.0,2024-03-04,0.6924,836,0,29.9,0,0,0.0,Current,0,0,None,0.0,0
TCU-02188,Gaborone Main,LO010,Vehicle Loan,31,Private Sector,27861.0,350000.0,14.99,72,7399.0,15,250541.0,2024-04-03,0.2656,791,4,18.5,1,0,0.0,Late (30–89 days),81,2,Called,30793.0,1
TCU-02189,Gaborone Main,LO014,Business Loan,65,Pensioner,7285.0,29600.0,19.65,72,703.0,4,25430.0,2025-02-22,0.0965,702,0,29.1,0,1,71064.0,Current,0,0,None,0.0,0
TCU-02190,Francistown,LO014,Business Loan,39,Pensioner,5930.0,128800.0,22.96,48,4125.0,3,113786.0,2025-03-29,0.6956,603,3,29.0,0,1,167588.0,Late (30–89 days),57,2,SMS Sent,22406.0,1
TCU-02191,Maun,LO008,Personal Loan,56,Farmer,10407.0,73400.0,17.84,24,3659.0,13,30568.0,2024-05-23,0.3516,776,1,18.3,2,1,164600.0,Defaulted,176,11,SMS Sent,21988.0,1
TCU-02192,Maun,LO009,Education Loan,57,Self-Employed,32426.0,221800.0,22.54,24,11566.0,14,90497.0,2024-04-14,0.3567,850,0,15.9,0,0,0.0,Current,0,0,None,0.0,0
TCU-02193,Maun,LO001,Home Loan,47,Private Sector,25139.0,487500.0,20.01,36,18120.0,2,420728.0,2025-04-23,0.7208,850,0,12.3,0,1,664376.0,Current,0,0,None,0.0,0
TCU-02194,Gaborone Main,LO015,Personal Loan,52,Self-Employed,12911.0,72400.0,17.08,36,2584.0,9,51387.0,2024-09-23,0.2001,675,0,19.0,0,0,0.0,Current,0,0,None,0.0,0
TCU-02195,Lobatse,LO002,Vehicle Loan,43,Student,2956.0,34300.0,13.12,24,1633.0,9,18604.0,2024-09-12,0.5524,653,1,7.4,0,1,37729.0,Current,0,0,None,0.0,0
TCU-02196,Maun,LO018,Education Loan,45,Private Sector,8849.0,256500.0,22.14,84,6031.0,9,205288.0,2024-09-11,0.6815,739,1,21.2,0,1,557272.0,Current,0,0,None,0.0,0
TCU-02197,Gaborone Main,LO010,Agriculture Loan,28,Government Employee,21190.0,286200.0,18.74,12,26340.0,12,0.0,2024-06-22,1.243,736,3,9.7,0,0,0.0,Late (30–89 days),36,1,SMS Sent,0.0,1
TCU-02198,Selebi-Phikwe,LO004,Home Loan,30,Farmer,7622.0,80800.0,21.33,60,2201.0,18,55144.0,2024-01-05,0.2888,688,0,13.8,0,0,0.0,Late (30–89 days),63,1,SMS Sent,14572.0,1
TCU-02199,Francistown,LO006,Education Loan,56,Pensioner,7811.0,91600.0,10.0,60,1946.0,4,76847.0,2025-02-02,0.2491,745,1,7.7,0,1,201193.0,Current,0,0,None,0.0,0
TCU-02200,Francistown,LO008,Education Loan,55,Government Employee,22936.0,93300.0,14.92,12,8418.0,12,0.0,2024-01-09,0.367,850,1,20.2,0,1,162147.0,Early (1–29 days),11,1,None,0.0,0
TCU-02201,Lobatse,LO005,Education Loan,34,Farmer,14665.0,369400.0,18.26,84,7820.0,12,271562.0,2024-06-07,0.5332,772,1,2.3,1,1,775041.0,Late (30–89 days),40,1,Legal Notice,86431.0,1
TCU-02202,Selebi-Phikwe,LO006,Personal Loan,51,Farmer,7395.0,91900.0,19.3,60,2399.0,16,61786.0,2024-03-01,0.3244,692,2,20.5,0,0,0.0,Current,0,0,None,0.0,0
TCU-02203,Francistown,LO018,Vehicle Loan,60,Self-Employed,11800.0,316100.0,13.25,24,15065.0,4,231816.0,2025-02-03,1.2767,683,2,14.9,0,0,0.0,Late (30–89 days),69,1,None,67879.0,1
TCU-02204,Maun,LO012,Education Loan,36,Private Sector,18100.0,483300.0,22.33,72,12238.0,10,370138.0,2024-08-14,0.6761,745,1,19.6,1,1,743774.0,Late (30–89 days),50,2,SMS Sent,70852.0,1
TCU-02205,Francistown,LO019,Vehicle Loan,66,Student,1802.0,43100.0,20.25,84,964.0,8,33523.0,2024-10-31,0.535,653,1,19.7,0,0,0.0,Current,0,0,None,0.0,0
TCU-02206,Maun,LO009,Education Loan,28,Self-Employed,6912.0,96100.0,23.36,48,3099.0,12,66813.0,2024-06-14,0.4484,691,0,15.7,0,1,172763.0,Current,0,0,None,0.0,0
TCU-02207,Lobatse,LO017,Vehicle Loan,48,Private Sector,14318.0,14800.0,22.22,72,374.0,11,12515.0,2024-07-08,0.0261,831,1,11.0,1,1,34571.0,Current,0,0,None,0.0,0
TCU-02208,Selebi-Phikwe,LO011,Agriculture Loan,64,Self-Employed,9287.0,57800.0,13.83,84,1078.0,5,53326.0,2025-01-17,0.1161,709,1,1.2,0,1,126612.0,Late (30–89 days),51,1,Called,7035.0,1
TCU-02209,Maun,LO006,Home Loan,46,Private Sector,20896.0,146300.0,15.99,12,13273.0,12,0.0,2024-01-05,0.6352,850,1,12.1,0,0,0.0,Current,0,0,None,0.0,0
TCU-02210,Selebi-Phikwe,LO016,Business Loan,61,Self-Employed,34155.0,244800.0,15.6,24,11939.0,16,80914.0,2024-02-25,0.3496,850,1,10.3,0,1,208165.0,Current,0,0,None,0.0,0
TCU-02211,Selebi-Phikwe,LO008,Home Loan,24,Student,3743.0,67700.0,9.75,12,5944.0,9,16644.0,2024-09-27,1.588,701,0,1.0,1,0,0.0,Late (30–89 days),43,2,None,5795.0,1
TCU-02212,Selebi-Phikwe,LO013,Home Loan,33,Pensioner,9745.0,90100.0,10.65,60,1943.0,4,78511.0,2025-02-27,0.1994,787,3,26.4,0,0,0.0,Current,0,0,None,0.0,0
TCU-02213,Lobatse,LO006,Agriculture Loan,54,Farmer,7810.0,175700.0,10.23,12,15466.0,12,0.0,2024-02-22,1.9803,716,1,10.5,0,1,326257.0,Late (30–89 days),70,2,SMS Sent,0.0,1
TCU-02214,Maun,LO012,Personal Loan,40,Government Employee,13592.0,109900.0,11.54,12,9741.0,3,77521.0,2025-03-13,0.7167,810,0,3.6,0,1,161513.0,Current,0,0,None,0.0,0
TCU-02215,Lobatse,LO012,Home Loan,45,Student,3473.0,37800.0,23.06,72,974.0,11,28404.0,2024-07-14,0.2804,711,0,20.2,0,0,0.0,Current,0,0,None,0.0,0
TCU-02216,Selebi-Phikwe,LO015,Agriculture Loan,28,Student,4243.0,79400.0,14.37,84,1504.0,9,66060.0,2024-09-27,0.3545,639,4,26.0,0,0,0.0,Current,0,0,None,0.0,0
TCU-02217,Maun,LO016,Home Loan,48,Pensioner,9993.0,125100.0,20.52,48,3842.0,10,94809.0,2024-08-05,0.3845,699,2,21.2,0,1,197782.0,Current,0,0,None,0.0,0
TCU-02218,Maun,LO007,Personal Loan,25,Pensioner,8736.0,78200.0,19.75,72,1862.0,2,74171.0,2025-04-02,0.2131,722,2,19.4,0,1,150733.0,Current,0,0,None,0.0,0
TCU-02219,Maun,LO002,Business Loan,66,Farmer,13880.0,268100.0,22.91,36,10366.0,5,214856.0,2025-01-11,0.7468,850,1,11.5,1,1,292221.0,Late (30–89 days),61,1,Called,45712.0,1
TCU-02220,Francistown,LO012,Education Loan,28,Pensioner,9512.0,112900.0,20.36,36,4217.0,7,85258.0,2024-12-01,0.4433,694,0,5.7,0,1,275460.0,Current,0,0,None,0.0,0
TCU-02221,Selebi-Phikwe,LO006,Agriculture Loan,26,Government Employee,15909.0,169800.0,22.61,36,6538.0,13,100580.0,2024-05-08,0.411,739,2,5.0,0,1,396435.0,Early (1–29 days),13,1,None,0.0,0
TCU-02222,Selebi-Phikwe,LO013,Business Loan,22,Student,4406.0,24000.0,19.04,12,2212.0,12,0.0,2024-07-04,0.502,661,4,22.5,3,1,48762.0,Late (30–89 days),55,1,Legal Notice,0.0,1
TCU-02223,Gaborone Main,LO006,Home Loan,64,Farmer,4809.0,88100.0,9.87,72,1626.0,10,75262.0,2024-08-21,0.3381,748,0,6.3,0,1,77004.0,Current,0,0,None,0.0,0
TCU-02224,Selebi-Phikwe,LO002,Agriculture Loan,45,Private Sector,27207.0,337500.0,12.31,36,11260.0,2,278289.0,2025-04-26,0.4139,850,0,1.5,0,0,0.0,Current,0,0,None,0.0,0
TCU-02225,Gaborone Main,LO008,Education Loan,47,Government Employee,8289.0,119100.0,22.65,24,6217.0,2,98756.0,2025-04-29,0.75,706,0,15.0,1,1,256185.0,Current,0,0,None,0.0,0
TCU-02226,Selebi-Phikwe,LO008,Education Loan,45,Self-Employed,17343.0,265300.0,10.88,36,8671.0,11,173528.0,2024-08-02,0.5,789,2,9.3,1,0,0.0,Defaulted,266,8,Called,107544.0,1
TCU-02227,Gaborone Main,LO015,Education Loan,34,Pensioner,9842.0,190400.0,14.52,60,4482.0,8,140510.0,2024-10-22,0.4554,720,0,3.5,1,1,285797.0,Current,0,0,None,0.0,0
TCU-02228,Gaborone Main,LO013,Home Loan,60,Pensioner,7209.0,114000.0,21.91,72,2858.0,13,81699.0,2024-05-16,0.3964,850,0,5.9,0,1,168584.0,Current,0,0,None,0.0,0
TCU-02229,Selebi-Phikwe,LO004,Agriculture Loan,49,Pensioner,9086.0,60400.0,17.67,84,1258.0,15,48462.0,2024-04-03,0.1385,778,0,25.2,0,1,132079.0,Current,0,0,None,0.0,0
TCU-02230,Gaborone Main,LO005,Agriculture Loan,29,Self-Employed,14352.0,51000.0,12.55,60,1149.0,12,35725.0,2024-06-08,0.0801,753,0,4.9,0,0,0.0,Late (30–89 days),42,1,Legal Notice,7570.0,1
TCU-02231,Francistown,LO009,Agriculture Loan,32,Pensioner,5415.0,47200.0,16.07,12,4284.0,10,7083.0,2024-08-26,0.7911,678,4,3.9,2,0,0.0,Defaulted,233,11,None,3709.0,1
TCU-02232,Maun,LO002,Education Loan,53,Farmer,12043.0,300100.0,15.54,60,7225.0,5,242722.0,2025-01-06,0.5999,700,0,8.6,0,1,477276.0,Current,0,0,None,0.0,0
TCU-02233,Gaborone Main,LO005,Vehicle Loan,37,Farmer,14381.0,362100.0,13.68,48,9837.0,12,248005.0,2024-06-16,0.684,634,2,13.2,0,1,789309.0,Current,0,0,None,0.0,0
TCU-02234,Lobatse,LO006,Agriculture Loan,51,Private Sector,13217.0,82300.0,12.83,24,3906.0,12,36001.0,2024-06-12,0.2955,799,4,28.4,1,1,166676.0,Defaulted,346,8,Called,17261.0,1
TCU-02235,Lobatse,LO001,Vehicle Loan,35,Self-Employed,9204.0,260600.0,21.86,36,9934.0,16,142116.0,2024-02-13,1.0793,634,0,5.6,0,1,469978.0,Current,0,0,None,0.0,0
TCU-02236,Lobatse,LO019,Business Loan,65,Government Employee,17780.0,314100.0,18.48,12,28868.0,8,95512.0,2024-10-13,1.6236,662,0,29.0,0,1,760931.0,Late (30–89 days),42,2,None,22751.0,1
TCU-02237,Lobatse,LO015,Education Loan,36,Private Sector,21454.0,394900.0,9.74,84,6503.0,17,283813.0,2024-01-23,0.3031,848,2,10.5,0,0,0.0,Current,0,0,None,0.0,0
TCU-02238,Francistown,LO006,Agriculture Loan,52,Private Sector,22755.0,7400.0,8.57,48,183.0,15,4750.0,2024-03-12,0.008,808,1,9.5,1,1,11661.0,Current,0,0,None,0.0,0
TCU-02239,Maun,LO018,Business Loan,61,Government Employee,20579.0,193500.0,14.13,60,4515.0,5,165971.0,2025-01-25,0.2194,850,2,26.0,0,0,0.0,Current,0,0,None,0.0,0
TCU-02240,Maun,LO004,Personal Loan,62,Student,4111.0,45200.0,14.2,72,936.0,4,37425.0,2025-02-24,0.2277,692,0,2.6,0,1,68500.0,Late (30–89 days),71,2,None,12628.0,1
TCU-02241,Selebi-Phikwe,LO010,Vehicle Loan,42,Pensioner,4212.0,67400.0,11.14,36,2211.0,7,52338.0,2024-11-28,0.5249,716,1,8.5,1,1,166016.0,Current,0,0,None,0.0,0
TCU-02242,Francistown,LO016,Personal Loan,25,Student,2708.0,86200.0,11.45,12,7637.0,12,0.0,2024-02-14,2.8202,628,0,25.4,0,1,202363.0,Current,0,0,None,0.0,0
TCU-02243,Francistown,LO006,Home Loan,68,Government Employee,10778.0,189000.0,17.59,36,6794.0,3,161530.0,2025-03-24,0.6304,850,1,11.7,0,1,352737.0,Late (30–89 days),72,1,SMS Sent,34737.0,1
TCU-02244,Gaborone Main,LO002,Personal Loan,24,Student,1973.0,92000.0,16.62,12,8374.0,5,48770.0,2025-01-15,4.2443,648,1,28.3,0,0,0.0,Late (30–89 days),71,1,Letter Sent,5188.0,1
TCU-02245,Gaborone Main,LO002,Vehicle Loan,59,Government Employee,10882.0,19300.0,21.52,36,732.0,12,12865.0,2024-06-26,0.0673,765,0,28.7,0,0,0.0,Current,0,0,None,0.0,0
TCU-02246,Francistown,LO003,Personal Loan,64,Self-Employed,32826.0,9600.0,9.87,72,177.0,2,8703.0,2025-04-11,0.0054,850,0,12.8,1,1,20897.0,Current,0,0,None,0.0,0
TCU-02247,Gaborone Main,LO011,Vehicle Loan,36,Self-Employed,4757.0,34800.0,10.54,48,892.0,2,28606.0,2025-04-30,0.1875,706,0,12.0,0,1,34790.0,Current,0,0,None,0.0,0
TCU-02248,Maun,LO007,Home Loan,52,Government Employee,18478.0,19000.0,10.13,84,317.0,3,18221.0,2025-03-07,0.0172,850,0,8.0,0,1,45790.0,Current,0,0,None,0.0,0
TCU-02249,Selebi-Phikwe,LO003,Business Loan,53,Private Sector,9495.0,88300.0,8.99,72,1591.0,7,71595.0,2024-11-09,0.1676,751,3,16.7,0,0,0.0,Current,0,0,None,0.0,0
TCU-02250,Francistown,LO014,Personal Loan,42,Private Sector,8379.0,98100.0,19.9,60,2594.0,10,79078.0,2024-08-31,0.3096,686,2,17.9,0,0,0.0,Early (1–29 days),20,1,None,0.0,0
TCU-02251,Lobatse,LO004,Business Loan,61,Student,4421.0,88600.0,19.46,84,1939.0,13,71089.0,2024-05-18,0.4386,770,1,13.7,2,0,0.0,Current,0,0,None,0.0,0
TCU-02252,Maun,LO009,Agriculture Loan,61,Private Sector,10601.0,327000.0,10.8,48,8420.0,9,251531.0,2024-09-23,0.7943,712,1,16.2,1,0,0.0,Current,0,0,None,0.0,0
TCU-02253,Gaborone Main,LO002,Home Loan,57,Government Employee,9191.0,207900.0,19.81,72,4957.0,2,176306.0,2025-04-24,0.5393,760,1,14.4,0,1,302537.0,Current,0,0,None,0.0,0
TCU-02254,Francistown,LO009,Personal Loan,54,Student,3262.0,85500.0,9.79,72,1575.0,10,64691.0,2024-08-12,0.4828,708,2,29.8,0,1,150076.0,Current,0,0,None,0.0,0
TCU-02255,Francistown,LO001,Personal Loan,67,Farmer,8355.0,63700.0,21.08,36,2403.0,14,37055.0,2024-04-29,0.2876,688,1,26.5,0,0,0.0,Current,0,0,None,0.0,0
TCU-02256,Lobatse,LO009,Personal Loan,27,Government Employee,19448.0,372400.0,11.3,72,7146.0,1,333686.0,2025-05-03,0.3674,850,1,22.8,0,1,442596.0,Current,0,0,None,0.0,0
TCU-02257,Gaborone Main,LO013,Vehicle Loan,63,Self-Employed,29280.0,249100.0,8.63,72,4445.0,6,206223.0,2024-12-14,0.1518,850,0,25.0,0,0,0.0,Current,0,0,None,0.0,0
TCU-02258,Gaborone Main,LO019,Education Loan,33,Self-Employed,33860.0,488200.0,14.25,48,13402.0,8,364826.0,2024-10-29,0.3958,850,0,17.4,0,1,495800.0,Early (1–29 days),1,1,None,0.0,0
TCU-02259,Lobatse,LO019,Education Loan,66,Private Sector,29248.0,50600.0,10.32,72,946.0,1,43233.0,2025-05-31,0.0323,850,3,6.7,0,1,41714.0,Current,0,0,None,0.0,0
TCU-02260,Gaborone Main,LO004,Vehicle Loan,39,Pensioner,6613.0,8600.0,19.24,72,202.0,16,5966.0,2024-02-11,0.0305,669,2,10.5,1,0,0.0,Current,0,0,None,0.0,0
TCU-02261,Francistown,LO020,Home Loan,64,Private Sector,7258.0,188400.0,14.6,24,9099.0,16,55386.0,2024-03-01,1.2537,680,1,11.1,0,0,0.0,Current,0,0,None,0.0,0
TCU-02262,Francistown,LO009,Agriculture Loan,26,Self-Employed,29154.0,145800.0,17.78,24,7263.0,1,118788.0,2025-05-23,0.2491,850,0,2.2,0,0,0.0,Current,0,0,None,0.0,0
TCU-02263,Gaborone Main,LO008,Agriculture Loan,22,Government Employee,10436.0,228900.0,21.63,36,8698.0,14,135954.0,2024-04-09,0.8335,637,1,17.5,0,0,0.0,Current,0,0,None,0.0,0
TCU-02264,Gaborone Main,LO019,Personal Loan,47,Farmer,8984.0,77200.0,22.38,12,7240.0,8,22736.0,2024-10-14,0.8059,785,1,22.5,1,0,0.0,Late (30–89 days),71,1,Called,2985.0,1
TCU-02265,Selebi-Phikwe,LO005,Vehicle Loan,51,Student,1866.0,36400.0,20.77,12,3385.0,12,0.0,2024-06-22,1.814,792,1,9.4,1,1,49608.0,Defaulted,136,11,Home Visit,0.0,1
TCU-02266,Selebi-Phikwe,LO009,Education Loan,56,Pensioner,7457.0,32400.0,17.57,36,1164.0,6,23720.0,2024-12-26,0.1561,756,1,2.4,0,1,42116.0,Current,0,0,None,0.0,0
TCU-02267,Francistown,LO008,Agriculture Loan,41,Self-Employed,28331.0,119800.0,20.45,72,2901.0,16,87873.0,2024-02-07,0.1024,850,1,7.1,1,0,0.0,Current,0,0,None,0.0,0
TCU-02268,Maun,LO006,Agriculture Loan,67,Private Sector,19738.0,73800.0,17.7,72,1671.0,1,67723.0,2025-05-13,0.0847,828,2,5.1,0,1,178291.0,Current,0,0,None,0.0,0
TCU-02269,Selebi-Phikwe,LO016,Vehicle Loan,32,Government Employee,20498.0,466000.0,14.84,12,42025.0,12,0.0,2024-01-21,2.0502,850,1,18.8,0,1,618725.0,Current,0,0,None,0.0,0
TCU-02270,Francistown,LO018,Home Loan,30,Pensioner,5503.0,12800.0,18.71,72,297.0,8,10739.0,2024-10-28,0.054,594,0,7.4,0,1,21708.0,Current,0,0,None,0.0,0
TCU-02271,Gaborone Main,LO017,Personal Loan,46,Pensioner,9994.0,122200.0,23.94,24,6457.0,4,98681.0,2025-02-18,0.6461,786,1,26.8,1,1,292114.0,Defaulted,98,10,SMS Sent,79084.0,1
TCU-02272,Maun,LO017,Agriculture Loan,61,Government Employee,16435.0,15100.0,14.06,60,352.0,10,12417.0,2024-08-19,0.0214,839,0,29.9,1,1,27641.0,Current,0,0,None,0.0,0
TCU-02273,Gaborone Main,LO017,Business Loan,44,Self-Employed,11175.0,176200.0,13.22,48,4746.0,7,131195.0,2024-11-10,0.4247,716,3,7.1,1,1,200868.0,Current,0,0,None,0.0,0
TCU-02274,Lobatse,LO014,Vehicle Loan,25,Farmer,8358.0,5100.0,20.55,24,261.0,7,3333.0,2024-11-22,0.0312,743,3,19.3,2,1,4597.0,Current,0,0,None,0.0,0
TCU-02275,Maun,LO006,Home Loan,46,Government Employee,16020.0,89100.0,21.34,84,2051.0,3,82497.0,2025-03-20,0.128,838,1,2.4,0,0,0.0,Current,0,0,None,0.0,0
TCU-02276,Francistown,LO014,Home Loan,38,Student,3410.0,28800.0,19.28,72,678.0,5,25773.0,2025-01-05,0.1988,708,1,2.3,0,1,67712.0,Defaulted,342,7,Legal Notice,19192.0,1
TCU-02277,Gaborone Main,LO002,Personal Loan,46,Self-Employed,33707.0,167100.0,18.99,84,3610.0,11,143147.0,2024-07-26,0.1071,850,1,13.1,0,1,311471.0,Current,0,0,None,0.0,0
TCU-02278,Gaborone Main,LO005,Business Loan,43,Self-Employed,14716.0,382100.0,12.89,12,34108.0,11,29223.0,2024-07-16,2.3177,666,1,0.7,0,0,0.0,Defaulted,272,9,Called,24368.0,1
TCU-02279,Selebi-Phikwe,LO016,Home Loan,58,Private Sector,15324.0,332100.0,13.79,84,6185.0,9,252657.0,2024-09-21,0.4036,839,4,22.8,3,1,519139.0,Late (30–89 days),55,2,Called,64957.0,1
TCU-02280,Gaborone Main,LO019,Home Loan,33,Student,3033.0,64900.0,16.17,48,1845.0,6,52565.0,2025-01-01,0.6083,574,2,6.4,0,0,0.0,Late (30–89 days),65,2,None,10317.0,1
TCU-02281,Selebi-Phikwe,LO002,Home Loan,60,Private Sector,26583.0,168900.0,19.7,84,3720.0,2,141699.0,2025-04-06,0.1399,850,1,8.5,3,0,0.0,Late (30–89 days),67,2,Called,46002.0,1
TCU-02282,Maun,LO009,Business Loan,57,Self-Employed,32913.0,289200.0,23.93,36,11336.0,17,136642.0,2024-01-08,0.3444,850,1,16.0,1,0,0.0,Current,0,0,None,0.0,0
TCU-02283,Selebi-Phikwe,LO013,Business Loan,24,Pensioner,9330.0,370200.0,11.2,24,17289.0,7,240166.0,2024-11-10,1.8531,668,1,14.0,0,0,0.0,Defaulted,298,4,Home Visit,186730.0,1
TCU-02284,Selebi-Phikwe,LO007,Vehicle Loan,32,Government Employee,23851.0,121100.0,16.68,48,3474.0,11,80229.0,2024-07-21,0.1457,850,0,19.4,0,1,239103.0,Current,0,0,None,0.0,0
TCU-02285,Selebi-Phikwe,LO006,Home Loan,67,Government Employee,20694.0,310600.0,16.96,72,6903.0,3,274419.0,2025-03-17,0.3336,850,2,15.3,0,1,762590.0,Current,0,0,None,0.0,0
TCU-02286,Selebi-Phikwe,LO015,Personal Loan,63,Pensioner,9921.0,113600.0,15.37,72,2425.0,9,92225.0,2024-10-01,0.2444,763,1,14.1,0,1,162451.0,Current,0,0,None,0.0,0
TCU-02287,Gaborone Main,LO001,Education Loan,60,Pensioner,5135.0,48800.0,15.34,36,1700.0,6,36210.0,2024-12-15,0.3311,795,3,22.8,3,1,65147.0,Current,0,0,None,0.0,0
TCU-02288,Lobatse,LO011,Personal Loan,57,Government Employee,15558.0,484100.0,15.49,12,43806.0,3,333460.0,2025-03-21,2.8157,823,1,29.3,0,0,0.0,Defaulted,139,9,Letter Sent,268697.0,1
TCU-02289,Lobatse,LO007,Business Loan,42,Private Sector,15606.0,126600.0,23.81,84,3109.0,10,110876.0,2024-08-16,0.1992,799,2,21.9,0,0,0.0,Current,0,0,None,0.0,0
TCU-02290,Selebi-Phikwe,LO011,Education Loan,66,Farmer,3828.0,85700.0,14.05,60,1996.0,2,76273.0,2025-04-04,0.5214,818,0,21.2,0,1,146192.0,Current,0,0,None,0.0,0
TCU-02291,Maun,LO007,Home Loan,24,Government Employee,13212.0,314300.0,11.49,48,8198.0,2,283858.0,2025-04-27,0.6205,628,4,13.4,0,1,706523.0,Current,0,0,None,0.0,0
TCU-02292,Gaborone Main,LO001,Agriculture Loan,59,Pensioner,6423.0,225100.0,20.65,84,5087.0,2,211875.0,2025-04-04,0.792,727,1,19.2,0,0,0.0,Defaulted,161,12,Legal Notice,112831.0,1
TCU-02293,Gaborone Main,LO003,Education Loan,61,Private Sector,25908.0,135000.0,11.79,84,2368.0,6,107496.0,2024-12-15,0.0914,850,3,2.3,0,1,218190.0,Late (30–89 days),89,1,Called,16542.0,1
TCU-02294,Lobatse,LO017,Business Loan,68,Pensioner,7525.0,188300.0,21.43,12,17572.0,12,0.0,2024-04-17,2.3351,726,0,20.2,1,0,0.0,Current,0,0,None,0.0,0
TCU-02295,Selebi-Phikwe,LO018,Personal Loan,49,Government Employee,20293.0,258900.0,23.23,12,24385.0,7,103464.0,2024-11-13,1.2016,850,4,20.6,0,0,0.0,Late (30–89 days),74,1,Letter Sent,13412.0,1
TCU-02296,Selebi-Phikwe,LO001,Home Loan,35,Private Sector,17846.0,39300.0,22.18,12,3682.0,6,17487.0,2024-12-18,0.2063,799,0,19.1,0,0,0.0,Current,0,0,None,0.0,0
TCU-02297,Selebi-Phikwe,LO020,Agriculture Loan,28,Pensioner,4283.0,47200.0,13.04,48,1267.0,4,38834.0,2025-03-02,0.2958,644,3,24.9,3,1,88671.0,Late (30–89 days),66,1,SMS Sent,12523.0,1
TCU-02298,Gaborone Main,LO004,Personal Loan,48,Pensioner,6042.0,191000.0,23.85,48,6211.0,17,116398.0,2024-01-19,1.028,682,0,18.4,0,0,0.0,Late (30–89 days),68,2,SMS Sent,17680.0,1
TCU-02299,Selebi-Phikwe,LO002,Personal Loan,22,Pensioner,6230.0,121500.0,23.76,84,2980.0,17,87590.0,2024-01-30,0.4783,706,4,22.5,2,0,0.0,Current,0,0,None,0.0,0
TCU-02300,Lobatse,LO001,Home Loan,63,Student,4980.0,43000.0,12.78,72,858.0,6,35412.0,2024-12-04,0.1723,824,4,3.4,0,0,0.0,Late (30–89 days),83,2,None,11440.0,1
TCU-02301,Maun,LO004,Personal Loan,50,Student,4691.0,59300.0,17.29,72,1329.0,18,39368.0,2024-01-02,0.2833,654,1,24.5,0,1,50117.0,Current,0,0,None,0.0,0
TCU-02302,Lobatse,LO013,Education Loan,54,Self-Employed,35512.0,335800.0,11.43,36,11062.0,13,201342.0,2024-05-27,0.3115,850,0,23.9,0,1,832130.0,Current,0,0,None,0.0,0
TCU-02303,Selebi-Phikwe,LO017,Business Loan,62,Self-Employed,25915.0,274400.0,11.47,12,24312.0,10,41975.0,2024-08-07,0.9381,850,0,29.0,1,1,519214.0,Late (30–89 days),74,1,Legal Notice,8992.0,1
TCU-02304,Gaborone Main,LO007,Home Loan,51,Pensioner,9850.0,134000.0,18.63,36,4887.0,17,63502.0,2024-01-15,0.4961,780,2,16.8,0,0,0.0,Early (1–29 days),2,1,None,0.0,0
TCU-02305,Maun,LO010,Agriculture Loan,39,Pensioner,7943.0,234200.0,19.99,72,5608.0,11,188462.0,2024-07-15,0.706,685,3,17.7,0,1,317483.0,Current,0,0,None,0.0,0
TCU-02306,Gaborone Main,LO009,Home Loan,45,Farmer,4214.0,71400.0,20.33,84,1600.0,3,59155.0,2025-04-01,0.3797,687,3,2.2,0,1,97579.0,Late (30–89 days),81,2,SMS Sent,7536.0,1
TCU-02307,Francistown,LO006,Home Loan,41,Pensioner,8501.0,49100.0,13.81,84,915.0,13,41074.0,2024-05-18,0.1076,702,0,24.6,0,0,0.0,Current,0,0,None,0.0,0
TCU-02308,Gaborone Main,LO003,Personal Loan,62,Government Employee,10800.0,205400.0,8.86,48,5098.0,2,184432.0,2025-04-10,0.472,800,0,29.5,0,1,326584.0,Current,0,0,None,0.0,0
TCU-02309,Lobatse,LO010,Personal Loan,34,Farmer,6521.0,62100.0,11.13,84,1068.0,17,47674.0,2024-01-24,0.1638,682,0,29.5,0,0,0.0,Early (1–29 days),24,1,None,0.0,0
TCU-02310,Gaborone Main,LO020,Agriculture Loan,61,Self-Employed,38924.0,322300.0,15.26,24,15667.0,4,234436.0,2025-02-10,0.4025,850,4,15.0,0,0,0.0,Current,0,0,None,0.0,0
TCU-02311,Maun,LO019,Personal Loan,29,Government Employee,23578.0,371900.0,22.53,60,10384.0,15,252697.0,2024-03-27,0.4404,810,1,21.7,1,1,565697.0,Current,0,0,None,0.0,0
TCU-02312,Francistown,LO018,Home Loan,52,Private Sector,9397.0,182700.0,18.47,24,9163.0,16,57823.0,2024-03-02,0.9751,819,0,5.1,0,0,0.0,Current,0,0,None,0.0,0
TCU-02313,Francistown,LO009,Business Loan,63,Student,1615.0,47700.0,16.49,12,4339.0,9,10327.0,2024-09-07,2.6867,631,0,21.8,0,1,109820.0,Defaulted,123,6,SMS Sent,4204.0,1
TCU-02314,Gaborone Main,LO010,Vehicle Loan,29,Private Sector,13257.0,30200.0,12.35,72,596.0,1,27557.0,2025-05-04,0.045,823,3,1.3,1,1,70794.0,Late (30–89 days),60,2,None,2918.0,1
TCU-02315,Gaborone Main,LO010,Education Loan,30,Farmer,8597.0,194300.0,17.99,72,4430.0,2,180284.0,2025-04-05,0.5153,648,1,23.5,0,1,160533.0,Current,0,0,None,0.0,0
TCU-02316,Selebi-Phikwe,LO006,Agriculture Loan,61,Farmer,8367.0,52200.0,14.87,12,4708.0,12,0.0,2024-02-11,0.5627,833,3,18.7,0,1,100165.0,Current,0,0,None,0.0,0
TCU-02317,Francistown,LO016,Personal Loan,28,Government Employee,20448.0,335100.0,14.22,60,7835.0,10,247226.0,2024-08-16,0.3832,809,2,3.0,0,1,499526.0,Current,0,0,None,0.0,0
TCU-02318,Selebi-Phikwe,LO010,Agriculture Loan,61,Student,2576.0,67500.0,9.11,12,5906.0,12,0.0,2024-04-24,2.2927,671,1,21.7,0,1,66616.0,Late (30–89 days),59,1,SMS Sent,0.0,1
TCU-02319,Gaborone Main,LO011,Agriculture Loan,34,Farmer,7427.0,137500.0,11.32,36,4522.0,13,77440.0,2024-05-13,0.6089,764,0,24.0,0,0,0.0,Current,0,0,None,0.0,0
TCU-02320,Maun,LO015,Agriculture Loan,50,Government Employee,17374.0,15800.0,18.89,36,578.0,2,14087.0,2025-04-15,0.0333,759,0,29.3,1,1,29619.0,Current,0,0,None,0.0,0
TCU-02321,Lobatse,LO009,Business Loan,38,Pensioner,5657.0,117000.0,21.3,48,3642.0,4,98044.0,2025-02-03,0.6438,737,2,23.7,1,1,200721.0,Defaulted,124,11,Home Visit,46665.0,1
TCU-02322,Francistown,LO010,Vehicle Loan,67,Farmer,8564.0,127300.0,16.53,36,4509.0,5,104691.0,2025-01-18,0.5265,792,1,7.4,3,0,0.0,Late (30–89 days),83,1,Home Visit,18783.0,1
TCU-02323,Gaborone Main,LO007,Home Loan,42,Self-Employed,13982.0,318300.0,13.82,48,8669.0,2,288418.0,2025-04-12,0.62,845,2,2.3,2,0,0.0,Late (30–89 days),53,2,SMS Sent,98690.0,1
TCU-02324,Selebi-Phikwe,LO007,Personal Loan,23,Government Employee,21196.0,73000.0,11.17,36,2396.0,12,42158.0,2024-06-28,0.113,826,0,19.0,0,1,74183.0,Current,0,0,None,0.0,0
TCU-02325,Maun,LO004,Vehicle Loan,62,Private Sector,17260.0,180800.0,13.47,72,3674.0,4,153032.0,2025-02-17,0.2129,850,0,13.4,0,0,0.0,Late (30–89 days),38,1,SMS Sent,25832.0,1
TCU-02326,Lobatse,LO013,Personal Loan,48,Self-Employed,20474.0,82400.0,9.46,84,1345.0,14,65826.0,2024-04-19,0.0657,850,1,12.9,0,1,98401.0,Current,0,0,None,0.0,0
TCU-02327,Lobatse,LO011,Vehicle Loan,32,Government Employee,20251.0,101600.0,11.28,36,3340.0,18,46399.0,2024-01-02,0.1649,787,1,27.4,0,0,0.0,Current,0,0,None,0.0,0
TCU-02328,Maun,LO005,Business Loan,39,Student,2889.0,28800.0,10.1,72,535.0,17,21341.0,2024-01-28,0.1852,712,2,20.5,0,0,0.0,Current,0,0,None,0.0,0
TCU-02329,Francistown,LO006,Personal Loan,48,Private Sector,26076.0,409900.0,15.73,12,37138.0,5,220199.0,2025-01-20,1.4242,850,1,10.5,0,1,989435.0,Late (30–89 days),87,1,Home Visit,31901.0,1
TCU-02330,Francistown,LO003,Agriculture Loan,24,Self-Employed,5629.0,31100.0,10.72,48,800.0,9,23820.0,2024-09-16,0.1421,538,3,26.2,2,0,0.0,Current,0,0,None,0.0,0
TCU-02331,Selebi-Phikwe,LO002,Personal Loan,56,Student,3202.0,74700.0,18.44,72,1722.0,2,72139.0,2025-04-06,0.5378,784,1,4.0,0,1,142674.0,Current,0,0,None,0.0,0
TCU-02332,Francistown,LO012,Business Loan,35,Pensioner,4888.0,50500.0,12.68,84,910.0,17,36640.0,2024-01-31,0.1862,617,0,6.0,0,0,0.0,Early (1–29 days),28,1,None,0.0,0
TCU-02333,Francistown,LO014,Personal Loan,29,Student,2886.0,39700.0,13.32,48,1071.0,9,28368.0,2024-09-10,0.3711,585,0,26.7,0,1,81788.0,Early (1–29 days),16,1,None,0.0,0
TCU-02334,Gaborone Main,LO002,Business Loan,64,Farmer,14582.0,332700.0,18.55,36,12120.0,9,223091.0,2024-09-26,0.8312,794,1,1.8,1,1,529113.0,Defaulted,302,10,SMS Sent,182061.0,1
TCU-02335,Francistown,LO011,Vehicle Loan,43,Government Employee,21235.0,122600.0,15.49,24,5973.0,8,74340.0,2024-10-07,0.2813,848,4,12.2,0,0,0.0,Current,0,0,None,0.0,0
TCU-02336,Selebi-Phikwe,LO011,Vehicle Loan,59,Government Employee,20445.0,73800.0,14.77,60,1747.0,15,53362.0,2024-03-13,0.0854,850,0,15.0,0,1,134665.0,Current,0,0,None,0.0,0
TCU-02337,Selebi-Phikwe,LO020,Home Loan,59,Government Employee,24050.0,69700.0,21.65,24,3604.0,6,46369.0,2024-12-22,0.1499,850,0,25.9,3,1,113815.0,Current,0,0,None,0.0,0
TCU-02338,Lobatse,LO017,Business Loan,38,Self-Employed,19696.0,146200.0,11.85,72,2847.0,8,111391.0,2024-10-16,0.1445,850,0,24.5,0,1,214478.0,Current,0,0,None,0.0,0
TCU-02339,Selebi-Phikwe,LO017,Vehicle Loan,33,Farmer,7591.0,128400.0,8.84,60,2655.0,5,107409.0,2025-01-13,0.3498,698,0,4.7,3,1,146750.0,Current,0,0,None,0.0,0
TCU-02340,Francistown,LO018,Personal Loan,22,Pensioner,5409.0,87700.0,12.61,72,1742.0,14,62338.0,2024-04-24,0.3221,667,1,13.8,0,0,0.0,Current,0,0,None,0.0,0
TCU-02341,Lobatse,LO020,Home Loan,48,Student,4559.0,21300.0,21.26,72,526.0,13,16435.0,2024-05-08,0.1154,684,3,22.1,1,1,22157.0,Current,0,0,None,0.0,0
TCU-02342,Lobatse,LO012,Education Loan,54,Government Employee,16540.0,335200.0,22.76,72,8574.0,1,282225.0,2025-05-28,0.5184,728,2,24.7,0,1,680628.0,Current,0,0,None,0.0,0
TCU-02343,Selebi-Phikwe,LO005,Home Loan,68,Private Sector,24665.0,67900.0,16.0,60,1651.0,9,50236.0,2024-09-22,0.0669,831,1,21.5,0,1,71369.0,Current,0,0,None,0.0,0
TCU-02344,Gaborone Main,LO013,Education Loan,42,Government Employee,22707.0,372700.0,17.28,48,10808.0,9,273816.0,2024-09-16,0.476,850,0,20.1,0,0,0.0,Early (1–29 days),13,1,None,0.0,0
TCU-02345,Lobatse,LO011,Personal Loan,33,Self-Employed,12091.0,172500.0,19.68,72,4100.0,6,154044.0,2024-12-15,0.3391,727,1,12.2,0,0,0.0,Current,0,0,None,0.0,0
TCU-02346,Gaborone Main,LO015,Business Loan,35,Private Sector,10639.0,204500.0,9.85,36,6584.0,4,163499.0,2025-02-13,0.6189,762,0,2.1,0,1,365341.0,Current,0,0,None,0.0,0
TCU-02347,Selebi-Phikwe,LO014,Agriculture Loan,26,Farmer,13488.0,208700.0,20.16,12,19349.0,5,121709.0,2025-01-23,1.4345,687,0,5.9,0,1,275649.0,Current,0,0,None,0.0,0
TCU-02348,Francistown,LO015,Agriculture Loan,28,Self-Employed,4163.0,80700.0,12.41,24,3814.0,8,50629.0,2024-10-30,0.9162,687,3,5.1,0,1,128954.0,Current,0,0,None,0.0,0
TCU-02349,Francistown,LO010,Business Loan,31,Government Employee,24440.0,279500.0,17.65,48,8159.0,11,214585.0,2024-07-15,0.3338,850,2,17.5,2,1,320532.0,Late (30–89 days),72,1,Letter Sent,53159.0,1
TCU-02350,Lobatse,LO011,Personal Loan,56,Private Sector,18147.0,63400.0,10.07,36,2048.0,7,44999.0,2024-11-17,0.1129,850,4,3.1,0,0,0.0,Current,0,0,None,0.0,0
TCU-02351,Selebi-Phikwe,LO003,Education Loan,36,Government Employee,19453.0,36900.0,24.0,24,1951.0,11,19267.0,2024-07-19,0.1003,816,2,26.2,1,1,88285.0,Current,0,0,None,0.0,0
TCU-02352,Selebi-Phikwe,LO014,Education Loan,41,Government Employee,17715.0,205400.0,9.01,60,4265.0,13,150509.0,2024-05-16,0.2408,850,1,27.1,0,0,0.0,Current,0,0,None,0.0,0
TCU-02353,Selebi-Phikwe,LO004,Agriculture Loan,41,Self-Employed,24040.0,344900.0,10.05,60,7337.0,15,236450.0,2024-03-28,0.3052,850,1,6.3,2,1,703736.0,Late (30–89 days),88,2,Called,30205.0,1
TCU-02354,Maun,LO013,Personal Loan,48,Farmer,8173.0,7400.0,12.73,24,351.0,2,6460.0,2025-04-08,0.0429,850,1,20.2,0,1,11828.0,Current,0,0,None,0.0,0
TCU-02355,Maun,LO008,Personal Loan,48,Pensioner,5044.0,77900.0,20.37,36,2910.0,18,36981.0,2024-01-01,0.5769,624,0,18.0,0,1,69289.0,Current,0,0,None,0.0,0
TCU-02356,Gaborone Main,LO013,Vehicle Loan,26,Pensioner,7312.0,147800.0,20.02,60,3917.0,5,129188.0,2025-01-29,0.5357,747,1,8.1,2,0,0.0,Late (30–89 days),53,2,SMS Sent,20889.0,1
TCU-02357,Maun,LO001,Home Loan,50,Self-Employed,18079.0,36300.0,19.44,60,950.0,8,26972.0,2024-10-05,0.0525,783,2,14.6,0,1,79551.0,Current,0,0,None,0.0,0
TCU-02358,Gaborone Main,LO020,Home Loan,30,Self-Employed,18123.0,355300.0,11.88,36,11781.0,7,250171.0,2024-11-25,0.6501,756,2,6.0,0,1,657362.0,Current,0,0,None,0.0,0
TCU-02359,Maun,LO018,Agriculture Loan,41,Private Sector,22395.0,291600.0,22.01,48,9189.0,2,254689.0,2025-04-22,0.4103,790,0,24.1,0,1,586543.0,Current,0,0,None,0.0,0
TCU-02360,Selebi-Phikwe,LO013,Business Loan,48,Private Sector,18062.0,131800.0,10.3,84,2209.0,3,115100.0,2025-03-23,0.1223,827,0,19.3,0,1,324398.0,Current,0,0,None,0.0,0
TCU-02361,Lobatse,LO017,Education Loan,49,Student,2679.0,18100.0,12.59,48,482.0,10,13860.0,2024-08-29,0.1799,753,1,4.9,0,0,0.0,Current,0,0,None,0.0,0
TCU-02362,Francistown,LO003,Home Loan,61,Self-Employed,36295.0,135300.0,22.62,36,5211.0,9,90973.0,2024-09-15,0.1436,850,3,26.3,0,1,197800.0,Current,0,0,None,0.0,0
TCU-02363,Maun,LO002,Home Loan,45,Farmer,3271.0,25000.0,18.88,48,746.0,2,23929.0,2025-04-21,0.2281,688,0,14.1,0,0,0.0,Current,0,0,None,0.0,0
TCU-02364,Lobatse,LO020,Vehicle Loan,64,Farmer,6846.0,5100.0,8.94,72,92.0,6,4511.0,2024-12-28,0.0134,713,4,3.4,1,1,5550.0,Late (30–89 days),81,2,None,567.0,1
TCU-02365,Gaborone Main,LO003,Vehicle Loan,24,Self-Employed,5795.0,19600.0,9.32,24,898.0,7,11984.0,2024-11-21,0.155,636,0,17.8,0,1,40206.0,Current,0,0,None,0.0,0
TCU-02366,Lobatse,LO019,Personal Loan,50,Private Sector,22999.0,164400.0,12.23,60,3676.0,11,128102.0,2024-07-11,0.1598,806,0,18.6,2,1,327784.0,Current,0,0,None,0.0,0
TCU-02367,Selebi-Phikwe,LO008,Business Loan,40,Private Sector,11058.0,389500.0,21.69,60,10689.0,7,338088.0,2024-11-10,0.9666,783,1,1.7,1,0,0.0,Late (30–89 days),48,1,SMS Sent,51428.0,1
TCU-02368,Selebi-Phikwe,LO009,Agriculture Loan,49,Government Employee,22581.0,284000.0,11.62,72,5496.0,9,243819.0,2024-09-05,0.2434,838,0,28.0,3,0,0.0,Current,0,0,None,0.0,0
TCU-02369,Francistown,LO002,Agriculture Loan,40,Student,4420.0,26500.0,19.66,24,1344.0,14,10421.0,2024-04-12,0.3041,654,0,1.0,0,1,28632.0,Current,0,0,None,0.0,0
TCU-02370,Lobatse,LO004,Agriculture Loan,62,Student,1797.0,6900.0,20.94,12,642.0,12,0.0,2024-06-06,0.3573,692,0,16.5,0,1,12290.0,Late (30–89 days),73,1,None,0.0,1
TCU-02371,Lobatse,LO011,Business Loan,44,Farmer,12388.0,94900.0,9.49,12,8321.0,11,7136.0,2024-07-12,0.6717,823,0,12.0,0,0,0.0,Early (1–29 days),6,1,None,0.0,0
TCU-02372,Maun,LO020,Business Loan,36,Pensioner,4345.0,41800.0,18.16,36,1515.0,7,28672.0,2024-11-24,0.3487,636,0,19.5,0,0,0.0,Current,0,0,None,0.0,0
TCU-02373,Francistown,LO020,Home Loan,46,Pensioner,5413.0,196800.0,22.1,12,18429.0,12,0.0,2024-01-26,3.4046,693,0,15.8,0,0,0.0,Defaulted,200,7,SMS Sent,0.0,1
TCU-02374,Maun,LO019,Vehicle Loan,33,Student,2869.0,70500.0,12.15,60,1574.0,5,60242.0,2025-01-05,0.5486,608,2,22.3,0,1,167001.0,Current,0,0,None,0.0,0
TCU-02375,Maun,LO010,Home Loan,65,Self-Employed,23820.0,299300.0,8.56,36,9456.0,16,150476.0,2024-02-28,0.397,850,1,29.1,0,1,307960.0,Current,0,0,None,0.0,0
TCU-02376,Gaborone Main,LO005,Home Loan,61,Pensioner,8664.0,213400.0,23.04,60,6021.0,10,166474.0,2024-09-03,0.6949,658,0,29.6,0,0,0.0,Late (30–89 days),70,2,SMS Sent,22109.0,1
TCU-02377,Lobatse,LO015,Business Loan,25,Private Sector,20291.0,226800.0,23.9,12,21435.0,12,0.0,2024-06-08,1.0564,725,1,18.4,1,0,0.0,Late (30–89 days),31,1,SMS Sent,0.0,1
TCU-02378,Selebi-Phikwe,LO014,Education Loan,51,Farmer,10476.0,173900.0,16.08,48,4936.0,12,112791.0,2024-06-13,0.4712,782,0,9.4,0,0,0.0,Current,0,0,None,0.0,0
TCU-02379,Selebi-Phikwe,LO006,Personal Loan,47,Self-Employed,24882.0,422800.0,13.56,60,9742.0,17,284075.0,2024-02-03,0.3915,850,0,22.6,0,0,0.0,Current,0,0,None,0.0,0
TCU-02380,Francistown,LO012,Vehicle Loan,50,Pensioner,9611.0,138300.0,15.14,36,4804.0,1,123103.0,2025-05-24,0.4998,701,1,27.0,0,1,280604.0,Current,0,0,None,0.0,0
TCU-02381,Selebi-Phikwe,LO020,Agriculture Loan,25,Farmer,12289.0,96100.0,13.73,12,8616.0,5,52576.0,2025-01-18,0.7011,811,3,25.4,0,1,127591.0,Late (30–89 days),69,2,SMS Sent,13372.0,1
TCU-02382,Gaborone Main,LO010,Agriculture Loan,68,Pensioner,6385.0,188200.0,18.24,24,9418.0,11,94365.0,2024-07-06,1.475,758,0,9.2,0,0,0.0,Current,0,0,None,0.0,0
TCU-02383,Lobatse,LO006,Business Loan,32,Government Employee,13689.0,168500.0,21.11,60,4569.0,17,105806.0,2024-01-13,0.3338,796,0,24.7,3,0,0.0,Defaulted,342,9,None,53915.0,1
TCU-02384,Lobatse,LO015,Home Loan,28,Self-Employed,25244.0,50300.0,18.89,24,2533.0,7,31759.0,2024-12-02,0.1003,776,2,17.0,0,0,0.0,Current,0,0,None,0.0,0
TCU-02385,Lobatse,LO010,Education Loan,36,Self-Employed,25928.0,342800.0,21.57,12,32013.0,3,241303.0,2025-03-19,1.2347,850,2,19.6,1,1,594831.0,Late (30–89 days),35,1,Legal Notice,83939.0,1
TCU-02386,Gaborone Main,LO018,Personal Loan,66,Government Employee,16441.0,218400.0,12.37,12,19442.0,12,0.0,2024-05-05,1.1825,850,3,13.0,0,0,0.0,Late (30–89 days),36,1,SMS Sent,0.0,1
TCU-02387,Maun,LO020,Vehicle Loan,40,Student,3723.0,39900.0,22.45,36,1533.0,16,18935.0,2024-03-04,0.4118,649,0,15.8,0,0,0.0,Current,0,0,None,0.0,0
TCU-02388,Maun,LO006,Personal Loan,27,Government Employee,19490.0,407800.0,22.08,24,21172.0,4,305198.0,2025-02-20,1.0863,725,1,25.1,0,1,554288.0,Late (30–89 days),51,1,Legal Notice,76774.0,1
TCU-02389,Maun,LO015,Vehicle Loan,35,Farmer,14777.0,428200.0,21.34,60,11666.0,5,372343.0,2025-01-23,0.7895,850,1,27.3,0,1,496341.0,Late (30–89 days),82,2,Legal Notice,110603.0,1
TCU-02390,Lobatse,LO011,Home Loan,35,Farmer,10056.0,245000.0,16.01,72,5316.0,16,181785.0,2024-03-04,0.5286,748,1,25.5,2,1,545362.0,Defaulted,281,9,None,118798.0,1
TCU-02391,Gaborone Main,LO014,Personal Loan,38,Pensioner,9106.0,162000.0,10.43,12,14275.0,12,0.0,2024-06-22,1.5676,708,0,27.7,1,1,402988.0,Late (30–89 days),37,2,Home Visit,0.0,1
TCU-02392,Maun,LO020,Home Loan,35,Student,4583.0,137400.0,18.74,24,6909.0,11,68583.0,2024-07-28,1.5075,690,1,15.6,1,0,0.0,Defaulted,332,11,SMS Sent,42803.0,1
TCU-02393,Lobatse,LO003,Agriculture Loan,29,Pensioner,8701.0,227100.0,9.85,72,4190.0,10,173078.0,2024-08-24,0.4816,648,1,5.2,0,1,245932.0,Early (1–29 days),15,1,None,0.0,0
TCU-02394,Selebi-Phikwe,LO017,Vehicle Loan,28,Private Sector,24525.0,126600.0,16.4,84,2543.0,16,100052.0,2024-02-11,0.1037,850,2,6.2,2,1,112151.0,Late (30–89 days),86,1,Legal Notice,17640.0,1
TCU-02395,Francistown,LO011,Personal Loan,40,Student,3613.0,97300.0,17.21,48,2818.0,9,74148.0,2024-09-18,0.78,565,0,9.1,0,0,0.0,Early (1–29 days),26,1,None,0.0,0
TCU-02396,Lobatse,LO010,Business Loan,62,Private Sector,9195.0,183700.0,19.45,60,4811.0,10,149681.0,2024-08-16,0.5232,788,2,7.5,0,1,227357.0,Early (1–29 days),11,1,None,0.0,0
TCU-02397,Lobatse,LO006,Home Loan,64,Farmer,11487.0,202800.0,11.96,36,6732.0,14,109668.0,2024-04-27,0.5861,697,0,19.0,0,1,491823.0,Current,0,0,None,0.0,0
TCU-02398,Francistown,LO003,Personal Loan,40,Farmer,7625.0,138400.0,14.96,12,12489.0,12,0.0,2024-05-20,1.6379,711,2,8.4,0,0,0.0,Late (30–89 days),70,2,Called,0.0,1
TCU-02399,Lobatse,LO005,Personal Loan,46,Private Sector,24153.0,363300.0,9.18,84,5878.0,14,262100.0,2024-04-12,0.2434,850,0,27.6,3,0,0.0,Late (30–89 days),38,1,Legal Notice,81372.0,1
TCU-02400,Lobatse,LO019,Home Loan,40,Pensioner,6136.0,161100.0,12.81,60,3650.0,3,133321.0,2025-03-25,0.5949,832,0,25.4,0,0,0.0,Current,0,0,None,0.0,0
TCU-02401,Gaborone Main,LO015,Home Loan,30,Student,2942.0,58100.0,23.09,84,1400.0,5,49114.0,2025-01-28,0.4759,680,0,21.0,0,1,53218.0,Current,0,0,None,0.0,0
TCU-02402,Lobatse,LO018,Agriculture Loan,67,Pensioner,8783.0,66900.0,8.77,60,1381.0,10,54873.0,2024-08-22,0.1572,741,0,29.4,0,0,0.0,Current,0,0,None,0.0,0
TCU-02403,Lobatse,LO020,Vehicle Loan,36,Farmer,7083.0,136900.0,16.06,48,3884.0,13,96056.0,2024-05-15,0.5484,796,4,7.9,0,1,147727.0,Current,0,0,None,0.0,0
TCU-02404,Lobatse,LO007,Home Loan,67,Private Sector,24174.0,217200.0,11.3,84,3753.0,2,209286.0,2025-04-11,0.1552,850,0,9.3,0,1,253713.0,Early (1–29 days),14,1,None,0.0,0
TCU-02405,Francistown,LO020,Education Loan,37,Private Sector,19369.0,451800.0,23.04,24,23671.0,10,261812.0,2024-08-19,1.2221,850,1,27.5,0,0,0.0,Current,0,0,None,0.0,0
TCU-02406,Francistown,LO006,Personal Loan,33,Farmer,9329.0,203900.0,20.37,12,18924.0,12,0.0,2024-03-03,2.0285,850,0,15.5,1,0,0.0,Late (30–89 days),63,1,Legal Notice,0.0,1
TCU-02407,Francistown,LO018,Personal Loan,61,Self-Employed,21889.0,282300.0,12.92,84,5123.0,18,202235.0,2024-01-03,0.234,850,1,19.8,3,1,614930.0,Late (30–89 days),73,2,Legal Notice,56236.0,1
TCU-02408,Gaborone Main,LO009,Personal Loan,50,Private Sector,25888.0,339100.0,11.84,36,11237.0,13,193153.0,2024-05-31,0.4341,850,0,19.0,1,0,0.0,Current,0,0,None,0.0,0
TCU-02409,Gaborone Main,LO013,Business Loan,51,Private Sector,11317.0,61900.0,18.69,72,1436.0,1,58888.0,2025-05-24,0.1269,793,1,25.3,1,0,0.0,Late (30–89 days),88,1,Legal Notice,11274.0,1
TCU-02410,Selebi-Phikwe,LO020,Personal Loan,56,Pensioner,4299.0,15400.0,23.83,84,378.0,12,12152.0,2024-07-02,0.0879,751,0,8.8,0,1,38489.0,Current,0,0,None,0.0,0
TCU-02411,Francistown,LO018,Business Loan,26,Self-Employed,7069.0,184500.0,16.14,60,4500.0,6,143801.0,2024-12-31,0.6366,580,0,3.6,0,1,234182.0,Current,0,0,None,0.0,0
TCU-02412,Gaborone Main,LO005,Business Loan,46,Government Employee,9654.0,138900.0,14.2,12,12485.0,12,0.0,2024-02-04,1.2932,810,0,12.6,0,1,184853.0,Current,0,0,None,0.0,0
TCU-02413,Lobatse,LO009,Vehicle Loan,63,Private Sector,29317.0,50100.0,19.24,36,1843.0,5,39925.0,2025-01-09,0.0629,850,0,5.7,0,0,0.0,Current,0,0,None,0.0,0
TCU-02414,Maun,LO004,Personal Loan,52,Private Sector,9344.0,313700.0,20.03,24,15971.0,15,100922.0,2024-03-29,1.7092,721,0,7.4,0,1,668168.0,Late (30–89 days),89,1,Called,27160.0,1
TCU-02415,Francistown,LO011,Home Loan,31,Pensioner,9093.0,128400.0,21.16,72,3162.0,8,105476.0,2024-10-12,0.3477,713,1,9.3,0,0,0.0,Current,0,0,None,0.0,0
TCU-02416,Maun,LO006,Business Loan,44,Student,3043.0,40700.0,15.07,84,787.0,5,36815.0,2025-01-28,0.2586,698,0,12.6,0,1,66671.0,Current,0,0,None,0.0,0
TCU-02417,Francistown,LO005,Home Loan,44,Self-Employed,30066.0,26400.0,17.76,48,772.0,9,21354.0,2024-09-23,0.0257,850,1,2.1,0,1,48828.0,Current,0,0,None,0.0,0
TCU-02418,Francistown,LO010,Education Loan,66,Student,3678.0,40500.0,10.18,12,3564.0,12,0.0,2024-05-05,0.969,764,2,7.4,2,0,0.0,Defaulted,137,4,None,0.0,1
TCU-02419,Maun,LO009,Business Loan,68,Student,2393.0,5700.0,19.99,24,290.0,2,4920.0,2025-04-21,0.1212,738,1,16.7,0,1,7839.0,Current,0,0,None,0.0,0
TCU-02420,Francistown,LO014,Home Loan,54,Student,2622.0,43700.0,20.37,48,1338.0,1,38040.0,2025-05-09,0.5103,599,0,9.1,0,0,0.0,Current,0,0,None,0.0,0
TCU-02421,Lobatse,LO006,Vehicle Loan,35,Farmer,6919.0,125700.0,16.17,72,2738.0,7,97508.0,2024-12-01,0.3957,647,1,19.4,0,0,0.0,Current,0,0,None,0.0,0
TCU-02422,Maun,LO017,Personal Loan,54,Government Employee,17237.0,203700.0,18.96,60,5280.0,9,156864.0,2024-09-24,0.3063,709,0,28.6,0,1,476561.0,Current,0,0,None,0.0,0
TCU-02423,Lobatse,LO020,Education Loan,63,Student,2040.0,14600.0,22.45,12,1370.0,12,0.0,2024-01-09,0.6716,690,2,26.1,0,1,13510.0,Current,0,0,None,0.0,0
TCU-02424,Francistown,LO006,Personal Loan,25,Self-Employed,24258.0,42800.0,19.1,12,3946.0,12,0.0,2024-03-07,0.1627,765,2,8.6,3,0,0.0,Current,0,0,None,0.0,0
TCU-02425,Gaborone Main,LO002,Business Loan,64,Self-Employed,19385.0,440100.0,14.51,84,8372.0,10,338489.0,2024-08-15,0.4319,850,1,17.9,0,0,0.0,Current,0,0,None,0.0,0
TCU-02426,Selebi-Phikwe,LO001,Education Loan,37,Student,3110.0,42700.0,15.61,12,3866.0,2,32787.0,2025-04-21,1.2431,558,1,14.5,3,1,64368.0,Late (30–89 days),52,1,Home Visit,7298.0,1
TCU-02427,Gaborone Main,LO001,Vehicle Loan,25,Government Employee,18834.0,408400.0,15.8,12,37016.0,12,0.0,2024-01-02,1.9654,773,0,11.4,0,0,0.0,Current,0,0,None,0.0,0
TCU-02428,Gaborone Main,LO017,Home Loan,46,Government Employee,21370.0,25300.0,16.24,84,506.0,17,17456.0,2024-01-22,0.0237,850,3,22.6,0,1,50443.0,Current,0,0,None,0.0,0
TCU-02429,Maun,LO004,Agriculture Loan,61,Government Employee,8608.0,324800.0,20.3,60,8660.0,15,233878.0,2024-03-10,1.006,667,2,3.8,1,0,0.0,Late (30–89 days),60,1,SMS Sent,25707.0,1
TCU-02430,Maun,LO003,Personal Loan,40,Pensioner,8749.0,398100.0,12.06,24,18751.0,13,175447.0,2024-06-02,2.1432,680,0,17.2,0,1,974907.0,Late (30–89 days),70,2,Home Visit,22876.0,1
TCU-02431,Gaborone Main,LO016,Personal Loan,31,Government Employee,22750.0,134300.0,21.73,84,3124.0,4,114785.0,2025-02-03,0.1373,850,0,22.3,2,1,225763.0,Late (30–89 days),50,2,SMS Sent,29744.0,1
TCU-02432,Selebi-Phikwe,LO012,Education Loan,43,Student,4430.0,103900.0,11.14,24,4849.0,9,61537.0,2024-09-14,1.0946,694,0,6.9,3,1,103498.0,Late (30–89 days),62,2,SMS Sent,13811.0,1
TCU-02433,Francistown,LO001,Business Loan,65,Private Sector,6399.0,24100.0,20.93,24,1238.0,17,6223.0,2024-01-15,0.1935,760,1,22.1,1,1,40505.0,Current,0,0,None,0.0,0
TCU-02434,Francistown,LO020,Personal Loan,22,Farmer,3527.0,47900.0,15.2,12,4328.0,5,25500.0,2025-01-30,1.2271,574,3,22.9,0,0,0.0,Defaulted,170,12,None,19942.0,1
TCU-02435,Lobatse,LO003,Agriculture Loan,41,Pensioner,4249.0,87400.0,23.75,36,3417.0,7,68979.0,2024-12-01,0.8042,838,1,25.5,1,0,0.0,Current,0,0,None,0.0,0
TCU-02436,Selebi-Phikwe,LO004,Home Loan,37,Student,2191.0,22300.0,17.52,72,503.0,12,17248.0,2024-06-27,0.2296,639,2,23.2,0,0,0.0,Current,0,0,None,0.0,0
TCU-02437,Lobatse,LO010,Business Loan,42,Self-Employed,21986.0,299100.0,20.88,48,9243.0,7,230294.0,2024-11-08,0.4204,850,3,1.4,0,0,0.0,Late (30–89 days),56,2,Legal Notice,66601.0,1
TCU-02438,Francistown,LO018,Education Loan,40,Self-Employed,10199.0,70000.0,12.36,84,1249.0,6,62302.0,2024-12-06,0.1225,758,0,11.9,0,1,71768.0,Current,0,0,None,0.0,0
TCU-02439,Selebi-Phikwe,LO012,Home Loan,48,Self-Employed,25773.0,333900.0,23.58,24,17584.0,18,72369.0,2024-01-01,0.6823,850,1,2.7,0,0,0.0,Early (1–29 days),10,1,None,0.0,0
TCU-02440,Gaborone Main,LO012,Agriculture Loan,27,Government Employee,21125.0,130800.0,10.88,12,11553.0,6,57977.0,2024-12-28,0.5469,850,0,16.7,0,1,299273.0,Current,0,0,None,0.0,0
TCU-02441,Francistown,LO020,Vehicle Loan,26,Farmer,13566.0,128900.0,15.31,72,2747.0,13,91696.0,2024-05-20,0.2025,750,1,18.3,1,1,244341.0,Early (1–29 days),5,1,None,0.0,0
TCU-02442,Francistown,LO005,Personal Loan,51,Farmer,11128.0,153900.0,10.76,72,2910.0,4,137251.0,2025-02-26,0.2615,748,1,25.1,0,1,174837.0,Current,0,0,None,0.0,0
TCU-02443,Gaborone Main,LO003,Home Loan,36,Student,2363.0,44900.0,12.04,60,1000.0,1,43255.0,2025-05-30,0.4232,701,0,3.7,1,0,0.0,Current,0,0,None,0.0,0
TCU-02444,Selebi-Phikwe,LO009,Agriculture Loan,36,Government Employee,14485.0,218700.0,16.35,24,10745.0,16,66481.0,2024-03-05,0.7418,726,0,21.9,0,0,0.0,Current,0,0,None,0.0,0
TCU-02445,Maun,LO016,Home Loan,44,Pensioner,5477.0,68400.0,22.1,24,3552.0,1,63595.0,2025-05-10,0.6485,725,2,14.0,0,0,0.0,Late (30–89 days),81,2,None,11763.0,1
TCU-02446,Maun,LO005,Personal Loan,40,Government Employee,8363.0,87300.0,17.97,12,8002.0,12,0.0,2024-04-22,0.9568,763,2,13.6,0,1,100820.0,Current,0,0,None,0.0,0
TCU-02447,Lobatse,LO018,Vehicle Loan,50,Student,2845.0,36400.0,17.72,84,759.0,10,28396.0,2024-08-08,0.2668,660,3,25.1,0,0,0.0,Current,0,0,None,0.0,0
TCU-02448,Maun,LO006,Agriculture Loan,34,Pensioner,6215.0,107100.0,21.25,72,2644.0,10,79851.0,2024-08-11,0.4254,724,2,5.2,0,0,0.0,Late (30–89 days),44,1,SMS Sent,22719.0,1
TCU-02449,Maun,LO004,Vehicle Loan,26,Farmer,5851.0,65500.0,14.87,36,2266.0,12,37931.0,2024-06-29,0.3873,720,0,7.0,0,1,60185.0,Current,0,0,None,0.0,0
TCU-02450,Maun,LO017,Agriculture Loan,60,Private Sector,20028.0,457400.0,20.64,36,17148.0,12,274324.0,2024-06-27,0.8562,850,0,27.3,0,1,584125.0,Current,0,0,None,0.0,0
TCU-02451,Gaborone Main,LO020,Education Loan,27,Private Sector,9389.0,198900.0,18.75,72,4621.0,1,183144.0,2025-05-02,0.4922,756,1,3.5,0,0,0.0,Late (30–89 days),67,2,None,57751.0,1
TCU-02452,Selebi-Phikwe,LO013,Education Loan,44,Government Employee,18077.0,322600.0,23.95,60,9271.0,7,283502.0,2024-11-17,0.5129,850,2,15.8,0,1,301252.0,Current,0,0,None,0.0,0
TCU-02453,Maun,LO013,Agriculture Loan,27,Government Employee,20028.0,452800.0,11.14,72,8651.0,13,320919.0,2024-05-08,0.4319,850,1,0.8,0,0,0.0,Current,0,0,None,0.0,0
TCU-02454,Maun,LO006,Business Loan,29,Pensioner,7568.0,95200.0,14.68,24,4601.0,16,30955.0,2024-03-04,0.608,714,2,7.6,0,0,0.0,Current,0,0,None,0.0,0
TCU-02455,Maun,LO010,Business Loan,65,Self-Employed,5068.0,46100.0,13.72,72,943.0,2,43059.0,2025-04-06,0.1861,687,1,9.2,0,0,0.0,Current,0,0,None,0.0,0
TCU-02456,Selebi-Phikwe,LO008,Business Loan,35,Government Employee,20882.0,114700.0,20.67,24,5875.0,3,88272.0,2025-03-19,0.2813,844,0,22.2,0,1,165807.0,Early (1–29 days),27,1,None,0.0,0
TCU-02457,Selebi-Phikwe,LO013,Vehicle Loan,43,Government Employee,15255.0,289900.0,18.94,12,26708.0,5,161799.0,2025-01-04,1.7508,663,1,18.7,0,0,0.0,Late (30–89 days),78,2,SMS Sent,36261.0,1
TCU-02458,Maun,LO003,Business Loan,63,Student,3854.0,37500.0,12.53,60,844.0,3,33062.0,2025-03-22,0.219,785,1,6.7,0,0,0.0,Late (30–89 days),34,1,Legal Notice,3370.0,1
TCU-02459,Selebi-Phikwe,LO007,Education Loan,53,Government Employee,23086.0,85400.0,18.99,72,1996.0,13,64488.0,2024-05-28,0.0865,827,1,7.0,1,1,156931.0,Current,0,0,None,0.0,0
TCU-02460,Gaborone Main,LO017,Personal Loan,43,Government Employee,15911.0,170600.0,8.62,60,3510.0,17,121625.0,2024-02-02,0.2206,772,1,13.5,1,0,0.0,Current,0,0,None,0.0,0
TCU-02461,Francistown,LO017,Education Loan,27,Self-Employed,12094.0,333600.0,23.8,48,10839.0,3,281647.0,2025-03-22,0.8962,730,1,2.8,0,0,0.0,Current,0,0,None,0.0,0
TCU-02462,Maun,LO005,Agriculture Loan,29,Private Sector,29314.0,339800.0,15.11,24,16494.0,6,229723.0,2024-12-18,0.5627,837,0,15.0,0,1,769417.0,Current,0,0,None,0.0,0
TCU-02463,Maun,LO004,Vehicle Loan,49,Student,2251.0,10200.0,9.98,36,329.0,9,7116.0,2024-09-14,0.1462,689,0,22.3,2,1,12222.0,Late (30–89 days),48,2,Home Visit,734.0,1
TCU-02464,Selebi-Phikwe,LO017,Vehicle Loan,41,Pensioner,5955.0,102700.0,15.13,36,3567.0,7,79118.0,2024-11-07,0.599,732,1,3.9,1,0,0.0,Current,0,0,None,0.0,0
TCU-02465,Francistown,LO011,Home Loan,33,Government Employee,16672.0,479400.0,12.83,12,42780.0,6,205833.0,2024-12-25,2.566,795,0,23.0,0,1,957774.0,Late (30–89 days),69,2,Called,56076.0,1
TCU-02466,Maun,LO010,Vehicle Loan,56,Farmer,13615.0,65600.0,11.06,72,1251.0,10,53449.0,2024-09-01,0.0919,749,1,21.0,2,0,0.0,Early (1–29 days),12,1,None,0.0,0
TCU-02467,Lobatse,LO020,Vehicle Loan,51,Private Sector,16118.0,178100.0,10.93,72,3384.0,16,135960.0,2024-02-13,0.21,850,3,26.8,0,0,0.0,Current,0,0,None,0.0,0
TCU-02468,Gaborone Main,LO018,Home Loan,41,Government Employee,11451.0,44700.0,20.47,12,4151.0,11,3717.0,2024-07-09,0.3625,675,0,0.9,0,0,0.0,Current,0,0,None,0.0,0
TCU-02469,Selebi-Phikwe,LO004,Vehicle Loan,54,Private Sector,10754.0,60000.0,23.37,12,5655.0,11,4310.0,2024-08-04,0.5259,831,0,13.3,0,0,0.0,Current,0,0,None,0.0,0
TCU-02470,Lobatse,LO015,Education Loan,54,Farmer,9589.0,162700.0,16.26,72,3553.0,1,151276.0,2025-05-18,0.3705,763,3,14.2,0,1,211000.0,Current,0,0,None,0.0,0
TCU-02471,Gaborone Main,LO020,Personal Loan,40,Farmer,14172.0,427600.0,11.24,24,19977.0,6,277234.0,2024-12-28,1.4096,693,3,23.5,2,0,0.0,Late (30–89 days),55,2,Home Visit,63779.0,1
TCU-02472,Lobatse,LO019,Education Loan,56,Student,2556.0,11300.0,23.1,84,272.0,6,9014.0,2024-12-04,0.1064,672,0,2.0,0,1,10842.0,Current,0,0,None,0.0,0
TCU-02473,Gaborone Main,LO008,Business Loan,48,Self-Employed,16143.0,144700.0,14.29,48,3975.0,16,85595.0,2024-02-24,0.2462,850,1,20.8,3,1,309245.0,Current,0,0,None,0.0,0
TCU-02474,Selebi-Phikwe,LO002,Home Loan,67,Pensioner,8637.0,160700.0,16.91,48,4630.0,15,96287.0,2024-03-12,0.5361,769,2,13.7,0,1,388046.0,Current,0,0,None,0.0,0
TCU-02475,Gaborone Main,LO009,Agriculture Loan,42,Farmer,5720.0,87300.0,11.56,72,1687.0,11,70456.0,2024-07-14,0.2949,659,1,26.1,1,1,215261.0,Current,0,0,None,0.0,0
TCU-02476,Maun,LO019,Personal Loan,24,Pensioner,5871.0,13000.0,11.22,12,1150.0,2,9260.0,2025-04-06,0.1959,767,1,7.9,2,0,0.0,Late (30–89 days),43,2,Called,2818.0,1
TCU-02477,Maun,LO015,Personal Loan,41,Government Employee,21632.0,243800.0,21.31,24,12565.0,15,88129.0,2024-03-17,0.5809,850,3,19.9,1,0,0.0,Current,0,0,None,0.0,0
TCU-02478,Gaborone Main,LO004,Vehicle Loan,33,Government Employee,10308.0,248800.0,10.57,72,4681.0,6,224419.0,2024-12-14,0.4541,659,3,23.1,3,0,0.0,Late (30–89 days),45,1,Letter Sent,35061.0,1
TCU-02479,Maun,LO019,Vehicle Loan,65,Government Employee,21880.0,212800.0,18.48,72,4911.0,7,165947.0,2024-11-22,0.2245,850,0,10.9,0,1,505236.0,Current,0,0,None,0.0,0
TCU-02480,Francistown,LO015,Education Loan,49,Private Sector,14929.0,233900.0,18.98,48,6991.0,14,145249.0,2024-05-05,0.4683,825,1,17.3,0,0,0.0,Current,0,0,None,0.0,0
TCU-02481,Selebi-Phikwe,LO001,Agriculture Loan,68,Student,4519.0,138000.0,8.52,24,6274.0,3,113096.0,2025-03-25,1.3884,705,0,10.4,0,0,0.0,Late (30–89 days),74,1,Legal Notice,17513.0,1
TCU-02482,Gaborone Main,LO014,Home Loan,53,Pensioner,6542.0,253000.0,13.27,60,5792.0,15,180035.0,2024-03-30,0.8854,743,3,12.7,0,0,0.0,Current,0,0,None,0.0,0
TCU-02483,Francistown,LO006,Personal Loan,39,Pensioner,5257.0,33000.0,17.07,48,953.0,1,29748.0,2025-05-28,0.1813,662,0,29.1,1,1,47047.0,Current,0,0,None,0.0,0
TCU-02484,Francistown,LO001,Education Loan,46,Self-Employed,9159.0,152000.0,11.68,60,3357.0,14,102943.0,2024-04-24,0.3665,706,0,10.7,0,1,141245.0,Current,0,0,None,0.0,0
TCU-02485,Gaborone Main,LO019,Home Loan,66,Self-Employed,34179.0,484000.0,18.53,48,14352.0,10,331327.0,2024-08-25,0.4199,850,4,12.9,0,0,0.0,Current,0,0,None,0.0,0
TCU-02486,Lobatse,LO002,Vehicle Loan,57,Private Sector,29083.0,63900.0,13.4,84,1176.0,3,54897.0,2025-03-14,0.0404,850,1,19.8,0,0,0.0,Current,0,0,None,0.0,0
TCU-02487,Lobatse,LO007,Business Loan,62,Private Sector,18131.0,265900.0,21.19,60,7222.0,11,202549.0,2024-08-03,0.3983,850,2,4.9,0,0,0.0,Current,0,0,None,0.0,0
TCU-02488,Selebi-Phikwe,LO012,Business Loan,56,Government Employee,20627.0,20900.0,21.03,72,513.0,10,16593.0,2024-08-29,0.0249,804,4,7.4,0,1,37319.0,Current,0,0,None,0.0,0
TCU-02489,Gaborone Main,LO007,Business Loan,60,Farmer,14150.0,236500.0,20.59,72,5746.0,6,186143.0,2024-12-25,0.4061,790,2,12.5,0,1,224651.0,Current,0,0,None,0.0,0
TCU-02490,Selebi-Phikwe,LO015,Agriculture Loan,50,Pensioner,8272.0,151100.0,16.76,12,13764.0,12,0.0,2024-02-16,1.6639,760,1,8.3,0,0,0.0,Late (30–89 days),43,1,None,0.0,1
TCU-02491,Gaborone Main,LO014,Business Loan,53,Self-Employed,39084.0,63100.0,19.49,24,3196.0,13,25796.0,2024-06-04,0.0818,850,0,10.8,0,1,115448.0,Current,0,0,None,0.0,0
TCU-02492,Francistown,LO019,Home Loan,27,Private Sector,6515.0,52000.0,15.82,36,1824.0,2,44713.0,2025-04-23,0.28,651,0,16.7,0,1,76672.0,Early (1–29 days),5,1,None,0.0,0
TCU-02493,Maun,LO008,Education Loan,57,Student,3769.0,75600.0,22.03,12,7077.0,12,0.0,2024-01-28,1.8777,757,1,27.0,2,0,0.0,Current,0,0,None,0.0,0
TCU-02494,Gaborone Main,LO011,Personal Loan,42,Student,4549.0,51700.0,20.21,72,1245.0,10,40144.0,2024-08-16,0.2737,562,1,11.6,0,1,111219.0,Current,0,0,None,0.0,0
TCU-02495,Gaborone Main,LO002,Vehicle Loan,58,Farmer,8994.0,247200.0,15.39,24,12032.0,13,99036.0,2024-06-02,1.3378,745,3,22.0,0,0,0.0,Late (30–89 days),32,1,SMS Sent,13562.0,1
TCU-02496,Maun,LO002,Vehicle Loan,30,Farmer,13108.0,491900.0,17.98,84,10333.0,3,452546.0,2025-03-23,0.7883,698,0,16.4,0,1,604370.0,Current,0,0,None,0.0,0
TCU-02497,Gaborone Main,LO014,Education Loan,65,Government Employee,23145.0,257400.0,22.23,48,8142.0,6,220913.0,2024-12-16,0.3518,850,3,27.2,0,0,0.0,Current,0,0,None,0.0,0
TCU-02498,Lobatse,LO006,Business Loan,58,Private Sector,26799.0,181200.0,15.26,24,8808.0,10,92723.0,2024-08-05,0.3287,850,0,22.4,0,0,0.0,Current,0,0,None,0.0,0
TCU-02499,Maun,LO003,Vehicle Loan,58,Pensioner,6412.0,48900.0,9.3,60,1022.0,15,32917.0,2024-03-22,0.1594,667,0,0.9,1,0,0.0,Early (1–29 days),27,1,None,0.0,0
TCU-02500,Selebi-Phikwe,LO004,Agriculture Loan,49,Private Sector,24847.0,261900.0,16.01,12,23764.0,1,227404.0,2025-05-29,0.9564,850,0,24.9,3,0,0.0,Late (30–89 days),83,1,Letter Sent,26677.0,1
TCU-02501,Selebi-Phikwe,LO017,Education Loan,30,Pensioner,7615.0,143700.0,10.59,60,3095.0,10,101921.0,2024-08-28,0.4064,644,0,4.8,0,1,208602.0,Current,0,0,None,0.0,0
TCU-02502,Francistown,LO014,Personal Loan,58,Government Employee,12465.0,172000.0,23.98,60,4946.0,3,146879.0,2025-03-07,0.3968,737,1,16.8,0,1,418693.0,Current,0,0,None,0.0,0
TCU-02503,Maun,LO015,Personal Loan,49,Self-Employed,26399.0,249400.0,21.59,12,23293.0,5,129193.0,2025-01-16,0.8823,846,0,12.3,0,1,532713.0,Current,0,0,None,0.0,0
TCU-02504,Maun,LO009,Agriculture Loan,22,Pensioner,6348.0,6000.0,10.01,84,100.0,10,5220.0,2024-08-14,0.0158,682,0,12.1,0,1,13331.0,Early (1–29 days),12,1,None,0.0,0
TCU-02505,Lobatse,LO012,Agriculture Loan,61,Government Employee,14334.0,138000.0,16.84,60,3418.0,10,112000.0,2024-08-05,0.2385,729,0,3.3,0,1,163361.0,Current,0,0,None,0.0,0
TCU-02506,Maun,LO005,Personal Loan,67,Private Sector,22654.0,285400.0,22.88,48,9129.0,17,173054.0,2024-01-19,0.403,850,0,13.9,2,1,262887.0,Current,0,0,None,0.0,0
TCU-02507,Francistown,LO006,Personal Loan,65,Student,1852.0,46500.0,10.53,72,874.0,4,42348.0,2025-03-02,0.4719,750,0,19.2,0,0,0.0,Early (1–29 days),29,1,None,0.0,0
TCU-02508,Gaborone Main,LO009,Home Loan,56,Private Sector,29478.0,269300.0,20.41,12,24999.0,11,20115.0,2024-07-31,0.8481,850,0,6.3,2,1,336425.0,Defaulted,276,9,Legal Notice,10942.0,1
TCU-02509,Lobatse,LO002,Agriculture Loan,47,Farmer,10901.0,147200.0,8.99,72,2653.0,5,135076.0,2025-01-03,0.2434,709,3,22.7,0,1,326003.0,Late (30–89 days),35,2,None,22610.0,1
TCU-02510,Maun,LO015,Education Loan,56,Student,1873.0,63000.0,15.54,72,1351.0,8,52801.0,2024-10-07,0.7213,661,2,3.6,0,1,106051.0,Late (30–89 days),78,1,Letter Sent,17889.0,1
TCU-02511,Gaborone Main,LO020,Agriculture Loan,49,Farmer,10127.0,99700.0,9.05,84,1607.0,4,93795.0,2025-02-20,0.1587,726,0,13.1,0,1,212601.0,Current,0,0,None,0.0,0
TCU-02512,Francistown,LO016,Vehicle Loan,65,Farmer,8107.0,127600.0,13.96,60,2966.0,16,81905.0,2024-02-16,0.3659,783,0,8.8,1,1,296020.0,Current,0,0,None,0.0,0
TCU-02513,Maun,LO017,Home Loan,46,Farmer,10367.0,108400.0,10.0,48,2749.0,12,75796.0,2024-06-13,0.2652,755,0,28.2,0,0,0.0,Current,0,0,None,0.0,0
TCU-02514,Francistown,LO012,Vehicle Loan,34,Government Employee,9933.0,73100.0,8.57,48,1804.0,8,56118.0,2024-10-23,0.1816,765,0,14.0,1,0,0.0,Current,0,0,None,0.0,0
TCU-02515,Gaborone Main,LO016,Vehicle Loan,61,Student,1767.0,57600.0,17.14,24,2852.0,6,40104.0,2024-12-20,1.614,616,4,28.0,0,1,67179.0,Late (30–89 days),73,2,Legal Notice,7062.0,1
TCU-02516,Selebi-Phikwe,LO009,Personal Loan,50,Self-Employed,35149.0,241000.0,17.41,48,7005.0,14,164201.0,2024-04-16,0.1993,850,0,10.6,0,0,0.0,Current,0,0,None,0.0,0
TCU-02517,Maun,LO009,Business Loan,37,Student,2651.0,6300.0,13.4,36,213.0,7,4373.0,2024-11-16,0.0803,727,0,11.4,0,0,0.0,Early (1–29 days),14,1,None,0.0,0
TCU-02518,Selebi-Phikwe,LO002,Agriculture Loan,27,Student,3836.0,74000.0,13.22,36,2501.0,10,53439.0,2024-08-05,0.652,595,1,28.8,1,1,162230.0,Late (30–89 days),57,1,Letter Sent,10415.0,1
TCU-02519,Selebi-Phikwe,LO008,Business Loan,26,Self-Employed,21106.0,261300.0,8.61,60,5375.0,15,172505.0,2024-03-31,0.2547,850,0,18.8,0,0,0.0,Current,0,0,None,0.0,0
TCU-02520,Maun,LO019,Home Loan,44,Government Employee,9677.0,221900.0,14.07,60,5171.0,11,168786.0,2024-07-12,0.5344,771,3,11.8,0,0,0.0,Current,0,0,None,0.0,0
TCU-02521,Lobatse,LO009,Business Loan,55,Government Employee,23212.0,38900.0,21.33,36,1472.0,13,24322.0,2024-05-23,0.0634,850,1,1.2,0,1,92492.0,Current,0,0,None,0.0,0
TCU-02522,Gaborone Main,LO008,Personal Loan,38,Self-Employed,27868.0,6300.0,14.04,72,130.0,13,4910.0,2024-05-07,0.0047,748,1,15.6,1,1,7300.0,Current,0,0,None,0.0,0
TCU-02523,Francistown,LO015,Business Loan,37,Student,2082.0,22400.0,15.11,84,434.0,7,17636.0,2024-11-27,0.2085,667,1,26.8,0,1,35602.0,Current,0,0,None,0.0,0
TCU-02524,Maun,LO009,Education Loan,48,Student,2221.0,85700.0,13.83,24,4108.0,2,77246.0,2025-04-24,1.8496,644,2,25.4,0,0,0.0,Late (30–89 days),57,2,SMS Sent,10526.0,1
TCU-02525,Gaborone Main,LO001,Education Loan,62,Farmer,9740.0,61200.0,12.46,12,5451.0,7,22018.0,2024-11-17,0.5597,752,3,11.9,0,1,112937.0,Late (30–89 days),53,2,SMS Sent,3911.0,1
TCU-02526,Maun,LO010,Business Loan,63,Private Sector,16272.0,32300.0,20.16,60,859.0,11,23083.0,2024-07-06,0.0528,807,1,6.5,1,0,0.0,Current,0,0,None,0.0,0
TCU-02527,Maun,LO018,Education Loan,58,Self-Employed,10020.0,154200.0,12.82,48,4123.0,7,115432.0,2024-11-25,0.4115,763,0,11.3,0,1,327029.0,Current,0,0,None,0.0,0
TCU-02528,Lobatse,LO007,Vehicle Loan,49,Private Sector,17771.0,375100.0,9.4,12,32873.0,12,0.0,2024-01-04,1.8498,850,0,2.6,0,0,0.0,Late (30–89 days),52,1,None,0.0,1
TCU-02529,Gaborone Main,LO010,Home Loan,38,Private Sector,23690.0,371400.0,12.97,84,6750.0,6,332173.0,2024-12-05,0.2849,794,1,19.0,0,0,0.0,Current,0,0,None,0.0,0
TCU-02530,Maun,LO007,Personal Loan,31,Self-Employed,26437.0,174100.0,12.36,84,3107.0,6,141607.0,2024-12-13,0.1175,850,0,2.4,0,0,0.0,Current,0,0,None,0.0,0
TCU-02531,Lobatse,LO019,Agriculture Loan,49,Pensioner,8409.0,111200.0,15.79,36,3898.0,1,104536.0,2025-05-02,0.4636,713,1,20.1,0,0,0.0,Current,0,0,None,0.0,0
TCU-02532,Francistown,LO019,Home Loan,67,Private Sector,29068.0,49000.0,21.1,60,1328.0,10,35544.0,2024-08-17,0.0457,850,0,11.0,0,1,49743.0,Current,0,0,None,0.0,0
TCU-02533,Francistown,LO004,Home Loan,48,Student,2424.0,24800.0,13.71,12,2223.0,9,5569.0,2024-09-30,0.9171,706,1,13.5,0,0,0.0,Current,0,0,None,0.0,0
TCU-02534,Lobatse,LO004,Business Loan,62,Self-Employed,10430.0,64900.0,22.55,72,1652.0,4,53849.0,2025-02-06,0.1584,732,0,8.4,0,1,73131.0,Current,0,0,None,0.0,0
TCU-02535,Maun,LO015,Personal Loan,27,Government Employee,17649.0,77900.0,17.0,36,2777.0,8,54597.0,2024-10-27,0.1573,850,3,22.0,0,0,0.0,Late (30–89 days),41,1,Letter Sent,9960.0,1
TCU-02536,Lobatse,LO008,Personal Loan,23,Student,3679.0,79700.0,16.39,12,7246.0,5,39605.0,2025-01-17,1.9696,758,1,13.4,2,0,0.0,Late (30–89 days),43,1,None,13848.0,1
TCU-02537,Lobatse,LO010,Education Loan,29,Student,4895.0,103600.0,14.53,24,5000.0,10,60100.0,2024-08-28,1.0215,743,0,4.7,0,1,169961.0,Current,0,0,None,0.0,0
TCU-02538,Francistown,LO011,Business Loan,35,Farmer,5432.0,13000.0,16.32,84,261.0,4,11282.0,2025-02-15,0.048,726,1,13.3,2,1,28377.0,Late (30–89 days),34,1,SMS Sent,2215.0,1
TCU-02539,Selebi-Phikwe,LO012,Personal Loan,25,Student,2566.0,74600.0,11.7,60,1648.0,4,66849.0,2025-02-16,0.6422,611,0,1.0,0,1,143763.0,Current,0,0,None,0.0,0
TCU-02540,Maun,LO019,Vehicle Loan,31,Farmer,3498.0,88500.0,17.46,36,3176.0,5,71748.0,2025-01-27,0.9079,607,1,29.7,1,1,109293.0,Defaulted,141,7,Letter Sent,47018.0,1
TCU-02541,Gaborone Main,LO006,Home Loan,32,Student,3975.0,104100.0,9.2,24,4765.0,18,25075.0,2024-01-06,1.1987,682,0,8.5,0,0,0.0,Current,0,0,None,0.0,0
TCU-02542,Gaborone Main,LO010,Agriculture Loan,29,Self-Employed,7738.0,74700.0,17.15,12,6818.0,12,0.0,2024-03-22,0.8811,673,1,14.6,0,1,136133.0,Late (30–89 days),56,2,Called,0.0,1
TCU-02543,Maun,LO015,Business Loan,32,Farmer,6843.0,36300.0,17.41,84,750.0,12,27779.0,2024-07-01,0.1096,721,0,25.5,0,1,87933.0,Current,0,0,None,0.0,0
TCU-02544,Francistown,LO019,Agriculture Loan,45,Student,3956.0,129800.0,16.68,36,4607.0,11,82732.0,2024-07-09,1.1646,819,2,29.9,0,1,229261.0,Late (30–89 days),40,1,Home Visit,14616.0,1
TCU-02545,Maun,LO006,Education Loan,46,Government Employee,8665.0,5600.0,8.62,84,89.0,2,5128.0,2025-04-24,0.0103,798,0,26.1,0,0,0.0,Current,0,0,None,0.0,0
TCU-02546,Francistown,LO004,Vehicle Loan,63,Private Sector,7317.0,95900.0,11.66,48,2509.0,2,78142.0,2025-04-30,0.3429,761,0,9.6,0,1,154746.0,Current,0,0,None,0.0,0
TCU-02547,Gaborone Main,LO016,Business Loan,34,Farmer,3426.0,16600.0,12.02,12,1475.0,11,1368.0,2024-07-23,0.4305,715,1,24.3,0,0,0.0,Current,0,0,None,0.0,0
TCU-02548,Gaborone Main,LO012,Personal Loan,37,Government Employee,18112.0,307000.0,23.8,84,7537.0,7,245869.0,2024-11-04,0.4161,850,1,13.3,0,1,356382.0,Early (1–29 days),7,1,None,0.0,0
TCU-02549,Maun,LO019,Personal Loan,63,Student,2364.0,25400.0,13.81,84,473.0,5,21853.0,2025-01-23,0.2001,757,1,27.3,0,1,60382.0,Current,0,0,None,0.0,0
TCU-02550,Francistown,LO011,Agriculture Loan,30,Private Sector,11192.0,172400.0,19.74,84,3801.0,2,162293.0,2025-04-02,0.3396,759,1,21.5,0,1,423240.0,Current,0,0,None,0.0,0
TCU-02551,Francistown,LO004,Agriculture Loan,36,Self-Employed,25867.0,213800.0,13.06,48,5742.0,8,153802.0,2024-10-22,0.222,850,2,19.4,0,1,283048.0,Early (1–29 days),15,1,None,0.0,0
TCU-02552,Gaborone Main,LO013,Business Loan,43,Government Employee,10410.0,347900.0,18.59,60,8946.0,14,236825.0,2024-04-27,0.8594,832,3,20.4,0,0,0.0,Late (30–89 days),89,2,Called,79001.0,1
TCU-02553,Gaborone Main,LO006,Vehicle Loan,51,Private Sector,28733.0,160100.0,12.92,48,4289.0,1,143083.0,2025-05-13,0.1493,850,1,13.3,0,1,299432.0,Current,0,0,None,0.0,0
TCU-02554,Gaborone Main,LO003,Agriculture Loan,67,Private Sector,11579.0,115300.0,20.51,72,2796.0,13,91814.0,2024-05-18,0.2415,723,2,0.5,0,1,260996.0,Early (1–29 days),28,1,None,0.0,0
TCU-02555,Lobatse,LO004,Education Loan,60,Self-Employed,16666.0,179600.0,15.05,12,16215.0,4,115046.0,2025-03-01,0.9729,850,1,10.1,0,1,393776.0,Late (30–89 days),40,2,None,27793.0,1
TCU-02556,Maun,LO003,Personal Loan,47,Government Employee,17615.0,36300.0,23.0,60,1023.0,12,27388.0,2024-06-22,0.0581,754,0,22.1,2,1,66010.0,Current,0,0,None,0.0,0
TCU-02557,Lobatse,LO001,Business Loan,24,Farmer,3658.0,106300.0,12.93,72,2130.0,1,100684.0,2025-05-09,0.5823,703,2,2.8,0,1,89470.0,Late (30–89 days),44,2,Letter Sent,26138.0,1
TCU-02558,Francistown,LO019,Agriculture Loan,66,Government Employee,10619.0,231100.0,10.78,12,20401.0,11,17070.0,2024-07-28,1.9212,655,2,4.9,0,1,450360.0,Defaulted,151,6,Legal Notice,11640.0,1
TCU-02559,Selebi-Phikwe,LO008,Education Loan,59,Farmer,12884.0,61900.0,17.05,48,1788.0,4,56574.0,2025-02-03,0.1388,850,0,0.7,0,1,63225.0,Current,0,0,None,0.0,0
TCU-02560,Gaborone Main,LO010,Home Loan,48,Self-Employed,28707.0,191500.0,15.62,24,9342.0,17,55003.0,2024-01-25,0.3254,850,0,1.2,0,1,373352.0,Current,0,0,None,0.0,0
TCU-02561,Gaborone Main,LO019,Education Loan,61,Student,3961.0,15900.0,17.65,12,1455.0,12,0.0,2024-03-05,0.3673,721,0,19.6,0,0,0.0,Current,0,0,None,0.0,0
TCU-02562,Selebi-Phikwe,LO019,Vehicle Loan,26,Student,2372.0,30100.0,23.93,48,980.0,8,23471.0,2024-10-13,0.4132,559,0,26.1,0,0,0.0,Current,0,0,None,0.0,0
TCU-02563,Lobatse,LO001,Business Loan,32,Pensioner,8237.0,173600.0,12.59,12,15472.0,4,99874.0,2025-02-23,1.8784,672,1,12.5,0,0,0.0,Late (30–89 days),51,1,None,33569.0,1
TCU-02564,Francistown,LO005,Business Loan,63,Farmer,9071.0,7300.0,22.45,36,280.0,1,6791.0,2025-05-09,0.0309,801,0,1.6,0,0,0.0,Current,0,0,None,0.0,0
TCU-02565,Maun,LO005,Home Loan,39,Government Employee,23829.0,109100.0,13.92,84,2040.0,3,93120.0,2025-03-17,0.0856,848,2,12.6,1,1,167723.0,Current,0,0,None,0.0,0
TCU-02566,Lobatse,LO002,Personal Loan,34,Private Sector,24625.0,416900.0,18.56,36,15189.0,6,331009.0,2024-12-15,0.6168,850,2,16.8,0,0,0.0,Late (30–89 days),48,2,Called,36878.0,1
TCU-02567,Maun,LO019,Vehicle Loan,45,Private Sector,18225.0,12300.0,20.66,12,1143.0,12,0.0,2024-04-26,0.0627,809,0,2.9,0,1,10866.0,Current,0,0,None,0.0,0
TCU-02568,Lobatse,LO018,Home Loan,51,Pensioner,9225.0,194400.0,15.63,12,17604.0,12,0.0,2024-03-19,1.9083,699,0,28.7,0,1,452344.0,Late (30–89 days),35,1,None,0.0,1
TCU-02569,Selebi-Phikwe,LO008,Personal Loan,67,Self-Employed,39635.0,96500.0,16.52,12,8779.0,10,13945.0,2024-08-08,0.2215,850,1,9.7,2,1,198505.0,Late (30–89 days),78,2,Legal Notice,2472.0,1
TCU-02570,Lobatse,LO010,Business Loan,51,Pensioner,8778.0,66500.0,17.48,84,1377.0,17,51138.0,2024-01-17,0.1569,769,3,17.9,0,0,0.0,Current,0,0,None,0.0,0
TCU-02571,Gaborone Main,LO020,Home Loan,25,Self-Employed,7214.0,70500.0,11.82,48,1850.0,4,63257.0,2025-02-02,0.2564,683,2,3.6,0,1,144336.0,Current,0,0,None,0.0,0
TCU-02572,Gaborone Main,LO020,Education Loan,65,Private Sector,17730.0,385300.0,22.74,12,36199.0,12,0.0,2024-04-18,2.0417,850,1,18.3,0,1,895642.0,Defaulted,279,10,Letter Sent,0.0,1
TCU-02573,Francistown,LO003,Business Loan,53,Farmer,12366.0,68900.0,23.46,24,3624.0,17,19213.0,2024-01-27,0.2931,732,4,29.1,0,0,0.0,Current,0,0,None,0.0,0
TCU-02574,Lobatse,LO001,Personal Loan,34,Government Employee,15461.0,198200.0,23.82,60,5681.0,5,161047.0,2025-01-19,0.3674,748,1,3.4,0,1,345484.0,Current,0,0,None,0.0,0
TCU-02575,Gaborone Main,LO010,Vehicle Loan,68,Student,1638.0,29000.0,15.58,84,569.0,12,24230.0,2024-06-11,0.3474,645,0,27.3,0,0,0.0,Current,0,0,None,0.0,0
TCU-02576,Gaborone Main,LO003,Personal Loan,43,Farmer,4684.0,8800.0,16.6,72,194.0,17,6412.0,2024-01-19,0.0414,828,1,23.2,0,1,13365.0,Current,0,0,None,0.0,0
TCU-02577,Maun,LO011,Business Loan,48,Private Sector,14285.0,138800.0,19.53,84,3043.0,10,107374.0,2024-08-31,0.213,850,1,19.5,0,0,0.0,Current,0,0,None,0.0,0
TCU-02578,Lobatse,LO007,Personal Loan,64,Student,4367.0,80800.0,11.0,60,1757.0,1,73973.0,2025-05-22,0.4023,668,0,24.9,0,0,0.0,Current,0,0,None,0.0,0
TCU-02579,Francistown,LO001,Education Loan,56,Pensioner,4082.0,16100.0,22.95,84,387.0,3,13999.0,2025-03-06,0.0948,673,3,17.2,1,1,21202.0,Current,0,0,None,0.0,0
TCU-02580,Selebi-Phikwe,LO018,Vehicle Loan,31,Self-Employed,5342.0,166200.0,9.22,36,5302.0,16,80464.0,2024-02-27,0.9925,762,3,22.2,0,1,187463.0,Late (30–89 days),68,1,Called,18433.0,1
TCU-02581,Maun,LO017,Education Loan,55,Farmer,5252.0,53800.0,23.21,12,5067.0,4,34255.0,2025-02-26,0.9648,668,4,26.6,0,0,0.0,Late (30–89 days),75,2,Called,11419.0,1
TCU-02582,Lobatse,LO004,Home Loan,66,Farmer,13255.0,315900.0,15.66,60,7625.0,15,225255.0,2024-03-31,0.5753,850,0,20.9,0,0,0.0,Current,0,0,None,0.0,0
TCU-02583,Lobatse,LO016,Home Loan,45,Government Employee,23844.0,141000.0,12.62,84,2536.0,15,107890.0,2024-03-23,0.1064,850,3,29.4,0,0,0.0,Current,0,0,None,0.0,0
TCU-02584,Gaborone Main,LO008,Education Loan,45,Government Employee,9919.0,173200.0,9.46,36,5545.0,15,90407.0,2024-03-23,0.559,709,0,3.5,0,0,0.0,Current,0,0,None,0.0,0
TCU-02585,Francistown,LO018,Agriculture Loan,57,Student,4175.0,55600.0,8.76,48,1377.0,12,37396.0,2024-06-30,0.3298,622,0,11.1,0,0,0.0,Current,0,0,None,0.0,0
TCU-02586,Gaborone Main,LO017,Agriculture Loan,36,Private Sector,19691.0,133300.0,13.1,48,3583.0,1,116491.0,2025-05-27,0.182,806,3,28.9,0,1,275999.0,Current,0,0,None,0.0,0
TCU-02587,Selebi-Phikwe,LO018,Vehicle Loan,40,Pensioner,4610.0,96000.0,11.42,84,1665.0,2,87617.0,2025-04-28,0.3612,765,1,21.8,0,0,0.0,Current,0,0,None,0.0,0
TCU-02588,Selebi-Phikwe,LO014,Personal Loan,39,Farmer,8584.0,110100.0,9.94,12,9676.0,10,17565.0,2024-08-08,1.1272,721,0,22.0,0,1,162543.0,Defaulted,107,5,Letter Sent,11189.0,1
TCU-02589,Maun,LO012,Personal Loan,51,Pensioner,4144.0,18600.0,12.75,36,624.0,3,16670.0,2025-03-12,0.1506,728,0,28.4,0,1,19825.0,Current,0,0,None,0.0,0
TCU-02590,Francistown,LO004,Vehicle Loan,33,Government Employee,13428.0,359300.0,17.2,60,8968.0,17,231250.0,2024-01-23,0.6679,705,1,4.0,0,1,527133.0,Current,0,0,None,0.0,0
TCU-02591,Francistown,LO005,Agriculture Loan,33,Government Employee,12747.0,100700.0,20.53,24,5151.0,2,90801.0,2025-04-21,0.4041,692,1,18.5,0,1,228700.0,Current,0,0,None,0.0,0
TCU-02592,Maun,LO005,Vehicle Loan,40,Pensioner,7897.0,131800.0,17.03,12,12023.0,1,110692.0,2025-05-13,1.5225,721,1,19.2,0,0,0.0,Late (30–89 days),58,2,Letter Sent,21986.0,1
TCU-02593,Lobatse,LO006,Home Loan,45,Government Employee,10338.0,92700.0,16.84,24,4576.0,5,63383.0,2025-01-06,0.4426,727,1,29.3,0,1,160955.0,Current,0,0,None,0.0,0
TCU-02594,Maun,LO010,Education Loan,62,Government Employee,23339.0,223500.0,15.4,48,6266.0,11,161536.0,2024-07-20,0.2685,850,1,2.8,3,1,204376.0,Current,0,0,None,0.0,0
TCU-02595,Selebi-Phikwe,LO019,Vehicle Loan,33,Farmer,14624.0,335300.0,16.34,60,8215.0,5,281452.0,2025-01-26,0.5617,757,3,28.6,0,0,0.0,Current,0,0,None,0.0,0
TCU-02596,Francistown,LO005,Personal Loan,40,Farmer,7863.0,71500.0,9.94,72,1322.0,4,66085.0,2025-02-18,0.1681,666,2,10.7,0,1,165643.0,Current,0,0,None,0.0,0
TCU-02597,Lobatse,LO016,Education Loan,62,Pensioner,4281.0,123400.0,18.74,48,3673.0,7,102050.0,2024-11-18,0.858,763,2,24.3,1,1,101673.0,Late (30–89 days),45,2,SMS Sent,22020.0,1
TCU-02598,Maun,LO006,Business Loan,66,Self-Employed,17956.0,39900.0,23.92,36,1564.0,6,29031.0,2024-12-08,0.0871,845,1,22.2,0,1,62602.0,Current,0,0,None,0.0,0
TCU-02599,Lobatse,LO008,Business Loan,29,Farmer,3068.0,24400.0,22.2,72,616.0,13,17243.0,2024-05-07,0.2008,604,0,2.9,0,1,20842.0,Current,0,0,None,0.0,0
TCU-02600,Maun,LO012,Vehicle Loan,65,Self-Employed,28640.0,344900.0,11.86,60,7648.0,12,244005.0,2024-07-03,0.267,850,1,6.1,3,0,0.0,Defaulted,213,9,None,140450.0,1
TCU-02601,Lobatse,LO008,Home Loan,38,Pensioner,7526.0,140800.0,14.55,60,3316.0,1,121970.0,2025-05-24,0.4406,614,3,15.6,1,1,226141.0,Late (30–89 days),33,1,Letter Sent,20107.0,1
TCU-02602,Lobatse,LO009,Home Loan,47,Pensioner,7384.0,254400.0,17.83,48,7450.0,4,230751.0,2025-02-12,1.0089,674,0,9.3,0,0,0.0,Late (30–89 days),84,2,None,39863.0,1
TCU-02603,Lobatse,LO019,Education Loan,43,Pensioner,7320.0,39700.0,20.27,48,1214.0,9,27815.0,2024-09-05,0.1658,702,2,20.8,0,0,0.0,Current,0,0,None,0.0,0
TCU-02604,Lobatse,LO003,Agriculture Loan,24,Pensioner,4480.0,17900.0,20.15,36,667.0,14,10919.0,2024-04-08,0.1489,558,1,15.5,0,1,22807.0,Current,0,0,None,0.0,0
TCU-02605,Francistown,LO008,Vehicle Loan,64,Self-Employed,4283.0,146500.0,15.51,48,4115.0,5,113076.0,2025-01-15,0.9608,744,0,28.9,0,1,188662.0,Current,0,0,None,0.0,0
TCU-02606,Selebi-Phikwe,LO009,Education Loan,32,Farmer,6715.0,94900.0,9.7,12,8330.0,11,6889.0,2024-08-01,1.2405,693,4,16.6,0,1,117469.0,Late (30–89 days),86,2,None,1096.0,1
TCU-02607,Maun,LO018,Business Loan,44,Pensioner,4463.0,91600.0,20.31,60,2443.0,3,81088.0,2025-03-05,0.5474,714,3,20.6,1,1,221626.0,Current,0,0,None,0.0,0
TCU-02608,Lobatse,LO006,Agriculture Loan,34,Student,2221.0,12100.0,10.22,84,202.0,6,10338.0,2024-12-03,0.091,677,1,13.8,0,1,22429.0,Current,0,0,None,0.0,0
TCU-02609,Maun,LO009,Agriculture Loan,63,Private Sector,25635.0,413700.0,15.77,72,8922.0,3,341120.0,2025-03-24,0.348,850,2,21.0,0,1,673085.0,Current,0,0,None,0.0,0
TCU-02610,Maun,LO020,Agriculture Loan,46,Self-Employed,32886.0,288100.0,12.84,48,7706.0,8,217438.0,2024-10-20,0.2343,850,0,3.4,0,0,0.0,Current,0,0,None,0.0,0
TCU-02611,Selebi-Phikwe,LO005,Vehicle Loan,54,Student,2166.0,33600.0,13.92,84,628.0,11,26970.0,2024-07-10,0.2899,717,0,3.8,0,1,71505.0,Current,0,0,None,0.0,0
TCU-02612,Selebi-Phikwe,LO008,Vehicle Loan,57,Government Employee,24590.0,446000.0,19.57,36,16477.0,1,371292.0,2025-05-20,0.6701,850,1,24.8,0,0,0.0,Current,0,0,None,0.0,0
TCU-02613,Maun,LO008,Agriculture Loan,47,Student,3817.0,52900.0,10.72,60,1143.0,6,46097.0,2024-12-07,0.2994,747,3,26.5,3,1,104054.0,Late (30–89 days),85,1,SMS Sent,6670.0,1
TCU-02614,Francistown,LO006,Personal Loan,44,Private Sector,19003.0,280800.0,14.44,84,5331.0,16,211259.0,2024-02-20,0.2805,850,1,9.1,0,0,0.0,Current,0,0,None,0.0,0
TCU-02615,Lobatse,LO006,Home Loan,40,Farmer,12706.0,449000.0,18.01,12,41166.0,12,0.0,2024-05-04,3.2399,769,0,10.1,1,1,839764.0,Late (30–89 days),57,1,Called,0.0,1
TCU-02616,Gaborone Main,LO008,Home Loan,29,Farmer,3638.0,120900.0,13.77,48,3290.0,11,80985.0,2024-07-23,0.9043,667,1,25.1,0,0,0.0,Late (30–89 days),88,2,None,26622.0,1
TCU-02617,Maun,LO011,Vehicle Loan,49,Pensioner,9384.0,103300.0,15.74,84,2036.0,9,84094.0,2024-09-17,0.217,766,0,15.4,0,1,241391.0,Current,0,0,None,0.0,0
TCU-02618,Francistown,LO015,Education Loan,50,Self-Employed,13764.0,13500.0,15.86,60,327.0,12,9489.0,2024-07-01,0.0238,769,0,10.1,1,0,0.0,Current,0,0,None,0.0,0
TCU-02619,Francistown,LO007,Agriculture Loan,32,Student,2324.0,10800.0,12.78,48,289.0,1,9631.0,2025-05-20,0.1244,422,4,13.4,0,0,0.0,Defaulted,269,12,SMS Sent,4226.0,1
TCU-02620,Francistown,LO009,Vehicle Loan,55,Farmer,10301.0,49600.0,23.3,36,1928.0,15,25831.0,2024-03-28,0.1872,822,0,29.1,0,1,117162.0,Current,0,0,None,0.0,0
TCU-02621,Maun,LO017,Personal Loan,44,Student,3770.0,45200.0,20.47,48,1387.0,7,33388.0,2024-12-02,0.3679,670,3,7.1,1,1,50958.0,Defaulted,365,7,Home Visit,17481.0,1
TCU-02622,Maun,LO001,Personal Loan,56,Student,3837.0,16200.0,16.35,72,355.0,8,14082.0,2024-11-01,0.0925,679,1,9.6,0,1,24057.0,Early (1–29 days),16,1,None,0.0,0
TCU-02623,Francistown,LO016,Agriculture Loan,50,Private Sector,6912.0,37400.0,14.73,36,1292.0,8,28172.0,2024-10-28,0.1869,757,0,17.5,0,1,39825.0,Current,0,0,None,0.0,0
TCU-02624,Lobatse,LO020,Agriculture Loan,42,Farmer,10370.0,88100.0,13.16,60,2012.0,3,78877.0,2025-03-20,0.194,682,0,18.5,0,1,196405.0,Current,0,0,None,0.0,0
TCU-02625,Francistown,LO003,Agriculture Loan,57,Pensioner,4104.0,62900.0,13.22,36,2126.0,10,38766.0,2024-08-31,0.518,668,0,11.6,0,1,142799.0,Current,0,0,None,0.0,0
TCU-02626,Lobatse,LO013,Personal Loan,59,Government Employee,19208.0,181300.0,15.2,36,6303.0,7,138590.0,2024-11-20,0.3281,850,2,28.8,2,0,0.0,Late (30–89 days),81,1,Letter Sent,25581.0,1
TCU-02627,Gaborone Main,LO001,Business Loan,55,Private Sector,25194.0,34200.0,19.39,60,895.0,2,29927.0,2025-04-16,0.0355,813,0,9.1,0,0,0.0,Current,0,0,None,0.0,0
TCU-02628,Lobatse,LO008,Personal Loan,40,Pensioner,9362.0,355700.0,15.33,24,17303.0,2,318510.0,2025-04-08,1.8482,623,2,13.6,1,1,584910.0,Late (30–89 days),42,1,Legal Notice,106681.0,1
TCU-02629,Gaborone Main,LO013,Agriculture Loan,27,Pensioner,6843.0,151600.0,18.81,12,13957.0,12,0.0,2024-01-07,2.0396,697,3,26.2,0,1,203582.0,Late (30–89 days),60,1,None,0.0,1
TCU-02630,Gaborone Main,LO002,Personal Loan,55,Government Employee,20778.0,49700.0,12.2,84,883.0,12,40820.0,2024-06-21,0.0425,850,0,16.7,0,0,0.0,Current,0,0,None,0.0,0
TCU-02631,Francistown,LO004,Home Loan,63,Pensioner,7963.0,187100.0,9.71,24,8609.0,2,165536.0,2025-04-22,1.0811,805,0,13.7,0,1,269725.0,Current,0,0,None,0.0,0
TCU-02632,Lobatse,LO019,Personal Loan,41,Farmer,7480.0,152300.0,21.34,24,7851.0,4,125851.0,2025-02-10,1.0496,695,1,13.6,0,1,380169.0,Late (30–89 days),62,2,None,35935.0,1
TCU-02633,Francistown,LO020,Personal Loan,29,Pensioner,9194.0,86600.0,16.59,24,4265.0,5,61849.0,2025-01-19,0.4639,754,1,23.5,0,0,0.0,Current,0,0,None,0.0,0
TCU-02634,Selebi-Phikwe,LO019,Education Loan,59,Government Employee,22829.0,489200.0,21.97,72,12283.0,17,355481.0,2024-01-28,0.538,850,1,19.2,0,1,770547.0,Current,0,0,None,0.0,0
TCU-02635,Lobatse,LO015,Vehicle Loan,49,Self-Employed,27890.0,454800.0,15.69,48,12817.0,1,392817.0,2025-05-08,0.4596,850,1,1.7,0,1,993937.0,Current,0,0,None,0.0,0
TCU-02636,Francistown,LO019,Business Loan,52,Private Sector,12697.0,347100.0,22.86,72,8899.0,12,264693.0,2024-06-28,0.7009,693,1,12.4,0,1,422769.0,Current,0,0,None,0.0,0
TCU-02637,Maun,LO005,Personal Loan,47,Government Employee,24542.0,469700.0,10.6,24,21805.0,10,233018.0,2024-08-11,0.8885,842,1,17.7,1,1,1084231.0,Current,0,0,None,0.0,0
TCU-02638,Maun,LO011,Vehicle Loan,32,Pensioner,6390.0,18600.0,16.6,24,916.0,1,17328.0,2025-05-25,0.1433,777,0,18.2,0,1,36855.0,Current,0,0,None,0.0,0
TCU-02639,Gaborone Main,LO012,Agriculture Loan,34,Student,2487.0,32600.0,9.72,84,536.0,1,28879.0,2025-05-18,0.2155,651,1,26.7,0,1,32955.0,Current,0,0,None,0.0,0
TCU-02640,Maun,LO019,Vehicle Loan,61,Pensioner,5438.0,42300.0,20.71,72,1031.0,16,32752.0,2024-02-18,0.1896,728,0,12.8,0,0,0.0,Current,0,0,None,0.0,0
TCU-02641,Lobatse,LO020,Vehicle Loan,39,Government Employee,10787.0,26700.0,22.3,24,1389.0,13,11957.0,2024-05-26,0.1288,660,1,2.3,0,0,0.0,Current,0,0,None,0.0,0
TCU-02642,Lobatse,LO019,Education Loan,39,Self-Employed,9713.0,206400.0,9.72,60,4357.0,17,129057.0,2024-01-23,0.4486,815,0,3.6,0,0,0.0,Late (30–89 days),88,2,None,25321.0,1
TCU-02643,Francistown,LO010,Personal Loan,27,Farmer,14259.0,297400.0,22.62,36,11453.0,4,257829.0,2025-02-21,0.8032,723,0,29.6,2,0,0.0,Late (30–89 days),67,1,Letter Sent,52535.0,1
TCU-02644,Maun,LO014,Vehicle Loan,61,Government Employee,11288.0,161900.0,12.11,48,4272.0,7,128104.0,2024-11-11,0.3785,832,0,2.1,2,1,219128.0,Current,0,0,None,0.0,0
TCU-02645,Gaborone Main,LO014,Home Loan,26,Pensioner,5386.0,7200.0,14.59,48,199.0,3,6592.0,2025-03-13,0.0369,598,1,18.9,1,1,6550.0,Current,0,0,None,0.0,0
TCU-02646,Selebi-Phikwe,LO009,Education Loan,39,Pensioner,4389.0,43300.0,22.72,60,1214.0,17,29489.0,2024-01-18,0.2766,613,0,10.9,1,0,0.0,Current,0,0,None,0.0,0
TCU-02647,Francistown,LO020,Agriculture Loan,35,Pensioner,5545.0,80600.0,20.58,24,4125.0,13,36485.0,2024-05-28,0.7439,695,1,17.7,1,1,195140.0,Current,0,0,None,0.0,0
TCU-02648,Selebi-Phikwe,LO001,Agriculture Loan,55,Self-Employed,25960.0,323800.0,18.53,36,11792.0,16,177995.0,2024-02-19,0.4542,850,0,11.8,0,0,0.0,Current,0,0,None,0.0,0
TCU-02649,Maun,LO019,Business Loan,47,Private Sector,9218.0,109400.0,20.08,12,10138.0,12,0.0,2024-04-23,1.0998,795,2,29.4,1,1,230595.0,Late (30–89 days),86,1,Called,0.0,1
TCU-02650,Lobatse,LO007,Agriculture Loan,56,Government Employee,18584.0,51100.0,16.16,12,4640.0,1,42978.0,2025-05-20,0.2497,791,0,21.6,0,1,111222.0,Current,0,0,None,0.0,0
TCU-02651,Francistown,LO011,Education Loan,31,Private Sector,8949.0,127200.0,9.78,36,4091.0,9,86130.0,2024-09-10,0.4571,757,3,21.7,1,0,0.0,Current,0,0,None,0.0,0
TCU-02652,Gaborone Main,LO019,Home Loan,67,Student,1862.0,51900.0,9.9,84,859.0,3,46673.0,2025-03-15,0.4613,795,1,18.5,0,1,52865.0,Current,0,0,None,0.0,0
TCU-02653,Francistown,LO013,Business Loan,28,Farmer,10175.0,67000.0,21.73,36,2549.0,3,60294.0,2025-03-25,0.2505,773,0,4.6,0,1,102896.0,Current,0,0,None,0.0,0
TCU-02654,Gaborone Main,LO006,Home Loan,47,Pensioner,5508.0,124200.0,22.97,84,2984.0,1,121643.0,2025-05-11,0.5418,779,1,14.6,0,1,197666.0,Current,0,0,None,0.0,0
TCU-02655,Gaborone Main,LO001,Home Loan,39,Self-Employed,20497.0,343200.0,14.49,36,11812.0,12,220414.0,2024-07-05,0.5763,850,1,8.4,1,0,0.0,Late (30–89 days),53,1,Legal Notice,53823.0,1
TCU-02656,Gaborone Main,LO018,Agriculture Loan,45,Self-Employed,29105.0,162500.0,21.04,48,5035.0,13,113460.0,2024-05-19,0.173,850,2,22.4,0,1,248217.0,Early (1–29 days),23,1,None,0.0,0
TCU-02657,Francistown,LO001,Home Loan,49,Private Sector,10685.0,201700.0,10.44,60,4329.0,8,162953.0,2024-10-19,0.4051,712,0,29.0,0,1,478756.0,Current,0,0,None,0.0,0
TCU-02658,Selebi-Phikwe,LO018,Business Loan,22,Self-Employed,30213.0,282000.0,9.23,24,12913.0,17,78852.0,2024-01-22,0.4274,850,1,25.7,0,1,313066.0,Current,0,0,None,0.0,0
TCU-02659,Gaborone Main,LO001,Agriculture Loan,33,Student,3962.0,102600.0,11.53,36,3385.0,9,71076.0,2024-09-22,0.8544,678,0,26.0,0,0,0.0,Late (30–89 days),50,1,None,7512.0,1
TCU-02660,Selebi-Phikwe,LO020,Education Loan,32,Private Sector,28188.0,175300.0,15.69,84,3451.0,9,140857.0,2024-09-10,0.1224,850,1,24.4,0,0,0.0,Current,0,0,None,0.0,0
TCU-02661,Gaborone Main,LO018,Personal Loan,32,Self-Employed,34804.0,322700.0,8.69,48,7983.0,14,211118.0,2024-04-16,0.2294,850,0,10.2,0,1,537992.0,Current,0,0,None,0.0,0
TCU-02662,Gaborone Main,LO018,Home Loan,58,Private Sector,8810.0,172300.0,10.67,84,2920.0,4,162037.0,2025-03-02,0.3314,741,4,1.1,0,0,0.0,Current,0,0,None,0.0,0
TCU-02663,Selebi-Phikwe,LO004,Home Loan,29,Government Employee,24871.0,121200.0,13.08,60,2763.0,1,105738.0,2025-05-15,0.1111,850,1,20.1,0,1,162087.0,Current,0,0,None,0.0,0
TCU-02664,Francistown,LO005,Education Loan,35,Self-Employed,37525.0,272800.0,18.74,72,6337.0,1,231662.0,2025-05-17,0.1689,850,0,28.2,0,1,599759.0,Current,0,0,None,0.0,0
TCU-02665,Lobatse,LO011,Vehicle Loan,65,Pensioner,4490.0,67800.0,21.98,48,2135.0,16,38721.0,2024-02-22,0.4755,811,0,19.5,1,1,96483.0,Current,0,0,None,0.0,0
TCU-02666,Gaborone Main,LO016,Business Loan,61,Private Sector,10848.0,48800.0,18.29,36,1771.0,7,36558.0,2024-11-24,0.1633,778,2,16.5,3,1,106904.0,Defaulted,229,6,SMS Sent,23539.0,1
TCU-02667,Gaborone Main,LO011,Home Loan,46,Government Employee,10478.0,58400.0,21.58,72,1453.0,1,54312.0,2025-05-27,0.1387,728,2,3.9,0,0,0.0,Current,0,0,None,0.0,0
TCU-02668,Selebi-Phikwe,LO013,Vehicle Loan,35,Private Sector,13331.0,52400.0,11.88,48,1377.0,9,36337.0,2024-09-27,0.1033,798,2,0.5,0,1,121253.0,Late (30–89 days),56,1,Called,8678.0,1
TCU-02669,Francistown,LO006,Vehicle Loan,39,Self-Employed,16504.0,327600.0,21.26,36,12386.0,15,181527.0,2024-03-23,0.7505,730,0,17.6,0,0,0.0,Late (30–89 days),58,1,Called,33871.0,1
TCU-02670,Lobatse,LO002,Agriculture Loan,47,Pensioner,9389.0,124800.0,12.48,60,2806.0,11,87070.0,2024-07-28,0.2989,688,4,18.7,0,1,286209.0,Late (30–89 days),67,2,Legal Notice,17430.0,1
TCU-02671,Lobatse,LO007,Business Loan,27,Pensioner,9607.0,91400.0,14.66,60,2158.0,12,66422.0,2024-06-21,0.2246,697,3,21.1,1,1,73573.0,Early (1–29 days),14,1,None,0.0,0
TCU-02672,Lobatse,LO004,Personal Loan,39,Government Employee,14384.0,134300.0,15.34,48,3761.0,5,104032.0,2025-01-13,0.2615,785,2,29.8,0,0,0.0,Current,0,0,None,0.0,0
TCU-02673,Lobatse,LO009,Home Loan,53,Self-Employed,28861.0,101900.0,11.42,60,2237.0,5,91555.0,2025-01-08,0.0775,850,2,8.1,0,1,240660.0,Current,0,0,None,0.0,0
TCU-02674,Lobatse,LO017,Agriculture Loan,48,Pensioner,4745.0,126800.0,18.27,60,3239.0,5,116116.0,2025-01-19,0.6826,640,2,20.3,0,1,201536.0,Current,0,0,None,0.0,0
TCU-02675,Selebi-Phikwe,LO014,Business Loan,55,Government Employee,12243.0,155000.0,22.73,60,4346.0,14,102521.0,2024-04-26,0.355,781,1,5.4,0,1,356590.0,Current,0,0,None,0.0,0
TCU-02676,Maun,LO005,Home Loan,54,Self-Employed,18005.0,349900.0,23.55,12,33010.0,9,85767.0,2024-09-17,1.8334,730,3,24.2,0,1,524570.0,Late (30–89 days),46,2,Legal Notice,27328.0,1
TCU-02677,Lobatse,LO012,Personal Loan,41,Farmer,10141.0,85300.0,22.48,12,8003.0,12,0.0,2024-03-09,0.7892,714,1,17.8,0,1,161753.0,Current,0,0,None,0.0,0
TCU-02678,Gaborone Main,LO014,Home Loan,45,Private Sector,11908.0,309400.0,21.16,84,7088.0,10,264151.0,2024-08-10,0.5952,725,4,23.9,0,1,459858.0,Current,0,0,None,0.0,0
TCU-02679,Maun,LO006,Personal Loan,38,Student,4886.0,85400.0,20.38,48,2616.0,1,71191.0,2025-05-20,0.5354,729,1,3.5,0,1,76797.0,Current,0,0,None,0.0,0
TCU-02680,Lobatse,LO014,Agriculture Loan,42,Government Employee,16697.0,286600.0,23.87,48,9323.0,14,195822.0,2024-05-02,0.5584,780,1,5.6,1,0,0.0,Late (30–89 days),56,1,None,23737.0,1
TCU-02681,Selebi-Phikwe,LO011,Home Loan,50,Private Sector,18118.0,106000.0,20.79,48,3270.0,14,65960.0,2024-04-10,0.1805,811,0,13.8,1,1,205807.0,Current,0,0,None,0.0,0
TCU-02682,Francistown,LO002,Personal Loan,34,Student,2081.0,62800.0,9.17,84,1016.0,4,55064.0,2025-02-12,0.4882,606,0,23.5,0,0,0.0,Current,0,0,None,0.0,0
TCU-02683,Maun,LO013,Home Loan,29,Government Employee,19850.0,336900.0,11.25,84,5813.0,2,296294.0,2025-04-16,0.2928,772,0,28.0,1,1,434288.0,Current,0,0,None,0.0,0
TCU-02684,Maun,LO012,Education Loan,59,Farmer,8602.0,50200.0,18.57,24,2520.0,16,14744.0,2024-02-18,0.293,664,0,3.3,1,0,0.0,Late (30–89 days),30,1,SMS Sent,3361.0,1
TCU-02685,Maun,LO016,Home Loan,66,Self-Employed,38880.0,48400.0,10.57,84,818.0,5,39377.0,2025-01-11,0.021,850,4,20.9,0,0,0.0,Early (1–29 days),29,1,None,0.0,0
TCU-02686,Maun,LO012,Vehicle Loan,41,Self-Employed,36238.0,464300.0,20.21,48,14181.0,13,305230.0,2024-06-03,0.3913,850,1,25.1,0,1,479052.0,Current,0,0,None,0.0,0
TCU-02687,Maun,LO004,Agriculture Loan,52,Student,4928.0,55600.0,23.68,84,1361.0,12,41997.0,2024-06-25,0.2762,849,0,29.4,0,0,0.0,Current,0,0,None,0.0,0
TCU-02688,Francistown,LO012,Personal Loan,36,Private Sector,25466.0,228600.0,20.03,12,21180.0,12,0.0,2024-03-08,0.8317,850,0,29.7,0,0,0.0,Defaulted,198,3,Home Visit,0.0,1
TCU-02689,Maun,LO005,Personal Loan,49,Student,3720.0,111700.0,19.78,12,10336.0,1,101166.0,2025-05-25,2.7785,752,0,1.7,0,0,0.0,Defaulted,224,9,Letter Sent,42099.0,1
TCU-02690,Gaborone Main,LO010,Education Loan,33,Student,2691.0,32100.0,21.07,72,789.0,6,25404.0,2024-12-20,0.2932,545,0,25.3,0,1,60218.0,Current,0,0,None,0.0,0
TCU-02691,Francistown,LO020,Personal Loan,36,Pensioner,4999.0,40700.0,12.65,60,919.0,17,26944.0,2024-01-23,0.1838,759,2,13.4,0,0,0.0,Current,0,0,None,0.0,0
TCU-02692,Lobatse,LO019,Personal Loan,60,Private Sector,12151.0,22800.0,22.04,84,535.0,8,18594.0,2024-10-29,0.044,796,0,13.9,0,0,0.0,Early (1–29 days),2,1,None,0.0,0
TCU-02693,Maun,LO015,Education Loan,68,Pensioner,8084.0,25100.0,11.03,72,478.0,9,20905.0,2024-09-29,0.0591,701,0,23.8,0,1,33042.0,Current,0,0,None,0.0,0
TCU-02694,Maun,LO003,Agriculture Loan,41,Self-Employed,13449.0,83600.0,10.68,72,1578.0,15,58804.0,2024-04-05,0.1173,692,0,2.1,0,1,149215.0,Current,0,0,None,0.0,0
TCU-02695,Selebi-Phikwe,LO004,Business Loan,47,Self-Employed,11616.0,129400.0,14.19,72,2680.0,13,104387.0,2024-05-30,0.2307,749,2,13.5,1,1,194428.0,Current,0,0,None,0.0,0
TCU-02696,Selebi-Phikwe,LO018,Personal Loan,25,Pensioner,5447.0,135700.0,12.46,60,3050.0,4,110712.0,2025-02-08,0.5599,557,2,10.6,2,1,135263.0,Current,0,0,None,0.0,0
TCU-02697,Lobatse,LO006,Education Loan,59,Private Sector,28436.0,46500.0,21.53,24,2402.0,7,28062.0,2024-11-24,0.0845,850,1,28.2,0,1,68125.0,Current,0,0,None,0.0,0
TCU-02698,Selebi-Phikwe,LO017,Home Loan,48,Private Sector,15487.0,206500.0,9.61,72,3785.0,4,192862.0,2025-02-06,0.2444,850,1,26.3,0,1,342620.0,Current,0,0,None,0.0,0
TCU-02699,Maun,LO003,Agriculture Loan,45,Farmer,13151.0,173700.0,13.82,72,3562.0,17,114171.0,2024-02-05,0.2709,771,0,8.2,0,1,139935.0,Early (1–29 days),20,1,None,0.0,0
TCU-02700,Lobatse,LO010,Education Loan,65,Pensioner,4601.0,66500.0,23.37,60,1889.0,9,48520.0,2024-09-07,0.4106,831,1,18.7,0,0,0.0,Current,0,0,None,0.0,0
TCU-02701,Francistown,LO010,Personal Loan,67,Government Employee,21760.0,458200.0,17.68,12,41938.0,4,299546.0,2025-02-17,1.9273,850,1,11.7,0,1,899105.0,Defaulted,93,12,None,247207.0,1
TCU-02702,Francistown,LO011,Agriculture Loan,52,Farmer,13228.0,181100.0,14.16,84,3410.0,6,157853.0,2024-12-24,0.2578,850,2,4.7,0,1,203037.0,Current,0,0,None,0.0,0
TCU-02703,Maun,LO013,Vehicle Loan,34,Farmer,9978.0,125100.0,18.34,48,3697.0,8,93155.0,2024-11-01,0.3705,730,1,5.9,0,0,0.0,Current,0,0,None,0.0,0
TCU-02704,Francistown,LO001,Home Loan,66,Farmer,7500.0,61900.0,14.65,72,1297.0,7,54870.0,2024-11-28,0.1729,787,0,0.5,0,0,0.0,Current,0,0,None,0.0,0
TCU-02705,Selebi-Phikwe,LO002,Vehicle Loan,55,Private Sector,9815.0,236800.0,20.62,60,6356.0,11,192251.0,2024-07-23,0.6476,670,2,19.2,0,0,0.0,Current,0,0,None,0.0,0
TCU-02706,Gaborone Main,LO013,Agriculture Loan,22,Government Employee,19533.0,445200.0,19.72,60,11726.0,6,357713.0,2024-12-18,0.6003,744,0,6.3,0,0,0.0,Current,0,0,None,0.0,0
TCU-02707,Francistown,LO015,Personal Loan,28,Farmer,8526.0,139100.0,19.43,12,12848.0,12,0.0,2024-02-16,1.5069,637,3,2.1,0,1,297255.0,Late (30–89 days),69,1,Home Visit,0.0,1
TCU-02708,Lobatse,LO017,Personal Loan,52,Student,1665.0,16300.0,10.05,36,526.0,17,8269.0,2024-01-26,0.3159,583,3,5.5,1,0,0.0,Late (30–89 days),32,2,Letter Sent,1043.0,1
TCU-02709,Maun,LO001,Agriculture Loan,53,Government Employee,16708.0,393000.0,15.68,84,7734.0,6,356559.0,2024-12-23,0.4629,850,1,17.9,0,0,0.0,Current,0,0,None,0.0,0
TCU-02710,Gaborone Main,LO013,Education Loan,59,Government Employee,16899.0,157500.0,15.9,48,4456.0,10,110282.0,2024-08-29,0.2637,850,2,20.9,2,1,333365.0,Current,0,0,None,0.0,0
TCU-02711,Francistown,LO017,Home Loan,63,Pensioner,4832.0,210900.0,16.1,84,4201.0,2,183587.0,2025-04-12,0.8694,689,1,27.6,1,0,0.0,Late (30–89 days),56,1,SMS Sent,49746.0,1
TCU-02712,Francistown,LO013,Personal Loan,46,Self-Employed,27510.0,51700.0,14.77,60,1224.0,5,44460.0,2025-01-12,0.0445,850,0,26.4,0,0,0.0,Current,0,0,None,0.0,0
TCU-02713,Maun,LO014,Agriculture Loan,57,Private Sector,11952.0,97500.0,13.53,12,8733.0,12,0.0,2024-05-05,0.7307,850,2,16.9,0,1,122410.0,Late (30–89 days),34,1,None,0.0,1
TCU-02714,Gaborone Main,LO015,Home Loan,30,Government Employee,15946.0,51200.0,13.36,48,1383.0,3,41495.0,2025-03-22,0.0867,790,1,24.4,2,1,84536.0,Late (30–89 days),46,2,Legal Notice,12487.0,1
TCU-02715,Selebi-Phikwe,LO001,Education Loan,31,Self-Employed,38865.0,26400.0,11.3,60,578.0,5,22198.0,2025-01-06,0.0149,850,0,10.2,0,1,41846.0,Current,0,0,None,0.0,0
TCU-02716,Maun,LO013,Vehicle Loan,62,Self-Employed,19709.0,461300.0,8.52,84,7310.0,12,369998.0,2024-06-27,0.3709,815,0,23.6,1,0,0.0,Current,0,0,None,0.0,0
TCU-02717,Selebi-Phikwe,LO008,Business Loan,23,Pensioner,8967.0,151800.0,13.93,60,3527.0,3,143042.0,2025-03-26,0.3933,704,0,26.9,0,1,253979.0,Current,0,0,None,0.0,0
TCU-02718,Francistown,LO018,Home Loan,54,Government Employee,12735.0,81000.0,16.52,48,2317.0,13,56042.0,2024-05-15,0.1819,778,1,27.3,2,0,0.0,Current,0,0,None,0.0,0
TCU-02719,Lobatse,LO002,Home Loan,40,Farmer,6436.0,56200.0,22.38,72,1425.0,12,42624.0,2024-06-19,0.2214,626,1,26.9,1,0,0.0,Early (1–29 days),22,1,None,0.0,0
TCU-02720,Francistown,LO020,Vehicle Loan,23,Government Employee,17118.0,226600.0,20.78,24,11620.0,9,129345.0,2024-10-01,0.6788,686,1,6.5,0,1,548237.0,Current,0,0,None,0.0,0
TCU-02721,Francistown,LO011,Education Loan,61,Government Employee,21928.0,453000.0,19.61,24,22970.0,10,231209.0,2024-08-21,1.0475,850,0,2.6,1,1,406989.0,Defaulted,358,4,Legal Notice,118941.0,1
TCU-02722,Lobatse,LO009,Education Loan,59,Student,4782.0,59400.0,11.83,24,2791.0,13,23862.0,2024-05-09,0.5836,761,3,9.4,1,0,0.0,Defaulted,317,4,None,10032.0,1
TCU-02723,Selebi-Phikwe,LO007,Business Loan,28,Pensioner,9620.0,106800.0,12.02,84,1886.0,7,93725.0,2024-11-21,0.196,692,2,10.7,0,1,166525.0,Late (30–89 days),33,2,Legal Notice,32582.0,1
TCU-02724,Lobatse,LO016,Home Loan,65,Student,4203.0,17300.0,13.82,72,355.0,2,14803.0,2025-04-08,0.0845,693,0,8.0,1,1,15375.0,Current,0,0,None,0.0,0
TCU-02725,Gaborone Main,LO002,Vehicle Loan,36,Private Sector,21810.0,392000.0,12.32,72,7729.0,2,351814.0,2025-04-10,0.3544,850,0,22.9,2,1,659335.0,Current,0,0,None,0.0,0
TCU-02726,Francistown,LO008,Business Loan,42,Farmer,6989.0,33600.0,20.37,60,897.0,16,21625.0,2024-02-08,0.1283,682,1,27.9,1,0,0.0,Current,0,0,None,0.0,0
TCU-02727,Maun,LO015,Vehicle Loan,60,Student,4167.0,36700.0,23.06,60,1036.0,14,24564.0,2024-05-02,0.2486,709,1,12.3,0,1,65199.0,Current,0,0,None,0.0,0
TCU-02728,Maun,LO014,Personal Loan,30,Farmer,13441.0,449500.0,15.42,12,40660.0,12,0.0,2024-03-21,3.0251,734,2,25.0,0,1,605029.0,Late (30–89 days),59,2,Home Visit,0.0,1
TCU-02729,Gaborone Main,LO002,Vehicle Loan,37,Self-Employed,20319.0,141900.0,19.22,84,3085.0,16,111175.0,2024-02-13,0.1518,802,0,19.0,0,0,0.0,Early (1–29 days),6,1,None,0.0,0
TCU-02730,Francistown,LO008,Agriculture Loan,40,Pensioner,8058.0,89900.0,17.18,24,4453.0,7,55280.0,2024-11-05,0.5526,718,1,24.3,0,1,119753.0,Current,0,0,None,0.0,0
TCU-02731,Gaborone Main,LO008,Education Loan,62,Private Sector,28637.0,99200.0,14.22,24,4773.0,14,40260.0,2024-04-17,0.1667,850,0,28.0,0,0,0.0,Current,0,0,None,0.0,0
TCU-02732,Lobatse,LO004,Education Loan,54,Student,3394.0,73700.0,23.83,48,2396.0,10,50803.0,2024-08-21,0.706,795,0,17.7,1,1,63846.0,Current,0,0,None,0.0,0
TCU-02733,Lobatse,LO018,Vehicle Loan,66,Student,2237.0,48000.0,15.0,12,4332.0,8,15883.0,2024-10-10,1.9365,747,3,27.3,1,1,107891.0,Current,0,0,None,0.0,0
TCU-02734,Selebi-Phikwe,LO002,Vehicle Loan,56,Farmer,10788.0,380500.0,20.12,84,8477.0,9,302662.0,2024-09-19,0.7858,708,0,2.4,0,1,372831.0,Late (30–89 days),79,1,Home Visit,54701.0,1
TCU-02735,Gaborone Main,LO017,Agriculture Loan,36,Government Employee,8790.0,91700.0,13.17,84,1677.0,10,68866.0,2024-08-17,0.1908,767,3,27.8,0,0,0.0,Current,0,0,None,0.0,0
TCU-02736,Francistown,LO008,Personal Loan,32,Farmer,13383.0,114300.0,9.55,48,2874.0,5,101751.0,2025-01-27,0.2148,836,0,5.2,0,0,0.0,Current,0,0,None,0.0,0
TCU-02737,Lobatse,LO017,Agriculture Loan,51,Government Employee,12677.0,35000.0,22.84,48,1119.0,6,28964.0,2024-12-05,0.0883,665,2,18.6,1,1,69095.0,Current,0,0,None,0.0,0
TCU-02738,Gaborone Main,LO014,Agriculture Loan,54,Farmer,6483.0,242300.0,18.02,60,6155.0,15,175272.0,2024-04-05,0.9494,775,1,6.2,1,1,505299.0,Current,0,0,None,0.0,0
TCU-02739,Gaborone Main,LO001,Personal Loan,26,Government Employee,16196.0,272500.0,23.58,12,25712.0,12,0.0,2024-06-09,1.5876,794,0,16.4,0,1,640277.0,Defaulted,118,11,Called,0.0,1
TCU-02740,Francistown,LO006,Vehicle Loan,36,Pensioner,9837.0,64500.0,14.22,72,1337.0,6,56699.0,2024-12-24,0.1359,808,0,8.9,0,1,108475.0,Current,0,0,None,0.0,0
TCU-02741,Selebi-Phikwe,LO003,Vehicle Loan,40,Farmer,6742.0,73600.0,14.51,60,1732.0,9,54355.0,2024-09-24,0.2569,806,0,14.4,0,1,79562.0,Current,0,0,None,0.0,0
TCU-02742,Lobatse,LO007,Personal Loan,42,Student,3406.0,81700.0,17.24,60,2041.0,15,53709.0,2024-03-12,0.5992,677,4,5.7,0,1,121728.0,Current,0,0,None,0.0,0
TCU-02743,Maun,LO014,Vehicle Loan,57,Government Employee,9274.0,153200.0,11.16,72,2929.0,7,133242.0,2024-11-28,0.3158,755,0,12.9,1,0,0.0,Current,0,0,None,0.0,0
TCU-02744,Francistown,LO017,Home Loan,33,Pensioner,4168.0,160400.0,14.0,72,3305.0,13,112874.0,2024-05-15,0.7929,581,0,6.0,0,1,171034.0,Late (30–89 days),48,2,Home Visit,37087.0,1
TCU-02745,Selebi-Phikwe,LO015,Education Loan,64,Farmer,5475.0,14600.0,11.13,72,279.0,9,10955.0,2024-09-29,0.051,644,1,2.9,0,0,0.0,Current,0,0,None,0.0,0
TCU-02746,Gaborone Main,LO020,Agriculture Loan,29,Self-Employed,17709.0,429800.0,23.54,60,12250.0,8,362053.0,2024-10-24,0.6917,713,0,5.0,0,0,0.0,Current,0,0,None,0.0,0
TCU-02747,Gaborone Main,LO019,Home Loan,54,Self-Employed,5411.0,135700.0,20.18,36,5056.0,10,93507.0,2024-08-07,0.9344,834,0,14.1,1,1,271850.0,Current,0,0,None,0.0,0
TCU-02748,Maun,LO002,Business Loan,43,Farmer,13911.0,87100.0,19.63,12,8053.0,12,0.0,2024-06-09,0.5789,822,0,14.5,0,0,0.0,Current,0,0,None,0.0,0
TCU-02749,Gaborone Main,LO008,Agriculture Loan,42,Student,1547.0,29900.0,13.62,84,554.0,3,26537.0,2025-03-14,0.3581,614,0,20.2,0,0,0.0,Current,0,0,None,0.0,0
TCU-02750,Gaborone Main,LO013,Vehicle Loan,34,Pensioner,5086.0,125700.0,13.13,60,2868.0,16,84699.0,2024-02-09,0.5639,691,1,4.5,0,0,0.0,Early (1–29 days),13,1,None,0.0,0
TCU-02751,Maun,LO010,Home Loan,26,Self-Employed,4914.0,112700.0,22.65,60,3154.0,5,93737.0,2025-01-05,0.6418,769,2,8.8,0,0,0.0,Late (30–89 days),38,1,None,28990.0,1
TCU-02752,Francistown,LO005,Education Loan,47,Government Employee,11980.0,23700.0,18.78,84,509.0,7,21328.0,2024-11-03,0.0425,783,4,19.2,0,0,0.0,Current,0,0,None,0.0,0
TCU-02753,Gaborone Main,LO016,Personal Loan,38,Farmer,10933.0,120300.0,13.73,72,2462.0,14,89450.0,2024-04-17,0.2252,722,0,27.9,0,0,0.0,Current,0,0,None,0.0,0
TCU-02754,Gaborone Main,LO009,Vehicle Loan,34,Student,3888.0,23500.0,11.28,36,772.0,16,12130.0,2024-02-21,0.1986,647,2,18.4,0,1,51333.0,Current,0,0,None,0.0,0
TCU-02755,Lobatse,LO003,Vehicle Loan,52,Pensioner,8268.0,15700.0,14.77,12,1415.0,12,0.0,2024-04-17,0.1711,850,1,8.9,0,1,33678.0,Current,0,0,None,0.0,0
TCU-02756,Maun,LO015,Home Loan,42,Self-Employed,36234.0,233800.0,14.65,60,5519.0,6,202139.0,2024-12-16,0.1523,850,1,15.5,0,1,335392.0,Current,0,0,None,0.0,0
TCU-02757,Maun,LO010,Personal Loan,32,Farmer,14689.0,177100.0,15.1,24,8595.0,2,149044.0,2025-04-29,0.5851,850,0,28.3,0,1,408954.0,Current,0,0,None,0.0,0
TCU-02758,Selebi-Phikwe,LO019,Business Loan,45,Private Sector,6636.0,58000.0,12.19,12,5158.0,3,41667.0,2025-03-08,0.7773,640,2,28.0,2,1,142579.0,Late (30–89 days),79,1,Called,13147.0,1
TCU-02759,Maun,LO018,Business Loan,53,Self-Employed,22549.0,349300.0,12.01,12,31037.0,9,81842.0,2024-09-26,1.3764,850,0,10.1,0,1,755176.0,Late (30–89 days),30,2,Letter Sent,16975.0,1
TCU-02760,Selebi-Phikwe,LO020,Vehicle Loan,35,Self-Employed,36980.0,22300.0,8.83,24,1017.0,15,7108.0,2024-03-25,0.0275,850,0,26.9,1,1,50029.0,Late (30–89 days),75,2,Letter Sent,2126.0,1
TCU-02761,Lobatse,LO003,Vehicle Loan,66,Pensioner,9837.0,86000.0,16.04,48,2439.0,6,64002.0,2024-12-19,0.2479,840,0,23.1,0,0,0.0,Current,0,0,None,0.0,0
TCU-02762,Maun,LO007,Vehicle Loan,45,Private Sector,13865.0,409500.0,23.63,12,38649.0,2,334304.0,2025-04-20,2.7875,722,2,27.3,0,1,749493.0,Late (30–89 days),31,1,SMS Sent,101977.0,1
TCU-02763,Gaborone Main,LO004,Vehicle Loan,52,Student,3113.0,44700.0,14.64,60,1055.0,10,33317.0,2024-08-14,0.3389,636,1,14.9,0,1,93440.0,Current,0,0,None,0.0,0
TCU-02764,Gaborone Main,LO011,Agriculture Loan,35,Private Sector,11430.0,147800.0,10.1,48,3756.0,8,106013.0,2024-10-20,0.3286,719,0,22.7,0,1,144519.0,Current,0,0,None,0.0,0
TCU-02765,Selebi-Phikwe,LO017,Agriculture Loan,48,Student,3522.0,63000.0,17.95,48,1849.0,11,48222.0,2024-07-16,0.525,737,0,24.5,0,0,0.0,Current,0,0,None,0.0,0
TCU-02766,Maun,LO001,Personal Loan,45,Self-Employed,9082.0,219000.0,17.28,12,20003.0,9,54129.0,2024-09-25,2.2025,790,1,17.9,0,1,510590.0,Late (30–89 days),30,1,Home Visit,15883.0,1
TCU-02767,Lobatse,LO016,Personal Loan,45,Self-Employed,16123.0,430600.0,23.55,36,16792.0,14,233927.0,2024-04-12,1.0415,850,0,1.6,1,1,832169.0,Defaulted,321,4,None,119560.0,1
TCU-02768,Gaborone Main,LO010,Business Loan,62,Farmer,3800.0,22000.0,22.11,12,2060.0,8,6681.0,2024-10-20,0.5421,828,1,14.4,0,1,19862.0,Current,0,0,None,0.0,0
TCU-02769,Maun,LO014,Agriculture Loan,44,Student,3310.0,29100.0,18.07,72,665.0,7,25510.0,2024-11-25,0.2009,671,0,10.7,1,1,52990.0,Current,0,0,None,0.0,0
TCU-02770,Lobatse,LO002,Vehicle Loan,63,Farmer,14872.0,129300.0,16.5,48,3698.0,13,90250.0,2024-05-25,0.2487,850,0,16.0,1,0,0.0,Current,0,0,None,0.0,0
TCU-02771,Maun,LO003,Vehicle Loan,58,Student,4568.0,13400.0,15.7,12,1214.0,12,0.0,2024-02-10,0.2658,720,3,12.0,0,1,14595.0,Current,0,0,None,0.0,0
TCU-02772,Francistown,LO018,Business Loan,68,Self-Employed,9616.0,305400.0,11.0,24,14234.0,6,196698.0,2024-12-11,1.4802,794,3,6.6,0,1,712316.0,Late (30–89 days),44,1,Home Visit,23176.0,1
TCU-02773,Selebi-Phikwe,LO012,Personal Loan,38,Farmer,5988.0,52600.0,13.56,36,1787.0,15,28573.0,2024-03-28,0.2984,684,1,3.6,0,0,0.0,Late (30–89 days),78,2,SMS Sent,4403.0,1
TCU-02774,Lobatse,LO018,Personal Loan,45,Government Employee,21900.0,402300.0,21.21,12,37500.0,4,256005.0,2025-02-22,1.7123,844,0,16.1,0,0,0.0,Late (30–89 days),55,2,None,46552.0,1
TCU-02775,Francistown,LO012,Business Loan,41,Private Sector,26389.0,263700.0,15.75,36,9238.0,3,235977.0,2025-03-21,0.3501,850,0,5.7,0,1,481280.0,Current,0,0,None,0.0,0
TCU-02776,Lobatse,LO009,Business Loan,50,Self-Employed,34892.0,90700.0,15.08,12,8190.0,6,39736.0,2024-12-29,0.2347,850,1,3.5,0,1,84234.0,Current,0,0,None,0.0,0
TCU-02777,Maun,LO015,Vehicle Loan,66,Private Sector,16786.0,63300.0,9.29,60,1323.0,9,49910.0,2024-09-08,0.0788,845,0,7.3,0,1,119436.0,Current,0,0,None,0.0,0
TCU-02778,Selebi-Phikwe,LO014,Business Loan,41,Farmer,3749.0,142800.0,13.46,60,3283.0,6,119060.0,2024-12-30,0.8757,635,1,24.2,3,1,311027.0,Current,0,0,None,0.0,0
TCU-02779,Maun,LO018,Education Loan,59,Government Employee,16319.0,321900.0,19.54,84,7059.0,7,295051.0,2024-11-24,0.4326,850,1,20.5,1,1,730413.0,Current,0,0,None,0.0,0
TCU-02780,Selebi-Phikwe,LO014,Personal Loan,48,Pensioner,7744.0,10100.0,14.64,12,910.0,6,5010.0,2024-12-21,0.1175,672,0,24.2,0,0,0.0,Current,0,0,None,0.0,0
TCU-02781,Lobatse,LO013,Personal Loan,55,Farmer,4037.0,80500.0,9.49,12,7058.0,1,67575.0,2025-05-29,1.7483,752,0,2.8,0,1,93659.0,Defaulted,297,5,Letter Sent,46739.0,1
TCU-02782,Selebi-Phikwe,LO002,Home Loan,33,Government Employee,18863.0,390100.0,14.76,84,7475.0,1,351775.0,2025-05-08,0.3963,850,0,8.3,0,1,580967.0,Current,0,0,None,0.0,0
TCU-02783,Maun,LO015,Personal Loan,26,Pensioner,7492.0,16200.0,12.33,48,429.0,14,9809.0,2024-04-17,0.0573,710,0,10.5,0,0,0.0,Current,0,0,None,0.0,0
TCU-02784,Maun,LO017,Education Loan,24,Private Sector,19529.0,35400.0,14.85,36,1225.0,11,24561.0,2024-07-28,0.0627,737,3,13.6,1,1,31775.0,Current,0,0,None,0.0,0
TCU-02785,Lobatse,LO013,Agriculture Loan,26,Government Employee,15733.0,17900.0,16.83,60,443.0,11,13193.0,2024-08-02,0.0282,744,0,18.8,0,1,43912.0,Current,0,0,None,0.0,0
TCU-02786,Selebi-Phikwe,LO007,Home Loan,58,Pensioner,8939.0,121100.0,20.92,36,4557.0,8,89844.0,2024-10-11,0.5098,715,1,25.7,0,0,0.0,Current,0,0,None,0.0,0
TCU-02787,Lobatse,LO009,Business Loan,66,Private Sector,15817.0,98800.0,13.08,36,3333.0,10,68719.0,2024-08-27,0.2107,829,2,25.0,1,0,0.0,Current,0,0,None,0.0,0
TCU-02788,Lobatse,LO009,Home Loan,44,Student,3375.0,10600.0,15.37,48,297.0,5,9048.0,2025-01-22,0.088,763,0,16.8,0,0,0.0,Current,0,0,None,0.0,0
TCU-02789,Maun,LO009,Home Loan,59,Private Sector,14421.0,357500.0,17.63,48,10433.0,3,309456.0,2025-03-26,0.7235,804,2,25.6,3,1,538753.0,Late (30–89 days),83,2,None,38901.0,1
TCU-02790,Maun,LO006,Home Loan,64,Pensioner,6666.0,91300.0,12.68,84,1645.0,10,73918.0,2024-08-22,0.2468,733,0,6.7,0,0,0.0,Current,0,0,None,0.0,0
TCU-02791,Lobatse,LO007,Business Loan,55,Pensioner,4968.0,101700.0,20.61,36,3811.0,17,47107.0,2024-01-27,0.7671,780,1,19.7,0,1,121134.0,Current,0,0,None,0.0,0
TCU-02792,Maun,LO017,Vehicle Loan,52,Government Employee,22956.0,365500.0,10.68,24,16981.0,15,133964.0,2024-03-25,0.7397,850,3,20.2,3,0,0.0,Defaulted,246,3,Called,91799.0,1
TCU-02793,Francistown,LO002,Business Loan,64,Self-Employed,12139.0,241900.0,11.77,36,8008.0,5,205782.0,2025-01-16,0.6597,836,0,2.1,0,0,0.0,Current,0,0,None,0.0,0
TCU-02794,Maun,LO007,Vehicle Loan,48,Pensioner,9229.0,205500.0,22.76,60,5765.0,15,145011.0,2024-03-13,0.6247,697,1,21.0,0,0,0.0,Current,0,0,None,0.0,0
TCU-02795,Maun,LO008,Agriculture Loan,40,Self-Employed,9818.0,129600.0,16.12,36,4564.0,7,102391.0,2024-11-15,0.4649,757,1,16.5,0,1,313047.0,Current,0,0,None,0.0,0
TCU-02796,Lobatse,LO003,Personal Loan,54,Government Employee,13766.0,192700.0,11.17,60,4206.0,2,171085.0,2025-04-20,0.3055,835,2,20.5,0,0,0.0,Current,0,0,None,0.0,0
TCU-02797,Maun,LO009,Vehicle Loan,24,Farmer,7761.0,25800.0,23.96,48,841.0,8,21423.0,2024-10-07,0.1084,733,2,10.8,0,1,61694.0,Current,0,0,None,0.0,0
TCU-02798,Lobatse,LO011,Vehicle Loan,41,Student,4460.0,50700.0,10.88,72,962.0,10,42649.0,2024-08-06,0.2157,640,1,29.6,0,1,89479.0,Current,0,0,None,0.0,0
TCU-02799,Gaborone Main,LO006,Home Loan,64,Farmer,9775.0,71700.0,20.49,36,2683.0,9,46496.0,2024-09-21,0.2745,702,2,17.7,1,1,128920.0,Late (30–89 days),69,1,None,14035.0,1
TCU-02800,Selebi-Phikwe,LO007,Home Loan,60,Private Sector,21340.0,308500.0,16.55,24,15186.0,15,111532.0,2024-03-27,0.7116,850,0,12.0,0,1,608580.0,Current,0,0,None,0.0,0
TCU-02801,Lobatse,LO015,Business Loan,55,Farmer,4574.0,71600.0,23.62,48,2319.0,9,51639.0,2024-09-16,0.507,768,0,22.7,0,0,0.0,Current,0,0,None,0.0,0
TCU-02802,Gaborone Main,LO011,Business Loan,25,Student,4020.0,62200.0,23.26,12,5859.0,6,29941.0,2024-12-25,1.4575,696,0,2.4,1,0,0.0,Late (30–89 days),74,2,SMS Sent,7909.0,1
TCU-02803,Maun,LO006,Vehicle Loan,29,Farmer,3959.0,59700.0,13.31,36,2020.0,6,42899.0,2025-01-01,0.5102,671,1,25.6,1,1,113071.0,Early (1–29 days),4,1,None,0.0,0
TCU-02804,Francistown,LO012,Vehicle Loan,25,Student,3892.0,11400.0,17.28,12,1041.0,12,0.0,2024-02-07,0.2675,676,1,17.7,0,1,25285.0,Current,0,0,None,0.0,0
TCU-02805,Maun,LO019,Education Loan,62,Self-Employed,30140.0,231500.0,11.27,84,3997.0,10,176415.0,2024-08-21,0.1326,850,0,13.3,0,1,550582.0,Current,0,0,None,0.0,0
TCU-02806,Lobatse,LO001,Business Loan,65,Farmer,6866.0,206900.0,14.5,24,9983.0,12,91381.0,2024-06-11,1.454,816,0,25.5,0,1,485799.0,Early (1–29 days),23,1,None,0.0,0
TCU-02807,Lobatse,LO010,Personal Loan,48,Self-Employed,39665.0,122700.0,17.33,12,11210.0,6,57690.0,2024-12-24,0.2826,850,0,12.1,0,1,127203.0,Current,0,0,None,0.0,0
TCU-02808,Francistown,LO017,Education Loan,27,Government Employee,16062.0,237300.0,22.38,48,7525.0,12,173635.0,2024-06-14,0.4685,691,1,15.2,0,1,388675.0,Current,0,0,None,0.0,0
TCU-02809,Gaborone Main,LO009,Vehicle Loan,38,Farmer,9880.0,57100.0,20.98,60,1544.0,6,46803.0,2024-12-26,0.1563,792,1,10.5,2,1,140768.0,Current,0,0,None,0.0,0
TCU-02810,Lobatse,LO015,Home Loan,30,Self-Employed,32759.0,25400.0,18.44,12,2334.0,11,1839.0,2024-08-01,0.0712,850,2,7.8,0,0,0.0,Current,0,0,None,0.0,0
TCU-02811,Maun,LO005,Agriculture Loan,68,Farmer,5271.0,31500.0,19.92,12,2917.0,10,4819.0,2024-08-11,0.5534,670,0,26.5,0,1,46794.0,Current,0,0,None,0.0,0
TCU-02812,Maun,LO011,Vehicle Loan,48,Self-Employed,15431.0,278900.0,20.11,24,14210.0,4,204353.0,2025-02-04,0.9209,821,2,20.2,0,0,0.0,Defaulted,161,5,SMS Sent,101126.0,1
TCU-02813,Gaborone Main,LO002,Business Loan,40,Private Sector,17810.0,483900.0,17.01,24,23927.0,17,126365.0,2024-02-01,1.3435,739,2,6.8,1,0,0.0,Defaulted,208,6,Home Visit,69604.0,1
TCU-02814,Francistown,LO016,Agriculture Loan,66,Pensioner,6827.0,159000.0,9.75,60,3359.0,13,116884.0,2024-05-12,0.492,738,1,4.3,0,1,190551.0,Current,0,0,None,0.0,0
TCU-02815,Gaborone Main,LO018,Home Loan,52,Self-Employed,5777.0,106500.0,13.1,72,2144.0,15,83367.0,2024-03-21,0.3711,755,0,4.5,1,1,161700.0,Current,0,0,None,0.0,0
TCU-02816,Francistown,LO003,Business Loan,49,Pensioner,7293.0,192900.0,11.88,24,9070.0,11,101832.0,2024-07-21,1.2437,747,3,22.6,1,0,0.0,Defaulted,297,4,SMS Sent,54442.0,1
TCU-02817,Selebi-Phikwe,LO003,Education Loan,40,Farmer,6463.0,147000.0,9.85,72,2712.0,7,123471.0,2024-11-23,0.4196,614,0,21.1,0,1,342039.0,Current,0,0,None,0.0,0
TCU-02818,Gaborone Main,LO020,Vehicle Loan,32,Private Sector,23838.0,456200.0,13.82,72,9356.0,11,365878.0,2024-08-03,0.3925,850,0,2.4,1,0,0.0,Current,0,0,None,0.0,0
TCU-02819,Francistown,LO008,Business Loan,22,Farmer,11728.0,180000.0,21.67,84,4180.0,1,159182.0,2025-05-24,0.3564,712,2,3.2,2,1,181829.0,Current,0,0,None,0.0,0
TCU-02820,Francistown,LO011,Business Loan,39,Self-Employed,21487.0,220400.0,13.15,84,4028.0,1,201481.0,2025-05-22,0.1875,776,1,14.5,0,1,395042.0,Current,0,0,None,0.0,0
TCU-02821,Maun,LO015,Personal Loan,60,Government Employee,18152.0,85100.0,12.22,60,1902.0,3,78047.0,2025-03-31,0.1048,846,4,29.1,2,1,176213.0,Defaulted,244,5,Letter Sent,43448.0,1
TCU-02822,Selebi-Phikwe,LO007,Personal Loan,60,Student,1696.0,11000.0,21.51,36,417.0,8,8422.0,2024-10-15,0.2459,657,3,14.3,1,0,0.0,Current,0,0,None,0.0,0
TCU-02823,Selebi-Phikwe,LO014,Agriculture Loan,27,Student,3366.0,72800.0,14.96,72,1538.0,17,49784.0,2024-01-21,0.4569,651,2,16.6,0,0,0.0,Early (1–29 days),24,1,None,0.0,0
TCU-02824,Francistown,LO012,Education Loan,23,Pensioner,7813.0,62400.0,10.0,48,1583.0,4,53404.0,2025-02-27,0.2026,610,2,10.1,0,0,0.0,Current,0,0,None,0.0,0
TCU-02825,Lobatse,LO014,Personal Loan,24,Self-Employed,33671.0,284100.0,14.29,12,25547.0,7,112040.0,2024-11-03,0.7587,850,4,14.5,2,0,0.0,Defaulted,115,7,SMS Sent,68985.0,1
TCU-02826,Lobatse,LO018,Vehicle Loan,55,Farmer,6978.0,29800.0,11.06,72,568.0,9,23320.0,2024-09-17,0.0814,707,0,20.5,0,0,0.0,Early (1–29 days),7,1,None,0.0,0
TCU-02827,Selebi-Phikwe,LO001,Personal Loan,52,Student,1997.0,29900.0,10.66,36,974.0,17,14447.0,2024-01-25,0.4877,592,2,25.1,0,0,0.0,Current,0,0,None,0.0,0
TCU-02828,Francistown,LO017,Vehicle Loan,55,Private Sector,26470.0,193400.0,13.33,36,6547.0,8,132819.0,2024-10-13,0.2473,850,2,17.8,0,0,0.0,Current,0,0,None,0.0,0
TCU-02829,Maun,LO015,Agriculture Loan,44,Student,2502.0,23600.0,12.11,24,1112.0,16,7008.0,2024-02-27,0.4444,797,0,20.1,2,1,50071.0,Current,0,0,None,0.0,0
TCU-02830,Maun,LO001,Vehicle Loan,44,Private Sector,9010.0,150000.0,16.8,12,13666.0,8,47092.0,2024-10-09,1.5168,747,4,19.8,1,0,0.0,Late (30–89 days),43,1,Legal Notice,6783.0,1
TCU-02831,Lobatse,LO013,Agriculture Loan,35,Student,4510.0,47900.0,17.05,84,980.0,16,37936.0,2024-03-01,0.2173,677,1,11.5,0,1,78704.0,Current,0,0,None,0.0,0
TCU-02832,Lobatse,LO012,Personal Loan,31,Farmer,5548.0,81500.0,12.84,36,2740.0,15,44305.0,2024-03-18,0.4939,668,1,26.4,0,1,80898.0,Current,0,0,None,0.0,0
TCU-02833,Lobatse,LO017,Business Loan,68,Farmer,6295.0,64000.0,20.72,84,1449.0,3,58301.0,2025-03-07,0.2302,767,2,22.1,1,0,0.0,Late (30–89 days),83,2,SMS Sent,8788.0,1
TCU-02834,Francistown,LO008,Education Loan,45,Self-Employed,32301.0,163600.0,10.08,36,5285.0,13,101656.0,2024-05-14,0.1636,850,3,16.6,0,1,314678.0,Late (30–89 days),87,1,Letter Sent,11002.0,1
TCU-02835,Selebi-Phikwe,LO011,Education Loan,58,Private Sector,8007.0,11000.0,9.2,24,504.0,2,10012.0,2025-04-29,0.0629,734,1,15.0,3,1,21952.0,Current,0,0,None,0.0,0
TCU-02836,Lobatse,LO002,Agriculture Loan,44,Government Employee,22178.0,158800.0,10.21,36,5140.0,13,99502.0,2024-05-22,0.2318,850,2,9.3,0,1,367706.0,Current,0,0,None,0.0,0
TCU-02837,Selebi-Phikwe,LO020,Vehicle Loan,59,Private Sector,20691.0,373200.0,11.58,72,7215.0,13,260207.0,2024-06-03,0.3487,850,4,11.3,0,1,457810.0,Current,0,0,None,0.0,0
TCU-02838,Maun,LO008,Home Loan,36,Government Employee,18600.0,184000.0,17.29,60,4602.0,13,137445.0,2024-05-26,0.2474,832,1,9.1,0,0,0.0,Current,0,0,None,0.0,0
TCU-02839,Francistown,LO020,Personal Loan,62,Government Employee,11864.0,84500.0,20.76,84,1915.0,17,59534.0,2024-01-08,0.1614,823,0,15.0,0,0,0.0,Early (1–29 days),14,1,None,0.0,0
TCU-02840,Lobatse,LO010,Agriculture Loan,35,Self-Employed,30504.0,469800.0,13.67,36,15981.0,9,348717.0,2024-09-24,0.5239,850,1,14.6,0,1,1008999.0,Current,0,0,None,0.0,0
TCU-02841,Lobatse,LO004,Vehicle Loan,62,Pensioner,4481.0,136600.0,17.51,36,4905.0,17,66586.0,2024-01-30,1.0946,753,3,4.1,0,1,177603.0,Late (30–89 days),63,2,None,10233.0,1
TCU-02842,Selebi-Phikwe,LO006,Personal Loan,67,Pensioner,5256.0,49300.0,11.96,24,2320.0,13,20838.0,2024-05-09,0.4414,635,0,8.2,1,1,120485.0,Current,0,0,None,0.0,0
TCU-02843,Lobatse,LO006,Home Loan,57,Self-Employed,17201.0,86900.0,19.68,24,4409.0,14,30935.0,2024-05-03,0.2563,850,0,16.3,0,1,170228.0,Current,0,0,None,0.0,0
TCU-02844,Selebi-Phikwe,LO008,Vehicle Loan,67,Private Sector,21258.0,452200.0,9.22,60,9435.0,9,364576.0,2024-09-22,0.4438,850,1,3.2,1,0,0.0,Early (1–29 days),7,1,None,0.0,0
TCU-02845,Gaborone Main,LO014,Business Loan,31,Self-Employed,35808.0,484900.0,9.97,24,22369.0,6,323342.0,2024-12-25,0.6247,850,1,5.5,1,1,1010231.0,Current,0,0,None,0.0,0
TCU-02846,Maun,LO004,Agriculture Loan,57,Government Employee,14009.0,333800.0,23.92,12,31551.0,2,274630.0,2025-04-05,2.2522,850,1,4.7,0,0,0.0,Late (30–89 days),57,2,Legal Notice,52223.0,1
TCU-02847,Gaborone Main,LO009,Personal Loan,62,Self-Employed,25363.0,422600.0,11.3,48,10984.0,8,316093.0,2024-10-11,0.4331,850,0,26.7,0,0,0.0,Late (30–89 days),57,1,Home Visit,109299.0,1
TCU-02848,Selebi-Phikwe,LO010,Business Loan,66,Private Sector,14970.0,250200.0,11.3,36,8227.0,4,197179.0,2025-02-07,0.5496,850,1,19.6,0,0,0.0,Current,0,0,None,0.0,0
TCU-02849,Francistown,LO005,Business Loan,56,Farmer,3795.0,28200.0,13.46,48,763.0,8,21657.0,2024-10-15,0.2011,672,0,15.0,0,1,41738.0,Current,0,0,None,0.0,0
TCU-02850,Selebi-Phikwe,LO009,Personal Loan,54,Pensioner,7706.0,210600.0,11.65,60,4648.0,4,175321.0,2025-02-04,0.6032,666,2,18.2,0,1,422933.0,Current,0,0,None,0.0,0
TCU-02851,Maun,LO010,Business Loan,28,Student,3967.0,89900.0,15.55,12,8138.0,12,0.0,2024-06-10,2.0514,649,0,2.4,0,1,105357.0,Late (30–89 days),77,2,Home Visit,0.0,1
TCU-02852,Maun,LO003,Home Loan,44,Pensioner,5592.0,33300.0,20.4,36,1244.0,10,23660.0,2024-08-18,0.2225,678,4,13.6,1,0,0.0,Current,0,0,None,0.0,0
TCU-02853,Selebi-Phikwe,LO005,Home Loan,30,Farmer,5936.0,144200.0,20.18,24,7352.0,16,41135.0,2024-02-09,1.2385,603,3,6.6,0,0,0.0,Late (30–89 days),34,2,Called,9257.0,1
TCU-02854,Maun,LO014,Business Loan,64,Student,3677.0,29700.0,15.53,84,582.0,14,23791.0,2024-04-15,0.1583,736,0,19.5,1,1,45864.0,Current,0,0,None,0.0,0
TCU-02855,Lobatse,LO015,Business Loan,44,Student,2546.0,45000.0,13.82,12,4037.0,12,0.0,2024-02-07,1.5856,584,1,20.1,1,1,53908.0,Late (30–89 days),89,1,Home Visit,0.0,1
TCU-02856,Lobatse,LO002,Education Loan,31,Student,3057.0,22200.0,14.6,48,613.0,10,16645.0,2024-08-25,0.2005,677,3,22.1,0,0,0.0,Current,0,0,None,0.0,0
TCU-02857,Selebi-Phikwe,LO008,Vehicle Loan,45,Private Sector,6275.0,117700.0,14.2,36,4034.0,17,58869.0,2024-01-10,0.6429,693,4,7.3,0,1,107432.0,Late (30–89 days),64,1,None,5953.0,1
TCU-02858,Gaborone Main,LO016,Vehicle Loan,52,Pensioner,9115.0,271800.0,19.76,60,7165.0,4,220332.0,2025-02-15,0.7861,844,1,11.5,1,1,338025.0,Early (1–29 days),29,1,None,0.0,0
TCU-02859,Francistown,LO006,Business Loan,57,Government Employee,19550.0,174400.0,9.79,72,3212.0,4,148053.0,2025-02-27,0.1643,754,1,12.2,3,0,0.0,Early (1–29 days),7,1,None,0.0,0
TCU-02860,Francistown,LO007,Education Loan,56,Pensioner,5053.0,163200.0,16.59,12,14853.0,12,0.0,2024-05-01,2.9394,737,0,18.2,0,0,0.0,Late (30–89 days),58,2,Called,0.0,1
TCU-02861,Lobatse,LO009,Personal Loan,42,Pensioner,8075.0,259500.0,8.9,84,4162.0,7,212897.0,2024-11-25,0.5154,777,0,8.4,1,0,0.0,Current,0,0,None,0.0,0
TCU-02862,Maun,LO016,Personal Loan,67,Pensioner,7006.0,27600.0,15.16,60,659.0,16,18692.0,2024-02-14,0.0941,842,3,3.9,2,1,25796.0,Current,0,0,None,0.0,0
TCU-02863,Gaborone Main,LO006,Business Loan,64,Government Employee,8233.0,76500.0,19.35,36,2818.0,13,43136.0,2024-05-13,0.3423,788,0,4.7,0,1,190253.0,Current,0,0,None,0.0,0
TCU-02864,Gaborone Main,LO005,Agriculture Loan,62,Student,4588.0,24500.0,24.0,72,645.0,17,17528.0,2024-01-27,0.1406,765,0,26.6,0,1,30470.0,Current,0,0,None,0.0,0
TCU-02865,Selebi-Phikwe,LO020,Education Loan,46,Self-Employed,11931.0,166600.0,13.52,84,3078.0,12,130111.0,2024-06-29,0.258,684,1,20.5,0,1,339837.0,Current,0,0,None,0.0,0
TCU-02866,Gaborone Main,LO013,Personal Loan,66,Private Sector,13186.0,257500.0,23.18,60,7286.0,8,204849.0,2024-10-23,0.5526,814,1,17.7,3,1,457839.0,Late (30–89 days),66,1,Home Visit,31907.0,1
TCU-02867,Maun,LO010,Education Loan,26,Government Employee,9000.0,19000.0,18.72,36,694.0,3,16216.0,2025-03-10,0.0771,605,0,16.2,0,1,32607.0,Current,0,0,None,0.0,0
TCU-02868,Lobatse,LO002,Home Loan,51,Farmer,5293.0,143500.0,13.66,72,2931.0,6,115999.0,2024-12-15,0.5538,630,2,28.8,3,0,0.0,Late (30–89 days),66,2,Home Visit,32827.0,1
TCU-02869,Lobatse,LO001,Personal Loan,34,Private Sector,12067.0,124600.0,21.1,24,6409.0,3,104590.0,2025-03-03,0.5311,694,0,9.4,1,0,0.0,Current,0,0,None,0.0,0
TCU-02870,Lobatse,LO013,Home Loan,22,Government Employee,17289.0,287200.0,11.44,24,13445.0,9,167702.0,2024-09-22,0.7777,707,1,18.7,0,1,275292.0,Current,0,0,None,0.0,0
TCU-02871,Selebi-Phikwe,LO008,Business Loan,51,Self-Employed,29264.0,278400.0,10.19,48,7086.0,15,175793.0,2024-03-12,0.2421,850,0,4.9,1,1,674941.0,Current,0,0,None,0.0,0
TCU-02872,Selebi-Phikwe,LO009,Personal Loan,47,Government Employee,11883.0,88800.0,9.08,84,1432.0,6,81342.0,2024-12-06,0.1205,792,1,8.5,1,1,102790.0,Current,0,0,None,0.0,0
TCU-02873,Gaborone Main,LO008,Business Loan,43,Self-Employed,17820.0,7800.0,21.74,72,195.0,14,6099.0,2024-04-15,0.0109,850,3,16.8,0,0,0.0,Early (1–29 days),5,1,None,0.0,0
TCU-02874,Francistown,LO007,Vehicle Loan,31,Government Employee,8519.0,243000.0,9.14,72,4397.0,4,228527.0,2025-02-23,0.5161,583,1,18.8,0,1,402539.0,Current,0,0,None,0.0,0
TCU-02875,Gaborone Main,LO020,Vehicle Loan,58,Self-Employed,28262.0,270800.0,13.71,60,6260.0,5,229587.0,2025-01-27,0.2215,850,3,1.7,2,1,412359.0,Current,0,0,None,0.0,0
TCU-02876,Maun,LO013,Agriculture Loan,50,Farmer,4147.0,11900.0,23.81,48,387.0,6,10303.0,2024-12-22,0.0933,667,2,5.2,0,1,26173.0,Current,0,0,None,0.0,0
TCU-02877,Selebi-Phikwe,LO013,Vehicle Loan,29,Self-Employed,29816.0,308600.0,20.19,24,15735.0,9,166046.0,2024-10-01,0.5277,850,1,19.1,0,1,251383.0,Current,0,0,None,0.0,0
TCU-02878,Francistown,LO009,Vehicle Loan,42,Student,3670.0,72800.0,13.0,36,2453.0,16,39268.0,2024-02-14,0.6684,674,0,8.2,0,1,121886.0,Current,0,0,None,0.0,0
TCU-02879,Selebi-Phikwe,LO019,Personal Loan,66,Government Employee,13201.0,240300.0,16.48,60,5905.0,8,196438.0,2024-10-22,0.4473,850,0,8.8,0,1,514303.0,Current,0,0,None,0.0,0
TCU-02880,Maun,LO002,Home Loan,45,Pensioner,8077.0,132400.0,16.66,60,3266.0,17,83320.0,2024-01-19,0.4044,622,0,23.3,0,1,225920.0,Current,0,0,None,0.0,0
TCU-02881,Lobatse,LO008,Business Loan,23,Private Sector,10868.0,256100.0,15.46,36,8936.0,13,152928.0,2024-05-24,0.8222,661,1,3.5,1,0,0.0,Current,0,0,None,0.0,0
TCU-02882,Maun,LO008,Business Loan,36,Private Sector,9358.0,177400.0,16.39,36,6271.0,17,83851.0,2024-01-18,0.6701,695,0,5.6,0,1,180730.0,Late (30–89 days),83,2,Letter Sent,14697.0,1
TCU-02883,Lobatse,LO012,Personal Loan,41,Student,2010.0,21600.0,9.63,72,396.0,15,15532.0,2024-03-13,0.197,537,1,7.8,0,0,0.0,Early (1–29 days),20,1,None,0.0,0
TCU-02884,Maun,LO004,Agriculture Loan,62,Student,2562.0,49600.0,15.43,84,969.0,1,42922.0,2025-05-20,0.3782,679,0,7.7,0,0,0.0,Current,0,0,None,0.0,0
TCU-02885,Gaborone Main,LO015,Education Loan,28,Private Sector,14218.0,276100.0,18.42,84,5871.0,11,236346.0,2024-07-29,0.4129,755,0,10.4,1,1,502544.0,Current,0,0,None,0.0,0
TCU-02886,Selebi-Phikwe,LO014,Vehicle Loan,49,Pensioner,6632.0,71300.0,17.96,84,1497.0,1,68037.0,2025-05-28,0.2257,680,0,7.6,1,1,125961.0,Current,0,0,None,0.0,0
TCU-02887,Gaborone Main,LO019,Education Loan,44,Private Sector,21834.0,140700.0,23.17,84,3398.0,17,96523.0,2024-02-04,0.1556,850,1,26.5,0,0,0.0,Current,0,0,None,0.0,0
TCU-02888,Maun,LO013,Vehicle Loan,61,Private Sector,18916.0,120700.0,19.19,48,3621.0,8,87875.0,2024-10-13,0.1914,850,2,15.5,0,1,125565.0,Current,0,0,None,0.0,0
TCU-02889,Maun,LO015,Agriculture Loan,58,Farmer,12857.0,41800.0,16.13,36,1472.0,12,26213.0,2024-06-17,0.1145,773,0,28.5,2,1,62070.0,Early (1–29 days),13,1,None,0.0,0
TCU-02890,Selebi-Phikwe,LO009,Home Loan,59,Private Sector,6648.0,119100.0,18.07,72,2721.0,12,90055.0,2024-06-20,0.4093,704,3,26.6,1,1,151268.0,Current,0,0,None,0.0,0
TCU-02891,Maun,LO018,Personal Loan,26,Private Sector,10450.0,80400.0,17.79,36,2898.0,2,69507.0,2025-05-01,0.2773,697,0,8.4,0,0,0.0,Current,0,0,None,0.0,0
TCU-02892,Maun,LO013,Home Loan,47,Government Employee,12187.0,18400.0,10.98,48,475.0,4,16596.0,2025-02-06,0.039,819,4,0.8,2,0,0.0,Defaulted,201,12,Legal Notice,11890.0,1
TCU-02893,Maun,LO016,Vehicle Loan,35,Farmer,7558.0,225600.0,16.14,72,4911.0,1,219497.0,2025-05-08,0.6498,742,0,8.1,0,1,445803.0,Current,0,0,None,0.0,0
TCU-02894,Francistown,LO017,Business Loan,48,Government Employee,15253.0,71000.0,19.57,60,1864.0,2,62954.0,2025-04-17,0.1222,850,1,25.4,0,0,0.0,Current,0,0,None,0.0,0
TCU-02895,Lobatse,LO004,Business Loan,24,Farmer,13163.0,310900.0,19.71,36,11508.0,16,161297.0,2024-02-07,0.8743,565,0,23.8,2,1,389375.0,Defaulted,283,5,SMS Sent,84545.0,1
TCU-02896,Selebi-Phikwe,LO020,Business Loan,46,Self-Employed,26641.0,393500.0,16.8,48,11314.0,7,289205.0,2024-11-20,0.4247,850,0,10.4,0,0,0.0,Current,0,0,None,0.0,0
TCU-02897,Selebi-Phikwe,LO001,Personal Loan,41,Farmer,8044.0,264600.0,22.75,72,6767.0,13,205878.0,2024-06-03,0.8412,729,4,12.3,1,0,0.0,Defaulted,331,11,Home Visit,137280.0,1
TCU-02898,Francistown,LO011,Home Loan,66,Private Sector,26704.0,465900.0,11.02,12,41181.0,7,175471.0,2024-11-14,1.5421,850,2,24.5,0,0,0.0,Current,0,0,None,0.0,0
TCU-02899,Gaborone Main,LO002,Home Loan,25,Self-Employed,33796.0,374600.0,23.2,72,9681.0,4,334824.0,2025-02-12,0.2865,850,1,1.8,0,1,465913.0,Current,0,0,None,0.0,0
TCU-02900,Lobatse,LO008,Business Loan,43,Pensioner,4932.0,64000.0,11.11,12,5660.0,4,39741.0,2025-02-25,1.1476,681,0,29.1,1,1,109839.0,Current,0,0,None,0.0,0
TCU-02901,Lobatse,LO017,Education Loan,27,Self-Employed,18179.0,197100.0,18.69,72,4573.0,15,151979.0,2024-04-06,0.2516,762,2,27.2,0,1,408988.0,Current,0,0,None,0.0,0
TCU-02902,Francistown,LO018,Business Loan,26,Self-Employed,12012.0,235500.0,21.65,36,8951.0,8,171910.0,2024-10-18,0.7452,731,0,21.2,0,1,445812.0,Current,0,0,None,0.0,0
TCU-02903,Selebi-Phikwe,LO014,Agriculture Loan,39,Self-Employed,38844.0,384900.0,22.97,48,12330.0,15,260411.0,2024-03-19,0.3174,850,0,20.3,0,1,863658.0,Current,0,0,None,0.0,0
TCU-02904,Lobatse,LO006,Agriculture Loan,26,Farmer,14402.0,40000.0,21.78,72,1000.0,2,34383.0,2025-04-27,0.0694,713,1,27.7,1,1,72702.0,Current,0,0,None,0.0,0
TCU-02905,Gaborone Main,LO004,Education Loan,53,Private Sector,27544.0,396100.0,17.56,48,11545.0,5,343934.0,2025-01-16,0.4191,850,0,11.5,0,0,0.0,Current,0,0,None,0.0,0
TCU-02906,Lobatse,LO010,Home Loan,57,Farmer,13111.0,15800.0,14.57,60,372.0,8,11858.0,2024-10-07,0.0284,774,0,14.3,0,0,0.0,Current,0,0,None,0.0,0
TCU-02907,Lobatse,LO003,Home Loan,51,Private Sector,21198.0,291200.0,17.73,48,8513.0,13,197345.0,2024-05-14,0.4016,834,0,1.1,3,0,0.0,Current,0,0,None,0.0,0
TCU-02908,Lobatse,LO003,Vehicle Loan,47,Private Sector,23069.0,145600.0,17.83,24,7257.0,2,121320.0,2025-04-06,0.3146,850,1,21.0,0,0,0.0,Current,0,0,None,0.0,0
TCU-02909,Selebi-Phikwe,LO012,Business Loan,27,Student,2432.0,13100.0,18.32,72,301.0,3,12125.0,2025-03-27,0.1238,649,2,9.8,2,0,0.0,Late (30–89 days),56,1,SMS Sent,1674.0,1
TCU-02910,Selebi-Phikwe,LO006,Vehicle Loan,59,Government Employee,18454.0,212700.0,15.95,84,4219.0,2,201038.0,2025-04-10,0.2286,833,1,25.1,3,1,462917.0,Current,0,0,None,0.0,0
TCU-02911,Lobatse,LO014,Education Loan,34,Government Employee,10963.0,123000.0,23.16,84,2970.0,13,102211.0,2024-05-09,0.2709,798,1,13.7,0,1,175864.0,Current,0,0,None,0.0,0
TCU-02912,Gaborone Main,LO003,Business Loan,67,Farmer,10424.0,105500.0,18.97,60,2735.0,9,85448.0,2024-09-18,0.2624,813,0,26.4,0,1,171828.0,Current,0,0,None,0.0,0
TCU-02913,Selebi-Phikwe,LO012,Business Loan,66,Student,3420.0,12400.0,12.54,36,415.0,2,11175.0,2025-04-25,0.1213,661,3,10.4,0,1,12576.0,Late (30–89 days),79,2,Letter Sent,3707.0,1
TCU-02914,Lobatse,LO016,Agriculture Loan,68,Student,3081.0,35600.0,10.6,12,3140.0,12,0.0,2024-03-25,1.0191,719,3,6.7,0,1,71897.0,Current,0,0,None,0.0,0
TCU-02915,Selebi-Phikwe,LO001,Home Loan,33,Government Employee,22188.0,264800.0,15.83,84,5234.0,17,209915.0,2024-01-29,0.2359,850,1,24.1,0,1,248110.0,Current,0,0,None,0.0,0
TCU-02916,Maun,LO017,Business Loan,38,Farmer,14758.0,144800.0,17.94,12,13271.0,12,0.0,2024-04-08,0.8992,660,1,16.6,0,0,0.0,Current,0,0,None,0.0,0
TCU-02917,Lobatse,LO013,Personal Loan,31,Government Employee,19643.0,83200.0,8.82,72,1492.0,5,66093.0,2025-01-07,0.076,761,0,17.4,0,1,108236.0,Current,0,0,None,0.0,0
TCU-02918,Francistown,LO009,Agriculture Loan,65,Pensioner,6664.0,63300.0,17.28,84,1304.0,7,57376.0,2024-11-05,0.1957,727,0,8.9,0,0,0.0,Current,0,0,None,0.0,0
TCU-02919,Selebi-Phikwe,LO006,Personal Loan,27,Pensioner,5335.0,63700.0,23.01,60,1796.0,5,49720.0,2025-01-17,0.3366,791,1,24.4,0,0,0.0,Current,0,0,None,0.0,0
TCU-02920,Gaborone Main,LO018,Vehicle Loan,54,Student,2025.0,51200.0,22.03,36,1956.0,15,28654.0,2024-03-18,0.9659,610,1,25.4,0,0,0.0,Defaulted,99,7,Legal Notice,15866.0,1
TCU-02921,Selebi-Phikwe,LO006,Education Loan,27,Farmer,13319.0,112700.0,12.7,84,2032.0,17,77588.0,2024-02-03,0.1526,669,2,5.2,0,1,195508.0,Current,0,0,None,0.0,0
TCU-02922,Maun,LO004,Business Loan,33,Private Sector,18255.0,365100.0,19.34,84,7963.0,7,290742.0,2024-11-15,0.4362,774,0,20.5,0,0,0.0,Current,0,0,None,0.0,0
TCU-02923,Lobatse,LO006,Agriculture Loan,33,Self-Employed,35515.0,429200.0,8.92,72,7720.0,4,370827.0,2025-02-13,0.2174,850,0,19.1,0,1,982303.0,Current,0,0,None,0.0,0
TCU-02924,Gaborone Main,LO018,Business Loan,56,Farmer,11984.0,137700.0,22.15,72,3472.0,14,99188.0,2024-05-01,0.2897,773,0,2.7,0,1,175550.0,Current,0,0,None,0.0,0
TCU-02925,Gaborone Main,LO017,Agriculture Loan,54,Private Sector,6918.0,151300.0,15.5,60,3639.0,18,98384.0,2024-01-03,0.526,768,0,15.8,0,0,0.0,Current,0,0,None,0.0,0
TCU-02926,Selebi-Phikwe,LO002,Agriculture Loan,66,Self-Employed,12038.0,232700.0,17.5,36,8354.0,1,193174.0,2025-05-04,0.694,788,2,23.8,0,0,0.0,Current,0,0,None,0.0,0
TCU-02927,Lobatse,LO020,Education Loan,67,Farmer,12076.0,40400.0,22.23,84,952.0,15,31834.0,2024-03-12,0.0788,826,4,14.7,0,1,37219.0,Current,0,0,None,0.0,0
TCU-02928,Gaborone Main,LO005,Business Loan,33,Farmer,11767.0,138400.0,14.98,12,12490.0,12,0.0,2024-01-17,1.0614,759,0,6.6,0,0,0.0,Current,0,0,None,0.0,0
TCU-02929,Gaborone Main,LO019,Business Loan,36,Student,3376.0,39900.0,9.53,36,1279.0,9,29877.0,2024-09-10,0.3789,620,1,5.4,0,0,0.0,Current,0,0,None,0.0,0
TCU-02930,Selebi-Phikwe,LO006,Education Loan,56,Pensioner,6703.0,44300.0,23.11,72,1142.0,16,30851.0,2024-02-11,0.1704,650,3,15.5,0,1,37134.0,Late (30–89 days),60,2,Letter Sent,7841.0,1
TCU-02931,Selebi-Phikwe,LO015,Agriculture Loan,32,Student,1621.0,40000.0,14.21,36,1371.0,9,29290.0,2024-09-08,0.8458,645,0,27.5,0,1,36631.0,Current,0,0,None,0.0,0
TCU-02932,Lobatse,LO011,Agriculture Loan,38,Self-Employed,8372.0,73500.0,23.15,72,1897.0,10,55746.0,2024-08-16,0.2266,633,0,5.7,1,0,0.0,Current,0,0,None,0.0,0
TCU-02933,Lobatse,LO020,Business Loan,22,Pensioner,7800.0,16300.0,8.52,60,335.0,2,14039.0,2025-04-08,0.0429,666,1,19.1,1,0,0.0,Current,0,0,None,0.0,0
TCU-02934,Selebi-Phikwe,LO005,Home Loan,22,Pensioner,5505.0,231100.0,13.62,60,5332.0,14,170391.0,2024-05-01,0.9686,676,2,16.3,0,1,370147.0,Defaulted,147,3,None,133112.0,1
TCU-02935,Francistown,LO004,Education Loan,29,Farmer,9243.0,195000.0,20.6,36,7307.0,3,167506.0,2025-03-07,0.7905,732,1,3.1,3,0,0.0,Late (30–89 days),34,2,SMS Sent,28789.0,1
TCU-02936,Gaborone Main,LO016,Personal Loan,67,Pensioner,7794.0,121700.0,17.79,48,3562.0,8,98858.0,2024-10-22,0.457,765,3,7.5,0,0,0.0,Current,0,0,None,0.0,0
TCU-02937,Selebi-Phikwe,LO009,Education Loan,22,Government Employee,24288.0,150200.0,23.54,24,7907.0,9,91880.0,2024-10-02,0.3256,850,0,6.9,0,0,0.0,Current,0,0,None,0.0,0
TCU-02938,Lobatse,LO001,Education Loan,34,Student,3178.0,34400.0,17.24,24,1705.0,12,16493.0,2024-06-14,0.5365,542,4,10.2,0,0,0.0,Late (30–89 days),89,1,Called,2621.0,1
TCU-02939,Selebi-Phikwe,LO020,Home Loan,26,Student,4676.0,25600.0,12.78,60,580.0,10,19256.0,2024-08-12,0.124,714,1,23.9,0,1,56332.0,Early (1–29 days),8,1,None,0.0,0
TCU-02940,Gaborone Main,LO017,Education Loan,58,Farmer,9585.0,100000.0,10.22,48,2547.0,3,84136.0,2025-03-11,0.2657,826,0,11.0,1,0,0.0,Current,0,0,None,0.0,0
TCU-02941,Selebi-Phikwe,LO014,Education Loan,35,Self-Employed,18452.0,348400.0,22.92,36,13472.0,18,158988.0,2024-01-01,0.7301,730,2,4.9,0,1,513788.0,Current,0,0,None,0.0,0
TCU-02942,Gaborone Main,LO018,Vehicle Loan,23,Government Employee,10973.0,222900.0,19.77,72,5309.0,17,168233.0,2024-01-18,0.4838,702,0,1.4,0,1,423396.0,Current,0,0,None,0.0,0
TCU-02943,Gaborone Main,LO014,Agriculture Loan,56,Farmer,3572.0,51400.0,17.51,84,1066.0,9,45496.0,2024-09-06,0.2984,719,2,29.8,0,1,46294.0,Current,0,0,None,0.0,0
TCU-02944,Gaborone Main,LO017,Home Loan,45,Student,1662.0,53600.0,12.24,12,4768.0,10,8675.0,2024-08-29,2.8688,526,1,16.1,0,0,0.0,Defaulted,204,5,Legal Notice,4114.0,1
TCU-02945,Selebi-Phikwe,LO008,Business Loan,42,Self-Employed,19206.0,444700.0,8.58,84,7060.0,11,341427.0,2024-07-07,0.3676,850,2,15.2,0,1,1028587.0,Current,0,0,None,0.0,0
TCU-02946,Francistown,LO001,Agriculture Loan,58,Government Employee,13483.0,80500.0,17.96,36,2909.0,15,41783.0,2024-03-30,0.2158,850,4,18.9,0,1,109947.0,Current,0,0,None,0.0,0
TCU-02947,Selebi-Phikwe,LO019,Agriculture Loan,59,Self-Employed,36867.0,205000.0,16.49,36,7257.0,9,135242.0,2024-09-29,0.1968,850,3,8.6,0,0,0.0,Current,0,0,None,0.0,0
TCU-02948,Francistown,LO008,Personal Loan,52,Private Sector,7004.0,76600.0,10.04,72,1421.0,4,70307.0,2025-02-18,0.2029,672,0,8.9,0,1,158278.0,Current,0,0,None,0.0,0
TCU-02949,Gaborone Main,LO019,Home Loan,62,Pensioner,4072.0,9000.0,17.61,24,448.0,16,2770.0,2024-02-22,0.11,715,1,19.9,0,1,13566.0,Early (1–29 days),2,1,None,0.0,0
TCU-02950,Francistown,LO016,Business Loan,62,Self-Employed,31557.0,186900.0,12.46,36,6249.0,10,132150.0,2024-09-02,0.198,850,0,8.3,1,1,365906.0,Current,0,0,None,0.0,0
TCU-02951,Gaborone Main,LO002,Education Loan,47,Farmer,8844.0,320900.0,17.45,60,8053.0,15,227911.0,2024-04-03,0.9106,678,0,3.4,0,1,685632.0,Current,0,0,None,0.0,0
TCU-02952,Lobatse,LO020,Vehicle Loan,25,Self-Employed,16066.0,53100.0,17.23,36,1899.0,8,38807.0,2024-10-05,0.1182,822,0,11.6,1,0,0.0,Current,0,0,None,0.0,0
TCU-02953,Francistown,LO010,Personal Loan,26,Private Sector,7090.0,75500.0,10.57,60,1625.0,17,53153.0,2024-01-27,0.2292,704,0,13.2,0,0,0.0,Current,0,0,None,0.0,0
TCU-02954,Francistown,LO002,Education Loan,51,Private Sector,13213.0,56600.0,16.53,24,2786.0,8,37535.0,2024-10-31,0.2109,794,4,20.4,0,1,89114.0,Current,0,0,None,0.0,0
TCU-02955,Selebi-Phikwe,LO005,Business Loan,67,Private Sector,6947.0,62400.0,16.14,72,1358.0,10,48818.0,2024-08-05,0.1955,818,0,15.2,2,0,0.0,Current,0,0,None,0.0,0
TCU-02956,Lobatse,LO011,Business Loan,32,Self-Employed,33112.0,369800.0,17.34,12,33787.0,7,137217.0,2024-11-18,1.0204,850,4,7.8,2,1,640096.0,Defaulted,236,6,Legal Notice,55027.0,1
TCU-02957,Lobatse,LO013,Agriculture Loan,54,Self-Employed,5173.0,145200.0,22.89,36,5612.0,7,112372.0,2024-11-03,1.0849,644,1,17.2,0,0,0.0,Current,0,0,None,0.0,0
TCU-02958,Gaborone Main,LO004,Home Loan,58,Student,4847.0,121500.0,8.52,48,2996.0,11,87655.0,2024-07-25,0.6181,803,1,10.3,0,0,0.0,Current,0,0,None,0.0,0
TCU-02959,Maun,LO008,Vehicle Loan,60,Farmer,3551.0,42700.0,14.87,60,1013.0,16,29473.0,2024-03-04,0.2853,639,1,27.3,0,1,72331.0,Current,0,0,None,0.0,0
TCU-02960,Maun,LO016,Agriculture Loan,45,Self-Employed,5904.0,51100.0,22.74,36,1971.0,17,23896.0,2024-01-22,0.3338,799,0,17.5,0,1,43964.0,Current,0,0,None,0.0,0
TCU-02961,Lobatse,LO002,Agriculture Loan,41,Pensioner,7761.0,227000.0,14.53,48,6264.0,5,178572.0,2025-01-03,0.8071,688,0,13.0,1,0,0.0,Current,0,0,None,0.0,0
TCU-02962,Maun,LO016,Vehicle Loan,25,Self-Employed,38680.0,289600.0,12.54,36,9694.0,8,197947.0,2024-10-29,0.2506,850,4,24.3,0,0,0.0,Early (1–29 days),5,1,None,0.0,0
TCU-02963,Gaborone Main,LO018,Personal Loan,65,Government Employee,9998.0,23800.0,16.91,48,686.0,11,18149.0,2024-07-14,0.0686,850,0,1.5,0,1,57750.0,Current,0,0,None,0.0,0
TCU-02964,Selebi-Phikwe,LO018,Vehicle Loan,58,Student,4710.0,75400.0,14.48,48,2079.0,8,62182.0,2024-11-01,0.4414,691,2,28.2,0,1,129913.0,Current,0,0,None,0.0,0
TCU-02965,Maun,LO020,Agriculture Loan,53,Private Sector,7070.0,84400.0,14.08,24,4055.0,10,43912.0,2024-08-23,0.5736,803,1,14.6,0,0,0.0,Current,0,0,None,0.0,0
TCU-02966,Maun,LO017,Personal Loan,53,Private Sector,8169.0,283800.0,18.83,36,10379.0,8,206531.0,2024-10-15,1.2705,727,0,1.0,0,0,0.0,Defaulted,95,4,Legal Notice,167451.0,1
TCU-02967,Lobatse,LO013,Personal Loan,30,Farmer,13142.0,200400.0,13.51,36,6802.0,5,155843.0,2025-01-07,0.5176,699,0,21.3,2,0,0.0,Current,0,0,None,0.0,0
TCU-02968,Selebi-Phikwe,LO005,Home Loan,32,Farmer,6668.0,88000.0,19.45,84,1925.0,9,74204.0,2024-09-20,0.2887,756,1,3.1,0,1,203137.0,Current,0,0,None,0.0,0
TCU-02969,Maun,LO019,Vehicle Loan,28,Private Sector,12208.0,265400.0,14.07,48,7262.0,9,187809.0,2024-09-29,0.5949,766,0,13.6,1,0,0.0,Defaulted,208,10,Letter Sent,89906.0,1
TCU-02970,Selebi-Phikwe,LO008,Business Loan,48,Self-Employed,21880.0,99800.0,13.26,60,2284.0,15,70557.0,2024-03-16,0.1044,850,0,25.0,1,0,0.0,Current,0,0,None,0.0,0
TCU-02971,Selebi-Phikwe,LO015,Vehicle Loan,26,Private Sector,25006.0,201900.0,22.14,36,7725.0,5,173244.0,2025-01-14,0.3089,791,0,3.4,1,1,260040.0,Current,0,0,None,0.0,0
TCU-02972,Francistown,LO003,Agriculture Loan,53,Self-Employed,26391.0,274900.0,12.95,84,4994.0,2,250524.0,2025-04-29,0.1892,850,1,28.7,0,1,271661.0,Current,0,0,None,0.0,0
TCU-02973,Lobatse,LO019,Education Loan,59,Student,3752.0,53200.0,12.15,60,1187.0,13,38244.0,2024-05-09,0.3164,690,0,27.5,0,0,0.0,Current,0,0,None,0.0,0
TCU-02974,Lobatse,LO016,Personal Loan,24,Pensioner,5331.0,43100.0,12.75,24,2044.0,5,32838.0,2025-01-03,0.3834,643,1,9.1,0,0,0.0,Current,0,0,None,0.0,0
TCU-02975,Maun,LO013,Home Loan,46,Private Sector,17543.0,426400.0,17.3,24,21144.0,14,153231.0,2024-04-10,1.2053,850,0,5.4,0,0,0.0,Late (30–89 days),78,2,Legal Notice,51243.0,1
TCU-02976,Francistown,LO014,Agriculture Loan,26,Private Sector,19462.0,21400.0,18.69,24,1076.0,10,10888.0,2024-08-25,0.0553,847,3,3.5,0,0,0.0,Current,0,0,None,0.0,0
TCU-02977,Maun,LO012,Vehicle Loan,58,Student,1567.0,12400.0,18.72,12,1141.0,12,0.0,2024-03-29,0.7281,623,0,2.1,0,1,12005.0,Defaulted,182,6,Home Visit,0.0,1
TCU-02978,Maun,LO009,Home Loan,39,Student,4522.0,69900.0,20.28,24,3567.0,11,32212.0,2024-07-17,0.7888,586,1,21.1,0,1,102513.0,Late (30–89 days),83,2,SMS Sent,9154.0,1
TCU-02979,Maun,LO011,Agriculture Loan,48,Farmer,11074.0,77300.0,20.64,48,2379.0,9,54838.0,2024-09-13,0.2148,770,3,14.7,0,0,0.0,Current,0,0,None,0.0,0
TCU-02980,Lobatse,LO010,Home Loan,65,Private Sector,10811.0,71200.0,20.99,12,6629.0,5,37060.0,2025-01-28,0.6132,730,0,24.9,0,1,97315.0,Late (30–89 days),50,1,SMS Sent,8503.0,1
TCU-02981,Lobatse,LO009,Business Loan,64,Student,1567.0,37300.0,18.05,72,852.0,14,28677.0,2024-04-19,0.5437,599,1,17.9,1,1,76665.0,Late (30–89 days),36,2,None,3026.0,1
TCU-02982,Lobatse,LO003,Home Loan,55,Farmer,8372.0,106800.0,19.06,48,3197.0,1,89945.0,2025-05-12,0.3819,685,3,13.3,0,0,0.0,Current,0,0,None,0.0,0
TCU-02983,Maun,LO004,Agriculture Loan,56,Pensioner,6553.0,28300.0,17.13,84,580.0,5,23206.0,2025-01-11,0.0885,666,0,2.3,1,1,66897.0,Late (30–89 days),53,1,Legal Notice,4635.0,1
TCU-02984,Gaborone Main,LO004,Education Loan,57,Self-Employed,23912.0,142100.0,20.64,84,3210.0,1,140075.0,2025-05-16,0.1342,850,1,6.4,0,1,300818.0,Current,0,0,None,0.0,0
TCU-02985,Maun,LO015,Agriculture Loan,48,Farmer,4202.0,113200.0,13.0,24,5382.0,11,52982.0,2024-07-15,1.2808,701,2,28.9,0,0,0.0,Current,0,0,None,0.0,0
TCU-02986,Selebi-Phikwe,LO004,Business Loan,61,Self-Employed,33274.0,307800.0,13.97,12,27632.0,12,0.0,2024-02-16,0.8304,850,1,9.1,0,1,629443.0,Current,0,0,None,0.0,0
TCU-02987,Lobatse,LO020,Agriculture Loan,55,Farmer,14471.0,108000.0,22.48,72,2744.0,2,95431.0,2025-04-21,0.1896,832,1,26.3,1,0,0.0,Current,0,0,None,0.0,0
TCU-02988,Lobatse,LO012,Business Loan,31,Self-Employed,19919.0,309000.0,19.73,60,8140.0,5,249229.0,2025-01-03,0.4087,774,2,4.3,1,0,0.0,Defaulted,293,10,Letter Sent,141031.0,1
TCU-02989,Gaborone Main,LO012,Education Loan,59,Student,3242.0,40200.0,13.52,24,1921.0,2,35608.0,2025-04-28,0.5925,631,1,2.3,0,0,0.0,Current,0,0,None,0.0,0
TCU-02990,Maun,LO017,Personal Loan,30,Pensioner,9132.0,26100.0,23.12,72,673.0,3,23092.0,2025-03-05,0.0737,782,1,4.5,1,0,0.0,Current,0,0,None,0.0,0
TCU-02991,Lobatse,LO017,Personal Loan,35,Farmer,3429.0,62900.0,8.52,72,1119.0,12,52331.0,2024-06-21,0.3263,592,3,14.9,1,0,0.0,Late (30–89 days),34,2,None,13967.0,1
TCU-02992,Francistown,LO009,Home Loan,41,Student,2371.0,31000.0,18.12,24,1549.0,13,12279.0,2024-05-26,0.6533,625,3,29.9,0,0,0.0,Late (30–89 days),41,2,None,3754.0,1
TCU-02993,Francistown,LO016,Personal Loan,68,Self-Employed,32563.0,58400.0,21.87,84,1363.0,14,48258.0,2024-05-04,0.0419,850,0,27.5,0,0,0.0,Current,0,0,None,0.0,0
TCU-02994,Maun,LO012,Personal Loan,43,Student,4264.0,27100.0,16.16,36,955.0,4,22349.0,2025-02-10,0.224,723,4,3.4,2,1,47094.0,Late (30–89 days),71,2,Called,3678.0,1
TCU-02995,Francistown,LO018,Vehicle Loan,32,Private Sector,29291.0,409200.0,8.63,48,10111.0,8,338944.0,2024-10-12,0.3452,850,2,21.2,0,1,579056.0,Current,0,0,None,0.0,0
TCU-02996,Selebi-Phikwe,LO003,Business Loan,25,Farmer,6239.0,10300.0,18.86,84,222.0,14,7498.0,2024-04-12,0.0356,719,1,21.3,3,0,0.0,Defaulted,299,3,Called,4539.0,1
TCU-02997,Lobatse,LO013,Education Loan,28,Government Employee,19038.0,207300.0,11.31,48,5389.0,8,158990.0,2024-10-04,0.2831,798,0,2.5,0,0,0.0,Current,0,0,None,0.0,0
TCU-02998,Maun,LO010,Personal Loan,33,Pensioner,7986.0,279800.0,19.38,36,10310.0,13,177403.0,2024-05-31,1.291,667,2,22.5,1,1,588664.0,Current,0,0,None,0.0,0
TCU-02999,Francistown,LO003,Education Loan,30,Farmer,13337.0,20900.0,22.67,36,805.0,9,14239.0,2024-09-30,0.0604,813,3,22.1,0,0,0.0,Current,0,0,None,0.0,0
TCU-03000,Francistown,LO003,Home Loan,40,Student,2006.0,12200.0,15.69,60,295.0,15,8963.0,2024-03-20,0.1471,663,4,20.1,1,0,0.0,Late (30–89 days),33,1,Called,2056.0,1
