customer_id,branch,loan_officer,loan_type,age,occupation,monthly_income_bwp,loan_amount_bwp,interest_rate_pct,loan_term_months,monthly_payment_bwp,months_active,outstanding_balance,disburse_date,dti_ratio,credit_score,existing_loans,employment_tenure_yrs,prev_defaults,has_collateral,collateral_value_bwp,payment_status,days_late,missed_payments,collection_action,expected_loss_bwp,will_default,credit_risk_cat,dti_high,income_low,loan_large,tenure_short,collateral_ratio,payment_burden,loan_income_ratio,branch_enc,ltype_enc,occ_enc,default_probability,risk_level
TCU-00001,Gaborone Main,LO009,Business Loan,62,Government Employee,11795.0,309000.0,22.33,12,28970.0,3,198092.0,2025-03-08,2.4561,834,1,17.1,1,0,0.0,Late (30–89 days),47,1,Called,57388.0,1,0,1,0,1,0,0.0,2.0,26.19754133107249,1,1,1,0.9616368224818301,Critical
TCU-00002,Maun,LO009,Business Loan,66,Farmer,5584.0,27000.0,14.39,36,928.0,6,21163.0,2024-12-18,0.1662,768,2,22.0,0,0,0.0,Current,0,0,,0.0,0,1,0,0,0,0,0.0,0.166189111747851,4.835243553008596,3,1,0,0.12735624056402586,Low Risk
TCU-00003,Lobatse,LO007,Agriculture Loan,61,Self-Employed,6504.0,181200.0,23.77,84,4445.0,10,156432.0,2024-08-26,0.6834,694,2,5.3,0,0,0.0,Early (1–29 days),21,1,,0.0,0,2,1,0,0,0,0.0,0.6834255842558425,27.85977859778598,2,0,4,0.31599172123295266,Medium Risk
TCU-00004,Francistown,LO006,Vehicle Loan,32,Pensioner,6277.0,193100.0,17.13,72,4310.0,7,170217.0,2024-11-28,0.6866,727,2,7.3,0,1,242371.0,Current,0,0,,0.0,0,2,1,0,0,0,1.2551579492490936,0.6866337422335511,30.763103393340767,0,5,2,0.16009633568992312,Low Risk
TCU-00005,Selebi-Phikwe,LO013,Agriculture Loan,42,Private Sector,17012.0,94100.0,17.2,36,3364.0,3,84936.0,2025-03-14,0.1977,776,4,15.5,0,1,92821.0,Current,0,0,,0.0,0,1,0,0,0,0,0.9864080765143465,0.1977427698095462,5.531389607335998,4,0,3,0.13224505373407913,Low Risk
TCU-00006,Selebi-Phikwe,LO020,Vehicle Loan,26,Farmer,9349.0,378600.0,8.68,72,6764.0,14,290422.0,2024-04-27,0.7235,726,1,8.4,0,1,582704.0,Current,0,0,,0.0,0,2,1,0,1,0,1.5391019545694664,0.7234998395550326,40.49630976575035,4,5,0,0.30949386259389383,Medium Risk
TCU-00007,Francistown,LO017,Personal Loan,38,Pensioner,9223.0,135800.0,17.94,24,6776.0,5,103679.0,2025-01-17,0.7347,623,1,0.5,0,1,323132.0,Current,0,0,,0.0,0,3,1,0,0,1,2.3794698085419737,0.7346850265640247,14.724059416675702,0,4,2,0.23635009481914918,Medium Risk
TCU-00008,Lobatse,LO003,Personal Loan,25,Private Sector,23566.0,489100.0,16.76,24,24126.0,13,212730.0,2024-05-11,1.0238,816,3,5.4,0,0,0.0,Current,0,0,,0.0,0,0,1,0,1,0,0.0,1.0237630484596452,20.75447678859374,2,4,3,0.28439594565629644,Medium Risk
TCU-00009,Maun,LO013,Agriculture Loan,66,Private Sector,21597.0,261200.0,10.38,24,12099.0,16,78422.0,2024-03-06,0.5602,850,0,2.6,0,1,611003.0,Current,0,0,,0.0,0,0,1,0,1,0,2.3392151607963245,0.5602166967634393,12.094272352641571,3,0,3,0.1358356783846457,Low Risk
TCU-00010,Francistown,LO018,Business Loan,64,Farmer,11680.0,290200.0,12.27,48,7681.0,4,233712.0,2025-02-20,0.6576,777,0,13.2,0,1,591842.0,Current,0,0,,0.0,0,1,1,0,1,0,2.0394279807029636,0.6576198630136987,24.845890410958905,0,1,0,0.22175705294672882,Medium Risk
TCU-00011,Maun,LO004,Business Loan,47,Student,2171.0,13800.0,11.34,48,359.0,9,11001.0,2024-09-12,0.1654,768,3,3.4,0,1,11386.0,Current,0,0,,0.0,0,1,0,1,0,0,0.8250724637681159,0.16536158452326116,6.356517733763242,3,1,5,0.21705925191643838,Medium Risk
TCU-00012,Selebi-Phikwe,LO007,Vehicle Loan,48,Farmer,13829.0,5500.0,14.55,84,105.0,2,4793.0,2025-04-10,0.0076,840,1,22.0,1,0,0.0,Late (30–89 days),43,1,Legal Notice,1173.0,1,0,0,0,0,0,0.0,0.007592739894424759,0.39771494685082076,4,5,0,0.6862861441943504,High Risk
TCU-00013,Maun,LO002,Personal Loan,25,Student,3545.0,91700.0,10.94,60,1991.0,15,67241.0,2024-03-23,0.5616,661,3,12.4,2,0,0.0,Late (30–89 days),35,2,Legal Notice,17775.0,1,3,1,1,0,0,0.0,0.5616361071932299,25.867418899858958,3,4,5,0.8895538833987072,Critical
TCU-00014,Maun,LO007,Agriculture Loan,55,Self-Employed,29783.0,200900.0,18.91,36,7355.0,2,170277.0,2025-04-13,0.247,850,2,2.6,0,0,0.0,Late (30–89 days),43,2,Letter Sent,22666.0,1,0,0,0,0,0,0.0,0.24695295974213477,6.745458818789242,3,0,4,0.40676737863666423,Medium Risk
TCU-00015,Maun,LO010,Business Loan,26,Private Sector,16516.0,154700.0,23.75,84,3793.0,17,117244.0,2024-01-09,0.2297,642,0,26.4,0,0,0.0,Current,0,0,,0.0,0,3,0,0,0,0,0.0,0.22965609106321144,9.366674739646404,3,1,3,0.12248992613021753,Low Risk
TCU-00016,Maun,LO007,Agriculture Loan,35,Student,3720.0,41600.0,22.53,84,988.0,16,29091.0,2024-02-22,0.2656,616,1,8.7,0,0,0.0,Current,0,0,,0.0,0,3,0,1,0,0,0.0,0.26559139784946234,11.182795698924732,3,0,5,0.13472139042576933,Low Risk
TCU-00017,Selebi-Phikwe,LO018,Personal Loan,57,Student,1892.0,61700.0,10.81,12,5448.0,5,33738.0,2025-01-13,2.8795,707,0,27.0,1,0,0.0,Late (30–89 days),45,1,Legal Notice,6357.0,1,2,1,1,0,0,0.0,2.0,32.61099365750528,4,4,5,0.9073430701728913,Critical
TCU-00018,Francistown,LO008,Business Loan,48,Pensioner,9857.0,358400.0,8.88,72,6439.0,6,317809.0,2024-12-06,0.6532,775,1,20.3,1,1,383716.0,Early (1–29 days),16,1,,0.0,0,1,1,0,1,0,1.0706361607142858,0.6532413513239322,36.359947245612254,0,1,2,0.18440070830455596,Low Risk
TCU-00019,Selebi-Phikwe,LO012,Home Loan,36,Private Sector,25693.0,115300.0,18.73,48,3431.0,7,87828.0,2024-12-02,0.1335,850,0,15.5,0,0,0.0,Late (30–89 days),86,2,Letter Sent,12704.0,1,0,0,0,0,0,0.0,0.13353831782975908,4.4876036274471645,4,3,3,0.23400641689480334,Medium Risk
TCU-00020,Lobatse,LO014,Home Loan,24,Government Employee,20385.0,289800.0,16.43,48,8277.0,11,198415.0,2024-07-13,0.406,850,2,0.5,2,1,586274.0,Current,0,0,,0.0,0,0,0,0,1,1,2.023029675638371,0.40603384841795437,14.216335540838852,2,3,1,0.2459887688660435,Medium Risk
TCU-00021,Maun,LO020,Home Loan,26,Student,3822.0,57200.0,16.36,72,1252.0,4,48562.0,2025-02-22,0.3276,621,0,20.1,0,0,0.0,Current,0,0,,0.0,0,3,0,1,0,0,0.0,0.3275771847200419,14.965986394557824,3,3,5,0.1324424193970181,Low Risk
TCU-00022,Maun,LO007,Vehicle Loan,22,Self-Employed,32287.0,164500.0,15.35,72,3510.0,10,131266.0,2024-08-06,0.1087,850,2,28.8,1,0,0.0,Current,0,0,,0.0,0,0,0,0,0,0,0.0,0.10871248490104377,5.09492984792641,3,5,4,0.18386946775378074,Low Risk
TCU-00023,Maun,LO008,Business Loan,27,Private Sector,9536.0,128300.0,17.97,84,2694.0,15,96780.0,2024-03-15,0.2825,764,2,11.8,0,1,252617.0,Current,0,0,,0.0,0,1,0,0,0,0,1.9689555728760717,0.282508389261745,13.454278523489933,3,1,3,0.12320271224556825,Low Risk
TCU-00024,Francistown,LO017,Vehicle Loan,49,Private Sector,7205.0,128900.0,15.58,84,2529.0,2,119557.0,2025-04-20,0.351,674,4,18.1,2,0,0.0,Current,0,0,,0.0,0,2,0,0,0,0,0.0,0.3510062456627342,17.890353920888273,0,5,3,0.5694382470235884,High Risk
TCU-00025,Francistown,LO016,Vehicle Loan,57,Farmer,6110.0,83200.0,20.37,60,2221.0,1,77233.0,2025-05-11,0.3635,727,0,8.5,0,1,86132.0,Current,0,0,,0.0,0,2,0,0,0,0,1.0352403846153846,0.3635024549918167,13.617021276595745,0,5,0,0.07585286916805037,Low Risk
TCU-00026,Selebi-Phikwe,LO011,Education Loan,26,Farmer,8591.0,102700.0,14.54,84,1955.0,17,80155.0,2024-01-21,0.2276,717,2,11.7,0,1,213709.0,Current,0,0,,0.0,0,2,0,0,0,0,2.0809055501460563,0.22756372948434408,11.954370853218485,4,2,0,0.12389895116350427,Low Risk
TCU-00027,Francistown,LO016,Business Loan,56,Pensioner,5638.0,67700.0,18.87,84,1458.0,4,61809.0,2025-02-18,0.2586,796,4,16.3,2,0,0.0,Late (30–89 days),57,1,Called,19576.0,1,1,0,0,0,0,0.0,0.2586023412557645,12.007804185881518,0,1,2,0.6663913593574745,High Risk
TCU-00028,Selebi-Phikwe,LO011,Business Loan,25,Self-Employed,20369.0,433300.0,12.81,84,7838.0,3,370962.0,2025-03-07,0.3848,696,0,1.1,0,0,0.0,Current,0,0,,0.0,0,2,0,0,1,1,0.0,0.3848004320290638,21.272521969659778,4,1,4,0.1268593067910458,Low Risk
TCU-00029,Gaborone Main,LO008,Business Loan,63,Government Employee,22267.0,123100.0,15.84,12,11160.0,10,18870.0,2024-08-11,0.5012,850,1,28.9,1,0,0.0,Current,0,0,,0.0,0,0,1,0,0,0,0.0,0.5011901019445817,5.528360353886918,1,1,1,0.49525063877319864,High Risk
TCU-00030,Selebi-Phikwe,LO013,Agriculture Loan,41,Pensioner,5190.0,144500.0,12.26,72,2845.0,7,127522.0,2024-11-04,0.5482,747,1,4.1,3,0,0.0,Late (30–89 days),53,1,Letter Sent,28882.0,1,1,1,0,0,0,0.0,0.5481695568400771,27.84200385356455,4,0,2,0.7543827175819153,Critical
TCU-00031,Selebi-Phikwe,LO004,Vehicle Loan,22,Farmer,14529.0,415200.0,19.46,48,12516.0,12,298966.0,2024-06-29,0.8614,791,2,16.4,0,1,848148.0,Current,0,0,,0.0,0,1,1,0,1,0,2.0427456647398845,0.8614495147635763,28.57732810241586,4,5,0,0.2172416191499262,Medium Risk
TCU-00032,Selebi-Phikwe,LO008,Vehicle Loan,27,Self-Employed,24515.0,171500.0,16.16,36,6043.0,12,105545.0,2024-07-05,0.2465,844,0,8.1,0,0,0.0,Current,0,0,,0.0,0,0,0,0,0,0,0.0,0.24650214154599226,6.995716908015501,4,5,4,0.0765349312908949,Low Risk
TCU-00033,Francistown,LO014,Vehicle Loan,34,Government Employee,17438.0,174100.0,19.53,48,5254.0,17,97143.0,2024-01-18,0.3013,814,0,17.7,0,1,265216.0,Current,0,0,,0.0,0,0,0,0,0,0,1.5233543940264216,0.30129602018580115,9.983943112742287,0,5,1,0.08141141141756414,Low Risk
TCU-00034,Maun,LO008,Personal Loan,39,Self-Employed,29966.0,372700.0,23.24,72,9641.0,11,277468.0,2024-07-08,0.3217,850,2,8.7,0,0,0.0,Current,0,0,,0.0,0,0,0,0,1,0,0.0,0.3217312954681973,12.437429086297804,3,4,4,0.09011287942811132,Low Risk
TCU-00035,Maun,LO006,Home Loan,40,Private Sector,6340.0,57900.0,23.6,60,1652.0,8,47902.0,2024-10-26,0.2606,784,1,26.2,0,1,89675.0,Current,0,0,,0.0,0,1,0,0,0,0,1.548791018998273,0.2605678233438486,9.132492113564668,3,3,3,0.11318787050377113,Low Risk
TCU-00036,Gaborone Main,LO013,Vehicle Loan,52,Government Employee,9259.0,21900.0,10.81,60,474.0,7,16690.0,2024-11-07,0.0512,838,0,17.0,0,0,0.0,Current,0,0,,0.0,0,0,0,0,0,0,0.0,0.05119343341613565,2.3652662274543688,1,5,1,0.06726726167525122,Low Risk
TCU-00037,Lobatse,LO014,Home Loan,50,Self-Employed,24471.0,333100.0,10.04,84,5537.0,11,273219.0,2024-07-31,0.2263,850,0,16.8,0,1,656850.0,Current,0,0,,0.0,0,0,0,0,1,0,1.9719303512458721,0.22626782722406114,13.612030566793347,2,3,4,0.04150787264674477,Low Risk
TCU-00038,Selebi-Phikwe,LO003,Agriculture Loan,40,Student,2317.0,40500.0,17.64,84,843.0,11,32161.0,2024-07-21,0.3638,683,1,19.6,2,0,0.0,Defaulted,174,7,Legal Notice,21476.0,1,2,0,1,0,0,0.0,0.3638325420802762,17.479499352611136,4,0,5,0.6574998424124295,High Risk
TCU-00039,Gaborone Main,LO015,Agriculture Loan,40,Farmer,6649.0,51600.0,16.87,48,1485.0,15,33336.0,2024-03-23,0.2233,777,1,1.3,0,0,0.0,Early (1–29 days),25,1,,0.0,0,1,0,0,0,1,0.0,0.22334185591818317,7.760565498571213,1,0,0,0.10952591560167017,Low Risk
TCU-00040,Lobatse,LO002,Business Loan,65,Self-Employed,20938.0,458500.0,11.31,60,10040.0,3,411713.0,2025-03-22,0.4795,832,1,3.2,0,1,889136.0,Current,0,0,,0.0,0,0,1,0,1,0,1.939227917121047,0.4795109370522495,21.897984525742668,2,1,4,0.15127771251802655,Low Risk
TCU-00041,Selebi-Phikwe,LO018,Personal Loan,40,Student,3092.0,26700.0,23.54,48,864.0,18,15831.0,2024-01-02,0.2794,607,0,11.2,1,0,0.0,Current,0,0,,0.0,0,3,0,1,0,0,0.0,0.2794307891332471,8.635187580853817,4,4,5,0.1617567366567915,Low Risk
TCU-00042,Selebi-Phikwe,LO004,Personal Loan,40,Farmer,14678.0,122900.0,10.95,60,2669.0,17,82163.0,2024-01-15,0.1818,766,0,29.8,2,1,122862.0,Current,0,0,,0.0,0,1,0,0,0,0,0.9996908055329536,0.18183676250170322,8.373075350865241,4,4,0,0.2226813621141783,Medium Risk
TCU-00043,Maun,LO014,Vehicle Loan,54,Student,4931.0,58700.0,14.45,60,1380.0,13,45044.0,2024-05-19,0.2799,695,1,28.1,0,0,0.0,Current,0,0,,0.0,0,2,0,1,0,0,0.0,0.27986209693774083,11.904279050902455,3,5,5,0.09574881689355438,Low Risk
TCU-00044,Francistown,LO015,Education Loan,64,Farmer,8812.0,162300.0,14.35,36,5575.0,11,112383.0,2024-07-12,0.6327,850,0,11.8,1,1,217628.0,Current,0,0,,0.0,0,0,1,0,0,0,1.3408995686999383,0.6326600090785293,18.418066273263733,0,2,0,0.500992769066348,High Risk
TCU-00045,Francistown,LO016,Personal Loan,64,Student,1942.0,33500.0,10.06,84,557.0,3,27941.0,2025-03-26,0.2868,712,0,26.2,3,1,71308.0,Current,0,0,,0.0,0,2,0,1,0,0,2.128597014925373,0.28681771369721937,17.25025746652935,0,4,5,0.3924639720547897,Medium Risk
TCU-00046,Lobatse,LO013,Home Loan,27,Self-Employed,26565.0,246500.0,16.89,60,6112.0,15,163654.0,2024-03-11,0.2301,850,1,9.0,0,1,607172.0,Current,0,0,,0.0,0,0,0,0,1,0,2.4631724137931035,0.230077169207604,9.279126670431019,2,3,4,0.08315778549906992,Low Risk
TCU-00047,Maun,LO001,Personal Loan,32,Student,2635.0,16500.0,15.18,24,801.0,4,12855.0,2025-02-25,0.304,656,0,26.2,0,1,38805.0,Current,0,0,,0.0,0,3,0,1,0,0,2.351818181818182,0.3039848197343453,6.261859582542694,3,4,5,0.17115816050565005,Low Risk
TCU-00048,Gaborone Main,LO015,Home Loan,38,Student,3872.0,33000.0,13.86,60,765.0,8,27051.0,2024-11-02,0.1976,635,1,7.9,1,1,47981.0,Current,0,0,,0.0,0,3,0,1,0,0,1.453969696969697,0.19757231404958678,8.522727272727273,1,3,5,0.23244278683649952,Medium Risk
TCU-00049,Maun,LO001,Agriculture Loan,58,Self-Employed,18249.0,194700.0,20.56,12,18088.0,1,174000.0,2025-05-23,0.9912,850,0,24.2,0,1,238715.0,Current,0,0,,0.0,0,0,1,0,0,0,1.226065742167437,0.9911775987725355,10.669077757685352,3,0,4,0.31223141289303996,Medium Risk
TCU-00050,Gaborone Main,LO002,Home Loan,30,Student,4260.0,23700.0,10.54,36,771.0,7,18369.0,2024-11-30,0.181,599,0,4.4,0,0,0.0,Current,0,0,,0.0,0,3,0,1,0,0,0.0,0.18098591549295776,5.563380281690141,1,3,5,0.1939369475990561,Low Risk
TCU-00051,Maun,LO011,Personal Loan,38,Farmer,8620.0,96900.0,12.0,72,1894.0,4,91067.0,2025-02-10,0.2197,737,2,0.9,0,1,188355.0,Current,0,0,,0.0,0,2,0,0,0,1,1.9438080495356038,0.2197215777262181,11.241299303944315,3,4,0,0.1813995402593042,Low Risk
TCU-00052,Francistown,LO016,Personal Loan,45,Government Employee,18532.0,167400.0,17.96,72,3814.0,16,123079.0,2024-03-05,0.2058,777,1,21.2,0,1,146825.0,Current,0,0,,0.0,0,1,0,0,0,0,0.8770908004778972,0.20580617310597885,9.03302395855817,0,4,1,0.07814785435403747,Low Risk
TCU-00053,Francistown,LO013,Vehicle Loan,37,Pensioner,6226.0,201800.0,16.87,60,5001.0,12,158665.0,2024-06-07,0.8032,628,1,28.2,0,0,0.0,Current,0,0,,0.0,0,3,1,0,0,0,0.0,0.8032444587214905,32.41246386122711,0,5,2,0.2747547379779386,Medium Risk
TCU-00054,Maun,LO018,Agriculture Loan,45,Government Employee,14097.0,74500.0,10.39,84,1252.0,2,62817.0,2025-04-10,0.0888,693,0,19.4,3,1,101839.0,Current,0,0,,0.0,0,2,0,0,0,0,1.3669664429530202,0.08881322267149039,5.284812371426544,3,0,1,0.26490456930952666,Medium Risk
TCU-00055,Lobatse,LO007,Business Loan,57,Private Sector,13885.0,217000.0,8.54,84,3441.0,13,183074.0,2024-05-28,0.2478,704,0,26.1,0,1,464452.0,Late (30–89 days),46,1,Home Visit,24109.0,1,2,0,0,0,0,2.140331797235023,0.24782138998919698,15.628375945264674,2,1,3,0.13040480125839737,Low Risk
TCU-00056,Gaborone Main,LO016,Vehicle Loan,55,Government Employee,21226.0,59000.0,16.31,60,1445.0,16,41496.0,2024-02-14,0.0681,850,3,19.9,0,0,0.0,Current,0,0,,0.0,0,0,0,0,0,0,0.0,0.06807688683689814,2.77960991237162,1,5,1,0.11064582484926717,Low Risk
TCU-00057,Gaborone Main,LO016,Agriculture Loan,49,Student,4684.0,10100.0,17.93,12,926.0,12,0.0,2024-05-09,0.1977,650,0,29.8,0,1,18475.0,Current,0,0,,0.0,0,3,0,1,0,0,1.8292079207920793,0.19769427839453457,2.1562766865926557,1,0,5,0.23287492763686352,Medium Risk
TCU-00058,Francistown,LO014,Vehicle Loan,63,Pensioner,9329.0,208500.0,14.68,72,4373.0,14,150639.0,2024-04-07,0.4688,719,0,8.0,2,0,0.0,Late (30–89 days),35,1,,31328.0,1,2,1,0,0,0,0.0,0.46875334976953587,22.349662343230786,0,5,2,0.7228734934040546,Critical
TCU-00059,Lobatse,LO002,Education Loan,45,Private Sector,28959.0,336700.0,14.87,84,6473.0,3,318251.0,2025-03-09,0.2235,850,1,10.9,0,1,645269.0,Current,0,0,,0.0,0,0,0,0,1,0,1.9164508464508465,0.22352291170275218,11.62678269277254,2,2,3,0.07310077170833079,Low Risk
TCU-00060,Maun,LO019,Business Loan,45,Government Employee,21723.0,487400.0,21.19,60,13238.0,17,328816.0,2024-01-27,0.6094,708,1,21.0,0,1,1021637.0,Current,0,0,,0.0,0,2,1,0,1,0,2.0960956093557654,0.6094001749297979,22.437048289831054,3,1,1,0.10024437565496867,Low Risk
TCU-00061,Selebi-Phikwe,LO003,Business Loan,31,Pensioner,8446.0,41000.0,16.72,48,1177.0,3,35287.0,2025-03-05,0.1394,730,0,28.3,0,0,0.0,Early (1–29 days),3,1,,0.0,0,2,0,0,0,0,0.0,0.139355908122188,4.854368932038835,4,1,2,0.1133927926025032,Low Risk
TCU-00062,Selebi-Phikwe,LO016,Education Loan,39,Farmer,8305.0,138100.0,10.26,48,3520.0,14,87304.0,2024-04-23,0.4238,760,1,14.9,0,1,203276.0,Late (30–89 days),49,1,Letter Sent,25479.0,1,1,0,0,0,0,1.4719478638667631,0.423841059602649,16.62853702588802,4,2,0,0.10367561901126447,Low Risk
TCU-00063,Gaborone Main,LO001,Vehicle Loan,40,Self-Employed,30893.0,193200.0,19.41,60,5055.0,6,149678.0,2024-12-28,0.1636,850,0,27.7,1,0,0.0,Current,0,0,,0.0,0,0,0,0,0,0,0.0,0.1636293011361797,6.2538439128605186,1,5,4,0.13852437776281973,Low Risk
TCU-00064,Gaborone Main,LO011,Business Loan,29,Farmer,12616.0,360400.0,22.76,12,33863.0,3,263995.0,2025-03-23,2.6841,726,0,17.9,0,1,478419.0,Late (30–89 days),40,1,SMS Sent,60091.0,1,2,1,0,1,0,1.3274667036625971,2.0,28.56689917564997,1,1,0,0.9743325710361332,Critical
TCU-00065,Francistown,LO012,Home Loan,55,Pensioner,8364.0,283700.0,12.16,24,13376.0,9,155962.0,2024-09-19,1.5992,668,1,5.7,1,1,590822.0,Late (30–89 days),89,2,,49294.0,1,3,1,0,1,0,2.082559041240747,1.5992348158775704,33.91917742706839,0,3,2,0.9257136706291934,Critical
TCU-00066,Selebi-Phikwe,LO003,Vehicle Loan,42,Private Sector,16613.0,108100.0,9.37,60,2263.0,15,72689.0,2024-03-16,0.1362,745,1,2.2,1,1,245303.0,Current,0,0,,0.0,0,1,0,0,0,0,2.269222941720629,0.13621862396918077,6.506952386685126,4,5,3,0.13894705816144876,Low Risk
TCU-00067,Lobatse,LO002,Vehicle Loan,51,Pensioner,9454.0,62000.0,17.88,60,1570.0,13,48259.0,2024-06-03,0.1661,648,2,29.5,0,0,0.0,Current,0,0,,0.0,0,3,0,0,0,0,0.0,0.1660672731119103,6.558070657922572,2,5,2,0.13137520258091057,Low Risk
TCU-00068,Lobatse,LO006,Home Loan,55,Pensioner,6237.0,59500.0,13.74,60,1376.0,16,42254.0,2024-02-23,0.2206,761,1,2.4,0,0,0.0,Current,0,0,,0.0,0,1,0,0,0,0,0.0,0.22061888728555396,9.539842873176207,2,3,2,0.12407573939193921,Low Risk
TCU-00069,Maun,LO003,Education Loan,60,Private Sector,21927.0,158600.0,18.67,72,3678.0,4,130218.0,2025-02-05,0.1677,850,1,19.5,0,1,316377.0,Current,0,0,,0.0,0,0,0,0,0,0,1.9948108448928121,0.1677384047065262,7.23309162220094,3,2,3,0.09427225958241117,Low Risk
TCU-00070,Selebi-Phikwe,LO017,Home Loan,27,Student,1564.0,34600.0,13.8,84,645.0,1,30045.0,2025-05-12,0.4124,601,4,5.1,0,0,0.0,Current,0,0,,0.0,0,3,0,1,0,0,0.0,0.4124040920716113,22.122762148337596,4,3,5,0.18185080203385817,Low Risk
TCU-00071,Maun,LO020,Business Loan,55,Government Employee,18153.0,61700.0,19.24,60,1609.0,12,47296.0,2024-06-18,0.0886,850,2,29.1,0,0,0.0,Current,0,0,,0.0,0,0,0,0,0,0,0.0,0.08863548724728695,3.3988872362694873,3,1,1,0.10885085756494835,Low Risk
TCU-00072,Maun,LO019,Vehicle Loan,52,Private Sector,17080.0,147500.0,16.68,24,7270.0,11,77514.0,2024-07-23,0.4256,846,0,7.9,0,0,0.0,Current,0,0,,0.0,0,0,0,0,0,0,0.0,0.42564402810304447,8.635831381733022,3,5,3,0.08720897550480972,Low Risk
TCU-00073,Gaborone Main,LO006,Home Loan,29,Self-Employed,20175.0,416400.0,9.92,24,19199.0,2,375094.0,2025-04-06,0.9516,850,0,11.5,0,1,492066.0,Late (30–89 days),75,2,Called,111720.0,1,0,1,0,1,0,1.1817146974063402,0.9516232961586122,20.639405204460967,1,3,4,0.6828891671493629,High Risk
TCU-00074,Selebi-Phikwe,LO005,Agriculture Loan,24,Self-Employed,20888.0,453400.0,8.79,24,20670.0,13,193744.0,2024-06-02,0.9896,786,2,16.1,0,1,594841.0,Defaulted,304,12,SMS Sent,117351.0,1,1,1,0,1,0,1.3119563299514778,0.9895633856759862,21.706242818843354,4,0,4,0.7975276296322038,Critical
TCU-00075,Lobatse,LO001,Agriculture Loan,53,Pensioner,7092.0,25400.0,15.15,60,606.0,6,20256.0,2024-12-27,0.0854,656,0,29.3,0,1,42226.0,Current,0,0,,0.0,0,3,0,0,0,0,1.6624409448818898,0.08544839255499154,3.5815002820078963,2,0,2,0.0716134107708496,Low Risk
TCU-00076,Selebi-Phikwe,LO012,Home Loan,52,Government Employee,20704.0,38400.0,12.24,72,756.0,14,29873.0,2024-04-16,0.0365,850,2,10.3,0,1,83826.0,Current,0,0,,0.0,0,0,0,0,0,0,2.18296875,0.03651468315301391,1.8547140649149922,4,3,1,0.07948436036596233,Low Risk
TCU-00077,Francistown,LO005,Personal Loan,66,Farmer,11593.0,23300.0,11.62,84,407.0,11,19902.0,2024-07-23,0.0351,783,0,24.6,0,1,44264.0,Early (1–29 days),21,1,,0.0,0,1,0,0,0,0,1.8997424892703862,0.035107392391960666,2.0098335202277235,0,4,0,0.060422011113693254,Low Risk
TCU-00078,Gaborone Main,LO012,Vehicle Loan,43,Self-Employed,36022.0,447800.0,14.49,24,21604.0,1,409320.0,2025-05-23,0.5997,850,0,24.0,0,1,681395.0,Current,0,0,,0.0,0,0,1,0,1,0,1.5216502903081732,0.5997446005219033,12.431291988229415,1,5,4,0.0617536882710151,Low Risk
TCU-00079,Gaborone Main,LO003,Home Loan,40,Self-Employed,27793.0,303300.0,15.1,72,6430.0,3,262390.0,2025-03-30,0.2314,850,0,29.9,0,0,0.0,Current,0,0,,0.0,0,0,0,0,1,0,0.0,0.23135321843629691,10.91281977476343,1,3,4,0.05647284460050305,Low Risk
TCU-00080,Francistown,LO001,Business Loan,45,Pensioner,9092.0,147900.0,10.46,24,6856.0,5,105885.0,2025-01-10,0.7541,768,3,1.5,0,1,211592.0,Late (30–89 days),38,2,,21125.0,1,1,1,0,0,1,1.4306423258958756,0.7540695116586009,16.26704795424549,0,1,2,0.7006873879617244,Critical
TCU-00081,Gaborone Main,LO001,Agriculture Loan,39,Private Sector,10465.0,293300.0,10.33,84,4919.0,9,250249.0,2024-09-23,0.47,756,1,30.0,0,1,271563.0,Current,0,0,,0.0,0,1,1,0,1,0,0.9258881691101262,0.4700430004777831,28.02675585284281,1,0,3,0.05075274663822791,Low Risk
TCU-00082,Maun,LO003,Education Loan,65,Self-Employed,23518.0,426400.0,19.53,72,10098.0,12,344337.0,2024-06-27,0.4294,850,1,4.1,0,1,914046.0,Current,0,0,,0.0,0,0,0,0,1,0,2.143635084427767,0.4293732460243218,18.130793434815885,3,2,4,0.1745352269891962,Low Risk
TCU-00083,Lobatse,LO003,Personal Loan,57,Private Sector,13423.0,360800.0,16.65,84,7300.0,4,334513.0,2025-02-23,0.5438,850,1,13.8,0,1,827146.0,Current,0,0,,0.0,0,0,1,0,1,0,2.2925332594235033,0.5438426581241154,26.87923713029874,2,4,3,0.10183493160518176,Low Risk
TCU-00084,Lobatse,LO002,Personal Loan,30,Farmer,9217.0,38400.0,22.99,24,2011.0,6,28573.0,2024-12-20,0.2182,780,1,8.9,0,1,93151.0,Current,0,0,,0.0,0,1,0,0,0,0,2.4258072916666666,0.21818379082130845,4.166214603450147,2,4,0,0.11701075790104447,Low Risk
TCU-00085,Francistown,LO019,Education Loan,27,Pensioner,4925.0,128200.0,17.88,84,2685.0,16,101060.0,2024-02-12,0.5452,677,1,17.5,0,0,0.0,Current,0,0,,0.0,0,2,1,1,0,0,0.0,0.5451776649746193,26.03045685279188,0,2,2,0.18350532838952419,Low Risk
TCU-00086,Maun,LO010,Vehicle Loan,62,Pensioner,5469.0,94200.0,15.53,72,2019.0,16,64014.0,2024-03-02,0.3692,737,1,14.2,0,1,213318.0,Current,0,0,,0.0,0,2,0,0,0,0,2.2645222929936306,0.3691716950082282,17.224355458036204,3,5,2,0.09891621301034466,Low Risk
TCU-00087,Maun,LO017,Education Loan,47,Private Sector,8548.0,26100.0,15.47,24,1271.0,14,9326.0,2024-04-09,0.1487,848,1,28.9,2,0,0.0,Current,0,0,,0.0,0,0,0,0,0,0,0.0,0.1486897519887693,3.0533458118858214,3,2,3,0.28926049369969303,Medium Risk
TCU-00088,Lobatse,LO015,Vehicle Loan,32,Farmer,13549.0,41000.0,14.6,48,1133.0,10,28637.0,2024-09-03,0.0836,715,0,2.0,0,0,0.0,Current,0,0,,0.0,0,2,0,0,0,0,0.0,0.08362240755775334,3.0260535832902797,2,5,0,0.08623734210380923,Low Risk
TCU-00089,Francistown,LO009,Agriculture Loan,28,Farmer,7389.0,13600.0,9.29,60,284.0,11,10045.0,2024-07-18,0.0384,671,1,16.7,1,0,0.0,Late (30–89 days),36,2,Letter Sent,1942.0,1,2,0,0,0,0,0.0,0.03843551224793612,1.8405738259575044,0,0,0,0.5363780754592296,High Risk
TCU-00090,Francistown,LO007,Education Loan,57,Self-Employed,22328.0,27400.0,10.62,36,892.0,2,24012.0,2025-04-30,0.0399,850,0,26.8,0,0,0.0,Current,0,0,,0.0,0,0,0,0,0,0,0.0,0.039949838767466855,1.2271587244715156,0,2,4,0.08025674086463118,Low Risk
TCU-00091,Maun,LO017,Education Loan,41,Pensioner,7194.0,84400.0,21.14,36,3186.0,6,66892.0,2024-12-05,0.4429,788,2,21.9,0,1,135614.0,Current,0,0,,0.0,0,1,1,0,0,0,1.6068009478672987,0.44286905754795663,11.73199888796219,3,2,2,0.08119131773660991,Low Risk
TCU-00092,Gaborone Main,LO019,Vehicle Loan,58,Private Sector,10092.0,218600.0,21.54,24,11291.0,9,116778.0,2024-09-05,1.1188,762,3,3.7,0,1,231155.0,Late (30–89 days),79,2,,37159.0,1,1,1,0,0,0,1.0574336688014638,1.1188069758224337,21.660721363456204,1,5,3,0.8390668162464101,Critical
TCU-00093,Francistown,LO017,Business Loan,68,Government Employee,17535.0,241800.0,14.34,24,11648.0,2,218728.0,2025-04-15,0.6643,836,2,21.8,0,0,0.0,Late (30–89 days),45,2,Called,52390.0,1,0,1,0,1,0,0.0,0.6642714570858284,13.78956372968349,0,1,1,0.667868463809084,High Risk
TCU-00094,Francistown,LO016,Home Loan,41,Self-Employed,21273.0,467600.0,19.69,36,17304.0,14,267473.0,2024-05-04,0.8134,850,1,26.9,0,1,988604.0,Late (30–89 days),75,1,Home Visit,49908.0,1,0,1,0,1,0,2.11420872540633,0.8134254689042448,21.980914774596908,0,3,4,0.6168871911532918,High Risk
TCU-00095,Selebi-Phikwe,LO007,Business Loan,63,Self-Employed,33806.0,283200.0,12.71,12,25256.0,10,41837.0,2024-09-02,0.7471,850,1,2.0,0,0,0.0,Defaulted,160,3,Called,34893.0,1,0,1,0,1,0,0.0,0.747086316038573,8.377211145950422,4,1,4,0.7451530876435462,Critical
TCU-00096,Selebi-Phikwe,LO016,Agriculture Loan,48,Student,2198.0,36400.0,18.51,84,776.0,15,28341.0,2024-04-01,0.353,609,0,22.3,1,1,86141.0,Current,0,0,,0.0,0,3,0,1,0,0,2.366510989010989,0.35304822565969063,16.56050955414013,4,0,5,0.11540394615608292,Low Risk
TCU-00097,Selebi-Phikwe,LO006,Agriculture Loan,24,Farmer,14546.0,439000.0,8.64,60,9036.0,14,332955.0,2024-04-19,0.6212,715,1,16.0,2,1,727494.0,Current,0,0,,0.0,0,2,1,0,1,0,1.6571617312072893,0.6212017049360649,30.18011824556579,4,0,0,0.22876342024155571,Medium Risk
TCU-00098,Maun,LO006,Personal Loan,68,Farmer,11839.0,274200.0,20.24,24,13988.0,4,222570.0,2025-02-19,1.1815,850,1,3.1,0,1,284905.0,Late (30–89 days),46,2,Letter Sent,35362.0,1,0,1,0,1,0,1.039040846097739,1.181518709350452,23.16073992735873,3,4,0,0.8761302691988346,Critical
TCU-00099,Lobatse,LO019,Personal Loan,43,Self-Employed,13416.0,82900.0,18.85,48,2472.0,7,61885.0,2024-11-10,0.1843,723,3,23.2,0,0,0.0,Current,0,0,,0.0,0,2,0,0,0,0,0.0,0.18425760286225404,6.179189028026237,2,4,4,0.14328530186289495,Low Risk
TCU-00100,Francistown,LO015,Agriculture Loan,30,Farmer,14866.0,267100.0,22.65,84,6365.0,10,226897.0,2024-08-11,0.4282,639,1,18.1,1,1,453508.0,Current,0,0,,0.0,0,3,0,0,1,0,1.6978959191314114,0.42815821337279697,17.967173415848244,0,0,0,0.19208569020868385,Low Risk
TCU-00101,Francistown,LO019,Education Loan,57,Pensioner,4899.0,63100.0,10.3,24,2920.0,1,52225.0,2025-05-15,0.596,610,1,15.6,0,1,100079.0,Current,0,0,,0.0,0,3,1,1,0,0,1.5860380348652932,0.5960400081649316,12.880179628495611,0,2,2,0.1832038917245773,Low Risk
TCU-00102,Francistown,LO019,Personal Loan,22,Student,1659.0,7300.0,23.91,12,690.0,2,5200.0,2025-04-28,0.4159,609,1,23.2,1,0,0.0,Current,0,0,,0.0,0,3,0,1,0,0,0.0,0.4159132007233273,4.400241109101868,0,4,5,0.2204198023837963,Medium Risk
TCU-00103,Selebi-Phikwe,LO013,Personal Loan,46,Farmer,11193.0,218600.0,18.63,36,7972.0,14,117127.0,2024-05-01,0.7122,688,2,7.1,0,1,285758.0,Current,0,0,,0.0,0,2,1,0,0,0,1.3072186642268984,0.7122308585723219,19.530063432502455,4,4,0,0.2024350248835402,Medium Risk
TCU-00104,Selebi-Phikwe,LO012,Business Loan,36,Private Sector,12616.0,363900.0,10.25,84,6088.0,3,330635.0,2025-03-05,0.4826,737,3,26.7,0,1,658552.0,Current,0,0,,0.0,0,2,1,0,1,0,1.809705963176697,0.4825618262523779,28.84432466708941,4,1,3,0.08076036838993061,Low Risk
TCU-00105,Gaborone Main,LO013,Vehicle Loan,37,Student,2320.0,40400.0,9.37,60,846.0,8,30991.0,2024-10-23,0.3647,721,1,23.3,1,1,92501.0,Current,0,0,,0.0,0,2,0,1,0,0,2.2896287128712873,0.3646551724137931,17.413793103448278,1,5,5,0.15632438473602056,Low Risk
TCU-00106,Lobatse,LO019,Agriculture Loan,39,Government Employee,23497.0,216500.0,16.18,36,7631.0,5,180441.0,2025-01-25,0.3248,829,0,12.8,0,1,450863.0,Current,0,0,,0.0,0,0,0,0,0,0,2.0825080831408775,0.32476486359960843,9.213942205387921,2,0,1,0.08765386461059498,Low Risk
TCU-00107,Selebi-Phikwe,LO002,Education Loan,67,Private Sector,15904.0,229900.0,14.52,36,7916.0,11,143614.0,2024-07-27,0.4977,850,0,16.3,1,1,331329.0,Late (30–89 days),34,1,Legal Notice,43251.0,1,0,1,0,1,0,1.441187472814267,0.4977364185110664,14.455482897384305,4,2,3,0.6696729549601668,High Risk
TCU-00108,Lobatse,LO007,Vehicle Loan,68,Student,2231.0,33700.0,22.59,24,1758.0,11,18150.0,2024-07-13,0.788,745,0,30.0,0,1,61586.0,Current,0,0,,0.0,0,1,1,1,0,0,1.8274777448071216,0.787987449574182,15.105333930972659,2,5,5,0.2633660125988975,Medium Risk
TCU-00109,Selebi-Phikwe,LO018,Agriculture Loan,40,Farmer,7311.0,82700.0,16.21,12,7512.0,2,66453.0,2025-04-25,1.0275,691,0,1.8,1,0,0.0,Defaulted,303,7,Letter Sent,31139.0,1,2,1,0,0,1,0.0,1.027492819039803,11.311722062645329,4,0,0,0.8540678587174853,Critical
TCU-00110,Lobatse,LO008,Vehicle Loan,36,Farmer,9608.0,152400.0,20.33,48,4664.0,1,137156.0,2025-05-17,0.4854,760,2,10.9,0,1,169603.0,Current,0,0,,0.0,0,1,1,0,0,0,1.1128805774278214,0.48542880932556204,15.861781848459618,2,5,0,0.09241576395378841,Low Risk
TCU-00111,Gaborone Main,LO002,Personal Loan,55,Government Employee,15011.0,119600.0,19.46,12,11048.0,10,18455.0,2024-08-11,0.736,757,1,18.7,0,1,97024.0,Late (30–89 days),63,2,Letter Sent,4317.0,1,1,1,0,0,0,0.81123745819398,0.735993604689894,7.967490506961561,1,4,1,0.37879979665827684,Medium Risk
TCU-00112,Selebi-Phikwe,LO006,Personal Loan,23,Pensioner,9508.0,74500.0,18.11,36,2697.0,6,55260.0,2024-12-28,0.2837,756,0,11.5,0,0,0.0,Current,0,0,,0.0,0,1,0,0,0,0,0.0,0.2836558687421119,7.835506941522928,4,4,2,0.09055896091116006,Low Risk
TCU-00113,Gaborone Main,LO003,Vehicle Loan,27,Student,2827.0,9800.0,8.65,24,446.0,15,3399.0,2024-03-25,0.1578,542,1,25.8,0,1,8549.0,Current,0,0,,0.0,0,4,0,1,0,0,0.8723469387755102,0.1577644145737531,3.4665723381676687,1,5,5,0.13219839271220898,Low Risk
TCU-00114,Gaborone Main,LO003,Agriculture Loan,52,Self-Employed,37321.0,283900.0,9.01,84,4569.0,7,221817.0,2024-11-18,0.1224,850,0,4.8,1,0,0.0,Current,0,0,,0.0,0,0,0,0,1,0,0.0,0.12242437233728999,7.6069773050025455,1,0,4,0.08176845193127226,Low Risk
TCU-00115,Lobatse,LO011,Vehicle Loan,58,Farmer,12067.0,203300.0,19.72,60,5355.0,6,156998.0,2024-12-20,0.4438,686,0,23.2,2,1,429988.0,Defaulted,229,10,Letter Sent,97460.0,1,2,1,0,0,0,2.1150418101328086,0.44377227148421317,16.847600895002902,2,5,0,0.6292072012711204,High Risk
TCU-00116,Selebi-Phikwe,LO006,Agriculture Loan,57,Farmer,10031.0,200100.0,13.08,24,9521.0,15,64705.0,2024-03-16,0.9492,814,0,21.5,0,0,0.0,Late (30–89 days),30,2,Letter Sent,13665.0,1,0,1,0,0,0,0.0,0.9491576114046456,19.948160701824346,4,0,0,0.746096806929209,Critical
TCU-00117,Gaborone Main,LO006,Vehicle Loan,28,Private Sector,16772.0,207000.0,8.91,36,6574.0,15,113449.0,2024-04-05,0.392,805,0,12.7,1,0,0.0,Current,0,0,,0.0,0,0,0,0,0,0,0.0,0.3919627951347484,12.341998569043644,1,5,3,0.09518825295853578,Low Risk
TCU-00118,Selebi-Phikwe,LO006,Business Loan,55,Private Sector,12454.0,43600.0,11.09,36,1429.0,3,35769.0,2025-03-07,0.1147,673,2,11.2,2,0,0.0,Current,0,0,,0.0,0,2,0,0,0,0,0.0,0.11474225148546652,3.50088325036133,4,1,3,0.39420903472262964,Medium Risk
TCU-00119,Gaborone Main,LO013,Home Loan,30,Self-Employed,34298.0,431800.0,15.32,48,12087.0,13,281815.0,2024-05-19,0.3524,850,1,5.7,0,1,884882.0,Current,0,0,,0.0,0,0,0,0,1,0,2.049286706808708,0.3524112193130795,12.589655373491166,1,3,4,0.04856525432916935,Low Risk
TCU-00120,Maun,LO013,Home Loan,42,Farmer,4367.0,85600.0,16.96,72,1902.0,17,64928.0,2024-01-28,0.4355,627,1,21.4,0,1,169301.0,Current,0,0,,0.0,0,3,1,1,0,0,1.9778154205607477,0.43553927181131213,19.60155713304328,3,3,0,0.12472534686660214,Low Risk
TCU-00121,Maun,LO008,Home Loan,53,Private Sector,21808.0,395600.0,9.65,60,8337.0,1,364630.0,2025-05-05,0.3823,747,3,12.8,0,0,0.0,Current,0,0,,0.0,0,1,0,0,1,0,0.0,0.38229090242112984,18.14013206162876,3,3,3,0.07032816194636964,Low Risk
TCU-00122,Francistown,LO012,Business Loan,27,Government Employee,18999.0,254100.0,19.0,48,7598.0,6,221194.0,2024-12-05,0.3999,770,1,0.8,0,1,427385.0,Current,0,0,,0.0,0,1,0,0,1,1,1.6819559228650138,0.399915785041318,13.374388125690826,0,1,1,0.08835926338246601,Low Risk
TCU-00123,Lobatse,LO017,Business Loan,47,Farmer,7140.0,14100.0,14.95,12,1272.0,12,0.0,2024-04-28,0.1782,714,0,23.6,0,1,13620.0,Early (1–29 days),2,1,,0.0,0,2,0,0,0,0,0.9659574468085106,0.1781512605042017,1.9747899159663866,2,1,0,0.11634971942773209,Low Risk
TCU-00124,Gaborone Main,LO011,Agriculture Loan,67,Government Employee,9859.0,374400.0,19.98,60,9915.0,12,279388.0,2024-06-27,1.0057,733,0,13.1,0,0,0.0,Late (30–89 days),72,2,,55569.0,1,2,1,0,1,0,0.0,1.0056800892585456,37.97545389998986,1,0,1,0.773619402242862,Critical
TCU-00125,Selebi-Phikwe,LO019,Vehicle Loan,61,Private Sector,15332.0,106900.0,20.16,84,2384.0,16,81052.0,2024-03-05,0.1555,850,0,6.3,0,0,0.0,Current,0,0,,0.0,0,0,0,0,0,0,0.0,0.15549178189407775,6.972345421340986,4,5,3,0.1103953877033082,Low Risk
TCU-00126,Selebi-Phikwe,LO019,Personal Loan,46,Pensioner,6088.0,161400.0,21.11,72,3971.0,8,141717.0,2024-10-31,0.6523,638,1,20.3,0,1,161208.0,Current,0,0,,0.0,0,3,1,0,0,0,0.9988104089219331,0.6522667542706965,26.511169513797636,4,4,2,0.1501883833802653,Low Risk
TCU-00127,Lobatse,LO013,Vehicle Loan,60,Private Sector,10458.0,254500.0,18.5,24,12767.0,12,117509.0,2024-06-19,1.2208,813,1,2.1,0,1,262672.0,Current,0,0,,0.0,0,0,1,0,1,0,1.0321100196463655,1.2207879135589979,24.335436986039397,2,5,3,0.5992031354878968,High Risk
TCU-00128,Selebi-Phikwe,LO014,Agriculture Loan,53,Farmer,13079.0,36600.0,8.98,84,588.0,10,28819.0,2024-08-13,0.045,833,0,16.4,0,1,75479.0,Current,0,0,,0.0,0,0,0,0,0,0,2.0622677595628414,0.04495756556311645,2.798379080969493,4,0,0,0.10137645367339232,Low Risk
TCU-00129,Lobatse,LO012,Education Loan,29,Self-Employed,33614.0,327600.0,16.97,48,9448.0,14,222860.0,2024-04-14,0.2811,850,3,1.5,0,0,0.0,Current,0,0,,0.0,0,0,0,0,1,1,0.0,0.28107336228952223,9.745939192003332,2,2,4,0.09900737557307142,Low Risk
TCU-00130,Lobatse,LO012,Agriculture Loan,37,Private Sector,20646.0,310000.0,20.67,84,7010.0,11,261542.0,2024-07-30,0.3395,799,1,16.2,0,1,763933.0,Current,0,0,,0.0,0,1,0,0,1,0,2.4643,0.3395330814685653,15.015015015015015,2,0,3,0.0663107700588665,Low Risk
TCU-00131,Gaborone Main,LO005,Vehicle Loan,54,Student,4716.0,195800.0,10.47,84,3298.0,13,146871.0,2024-05-15,0.6993,684,2,20.4,0,0,0.0,Current,0,0,,0.0,0,2,1,1,0,0,0.0,0.6993214588634435,41.51823579304495,1,5,5,0.2358982711607832,Medium Risk
TCU-00132,Selebi-Phikwe,LO017,Agriculture Loan,62,Government Employee,12730.0,187700.0,23.23,36,7288.0,18,92005.0,2024-01-03,0.5725,697,2,3.2,3,0,0.0,Current,0,0,,0.0,0,2,1,0,0,0,0.0,0.5725058915946583,14.744697564807542,4,0,1,0.31986863822151945,Medium Risk
TCU-00133,Selebi-Phikwe,LO007,Vehicle Loan,47,Private Sector,12445.0,172200.0,17.46,60,4322.0,1,163953.0,2025-05-11,0.3473,850,0,19.0,1,1,409842.0,Current,0,0,,0.0,0,0,0,0,0,0,2.380034843205575,0.34728806749698676,13.83688228204098,4,5,3,0.16745038095346346,Low Risk
TCU-00134,Francistown,LO010,Business Loan,49,Private Sector,26986.0,51200.0,14.09,12,4599.0,5,28364.0,2025-01-15,0.1704,850,1,2.0,0,0,0.0,Current,0,0,,0.0,0,0,0,0,0,0,0.0,0.17042170014081376,1.8972800711480027,0,1,3,0.1053488802662235,Low Risk
TCU-00135,Francistown,LO016,Personal Loan,28,Government Employee,10256.0,142100.0,8.64,72,2536.0,6,126685.0,2024-12-17,0.2473,777,0,2.6,0,0,0.0,Current,0,0,,0.0,0,1,0,0,0,0,0.0,0.24726989079563183,13.855304212168488,0,4,1,0.07833536916467147,Low Risk
TCU-00136,Francistown,LO005,Personal Loan,30,Farmer,9366.0,76700.0,15.32,72,1635.0,10,62363.0,2024-08-06,0.1746,704,0,12.6,0,0,0.0,Current,0,0,,0.0,0,2,0,0,0,0,0.0,0.17456758488148622,8.189194960495408,0,4,0,0.08485848525239087,Low Risk
TCU-00137,Selebi-Phikwe,LO012,Vehicle Loan,59,Student,2601.0,15900.0,9.81,60,336.0,8,13323.0,2024-10-18,0.1292,657,1,9.4,0,1,32934.0,Current,0,0,,0.0,0,3,0,1,0,0,2.071320754716981,0.12918108419838523,6.113033448673587,4,5,5,0.09166457842066712,Low Risk
TCU-00138,Selebi-Phikwe,LO004,Business Loan,37,Farmer,8995.0,161000.0,23.65,36,6287.0,7,112808.0,2024-11-20,0.6989,611,3,17.3,0,0,0.0,Current,0,0,,0.0,0,3,1,0,0,0,0.0,0.6989438576987215,17.898832684824903,4,1,0,0.2892714201930756,Medium Risk
TCU-00139,Gaborone Main,LO001,Home Loan,23,Pensioner,5294.0,227300.0,14.67,36,7843.0,1,213266.0,2025-05-28,1.4815,600,1,16.4,0,1,212375.0,Current,0,0,,0.0,0,3,1,0,1,0,0.9343378794544654,1.4814884775217227,42.935398564412544,1,3,2,0.3811933244100447,Medium Risk
TCU-00140,Lobatse,LO003,Home Loan,42,Farmer,11384.0,369600.0,9.4,12,32391.0,3,240443.0,2025-03-20,2.8453,781,1,2.1,0,0,0.0,Defaulted,96,5,Called,172079.0,1,1,1,0,1,0,0.0,2.0,32.46661981728742,2,3,0,0.945676431511012,Critical
TCU-00141,Lobatse,LO017,Agriculture Loan,53,Self-Employed,13333.0,255000.0,22.04,72,6413.0,14,198374.0,2024-04-30,0.481,850,0,2.4,1,0,0.0,Defaulted,323,11,Home Visit,111497.0,1,0,1,0,1,0,0.0,0.4809870246756169,19.125478136953422,2,0,4,0.7066927732899495,Critical
TCU-00142,Maun,LO006,Home Loan,58,Private Sector,24560.0,338700.0,10.29,72,6324.0,18,217599.0,2024-01-03,0.2575,850,3,7.7,0,1,357377.0,Current,0,0,,0.0,0,0,0,0,1,0,1.0551431945674639,0.25749185667752444,13.79071661237785,3,3,3,0.07783758186730128,Low Risk
TCU-00143,Selebi-Phikwe,LO008,Home Loan,67,Student,2369.0,37500.0,21.3,60,1021.0,5,29834.0,2025-01-16,0.431,704,0,15.7,0,1,85908.0,Current,0,0,,0.0,0,2,1,1,0,0,2.29088,0.4309835373575348,15.829463908822287,4,3,5,0.11775620222309754,Low Risk
TCU-00144,Selebi-Phikwe,LO001,Home Loan,27,Pensioner,5204.0,54600.0,18.15,48,1608.0,5,45917.0,2025-01-12,0.309,644,1,23.3,0,0,0.0,Early (1–29 days),14,1,,0.0,0,3,0,0,0,0,0.0,0.30899308224442734,10.491929285165257,4,3,2,0.10487919222972045,Low Risk
TCU-00145,Lobatse,LO012,Agriculture Loan,23,Private Sector,26150.0,475700.0,8.52,72,8462.0,5,432639.0,2025-01-20,0.3236,850,1,7.5,0,1,1186791.0,Current,0,0,,0.0,0,0,0,0,1,0,2.49483077569897,0.3235946462715105,18.191204588910132,2,0,3,0.048162903723231315,Low Risk
TCU-00146,Maun,LO015,Agriculture Loan,55,Farmer,4019.0,12600.0,21.21,12,1175.0,12,0.0,2024-03-04,0.2924,678,4,7.5,0,1,27233.0,Current,0,0,,0.0,0,2,0,1,0,0,2.161349206349206,0.29236128390146804,3.135108235879572,3,0,0,0.13170234577918488,Low Risk
TCU-00147,Gaborone Main,LO007,Business Loan,39,Private Sector,24718.0,81900.0,11.05,48,2119.0,7,63729.0,2024-11-17,0.0857,729,0,9.6,0,1,87465.0,Current,0,0,,0.0,0,2,0,0,0,0,1.067948717948718,0.08572700056638886,3.3133748685168705,1,1,3,0.11314864559066129,Low Risk
TCU-00148,Maun,LO005,Personal Loan,24,Private Sector,23068.0,201100.0,9.26,36,6419.0,9,146755.0,2024-09-23,0.2783,799,0,28.6,1,0,0.0,Current,0,0,,0.0,0,1,0,0,0,0,0.0,0.2782642621813768,8.717704178949194,3,4,3,0.0873726633392327,Low Risk
TCU-00149,Gaborone Main,LO002,Business Loan,30,Government Employee,10222.0,161600.0,18.27,72,3710.0,15,119918.0,2024-03-27,0.3629,712,0,2.4,2,1,164662.0,Current,0,0,,0.0,0,2,0,0,0,0,1.0189480198019802,0.3629426726667971,15.80903932694189,1,1,1,0.19548840921772626,Low Risk
TCU-00150,Gaborone Main,LO006,Education Loan,24,Farmer,8198.0,157400.0,14.43,48,4335.0,12,106610.0,2024-06-25,0.5288,795,3,8.6,0,1,290243.0,Current,0,0,,0.0,0,1,1,0,0,0,1.8439834815756035,0.5287875091485729,19.19980483044645,1,2,0,0.0958379917583445,Low Risk
TCU-00151,Gaborone Main,LO003,Home Loan,57,Farmer,7596.0,134000.0,20.86,24,6876.0,17,39021.0,2024-01-20,0.9052,757,1,14.8,2,1,195673.0,Defaulted,253,12,Letter Sent,19454.0,1,1,1,0,0,0,1.4602462686567164,0.9052132701421801,17.640863612427594,1,3,0,0.7828496414430923,Critical
TCU-00152,Lobatse,LO012,Education Loan,25,Farmer,14995.0,54600.0,18.68,36,1993.0,16,29260.0,2024-02-27,0.1329,700,3,17.5,3,1,130486.0,Late (30–89 days),45,2,,8823.0,1,2,0,0,0,0,2.38985347985348,0.13291097032344115,3.6412137379126377,2,2,0,0.6453046401202073,High Risk
TCU-00153,Gaborone Main,LO012,Education Loan,44,Pensioner,7382.0,48900.0,23.81,48,1589.0,7,36603.0,2024-11-12,0.2153,737,1,1.1,0,1,90173.0,Current,0,0,,0.0,0,2,0,0,0,1,1.8440286298568507,0.21525331888377133,6.624221078298564,1,2,2,0.12513251852176008,Low Risk
TCU-00154,Gaborone Main,LO005,Education Loan,42,Government Employee,19980.0,42300.0,16.66,36,1501.0,15,22357.0,2024-03-15,0.0751,844,3,12.2,0,1,43652.0,Current,0,0,,0.0,0,0,0,0,0,0,1.0319621749408983,0.07512512512512512,2.1171171171171173,1,2,1,0.08031031213967385,Low Risk
TCU-00155,Maun,LO006,Agriculture Loan,53,Student,4891.0,168300.0,20.7,24,8623.0,12,76304.0,2024-06-28,1.763,705,0,0.6,1,0,0.0,Late (30–89 days),66,1,Letter Sent,11104.0,1,2,1,1,0,1,0.0,1.7630341443467594,34.41014107544469,3,0,5,0.9126582741971864,Critical
TCU-00156,Lobatse,LO004,Vehicle Loan,61,Private Sector,9375.0,90500.0,23.73,24,4773.0,15,33030.0,2024-03-31,0.5091,721,1,22.0,0,1,104660.0,Current,0,0,,0.0,0,2,1,0,0,0,1.1564640883977901,0.50912,9.653333333333334,2,5,3,0.10746596718114855,Low Risk
TCU-00157,Gaborone Main,LO013,Vehicle Loan,68,Government Employee,20454.0,442900.0,16.14,48,12584.0,6,361148.0,2024-12-25,0.6152,850,3,19.7,0,1,409818.0,Current,0,0,,0.0,0,0,1,0,1,0,0.9253059381350192,0.615234184022685,21.65346631465728,1,5,1,0.3276922462412026,Medium Risk
TCU-00158,Maun,LO006,Vehicle Loan,28,Government Employee,10735.0,148900.0,23.66,36,5815.0,1,138347.0,2025-05-09,0.5417,760,1,19.8,0,1,132677.0,Current,0,0,,0.0,0,1,1,0,0,0,0.8910476830087307,0.5416860735910572,13.870517000465766,3,5,1,0.12055987570373378,Low Risk
TCU-00159,Lobatse,LO009,Agriculture Loan,57,Student,2485.0,7300.0,17.36,84,151.0,1,6297.0,2025-05-17,0.0608,654,0,20.0,0,1,6159.0,Current,0,0,,0.0,0,3,0,1,0,0,0.8436986301369863,0.060764587525150904,2.937625754527163,2,0,5,0.18084298083923767,Low Risk
TCU-00160,Selebi-Phikwe,LO016,Vehicle Loan,29,Self-Employed,36216.0,322700.0,14.51,36,11109.0,5,251596.0,2025-01-25,0.3067,850,1,8.3,0,1,405490.0,Current,0,0,,0.0,0,0,0,0,1,0,1.2565540749922528,0.3067428760768721,8.910426330903467,4,5,4,0.07420402202979132,Low Risk
TCU-00161,Maun,LO018,Vehicle Loan,27,Student,4897.0,92300.0,21.53,84,2136.0,3,88545.0,2025-03-04,0.4362,604,1,7.5,0,1,207832.0,Defaulted,354,12,Legal Notice,62415.0,1,3,1,1,0,0,2.2517009750812567,0.43618541964468044,18.84827445374719,3,5,5,0.5452375276641778,High Risk
TCU-00162,Selebi-Phikwe,LO006,Business Loan,31,Government Employee,24527.0,67500.0,15.06,72,1429.0,3,56944.0,2025-03-21,0.0583,733,2,4.9,0,1,137435.0,Current,0,0,,0.0,0,2,0,0,0,0,2.036074074074074,0.0582623231540751,2.752069148285563,4,1,1,0.13425093448361142,Low Risk
TCU-00163,Maun,LO017,Vehicle Loan,57,Self-Employed,37018.0,324200.0,17.61,84,6740.0,3,271005.0,2025-03-05,0.1821,850,1,29.0,0,1,688998.0,Current,0,0,,0.0,0,0,0,0,1,0,2.125225169648365,0.1820735858231131,8.75790156140256,3,5,4,0.07090845648039125,Low Risk
TCU-00164,Selebi-Phikwe,LO016,Education Loan,48,Self-Employed,25923.0,98900.0,10.73,60,2137.0,4,78998.0,2025-02-15,0.0824,850,3,10.3,0,0,0.0,Early (1–29 days),27,1,,0.0,0,0,0,0,0,0,0.0,0.08243644639895074,3.8151448520618754,4,2,4,0.12882569595449592,Low Risk
TCU-00165,Maun,LO016,Agriculture Loan,41,Self-Employed,28655.0,117800.0,13.16,72,2375.0,3,109065.0,2025-03-29,0.0829,850,1,3.1,0,0,0.0,Current,0,0,,0.0,0,0,0,0,0,0,0.0,0.08288256848717501,4.11097539696388,3,0,4,0.1481407041811641,Low Risk
TCU-00166,Lobatse,LO006,Personal Loan,45,Government Employee,13289.0,58800.0,21.7,60,1614.0,17,36917.0,2024-01-30,0.1215,850,3,6.4,0,1,52094.0,Current,0,0,,0.0,0,0,0,0,0,0,0.8859523809523809,0.12145383399804349,4.424712167958462,2,4,1,0.1833595190632747,Low Risk
TCU-00167,Selebi-Phikwe,LO004,Agriculture Loan,51,Pensioner,4183.0,65200.0,11.25,84,1125.0,2,59704.0,2025-04-30,0.2689,678,3,22.6,0,1,95007.0,Current,0,0,,0.0,0,2,0,1,0,0,1.4571625766871166,0.2689457327277074,15.586899354530242,4,0,2,0.1681958158427904,Low Risk
TCU-00168,Francistown,LO007,Home Loan,36,Student,3781.0,100300.0,23.49,72,2610.0,17,70574.0,2024-01-10,0.6903,694,0,5.6,1,1,183969.0,Current,0,0,,0.0,0,2,1,1,0,0,1.8341874376869391,0.6902935731288019,26.527373710658555,0,3,5,0.2745981938962326,Medium Risk
TCU-00169,Selebi-Phikwe,LO012,Vehicle Loan,39,Farmer,6024.0,119100.0,21.28,48,3706.0,14,71801.0,2024-04-14,0.6152,850,2,17.1,0,1,233853.0,Current,0,0,,0.0,0,0,1,0,0,0,1.9635012594458439,0.6152058432934927,19.770916334661354,4,5,0,0.13869029439130462,Low Risk
TCU-00170,Maun,LO010,Business Loan,42,Self-Employed,9397.0,334900.0,20.98,84,7636.0,4,302711.0,2025-02-17,0.8126,733,1,21.8,0,0,0.0,Current,0,0,,0.0,0,2,1,0,1,0,0.0,0.8125997658827285,35.63903373417048,3,1,4,0.3406145959987976,Medium Risk
TCU-00171,Lobatse,LO007,Home Loan,24,Pensioner,8359.0,91700.0,20.67,72,2232.0,5,79026.0,2025-01-02,0.267,752,3,5.8,0,1,113681.0,Current,0,0,,0.0,0,1,0,0,0,0,1.2397055616139585,0.2670175858356263,10.970211747816725,2,3,2,0.10409124784422756,Low Risk
TCU-00172,Gaborone Main,LO008,Home Loan,65,Self-Employed,12040.0,213100.0,22.25,36,8166.0,9,149890.0,2024-09-23,0.6782,711,1,4.0,0,0,0.0,Current,0,0,,0.0,0,2,1,0,0,0,0.0,0.6782392026578073,17.69933554817276,1,3,4,0.2908294274184205,Medium Risk
TCU-00173,Gaborone Main,LO013,Education Loan,34,Pensioner,5790.0,69700.0,10.63,24,3237.0,6,47642.0,2024-12-16,0.5591,563,1,9.8,1,0,0.0,Current,0,0,,0.0,0,4,1,0,0,0,0.0,0.5590673575129533,12.037996545768566,1,2,2,0.2993661250727214,Medium Risk
TCU-00174,Gaborone Main,LO015,Home Loan,62,Government Employee,11560.0,267600.0,10.96,84,4576.0,15,191109.0,2024-03-31,0.3958,740,1,13.2,0,1,216204.0,Current,0,0,,0.0,0,1,0,0,1,0,0.8079372197309417,0.3958477508650519,23.14878892733564,1,3,1,0.09924609892052809,Low Risk
TCU-00175,Francistown,LO001,Agriculture Loan,42,Pensioner,4025.0,38800.0,22.09,36,1484.0,13,21452.0,2024-05-12,0.3687,628,0,1.8,2,1,65358.0,Current,0,0,,0.0,0,3,0,1,0,1,1.6844845360824743,0.36869565217391304,9.639751552795031,0,0,2,0.18374621294698915,Low Risk
TCU-00176,Selebi-Phikwe,LO012,Business Loan,30,Self-Employed,9936.0,361200.0,8.8,24,16468.0,13,145962.0,2024-05-14,1.6574,714,0,15.4,0,0,0.0,Late (30–89 days),70,2,Legal Notice,42739.0,1,2,1,0,1,0,0.0,1.6574074074074074,36.35265700483092,4,1,4,0.9003836480328811,Critical
TCU-00177,Gaborone Main,LO004,Agriculture Loan,25,Pensioner,9017.0,18800.0,15.39,12,1700.0,9,4329.0,2024-09-15,0.1885,749,1,9.4,0,0,0.0,Current,0,0,,0.0,0,1,0,0,0,0,0.0,0.18853277143174005,2.084950648774537,1,0,2,0.09917768255852016,Low Risk
TCU-00178,Lobatse,LO004,Home Loan,28,Pensioner,4684.0,18700.0,11.6,36,618.0,11,11735.0,2024-07-25,0.1319,734,1,5.2,0,0,0.0,Current,0,0,,0.0,0,2,0,1,0,0,0.0,0.13193851409052093,3.9923142613151152,2,3,2,0.0911265057785372,Low Risk
TCU-00179,Gaborone Main,LO004,Education Loan,22,Student,3842.0,10600.0,16.43,72,232.0,14,8417.0,2024-04-13,0.0604,597,4,8.3,0,0,0.0,Current,0,0,,0.0,0,3,0,1,0,0,0.0,0.06038521603331598,2.7589796980739196,1,2,5,0.24819348701763266,Medium Risk
TCU-00180,Selebi-Phikwe,LO004,Personal Loan,65,Self-Employed,34645.0,9800.0,10.65,72,185.0,12,7344.0,2024-06-23,0.0053,850,3,28.7,0,0,0.0,Current,0,0,,0.0,0,0,0,0,0,0,0.0,0.00533987588396594,0.28286910088035794,4,4,4,0.21944184643265405,Medium Risk
TCU-00181,Maun,LO013,Agriculture Loan,47,Farmer,13208.0,326200.0,20.85,12,30350.0,12,0.0,2024-05-15,2.2978,850,0,12.8,0,0,0.0,Late (30–89 days),54,2,,0.0,1,0,1,0,1,0,0.0,2.0,24.697153240460327,3,0,0,0.9477112770419402,Critical
TCU-00182,Selebi-Phikwe,LO016,Personal Loan,68,Private Sector,27302.0,36400.0,18.65,12,3348.0,10,6047.0,2024-08-17,0.1226,850,1,10.5,0,0,0.0,Current,0,0,,0.0,0,0,0,0,0,0,0.0,0.12262837887334262,1.3332356603911801,4,4,3,0.08608402853339425,Low Risk
TCU-00183,Selebi-Phikwe,LO005,Education Loan,44,Student,4622.0,6800.0,22.98,60,192.0,2,6427.0,2025-04-25,0.0415,706,1,7.6,3,1,8014.0,Late (30–89 days),45,1,Legal Notice,1380.0,1,2,0,1,0,0,1.1785294117647058,0.04154045867589788,1.4712245781047166,4,2,5,0.7677626802070456,Critical
TCU-00184,Selebi-Phikwe,LO015,Home Loan,50,Government Employee,10018.0,197500.0,10.09,48,5018.0,17,119079.0,2024-02-06,0.5009,738,0,3.2,0,0,0.0,Current,0,0,,0.0,0,2,1,0,0,0,0.0,0.5008983829107606,19.714513875024956,4,3,1,0.22176052901597706,Medium Risk
TCU-00185,Maun,LO012,Personal Loan,64,Farmer,12799.0,169300.0,20.39,60,4522.0,2,156701.0,2025-04-29,0.3533,768,0,19.9,0,1,317814.0,Current,0,0,,0.0,0,1,0,0,0,0,1.8772238629651505,0.3533088522540824,13.227595905930151,3,4,0,0.09495323130680179,Low Risk
TCU-00186,Francistown,LO016,Business Loan,28,Government Employee,21971.0,207600.0,12.44,24,9815.0,11,97619.0,2024-07-11,0.4467,850,3,6.9,1,1,285344.0,Late (30–89 days),70,1,Home Visit,28606.0,1,0,1,0,0,0,1.3744894026974952,0.446725228710573,9.448818897637794,0,1,1,0.6872773059782632,High Risk
TCU-00187,Lobatse,LO017,Business Loan,51,Student,4873.0,44900.0,17.08,48,1297.0,1,43466.0,2025-05-09,0.2662,732,1,5.6,1,1,86109.0,Current,0,0,,0.0,0,2,0,1,0,0,1.9177951002227172,0.266160476092756,9.214036527806279,2,1,5,0.21478954288595137,Medium Risk
TCU-00188,Francistown,LO009,Vehicle Loan,48,Pensioner,9782.0,210700.0,10.57,48,5402.0,8,171450.0,2024-11-02,0.5522,620,1,9.8,1,0,0.0,Late (30–89 days),75,2,,46575.0,1,3,1,0,0,0,0.0,0.5522388059701493,21.539562461664282,0,5,2,0.6725943960989202,High Risk
TCU-00189,Francistown,LO017,Education Loan,30,Student,3930.0,15100.0,13.96,48,412.0,3,13465.0,2025-03-03,0.1048,713,3,13.0,0,1,21857.0,Late (30–89 days),47,1,,4657.0,1,2,0,1,0,0,1.4474834437086093,0.10483460559796437,3.842239185750636,0,2,5,0.5119162389080967,High Risk
TCU-00190,Gaborone Main,LO010,Business Loan,38,Private Sector,24086.0,259000.0,10.09,84,4312.0,10,219351.0,2024-08-17,0.179,827,1,7.5,1,0,0.0,Current,0,0,,0.0,0,0,0,0,1,0,0.0,0.17902515984389272,10.753134601013036,1,1,3,0.11975441041774765,Low Risk
TCU-00191,Maun,LO018,Personal Loan,46,Farmer,3156.0,43100.0,20.6,84,973.0,3,40501.0,2025-03-29,0.3083,759,1,22.8,0,0,0.0,Current,0,0,,0.0,0,1,0,1,0,0,0.0,0.3083016476552598,13.656527249683144,3,4,0,0.11903911028565967,Low Risk
TCU-00192,Gaborone Main,LO006,Business Loan,33,Student,4073.0,7500.0,12.83,36,252.0,13,4189.0,2024-05-13,0.0619,613,2,0.7,0,0,0.0,Defaulted,255,12,,1771.0,1,3,0,1,0,1,0.0,0.061870856862263686,1.8413945494721335,1,1,5,0.6534491280237194,High Risk
TCU-00193,Maun,LO016,Education Loan,61,Student,3426.0,36900.0,16.64,24,1818.0,15,13394.0,2024-03-10,0.5306,752,1,10.8,2,0,0.0,Late (30–89 days),78,2,,4677.0,1,1,1,1,0,0,0.0,0.5306479859894921,10.770577933450088,3,2,5,0.8325781170252331,Critical
TCU-00194,Maun,LO015,Business Loan,22,Government Employee,23376.0,312500.0,23.36,72,8106.0,7,255939.0,2024-11-24,0.3468,850,2,3.8,0,0,0.0,Defaulted,354,8,Legal Notice,161610.0,1,0,0,0,1,0,0.0,0.3467659137577002,13.368412046543463,3,1,1,0.514306573528687,High Risk
TCU-00195,Gaborone Main,LO010,Agriculture Loan,50,Farmer,5310.0,153800.0,11.09,84,2641.0,17,115809.0,2024-01-08,0.4974,729,0,20.7,1,1,339725.0,Current,0,0,,0.0,0,2,1,0,0,0,2.2088751625487646,0.49736346516007535,28.96421845574388,1,0,0,0.2949639043661482,Medium Risk
TCU-00196,Francistown,LO001,Vehicle Loan,26,Student,4009.0,8600.0,11.26,36,283.0,15,4697.0,2024-03-13,0.0706,730,0,8.1,0,0,0.0,Late (30–89 days),73,1,,1098.0,1,2,0,1,0,0,0.0,0.07059116986779745,2.145173359940135,0,5,5,0.5519970919236955,High Risk
TCU-00197,Gaborone Main,LO019,Personal Loan,68,Pensioner,8205.0,111600.0,10.15,84,1861.0,7,96263.0,2024-11-04,0.2268,747,0,24.8,0,1,130993.0,Current,0,0,,0.0,0,1,0,0,0,0,1.1737724014336917,0.22681291895185862,13.60146252285192,1,4,2,0.08831438900548841,Low Risk
TCU-00198,Francistown,LO010,Agriculture Loan,40,Student,4604.0,187300.0,18.54,12,17220.0,12,0.0,2024-05-24,3.7402,816,0,18.1,0,0,0.0,Defaulted,266,6,,0.0,1,0,1,1,0,0,0.0,2.0,40.68201563857515,0,0,5,0.9672310010820223,Critical
TCU-00199,Francistown,LO006,Business Loan,54,Private Sector,20805.0,54700.0,18.9,60,1416.0,16,39219.0,2024-02-25,0.0681,850,1,16.7,0,1,52892.0,Current,0,0,,0.0,0,0,0,0,0,0,0.9669469835466179,0.06806056236481615,2.629175678923336,0,1,3,0.09927013487650543,Low Risk
TCU-00200,Francistown,LO004,Home Loan,30,Student,3668.0,55200.0,15.49,60,1327.0,7,46518.0,2024-11-09,0.3618,573,0,17.2,1,0,0.0,Current,0,0,,0.0,0,4,0,1,0,0,0.0,0.3617775354416576,15.04907306434024,0,3,5,0.1280953799215413,Low Risk
TCU-00201,Selebi-Phikwe,LO009,Home Loan,67,Student,1970.0,67000.0,15.67,36,2345.0,7,49819.0,2024-11-08,1.1904,776,0,8.8,1,0,0.0,Defaulted,129,4,Legal Notice,39927.0,1,1,1,1,0,0,0.0,1.1903553299492386,34.01015228426396,4,3,5,0.9037900080173494,Critical
TCU-00202,Lobatse,LO019,Vehicle Loan,62,Government Employee,21076.0,20000.0,12.54,60,450.0,2,18330.0,2025-04-28,0.0214,850,0,12.1,2,0,0.0,Late (30–89 days),62,1,Legal Notice,3651.0,1,0,0,0,0,0,0.0,0.0213513000569368,0.9489466691971912,2,5,1,0.6872536057846332,High Risk
TCU-00203,Francistown,LO020,Agriculture Loan,22,Student,2080.0,31100.0,11.28,60,681.0,13,23397.0,2024-05-29,0.3274,564,0,14.9,0,1,27143.0,Current,0,0,,0.0,0,4,0,1,0,0,0.8727652733118971,0.32740384615384616,14.951923076923077,0,0,5,0.14600586423913456,Low Risk
TCU-00204,Gaborone Main,LO002,Agriculture Loan,52,Farmer,6889.0,136500.0,21.36,84,3144.0,9,114172.0,2024-09-26,0.4564,734,1,11.6,0,0,0.0,Late (30–89 days),46,2,Called,39180.0,1,2,1,0,0,0,0.0,0.45637973581071273,19.814196545217012,1,0,0,0.1690853169491155,Low Risk
TCU-00205,Maun,LO012,Vehicle Loan,55,Farmer,12512.0,8300.0,22.17,48,262.0,12,5506.0,2024-06-18,0.0209,742,0,5.1,0,0,0.0,Current,0,0,,0.0,0,1,0,0,0,0,0.0,0.020939897698209718,0.6633631713554987,3,5,0,0.1277693046288696,Low Risk
TCU-00206,Selebi-Phikwe,LO016,Business Loan,29,Farmer,10089.0,149300.0,12.28,24,7048.0,12,64961.0,2024-06-13,0.6986,710,1,26.8,0,1,353566.0,Current,0,0,,0.0,0,2,1,0,0,0,2.368158070997991,0.6985826147289127,14.79829517296065,4,1,0,0.13270650643121573,Low Risk
TCU-00207,Maun,LO003,Business Loan,62,Government Employee,15636.0,434300.0,11.14,84,7468.0,4,388854.0,2025-02-24,0.4776,850,0,20.0,0,0,0.0,Current,0,0,,0.0,0,0,1,0,1,0,0.0,0.4776157585060118,27.775645945254542,3,1,1,0.14732021143772264,Low Risk
TCU-00208,Selebi-Phikwe,LO005,Personal Loan,36,Farmer,3199.0,90100.0,19.11,84,1953.0,13,71650.0,2024-06-02,0.6105,553,0,27.1,0,0,0.0,Current,0,0,,0.0,0,4,1,1,0,0,0.0,0.6105032822757112,28.165051578618318,4,4,0,0.23685146830994408,Medium Risk
TCU-00209,Lobatse,LO018,Personal Loan,64,Private Sector,27527.0,326400.0,16.59,36,11571.0,16,173109.0,2024-02-14,0.4204,831,1,23.2,0,0,0.0,Current,0,0,,0.0,0,0,0,0,1,0,0.0,0.42035092817960545,11.857449050023613,2,4,3,0.07179059001384039,Low Risk
TCU-00210,Maun,LO016,Business Loan,49,Private Sector,27842.0,252200.0,16.93,36,8983.0,11,149012.0,2024-07-12,0.3226,850,2,0.7,0,1,362550.0,Current,0,0,,0.0,0,0,0,0,1,1,1.4375495638382236,0.3226420515767545,9.058257309101357,3,1,3,0.13887330318225702,Low Risk
TCU-00211,Selebi-Phikwe,LO019,Home Loan,28,Private Sector,12271.0,219100.0,17.98,72,4995.0,4,199322.0,2025-02-10,0.4071,644,1,11.4,0,1,289499.0,Current,0,0,,0.0,0,3,0,0,0,0,1.3213099041533547,0.4070572895444544,17.855105533371365,4,3,3,0.10335447768155799,Low Risk
TCU-00212,Francistown,LO015,Agriculture Loan,64,Government Employee,24137.0,194000.0,20.68,84,4388.0,16,137277.0,2024-02-23,0.1818,850,4,0.7,0,1,460549.0,Late (30–89 days),44,2,SMS Sent,16475.0,1,0,0,0,0,1,2.3739639175257734,0.18179558354393668,8.037452873182252,0,0,1,0.18637012552774507,Low Risk
TCU-00213,Selebi-Phikwe,LO020,Agriculture Loan,68,Farmer,9252.0,210000.0,23.16,84,5071.0,12,170288.0,2024-06-28,0.5481,747,1,24.2,0,1,382027.0,Current,0,0,,0.0,0,1,1,0,0,0,1.8191761904761905,0.5480977086035452,22.69779507133593,4,0,0,0.10758851502254227,Low Risk
TCU-00214,Francistown,LO001,Business Loan,24,Self-Employed,7126.0,65400.0,18.88,48,1951.0,11,46766.0,2024-07-24,0.2738,690,2,2.5,0,1,144573.0,Current,0,0,,0.0,0,2,0,0,0,0,2.210596330275229,0.27378613527925905,9.177659275891102,0,1,4,0.2127324794134007,Medium Risk
TCU-00215,Lobatse,LO007,Vehicle Loan,39,Private Sector,28313.0,134200.0,14.81,12,12101.0,12,0.0,2024-03-15,0.4274,850,1,8.1,0,0,0.0,Current,0,0,,0.0,0,0,0,0,0,0,0.0,0.42740084060325645,4.739872143538304,2,5,3,0.1052747518188234,Low Risk
TCU-00216,Maun,LO015,Agriculture Loan,52,Private Sector,17057.0,18500.0,10.3,12,1629.0,5,10199.0,2025-01-26,0.0955,850,4,20.5,0,1,44849.0,Late (30–89 days),83,2,SMS Sent,1653.0,1,0,0,0,0,0,2.42427027027027,0.09550331242305211,1.0845986984815619,3,0,3,0.48560186055899,High Risk
TCU-00217,Maun,LO003,Education Loan,47,Student,4760.0,52300.0,22.36,36,2007.0,11,36031.0,2024-07-06,0.4216,643,1,6.4,1,0,0.0,Late (30–89 days),45,2,SMS Sent,5008.0,1,3,0,1,0,0,0.0,0.4216386554621849,10.987394957983193,3,2,5,0.5484460940049241,High Risk
TCU-00218,Selebi-Phikwe,LO020,Personal Loan,29,Government Employee,20992.0,25900.0,15.98,60,630.0,7,21136.0,2024-11-18,0.03,703,4,27.0,1,1,64063.0,Current,0,0,,0.0,0,2,0,0,0,0,2.4734749034749033,0.030011432926829267,1.2338033536585367,4,4,1,0.17661950736763554,Low Risk
TCU-00219,Gaborone Main,LO017,Vehicle Loan,58,Private Sector,17480.0,253700.0,14.6,72,5310.0,12,194203.0,2024-06-27,0.3038,850,0,0.7,0,1,246412.0,Current,0,0,,0.0,0,0,0,0,1,1,0.971273157272369,0.3037757437070938,14.513729977116705,1,5,3,0.07821009908144555,Low Risk
TCU-00220,Maun,LO016,Education Loan,38,Private Sector,14234.0,115200.0,15.0,84,2223.0,5,98024.0,2025-01-16,0.1562,824,1,13.8,0,0,0.0,Current,0,0,,0.0,0,0,0,0,0,0,0.0,0.15617535478431924,8.093297737810875,3,2,3,0.09811598053801104,Low Risk
TCU-00221,Selebi-Phikwe,LO013,Business Loan,37,Pensioner,4875.0,38200.0,20.99,24,1963.0,3,30916.0,2025-03-07,0.4027,795,1,21.8,1,1,67065.0,Current,0,0,,0.0,0,1,0,1,0,0,1.7556282722513088,0.4026666666666667,7.835897435897436,4,1,2,0.19981240900609015,Low Risk
TCU-00222,Maun,LO016,Agriculture Loan,25,Private Sector,8311.0,87500.0,14.08,60,2040.0,9,67058.0,2024-09-20,0.2455,685,1,10.9,0,0,0.0,Current,0,0,,0.0,0,2,0,0,0,0,0.0,0.24545782697629648,10.528215617855853,3,0,3,0.10862895989777645,Low Risk
TCU-00223,Maun,LO017,Vehicle Loan,40,Self-Employed,31891.0,43800.0,18.01,48,1287.0,13,31306.0,2024-05-28,0.0404,850,1,18.6,0,0,0.0,Current,0,0,,0.0,0,0,0,0,0,0,0.0,0.04035621335172933,1.3734282399423035,3,5,4,0.07355516664411083,Low Risk
TCU-00224,Maun,LO020,Agriculture Loan,63,Self-Employed,18236.0,391600.0,23.05,72,10085.0,2,347256.0,2025-04-06,0.553,757,0,1.2,1,0,0.0,Current,0,0,,0.0,0,1,1,0,1,1,0.0,0.5530269796007896,21.474007457775826,3,0,4,0.33337131048250784,Medium Risk
TCU-00225,Gaborone Main,LO004,Personal Loan,32,Farmer,14242.0,27000.0,20.45,60,722.0,15,17528.0,2024-03-26,0.0507,743,3,12.0,0,0,0.0,Current,0,0,,0.0,0,1,0,0,0,0,0.0,0.05069512708889201,1.8958011515236624,1,4,0,0.0767247300814759,Low Risk
TCU-00226,Gaborone Main,LO012,Home Loan,32,Government Employee,22692.0,436100.0,22.99,60,12291.0,3,360547.0,2025-03-31,0.5416,829,3,16.4,0,1,904101.0,Current,0,0,,0.0,0,0,1,0,1,0,2.0731506535198347,0.5416446324695928,19.218226687819495,1,3,1,0.06486414257594805,Low Risk
TCU-00227,Maun,LO016,Education Loan,56,Self-Employed,12177.0,60500.0,14.89,24,2930.0,7,36494.0,2024-11-06,0.2406,689,0,9.0,0,0,0.0,Current,0,0,,0.0,0,2,0,0,0,0,0.0,0.24061755769072843,4.968383017163505,3,2,4,0.13257549260787607,Low Risk
TCU-00228,Lobatse,LO008,Personal Loan,49,Self-Employed,23736.0,394000.0,15.28,24,19156.0,12,188576.0,2024-06-16,0.807,850,1,24.9,0,1,734041.0,Current,0,0,,0.0,0,0,1,0,1,0,1.8630482233502539,0.8070441523424334,16.599258510279743,2,4,4,0.27134899686856406,Medium Risk
TCU-00229,Maun,LO010,Agriculture Loan,66,Student,4100.0,72500.0,21.73,24,3752.0,13,29688.0,2024-05-19,0.9151,674,0,18.9,0,1,64117.0,Late (30–89 days),36,2,,4967.0,1,2,1,1,0,0,0.8843724137931035,0.9151219512195122,17.682926829268293,3,0,5,0.7845947348883857,Critical
TCU-00230,Gaborone Main,LO008,Personal Loan,50,Student,2027.0,23900.0,13.33,84,439.0,1,23608.0,2025-05-25,0.2166,613,1,23.8,0,0,0.0,Late (30–89 days),79,2,Home Visit,2782.0,1,3,0,1,0,0,0.0,0.2165762210162802,11.790823877651702,1,4,5,0.6336137592694471,High Risk
TCU-00231,Maun,LO013,Personal Loan,33,Private Sector,8927.0,91900.0,20.45,48,2819.0,9,71730.0,2024-09-10,0.3158,776,2,15.9,3,1,179982.0,Late (30–89 days),70,1,Legal Notice,20528.0,1,1,0,0,0,0,1.958454842219804,0.3157835779097121,10.294611851685897,3,4,3,0.5339188594455367,High Risk
TCU-00232,Maun,LO016,Agriculture Loan,55,Government Employee,13080.0,21800.0,18.83,12,2007.0,10,3433.0,2024-08-29,0.1534,810,0,5.4,0,1,46686.0,Defaulted,111,12,Home Visit,2584.0,1,0,0,0,0,0,2.141559633027523,0.15344036697247707,1.6666666666666667,3,0,1,0.4152604503588293,Medium Risk
TCU-00233,Francistown,LO012,Personal Loan,66,Pensioner,5492.0,114600.0,13.75,84,2132.0,16,79688.0,2024-03-02,0.3882,685,2,4.2,0,0,0.0,Current,0,0,,0.0,0,2,0,0,0,0,0.0,0.38820101966496723,20.866715222141295,0,4,2,0.12746924483213262,Low Risk
TCU-00234,Francistown,LO001,Agriculture Loan,50,Student,2822.0,30700.0,9.11,72,555.0,3,27475.0,2025-03-24,0.1967,610,1,15.0,0,1,41453.0,Current,0,0,,0.0,0,3,0,1,0,0,1.3502605863192183,0.1966690290574061,10.878809355067329,0,0,5,0.11840151938139465,Low Risk
TCU-00235,Gaborone Main,LO017,Business Loan,57,Private Sector,16785.0,273100.0,15.54,84,5353.0,5,246583.0,2025-01-23,0.3189,850,0,18.8,0,1,667505.0,Current,0,0,,0.0,0,0,0,0,1,0,2.444177956792384,0.31891569854036345,16.270479594876377,1,1,3,0.07338917958516415,Low Risk
TCU-00236,Lobatse,LO010,Home Loan,57,Private Sector,15835.0,40500.0,18.71,12,3727.0,12,0.0,2024-05-12,0.2354,772,0,3.7,0,1,76585.0,Current,0,0,,0.0,0,1,0,0,0,0,1.8909876543209876,0.23536469845279445,2.5576255131038836,2,3,3,0.10996966816581898,Low Risk
TCU-00237,Gaborone Main,LO012,Business Loan,59,Self-Employed,25814.0,349800.0,11.74,48,9167.0,15,221299.0,2024-03-22,0.3551,850,2,26.8,1,0,0.0,Defaulted,226,11,SMS Sent,92568.0,1,0,0,0,1,0,0.0,0.3551173781668862,13.550786394979468,1,1,4,0.5483044404794142,High Risk
TCU-00238,Francistown,LO017,Personal Loan,41,Government Employee,9721.0,79200.0,11.49,72,1527.0,9,64830.0,2024-09-11,0.1571,691,3,17.0,0,0,0.0,Current,0,0,,0.0,0,2,0,0,0,0,0.0,0.1570826046703014,8.147309947536261,0,4,1,0.19287445035016149,Low Risk
TCU-00239,Selebi-Phikwe,LO004,Business Loan,66,Student,4274.0,71100.0,18.69,60,1832.0,3,66871.0,2025-03-29,0.4286,792,4,25.4,0,0,0.0,Current,0,0,,0.0,0,1,0,1,0,0,0.0,0.4286382779597567,16.63547028544689,4,1,5,0.19142876290039113,Low Risk
TCU-00240,Selebi-Phikwe,LO018,Agriculture Loan,56,Private Sector,12098.0,226500.0,14.65,72,4746.0,17,172579.0,2024-02-05,0.3923,745,1,15.8,3,1,296844.0,Early (1–29 days),27,1,,0.0,0,1,0,0,0,0,1.310569536423841,0.3922962473136056,18.722102826913538,4,0,3,0.2703349774956842,Medium Risk
TCU-00241,Lobatse,LO017,Education Loan,66,Self-Employed,24544.0,51700.0,15.64,24,2523.0,13,21083.0,2024-05-21,0.1028,850,0,9.4,0,0,0.0,Current,0,0,,0.0,0,0,0,0,0,0,0.0,0.10279498044328553,2.1064211212516297,2,2,4,0.08712723699089113,Low Risk
TCU-00242,Selebi-Phikwe,LO019,Personal Loan,52,Private Sector,20286.0,339600.0,17.43,12,31042.0,12,0.0,2024-02-27,1.5302,833,0,26.5,0,0,0.0,Defaulted,206,12,,0.0,1,0,1,0,1,0,0.0,1.5302178842551513,16.740609287193138,4,4,3,0.9116098150967327,Critical
TCU-00243,Gaborone Main,LO010,Education Loan,62,Farmer,3494.0,20700.0,16.29,24,1016.0,13,8136.0,2024-06-05,0.2908,708,1,18.1,0,1,26757.0,Current,0,0,,0.0,0,2,0,1,0,0,1.2926086956521738,0.2907842014882656,5.924441900400687,1,2,0,0.07297479451537621,Low Risk
TCU-00244,Gaborone Main,LO018,Vehicle Loan,58,Student,2419.0,30500.0,19.32,84,665.0,13,23773.0,2024-05-18,0.2749,636,0,12.2,0,0,0.0,Current,0,0,,0.0,0,3,0,1,0,0,0.0,0.27490698635799915,12.608515915667631,1,5,5,0.14110435922179637,Low Risk
TCU-00245,Maun,LO019,Personal Loan,39,Farmer,4350.0,45900.0,11.45,36,1513.0,17,23388.0,2024-01-25,0.3478,704,2,24.2,0,1,108836.0,Current,0,0,,0.0,0,2,0,1,0,0,2.3711546840958606,0.34781609195402297,10.551724137931034,3,4,0,0.10981291194291767,Low Risk
TCU-00246,Gaborone Main,LO002,Business Loan,68,Government Employee,24132.0,435000.0,21.21,12,40548.0,6,207510.0,2024-12-17,1.6803,850,0,13.8,0,1,745855.0,Defaulted,357,7,Legal Notice,134251.0,1,0,1,0,1,0,1.7146091954022988,1.6802585778219792,18.02585778219791,1,1,1,0.9093845324680675,Critical
TCU-00247,Gaborone Main,LO013,Education Loan,68,Private Sector,27745.0,131500.0,9.43,24,6034.0,8,75215.0,2024-10-04,0.2175,850,0,8.5,1,0,0.0,Late (30–89 days),85,2,Home Visit,11868.0,1,0,0,0,0,0,0.0,0.21748062714002522,4.739592719408902,1,2,3,0.09328248583646576,Low Risk
TCU-00248,Gaborone Main,LO011,Vehicle Loan,54,Student,4534.0,30400.0,16.26,48,866.0,17,16805.0,2024-01-23,0.191,702,3,9.5,0,0,0.0,Defaulted,270,8,Called,11450.0,1,2,0,1,0,0,0.0,0.1910013233348037,6.70489633877371,1,5,5,0.47165062477689756,High Risk
TCU-00249,Gaborone Main,LO009,Vehicle Loan,54,Self-Employed,36054.0,19600.0,17.1,36,700.0,10,12354.0,2024-08-18,0.0194,850,0,11.8,3,0,0.0,Late (30–89 days),45,1,Letter Sent,2553.0,1,0,0,0,0,0,0.0,0.019415321462251067,0.5436290009430299,1,5,4,0.6755130466120116,High Risk
TCU-00250,Selebi-Phikwe,LO018,Business Loan,60,Self-Employed,11443.0,107500.0,20.9,84,2446.0,13,81445.0,2024-05-21,0.2138,737,2,16.0,0,0,0.0,Current,0,0,,0.0,0,2,0,0,0,0,0.0,0.2137551341431443,9.394389583151272,4,1,4,0.11103957874342449,Low Risk
TCU-00251,Gaborone Main,LO018,Education Loan,32,Self-Employed,38150.0,162200.0,22.13,72,4088.0,17,119543.0,2024-01-31,0.1072,850,1,13.6,2,0,0.0,Current,0,0,,0.0,0,0,0,0,0,0,0.0,0.10715596330275229,4.251638269986894,1,2,4,0.29114502937353215,Medium Risk
TCU-00252,Francistown,LO001,Education Loan,28,Private Sector,20807.0,308100.0,17.74,24,15343.0,17,81226.0,2024-01-27,0.7374,777,1,14.6,0,0,0.0,Current,0,0,,0.0,0,1,1,0,1,0,0.0,0.7373960686307492,14.807516701110202,0,2,3,0.3362871310518363,Medium Risk
TCU-00253,Francistown,LO006,Business Loan,53,Farmer,5715.0,148000.0,22.84,48,4731.0,10,112639.0,2024-08-15,0.8278,819,0,27.8,3,0,0.0,Late (30–89 days),59,1,SMS Sent,23304.0,1,0,1,0,0,0,0.0,0.8278215223097113,25.89676290463692,0,1,0,0.7551119291014696,Critical
TCU-00254,Selebi-Phikwe,LO011,Vehicle Loan,60,Student,3640.0,85700.0,16.64,72,1889.0,16,61863.0,2024-02-09,0.519,704,1,24.9,0,0,0.0,Current,0,0,,0.0,0,2,1,1,0,0,0.0,0.518956043956044,23.543956043956044,4,5,5,0.20141726444664254,Medium Risk
TCU-00255,Lobatse,LO002,Business Loan,57,Farmer,6494.0,55600.0,21.33,48,1732.0,12,38088.0,2024-06-19,0.2667,719,1,4.7,1,1,112785.0,Current,0,0,,0.0,0,2,0,0,0,0,2.0285071942446042,0.2667077302125038,8.561749307052663,2,1,0,0.2046984839110206,Medium Risk
TCU-00256,Francistown,LO013,Vehicle Loan,66,Pensioner,5941.0,37500.0,22.4,24,1953.0,2,29684.0,2025-04-10,0.3287,734,0,19.6,1,1,76745.0,Current,0,0,,0.0,0,2,0,0,0,0,2.0465333333333335,0.3287325366099983,6.312068675307187,0,5,2,0.10272959484923652,Low Risk
TCU-00257,Selebi-Phikwe,LO017,Education Loan,27,Pensioner,9699.0,97700.0,20.41,36,3651.0,13,54574.0,2024-06-02,0.3764,770,0,9.6,1,0,0.0,Current,0,0,,0.0,0,1,0,0,0,0,0.0,0.37643055985153107,10.073203423033302,4,2,2,0.16648496143710137,Low Risk
TCU-00258,Lobatse,LO009,Personal Loan,34,Government Employee,15797.0,274000.0,8.59,48,6765.0,10,191436.0,2024-08-31,0.4282,850,1,13.9,0,0,0.0,Defaulted,232,12,Called,130729.0,1,0,0,0,1,0,0.0,0.4282458694688865,17.34506551876939,2,4,1,0.3880444305786902,Medium Risk
TCU-00259,Francistown,LO002,Agriculture Loan,25,Private Sector,14376.0,12900.0,17.46,60,324.0,8,10058.0,2024-11-01,0.0225,774,4,5.3,0,0,0.0,Current,0,0,,0.0,0,1,0,0,0,0,0.0,0.022537562604340568,0.8973288814691152,0,0,3,0.11415963646231576,Low Risk
TCU-00260,Lobatse,LO012,Personal Loan,51,Student,1826.0,18500.0,14.37,12,1664.0,3,13549.0,2025-03-13,0.9113,691,0,14.4,0,0,0.0,Current,0,0,,0.0,0,2,1,1,0,0,0.0,0.9112814895947426,10.131434830230011,2,4,5,0.23993729451299395,Medium Risk
TCU-00261,Gaborone Main,LO004,Education Loan,35,Pensioner,8378.0,286600.0,16.0,72,6217.0,8,232861.0,2024-10-21,0.7421,736,1,18.9,2,0,0.0,Current,0,0,,0.0,0,2,1,0,1,0,0.0,0.7420625447600859,34.208641680592024,1,2,2,0.356444436447038,Medium Risk
TCU-00262,Francistown,LO010,Business Loan,33,Pensioner,4009.0,34100.0,10.33,84,572.0,11,28744.0,2024-07-31,0.1427,624,4,12.7,0,0,0.0,Late (30–89 days),42,2,SMS Sent,4703.0,1,3,0,1,0,0,0.0,0.14267897231229734,8.505861810925417,0,1,2,0.5186725499860584,High Risk
TCU-00263,Lobatse,LO018,Home Loan,41,Self-Employed,31613.0,170000.0,14.64,60,4012.0,17,118764.0,2024-01-30,0.1269,850,3,14.6,0,1,175233.0,Current,0,0,,0.0,0,0,0,0,0,0,1.0307823529411764,0.1269098155821972,5.377534558567678,2,3,4,0.12874120477043577,Low Risk
TCU-00264,Selebi-Phikwe,LO002,Education Loan,43,Farmer,6592.0,82700.0,16.81,24,4081.0,6,60160.0,2024-12-05,0.6191,814,3,10.9,3,1,70543.0,Late (30–89 days),83,1,Home Visit,14604.0,1,0,1,0,0,0,0.8529987908101572,0.6190837378640777,12.545509708737864,4,2,0,0.7794946045938741,Critical
TCU-00265,Gaborone Main,LO010,Agriculture Loan,33,Pensioner,9147.0,96900.0,9.85,24,4465.0,5,70406.0,2025-01-15,0.4881,753,0,3.8,1,0,0.0,Early (1–29 days),16,1,,0.0,0,1,1,0,0,0,0.0,0.4881381873838417,10.593637258117415,1,0,2,0.3352626523740669,Medium Risk
TCU-00266,Francistown,LO011,Vehicle Loan,54,Private Sector,23579.0,388900.0,10.72,84,6602.0,14,315437.0,2024-04-10,0.28,850,3,20.5,0,0,0.0,Current,0,0,,0.0,0,0,0,0,1,0,0.0,0.2799949107256457,16.49348996988846,0,5,3,0.08042120843247794,Low Risk
TCU-00267,Gaborone Main,LO020,Personal Loan,22,Self-Employed,15998.0,56000.0,20.38,72,1354.0,7,43143.0,2024-11-15,0.0846,764,0,6.4,0,1,118369.0,Current,0,0,,0.0,0,1,0,0,0,0,2.1137321428571427,0.08463557944743093,3.500437554694337,1,4,4,0.14796792251092966,Low Risk
TCU-00268,Lobatse,LO018,Education Loan,29,Government Employee,9740.0,171000.0,12.7,72,3406.0,8,142289.0,2024-10-17,0.3497,625,0,9.7,2,1,151546.0,Defaulted,115,4,SMS Sent,81478.0,1,3,0,0,0,0,0.8862339181286549,0.34969199178644766,17.5564681724846,2,2,1,0.21974694618666085,Medium Risk
TCU-00269,Francistown,LO020,Education Loan,49,Farmer,10554.0,176100.0,14.01,36,6020.0,11,117025.0,2024-07-21,0.5704,724,4,22.8,0,1,384223.0,Current,0,0,,0.0,0,2,1,0,0,0,2.181845542305508,0.5703998483987114,16.685616827743036,0,2,0,0.17417334636584603,Low Risk
TCU-00270,Selebi-Phikwe,LO016,Business Loan,65,Student,4816.0,74600.0,12.5,36,2496.0,4,58188.0,2025-02-05,0.5183,669,3,10.2,1,1,121506.0,Defaulted,147,8,Called,35809.0,1,3,1,1,0,0,1.6287667560321717,0.5182724252491694,15.490033222591363,4,1,5,0.773433217684117,Critical
TCU-00271,Lobatse,LO019,Business Loan,40,Self-Employed,22286.0,358600.0,10.16,60,7647.0,15,260576.0,2024-03-13,0.3431,799,1,18.8,0,0,0.0,Current,0,0,,0.0,0,1,0,0,1,0,0.0,0.3431302162792785,16.090819348469893,2,1,4,0.0947909145480613,Low Risk
TCU-00272,Selebi-Phikwe,LO019,Home Loan,59,Farmer,9534.0,131200.0,9.71,72,2411.0,1,112190.0,2025-05-13,0.2529,756,1,10.1,0,1,173664.0,Current,0,0,,0.0,0,1,0,0,0,0,1.323658536585366,0.2528844136773652,13.761275435284245,4,3,0,0.07665805889393425,Low Risk
TCU-00273,Maun,LO016,Agriculture Loan,60,Farmer,10922.0,137100.0,22.25,84,3233.0,18,103796.0,2024-01-01,0.296,750,0,18.7,0,1,314182.0,Current,0,0,,0.0,0,1,0,0,0,0,2.29162654996353,0.2960080571323933,12.55264603552463,3,0,0,0.12271363891735178,Low Risk
TCU-00274,Maun,LO003,Education Loan,49,Student,1528.0,32300.0,10.48,36,1050.0,16,16247.0,2024-03-04,0.6872,613,1,2.1,1,0,0.0,Current,0,0,,0.0,0,3,1,1,0,0,0.0,0.68717277486911,21.138743455497384,3,2,5,0.34436321937457676,Medium Risk
TCU-00275,Lobatse,LO013,Agriculture Loan,37,Farmer,6818.0,70200.0,16.95,72,1560.0,12,53892.0,2024-06-26,0.2288,720,3,25.3,0,0,0.0,Early (1–29 days),1,1,,0.0,0,2,0,0,0,0,0.0,0.2288061014960399,10.296274567321795,2,0,0,0.13499203631092502,Low Risk
TCU-00276,Selebi-Phikwe,LO014,Business Loan,31,Student,1796.0,29200.0,15.57,84,573.0,3,26566.0,2025-03-11,0.319,690,1,13.0,1,1,34566.0,Late (30–89 days),61,1,Letter Sent,7386.0,1,2,0,1,0,0,1.1837671232876712,0.3190423162583519,16.258351893095767,4,1,5,0.6589286454937757,High Risk
TCU-00277,Lobatse,LO012,Personal Loan,48,Pensioner,9869.0,227200.0,10.25,48,5790.0,15,136099.0,2024-03-22,0.5867,730,4,23.5,0,1,525481.0,Current,0,0,,0.0,0,2,1,0,0,0,2.312856514084507,0.5866855811125747,23.02158273381295,2,4,2,0.1601030285654588,Low Risk
TCU-00278,Lobatse,LO019,Home Loan,64,Government Employee,18422.0,269800.0,8.67,48,6672.0,2,242035.0,2025-04-25,0.3622,697,0,10.9,3,1,292669.0,Current,0,0,,0.0,0,2,0,0,1,0,1.0847627872498147,0.3621756595375095,14.645532515470633,2,3,1,0.1866665291057373,Low Risk
TCU-00279,Gaborone Main,LO016,Education Loan,58,Self-Employed,10087.0,138500.0,21.04,60,3750.0,17,88640.0,2024-01-28,0.3718,834,3,8.7,0,1,312783.0,Current,0,0,,0.0,0,0,0,0,0,0,2.258361010830325,0.37176563894121145,13.73054426489541,1,2,4,0.08264751506565914,Low Risk
TCU-00280,Francistown,LO015,Home Loan,59,Student,4327.0,66400.0,16.02,84,1320.0,17,47741.0,2024-02-03,0.3051,752,0,4.8,2,1,109103.0,Current,0,0,,0.0,0,1,0,1,0,0,1.6431174698795181,0.3050612433556737,15.345504968800554,0,3,5,0.19295112973352535,Low Risk
TCU-00281,Francistown,LO007,Education Loan,50,Student,4070.0,65600.0,20.21,12,6083.0,12,0.0,2024-02-23,1.4946,655,2,22.7,0,1,131169.0,Late (30–89 days),85,2,Home Visit,0.0,1,3,1,1,0,0,1.9995274390243902,1.4945945945945946,16.117936117936118,0,2,5,0.8013084313328478,Critical
TCU-00282,Maun,LO017,Agriculture Loan,46,Student,4846.0,42300.0,13.98,84,792.0,3,38406.0,2025-03-18,0.1634,726,1,8.5,0,0,0.0,Current,0,0,,0.0,0,2,0,1,0,0,0.0,0.16343375980189848,8.728848534874123,3,0,5,0.1562337099891882,Low Risk
TCU-00283,Francistown,LO019,Business Loan,65,Student,3320.0,120100.0,13.36,12,10747.0,12,0.0,2024-01-09,3.237,746,0,13.7,0,1,135501.0,Defaulted,137,3,,0.0,1,1,1,1,0,0,1.1282348043297252,2.0,36.174698795180724,0,1,5,0.928345923516236,Critical
TCU-00284,Gaborone Main,LO004,Personal Loan,35,Pensioner,9139.0,101800.0,22.45,60,2838.0,11,81840.0,2024-07-08,0.3105,719,1,8.0,0,0,0.0,Current,0,0,,0.0,0,2,0,0,0,0,0.0,0.31053725790567893,11.139074296969033,1,4,2,0.09645155243980705,Low Risk
TCU-00285,Maun,LO009,Business Loan,49,Student,4233.0,10500.0,14.52,12,945.0,9,2608.0,2024-09-21,0.2232,690,1,27.9,0,1,17183.0,Current,0,0,,0.0,0,2,0,1,0,0,1.6364761904761904,0.2232459248759745,2.4805102763997167,3,1,5,0.12038995014055391,Low Risk
TCU-00286,Selebi-Phikwe,LO009,Personal Loan,63,Government Employee,8593.0,92200.0,20.55,12,8565.0,1,73726.0,2025-05-24,0.9967,832,1,28.0,0,1,183487.0,Current,0,0,,0.0,0,0,1,0,0,0,1.9900976138828634,0.9967415338065868,10.729663679739323,4,4,1,0.23012783053764135,Medium Risk
TCU-00287,Selebi-Phikwe,LO013,Agriculture Loan,53,Farmer,12371.0,271400.0,8.55,72,4832.0,1,232352.0,2025-05-08,0.3906,604,0,9.4,0,0,0.0,Current,0,0,,0.0,0,3,0,0,1,0,0.0,0.3905908980680624,21.938404332713603,4,0,0,0.08648390460170013,Low Risk
TCU-00288,Selebi-Phikwe,LO010,Agriculture Loan,43,Government Employee,11453.0,354300.0,18.74,36,12941.0,4,310042.0,2025-02-03,1.1299,715,1,11.1,0,0,0.0,Late (30–89 days),42,1,Legal Notice,86792.0,1,2,1,0,1,0,0.0,1.1299222911027678,30.935126167816293,4,0,1,0.8533068525232466,Critical
TCU-00289,Selebi-Phikwe,LO003,Education Loan,37,Farmer,10721.0,310400.0,21.08,12,28914.0,12,0.0,2024-02-07,2.6969,687,1,6.7,0,1,744387.0,Late (30–89 days),77,1,SMS Sent,0.0,1,2,1,0,1,0,2.398153994845361,2.0,28.952523085533066,4,2,0,0.942469925199122,Critical
TCU-00290,Gaborone Main,LO016,Education Loan,31,Farmer,3550.0,21600.0,11.17,12,1911.0,7,8758.0,2024-11-10,0.5383,735,0,18.5,1,1,47298.0,Current,0,0,,0.0,0,2,1,1,0,0,2.189722222222222,0.5383098591549296,6.084507042253521,1,2,0,0.21034863732899656,Medium Risk
TCU-00291,Selebi-Phikwe,LO011,Agriculture Loan,26,Private Sector,22282.0,488000.0,17.43,24,24229.0,7,337185.0,2024-11-25,1.0874,850,1,10.4,0,1,734812.0,Current,0,0,,0.0,0,0,1,0,1,0,1.5057622950819671,1.0873799479400412,21.901086078448973,4,0,3,0.19473386861751382,Low Risk
TCU-00292,Francistown,LO004,Agriculture Loan,59,Government Employee,18412.0,12700.0,16.05,12,1153.0,12,0.0,2024-01-08,0.0626,759,0,19.7,2,1,27592.0,Current,0,0,,0.0,0,1,0,0,0,0,2.1725984251968504,0.06262220291114491,0.6897675429067999,0,0,1,0.1737207237315268,Low Risk
TCU-00293,Lobatse,LO015,Vehicle Loan,62,Self-Employed,12613.0,161100.0,17.74,72,3651.0,1,149618.0,2025-05-26,0.2895,850,0,12.9,0,1,399081.0,Current,0,0,,0.0,0,0,0,0,0,0,2.4772253258845436,0.289463252200111,12.772536272100215,2,5,4,0.09688449123046265,Low Risk
TCU-00294,Francistown,LO015,Agriculture Loan,56,Pensioner,7956.0,37900.0,20.85,72,927.0,2,34070.0,2025-04-30,0.1165,806,0,27.7,0,1,43824.0,Current,0,0,,0.0,0,0,0,0,0,0,1.1563060686015831,0.1165158371040724,4.763700351935646,0,0,2,0.08077519843991711,Low Risk
TCU-00295,Gaborone Main,LO002,Education Loan,51,Government Employee,10990.0,217300.0,10.3,24,10057.0,3,178521.0,2025-03-31,0.9151,749,1,10.1,1,1,210066.0,Current,0,0,,0.0,0,1,1,0,0,0,0.9667096180395767,0.9151046405823476,19.772520473157417,1,2,1,0.4578658832313184,High Risk
TCU-00296,Selebi-Phikwe,LO019,Vehicle Loan,36,Government Employee,8924.0,57300.0,17.95,24,2859.0,5,41099.0,2025-01-31,0.3204,752,1,6.2,0,1,78559.0,Current,0,0,,0.0,0,1,0,0,0,0,1.3710122164048866,0.32037203047960555,6.420887494397132,4,5,1,0.09113307298619176,Low Risk
TCU-00297,Selebi-Phikwe,LO014,Business Loan,29,Farmer,12124.0,74800.0,10.93,84,1278.0,12,60057.0,2024-06-23,0.1054,694,1,15.9,1,1,120049.0,Late (30–89 days),57,1,Home Visit,9727.0,1,2,0,0,0,0,1.604933155080214,0.10541075552622897,6.169580996370835,4,1,0,0.4581035328855571,High Risk
TCU-00298,Lobatse,LO005,Education Loan,59,Private Sector,27558.0,26900.0,23.86,72,706.0,1,22681.0,2025-05-31,0.0256,850,1,14.6,1,0,0.0,Current,0,0,,0.0,0,0,0,0,0,0,0.0,0.02561869511575586,0.9761230858552871,2,2,3,0.16532374263486685,Low Risk
TCU-00299,Selebi-Phikwe,LO007,Business Loan,22,Student,2754.0,56700.0,8.75,72,1015.0,7,44752.0,2024-11-08,0.3686,552,1,29.3,0,1,113135.0,Current,0,0,,0.0,0,4,0,1,0,0,1.995326278659612,0.3685548293391431,20.58823529411765,4,1,5,0.10555784121829621,Low Risk
TCU-00300,Gaborone Main,LO003,Vehicle Loan,67,Student,4627.0,8500.0,15.1,36,295.0,11,5715.0,2024-07-31,0.0638,756,0,26.5,1,1,20460.0,Current,0,0,,0.0,0,1,0,1,0,0,2.407058823529412,0.06375621352928464,1.837043440674303,1,5,5,0.2320824147128922,Medium Risk
TCU-00301,Lobatse,LO002,Home Loan,45,Farmer,7397.0,185700.0,17.19,84,3815.0,11,140525.0,2024-07-28,0.5157,681,1,22.3,1,0,0.0,Current,0,0,,0.0,0,2,1,0,0,0,0.0,0.5157496282276599,25.104772204947952,2,3,0,0.3312029413325361,Medium Risk
TCU-00302,Maun,LO017,Agriculture Loan,42,Self-Employed,19225.0,103200.0,15.51,60,2483.0,14,72832.0,2024-05-05,0.1292,850,1,24.8,2,1,147148.0,Current,0,0,,0.0,0,0,0,0,0,0,1.4258527131782945,0.12915474642392719,5.368010403120937,3,0,4,0.3228197567701204,Medium Risk
TCU-00303,Selebi-Phikwe,LO003,Personal Loan,26,Private Sector,15376.0,271900.0,9.69,24,12508.0,8,157123.0,2024-10-09,0.8135,782,0,28.6,0,1,532947.0,Current,0,0,,0.0,0,1,1,0,1,0,1.9600845899227657,0.8134755463059313,17.68340270551509,4,4,3,0.1781095310923736,Low Risk
TCU-00304,Maun,LO007,Personal Loan,63,Government Employee,8375.0,286600.0,16.55,36,10154.0,4,238656.0,2025-02-25,1.2124,793,1,23.7,0,0,0.0,Late (30–89 days),59,2,Letter Sent,57710.0,1,1,1,0,1,0,0.0,1.2124179104477613,34.22089552238806,3,4,1,0.8783074235900084,Critical
TCU-00305,Francistown,LO016,Home Loan,32,Self-Employed,38946.0,28400.0,13.97,48,776.0,12,20082.0,2024-06-19,0.0199,850,0,5.7,1,0,0.0,Current,0,0,,0.0,0,0,0,0,0,0,0.0,0.019925024392748934,0.7292148102500898,0,3,4,0.21377323209193566,Medium Risk
TCU-00306,Francistown,LO015,Home Loan,42,Pensioner,6218.0,86700.0,18.82,36,3170.0,13,50181.0,2024-05-31,0.5098,765,1,5.3,0,0,0.0,Current,0,0,,0.0,0,1,1,0,0,0,0.0,0.5098102283692506,13.943390157606947,0,3,2,0.19464699011464626,Low Risk
TCU-00307,Francistown,LO001,Agriculture Loan,51,Self-Employed,23661.0,325400.0,13.08,36,10977.0,13,201644.0,2024-05-30,0.4639,850,0,3.8,0,1,635381.0,Late (30–89 days),69,1,SMS Sent,42646.0,1,0,1,0,1,0,1.9526152427781192,0.46392798275643465,13.752588647986137,0,0,4,0.5329124951448525,High Risk
TCU-00308,Lobatse,LO007,Education Loan,42,Government Employee,16949.0,384700.0,11.53,12,34096.0,3,274549.0,2025-04-01,2.0117,675,4,29.3,0,1,702228.0,Late (30–89 days),72,2,,54742.0,1,2,1,0,1,0,1.8253912139329347,2.0,22.6975042775385,2,2,1,0.8569962080108098,Critical
TCU-00309,Selebi-Phikwe,LO012,Personal Loan,49,Self-Employed,14247.0,343400.0,22.05,12,32149.0,10,54897.0,2024-08-08,2.2565,619,2,9.0,1,0,0.0,Current,0,0,,0.0,0,3,1,0,1,0,0.0,2.0,24.10331999719239,4,4,4,0.5349068460386767,High Risk
TCU-00310,Gaborone Main,LO005,Business Loan,59,Pensioner,5819.0,147800.0,13.7,60,3416.0,5,116958.0,2025-01-19,0.587,796,1,27.5,0,0,0.0,Current,0,0,,0.0,0,1,1,0,0,0,0.0,0.5870424471558687,25.39955318783296,1,1,2,0.16369112621098114,Low Risk
TCU-00311,Maun,LO018,Vehicle Loan,33,Farmer,3507.0,123000.0,13.21,60,2812.0,2,105069.0,2025-04-19,0.8018,665,0,19.4,0,1,237643.0,Late (30–89 days),88,1,Letter Sent,11254.0,1,3,1,1,0,0,1.9320569105691057,0.8018249215854006,35.07271171941831,3,5,0,0.7701940093740943,Critical
TCU-00312,Lobatse,LO012,Education Loan,53,Government Employee,16168.0,119200.0,19.13,72,2795.0,14,86994.0,2024-05-02,0.1729,790,2,1.0,0,0,0.0,Current,0,0,,0.0,0,1,0,0,0,1,0.0,0.17287234042553193,7.372587827808016,2,2,1,0.12218395750022427,Low Risk
TCU-00313,Gaborone Main,LO009,Home Loan,44,Private Sector,16068.0,181200.0,12.99,60,4122.0,15,125990.0,2024-03-19,0.2565,808,0,22.7,0,0,0.0,Current,0,0,,0.0,0,0,0,0,0,0,0.0,0.2565347274085138,11.277072442120986,1,3,3,0.08125616334842414,Low Risk
TCU-00314,Maun,LO004,Education Loan,65,Student,3530.0,6800.0,16.53,36,241.0,1,6028.0,2025-05-11,0.0683,683,3,5.3,0,1,15053.0,Current,0,0,,0.0,0,2,0,1,0,0,2.2136764705882355,0.06827195467422097,1.9263456090651558,3,2,5,0.20961614682073987,Medium Risk
TCU-00315,Lobatse,LO004,Vehicle Loan,55,Pensioner,6763.0,82600.0,22.81,48,2639.0,6,64812.0,2024-12-22,0.3902,661,3,18.1,1,1,165763.0,Defaulted,150,6,,29679.0,1,3,0,0,0,0,2.00681598062954,0.3902114446251663,12.213514712405738,2,5,2,0.6123817080237735,High Risk
TCU-00316,Francistown,LO010,Business Loan,31,Student,2234.0,47800.0,20.33,12,4435.0,12,0.0,2024-03-20,1.9852,724,1,13.2,0,1,91854.0,Late (30–89 days),88,2,Letter Sent,0.0,1,2,1,1,0,0,1.92163179916318,1.9852282900626679,21.396598030438675,0,1,5,0.9464070614830123,Critical
TCU-00317,Gaborone Main,LO004,Education Loan,64,Government Employee,11492.0,96500.0,13.95,12,8662.0,12,0.0,2024-05-29,0.7537,850,0,5.2,0,0,0.0,Current,0,0,,0.0,0,0,1,0,0,0,0.0,0.7537417333797425,8.397145840584754,1,2,1,0.3814746763859248,Medium Risk
TCU-00318,Lobatse,LO007,Agriculture Loan,59,Government Employee,11256.0,225300.0,16.83,72,4991.0,14,179429.0,2024-04-11,0.4434,734,3,25.6,0,0,0.0,Current,0,0,,0.0,0,2,1,0,0,0,0.0,0.44340796019900497,20.01599147121535,2,0,1,0.11051387252078605,Low Risk
TCU-00319,Selebi-Phikwe,LO007,Education Loan,44,Farmer,5731.0,90700.0,10.42,12,7992.0,12,0.0,2024-05-19,1.3945,669,2,2.9,0,1,143016.0,Late (30–89 days),83,2,Home Visit,0.0,1,3,1,0,0,0,1.5768026460859978,1.3945210259989531,15.826208340603735,4,2,0,0.9056709515827867,Critical
TCU-00320,Francistown,LO003,Vehicle Loan,40,Farmer,14269.0,9500.0,18.95,72,222.0,14,6960.0,2024-04-17,0.0156,816,1,20.5,0,1,18825.0,Current,0,0,,0.0,0,0,0,0,0,0,1.981578947368421,0.01555820309762422,0.6657789613848203,0,5,0,0.13140067599831923,Low Risk
TCU-00321,Maun,LO007,Home Loan,32,Government Employee,11404.0,198400.0,12.11,48,5235.0,1,173243.0,2025-05-26,0.459,716,0,23.8,0,1,319207.0,Current,0,0,,0.0,0,2,1,0,0,0,1.60890625,0.4590494563311119,17.397404419501928,3,3,1,0.058230040445969744,Low Risk
TCU-00322,Selebi-Phikwe,LO004,Personal Loan,39,Private Sector,12017.0,227700.0,10.59,12,20081.0,12,0.0,2024-02-24,1.671,677,1,1.3,0,0,0.0,Late (30–89 days),69,1,,0.0,1,2,1,0,1,1,0.0,1.6710493467587584,18.948156777897978,4,4,3,0.9581685803275732,Critical
TCU-00323,Selebi-Phikwe,LO007,Home Loan,55,Farmer,10945.0,88600.0,13.83,84,1652.0,17,70166.0,2024-01-19,0.1509,837,3,11.8,0,1,140113.0,Current,0,0,,0.0,0,0,0,0,0,0,1.581410835214447,0.1509365006852444,8.095020557332115,4,3,0,0.1498547054191247,Low Risk
TCU-00324,Francistown,LO016,Vehicle Loan,41,Student,1971.0,38800.0,10.2,72,723.0,1,36310.0,2025-05-17,0.3668,670,1,17.4,0,0,0.0,Current,0,0,,0.0,0,2,0,1,0,0,0.0,0.3668188736681887,19.685438863521057,0,5,5,0.24850432568977202,Medium Risk
TCU-00325,Maun,LO010,Home Loan,46,Pensioner,4369.0,23000.0,14.18,84,433.0,17,17699.0,2024-01-28,0.0991,650,1,29.8,0,1,27949.0,Current,0,0,,0.0,0,3,0,1,0,0,1.2151739130434782,0.09910734721904325,5.2643625543602655,3,3,2,0.08324016035954675,Low Risk
TCU-00326,Maun,LO004,Home Loan,66,Government Employee,10886.0,17600.0,18.7,48,523.0,3,14685.0,2025-03-07,0.048,755,1,17.8,3,1,25758.0,Current,0,0,,0.0,0,1,0,0,0,0,1.4635227272727274,0.048043358442035645,1.6167554657358074,3,3,1,0.24690818007422746,Medium Risk
TCU-00327,Maun,LO016,Education Loan,65,Private Sector,25475.0,87500.0,13.14,48,2353.0,11,62358.0,2024-07-25,0.0924,850,2,16.3,0,1,218189.0,Current,0,0,,0.0,0,0,0,0,0,0,2.4935885714285715,0.09236506378802747,3.434739941118744,3,2,3,0.12600045208468325,Low Risk
TCU-00328,Lobatse,LO004,Education Loan,27,Student,2679.0,31900.0,15.87,24,1560.0,6,23192.0,2024-12-21,0.5823,550,1,9.4,1,1,54801.0,Current,0,0,,0.0,0,4,1,1,0,0,1.7178996865203762,0.5823068309070548,11.90742814483016,2,2,5,0.3962161780191931,Medium Risk
TCU-00329,Lobatse,LO006,Personal Loan,51,Student,3697.0,25200.0,16.24,72,550.0,2,21810.0,2025-04-23,0.1488,624,3,27.3,2,0,0.0,Defaulted,192,8,Called,13263.0,1,3,0,1,0,0,0.0,0.14876927238301324,6.816337571003516,2,4,5,0.774794316408714,Critical
TCU-00330,Maun,LO014,Vehicle Loan,31,Student,2615.0,11700.0,11.66,48,306.0,9,9255.0,2024-09-30,0.117,560,1,8.1,0,1,11619.0,Current,0,0,,0.0,0,4,0,1,0,0,0.9930769230769231,0.11701720841300191,4.474187380497132,3,5,5,0.25098287268601394,Medium Risk
TCU-00331,Lobatse,LO014,Vehicle Loan,51,Farmer,10763.0,27100.0,10.61,36,882.0,8,19999.0,2024-10-11,0.0819,818,4,14.8,0,0,0.0,Current,0,0,,0.0,0,0,0,0,0,0,0.0,0.08194741243147821,2.5178853479513146,2,5,0,0.11546455523303675,Low Risk
TCU-00332,Gaborone Main,LO013,Agriculture Loan,48,Self-Employed,34339.0,287600.0,16.25,12,26128.0,9,66469.0,2024-09-14,0.7609,850,0,18.2,1,1,637025.0,Current,0,0,,0.0,0,0,1,0,1,0,2.214968706536857,0.7608841259209645,8.375316695302716,1,0,4,0.2619412306024642,Medium Risk
TCU-00333,Francistown,LO004,Business Loan,49,Private Sector,11139.0,102500.0,21.87,12,9587.0,1,87383.0,2025-05-17,0.8607,756,1,14.5,0,1,218660.0,Current,0,0,,0.0,0,1,1,0,0,0,2.133268292682927,0.8606697190052967,9.201903222910495,0,1,3,0.24075624739049972,Medium Risk
TCU-00334,Lobatse,LO002,Agriculture Loan,41,Government Employee,19258.0,346900.0,20.73,24,17780.0,9,202266.0,2024-09-16,0.9233,802,0,28.8,0,0,0.0,Current,0,0,,0.0,0,0,1,0,1,0,0.0,0.9232526742133139,18.013293176861563,2,0,1,0.3878259166735538,Medium Risk
TCU-00335,Selebi-Phikwe,LO009,Home Loan,46,Government Employee,9534.0,97200.0,11.76,24,4565.0,3,80347.0,2025-03-25,0.4788,817,1,1.5,1,0,0.0,Current,0,0,,0.0,0,0,1,0,0,1,0.0,0.4788126704426264,10.195091252359974,4,3,1,0.37948352729142437,Medium Risk
TCU-00336,Selebi-Phikwe,LO004,Business Loan,43,Student,3945.0,45200.0,17.83,84,946.0,7,38035.0,2024-11-30,0.2398,611,0,2.0,0,0,0.0,Current,0,0,,0.0,0,3,0,1,0,0,0.0,0.23979721166032952,11.457541191381496,4,1,5,0.26603442127973753,Medium Risk
TCU-00337,Maun,LO019,Personal Loan,62,Self-Employed,7990.0,121100.0,20.4,72,2929.0,13,96957.0,2024-05-13,0.3666,718,0,14.6,1,1,238409.0,Current,0,0,,0.0,0,2,0,0,0,0,1.96869529314616,0.36658322903629537,15.156445556946183,3,4,4,0.14971991550037486,Low Risk
TCU-00338,Francistown,LO013,Vehicle Loan,48,Self-Employed,38011.0,116100.0,23.2,60,3286.0,10,95398.0,2024-08-22,0.0864,850,4,6.3,1,1,172032.0,Late (30–89 days),35,2,Legal Notice,13597.0,1,0,0,0,0,0,1.4817571059431525,0.08644865959853727,3.0543789955539187,0,5,4,0.3437320662433476,Medium Risk
TCU-00339,Lobatse,LO014,Vehicle Loan,29,Government Employee,22063.0,116100.0,11.65,84,2028.0,9,92589.0,2024-09-29,0.0919,802,3,18.2,3,1,226537.0,Late (30–89 days),39,1,Letter Sent,15976.0,1,0,0,0,0,0,1.951223083548665,0.09191859674568281,5.2622036894348,2,5,1,0.6937880904691103,High Risk
TCU-00340,Selebi-Phikwe,LO008,Home Loan,37,Pensioner,7497.0,27300.0,15.77,84,539.0,7,24929.0,2024-11-27,0.0719,706,0,6.8,0,1,49556.0,Early (1–29 days),8,1,,0.0,0,2,0,0,0,0,1.8152380952380953,0.0718954248366013,3.641456582633053,4,3,2,0.07602140985792354,Low Risk
TCU-00341,Lobatse,LO020,Agriculture Loan,52,Self-Employed,30937.0,110800.0,18.1,36,4011.0,4,93632.0,2025-02-08,0.1297,850,0,5.8,0,1,152527.0,Current,0,0,,0.0,0,0,0,0,0,0,1.3765974729241877,0.12965058021139736,3.5814720237902833,2,0,4,0.11281318678228286,Low Risk
TCU-00342,Maun,LO004,Home Loan,49,Private Sector,7060.0,102800.0,21.44,72,2549.0,5,94603.0,2025-01-04,0.361,818,0,26.4,0,0,0.0,Current,0,0,,0.0,0,0,0,0,0,0,0.0,0.3610481586402266,14.560906515580736,3,3,3,0.0778763082683762,Low Risk
TCU-00343,Selebi-Phikwe,LO005,Education Loan,42,Student,4486.0,128700.0,9.32,24,5899.0,16,37944.0,2024-02-25,1.315,730,2,13.4,3,0,0.0,Defaulted,272,11,Home Visit,23462.0,1,2,1,1,0,0,0.0,1.3149799375835933,28.68925546143558,4,2,5,0.8853260685263943,Critical
TCU-00344,Francistown,LO004,Home Loan,29,Student,1828.0,18400.0,11.11,60,401.0,8,14902.0,2024-10-06,0.2194,642,1,6.8,3,1,38707.0,Defaulted,129,6,,11113.0,1,3,0,1,0,0,2.103641304347826,0.21936542669584244,10.065645514223196,0,3,5,0.7849219589366436,Critical
TCU-00345,Gaborone Main,LO010,Agriculture Loan,28,Self-Employed,39328.0,189900.0,22.9,12,17856.0,7,69081.0,2024-11-27,0.454,850,1,13.9,2,0,0.0,Defaulted,112,12,Letter Sent,57192.0,1,0,1,0,0,0,0.0,0.45402766476810413,4.828620829943043,1,0,4,0.7204326662258126,Critical
TCU-00346,Lobatse,LO005,Business Loan,68,Student,4521.0,55800.0,20.87,72,1365.0,15,41174.0,2024-03-13,0.3019,792,1,3.2,0,1,117765.0,Late (30–89 days),43,1,Home Visit,8116.0,1,1,0,1,0,0,2.110483870967742,0.30192435301924353,12.342402123424021,2,1,5,0.4599090284591331,High Risk
TCU-00347,Francistown,LO004,Home Loan,40,Student,3218.0,72500.0,13.31,72,1467.0,13,53698.0,2024-05-14,0.4559,715,0,13.6,0,1,131992.0,Current,0,0,,0.0,0,2,1,1,0,0,1.8205793103448276,0.45587321317588564,22.529521441889372,0,3,5,0.12318301480252859,Low Risk
TCU-00348,Selebi-Phikwe,LO003,Personal Loan,33,Farmer,9160.0,293100.0,18.54,72,6775.0,12,241710.0,2024-06-07,0.7396,746,1,19.6,0,1,273935.0,Current,0,0,,0.0,0,1,1,0,1,0,0.9346127601501194,0.7396288209606987,31.997816593886462,4,4,0,0.22382446770302336,Medium Risk
TCU-00349,Francistown,LO017,Vehicle Loan,65,Self-Employed,14637.0,20000.0,9.2,12,1751.0,3,13679.0,2025-03-11,0.1196,738,2,11.0,0,0,0.0,Current,0,0,,0.0,0,2,0,0,0,0,0.0,0.11962833914053426,1.366400218624035,0,5,4,0.10714996301159074,Low Risk
TCU-00350,Gaborone Main,LO003,Vehicle Loan,33,Farmer,13521.0,182400.0,15.55,72,3912.0,2,167327.0,2025-04-05,0.2893,778,0,29.0,1,1,203312.0,Current,0,0,,0.0,0,1,0,0,0,0,1.1146491228070174,0.2893277124473042,13.490126469935655,1,5,0,0.14005421203190677,Low Risk
TCU-00351,Lobatse,LO001,Personal Loan,28,Farmer,7739.0,65100.0,15.63,48,1833.0,1,57077.0,2025-05-13,0.2369,721,1,28.9,0,0,0.0,Current,0,0,,0.0,0,2,0,0,0,0,0.0,0.23685230649954775,8.41193952707068,2,4,0,0.10153613982764112,Low Risk
TCU-00352,Francistown,LO001,Business Loan,23,Student,3184.0,17100.0,21.55,84,396.0,11,12824.0,2024-07-14,0.1244,557,2,4.9,0,1,39913.0,Current,0,0,,0.0,0,4,0,1,0,0,2.334093567251462,0.12437185929648241,5.3706030150753765,0,1,5,0.2361976293533823,Medium Risk
TCU-00353,Lobatse,LO008,Business Loan,23,Farmer,6538.0,110300.0,13.67,12,9886.0,3,82470.0,2025-03-18,1.5121,724,1,16.9,0,1,179389.0,Late (30–89 days),73,2,SMS Sent,13028.0,1,2,1,0,0,0,1.6263735267452402,1.5120832058733558,16.870602630773938,2,1,0,0.8724981231372482,Critical
TCU-00354,Selebi-Phikwe,LO019,Home Loan,55,Government Employee,17405.0,246000.0,22.28,12,23057.0,1,212738.0,2025-05-21,1.3247,760,1,13.7,0,1,500501.0,Late (30–89 days),62,1,,52528.0,1,1,1,0,1,0,2.0345569105691057,1.3247342717609882,14.133869577707555,4,3,1,0.9390259675437441,Critical
TCU-00355,Selebi-Phikwe,LO005,Home Loan,43,Pensioner,8338.0,93500.0,23.09,72,2410.0,5,84344.0,2025-01-03,0.289,760,1,8.8,1,0,0.0,Current,0,0,,0.0,0,1,0,0,0,0,0.0,0.2890381386423603,11.213720316622691,4,3,2,0.27265032922218413,Medium Risk
TCU-00356,Selebi-Phikwe,LO010,Business Loan,28,Farmer,5513.0,6300.0,22.15,36,241.0,12,3680.0,2024-06-11,0.0437,556,3,15.4,1,1,6261.0,Current,0,0,,0.0,0,4,0,0,0,0,0.9938095238095238,0.04371485579539271,1.1427534917467803,4,1,0,0.16868451680740265,Low Risk
TCU-00357,Gaborone Main,LO018,Home Loan,43,Self-Employed,36267.0,437500.0,17.87,12,40083.0,12,0.0,2024-02-21,1.1052,850,2,3.8,0,0,0.0,Current,0,0,,0.0,0,0,1,0,1,0,0.0,1.105219621143188,12.06330824165219,1,3,4,0.27096985594392914,Medium Risk
TCU-00358,Gaborone Main,LO006,Agriculture Loan,24,Pensioner,4708.0,36200.0,19.79,72,863.0,3,33453.0,2025-03-28,0.1833,676,1,26.2,0,1,79371.0,Current,0,0,,0.0,0,2,0,1,0,0,2.1925690607734807,0.18330501274426508,7.689039932030586,1,0,2,0.091504720619288,Low Risk
TCU-00359,Selebi-Phikwe,LO011,Home Loan,22,Private Sector,18121.0,104800.0,20.2,36,3905.0,9,68597.0,2024-09-08,0.2155,782,0,24.2,0,1,165571.0,Current,0,0,,0.0,0,1,0,0,0,0,1.5798759541984733,0.21549583356326912,5.783345289995033,4,3,3,0.12106211914292439,Low Risk
TCU-00360,Francistown,LO001,Agriculture Loan,23,Farmer,12675.0,47000.0,13.38,84,865.0,12,36866.0,2024-06-17,0.0682,665,0,1.6,2,1,83507.0,Current,0,0,,0.0,0,3,0,0,0,1,1.7767446808510639,0.06824457593688363,3.7080867850098618,0,0,0,0.33077629556827154,Medium Risk
TCU-00361,Selebi-Phikwe,LO013,Agriculture Loan,55,Self-Employed,29228.0,362200.0,13.36,36,12267.0,17,186201.0,2024-01-09,0.4197,850,0,12.4,0,0,0.0,Current,0,0,,0.0,0,0,0,0,1,0,0.0,0.419700287395648,12.392226631996715,4,0,4,0.07916965832521475,Low Risk
TCU-00362,Selebi-Phikwe,LO007,Home Loan,44,Student,1795.0,25000.0,19.64,24,1268.0,8,14701.0,2024-10-17,0.7064,613,1,9.7,0,0,0.0,Defaulted,222,6,Letter Sent,11386.0,1,3,1,1,0,0,0.0,0.7064066852367687,13.927576601671309,4,3,5,0.7278488159348891,Critical
TCU-00363,Lobatse,LO004,Agriculture Loan,68,Farmer,3719.0,61200.0,13.99,12,5495.0,12,0.0,2024-05-07,1.4775,723,0,7.5,1,0,0.0,Current,0,0,,0.0,0,2,1,1,0,0,0.0,1.4775477278838398,16.456036568970152,2,0,0,0.43230810066202224,Medium Risk
TCU-00364,Maun,LO010,Home Loan,60,Private Sector,22006.0,288500.0,10.67,48,7410.0,9,202945.0,2024-09-10,0.3367,850,1,6.2,1,1,302677.0,Current,0,0,,0.0,0,0,0,0,1,0,1.0491403812824958,0.33672634735981094,13.110060892483869,3,3,3,0.16690400344384249,Low Risk
TCU-00365,Selebi-Phikwe,LO007,Vehicle Loan,49,Private Sector,7874.0,118300.0,17.16,84,2429.0,4,110504.0,2025-02-08,0.3085,659,4,20.8,2,0,0.0,Late (30–89 days),62,1,Home Visit,24443.0,1,3,0,0,0,0,0.0,0.3084836169672339,15.024130048260096,4,5,3,0.7037322848357483,Critical
TCU-00366,Lobatse,LO017,Personal Loan,30,Student,3931.0,8500.0,10.93,60,185.0,5,7700.0,2025-01-13,0.0471,612,0,25.6,0,1,10985.0,Current,0,0,,0.0,0,3,0,1,0,0,1.2923529411764705,0.047061816331722205,2.162299669295345,2,4,5,0.17365524214671793,Low Risk
TCU-00367,Maun,LO016,Personal Loan,45,Self-Employed,32483.0,296900.0,9.25,36,9476.0,8,203751.0,2024-10-17,0.2917,850,0,10.8,1,1,526760.0,Current,0,0,,0.0,0,0,0,0,1,0,1.7742000673627485,0.2917218237231783,9.140165625096204,3,4,4,0.11454561598610914,Low Risk
TCU-00368,Lobatse,LO005,Business Loan,52,Student,3267.0,44800.0,15.46,84,876.0,7,35457.0,2024-11-29,0.2681,629,1,18.9,0,0,0.0,Late (30–89 days),72,2,,10069.0,1,3,0,1,0,0,0.0,0.2681359044995409,13.712886440159167,2,1,5,0.3841446850699078,Medium Risk
TCU-00369,Gaborone Main,LO019,Agriculture Loan,27,Private Sector,25108.0,282700.0,10.42,60,6065.0,15,186341.0,2024-03-28,0.2416,803,0,17.3,0,1,657184.0,Current,0,0,,0.0,0,0,0,0,1,0,2.324669260700389,0.24155647602357813,11.259359566671977,1,0,3,0.08464836042261543,Low Risk
TCU-00370,Francistown,LO008,Agriculture Loan,23,Self-Employed,34201.0,46900.0,16.77,36,1667.0,4,39118.0,2025-02-15,0.0487,850,1,28.0,0,1,39438.0,Current,0,0,,0.0,0,0,0,0,0,0,0.8408955223880596,0.04874126487529604,1.3713049326043099,0,0,4,0.07022785481945136,Low Risk
TCU-00371,Francistown,LO010,Business Loan,28,Pensioner,5096.0,35400.0,23.26,72,916.0,12,25336.0,2024-06-22,0.1797,699,2,9.3,0,1,82061.0,Current,0,0,,0.0,0,2,0,0,0,0,2.3181073446327685,0.17974882260596547,6.946624803767661,0,1,2,0.11854578290386446,Low Risk
TCU-00372,Francistown,LO020,Education Loan,25,Private Sector,11676.0,181000.0,23.22,36,7027.0,16,90274.0,2024-03-03,0.6018,713,1,2.4,0,0,0.0,Late (30–89 days),65,1,Legal Notice,14586.0,1,2,1,0,0,0,0.0,0.6018328194587187,15.501884206920177,0,2,3,0.5985539879337002,High Risk
TCU-00373,Maun,LO019,Vehicle Loan,63,Private Sector,16704.0,252700.0,20.63,24,12939.0,5,186264.0,2025-01-17,0.7746,850,4,28.9,0,1,551264.0,Current,0,0,,0.0,0,0,1,0,1,0,2.181495844875346,0.7746048850574713,15.128113026819923,3,5,3,0.1954756155014723,Low Risk
TCU-00374,Gaborone Main,LO016,Home Loan,32,Government Employee,18164.0,193200.0,13.95,72,3976.0,10,156014.0,2024-08-05,0.2189,840,1,1.8,1,0,0.0,Current,0,0,,0.0,0,0,0,0,0,1,0.0,0.21889451662629378,10.636423695221318,1,3,1,0.11959916562716696,Low Risk
TCU-00375,Lobatse,LO009,Vehicle Loan,30,Student,2238.0,55200.0,22.2,36,2114.0,9,41274.0,2024-09-24,0.9446,625,1,10.0,0,0,0.0,Current,0,0,,0.0,0,3,1,1,0,0,0.0,0.9445933869526363,24.664879356568363,2,5,5,0.5758934645628705,High Risk
TCU-00376,Selebi-Phikwe,LO001,Personal Loan,22,Pensioner,8036.0,193900.0,19.4,84,4236.0,4,171873.0,2025-02-06,0.5271,634,2,19.6,0,1,429400.0,Current,0,0,,0.0,0,3,1,0,0,0,2.2145435791645176,0.5271279243404678,24.128919860627178,4,4,2,0.0851642663025711,Low Risk
TCU-00377,Maun,LO013,Business Loan,46,Pensioner,9035.0,366500.0,10.43,36,11900.0,11,233309.0,2024-07-16,1.3171,740,0,27.7,0,1,675405.0,Current,0,0,,0.0,0,1,1,0,1,0,1.8428512960436563,1.3171001660210293,40.5644714997233,3,1,2,0.42707134409654995,Medium Risk
TCU-00378,Gaborone Main,LO009,Vehicle Loan,53,Self-Employed,36562.0,108500.0,11.54,84,1889.0,4,89553.0,2025-02-09,0.0517,850,0,15.3,0,1,223074.0,Current,0,0,,0.0,0,0,0,0,0,0,2.0559815668202766,0.051665663803949456,2.9675619495651224,1,5,4,0.08170193939081359,Low Risk
TCU-00379,Gaborone Main,LO005,Home Loan,59,Private Sector,28406.0,441100.0,19.8,36,16348.0,11,299320.0,2024-07-15,0.5755,850,1,18.6,0,0,0.0,Defaulted,308,3,Letter Sent,234738.0,1,0,1,0,1,0,0.0,0.5755122157290713,15.528409490952615,1,3,3,0.525026999428473,High Risk
TCU-00380,Maun,LO004,Agriculture Loan,49,Farmer,9220.0,144700.0,9.17,72,2621.0,10,106790.0,2024-08-17,0.2843,769,3,16.2,0,1,198094.0,Current,0,0,,0.0,0,1,0,0,0,0,1.3689979267449897,0.28427331887201734,15.6941431670282,3,0,0,0.12270813638996714,Low Risk
TCU-00381,Selebi-Phikwe,LO003,Business Loan,36,Student,2189.0,8000.0,18.19,12,734.0,1,6708.0,2025-05-06,0.3353,755,3,25.3,0,1,19440.0,Current,0,0,,0.0,0,1,0,1,0,0,2.43,0.3353129282777524,3.6546368204659663,4,1,5,0.15595743379578259,Low Risk
TCU-00382,Lobatse,LO020,Vehicle Loan,37,Government Employee,20990.0,291600.0,9.83,12,25613.0,12,0.0,2024-02-04,1.2202,850,3,21.0,1,1,631039.0,Defaulted,311,4,SMS Sent,0.0,1,0,1,0,1,0,2.164056927297668,1.2202477370176275,13.892329680800382,2,5,1,0.8329163841211039,Critical
TCU-00383,Maun,LO013,Vehicle Loan,57,Government Employee,9629.0,91500.0,17.79,72,2076.0,17,64165.0,2024-01-11,0.2156,704,1,3.5,0,0,0.0,Current,0,0,,0.0,0,2,0,0,0,0,0.0,0.21559871222349153,9.50254439713366,3,5,1,0.12944644135659328,Low Risk
TCU-00384,Gaborone Main,LO020,Agriculture Loan,28,Government Employee,9148.0,75600.0,17.38,72,1698.0,9,59754.0,2024-09-19,0.1856,717,1,18.8,0,1,66144.0,Current,0,0,,0.0,0,2,0,0,0,0,0.8749206349206349,0.18561434193266288,8.264101442938347,1,0,1,0.09472378827226942,Low Risk
TCU-00385,Maun,LO019,Education Loan,63,Self-Employed,31918.0,157800.0,13.81,36,5379.0,17,77258.0,2024-01-09,0.1685,850,0,24.7,0,1,218472.0,Current,0,0,,0.0,0,0,0,0,0,0,1.384486692015209,0.16852559684190738,4.943918791904255,3,2,4,0.09087014949268285,Low Risk
TCU-00386,Francistown,LO016,Agriculture Loan,26,Self-Employed,28906.0,347700.0,21.71,60,9546.0,6,294910.0,2024-12-09,0.3302,850,1,5.3,0,0,0.0,Early (1–29 days),8,1,,0.0,0,0,0,0,1,0,0.0,0.3302428561544316,12.028644572061165,0,0,4,0.08622503793325378,Low Risk
TCU-00387,Selebi-Phikwe,LO020,Business Loan,66,Private Sector,11736.0,430000.0,13.64,72,8778.0,5,352441.0,2025-01-19,0.748,850,0,2.7,0,1,556411.0,Current,0,0,,0.0,0,0,1,0,1,0,1.2939790697674418,0.7479550102249489,36.639400136332654,4,1,3,0.2051012081293974,Medium Risk
TCU-00388,Francistown,LO007,Home Loan,24,Government Employee,10960.0,347100.0,13.77,60,8035.0,9,258681.0,2024-09-08,0.7331,850,0,25.4,2,1,677424.0,Current,0,0,,0.0,0,0,1,0,1,0,1.9516681071737252,0.7331204379562044,31.669708029197082,0,3,1,0.2718491751364156,Medium Risk
TCU-00389,Selebi-Phikwe,LO008,Home Loan,35,Self-Employed,33142.0,470900.0,23.65,60,13451.0,3,439194.0,2025-03-20,0.4059,850,3,23.9,0,1,676323.0,Current,0,0,,0.0,0,0,0,0,1,0,1.4362348693990232,0.4058596343008871,14.208557117856497,4,3,4,0.08227332598057903,Low Risk
TCU-00390,Lobatse,LO007,Education Loan,24,Pensioner,5765.0,28500.0,18.26,36,1034.0,13,17803.0,2024-05-09,0.1794,675,4,26.6,0,1,45604.0,Current,0,0,,0.0,0,2,0,0,0,0,1.600140350877193,0.17935819601040764,4.943625325238508,2,2,2,0.07259354987067375,Low Risk
TCU-00391,Maun,LO016,Education Loan,63,Pensioner,6786.0,63000.0,19.26,72,1482.0,1,57221.0,2025-05-21,0.2184,675,2,19.7,0,0,0.0,Current,0,0,,0.0,0,2,0,0,0,0,0.0,0.21839080459770116,9.283819628647215,3,2,2,0.18841345749234012,Low Risk
TCU-00392,Lobatse,LO006,Home Loan,49,Farmer,6054.0,69700.0,13.07,60,1588.0,6,55486.0,2024-12-26,0.2623,672,0,15.6,0,1,107008.0,Current,0,0,,0.0,0,2,0,0,0,0,1.5352654232424676,0.2623059134456558,11.513049223653782,2,3,0,0.1053628913932179,Low Risk
TCU-00393,Selebi-Phikwe,LO008,Home Loan,23,Private Sector,21489.0,45800.0,21.56,60,1254.0,15,33247.0,2024-03-21,0.0584,841,0,1.6,0,1,62275.0,Current,0,0,,0.0,0,0,0,0,0,1,1.35971615720524,0.058355437665782495,2.1313230024663783,4,3,3,0.09422846180015941,Low Risk
TCU-00394,Lobatse,LO005,Agriculture Loan,39,Private Sector,23756.0,9200.0,13.14,84,168.0,6,8265.0,2024-12-20,0.0071,850,1,12.5,0,0,0.0,Current,0,0,,0.0,0,0,0,0,0,0,0.0,0.00707189762586294,0.3872705842734467,2,0,3,0.13776095655690657,Low Risk
TCU-00395,Francistown,LO008,Agriculture Loan,31,Farmer,11990.0,182300.0,20.68,84,4123.0,2,170552.0,2025-04-24,0.3439,634,0,6.0,1,0,0.0,Current,0,0,,0.0,0,3,0,0,0,0,0.0,0.3438698915763136,15.204336947456213,0,0,0,0.17071763625808617,Low Risk
TCU-00396,Lobatse,LO005,Home Loan,45,Private Sector,28640.0,287600.0,21.43,36,10899.0,10,189614.0,2024-08-18,0.3806,850,1,12.4,1,1,389507.0,Defaulted,106,5,Letter Sent,88960.0,1,0,0,0,1,0,1.354335883171071,0.38055167597765366,10.041899441340782,2,3,3,0.5253707737221687,High Risk
TCU-00397,Lobatse,LO020,Education Loan,58,Student,4534.0,47800.0,14.55,60,1126.0,5,38482.0,2025-01-30,0.2483,777,1,26.9,0,1,83169.0,Current,0,0,,0.0,0,1,0,1,0,0,1.739937238493724,0.24834583149536832,10.54256726951919,2,2,5,0.1106214186001127,Low Risk
TCU-00398,Gaborone Main,LO013,Home Loan,33,Private Sector,10941.0,131400.0,15.55,36,4590.0,17,60735.0,2024-01-12,0.4195,780,3,12.6,0,1,224953.0,Current,0,0,,0.0,0,1,0,0,0,0,1.7119710806697108,0.4195228955305731,12.00987112695366,1,3,3,0.11644124019418121,Low Risk
TCU-00399,Francistown,LO010,Vehicle Loan,35,Private Sector,25630.0,83600.0,17.41,36,2998.0,11,53723.0,2024-07-26,0.117,850,0,4.7,0,1,181651.0,Current,0,0,,0.0,0,0,0,0,0,0,2.172858851674641,0.11697229808817791,3.2618025751072963,0,5,3,0.10261245235356134,Low Risk
TCU-00400,Lobatse,LO002,Agriculture Loan,51,Farmer,4093.0,133000.0,13.88,84,2484.0,8,109343.0,2024-10-31,0.6069,654,2,25.6,0,1,246070.0,Current,0,0,,0.0,0,3,1,1,0,0,1.8501503759398497,0.6068898118739311,32.494502809675055,2,0,0,0.28060153790149245,Medium Risk
TCU-00401,Gaborone Main,LO013,Agriculture Loan,66,Pensioner,9674.0,174400.0,12.74,72,3477.0,8,147271.0,2024-10-25,0.3594,850,3,27.3,0,0,0.0,Current,0,0,,0.0,0,0,0,0,0,0,0.0,0.3594169940045483,18.027703121769694,1,0,2,0.10953293960722506,Low Risk
TCU-00402,Selebi-Phikwe,LO015,Business Loan,54,Self-Employed,13100.0,185600.0,9.63,72,3404.0,2,163694.0,2025-04-17,0.2598,834,2,25.7,0,1,184665.0,Current,0,0,,0.0,0,0,0,0,0,0,0.9949622844827586,0.2598473282442748,14.16793893129771,4,1,4,0.10503938625996241,Low Risk
TCU-00403,Gaborone Main,LO003,Education Loan,53,Farmer,10884.0,182400.0,15.8,36,6395.0,12,106472.0,2024-06-14,0.5876,798,0,16.3,0,1,382694.0,Current,0,0,,0.0,0,1,1,0,0,0,2.0981030701754384,0.5875597206909224,16.758544652701215,1,2,0,0.1387733691073881,Low Risk
TCU-00404,Gaborone Main,LO018,Business Loan,35,Student,3047.0,28400.0,16.6,72,625.0,14,20787.0,2024-04-15,0.2051,659,0,2.0,0,0,0.0,Current,0,0,,0.0,0,3,0,1,0,0,0.0,0.2051197899573351,9.320643255661306,1,1,5,0.20207028273989888,Medium Risk
TCU-00405,Gaborone Main,LO001,Vehicle Loan,37,Private Sector,6671.0,69500.0,19.04,12,6406.0,10,11512.0,2024-08-13,0.9603,790,1,21.9,0,1,151966.0,Current,0,0,,0.0,0,1,1,0,0,0,2.1865611510791365,0.9602758207165343,10.418228151701394,1,5,3,0.3141933385619331,Medium Risk
TCU-00406,Selebi-Phikwe,LO004,Business Loan,56,Farmer,5565.0,28100.0,14.73,36,970.0,17,13472.0,2024-01-13,0.1743,788,1,2.4,1,0,0.0,Late (30–89 days),43,2,Legal Notice,2363.0,1,1,0,0,0,0,0.0,0.17430368373764601,5.049415992812219,4,1,0,0.4718071171563782,High Risk
TCU-00407,Lobatse,LO019,Business Loan,53,Government Employee,12283.0,64800.0,18.28,48,1913.0,13,42516.0,2024-05-16,0.1557,702,0,25.6,0,1,118876.0,Current,0,0,,0.0,0,2,0,0,0,0,1.8345061728395062,0.1557437108198323,5.275584140682244,2,1,1,0.11057091777814705,Low Risk
TCU-00408,Lobatse,LO001,Business Loan,36,Pensioner,4127.0,24500.0,12.16,48,647.0,9,18771.0,2024-09-06,0.1568,575,0,11.5,0,1,28113.0,Current,0,0,,0.0,0,4,0,1,0,0,1.147469387755102,0.15677247395202326,5.936515628786043,2,1,2,0.09286239386605968,Low Risk
TCU-00409,Maun,LO005,Home Loan,50,Student,2611.0,9000.0,20.77,48,278.0,8,7219.0,2024-10-22,0.1065,694,0,6.6,0,0,0.0,Current,0,0,,0.0,0,2,0,1,0,0,0.0,0.10647261585599387,3.4469551895825354,3,3,5,0.2010348867555603,Medium Risk
TCU-00410,Selebi-Phikwe,LO017,Home Loan,36,Pensioner,5101.0,16100.0,16.12,24,789.0,16,5072.0,2024-02-23,0.1547,775,0,6.5,0,0,0.0,Current,0,0,,0.0,0,1,0,0,0,0,0.0,0.15467555381297785,3.156243873750245,4,3,2,0.08778493939525625,Low Risk
TCU-00411,Selebi-Phikwe,LO010,Business Loan,27,Farmer,11660.0,46900.0,12.36,36,1566.0,2,44080.0,2025-04-04,0.1343,762,1,28.6,0,1,75050.0,Current,0,0,,0.0,0,1,0,0,0,0,1.6002132196162047,0.13430531732418524,4.02229845626072,4,1,0,0.10850665312366256,Low Risk
TCU-00412,Gaborone Main,LO013,Vehicle Loan,31,Farmer,13249.0,461200.0,17.73,24,22965.0,12,204910.0,2024-06-28,1.7333,850,1,13.9,0,0,0.0,Defaulted,159,10,Called,100011.0,1,0,1,0,1,0,0.0,1.7333383651596348,34.810174352781345,1,5,0,0.9112917515860006,Critical
TCU-00413,Lobatse,LO012,Vehicle Loan,22,Government Employee,14877.0,161400.0,20.0,48,4911.0,1,141629.0,2025-05-16,0.3301,771,3,29.8,0,0,0.0,Current,0,0,,0.0,0,1,0,0,0,0,0.0,0.3301068763863682,10.848961484170196,2,5,1,0.10312231190861952,Low Risk
TCU-00414,Lobatse,LO016,Agriculture Loan,68,Self-Employed,28786.0,327200.0,22.86,72,8389.0,9,253763.0,2024-09-09,0.2914,850,0,24.5,0,0,0.0,Current,0,0,,0.0,0,0,0,0,1,0,0.0,0.2914263878274161,11.366636559438616,2,0,4,0.09681608935212059,Low Risk
TCU-00415,Francistown,LO009,Business Loan,51,Student,3608.0,141300.0,8.69,84,2251.0,15,109877.0,2024-04-04,0.6239,746,1,27.1,0,1,214636.0,Current,0,0,,0.0,0,1,1,1,0,0,1.5190092002830857,0.6238913525498891,39.1629711751663,0,1,5,0.157834217615071,Low Risk
TCU-00416,Selebi-Phikwe,LO019,Home Loan,56,Student,4069.0,147400.0,21.98,12,13794.0,6,71646.0,2024-12-18,3.39,678,0,6.7,1,0,0.0,Defaulted,176,10,SMS Sent,28709.0,1,2,1,1,0,0,0.0,2.0,36.225116736298844,4,3,5,0.9645596835207413,Critical
TCU-00417,Lobatse,LO014,Agriculture Loan,66,Farmer,6460.0,35500.0,11.39,24,1661.0,11,17748.0,2024-07-21,0.2571,723,1,6.8,0,0,0.0,Current,0,0,,0.0,0,2,0,0,0,0,0.0,0.25712074303405574,5.495356037151703,2,0,0,0.09002622604495646,Low Risk
TCU-00418,Lobatse,LO004,Agriculture Loan,48,Farmer,4994.0,45700.0,12.79,36,1535.0,17,22620.0,2024-01-31,0.3074,701,1,20.3,0,1,94967.0,Defaulted,111,4,SMS Sent,11196.0,1,2,0,1,0,0,2.0780525164113786,0.30736884261113334,9.150981177412895,2,0,0,0.07895992909919376,Low Risk
TCU-00419,Lobatse,LO009,Vehicle Loan,46,Pensioner,6839.0,73700.0,14.25,36,2528.0,7,57738.0,2024-11-18,0.3696,799,0,2.2,0,1,71511.0,Current,0,0,,0.0,0,1,0,0,0,0,0.9702985074626865,0.36964468489545255,10.776429302529609,2,5,2,0.10136088574588953,Low Risk
TCU-00420,Lobatse,LO004,Education Loan,30,Government Employee,12751.0,387300.0,14.21,60,9054.0,2,347148.0,2025-05-01,0.7101,711,1,0.6,0,0,0.0,Current,0,0,,0.0,0,2,1,0,1,1,0.0,0.7100619559250255,30.374088306799468,2,2,1,0.4336666920831169,Medium Risk
TCU-00421,Selebi-Phikwe,LO008,Education Loan,42,Student,3196.0,99000.0,13.9,48,2700.0,14,67330.0,2024-04-12,0.8448,661,0,15.8,0,0,0.0,Late (30–89 days),80,1,,11805.0,1,3,1,1,0,0,0.0,0.8448060075093867,30.97622027534418,4,2,5,0.7692617349679753,Critical
TCU-00422,Francistown,LO015,Personal Loan,57,Farmer,8786.0,71100.0,11.14,72,1358.0,15,48735.0,2024-04-01,0.1546,795,4,1.4,2,1,103232.0,Current,0,0,,0.0,0,1,0,0,0,1,1.4519268635724332,0.15456407921693605,8.092419758707035,0,4,0,0.24060585848349497,Medium Risk
TCU-00423,Francistown,LO018,Agriculture Loan,64,Government Employee,20332.0,216100.0,22.02,60,5971.0,16,150011.0,2024-03-07,0.2937,819,2,11.8,0,0,0.0,Current,0,0,,0.0,0,0,0,0,0,0,0.0,0.2936749950816447,10.62856580759394,0,0,1,0.09342137030098584,Low Risk
TCU-00424,Gaborone Main,LO004,Personal Loan,29,Self-Employed,16249.0,98100.0,23.1,60,2771.0,5,78155.0,2025-01-11,0.1705,843,0,11.7,1,1,176884.0,Current,0,0,,0.0,0,0,0,0,0,0,1.803098878695209,0.1705335712966952,6.037294602744784,1,4,4,0.18727177619577934,Low Risk
TCU-00425,Francistown,LO017,Agriculture Loan,45,Student,3606.0,31500.0,16.84,48,906.0,7,23454.0,2024-11-19,0.2512,789,1,13.9,0,1,60830.0,Current,0,0,,0.0,0,1,0,1,0,0,1.931111111111111,0.2512479201331115,8.735440931780365,0,0,5,0.08538696049746979,Low Risk
TCU-00426,Gaborone Main,LO009,Agriculture Loan,41,Pensioner,7444.0,59700.0,13.02,48,1602.0,16,39687.0,2024-03-01,0.2152,672,0,24.9,0,0,0.0,Early (1–29 days),28,1,,0.0,0,2,0,0,0,0,0.0,0.21520687802256852,8.019881783987104,1,0,2,0.10538323407684003,Low Risk
TCU-00427,Selebi-Phikwe,LO010,Agriculture Loan,33,Farmer,13949.0,10200.0,14.58,48,282.0,2,9761.0,2025-04-29,0.0202,764,1,8.8,0,1,23007.0,Current,0,0,,0.0,0,1,0,0,0,0,2.2555882352941174,0.020216502975123663,0.7312352139938347,4,0,0,0.09437108679653029,Low Risk
TCU-00428,Maun,LO015,Agriculture Loan,59,Government Employee,10783.0,128700.0,13.01,24,6119.0,11,61537.0,2024-08-02,0.5675,722,2,22.2,0,0,0.0,Current,0,0,,0.0,0,2,1,0,0,0,0.0,0.5674673096540851,11.935453955300009,3,0,1,0.16070398993558627,Low Risk
TCU-00429,Selebi-Phikwe,LO006,Personal Loan,31,Farmer,4153.0,39200.0,9.31,60,820.0,6,33128.0,2024-12-12,0.1974,742,1,1.5,0,1,77207.0,Current,0,0,,0.0,0,1,0,1,0,1,1.9695663265306123,0.19744762822056344,9.438959788104984,4,4,0,0.11560447464188071,Low Risk
TCU-00430,Gaborone Main,LO015,Agriculture Loan,66,Student,2837.0,46700.0,8.68,12,4077.0,12,0.0,2024-03-25,1.4371,700,1,27.3,0,0,0.0,Late (30–89 days),74,1,Called,0.0,1,2,1,1,0,0,0.0,1.4370814240394783,16.46105040535777,1,0,5,0.5678099211960193,High Risk
TCU-00431,Selebi-Phikwe,LO010,Education Loan,46,Farmer,4503.0,77600.0,21.86,60,2137.0,11,57720.0,2024-07-08,0.4746,674,2,23.6,0,1,172516.0,Current,0,0,,0.0,0,2,1,1,0,0,2.223144329896907,0.4745725072174106,17.23295580723962,4,2,0,0.08527056972543803,Low Risk
TCU-00432,Gaborone Main,LO006,Education Loan,35,Student,3933.0,24200.0,13.37,12,2166.0,12,0.0,2024-05-11,0.5507,608,1,3.1,0,0,0.0,Defaulted,153,11,Legal Notice,0.0,1,3,1,1,0,0,0.0,0.5507246376811594,6.153063818967709,1,2,5,0.7510613024394847,Critical
TCU-00433,Gaborone Main,LO008,Home Loan,32,Farmer,3554.0,148500.0,13.05,60,3383.0,3,122873.0,2025-03-31,0.9519,603,3,29.9,0,1,292468.0,Late (30–89 days),32,1,Called,16639.0,1,3,1,1,0,0,1.9694814814814814,0.9518851997749015,41.78390545863815,1,3,0,0.8346371595875494,Critical
TCU-00434,Lobatse,LO007,Education Loan,30,Pensioner,6154.0,65600.0,9.65,36,2106.0,9,44638.0,2024-09-23,0.3422,680,3,12.3,0,1,99914.0,Early (1–29 days),24,1,,0.0,0,2,0,0,0,0,1.523079268292683,0.3422164445888853,10.659733506662333,2,2,2,0.10613302756843111,Low Risk
TCU-00435,Francistown,LO012,Education Loan,39,Student,3801.0,97500.0,15.01,24,4728.0,7,68984.0,2024-11-19,1.2439,659,1,2.8,0,1,168892.0,Defaulted,135,8,Letter Sent,55819.0,1,3,1,1,0,0,1.732225641025641,1.2438831886345698,25.651144435674823,0,2,5,0.8519054938047158,Critical
TCU-00436,Maun,LO001,Personal Loan,31,Private Sector,15052.0,192400.0,10.13,12,16927.0,12,0.0,2024-06-28,1.1246,774,3,17.9,1,1,268038.0,Late (30–89 days),47,1,Called,0.0,1,1,1,0,0,0,1.393128898128898,1.1245681636991762,12.782354504384799,3,4,3,0.7798343498758264,Critical
TCU-00437,Francistown,LO012,Agriculture Loan,42,Farmer,11134.0,250400.0,22.17,48,7912.0,1,230190.0,2025-05-03,0.7106,746,2,19.9,0,0,0.0,Current,0,0,,0.0,0,1,1,0,1,0,0.0,0.7106161307706126,22.48967127716903,0,0,0,0.28213140896537797,Medium Risk
TCU-00438,Francistown,LO020,Vehicle Loan,45,Student,3974.0,72900.0,20.88,60,1967.0,8,56317.0,2024-10-20,0.495,776,1,28.3,2,0,0.0,Current,0,0,,0.0,0,1,1,1,0,0,0.0,0.4949672873678913,18.344237544036236,0,5,5,0.32380968488343115,Medium Risk
TCU-00439,Gaborone Main,LO003,Personal Loan,48,Self-Employed,30278.0,86700.0,9.39,72,1580.0,8,71913.0,2024-10-19,0.0522,832,4,13.0,0,0,0.0,Current,0,0,,0.0,0,0,0,0,0,0,0.0,0.05218310324327895,2.863465222273598,1,4,4,0.11568481292938795,Low Risk
TCU-00440,Gaborone Main,LO013,Personal Loan,56,Student,3657.0,123500.0,19.57,72,2927.0,6,100374.0,2024-12-19,0.8004,710,2,28.6,1,0,0.0,Current,0,0,,0.0,0,2,1,1,0,0,0.0,0.8003828274541974,33.770850423844685,1,4,5,0.3662327107987949,Medium Risk
TCU-00441,Lobatse,LO008,Business Loan,32,Student,1763.0,40700.0,23.26,48,1310.0,1,36140.0,2025-05-22,0.7431,617,3,7.9,0,0,0.0,Defaulted,243,10,Called,19230.0,1,3,1,1,0,0,0.0,0.7430516165626773,23.085649461145774,2,1,5,0.7800015166943112,Critical
TCU-00442,Lobatse,LO013,Business Loan,22,Student,4731.0,206400.0,16.49,12,18775.0,2,169226.0,2025-04-19,3.9685,668,2,2.2,0,1,269805.0,Defaulted,269,5,SMS Sent,98309.0,1,3,1,1,0,0,1.3071947674418605,2.0,43.62714013950539,2,1,5,0.863449878737912,Critical
TCU-00443,Selebi-Phikwe,LO007,Personal Loan,28,Farmer,9349.0,173200.0,22.65,12,16265.0,12,0.0,2024-06-08,1.7398,705,0,11.3,2,1,217906.0,Late (30–89 days),58,1,,0.0,1,2,1,0,0,0,1.2581177829099308,1.73975826291582,18.526045566370733,4,4,0,0.9236193059970139,Critical
TCU-00444,Maun,LO007,Personal Loan,49,Government Employee,11223.0,62600.0,20.03,12,5800.0,12,0.0,2024-06-13,0.5168,833,3,28.8,3,1,102127.0,Current,0,0,,0.0,0,0,1,0,0,0,1.6314217252396166,0.5167958656330749,5.577831239419051,3,4,1,0.34892218590633256,Medium Risk
TCU-00445,Selebi-Phikwe,LO005,Personal Loan,47,Pensioner,9746.0,54200.0,13.83,12,4862.0,10,7749.0,2024-08-30,0.4989,778,1,0.7,0,1,50972.0,Current,0,0,,0.0,0,1,1,0,0,1,0.9404428044280443,0.49887133182844245,5.561255899856351,4,4,2,0.13195262910808772,Low Risk
TCU-00446,Maun,LO004,Home Loan,33,Private Sector,29862.0,411200.0,11.58,72,7950.0,14,316395.0,2024-04-15,0.2662,850,1,5.8,3,0,0.0,Late (30–89 days),38,2,Called,34674.0,1,0,0,0,1,0,0.0,0.2662246333132409,13.770008706717567,3,3,3,0.711261389367844,Critical
TCU-00447,Gaborone Main,LO020,Business Loan,31,Farmer,4091.0,26000.0,13.25,72,525.0,10,19775.0,2024-08-24,0.1283,639,1,2.0,0,1,62481.0,Current,0,0,,0.0,0,3,0,1,0,0,2.4031153846153845,0.12833048154485455,6.355414324126131,1,1,0,0.1514303212186111,Low Risk
TCU-00448,Gaborone Main,LO002,Agriculture Loan,33,Government Employee,20661.0,194100.0,22.58,12,18221.0,3,127775.0,2025-03-17,0.8819,838,3,11.2,0,1,159788.0,Current,0,0,,0.0,0,0,1,0,0,0,0.8232251416795466,0.8819031024635787,9.394511398286626,1,0,1,0.24599465031552226,Medium Risk
TCU-00449,Lobatse,LO017,Education Loan,45,Student,2801.0,24800.0,14.45,12,2232.0,12,0.0,2024-05-13,0.7969,660,4,26.6,1,1,38634.0,Defaulted,265,7,Called,0.0,1,3,1,1,0,0,1.5578225806451613,0.7968582649053909,8.85398072117101,2,2,5,0.8175191159695545,Critical
TCU-00450,Francistown,LO002,Business Loan,56,Student,2171.0,21200.0,22.09,84,498.0,6,19375.0,2024-12-21,0.2294,679,1,21.7,2,1,32061.0,Early (1–29 days),20,1,,0.0,0,2,0,1,0,0,1.512311320754717,0.22938737908797788,9.76508521418701,0,1,5,0.20471028177180664,Medium Risk
TCU-00451,Francistown,LO010,Personal Loan,39,Student,4845.0,67000.0,11.45,84,1163.0,4,58976.0,2025-02-11,0.24,611,0,13.4,0,0,0.0,Current,0,0,,0.0,0,3,0,1,0,0,0.0,0.24004127966976263,13.828689370485035,0,4,5,0.16436067983384095,Low Risk
TCU-00452,Lobatse,LO007,Education Loan,22,Private Sector,22721.0,396400.0,15.56,72,8503.0,9,310608.0,2024-09-22,0.3742,812,0,21.4,0,1,347857.0,Current,0,0,,0.0,0,0,0,0,1,0,0.8775403632694249,0.3742352889397474,17.446415210598126,2,2,3,0.040348119924058345,Low Risk
TCU-00453,Maun,LO002,Agriculture Loan,39,Private Sector,29521.0,108900.0,10.3,72,2034.0,6,94325.0,2024-12-21,0.0689,850,3,26.6,0,1,253429.0,Current,0,0,,0.0,0,0,0,0,0,0,2.327171717171717,0.06890010500999288,3.688899427526168,3,0,3,0.12443079289757264,Low Risk
TCU-00454,Francistown,LO009,Business Loan,22,Self-Employed,13216.0,110800.0,21.95,84,2592.0,14,88491.0,2024-04-18,0.1961,722,1,28.4,0,0,0.0,Current,0,0,,0.0,0,2,0,0,0,0,0.0,0.19612590799031476,8.383777239709444,0,1,4,0.09029284972491722,Low Risk
TCU-00455,Francistown,LO019,Agriculture Loan,42,Self-Employed,33078.0,82000.0,12.09,72,1607.0,3,71141.0,2025-03-20,0.0486,850,0,6.0,1,1,133978.0,Early (1–29 days),6,1,,0.0,0,0,0,0,0,0,1.6338780487804878,0.04858213918616603,2.4789890561702643,0,0,4,0.13649761826008758,Low Risk
TCU-00456,Lobatse,LO007,Personal Loan,33,Farmer,4722.0,61500.0,18.5,48,1823.0,14,41761.0,2024-04-12,0.3861,653,0,22.6,0,1,89346.0,Late (30–89 days),83,1,SMS Sent,5556.0,1,3,0,1,0,0,1.452780487804878,0.38606522659889875,13.024142312579416,2,4,0,0.08361025846811748,Low Risk
TCU-00457,Lobatse,LO001,Personal Loan,39,Private Sector,28983.0,339000.0,13.75,72,6940.0,15,236263.0,2024-03-28,0.2395,847,1,5.3,0,1,303401.0,Current,0,0,,0.0,0,0,0,0,1,0,0.8949882005899705,0.2394507124866301,11.696511748266225,2,4,3,0.07895721523660006,Low Risk
TCU-00458,Lobatse,LO010,Personal Loan,24,Government Employee,16696.0,75200.0,22.64,12,7061.0,10,11456.0,2024-08-20,0.4229,780,0,19.8,0,0,0.0,Current,0,0,,0.0,0,1,0,0,0,0,0.0,0.42291566842357453,4.5040728318160035,2,4,1,0.1234448549143655,Low Risk
TCU-00459,Francistown,LO004,Business Loan,29,Farmer,4221.0,73200.0,18.04,12,6712.0,5,42209.0,2025-01-04,1.5901,767,1,5.8,0,0,0.0,Late (30–89 days),72,2,Letter Sent,10814.0,1,1,1,1,0,0,0.0,1.59014451551765,17.34186211798152,0,1,0,0.9219322282223892,Critical
TCU-00460,Maun,LO016,Agriculture Loan,44,Government Employee,14275.0,279500.0,20.88,84,6356.0,18,215052.0,2024-01-03,0.4453,725,4,23.4,0,1,435847.0,Current,0,0,,0.0,0,2,1,0,1,0,1.559381037567084,0.4452539404553415,19.57968476357268,3,0,1,0.06857169072749106,Low Risk
TCU-00461,Selebi-Phikwe,LO009,Business Loan,29,Pensioner,4543.0,43600.0,14.47,36,1500.0,1,38725.0,2025-05-21,0.3302,637,2,10.3,1,0,0.0,Current,0,0,,0.0,0,3,0,1,0,0,0.0,0.3301782962799912,9.59718247853841,4,1,2,0.3464053032897152,Medium Risk
TCU-00462,Lobatse,LO018,Business Loan,56,Farmer,7616.0,108600.0,17.46,72,2444.0,10,89352.0,2024-08-12,0.3209,686,0,0.6,3,1,189967.0,Early (1–29 days),12,1,,0.0,0,2,0,0,0,1,1.7492357274401473,0.32090336134453784,14.259453781512605,2,1,0,0.18137078254906983,Low Risk
TCU-00463,Maun,LO015,Business Loan,45,Private Sector,26046.0,466000.0,15.03,24,22601.0,10,233336.0,2024-08-17,0.8677,850,2,11.6,0,0,0.0,Current,0,0,,0.0,0,0,1,0,1,0,0.0,0.8677340090608923,17.89142286723489,3,1,3,0.2734770798031088,Medium Risk
TCU-00464,Lobatse,LO006,Personal Loan,26,Farmer,4763.0,23700.0,8.69,84,378.0,4,19693.0,2025-03-02,0.0794,772,0,22.4,1,0,0.0,Current,0,0,,0.0,0,1,0,1,0,0,0.0,0.0793617467982364,4.975855553222758,2,4,0,0.1520686980985317,Low Risk
TCU-00465,Gaborone Main,LO010,Personal Loan,63,Student,2046.0,7700.0,20.14,60,205.0,12,5246.0,2024-06-13,0.1002,747,3,16.8,1,0,0.0,Current,0,0,,0.0,0,1,0,1,0,0,0.0,0.10019550342130987,3.763440860215054,1,4,5,0.22097170586729106,Medium Risk
TCU-00466,Gaborone Main,LO017,Vehicle Loan,32,Self-Employed,39205.0,109900.0,18.1,24,5492.0,4,80369.0,2025-02-05,0.1401,850,2,17.0,1,0,0.0,Current,0,0,,0.0,0,0,0,0,0,0,0.0,0.14008417293712536,2.80321387578115,1,5,4,0.24897136411630896,Medium Risk
TCU-00467,Gaborone Main,LO012,Agriculture Loan,46,Private Sector,16181.0,41200.0,14.12,84,775.0,6,32680.0,2024-12-09,0.0479,794,0,18.1,1,1,71600.0,Current,0,0,,0.0,0,1,0,0,0,0,1.7378640776699028,0.047895680118657684,2.546196155985415,1,0,3,0.1606223088267051,Low Risk
TCU-00468,Gaborone Main,LO019,Vehicle Loan,58,Pensioner,4274.0,94300.0,8.63,36,2983.0,8,72891.0,2024-10-16,0.6979,788,1,9.8,0,1,96203.0,Current,0,0,,0.0,0,1,1,1,0,0,1.0201802757158007,0.6979410388394947,22.06364061768835,1,5,2,0.2051699768339167,Medium Risk
TCU-00469,Lobatse,LO005,Personal Loan,54,Government Employee,17982.0,273600.0,21.71,36,10408.0,12,159186.0,2024-06-14,0.5788,722,0,21.7,2,0,0.0,Current,0,0,,0.0,0,2,1,0,1,0,0.0,0.5788010232454677,15.215215215215215,2,4,1,0.4305213860507396,Medium Risk
TCU-00470,Lobatse,LO017,Home Loan,54,Pensioner,6685.0,36100.0,18.16,48,1063.0,16,23672.0,2024-02-10,0.159,759,2,11.9,0,0,0.0,Current,0,0,,0.0,0,1,0,0,0,0,0.0,0.15901271503365744,5.400149588631264,2,3,2,0.115193564056285,Low Risk
TCU-00471,Gaborone Main,LO005,Home Loan,53,Government Employee,17301.0,391800.0,9.85,12,34418.0,2,292889.0,2025-04-10,1.9894,850,0,11.2,0,1,827599.0,Defaulted,332,7,Home Visit,217738.0,1,0,1,0,1,0,2.112299642674834,1.9893647766025084,22.646089821397606,1,3,1,0.9122297246450727,Critical
TCU-00472,Gaborone Main,LO019,Vehicle Loan,63,Private Sector,6950.0,122600.0,21.78,72,3064.0,13,92037.0,2024-05-12,0.4409,737,1,18.9,0,1,184198.0,Current,0,0,,0.0,0,2,1,0,0,0,1.502430668841762,0.440863309352518,17.640287769784173,1,5,3,0.0837986202626376,Low Risk
TCU-00473,Gaborone Main,LO008,Agriculture Loan,24,Pensioner,8927.0,94300.0,13.01,24,4484.0,4,76860.0,2025-02-12,0.5023,713,1,10.8,0,1,206620.0,Current,0,0,,0.0,0,2,1,0,0,0,2.1910922587486743,0.5022964041671334,10.563459168813711,1,0,2,0.08041842555088233,Low Risk
TCU-00474,Francistown,LO013,Home Loan,47,Farmer,3774.0,57500.0,11.8,72,1118.0,1,49169.0,2025-05-02,0.2962,808,1,16.6,2,1,66867.0,Current,0,0,,0.0,0,0,0,1,0,0,1.162904347826087,0.2962374138844727,15.23582405935347,0,3,0,0.2284768093159215,Medium Risk
TCU-00475,Selebi-Phikwe,LO016,Business Loan,25,Self-Employed,5947.0,245300.0,19.1,36,9004.0,9,173921.0,2024-09-15,1.514,685,1,9.3,1,0,0.0,Late (30–89 days),46,1,SMS Sent,53505.0,1,2,1,0,1,0,0.0,1.5140406927862788,41.24768790987052,4,1,4,0.8889489811517644,Critical
TCU-00476,Maun,LO006,Business Loan,49,Self-Employed,16574.0,216100.0,19.18,24,10912.0,3,170785.0,2025-03-23,0.6584,831,1,12.0,0,0,0.0,Late (30–89 days),72,1,,30901.0,1,0,1,0,0,0,0.0,0.658380596114396,13.038494026788946,3,1,4,0.4152810784151582,Medium Risk
TCU-00477,Gaborone Main,LO005,Vehicle Loan,68,Self-Employed,37617.0,161600.0,20.78,72,3944.0,4,135745.0,2025-02-20,0.1048,850,3,25.8,0,0,0.0,Late (30–89 days),77,1,Legal Notice,27834.0,1,0,0,0,0,0,0.0,0.10484621314831061,4.295930031634633,1,5,4,0.4626366782172026,High Risk
TCU-00478,Selebi-Phikwe,LO007,Home Loan,32,Pensioner,5259.0,69100.0,23.3,36,2686.0,5,50722.0,2025-01-07,0.5107,496,3,15.3,1,0,0.0,Current,0,0,,0.0,0,4,1,0,0,0,0.0,0.5107434873550104,13.139380110287126,4,3,2,0.2938348622242931,Medium Risk
TCU-00479,Selebi-Phikwe,LO017,Home Loan,44,Pensioner,4680.0,39600.0,11.24,60,866.0,12,29507.0,2024-06-15,0.185,605,1,13.4,0,0,0.0,Current,0,0,,0.0,0,3,0,1,0,0,0.0,0.18504273504273505,8.461538461538462,4,3,2,0.11861974437086154,Low Risk
TCU-00480,Gaborone Main,LO020,Vehicle Loan,28,Government Employee,9762.0,239400.0,16.94,72,5318.0,3,212334.0,2025-03-30,0.5448,788,2,20.2,1,1,507695.0,Late (30–89 days),84,2,Letter Sent,71692.0,1,1,1,0,1,0,2.1206975772765246,0.5447654169227617,24.523663183773817,1,5,1,0.6928542790039474,High Risk
TCU-00481,Selebi-Phikwe,LO001,Home Loan,51,Farmer,12386.0,104000.0,18.71,36,3797.0,4,87914.0,2025-02-28,0.3066,850,0,1.3,1,0,0.0,Current,0,0,,0.0,0,0,0,0,0,1,0.0,0.30655578879379947,8.39657678023575,4,3,0,0.13187023990657085,Low Risk
TCU-00482,Selebi-Phikwe,LO008,Education Loan,32,Pensioner,9841.0,121900.0,21.34,84,2806.0,3,102187.0,2025-03-15,0.2851,721,1,29.3,0,0,0.0,Current,0,0,,0.0,0,2,0,0,0,0,0.0,0.2851336246316431,12.38695254547302,4,2,2,0.07244400104477534,Low Risk
TCU-00483,Gaborone Main,LO019,Vehicle Loan,30,Pensioner,9058.0,85200.0,17.07,36,3041.0,11,51119.0,2024-07-27,0.3357,715,2,5.0,0,1,209002.0,Late (30–89 days),76,1,,17680.0,1,2,0,0,0,0,2.4530751173708922,0.33572532567895785,9.406049900640317,1,5,2,0.32495380465626234,Medium Risk
TCU-00484,Francistown,LO008,Agriculture Loan,62,Self-Employed,36325.0,270000.0,12.3,84,4810.0,5,245183.0,2025-01-22,0.1324,850,1,8.6,2,0,0.0,Current,0,0,,0.0,0,0,0,0,1,0,0.0,0.13241569167240191,7.432897453544391,0,0,4,0.3482233905965987,Medium Risk
TCU-00485,Gaborone Main,LO004,Business Loan,51,Pensioner,5695.0,27900.0,16.16,36,983.0,11,17605.0,2024-07-31,0.1726,702,0,28.8,0,0,0.0,Current,0,0,,0.0,0,2,0,0,0,0,0.0,0.1726075504828797,4.899034240561896,1,1,2,0.06570974818276668,Low Risk
TCU-00486,Maun,LO001,Business Loan,32,Private Sector,21832.0,428100.0,10.32,36,13878.0,6,329133.0,2024-12-21,0.6357,839,1,16.6,0,0,0.0,Early (1–29 days),1,1,,0.0,0,0,1,0,1,0,0.0,0.6356724074752657,19.608831073653352,3,1,3,0.25965236245803264,Medium Risk
TCU-00487,Francistown,LO007,Home Loan,55,Pensioner,4689.0,33800.0,11.91,72,659.0,13,24654.0,2024-05-09,0.1405,565,0,16.8,0,0,0.0,Current,0,0,,0.0,0,4,0,1,0,0,0.0,0.14054169332480274,7.208359991469396,0,3,2,0.12595124331021917,Low Risk
TCU-00488,Francistown,LO007,Agriculture Loan,34,Self-Employed,34457.0,481100.0,10.09,84,8009.0,7,385815.0,2024-11-15,0.2324,850,0,21.8,0,1,872600.0,Current,0,0,,0.0,0,0,0,0,1,0,1.8137601330284765,0.23243462866761472,13.962329860405722,0,0,4,0.048930937244146884,Low Risk
TCU-00489,Francistown,LO019,Home Loan,46,Farmer,7488.0,21400.0,11.09,12,1892.0,9,5018.0,2024-09-16,0.2527,692,1,29.0,0,1,23665.0,Current,0,0,,0.0,0,2,0,0,0,0,1.1058411214953272,0.25267094017094016,2.857905982905983,0,3,0,0.07912632867261135,Low Risk
TCU-00490,Maun,LO012,Business Loan,26,Private Sector,24708.0,132500.0,8.67,36,4193.0,10,88020.0,2024-08-06,0.1697,850,2,27.0,0,1,241556.0,Current,0,0,,0.0,0,0,0,0,0,0,1.8230641509433962,0.16970212077060062,5.362635583616642,3,1,3,0.12345250713663271,Low Risk
TCU-00491,Gaborone Main,LO019,Agriculture Loan,60,Student,2976.0,40500.0,13.46,24,1934.0,16,13101.0,2024-02-20,0.6499,523,1,4.2,0,1,58760.0,Late (30–89 days),71,1,Letter Sent,4296.0,1,4,1,1,0,0,1.4508641975308643,0.6498655913978495,13.608870967741936,1,0,5,0.7317651672280383,Critical
TCU-00492,Gaborone Main,LO018,Education Loan,30,Farmer,3469.0,13100.0,9.97,84,217.0,4,11958.0,2025-03-01,0.0626,652,0,22.7,0,0,0.0,Current,0,0,,0.0,0,3,0,1,0,0,0.0,0.06255405015854713,3.7763044104929375,1,2,0,0.13358340335452568,Low Risk
TCU-00493,Selebi-Phikwe,LO004,Home Loan,66,Farmer,14252.0,54000.0,21.29,24,2783.0,14,22478.0,2024-04-17,0.1953,850,0,3.1,1,0,0.0,Early (1–29 days),23,1,,0.0,0,0,0,0,0,0,0.0,0.1952708391804659,3.7889419028908224,4,3,0,0.1117920572577491,Low Risk
TCU-00494,Gaborone Main,LO004,Personal Loan,25,Self-Employed,38097.0,168000.0,18.0,84,3531.0,5,140697.0,2025-01-23,0.0927,850,0,4.6,0,1,380557.0,Current,0,0,,0.0,0,0,0,0,0,0,2.265220238095238,0.09268446334357036,4.409796046932829,1,4,4,0.0791699791476079,Low Risk
TCU-00495,Selebi-Phikwe,LO004,Education Loan,48,Student,3347.0,74300.0,23.63,36,2901.0,1,63848.0,2025-05-09,0.8667,681,0,17.0,1,0,0.0,Late (30–89 days),34,1,SMS Sent,21896.0,1,2,1,1,0,0,0.0,0.8667463400059755,22.19898416492381,4,2,5,0.8229085599775259,Critical
TCU-00496,Francistown,LO015,Vehicle Loan,35,Government Employee,11195.0,40800.0,17.65,60,1028.0,7,34745.0,2024-11-16,0.0918,788,0,13.9,0,1,96044.0,Current,0,0,,0.0,0,1,0,0,0,0,2.3540196078431372,0.09182670835194283,3.6444841447074587,0,5,1,0.08877270348059264,Low Risk
TCU-00497,Francistown,LO013,Business Loan,61,Pensioner,4412.0,84000.0,23.25,60,2380.0,14,56163.0,2024-04-14,0.5394,792,0,26.9,0,1,161717.0,Current,0,0,,0.0,0,1,1,1,0,0,1.925202380952381,0.5394378966455122,19.038984587488667,0,1,2,0.07290808591631463,Low Risk
TCU-00498,Selebi-Phikwe,LO007,Business Loan,27,Self-Employed,18289.0,170200.0,15.34,36,5928.0,14,89176.0,2024-04-10,0.3241,723,0,27.9,0,1,187270.0,Current,0,0,,0.0,0,2,0,0,0,0,1.1002937720329025,0.3241292580239488,9.30614030291432,4,1,4,0.08680045523711964,Low Risk
TCU-00499,Gaborone Main,LO008,Personal Loan,28,Student,2269.0,5900.0,12.63,12,526.0,12,0.0,2024-04-13,0.2318,703,1,12.1,0,0,0.0,Current,0,0,,0.0,0,2,0,1,0,0,0.0,0.23182018510356986,2.600264433671221,1,4,5,0.15949725810966917,Low Risk
TCU-00500,Maun,LO020,Home Loan,35,Self-Employed,30420.0,238100.0,19.36,48,7165.0,7,198879.0,2024-11-08,0.2355,850,1,5.5,0,1,324927.0,Current,0,0,,0.0,0,0,0,0,1,0,1.3646661066778665,0.23553583168967784,7.827087442472058,3,3,4,0.10960676496427528,Low Risk
TCU-00501,Gaborone Main,LO006,Home Loan,49,Self-Employed,35725.0,381300.0,8.65,36,12063.0,2,337600.0,2025-04-30,0.3377,850,0,24.7,0,0,0.0,Current,0,0,,0.0,0,0,0,0,1,0,0.0,0.3376627011896431,10.673198040587824,1,3,4,0.05455476911061069,Low Risk
TCU-00502,Gaborone Main,LO010,Agriculture Loan,31,Government Employee,13707.0,145900.0,16.96,72,3242.0,1,127764.0,2025-05-13,0.2365,758,1,24.9,0,1,245158.0,Current,0,0,,0.0,0,1,0,0,0,0,1.6803152844413982,0.23652148537243745,10.644196396002043,1,0,1,0.10521975267140422,Low Risk
TCU-00503,Maun,LO017,Agriculture Loan,52,Government Employee,18877.0,137100.0,11.91,24,6448.0,6,95080.0,2024-12-31,0.3416,850,4,11.1,1,1,332219.0,Current,0,0,,0.0,0,0,0,0,0,0,2.4231874544128376,0.341579700164221,7.262806590030196,3,0,1,0.3015492052328238,Medium Risk
TCU-00504,Selebi-Phikwe,LO017,Business Loan,65,Pensioner,5592.0,181500.0,14.56,48,5011.0,8,135580.0,2024-10-09,0.8961,840,0,15.8,0,0,0.0,Current,0,0,,0.0,0,0,1,0,0,0,0.0,0.896101573676681,32.457081545064376,4,1,2,0.2487573848358808,Medium Risk
TCU-00505,Gaborone Main,LO001,Vehicle Loan,44,Self-Employed,37380.0,342100.0,16.61,36,12131.0,12,204244.0,2024-06-15,0.3245,850,0,1.7,0,0,0.0,Current,0,0,,0.0,0,0,0,0,1,1,0.0,0.3245318352059925,9.15195291599786,1,5,4,0.061074784020510274,Low Risk
TCU-00506,Gaborone Main,LO009,Business Loan,64,Government Employee,13954.0,266800.0,18.81,84,5735.0,12,227097.0,2024-06-07,0.411,850,2,4.7,1,1,629926.0,Late (30–89 days),89,2,,36831.0,1,0,0,0,1,0,2.3610419790104946,0.4109932635803354,19.11996560126129,1,1,1,0.6232738253727477,High Risk
TCU-00507,Selebi-Phikwe,LO013,Personal Loan,62,Farmer,13716.0,300500.0,11.19,48,7794.0,7,249145.0,2024-11-26,0.5682,850,0,12.8,0,1,392293.0,Current,0,0,,0.0,0,0,1,0,1,0,1.305467554076539,0.568241469816273,21.908719743365413,4,4,0,0.11586688253601064,Low Risk
TCU-00508,Francistown,LO017,Vehicle Loan,49,Government Employee,19800.0,344200.0,14.04,36,11771.0,3,290270.0,2025-03-13,0.5945,850,4,14.1,2,1,724028.0,Defaulted,161,12,Called,234562.0,1,0,1,0,1,0,2.1035095874491576,0.5944949494949495,17.383838383838384,0,5,1,0.7332316585568232,Critical
TCU-00509,Maun,LO005,Education Loan,59,Pensioner,7260.0,72500.0,20.21,48,2214.0,13,48130.0,2024-05-08,0.305,850,3,14.1,0,1,160284.0,Current,0,0,,0.0,0,0,0,0,0,0,2.210813793103448,0.3049586776859504,9.986225895316805,3,2,2,0.1371694919761555,Low Risk
TCU-00510,Selebi-Phikwe,LO011,Personal Loan,40,Pensioner,4729.0,82300.0,19.61,72,1953.0,11,64667.0,2024-07-28,0.413,687,1,29.0,0,0,0.0,Current,0,0,,0.0,0,2,0,1,0,0,0.0,0.41298371748784096,17.403256502431805,4,4,2,0.12166568464603379,Low Risk
TCU-00511,Selebi-Phikwe,LO020,Agriculture Loan,68,Government Employee,11412.0,29400.0,22.14,60,814.0,14,19995.0,2024-04-09,0.0713,816,1,12.0,2,1,47696.0,Current,0,0,,0.0,0,0,0,0,0,0,1.622312925170068,0.07132842621801612,2.576235541535226,4,0,1,0.20213251162687962,Medium Risk
TCU-00512,Selebi-Phikwe,LO020,Personal Loan,38,Pensioner,6594.0,46600.0,21.19,72,1149.0,10,35137.0,2024-09-03,0.1742,706,2,16.6,0,1,90162.0,Current,0,0,,0.0,0,2,0,0,0,0,1.9348068669527898,0.17424931756141948,7.0670306339096145,4,4,2,0.0930387487098948,Low Risk
TCU-00513,Gaborone Main,LO015,Vehicle Loan,47,Farmer,12762.0,66300.0,10.36,48,1693.0,17,40125.0,2024-01-12,0.1327,850,1,13.6,2,1,68741.0,Early (1–29 days),6,1,,0.0,0,0,0,0,0,0,1.036817496229261,0.13265945776524055,5.195110484250118,1,5,0,0.2138928117570397,Medium Risk
TCU-00514,Lobatse,LO007,Home Loan,44,Pensioner,9415.0,151700.0,11.2,24,7085.0,6,107903.0,2024-12-26,0.7525,756,1,14.1,1,1,323794.0,Early (1–29 days),27,1,,0.0,0,1,1,0,0,0,2.1344363876071193,0.7525225703664365,16.112586298459906,2,3,2,0.3331844673560518,Medium Risk
TCU-00515,Selebi-Phikwe,LO016,Education Loan,63,Farmer,10908.0,331500.0,20.52,60,8879.0,9,244979.0,2024-09-22,0.814,723,0,18.7,0,1,745362.0,Late (30–89 days),36,2,Home Visit,81715.0,1,2,1,0,1,0,2.248452488687783,0.813989732306564,30.39053905390539,4,2,0,0.6662526643579392,High Risk
TCU-00516,Francistown,LO004,Business Loan,42,Private Sector,23476.0,486800.0,22.8,12,45749.0,9,105535.0,2024-09-13,1.9488,850,2,2.7,1,0,0.0,Current,0,0,,0.0,0,0,1,0,1,0,0.0,1.948756176520702,20.736070880899643,0,1,3,0.31523861304498474,Medium Risk
TCU-00517,Selebi-Phikwe,LO005,Agriculture Loan,66,Farmer,9885.0,51600.0,15.28,36,1796.0,10,32801.0,2024-08-18,0.1817,844,2,6.2,0,0,0.0,Current,0,0,,0.0,0,0,0,0,0,0,0.0,0.18168942842690947,5.2200303490136575,4,0,0,0.12203763529381868,Low Risk
TCU-00518,Selebi-Phikwe,LO019,Education Loan,22,Self-Employed,35122.0,342800.0,23.35,72,8890.0,1,296974.0,2025-05-23,0.2531,850,0,24.9,0,1,798582.0,Current,0,0,,0.0,0,0,0,0,1,0,2.329585764294049,0.2531177040031889,9.760264221855248,4,2,4,0.11750510192055795,Low Risk
TCU-00519,Gaborone Main,LO019,Personal Loan,62,Farmer,4526.0,18500.0,16.23,12,1681.0,6,7894.0,2024-12-04,0.3714,746,2,12.0,0,0,0.0,Current,0,0,,0.0,0,1,0,1,0,0,0.0,0.37140963323022536,4.087494476358816,1,4,0,0.1268747689324804,Low Risk
TCU-00520,Lobatse,LO017,Home Loan,37,Pensioner,6395.0,64100.0,10.22,48,1633.0,9,49372.0,2024-09-26,0.2554,649,0,12.9,0,0,0.0,Current,0,0,,0.0,0,3,0,0,0,0,0.0,0.2553557466770915,10.023455824863174,2,3,2,0.0850325700357011,Low Risk
TCU-00521,Gaborone Main,LO008,Vehicle Loan,43,Student,1755.0,73700.0,19.4,84,1610.0,17,53016.0,2024-02-06,0.9174,715,2,27.9,2,1,75181.0,Late (30–89 days),61,1,Home Visit,13921.0,1,2,1,1,0,0,1.0200949796472185,0.9173789173789174,41.99430199430199,1,5,5,0.8173221348336306,Critical
TCU-00522,Francistown,LO001,Personal Loan,52,Self-Employed,4949.0,43000.0,17.93,48,1262.0,17,25907.0,2024-01-19,0.255,736,0,23.1,0,1,65602.0,Current,0,0,,0.0,0,2,0,1,0,0,1.5256279069767442,0.25500101030511213,8.68862396443726,0,4,4,0.06701556727342414,Low Risk
TCU-00523,Francistown,LO011,Vehicle Loan,45,Self-Employed,37050.0,50500.0,8.66,48,1249.0,16,33621.0,2024-02-16,0.0337,850,2,2.8,0,1,44153.0,Current,0,0,,0.0,0,0,0,0,0,0,0.8743168316831683,0.03371120107962213,1.3630229419703104,0,5,4,0.11928275320514654,Low Risk
TCU-00524,Lobatse,LO013,Vehicle Loan,40,Private Sector,21782.0,42800.0,23.04,24,2242.0,1,39203.0,2025-05-21,0.1029,850,2,27.0,1,1,56266.0,Current,0,0,,0.0,0,0,0,0,0,0,1.314626168224299,0.10292902396474153,1.964925167569553,2,5,3,0.1995939931538548,Low Risk
TCU-00525,Maun,LO011,Agriculture Loan,37,Pensioner,7249.0,42900.0,14.87,60,1018.0,1,37628.0,2025-05-12,0.1404,711,4,7.3,1,1,61478.0,Late (30–89 days),45,2,Home Visit,9876.0,1,2,0,0,0,0,1.4330536130536131,0.14043316319492344,5.918057663125948,3,0,2,0.6035536701589753,High Risk
TCU-00526,Selebi-Phikwe,LO002,Home Loan,29,Government Employee,12725.0,272800.0,9.81,36,8778.0,5,217129.0,2025-01-28,0.6898,772,3,11.8,0,1,303770.0,Late (30–89 days),49,1,Letter Sent,51109.0,1,1,1,0,1,0,1.1135263929618768,0.6898231827111985,21.43811394891945,4,3,1,0.5936307165179189,High Risk
TCU-00527,Maun,LO009,Education Loan,23,Pensioner,5299.0,51300.0,18.13,84,1082.0,3,47855.0,2025-03-13,0.2042,745,2,16.8,2,0,0.0,Current,0,0,,0.0,0,1,0,0,0,0,0.0,0.20418946971126628,9.681071900358559,3,2,2,0.42223717568692193,Medium Risk
TCU-00528,Lobatse,LO017,Home Loan,49,Pensioner,4975.0,96700.0,22.83,24,5056.0,17,25161.0,2024-01-16,1.0163,660,1,8.6,3,0,0.0,Defaulted,292,3,Letter Sent,17034.0,1,3,1,1,0,0,0.0,1.0162814070351758,19.43718592964824,2,3,2,0.6779259441897555,High Risk
TCU-00529,Maun,LO020,Personal Loan,39,Student,1935.0,23600.0,12.6,24,1118.0,3,18986.0,2025-03-30,0.5778,590,4,14.7,1,1,21230.0,Late (30–89 days),69,2,Home Visit,6423.0,1,3,1,1,0,0,0.8995762711864407,0.5777777777777777,12.196382428940568,3,4,5,0.824051559068228,Critical
TCU-00530,Maun,LO009,Vehicle Loan,33,Self-Employed,8580.0,48000.0,18.08,12,4402.0,10,6937.0,2024-08-26,0.5131,732,0,20.7,1,0,0.0,Defaulted,206,3,Letter Sent,5746.0,1,2,1,0,0,0,0.0,0.5130536130536131,5.594405594405594,3,5,4,0.6271710781761655,High Risk
TCU-00531,Maun,LO018,Agriculture Loan,38,Government Employee,8760.0,24000.0,16.36,12,2182.0,12,0.0,2024-03-20,0.2491,693,2,12.8,0,0,0.0,Current,0,0,,0.0,0,2,0,0,0,0,0.0,0.24908675799086757,2.73972602739726,3,0,1,0.10010889565506119,Low Risk
TCU-00532,Maun,LO016,Home Loan,43,Farmer,10463.0,13100.0,22.92,60,369.0,17,8130.0,2024-01-27,0.0353,798,0,9.7,1,0,0.0,Current,0,0,,0.0,0,1,0,0,0,0,0.0,0.03526713179776355,1.2520309662620663,3,3,0,0.24905621033237643,Medium Risk
TCU-00533,Gaborone Main,LO005,Vehicle Loan,46,Pensioner,8576.0,290000.0,23.36,24,15240.0,1,277825.0,2025-05-30,1.7771,667,1,4.1,1,0,0.0,Late (30–89 days),63,2,Called,49796.0,1,3,1,0,1,0,0.0,1.7770522388059702,33.815298507462686,1,5,2,0.9301583146478116,Critical
TCU-00534,Francistown,LO011,Business Loan,58,Self-Employed,32764.0,119300.0,13.38,12,10677.0,10,18228.0,2024-09-03,0.3259,850,4,12.6,0,0,0.0,Current,0,0,,0.0,0,0,0,0,0,0,0.0,0.3258759614210719,3.6411915517030886,0,1,4,0.13361654727525693,Low Risk
TCU-00535,Selebi-Phikwe,LO008,Education Loan,36,Farmer,12934.0,463200.0,12.3,48,12266.0,13,317766.0,2024-05-21,0.9484,772,0,12.6,0,1,759713.0,Late (30–89 days),41,2,SMS Sent,33009.0,1,1,1,0,1,0,1.6401403281519862,0.948353177671254,35.81258698005257,4,2,0,0.7722000724641066,Critical
TCU-00536,Lobatse,LO016,Agriculture Loan,48,Self-Employed,7636.0,276500.0,8.87,24,12615.0,15,90193.0,2024-03-15,1.652,675,3,27.6,2,1,410309.0,Late (30–89 days),37,2,Letter Sent,29255.0,1,2,1,0,1,0,1.4839385171790236,1.6520429544264013,36.21005762179151,2,0,4,0.9190876011558176,Critical
TCU-00537,Lobatse,LO004,Agriculture Loan,59,Pensioner,4271.0,61700.0,15.46,48,1732.0,2,56829.0,2025-04-05,0.4055,623,2,22.1,1,0,0.0,Current,0,0,,0.0,0,3,0,1,0,0,0.0,0.405525638023882,14.446265511589791,2,0,2,0.2709591221311209,Medium Risk
TCU-00538,Lobatse,LO012,Agriculture Loan,22,Pensioner,7896.0,91700.0,16.38,60,2249.0,8,78815.0,2024-10-13,0.2848,718,0,9.3,0,0,0.0,Current,0,0,,0.0,0,2,0,0,0,0,0.0,0.2848277608915907,11.613475177304965,2,0,2,0.10673802105241396,Low Risk
TCU-00539,Maun,LO013,Home Loan,49,Self-Employed,31263.0,25800.0,23.15,72,666.0,11,19991.0,2024-08-03,0.0213,850,0,10.7,0,1,41984.0,Current,0,0,,0.0,0,0,0,0,0,0,1.6272868217054264,0.02130313789463583,0.8252566932156223,3,3,4,0.06531799236588441,Low Risk
TCU-00540,Gaborone Main,LO008,Agriculture Loan,38,Pensioner,5672.0,50600.0,16.38,24,2487.0,17,13869.0,2024-01-29,0.4385,810,0,26.8,0,1,82489.0,Current,0,0,,0.0,0,0,1,0,0,0,1.6302173913043478,0.43846967559943584,8.921015514809591,1,0,2,0.07044329744780127,Low Risk
TCU-00541,Selebi-Phikwe,LO017,Business Loan,58,Farmer,12972.0,36600.0,19.45,84,801.0,14,27958.0,2024-05-02,0.0617,759,3,29.8,1,1,51289.0,Defaulted,203,4,Legal Notice,15299.0,1,1,0,0,0,0,1.4013387978142076,0.06174838112858464,2.8214616096207217,4,1,0,0.51702819451255,High Risk
TCU-00542,Selebi-Phikwe,LO017,Agriculture Loan,43,Self-Employed,31974.0,160800.0,22.83,48,5139.0,14,112745.0,2024-04-12,0.1607,850,2,9.9,1,0,0.0,Late (30–89 days),70,1,Legal Notice,18206.0,1,0,0,0,0,0,0.0,0.1607243385250516,5.029086132482642,4,0,4,0.453724089081674,High Risk
TCU-00543,Francistown,LO009,Vehicle Loan,46,Private Sector,9634.0,293200.0,12.88,24,13923.0,15,109139.0,2024-03-31,1.4452,806,0,2.5,0,1,323340.0,Late (30–89 days),54,1,Home Visit,28314.0,1,0,1,0,1,0,1.1027967257844475,1.4451941042142413,30.433880008303923,0,5,3,0.9144592797081174,Critical
TCU-00544,Francistown,LO010,Business Loan,55,Student,4563.0,83200.0,18.27,60,2125.0,6,69752.0,2024-12-31,0.4657,633,0,7.0,3,0,0.0,Late (30–89 days),58,2,Home Visit,11289.0,1,3,1,1,0,0,0.0,0.46570238877931186,18.233618233618234,0,1,5,0.8378835482480096,Critical
TCU-00545,Selebi-Phikwe,LO011,Agriculture Loan,29,Private Sector,8725.0,229600.0,20.49,48,7047.0,1,211363.0,2025-05-15,0.8077,695,0,6.8,1,1,403140.0,Current,0,0,,0.0,0,2,1,0,1,0,1.7558362369337979,0.8076790830945558,26.31518624641834,4,0,3,0.28983830895204366,Medium Risk
TCU-00546,Selebi-Phikwe,LO009,Personal Loan,50,Farmer,6220.0,84100.0,21.19,36,3177.0,2,72396.0,2025-04-03,0.5108,704,1,5.4,0,0,0.0,Current,0,0,,0.0,0,2,1,0,0,0,0.0,0.5107717041800643,13.520900321543408,4,4,0,0.1900396400010877,Low Risk
TCU-00547,Gaborone Main,LO001,Vehicle Loan,60,Pensioner,4542.0,155300.0,20.39,60,4148.0,16,107992.0,2024-03-05,0.9133,664,0,5.1,0,0,0.0,Current,0,0,,0.0,0,3,1,1,0,0,0.0,0.9132540730955526,34.19198590929106,1,5,2,0.5890213629440365,High Risk
TCU-00548,Francistown,LO018,Agriculture Loan,43,Farmer,5984.0,64000.0,20.2,60,1703.0,14,45398.0,2024-04-14,0.2846,695,2,1.7,0,1,119913.0,Late (30–89 days),77,1,Home Visit,13767.0,1,2,0,0,0,1,1.873640625,0.2845922459893048,10.695187165775401,0,0,0,0.49319724452351665,High Risk
TCU-00549,Francistown,LO009,Personal Loan,63,Farmer,3918.0,84600.0,19.86,12,7831.0,12,0.0,2024-01-16,1.9987,591,0,17.9,0,0,0.0,Late (30–89 days),57,1,Home Visit,0.0,1,3,1,1,0,0,0.0,1.998723838693211,21.592649310872893,0,4,0,0.8024271239029916,Critical
TCU-00550,Maun,LO019,Vehicle Loan,34,Government Employee,14402.0,91800.0,14.8,36,3173.0,1,79670.0,2025-05-09,0.2203,733,2,15.4,0,0,0.0,Current,0,0,,0.0,0,2,0,0,0,0,0.0,0.22031662269129287,6.374114706290793,3,5,1,0.09940352042999123,Low Risk
TCU-00551,Selebi-Phikwe,LO008,Education Loan,67,Government Employee,24578.0,119900.0,14.23,60,2804.0,14,86998.0,2024-04-21,0.1141,850,4,3.3,0,0,0.0,Current,0,0,,0.0,0,0,0,0,0,0,0.0,0.11408576775978517,4.8783464887297585,4,2,1,0.15450338596755459,Low Risk
TCU-00552,Lobatse,LO019,Business Loan,61,Farmer,3707.0,48400.0,19.98,84,1074.0,13,34997.0,2024-06-03,0.2897,810,1,18.2,1,1,55935.0,Current,0,0,,0.0,0,0,0,1,0,0,1.1556818181818183,0.2897221472889129,13.056379821958457,2,1,0,0.17353193685635757,Low Risk
TCU-00553,Maun,LO015,Agriculture Loan,63,Private Sector,17592.0,371100.0,19.86,12,34352.0,3,265769.0,2025-03-11,1.9527,786,0,22.6,0,1,910033.0,Defaulted,307,10,Legal Notice,126725.0,1,1,1,0,1,0,2.45225815144166,1.9527057753524328,21.09481582537517,3,0,3,0.9557141091838397,Critical
TCU-00554,Lobatse,LO014,Vehicle Loan,53,Private Sector,6222.0,100600.0,19.66,72,2390.0,8,83017.0,2024-10-04,0.3841,795,1,11.5,0,1,169966.0,Current,0,0,,0.0,0,1,0,0,0,0,1.6895228628230616,0.3841208614593378,16.168434586949534,2,5,3,0.08980050807258873,Low Risk
TCU-00555,Maun,LO016,Vehicle Loan,55,Pensioner,5264.0,95200.0,23.94,24,5030.0,12,44204.0,2024-06-17,0.9555,722,1,4.9,0,0,0.0,Late (30–89 days),74,1,Letter Sent,10363.0,1,2,1,0,0,0,0.0,0.9555471124620061,18.085106382978722,3,5,2,0.7190281969372881,Critical
TCU-00556,Lobatse,LO015,Education Loan,28,Government Employee,10660.0,148900.0,12.0,72,2911.0,17,112513.0,2024-01-15,0.2731,711,0,24.7,1,0,0.0,Current,0,0,,0.0,0,2,0,0,0,0,0.0,0.27307692307692305,13.968105065666041,2,2,1,0.10279632572553647,Low Risk
TCU-00557,Lobatse,LO007,Personal Loan,38,Pensioner,7556.0,29600.0,11.26,60,647.0,14,19721.0,2024-04-14,0.0856,622,0,17.5,1,0,0.0,Current,0,0,,0.0,0,3,0,0,0,0,0.0,0.08562731604023292,3.9174166225516145,2,4,2,0.18057353048230934,Low Risk
TCU-00558,Francistown,LO001,Business Loan,52,Private Sector,29738.0,366200.0,10.77,24,17029.0,2,329370.0,2025-05-01,0.5726,850,0,26.9,0,1,566684.0,Current,0,0,,0.0,0,0,1,0,1,0,1.5474713271436373,0.5726343399018091,12.314210774093752,0,1,3,0.07283045434280612,Low Risk
TCU-00559,Lobatse,LO013,Vehicle Loan,29,Private Sector,24574.0,180700.0,21.5,36,6854.0,15,103563.0,2024-03-21,0.2789,850,3,25.1,1,0,0.0,Current,0,0,,0.0,0,0,0,0,0,0,0.0,0.2789126719296818,7.353300236021812,2,5,3,0.18524078809707256,Low Risk
TCU-00560,Lobatse,LO014,Agriculture Loan,65,Government Employee,13919.0,68900.0,15.72,72,1484.0,6,60586.0,2024-12-20,0.1066,699,0,17.0,3,0,0.0,Late (30–89 days),77,1,Letter Sent,9025.0,1,2,0,0,0,0,0.0,0.10661685465909908,4.9500682520296,2,0,1,0.6592708208900756,High Risk
TCU-00561,Gaborone Main,LO019,Home Loan,55,Private Sector,13883.0,458300.0,16.29,12,41645.0,8,130620.0,2024-10-06,2.9997,794,0,21.0,0,0,0.0,Current,0,0,,0.0,0,1,1,0,1,0,0.0,2.0,33.011596917092845,1,3,3,0.570667718429703,High Risk
TCU-00562,Selebi-Phikwe,LO016,Business Loan,52,Pensioner,6841.0,224600.0,21.02,12,20916.0,5,111931.0,2025-01-13,3.0574,796,3,5.0,1,0,0.0,Defaulted,304,4,,47595.0,1,1,1,0,0,0,0.0,2.0,32.831457389270575,4,1,2,0.9661902223044381,Critical
TCU-00563,Maun,LO004,Education Loan,67,Government Employee,12717.0,329300.0,19.93,36,12226.0,7,261200.0,2024-11-20,0.9614,850,2,11.3,0,0,0.0,Early (1–29 days),7,1,,0.0,0,0,1,0,1,0,0.0,0.9613902649996068,25.894471966658802,3,2,1,0.4373343004423241,Medium Risk
TCU-00564,Maun,LO003,Business Loan,54,Private Sector,16642.0,76500.0,16.33,24,3758.0,18,17149.0,2024-01-04,0.2258,850,1,4.0,0,0,0.0,Current,0,0,,0.0,0,0,0,0,0,0,0.0,0.2258142050234347,4.59680326883788,3,1,3,0.16118249905984086,Low Risk
TCU-00565,Gaborone Main,LO006,Home Loan,27,Private Sector,20188.0,384500.0,20.73,24,19707.0,5,279756.0,2025-01-18,0.9762,850,0,20.6,2,0,0.0,Current,0,0,,0.0,0,0,1,0,1,0,0.0,0.9761739647315236,19.045967901723795,1,3,3,0.41550164183391053,Medium Risk
TCU-00566,Maun,LO006,Home Loan,46,Student,1991.0,14400.0,11.42,24,674.0,12,7178.0,2024-06-30,0.3385,567,0,13.5,0,1,20421.0,Current,0,0,,0.0,0,4,0,1,0,0,1.418125,0.33852335509794074,7.232546459065796,3,3,5,0.13401443575541075,Low Risk
TCU-00567,Gaborone Main,LO019,Vehicle Loan,65,Private Sector,9737.0,314300.0,15.22,72,6683.0,8,246165.0,2024-10-22,0.6864,761,2,23.9,0,0,0.0,Early (1–29 days),4,1,,0.0,0,1,1,0,1,0,0.0,0.6863510321454247,32.27893601725378,1,5,3,0.1898338819011986,Low Risk
TCU-00568,Francistown,LO016,Business Loan,55,Student,3135.0,43900.0,18.7,12,4039.0,7,17472.0,2024-11-26,1.2884,629,1,26.1,0,1,60100.0,Late (30–89 days),88,2,Home Visit,3085.0,1,3,1,1,0,0,1.3690205011389522,1.2883572567783095,14.003189792663477,0,1,5,0.6043534109731822,High Risk
TCU-00569,Gaborone Main,LO015,Education Loan,56,Private Sector,16955.0,220300.0,14.69,84,4213.0,9,174644.0,2024-09-06,0.2485,799,1,9.4,3,0,0.0,Current,0,0,,0.0,0,1,0,0,0,0,0.0,0.24848127396048364,12.993217340017694,1,2,3,0.4233628996870595,Medium Risk
TCU-00570,Maun,LO019,Vehicle Loan,48,Farmer,10117.0,34300.0,13.16,60,783.0,11,27808.0,2024-07-22,0.0774,792,1,4.6,0,0,0.0,Current,0,0,,0.0,0,1,0,0,0,0,0.0,0.07739448453098745,3.3903331026984285,3,5,0,0.1154543639536921,Low Risk
TCU-00571,Selebi-Phikwe,LO013,Business Loan,31,Self-Employed,20581.0,104200.0,11.17,36,3420.0,15,53349.0,2024-03-23,0.1662,850,2,5.0,0,0,0.0,Defaulted,171,8,Legal Notice,23738.0,1,0,0,0,0,0,0.0,0.1661726835430737,5.0629221126281525,4,1,4,0.41207017451003125,Medium Risk
TCU-00572,Francistown,LO016,Agriculture Loan,65,Farmer,7515.0,56100.0,22.71,48,1789.0,13,36724.0,2024-05-11,0.2381,711,3,12.3,0,1,109231.0,Current,0,0,,0.0,0,2,0,0,0,0,1.9470766488413547,0.23805721889554224,7.465069860279441,0,0,0,0.15269302639209187,Low Risk
TCU-00573,Lobatse,LO001,Business Loan,44,Farmer,13627.0,62800.0,14.12,60,1465.0,18,41392.0,2024-01-02,0.1075,781,1,4.6,0,1,96723.0,Current,0,0,,0.0,0,1,0,0,0,0,1.5401751592356687,0.10750715491304029,4.608497835180157,2,1,0,0.13333456375416933,Low Risk
TCU-00574,Selebi-Phikwe,LO016,Personal Loan,40,Self-Employed,13397.0,93900.0,14.67,60,2218.0,14,66212.0,2024-04-18,0.1656,636,0,20.7,0,0,0.0,Late (30–89 days),50,1,Home Visit,16134.0,1,3,0,0,0,0,0.0,0.16555945360901694,7.009031872807345,4,4,4,0.33200117670659074,Medium Risk
TCU-00575,Gaborone Main,LO016,Agriculture Loan,65,Farmer,14519.0,297500.0,13.2,36,10053.0,14,170996.0,2024-04-28,0.6924,850,0,14.5,0,1,422529.0,Current,0,0,,0.0,0,0,1,0,1,0,1.4202655462184874,0.69240305806185,20.490391900268612,1,0,0,0.19299670336997443,Low Risk
TCU-00576,Gaborone Main,LO005,Personal Loan,46,Student,2680.0,74200.0,11.56,84,1292.0,2,66293.0,2025-04-10,0.4821,612,1,1.7,1,1,65676.0,Late (30–89 days),57,2,SMS Sent,17816.0,1,3,1,1,0,1,0.885121293800539,0.48208955223880595,27.686567164179106,1,4,5,0.5115720730082937,High Risk
TCU-00577,Francistown,LO010,Home Loan,56,Self-Employed,19014.0,152400.0,9.05,12,13331.0,6,73136.0,2024-12-31,0.7011,799,0,16.3,0,1,249763.0,Current,0,0,,0.0,0,1,1,0,0,0,1.6388648293963255,0.7011149679183759,8.015146733985484,0,3,4,0.18745345258676785,Low Risk
TCU-00578,Lobatse,LO019,Vehicle Loan,61,Private Sector,6975.0,11200.0,17.94,72,255.0,14,8186.0,2024-04-13,0.0366,735,4,2.8,2,0,0.0,Late (30–89 days),77,2,,2295.0,1,2,0,0,0,0,0.0,0.03655913978494624,1.6057347670250897,2,5,3,0.8199464432305181,Critical
TCU-00579,Gaborone Main,LO007,Education Loan,27,Farmer,6132.0,74700.0,21.74,24,3866.0,16,22563.0,2024-02-20,0.6305,571,1,22.5,1,1,145026.0,Current,0,0,,0.0,0,4,1,0,0,0,1.94144578313253,0.6304631441617743,12.181996086105675,1,2,0,0.21284414375745989,Medium Risk
TCU-00580,Selebi-Phikwe,LO007,Personal Loan,39,Government Employee,21295.0,141000.0,15.67,84,2774.0,7,111746.0,2024-11-21,0.1303,850,0,21.4,0,0,0.0,Current,0,0,,0.0,0,0,0,0,0,0,0.0,0.13026532049776943,6.62127259920169,4,4,1,0.10765490476462151,Low Risk
TCU-00581,Lobatse,LO011,Education Loan,48,Student,2862.0,6600.0,13.78,36,225.0,3,5280.0,2025-03-31,0.0786,723,1,5.5,0,1,12693.0,Current,0,0,,0.0,0,2,0,1,0,0,1.923181818181818,0.07861635220125786,2.3060796645702304,2,2,5,0.17638567039203948,Low Risk
TCU-00582,Francistown,LO017,Home Loan,44,Government Employee,13169.0,228500.0,15.74,24,11160.0,12,107811.0,2024-06-19,0.8474,719,1,12.8,1,0,0.0,Current,0,0,,0.0,0,2,1,0,1,0,0.0,0.8474447566254082,17.35135545599514,0,3,1,0.4070632070389577,Medium Risk
TCU-00583,Francistown,LO013,Education Loan,46,Pensioner,9693.0,66100.0,11.78,12,5866.0,8,19319.0,2024-10-23,0.6052,801,2,12.3,0,0,0.0,Current,0,0,,0.0,0,0,1,0,0,0,0.0,0.60517899515114,6.819354173114619,0,2,2,0.2646819567654307,Medium Risk
TCU-00584,Gaborone Main,LO011,Education Loan,45,Student,3375.0,76400.0,16.17,48,2172.0,8,62006.0,2024-10-20,0.6436,767,1,27.8,0,1,130303.0,Current,0,0,,0.0,0,1,1,1,0,0,1.7055366492146598,0.6435555555555555,22.637037037037036,1,2,5,0.2622193036905697,Medium Risk
TCU-00585,Lobatse,LO014,Vehicle Loan,28,Farmer,7924.0,173100.0,10.65,60,3733.0,1,170187.0,2025-05-30,0.4711,612,3,10.1,0,0,0.0,Late (30–89 days),53,1,,48629.0,1,3,1,0,0,0,0.0,0.471100454316002,21.845027763755677,2,5,0,0.6345302733091134,High Risk
TCU-00586,Lobatse,LO007,Business Loan,46,Pensioner,6747.0,65200.0,15.82,72,1408.0,11,49627.0,2024-07-23,0.2087,658,0,26.9,0,1,79321.0,Current,0,0,,0.0,0,3,0,0,0,0,1.216579754601227,0.2086853416333185,9.663554172224693,2,1,2,0.0697173809218713,Low Risk
TCU-00587,Gaborone Main,LO020,Home Loan,51,Pensioner,9233.0,104900.0,19.69,12,9702.0,12,0.0,2024-01-08,1.0508,724,1,14.4,0,0,0.0,Current,0,0,,0.0,0,2,1,0,0,0,0.0,1.0507960576194086,11.361420989927435,1,3,2,0.42886919748964386,Medium Risk
TCU-00588,Lobatse,LO001,Vehicle Loan,67,Pensioner,6885.0,80500.0,14.68,84,1539.0,16,58944.0,2024-02-10,0.2235,703,2,15.6,0,1,81377.0,Current,0,0,,0.0,0,2,0,0,0,0,1.0108944099378883,0.2235294117647059,11.69208424110385,2,5,2,0.13631207945821688,Low Risk
TCU-00589,Francistown,LO012,Vehicle Loan,29,Student,3798.0,19600.0,15.98,36,689.0,14,10774.0,2024-04-09,0.1814,628,2,22.7,1,1,38644.0,Current,0,0,,0.0,0,3,0,1,0,0,1.9716326530612245,0.18141126908899421,5.160610847814639,0,5,5,0.2937915561528985,Medium Risk
TCU-00590,Gaborone Main,LO005,Business Loan,39,Pensioner,7131.0,81800.0,17.23,72,1830.0,8,65149.0,2024-10-25,0.2566,642,2,17.2,0,0,0.0,Current,0,0,,0.0,0,3,0,0,0,0,0.0,0.2566259991586033,11.47104192960314,1,1,2,0.12312753342667651,Low Risk
TCU-00591,Lobatse,LO010,Vehicle Loan,30,Private Sector,12175.0,210100.0,17.54,24,10442.0,17,54472.0,2024-01-13,0.8577,719,4,12.5,0,1,291023.0,Current,0,0,,0.0,0,2,1,0,0,0,1.3851642075202284,0.8576591375770021,17.256673511293634,2,5,3,0.29364477356673024,Medium Risk
TCU-00592,Selebi-Phikwe,LO006,Education Loan,45,Farmer,8785.0,101300.0,18.87,12,9329.0,6,44761.0,2024-12-16,1.0619,636,0,4.9,0,0,0.0,Defaulted,190,8,Legal Notice,27951.0,1,3,1,0,0,0,0.0,1.061923733636881,11.531018782014797,4,2,0,0.5613163972438019,High Risk
TCU-00593,Lobatse,LO008,Agriculture Loan,62,Government Employee,11443.0,166800.0,10.03,36,5385.0,15,86667.0,2024-03-09,0.4706,850,1,2.8,1,1,281727.0,Current,0,0,,0.0,0,0,1,0,0,0,1.6890107913669066,0.470593375862973,14.576597046229136,2,0,1,0.28042776207439496,Medium Risk
TCU-00594,Francistown,LO015,Business Loan,63,Private Sector,6966.0,132700.0,9.92,24,6119.0,16,43611.0,2024-03-06,0.8784,723,0,9.4,0,1,277988.0,Late (30–89 days),86,1,,7838.0,1,2,1,0,0,0,2.094860587792012,0.8784094171691071,19.049669824863624,0,1,3,0.6615072233646713,High Risk
TCU-00595,Selebi-Phikwe,LO004,Vehicle Loan,26,Private Sector,8001.0,85200.0,11.83,48,2237.0,7,68074.0,2024-11-03,0.2796,584,0,26.7,1,1,184867.0,Early (1–29 days),25,1,,0.0,0,3,0,0,0,0,2.169800469483568,0.27959005124359454,10.648668916385452,4,5,3,0.14575596362963905,Low Risk
TCU-00596,Maun,LO016,Agriculture Loan,48,Pensioner,5059.0,81200.0,23.25,36,3154.0,9,59687.0,2024-09-27,0.6234,644,0,8.6,0,1,125704.0,Current,0,0,,0.0,0,3,1,0,0,0,1.5480788177339901,0.6234433682545958,16.05060288594584,3,0,2,0.21103388016808897,Medium Risk
TCU-00597,Selebi-Phikwe,LO016,Business Loan,42,Pensioner,5073.0,136100.0,9.97,84,2257.0,3,118294.0,2025-03-29,0.4449,647,0,3.7,0,1,179537.0,Current,0,0,,0.0,0,3,1,0,0,0,1.3191550330639237,0.4449043958210132,26.82830672186083,4,1,2,0.2316721048415375,Medium Risk
TCU-00598,Lobatse,LO005,Home Loan,61,Private Sector,9753.0,304500.0,21.71,60,8360.0,12,218960.0,2024-06-09,0.8572,672,1,14.5,0,1,619656.0,Current,0,0,,0.0,0,2,1,0,1,0,2.0349950738916256,0.8571721521583102,31.221162719163335,2,3,3,0.3188271793266639,Medium Risk
TCU-00599,Francistown,LO010,Home Loan,41,Self-Employed,30162.0,161100.0,13.27,60,3688.0,4,145008.0,2025-02-06,0.1223,850,0,12.6,0,1,254008.0,Current,0,0,,0.0,0,0,0,0,0,0,1.5767101179391683,0.1222730588157284,5.341157748159937,0,3,4,0.06917608295782172,Low Risk
TCU-00600,Maun,LO010,Home Loan,64,Student,1583.0,19700.0,17.15,72,440.0,11,16183.0,2024-07-23,0.278,704,1,13.5,0,1,21132.0,Current,0,0,,0.0,0,2,0,1,0,0,1.0726903553299492,0.2779532533164877,12.44472520530638,3,3,5,0.14953112624768372,Low Risk
TCU-00601,Selebi-Phikwe,LO016,Business Loan,24,Student,2480.0,34600.0,10.07,72,642.0,6,28272.0,2024-12-16,0.2589,535,0,4.5,1,1,73280.0,Late (30–89 days),39,2,Legal Notice,6885.0,1,4,0,1,0,0,2.1179190751445085,0.25887096774193546,13.951612903225806,4,1,5,0.16041367580774163,Low Risk
TCU-00602,Francistown,LO011,Education Loan,27,Farmer,9559.0,192600.0,21.17,72,4745.0,17,128156.0,2024-01-23,0.4964,805,2,26.2,0,0,0.0,Current,0,0,,0.0,0,0,1,0,0,0,0.0,0.4963908358614918,20.14855110367193,0,2,0,0.14885318290771804,Low Risk
TCU-00603,Maun,LO015,Business Loan,35,Private Sector,17059.0,278900.0,19.41,36,10281.0,17,128215.0,2024-01-24,0.6027,756,2,24.0,1,1,692339.0,Current,0,0,,0.0,0,1,1,0,1,0,2.4823915381857296,0.6026730757957677,16.349141215780527,3,1,3,0.2718910806741481,Medium Risk
TCU-00604,Lobatse,LO016,Home Loan,54,Self-Employed,24693.0,368500.0,17.26,60,9210.0,14,262674.0,2024-04-25,0.373,850,2,25.5,0,0,0.0,Current,0,0,,0.0,0,0,0,0,1,0,0.0,0.3729801968169117,14.923257603369375,2,3,4,0.06775178184329757,Low Risk
TCU-00605,Maun,LO015,Vehicle Loan,65,Farmer,13672.0,80300.0,13.62,24,3841.0,6,55293.0,2024-12-13,0.2809,841,3,26.7,0,1,149380.0,Late (30–89 days),50,2,Called,7610.0,1,0,0,0,0,0,1.8602739726027397,0.28093914569923933,5.873317729666471,3,5,0,0.4002333985579064,Medium Risk
TCU-00606,Maun,LO018,Vehicle Loan,59,Student,3788.0,60700.0,22.84,72,1556.0,13,43688.0,2024-06-05,0.4108,615,0,9.6,0,1,146022.0,Current,0,0,,0.0,0,3,0,1,0,0,2.405634266886326,0.41077085533262936,16.02428722280887,3,5,5,0.10394162173580831,Low Risk
TCU-00607,Maun,LO008,Agriculture Loan,26,Self-Employed,11517.0,114800.0,12.7,24,5442.0,6,73538.0,2024-12-29,0.4725,826,0,28.5,0,0,0.0,Early (1–29 days),15,1,,0.0,0,0,1,0,0,0,0.0,0.472518885126335,9.967873578188765,3,0,4,0.12124560820442767,Low Risk
TCU-00608,Francistown,LO013,Education Loan,47,Private Sector,25548.0,72800.0,22.66,72,1858.0,14,51281.0,2024-05-04,0.0727,805,0,28.3,1,1,181425.0,Current,0,0,,0.0,0,0,0,0,0,0,2.4921016483516483,0.07272584938155628,2.849538124315015,0,2,3,0.15892507572258605,Low Risk
TCU-00609,Selebi-Phikwe,LO009,Education Loan,54,Self-Employed,8032.0,6600.0,20.95,48,204.0,14,4222.0,2024-04-12,0.0254,850,1,25.5,0,0,0.0,Current,0,0,,0.0,0,0,0,0,0,0,0.0,0.025398406374501994,0.8217131474103586,4,2,4,0.17610152344552582,Low Risk
TCU-00610,Maun,LO011,Personal Loan,52,Government Employee,10393.0,125200.0,10.48,24,5805.0,13,54759.0,2024-05-23,0.5585,725,2,2.3,1,0,0.0,Late (30–89 days),56,1,Called,11215.0,1,2,1,0,0,0,0.0,0.5585490233811219,12.046569806600596,3,4,1,0.658315285425926,High Risk
TCU-00611,Francistown,LO012,Personal Loan,55,Private Sector,24877.0,70400.0,14.76,36,2432.0,9,49806.0,2024-09-28,0.0978,850,0,14.4,1,1,105108.0,Current,0,0,,0.0,0,0,0,0,0,0,1.4930113636363636,0.0977609840414841,2.829923222253487,0,4,3,0.1302849074108122,Low Risk
TCU-00612,Gaborone Main,LO001,Home Loan,32,Private Sector,27533.0,416800.0,10.24,48,10619.0,2,398437.0,2025-04-20,0.3857,850,3,16.3,0,0,0.0,Current,0,0,,0.0,0,0,0,0,1,0,0.0,0.38568263538299496,15.13819779900483,1,3,3,0.09338847844038263,Low Risk
TCU-00613,Maun,LO018,Home Loan,38,Private Sector,28966.0,52700.0,16.14,84,1051.0,11,39793.0,2024-07-19,0.0363,813,0,19.9,1,0,0.0,Current,0,0,,0.0,0,0,0,0,0,0,0.0,0.03628391907753918,1.8193744389974453,3,3,3,0.12496491577948048,Low Risk
TCU-00614,Maun,LO011,Agriculture Loan,38,Private Sector,29375.0,262400.0,17.45,36,9414.0,13,150744.0,2024-05-14,0.3205,850,0,4.8,1,0,0.0,Current,0,0,,0.0,0,0,0,0,1,0,0.0,0.32047659574468085,8.932765957446808,3,0,3,0.11306932472777383,Low Risk
TCU-00615,Gaborone Main,LO005,Agriculture Loan,34,Private Sector,6819.0,49000.0,13.5,60,1127.0,1,44453.0,2025-05-07,0.1653,645,2,17.5,0,1,90955.0,Current,0,0,,0.0,0,3,0,0,0,0,1.8562244897959184,0.16527350051327175,7.185804370142249,1,0,3,0.11589674376495164,Low Risk
TCU-00616,Maun,LO006,Home Loan,54,Self-Employed,16275.0,387100.0,15.57,12,35043.0,6,186677.0,2024-12-16,2.1532,850,0,23.6,0,1,667222.0,Defaulted,324,4,,84775.0,1,0,1,0,1,0,1.7236424696460864,2.0,23.78494623655914,3,3,4,0.9797397346073394,Critical
TCU-00617,Maun,LO010,Vehicle Loan,40,Private Sector,16468.0,46100.0,21.94,60,1272.0,12,33547.0,2024-07-05,0.0772,850,0,25.3,0,1,94358.0,Current,0,0,,0.0,0,0,0,0,0,0,2.046811279826464,0.0772407092543114,2.799368472188487,3,5,3,0.09665014539741522,Low Risk
TCU-00618,Gaborone Main,LO018,Home Loan,55,Pensioner,7237.0,266800.0,11.08,24,12445.0,14,105837.0,2024-04-12,1.7196,660,1,25.8,0,0,0.0,Late (30–89 days),69,2,Letter Sent,33294.0,1,3,1,0,1,0,0.0,1.719635207959099,36.86610473953296,1,3,2,0.9030058684388753,Critical
TCU-00619,Maun,LO013,Education Loan,25,Farmer,14664.0,236700.0,10.61,36,7706.0,18,101927.0,2024-01-01,0.5255,729,0,22.1,0,1,493233.0,Current,0,0,,0.0,0,2,1,0,1,0,2.083789607097592,0.5255046372067649,16.141571194762683,3,2,0,0.0633638545230286,Low Risk
TCU-00620,Francistown,LO014,Vehicle Loan,37,Farmer,10097.0,77400.0,12.01,36,2571.0,13,48654.0,2024-05-23,0.2546,644,0,22.3,2,1,120260.0,Early (1–29 days),4,1,,0.0,0,3,0,0,0,0,1.5537467700258398,0.25463008814499355,7.6656432603743685,0,5,0,0.24351979571914956,Medium Risk
TCU-00621,Lobatse,LO004,Agriculture Loan,55,Self-Employed,25544.0,221900.0,21.24,60,6033.0,2,187272.0,2025-04-10,0.2362,850,2,26.3,2,1,493630.0,Current,0,0,,0.0,0,0,0,0,0,0,2.2245606128886886,0.2361807077983088,8.686971500156593,2,0,4,0.3321617407540405,Medium Risk
TCU-00622,Selebi-Phikwe,LO010,Business Loan,32,Student,3330.0,38400.0,23.38,84,933.0,5,32004.0,2025-01-06,0.2802,584,2,15.1,1,1,34418.0,Current,0,0,,0.0,0,3,0,1,0,0,0.8963020833333334,0.2801801801801802,11.531531531531531,4,1,5,0.33766587728017355,Medium Risk
TCU-00623,Maun,LO017,Home Loan,68,Self-Employed,19107.0,491600.0,9.79,12,43171.0,1,399447.0,2025-05-12,2.2594,802,1,3.6,1,0,0.0,Current,0,0,,0.0,0,0,1,0,1,0,0.0,2.0,25.728790495629873,3,3,4,0.23964359823092796,Medium Risk
TCU-00624,Selebi-Phikwe,LO002,Education Loan,55,Student,1877.0,52700.0,10.03,12,4634.0,12,0.0,2024-04-30,2.4688,687,0,17.6,1,0,0.0,Late (30–89 days),32,2,Home Visit,0.0,1,2,1,1,0,0,0.0,2.0,28.076718167288227,4,2,5,0.95596513380383,Critical
TCU-00625,Lobatse,LO002,Vehicle Loan,51,Pensioner,8879.0,240100.0,18.87,12,22112.0,10,37417.0,2024-08-09,2.4904,850,0,27.7,1,0,0.0,Late (30–89 days),82,2,Called,7038.0,1,0,1,0,1,0,0.0,2.0,27.041333483500395,2,5,2,0.8975964399838705,Critical
TCU-00626,Gaborone Main,LO011,Vehicle Loan,39,Farmer,11389.0,306300.0,10.99,60,6658.0,7,260042.0,2024-11-25,0.5846,769,2,23.5,0,1,291315.0,Current,0,0,,0.0,0,1,1,0,1,0,0.951077375122429,0.5845991746421986,26.89437176222671,1,5,0,0.13691880897531464,Low Risk
TCU-00627,Maun,LO004,Agriculture Loan,36,Self-Employed,7256.0,122000.0,18.41,84,2594.0,5,101007.0,2025-01-26,0.3575,743,0,13.4,0,1,132556.0,Current,0,0,,0.0,0,1,0,0,0,0,1.0865245901639344,0.35749724366041896,16.81367144432194,3,0,4,0.08250843147657473,Low Risk
TCU-00628,Lobatse,LO010,Education Loan,54,Student,3384.0,63500.0,11.58,12,5629.0,4,41395.0,2025-02-18,1.6634,643,0,10.5,0,1,92387.0,Late (30–89 days),86,2,SMS Sent,10488.0,1,3,1,1,0,0,1.4549133858267715,1.6634160756501182,18.764775413711583,2,2,5,0.8798040778114395,Critical
TCU-00629,Selebi-Phikwe,LO002,Business Loan,42,Private Sector,19152.0,140500.0,16.16,84,2803.0,10,109763.0,2024-08-12,0.1464,844,0,0.9,0,1,258629.0,Current,0,0,,0.0,0,0,0,0,0,1,1.8407758007117438,0.14635547201336674,7.336048454469507,4,1,3,0.11385119893684595,Low Risk
TCU-00630,Selebi-Phikwe,LO006,Education Loan,58,Private Sector,19941.0,444900.0,23.68,72,11627.0,9,372163.0,2024-09-24,0.5831,850,4,24.2,0,1,1036657.0,Current,0,0,,0.0,0,0,1,0,1,0,2.3300899078444592,0.5830700566671682,22.31081690988416,4,2,3,0.11989478664273923,Low Risk
TCU-00631,Maun,LO008,Education Loan,66,Private Sector,19895.0,282900.0,23.78,72,7410.0,1,259528.0,2025-05-02,0.3725,850,0,10.8,1,0,0.0,Current,0,0,,0.0,0,0,0,0,1,0,0.0,0.372455390801709,14.219653179190752,3,2,3,0.2360788881317197,Medium Risk
TCU-00632,Lobatse,LO015,Vehicle Loan,25,Farmer,10093.0,144000.0,8.84,48,3573.0,16,94500.0,2024-02-28,0.354,775,1,21.3,0,1,348919.0,Current,0,0,,0.0,0,1,0,0,0,0,2.423048611111111,0.3540077281284058,14.26731397998613,2,5,0,0.07202377698962048,Low Risk
TCU-00633,Lobatse,LO016,Vehicle Loan,23,Student,3965.0,179700.0,11.84,48,4718.0,7,142866.0,2024-11-13,1.1899,617,1,26.3,2,1,308606.0,Late (30–89 days),30,1,Letter Sent,39721.0,1,3,1,1,0,0,1.7173400111296606,1.1899117276166455,45.32156368221942,2,5,5,0.800082198809351,Critical
TCU-00634,Gaborone Main,LO020,Personal Loan,59,Government Employee,17006.0,367600.0,12.36,60,8244.0,12,286834.0,2024-07-02,0.4848,796,0,27.9,1,1,352923.0,Current,0,0,,0.0,0,1,1,0,1,0,0.9600734494015234,0.48477008114783016,21.615900270492766,1,4,1,0.3080750199324061,Medium Risk
TCU-00635,Selebi-Phikwe,LO005,Home Loan,48,Farmer,5196.0,25500.0,15.17,36,886.0,1,21410.0,2025-05-26,0.1705,701,0,19.6,0,1,24476.0,Early (1–29 days),18,1,,0.0,0,2,0,0,0,0,0.959843137254902,0.17051578137028484,4.907621247113164,4,3,0,0.08732652055523607,Low Risk
TCU-00636,Maun,LO004,Business Loan,25,Student,1506.0,5800.0,13.57,36,197.0,17,2969.0,2024-01-29,0.1308,661,1,11.6,0,1,10916.0,Current,0,0,,0.0,0,3,0,1,0,0,1.8820689655172413,0.13081009296148738,3.851261620185923,3,1,5,0.19905569234875567,Low Risk
TCU-00637,Francistown,LO020,Home Loan,28,Student,3509.0,110800.0,22.13,24,5755.0,13,49369.0,2024-06-01,1.6401,568,3,26.7,1,1,264615.0,Late (30–89 days),73,1,Called,12220.0,1,4,1,1,0,0,2.38822202166065,1.640068395554289,31.575947563408377,0,3,5,0.8916852000067422,Critical
TCU-00638,Francistown,LO020,Business Loan,28,Farmer,14968.0,469200.0,22.89,60,13197.0,4,423736.0,2025-02-02,0.8817,789,3,20.2,0,1,488131.0,Current,0,0,,0.0,0,1,1,0,1,0,1.040347399829497,0.8816809192944949,31.346873329770176,0,1,0,0.3802792935902364,Medium Risk
TCU-00639,Gaborone Main,LO016,Agriculture Loan,24,Self-Employed,29475.0,53900.0,16.56,72,1186.0,7,48016.0,2024-11-24,0.0402,812,1,22.8,0,1,55534.0,Current,0,0,,0.0,0,0,0,0,0,0,1.0303153988868274,0.04023748939779474,1.828668363019508,1,0,4,0.08930460536565411,Low Risk
TCU-00640,Selebi-Phikwe,LO003,Vehicle Loan,47,Farmer,3286.0,31300.0,17.95,36,1131.0,1,30395.0,2025-05-24,0.3442,646,2,23.2,0,1,27255.0,Current,0,0,,0.0,0,3,0,1,0,0,0.8707667731629393,0.3441874619598296,9.525258673158856,4,5,0,0.1641405921044725,Low Risk
TCU-00641,Francistown,LO011,Agriculture Loan,58,Pensioner,4288.0,54100.0,14.47,36,1861.0,16,29261.0,2024-02-23,0.434,689,1,25.6,0,0,0.0,Current,0,0,,0.0,0,2,1,1,0,0,0.0,0.4340018656716418,12.61660447761194,0,0,2,0.09988591586529301,Low Risk
TCU-00642,Maun,LO003,Agriculture Loan,33,Private Sector,10887.0,137400.0,8.74,48,3402.0,11,104329.0,2024-07-29,0.3125,672,0,9.1,2,0,0.0,Current,0,0,,0.0,0,2,0,0,0,0,0.0,0.31248277762469,12.62055662717002,3,0,3,0.1948077904126148,Low Risk
TCU-00643,Maun,LO013,Personal Loan,46,Private Sector,9742.0,205100.0,12.5,48,5452.0,7,154295.0,2024-11-13,0.5596,816,0,20.9,0,1,261040.0,Current,0,0,,0.0,0,0,1,0,0,0,1.2727450024378353,0.5596386778895504,21.053171833299118,3,4,3,0.09144985798960008,Low Risk
TCU-00644,Selebi-Phikwe,LO002,Agriculture Loan,60,Government Employee,21041.0,243000.0,9.59,12,21317.0,12,0.0,2024-04-28,1.0131,818,2,2.5,0,1,500132.0,Current,0,0,,0.0,0,0,1,0,1,0,2.058156378600823,1.0131172472791217,11.548880756618031,4,0,1,0.2295083919582612,Medium Risk
TCU-00645,Maun,LO010,Education Loan,40,Pensioner,5569.0,89700.0,22.23,24,4664.0,15,31391.0,2024-03-29,0.8375,660,4,14.3,0,1,198799.0,Current,0,0,,0.0,0,3,1,0,0,0,2.2162653288740244,0.8374932662955648,16.107021009157837,3,2,2,0.3160594674698807,Medium Risk
TCU-00646,Lobatse,LO012,Vehicle Loan,37,Farmer,11860.0,255800.0,18.77,60,6603.0,11,201651.0,2024-07-12,0.5567,748,2,1.8,0,1,578397.0,Late (30–89 days),59,1,SMS Sent,65615.0,1,1,1,0,1,1,2.261129788897576,0.5567453625632378,21.568296795952783,2,5,0,0.6144756069326387,High Risk
TCU-00647,Francistown,LO010,Education Loan,47,Farmer,3764.0,17700.0,18.7,48,526.0,17,11211.0,2024-01-26,0.1397,728,1,16.9,0,0,0.0,Current,0,0,,0.0,0,2,0,1,0,0,0.0,0.13974495217853347,4.702444208289054,0,2,0,0.09995048895659286,Low Risk
TCU-00648,Lobatse,LO006,Agriculture Loan,56,Government Employee,23858.0,76000.0,10.11,24,3511.0,18,17236.0,2024-01-07,0.1472,850,1,24.5,1,1,89808.0,Early (1–29 days),21,1,,0.0,0,0,0,0,0,0,1.181684210526316,0.14716237739961438,3.1855142928996565,2,0,1,0.17499897665331784,Low Risk
TCU-00649,Selebi-Phikwe,LO010,Agriculture Loan,52,Pensioner,7696.0,163500.0,19.08,60,4248.0,9,125324.0,2024-09-13,0.552,802,3,5.0,0,1,170938.0,Current,0,0,,0.0,0,0,1,0,0,0,1.0454923547400612,0.5519750519750519,21.244802494802496,4,0,2,0.1397223470219183,Low Risk
TCU-00650,Maun,LO001,Vehicle Loan,38,Private Sector,25331.0,202900.0,19.52,60,5322.0,10,168766.0,2024-08-20,0.2101,850,0,19.0,0,1,467108.0,Current,0,0,,0.0,0,0,0,0,0,0,2.3021586988664366,0.21009829852749595,8.009948284710434,3,5,3,0.05652332771970069,Low Risk
TCU-00651,Maun,LO011,Agriculture Loan,51,Self-Employed,18360.0,106900.0,11.86,24,5025.0,11,57453.0,2024-07-18,0.2737,827,0,14.2,1,0,0.0,Current,0,0,,0.0,0,0,0,0,0,0,0.0,0.27369281045751637,5.82244008714597,3,0,4,0.11950121591339151,Low Risk
TCU-00652,Lobatse,LO015,Home Loan,52,Government Employee,23379.0,435700.0,14.89,24,21103.0,10,228908.0,2024-08-10,0.9026,789,3,20.0,2,1,1047178.0,Defaulted,195,9,Called,150010.0,1,1,1,0,1,0,2.4034381455129674,0.9026476752641259,18.63638307883143,2,3,1,0.8087220298964433,Critical
TCU-00653,Lobatse,LO005,Agriculture Loan,39,Student,2907.0,27100.0,14.87,48,752.0,9,21583.0,2024-09-08,0.2587,757,0,28.0,0,0,0.0,Current,0,0,,0.0,0,1,0,1,0,0,0.0,0.2586859305125559,9.322325421396629,2,0,5,0.08765738032049578,Low Risk
TCU-00654,Gaborone Main,LO002,Home Loan,27,Government Employee,22494.0,451400.0,11.65,24,21175.0,10,235967.0,2024-08-06,0.9414,850,0,18.9,0,0,0.0,Current,0,0,,0.0,0,0,1,0,1,0,0.0,0.9413621410153818,20.0675735751756,1,3,1,0.6149403489069011,High Risk
TCU-00655,Lobatse,LO006,Business Loan,41,Government Employee,10775.0,160000.0,14.85,60,3794.0,2,147703.0,2025-04-25,0.3521,723,0,3.8,2,0,0.0,Defaulted,110,5,Home Visit,117587.0,1,2,0,0,0,0,0.0,0.3521113689095128,14.849187935034802,2,1,1,0.5940232429852818,High Risk
TCU-00656,Francistown,LO001,Education Loan,46,Farmer,11257.0,434700.0,17.57,24,21612.0,2,392139.0,2025-04-03,1.9199,850,4,28.4,0,0,0.0,Early (1–29 days),5,1,,0.0,0,0,1,0,1,0,0.0,1.9198720795949187,38.615972283912235,0,2,0,0.7453734982073874,Critical
TCU-00657,Selebi-Phikwe,LO005,Personal Loan,61,Self-Employed,39744.0,336100.0,23.4,36,13081.0,8,250095.0,2024-10-26,0.3291,850,1,24.1,0,0,0.0,Current,0,0,,0.0,0,0,0,0,1,0,0.0,0.32913144122383253,8.456622383252817,4,4,4,0.09330048989487645,Low Risk
TCU-00658,Maun,LO017,Personal Loan,34,Pensioner,6938.0,20800.0,12.2,36,693.0,9,14310.0,2024-09-26,0.0999,685,1,1.7,1,0,0.0,Late (30–89 days),65,1,Legal Notice,1898.0,1,2,0,0,0,1,0.0,0.09988469299509946,2.9979821274142404,3,4,2,0.3140484146215717,Medium Risk
TCU-00659,Lobatse,LO001,Home Loan,22,Student,2832.0,51100.0,9.06,72,923.0,9,42679.0,2024-10-03,0.3259,572,3,23.6,0,1,122790.0,Current,0,0,,0.0,0,4,0,1,0,0,2.4029354207436397,0.3259180790960452,18.043785310734464,2,3,5,0.08302016693959838,Low Risk
TCU-00660,Selebi-Phikwe,LO003,Agriculture Loan,39,Government Employee,23527.0,448400.0,8.86,24,20456.0,14,165617.0,2024-04-19,0.8695,850,0,2.4,0,1,425333.0,Defaulted,96,8,Legal Notice,131098.0,1,0,1,0,1,0,0.948557091882248,0.8694691205848599,19.05895354273813,4,0,1,0.6937976502222761,High Risk
TCU-00661,Lobatse,LO015,Agriculture Loan,26,Private Sector,26962.0,57400.0,10.39,72,1075.0,13,41388.0,2024-05-22,0.0399,850,0,28.6,0,0,0.0,Early (1–29 days),11,1,,0.0,0,0,0,0,0,0,0.0,0.03987092945627179,2.128922186781396,2,0,3,0.08246215084744055,Low Risk
TCU-00662,Francistown,LO016,Business Loan,62,Pensioner,8249.0,175300.0,15.77,72,3780.0,16,124943.0,2024-03-03,0.4582,737,1,2.8,3,1,401945.0,Late (30–89 days),37,1,Letter Sent,18373.0,1,2,1,0,0,0,2.292897889332573,0.4582373621044975,21.2510607346345,0,1,2,0.7268966135694241,Critical
TCU-00663,Selebi-Phikwe,LO019,Home Loan,36,Private Sector,20437.0,146300.0,15.11,84,2832.0,6,130459.0,2024-12-19,0.1386,746,4,7.9,1,1,132655.0,Current,0,0,,0.0,0,1,0,0,0,0,0.9067327409432673,0.13857219748495375,7.158584919508734,4,3,3,0.22325753627822842,Medium Risk
TCU-00664,Selebi-Phikwe,LO001,Agriculture Loan,49,Government Employee,19467.0,353500.0,22.67,72,9023.0,15,261770.0,2024-03-08,0.4635,831,2,9.9,0,0,0.0,Current,0,0,,0.0,0,0,1,0,1,0,0.0,0.46350233728874507,18.15893563466379,4,0,1,0.11261459044166588,Low Risk
TCU-00665,Francistown,LO008,Education Loan,56,Student,2097.0,34600.0,22.14,36,1324.0,4,28281.0,2025-02-16,0.6314,742,0,22.6,0,1,35881.0,Current,0,0,,0.0,0,1,1,1,0,0,1.0370231213872831,0.631378159275155,16.499761564139245,0,2,5,0.2618546579806123,Medium Risk
TCU-00666,Gaborone Main,LO014,Agriculture Loan,47,Self-Employed,36593.0,473300.0,11.86,12,42021.0,4,290557.0,2025-02-04,1.1483,850,0,6.3,0,1,1046288.0,Late (30–89 days),42,2,Home Visit,73135.0,1,0,1,0,1,0,2.210623283329812,1.1483343808925204,12.93416773699888,1,0,4,0.7213664887687754,Critical
TCU-00667,Francistown,LO016,Agriculture Loan,49,Farmer,3717.0,16300.0,13.51,48,441.0,8,11834.0,2024-10-23,0.1186,621,0,15.0,2,0,0.0,Current,0,0,,0.0,0,3,0,1,0,0,0.0,0.11864406779661017,4.385256927629809,0,0,0,0.4787854339391846,High Risk
TCU-00668,Lobatse,LO005,Education Loan,61,Government Employee,12792.0,394200.0,21.89,36,15032.0,2,319980.0,2025-04-29,1.1751,797,1,12.8,0,1,471796.0,Late (30–89 days),88,2,Legal Notice,94939.0,1,1,1,0,1,0,1.1968442415017757,1.1751094434021263,30.816135084427767,2,2,1,0.930673226482163,Critical
TCU-00669,Maun,LO007,Business Loan,43,Pensioner,9793.0,227100.0,22.63,72,5791.0,10,190082.0,2024-08-30,0.5913,740,3,9.7,2,1,238956.0,Current,0,0,,0.0,0,1,1,0,0,0,1.05220607661823,0.5913407535995099,23.190033697539057,3,1,2,0.3907229641004274,Medium Risk
TCU-00670,Gaborone Main,LO015,Vehicle Loan,68,Self-Employed,31988.0,141700.0,10.72,84,2405.0,16,105655.0,2024-03-01,0.0752,850,0,0.6,0,0,0.0,Current,0,0,,0.0,0,0,0,0,0,1,0.0,0.07518444416656246,4.4297861698136805,1,5,4,0.11788147368416327,Low Risk
TCU-00671,Lobatse,LO018,Business Loan,53,Self-Employed,33669.0,479100.0,17.76,12,43869.0,8,153314.0,2024-10-29,1.3029,850,2,8.8,1,1,1049994.0,Defaulted,223,6,SMS Sent,71264.0,1,0,1,0,1,0,2.1915967438948027,1.3029493005435266,14.229706852000357,2,1,4,0.6929308758615548,High Risk
TCU-00672,Selebi-Phikwe,LO003,Home Loan,23,Student,3127.0,24900.0,18.2,60,635.0,12,18706.0,2024-06-09,0.2031,593,2,3.7,0,1,49818.0,Current,0,0,,0.0,0,3,0,1,0,0,2.000722891566265,0.2030700351774864,7.9629037416053725,4,3,5,0.0834453522506651,Low Risk
TCU-00673,Gaborone Main,LO011,Education Loan,23,Government Employee,16111.0,230000.0,14.31,12,20685.0,3,163349.0,2025-03-20,1.2839,720,2,1.5,0,0,0.0,Early (1–29 days),23,1,,0.0,0,2,1,0,1,1,0.0,1.283905406244181,14.275960523865681,1,2,1,0.4712441919584635,High Risk
TCU-00674,Selebi-Phikwe,LO003,Personal Loan,67,Private Sector,9358.0,28200.0,19.56,12,2606.0,5,16382.0,2025-01-03,0.2785,816,0,12.7,1,1,48693.0,Current,0,0,,0.0,0,0,0,0,0,0,1.7267021276595744,0.27847830733062623,3.0134644154733916,4,4,3,0.14078102526179964,Low Risk
TCU-00675,Gaborone Main,LO007,Vehicle Loan,31,Pensioner,4954.0,170500.0,12.02,12,15150.0,12,0.0,2024-01-25,3.0581,691,0,7.0,0,1,388710.0,Late (30–89 days),78,2,Letter Sent,0.0,1,2,1,1,0,0,2.279824046920821,2.0,34.41663302381914,1,5,2,0.948321767476893,Critical
TCU-00676,Selebi-Phikwe,LO018,Personal Loan,53,Government Employee,8682.0,64200.0,17.53,12,5872.0,6,30664.0,2024-12-23,0.6763,713,1,11.4,2,1,74583.0,Current,0,0,,0.0,0,2,1,0,0,0,1.161728971962617,0.6763418567150427,7.394609536973047,4,4,1,0.3876613197783555,Medium Risk
TCU-00677,Lobatse,LO012,Education Loan,40,Self-Employed,17983.0,378300.0,12.47,24,17891.0,7,263860.0,2024-11-30,0.9949,747,1,13.6,3,0,0.0,Late (30–89 days),37,1,SMS Sent,51944.0,1,1,1,0,1,0,0.0,0.9948840571651004,21.0365345048101,2,2,4,0.8666148488233334,Critical
TCU-00678,Lobatse,LO010,Agriculture Loan,35,Private Sector,22181.0,409800.0,14.09,12,36812.0,10,63862.0,2024-08-23,1.6596,850,3,7.9,0,1,478614.0,Defaulted,260,6,,39902.0,1,0,1,0,1,0,1.1679209370424597,1.6596185924890672,18.475271628871557,2,0,3,0.945000052629227,Critical
TCU-00679,Maun,LO015,Vehicle Loan,46,Student,3606.0,34400.0,17.19,36,1230.0,9,22231.0,2024-09-11,0.3411,685,0,2.0,0,1,27521.0,Current,0,0,,0.0,0,2,0,1,0,0,0.8000290697674418,0.3410981697171381,9.539656128674432,3,5,5,0.17050240103942746,Low Risk
TCU-00680,Maun,LO007,Agriculture Loan,28,Government Employee,11243.0,269000.0,9.68,48,6781.0,17,155422.0,2024-01-23,0.6031,725,0,4.0,0,1,641516.0,Current,0,0,,0.0,0,2,1,0,1,0,2.384817843866171,0.6031308369652228,23.925998399003824,3,0,1,0.1563242391919633,Low Risk
TCU-00681,Gaborone Main,LO016,Business Loan,62,Student,1550.0,9300.0,21.98,60,257.0,8,7178.0,2024-10-06,0.1658,675,2,5.0,0,0,0.0,Defaulted,344,9,Home Visit,5554.0,1,2,0,1,0,0,0.0,0.16580645161290322,6.0,1,1,5,0.6978228461024985,High Risk
TCU-00682,Lobatse,LO002,Agriculture Loan,33,Government Employee,9071.0,104700.0,12.86,48,2802.0,11,78309.0,2024-07-26,0.3089,647,0,8.5,1,1,163498.0,Defaulted,112,12,Home Visit,60762.0,1,3,0,0,0,0,1.561585482330468,0.30889648329842356,11.542277587917539,2,0,1,0.3681316813740396,Medium Risk
TCU-00683,Selebi-Phikwe,LO008,Agriculture Loan,57,Student,4470.0,25500.0,17.77,48,746.0,2,22768.0,2025-04-28,0.1669,624,2,16.5,0,0,0.0,Current,0,0,,0.0,0,3,0,1,0,0,0.0,0.1668903803131991,5.704697986577181,4,0,5,0.19625721988333858,Low Risk
TCU-00684,Francistown,LO016,Agriculture Loan,44,Self-Employed,23522.0,218700.0,17.83,24,10900.0,6,162173.0,2024-12-06,0.4634,850,1,13.8,0,0,0.0,Current,0,0,,0.0,0,0,1,0,0,0,0.0,0.4633959697304651,9.297678768812176,0,0,4,0.14326759288824056,Low Risk
TCU-00685,Lobatse,LO011,Education Loan,62,Private Sector,21185.0,426300.0,17.39,84,8808.0,11,360733.0,2024-07-29,0.4158,802,3,29.7,0,1,758085.0,Current,0,0,,0.0,0,0,0,0,1,0,1.778289936664321,0.4157658720793014,20.122728345527495,2,2,3,0.07993956404798966,Low Risk
TCU-00686,Maun,LO016,Personal Loan,36,Student,2639.0,44600.0,23.02,60,1258.0,4,36751.0,2025-02-06,0.4767,722,0,12.5,1,1,84240.0,Current,0,0,,0.0,0,2,1,1,0,0,1.8887892376681614,0.4766957180750284,16.900341038272074,3,4,5,0.2550395509546252,Medium Risk
TCU-00687,Gaborone Main,LO017,Personal Loan,34,Student,3233.0,102600.0,13.25,84,1880.0,4,87496.0,2025-02-19,0.5815,678,4,6.1,0,1,118200.0,Early (1–29 days),15,1,,0.0,0,2,1,1,0,0,1.152046783625731,0.5815032477575007,31.735230436127434,1,4,5,0.5550306654088786,High Risk
TCU-00688,Maun,LO013,Personal Loan,29,Farmer,11374.0,103600.0,11.73,48,2714.0,1,95891.0,2025-05-04,0.2386,810,1,20.5,3,1,144786.0,Current,0,0,,0.0,0,0,0,0,0,0,1.3975482625482625,0.23861438368208193,9.108493054334447,3,4,0,0.28361518086858134,Medium Risk
TCU-00689,Selebi-Phikwe,LO019,Education Loan,56,Government Employee,22971.0,344000.0,23.92,48,11200.0,16,228053.0,2024-02-09,0.4876,850,0,3.2,0,0,0.0,Current,0,0,,0.0,0,0,1,0,1,0,0.0,0.4875712855339341,14.975403769970832,4,2,1,0.2022642159172322,Medium Risk
TCU-00690,Lobatse,LO016,Personal Loan,43,Private Sector,13749.0,310200.0,15.49,60,7460.0,4,250216.0,2025-02-24,0.5426,753,1,18.0,0,1,515149.0,Current,0,0,,0.0,0,1,1,0,1,0,1.660699548678272,0.5425849152665648,22.561640846607027,2,4,3,0.09309756843956403,Low Risk
TCU-00691,Lobatse,LO002,Home Loan,58,Farmer,10028.0,185400.0,22.49,36,7128.0,12,105798.0,2024-06-15,0.7108,721,1,29.1,0,1,226813.0,Current,0,0,,0.0,0,2,1,0,0,0,1.223371089536138,0.7108097327483047,18.48823294774631,2,3,0,0.17317504816560178,Low Risk
TCU-00692,Gaborone Main,LO010,Business Loan,33,Farmer,5681.0,145200.0,16.15,72,3162.0,3,135151.0,2025-03-31,0.5566,641,3,3.9,0,1,357766.0,Late (30–89 days),61,2,Home Visit,40354.0,1,3,1,0,0,0,2.463953168044077,0.5565921492694949,25.558880478788947,1,1,0,0.6696841491455743,High Risk
TCU-00693,Lobatse,LO012,Agriculture Loan,23,Student,3402.0,7900.0,15.26,72,168.0,3,6511.0,2025-03-08,0.0494,741,1,14.5,0,1,18781.0,Late (30–89 days),35,1,Home Visit,1733.0,1,1,0,1,0,0,2.377341772151899,0.04938271604938271,2.3221634332745444,2,0,5,0.5801760608521732,High Risk
TCU-00694,Maun,LO018,Home Loan,64,Pensioner,6867.0,213300.0,17.52,12,19507.0,12,0.0,2024-02-10,2.8407,816,0,4.4,1,1,192394.0,Late (30–89 days),72,2,SMS Sent,0.0,1,0,1,0,0,0,0.9019878105954056,2.0,31.061598951507207,3,3,2,0.9556751909151124,Critical
TCU-00695,Maun,LO008,Vehicle Loan,41,Private Sector,25229.0,227700.0,15.92,12,20651.0,12,0.0,2024-06-25,0.8185,840,2,4.8,0,1,515516.0,Defaulted,352,4,Called,0.0,1,0,1,0,1,0,2.2640140535792708,0.8185421538705459,9.025327995560664,3,5,3,0.63422870193227,High Risk
TCU-00696,Maun,LO008,Home Loan,62,Farmer,7877.0,18000.0,13.47,48,487.0,17,10217.0,2024-01-29,0.0618,703,2,11.5,0,0,0.0,Current,0,0,,0.0,0,2,0,0,0,0,0.0,0.06182556810968643,2.2851339342389236,3,3,0,0.11295126442066589,Low Risk
TCU-00697,Francistown,LO008,Education Loan,54,Farmer,9255.0,25400.0,17.8,48,743.0,15,16314.0,2024-03-08,0.0803,727,2,1.7,0,1,48394.0,Current,0,0,,0.0,0,2,0,0,0,1,1.9052755905511811,0.08028092922744462,2.744462452728255,0,2,0,0.11535607778962557,Low Risk
TCU-00698,Maun,LO016,Education Loan,60,Self-Employed,21560.0,420600.0,17.64,60,10598.0,13,303244.0,2024-05-20,0.4916,791,0,14.9,0,1,787919.0,Current,0,0,,0.0,0,1,1,0,1,0,1.8733214455539706,0.4915584415584416,19.508348794063078,3,2,4,0.07775272698080196,Low Risk
TCU-00699,Lobatse,LO008,Home Loan,40,Pensioner,9561.0,58000.0,11.46,36,1912.0,11,39225.0,2024-07-15,0.2,670,0,13.0,0,0,0.0,Current,0,0,,0.0,0,2,0,0,0,0,0.0,0.1999790816860161,6.06631105532894,2,3,2,0.11188055019546633,Low Risk
TCU-00700,Maun,LO018,Education Loan,40,Private Sector,13707.0,293000.0,11.19,72,5606.0,8,246326.0,2024-10-25,0.409,766,0,23.8,1,1,556908.0,Current,0,0,,0.0,0,1,0,0,1,0,1.9007098976109216,0.4089881082658496,21.375939301087037,3,2,3,0.09128182840254558,Low Risk
TCU-00701,Selebi-Phikwe,LO018,Home Loan,39,Pensioner,4878.0,45400.0,23.48,84,1105.0,4,36774.0,2025-02-06,0.2265,735,3,13.9,3,0,0.0,Current,0,0,,0.0,0,2,0,1,0,0,0.0,0.22652726527265274,9.307093070930708,4,3,2,0.3559738052730371,Medium Risk
TCU-00702,Selebi-Phikwe,LO020,Personal Loan,25,Farmer,8716.0,31400.0,11.31,36,1033.0,16,14935.0,2024-02-25,0.1185,822,0,3.7,0,1,30239.0,Early (1–29 days),22,1,,0.0,0,0,0,0,0,0,0.9630254777070064,0.11851766865534649,3.6025699862322167,4,4,0,0.09774321382255848,Low Risk
TCU-00703,Gaborone Main,LO004,Home Loan,58,Government Employee,24606.0,145700.0,12.23,24,6874.0,9,90077.0,2024-09-30,0.2794,850,0,17.7,1,1,355928.0,Early (1–29 days),6,1,,0.0,0,0,0,0,0,0,2.4428826355525053,0.27936275705112573,5.92132000325124,1,3,1,0.1179341059812767,Low Risk
TCU-00704,Lobatse,LO009,Vehicle Loan,27,Pensioner,4747.0,43200.0,12.25,60,966.0,12,34000.0,2024-06-18,0.2035,692,3,8.7,0,0,0.0,Current,0,0,,0.0,0,2,0,1,0,0,0.0,0.20349694543922478,9.10048451653676,2,5,2,0.14590381543118025,Low Risk
TCU-00705,Francistown,LO004,Personal Loan,50,Private Sector,15805.0,70800.0,22.27,84,1670.0,5,56828.0,2025-01-24,0.1057,817,1,13.4,1,1,59133.0,Current,0,0,,0.0,0,0,0,0,0,0,0.8352118644067796,0.10566276494780133,4.479595064852894,0,4,3,0.16759692604528642,Low Risk
TCU-00706,Francistown,LO003,Education Loan,35,Self-Employed,34130.0,88300.0,14.76,24,4271.0,7,56478.0,2024-11-17,0.1251,850,0,21.6,2,1,202396.0,Current,0,0,,0.0,0,0,0,0,0,0,2.292140430351076,0.12513917374743627,2.5871667154995603,0,2,4,0.3962527758513889,Medium Risk
TCU-00707,Gaborone Main,LO015,Agriculture Loan,63,Student,4300.0,41900.0,14.41,48,1154.0,3,37656.0,2025-03-22,0.2684,746,0,7.2,0,0,0.0,Current,0,0,,0.0,0,1,0,1,0,0,0.0,0.2683720930232558,9.744186046511627,1,0,5,0.139125603087779,Low Risk
TCU-00708,Lobatse,LO017,Business Loan,63,Pensioner,9075.0,159500.0,20.29,12,14797.0,12,0.0,2024-06-11,1.6305,758,1,2.0,0,0,0.0,Late (30–89 days),84,2,Called,0.0,1,1,1,0,0,0,0.0,1.6305234159779614,17.575757575757574,2,1,2,0.9705451994823872,Critical
TCU-00709,Maun,LO006,Education Loan,36,Farmer,3801.0,104300.0,17.38,84,2154.0,12,79855.0,2024-06-29,0.5667,604,0,1.0,3,0,0.0,Defaulted,141,7,Called,61311.0,1,3,1,1,0,1,0.0,0.5666929755327546,27.44014732965009,3,2,0,0.8496560769977622,Critical
TCU-00710,Selebi-Phikwe,LO018,Home Loan,56,Government Employee,20295.0,331400.0,12.31,12,29493.0,7,135088.0,2024-11-29,1.4532,850,2,15.6,0,1,297148.0,Defaulted,114,10,Called,63513.0,1,0,1,0,1,0,0.8966445383222692,1.4532150776053214,16.329145109632915,4,3,1,0.9575712933495824,Critical
TCU-00711,Maun,LO019,Home Loan,37,Pensioner,6774.0,138000.0,19.56,24,6994.0,16,39563.0,2024-02-13,1.0325,696,1,24.1,0,1,237429.0,Current,0,0,,0.0,0,2,1,0,0,0,1.7205,1.0324771183938588,20.37201062887511,3,3,2,0.48002450004700004,High Risk
TCU-00712,Lobatse,LO019,Agriculture Loan,55,Self-Employed,34155.0,129500.0,23.02,24,6784.0,1,121459.0,2025-05-30,0.1986,850,0,1.6,0,0,0.0,Current,0,0,,0.0,0,0,0,0,0,1,0.0,0.1986239203630508,3.79153857414727,2,0,4,0.08811496937849317,Low Risk
TCU-00713,Maun,LO012,Personal Loan,46,Farmer,6775.0,7000.0,15.25,72,149.0,13,5263.0,2024-05-30,0.022,630,0,23.9,0,1,16316.0,Current,0,0,,0.0,0,3,0,0,0,0,2.330857142857143,0.02199261992619926,1.033210332103321,3,4,0,0.10375785889917286,Low Risk
TCU-00714,Maun,LO007,Vehicle Loan,67,Farmer,4565.0,55900.0,10.76,72,1057.0,14,40271.0,2024-04-13,0.2315,681,0,14.2,0,0,0.0,Current,0,0,,0.0,0,2,0,1,0,0,0.0,0.23154435925520264,12.245345016429354,3,5,0,0.0872277874395508,Low Risk
TCU-00715,Selebi-Phikwe,LO002,Vehicle Loan,54,Pensioner,4407.0,36200.0,16.35,12,3290.0,12,0.0,2024-04-13,0.7465,696,0,7.0,0,1,53786.0,Current,0,0,,0.0,0,2,1,1,0,0,1.4858011049723756,0.7465395960971182,8.214204674381666,4,5,2,0.17461764959688417,Low Risk
TCU-00716,Gaborone Main,LO017,Education Loan,40,Self-Employed,8439.0,116900.0,20.34,12,10848.0,12,0.0,2024-03-09,1.2855,674,0,24.8,0,0,0.0,Current,0,0,,0.0,0,2,1,0,0,0,0.0,1.285460362602204,13.85235217442825,1,2,4,0.5509508985258365,High Risk
TCU-00717,Lobatse,LO013,Home Loan,34,Government Employee,14705.0,63700.0,23.28,24,3345.0,3,52137.0,2025-03-04,0.2275,673,0,16.6,0,0,0.0,Defaulted,123,5,Letter Sent,41005.0,1,2,0,0,0,0,0.0,0.22747364841890513,4.331859911594695,2,3,1,0.30421882009120743,Medium Risk
TCU-00718,Gaborone Main,LO008,Vehicle Loan,68,Farmer,13982.0,170600.0,10.27,72,3184.0,2,161176.0,2025-04-15,0.2277,850,0,22.0,0,1,413891.0,Current,0,0,,0.0,0,0,0,0,0,0,2.426090269636577,0.22772135602918037,12.201401802317266,1,5,0,0.07999687409122895,Low Risk
TCU-00719,Maun,LO017,Business Loan,43,Student,3837.0,97300.0,19.08,84,2107.0,9,76791.0,2024-09-08,0.5491,748,0,15.5,0,0,0.0,Current,0,0,,0.0,0,1,1,1,0,0,0.0,0.5491269220745374,25.358352879854053,3,1,5,0.21810857173469725,Medium Risk
TCU-00720,Francistown,LO018,Business Loan,38,Government Employee,22356.0,425200.0,15.7,24,20758.0,14,169125.0,2024-04-10,0.9285,850,1,12.7,0,0,0.0,Late (30–89 days),69,2,,57016.0,1,0,1,0,1,0,0.0,0.9285203077473609,19.019502594381823,0,1,1,0.7781503139746977,Critical
TCU-00721,Gaborone Main,LO014,Vehicle Loan,26,Self-Employed,33342.0,239200.0,8.97,36,7603.0,14,131005.0,2024-05-01,0.228,732,3,12.2,0,1,286966.0,Current,0,0,,0.0,0,2,0,0,1,0,1.1996906354515051,0.22803071201487612,7.174134724971507,1,5,4,0.0975781891603406,Low Risk
TCU-00722,Lobatse,LO013,Personal Loan,60,Self-Employed,7624.0,85400.0,10.83,48,2200.0,1,82324.0,2025-05-19,0.2886,769,3,23.9,0,1,75776.0,Current,0,0,,0.0,0,1,0,0,0,0,0.8873067915690867,0.2885624344176285,11.201469045120671,2,4,4,0.11096942816019048,Low Risk
TCU-00723,Maun,LO019,Personal Loan,45,Student,1642.0,27300.0,9.1,60,568.0,15,20439.0,2024-03-25,0.3459,578,0,5.5,0,0,0.0,Current,0,0,,0.0,0,4,0,1,0,0,0.0,0.3459196102314251,16.626065773447017,3,4,5,0.16550632728880119,Low Risk
TCU-00724,Lobatse,LO010,Business Loan,55,Government Employee,9104.0,83800.0,18.47,72,1934.0,14,62406.0,2024-04-08,0.2124,683,0,8.9,0,1,90233.0,Current,0,0,,0.0,0,2,0,0,0,0,1.0767661097852028,0.2124340949033392,9.204745166959578,2,1,1,0.11874863337025846,Low Risk
TCU-00725,Selebi-Phikwe,LO014,Business Loan,41,Self-Employed,32593.0,334800.0,11.76,48,8777.0,13,233258.0,2024-06-01,0.2693,850,3,4.9,3,1,679212.0,Late (30–89 days),50,1,Home Visit,65233.0,1,0,0,0,1,0,2.028709677419355,0.2692909520449176,10.272144325468659,4,1,4,0.7461445168615439,Critical
TCU-00726,Lobatse,LO019,Home Loan,48,Government Employee,23936.0,224100.0,9.02,24,10240.0,4,164102.0,2025-02-04,0.4278,850,0,1.4,1,1,250355.0,Current,0,0,,0.0,0,0,0,0,0,1,1.1171575189647478,0.42780748663101603,9.362466577540108,2,3,1,0.1269842924700636,Low Risk
TCU-00727,Selebi-Phikwe,LO005,Home Loan,67,Self-Employed,30830.0,330900.0,23.35,84,8030.0,11,244754.0,2024-07-07,0.2605,850,1,14.9,3,1,762120.0,Current,0,0,,0.0,0,0,0,0,1,0,2.303173164097915,0.2604605903340902,10.733052221861822,4,3,4,0.343588912945054,Medium Risk
TCU-00728,Francistown,LO014,Personal Loan,34,Student,4198.0,105200.0,20.9,36,3958.0,6,74553.0,2024-12-11,0.9428,520,1,24.8,0,1,143628.0,Current,0,0,,0.0,0,4,1,1,0,0,1.3652851711026617,0.9428299190090519,25.059552167698904,0,4,5,0.6160523489720993,High Risk
TCU-00729,Lobatse,LO019,Education Loan,55,Farmer,14119.0,208500.0,19.83,12,19297.0,2,172815.0,2025-04-10,1.3667,765,4,14.0,0,1,375685.0,Late (30–89 days),83,2,Legal Notice,57420.0,1,1,1,0,0,0,1.8018465227817746,1.3667398540973157,14.767334797081947,2,2,0,0.9036043621773078,Critical
TCU-00730,Maun,LO019,Business Loan,58,Private Sector,16783.0,251400.0,9.1,24,11497.0,9,142861.0,2024-09-17,0.685,812,0,7.3,0,0,0.0,Late (30–89 days),33,1,Letter Sent,42944.0,1,0,1,0,1,0,0.0,0.6850384317464101,14.979443484478342,3,1,3,0.5620514884284418,High Risk
TCU-00731,Selebi-Phikwe,LO001,Education Loan,56,Pensioner,9211.0,272200.0,20.71,84,6161.0,16,203715.0,2024-02-22,0.6689,695,1,23.5,1,0,0.0,Current,0,0,,0.0,0,2,1,0,1,0,0.0,0.6688741721854304,29.551623059385516,4,2,2,0.3033194113473331,Medium Risk
TCU-00732,Gaborone Main,LO014,Personal Loan,63,Private Sector,13891.0,141500.0,10.04,72,2624.0,9,108380.0,2024-09-21,0.1889,785,0,8.1,0,1,288600.0,Current,0,0,,0.0,0,1,0,0,0,0,2.039575971731449,0.18889928730832914,10.18645165934778,1,4,3,0.06068933660905392,Low Risk
TCU-00733,Lobatse,LO003,Personal Loan,56,Student,4940.0,183800.0,8.55,24,8359.0,15,66637.0,2024-03-08,1.6921,757,4,3.8,0,1,386384.0,Late (30–89 days),37,2,Letter Sent,17792.0,1,1,1,1,0,0,2.102198041349293,1.6921052631578948,37.20647773279352,2,4,5,0.8944547828723421,Critical
TCU-00734,Gaborone Main,LO012,Business Loan,27,Self-Employed,17964.0,319700.0,19.74,60,8424.0,15,239492.0,2024-03-29,0.4689,650,0,10.6,0,0,0.0,Current,0,0,,0.0,0,3,1,0,1,0,0.0,0.46893787575150303,17.796704520151415,1,1,4,0.14365556114441203,Low Risk
TCU-00735,Maun,LO013,Vehicle Loan,44,Government Employee,9761.0,242200.0,11.79,24,11377.0,1,224221.0,2025-05-10,1.1656,741,4,7.2,0,0,0.0,Current,0,0,,0.0,0,1,1,0,1,0,0.0,1.1655568077041287,24.813031451695522,3,5,1,0.5749415324208672,High Risk
TCU-00736,Francistown,LO002,Personal Loan,63,Self-Employed,20305.0,90800.0,23.81,36,3553.0,6,69033.0,2024-12-12,0.175,850,2,29.1,1,1,202769.0,Current,0,0,,0.0,0,0,0,0,0,0,2.233138766519824,0.1749815316424526,4.471804974144299,0,4,4,0.20982798136820854,Medium Risk
TCU-00737,Selebi-Phikwe,LO018,Education Loan,30,Farmer,11711.0,179500.0,9.0,84,2888.0,7,145933.0,2024-11-20,0.2466,671,0,3.6,2,0,0.0,Current,0,0,,0.0,0,2,0,0,0,0,0.0,0.24660575527282041,15.327469900093929,4,2,0,0.23149925145004085,Medium Risk
TCU-00738,Maun,LO014,Personal Loan,31,Self-Employed,39105.0,251700.0,19.95,48,7653.0,17,138810.0,2024-01-24,0.1957,850,0,6.0,0,1,425983.0,Current,0,0,,0.0,0,0,0,0,1,0,1.6924235200635678,0.19570387418488686,6.4365170694284615,3,4,4,0.06145289614890968,Low Risk
TCU-00739,Maun,LO004,Business Loan,38,Self-Employed,24751.0,44000.0,9.26,36,1405.0,15,24941.0,2024-03-22,0.0568,804,1,9.3,0,1,102170.0,Current,0,0,,0.0,0,0,0,0,0,0,2.3220454545454547,0.05676538321683972,1.777705951274696,3,1,4,0.09711559475632021,Low Risk
TCU-00740,Maun,LO009,Agriculture Loan,48,Government Employee,8885.0,122300.0,17.62,12,11190.0,1,96007.0,2025-05-03,1.2594,717,2,12.5,0,1,293204.0,Late (30–89 days),51,1,Legal Notice,14044.0,1,2,1,0,0,0,2.397416189697465,1.2594259988745076,13.764772087788407,3,0,1,0.795350862690998,Critical
TCU-00741,Gaborone Main,LO016,Business Loan,66,Government Employee,20389.0,250400.0,21.24,72,6179.0,10,215287.0,2024-09-01,0.3031,850,0,23.9,1,1,433407.0,Current,0,0,,0.0,0,0,0,0,1,0,1.7308586261980832,0.3030555691794595,12.281131982931973,1,1,1,0.12673324218719093,Low Risk
TCU-00742,Maun,LO012,Business Loan,34,Pensioner,6427.0,195200.0,12.96,24,9276.0,13,85533.0,2024-05-07,1.4433,690,0,18.4,0,1,352190.0,Current,0,0,,0.0,0,2,1,0,0,0,1.8042520491803278,1.4432861366111716,30.371868679010426,3,1,2,0.8102979676058869,Critical
TCU-00743,Gaborone Main,LO008,Business Loan,63,Pensioner,8266.0,45700.0,9.22,12,4001.0,4,26504.0,2025-02-08,0.484,794,1,19.7,1,0,0.0,Defaulted,144,8,Called,13062.0,1,1,1,0,0,0,0.0,0.48403097023953545,5.528671667069925,1,1,2,0.6831441913565505,High Risk
TCU-00744,Gaborone Main,LO012,Home Loan,31,Student,4920.0,67800.0,12.76,72,1352.0,11,56216.0,2024-07-25,0.2748,816,0,12.0,0,0,0.0,Current,0,0,,0.0,0,0,0,1,0,0,0.0,0.27479674796747966,13.78048780487805,1,3,5,0.10524695855302449,Low Risk
TCU-00745,Gaborone Main,LO009,Personal Loan,39,Farmer,8200.0,114600.0,21.42,72,2840.0,2,103466.0,2025-04-14,0.3463,724,0,8.9,0,0,0.0,Early (1–29 days),15,1,,0.0,0,2,0,0,0,0,0.0,0.3463414634146341,13.975609756097562,1,4,0,0.07857979571594557,Low Risk
TCU-00746,Francistown,LO015,Business Loan,44,Self-Employed,28784.0,241000.0,14.55,24,11634.0,1,203956.0,2025-05-06,0.4042,850,3,1.0,0,1,282472.0,Current,0,0,,0.0,0,0,0,0,1,1,1.1720829875518672,0.4041828793774319,8.372707059477488,0,1,4,0.09575376152558011,Low Risk
TCU-00747,Maun,LO017,Home Loan,29,Self-Employed,28837.0,330900.0,20.89,72,8098.0,4,266591.0,2025-02-17,0.2808,788,0,8.8,1,0,0.0,Current,0,0,,0.0,0,1,0,0,1,0,0.0,0.28081978014356557,11.474841349654957,3,3,4,0.13756229964478128,Low Risk
TCU-00748,Selebi-Phikwe,LO017,Personal Loan,55,Private Sector,9578.0,94700.0,20.43,48,2903.0,6,70451.0,2024-12-15,0.3031,710,0,3.7,0,0,0.0,Current,0,0,,0.0,0,2,0,0,0,0,0.0,0.3030904155356024,9.887241595322614,4,4,3,0.10838015718235292,Low Risk
TCU-00749,Lobatse,LO019,Education Loan,62,Farmer,7283.0,118700.0,22.3,36,4552.0,16,64538.0,2024-02-16,0.625,689,1,15.0,0,0,0.0,Late (30–89 days),87,1,SMS Sent,10186.0,1,2,1,0,0,0,0.0,0.6250171632568996,16.298228751887958,2,2,0,0.6206237671439065,High Risk
TCU-00750,Selebi-Phikwe,LO018,Agriculture Loan,35,Farmer,3871.0,138100.0,15.34,24,6718.0,10,77393.0,2024-08-14,1.7355,743,0,3.4,0,0,0.0,Current,0,0,,0.0,0,1,1,1,0,0,0.0,1.7354688710927408,35.67553603719969,4,0,0,0.5966073421028615,High Risk
TCU-00751,Gaborone Main,LO011,Business Loan,50,Private Sector,20683.0,83300.0,17.77,72,1889.0,10,61446.0,2024-09-03,0.0913,834,1,21.0,0,0,0.0,Current,0,0,,0.0,0,0,0,0,0,0,0.0,0.09133104481941691,4.027462166997051,1,1,3,0.13113606598059188,Low Risk
TCU-00752,Gaborone Main,LO017,Education Loan,43,Government Employee,11899.0,5000.0,19.29,36,184.0,2,4408.0,2025-04-08,0.0155,691,0,22.3,3,0,0.0,Late (30–89 days),82,1,SMS Sent,699.0,1,2,0,0,0,0,0.0,0.015463484326413984,0.42020337843516264,1,2,1,0.7441622574360784,Critical
TCU-00753,Francistown,LO007,Business Loan,68,Private Sector,9183.0,175400.0,12.0,24,8257.0,17,44389.0,2024-02-02,0.8992,818,1,26.5,0,0,0.0,Late (30–89 days),87,1,SMS Sent,9696.0,1,0,1,0,0,0,0.0,0.8991614940651204,19.1005118153109,0,1,3,0.6961841252099226,High Risk
TCU-00754,Gaborone Main,LO018,Business Loan,32,Self-Employed,28640.0,58700.0,20.35,24,2998.0,15,19218.0,2024-03-15,0.1047,850,0,7.3,1,1,98877.0,Current,0,0,,0.0,0,0,0,0,0,0,1.6844463373083476,0.10467877094972067,2.0495810055865924,1,1,4,0.1515139977856031,Low Risk
TCU-00755,Maun,LO015,Business Loan,59,Pensioner,8973.0,199600.0,11.84,48,5241.0,3,163888.0,2025-03-11,0.5841,797,0,18.4,2,0,0.0,Late (30–89 days),48,2,Home Visit,48042.0,1,1,1,0,0,0,0.0,0.5840855901036442,22.244511311712916,3,1,2,0.6068209414072915,High Risk
TCU-00756,Gaborone Main,LO005,Personal Loan,27,Pensioner,5378.0,190300.0,10.25,48,4849.0,4,172069.0,2025-02-08,0.9016,608,1,22.3,0,1,326620.0,Late (30–89 days),88,1,Legal Notice,39078.0,1,3,1,0,0,0,1.7163426169206517,0.9016362960208256,35.38490145035329,1,4,2,0.7374982097493431,Critical
TCU-00757,Francistown,LO018,Education Loan,56,Government Employee,9421.0,31800.0,12.55,60,716.0,13,24268.0,2024-05-19,0.076,829,2,4.6,1,0,0.0,Defaulted,165,12,Home Visit,14538.0,1,0,0,0,0,0,0.0,0.07600042458337757,3.3754378516081096,0,2,1,0.5129089162168754,High Risk
TCU-00758,Lobatse,LO003,Agriculture Loan,68,Student,4160.0,82600.0,23.89,36,3236.0,17,37272.0,2024-01-31,0.7779,752,0,1.3,0,1,179764.0,Defaulted,255,5,,27615.0,1,1,1,1,0,1,2.176319612590799,0.7778846153846154,19.85576923076923,2,0,5,0.7647049496440619,Critical
TCU-00759,Gaborone Main,LO007,Vehicle Loan,59,Government Employee,24203.0,295800.0,16.85,36,10524.0,16,159094.0,2024-02-28,0.4348,850,2,29.7,0,0,0.0,Current,0,0,,0.0,0,0,1,0,1,0,0.0,0.43482212948807997,12.22162541833657,1,5,1,0.14564376644849314,Low Risk
TCU-00760,Francistown,LO003,Education Loan,40,Self-Employed,33260.0,290300.0,15.89,48,8211.0,15,174152.0,2024-03-19,0.2469,850,2,9.0,0,1,419500.0,Early (1–29 days),20,1,,0.0,0,0,0,0,1,0,1.4450568377540476,0.246873120865905,8.728202044497895,0,2,4,0.09756043887742122,Low Risk
TCU-00761,Maun,LO008,Vehicle Loan,25,Government Employee,13871.0,125000.0,16.5,60,3073.0,13,89180.0,2024-06-02,0.2215,704,0,8.4,0,1,240531.0,Current,0,0,,0.0,0,2,0,0,0,0,1.924248,0.22154134525268546,9.011606949751279,3,5,1,0.08013515637321815,Low Risk
TCU-00762,Gaborone Main,LO018,Agriculture Loan,46,Student,1638.0,22200.0,12.23,60,496.0,2,20231.0,2025-04-16,0.3028,647,2,1.0,0,0,0.0,Current,0,0,,0.0,0,3,0,1,0,1,0.0,0.3028083028083028,13.553113553113553,1,0,5,0.47678501618816005,High Risk
TCU-00763,Maun,LO002,Personal Loan,26,Government Employee,22709.0,255600.0,22.3,60,7103.0,18,159103.0,2024-01-06,0.3128,818,1,16.7,0,0,0.0,Current,0,0,,0.0,0,0,0,0,1,0,0.0,0.31278347791624467,11.255449381302567,3,4,1,0.1645224294725616,Low Risk
TCU-00764,Gaborone Main,LO013,Home Loan,34,Pensioner,5453.0,32200.0,14.7,72,676.0,8,27446.0,2024-10-29,0.124,525,1,19.5,0,1,42050.0,Current,0,0,,0.0,0,4,0,0,0,0,1.3059006211180124,0.12396845772969008,5.905006418485238,1,3,2,0.11160706462817556,Low Risk
TCU-00765,Lobatse,LO014,Business Loan,30,Self-Employed,7747.0,94600.0,15.66,12,8568.0,4,56365.0,2025-02-03,1.106,752,0,22.6,1,0,0.0,Defaulted,296,6,Letter Sent,40837.0,1,1,1,0,0,0,0.0,1.1059765070349812,12.211178520717697,2,1,4,0.8609663467862216,Critical
TCU-00766,Francistown,LO010,Business Loan,43,Pensioner,9755.0,15100.0,9.81,48,382.0,7,11759.0,2024-11-11,0.0392,732,0,9.1,0,0,0.0,Current,0,0,,0.0,0,2,0,0,0,0,0.0,0.03915940543311122,1.5479241414659148,0,1,2,0.08486548387212794,Low Risk
TCU-00767,Maun,LO008,Education Loan,68,Government Employee,19856.0,416100.0,12.77,72,8302.0,13,313643.0,2024-05-17,0.4181,850,1,1.6,0,1,936242.0,Current,0,0,,0.0,0,0,0,0,1,1,2.2500408555635665,0.41811039484286866,20.955882352941178,3,2,1,0.1295220710154825,Low Risk
TCU-00768,Lobatse,LO009,Education Loan,44,Private Sector,13562.0,200400.0,11.94,24,9428.0,14,72103.0,2024-04-14,0.6952,760,2,13.9,0,0,0.0,Late (30–89 days),42,1,,17905.0,1,1,1,0,0,0,0.0,0.6951777024037753,14.776581625129037,2,2,3,0.5776002799465249,High Risk
TCU-00769,Selebi-Phikwe,LO007,Business Loan,65,Private Sector,15720.0,87700.0,22.18,84,2064.0,17,67049.0,2024-02-05,0.1313,850,1,15.4,1,1,128207.0,Current,0,0,,0.0,0,0,0,0,0,0,1.4618814139110605,0.13129770992366413,5.578880407124682,4,1,3,0.21380622544162337,Medium Risk
TCU-00770,Lobatse,LO001,Personal Loan,57,Student,4690.0,7300.0,21.07,60,198.0,14,5038.0,2024-04-19,0.0422,680,1,16.7,1,1,6003.0,Current,0,0,,0.0,0,2,0,1,0,0,0.8223287671232876,0.04221748400852878,1.556503198294243,2,4,5,0.16710482557489553,Low Risk
TCU-00771,Maun,LO020,Personal Loan,53,Self-Employed,38573.0,458800.0,22.18,72,11577.0,10,359033.0,2024-08-06,0.3001,850,3,2.7,0,0,0.0,Current,0,0,,0.0,0,0,0,0,1,0,0.0,0.3001322168356104,11.894330230990589,3,4,4,0.1500151053886894,Low Risk
TCU-00772,Maun,LO008,Business Loan,28,Pensioner,6382.0,156900.0,17.59,84,3260.0,4,131378.0,2025-02-21,0.5108,640,2,5.2,0,0,0.0,Current,0,0,,0.0,0,3,1,0,0,0,0.0,0.5108116577875275,24.584769664681918,3,1,2,0.21156615873246004,Medium Risk
TCU-00773,Gaborone Main,LO003,Home Loan,43,Farmer,14205.0,429400.0,13.06,60,9783.0,4,397207.0,2025-02-21,0.6887,839,0,23.9,0,0,0.0,Current,0,0,,0.0,0,0,1,0,1,0,0.0,0.68870116156283,30.228792678634285,1,3,0,0.16521151773042095,Low Risk
TCU-00774,Gaborone Main,LO004,Agriculture Loan,55,Student,1951.0,6300.0,9.15,24,288.0,16,1949.0,2024-02-26,0.1476,700,0,12.0,2,1,14371.0,Defaulted,168,10,,843.0,1,2,0,1,0,0,2.281111111111111,0.1476166068682727,3.229113275243465,1,0,5,0.5094777316592467,High Risk
TCU-00775,Francistown,LO007,Home Loan,35,Government Employee,23257.0,409600.0,16.39,24,20132.0,3,335393.0,2025-03-22,0.8656,742,1,17.1,2,0,0.0,Current,0,0,,0.0,0,1,1,0,1,0,0.0,0.8656318527755085,17.611901793008556,0,3,1,0.36207005110989265,Medium Risk
TCU-00776,Francistown,LO010,Education Loan,24,Government Employee,8084.0,114900.0,11.51,36,3789.0,10,76472.0,2024-08-31,0.4687,695,1,16.7,2,1,100929.0,Current,0,0,,0.0,0,2,1,0,0,0,0.8784073107049608,0.4687036120732311,14.21326076199901,0,2,1,0.2923262002714017,Medium Risk
TCU-00777,Maun,LO015,Agriculture Loan,25,Government Employee,19797.0,28500.0,14.21,60,666.0,16,20283.0,2024-03-07,0.0336,795,0,29.9,3,0,0.0,Current,0,0,,0.0,0,1,0,0,0,0,0.0,0.03364146082739809,1.439612062433702,3,0,1,0.3859485246744048,Medium Risk
TCU-00778,Selebi-Phikwe,LO020,Education Loan,61,Student,4328.0,124800.0,21.37,72,3089.0,2,104765.0,2025-04-12,0.7137,758,1,4.8,1,0,0.0,Current,0,0,,0.0,0,1,1,1,0,0,0.0,0.713724584103512,28.835489833641404,4,2,5,0.28921367530596404,Medium Risk
TCU-00779,Maun,LO001,Education Loan,58,Government Employee,23085.0,397200.0,21.78,24,20563.0,11,186374.0,2024-07-13,0.8908,850,0,23.5,1,1,698538.0,Late (30–89 days),69,1,Home Visit,64766.0,1,0,1,0,1,0,1.758655589123867,0.890751570283734,17.205977907732294,3,2,1,0.7279107442471963,Critical
TCU-00780,Gaborone Main,LO015,Vehicle Loan,31,Farmer,14668.0,87700.0,20.11,36,3264.0,10,58778.0,2024-08-21,0.2225,672,0,20.3,0,1,106532.0,Current,0,0,,0.0,0,2,0,0,0,0,1.2147320410490308,0.22252522497954733,5.979001908917371,1,5,0,0.09950505057712337,Low Risk
TCU-00781,Gaborone Main,LO012,Vehicle Loan,23,Self-Employed,35942.0,75500.0,19.27,60,1970.0,3,64639.0,2025-03-20,0.0548,850,0,17.9,0,0,0.0,Current,0,0,,0.0,0,0,0,0,0,0,0.0,0.05481052807300651,2.1006065327472037,1,5,4,0.11747036946908612,Low Risk
TCU-00782,Selebi-Phikwe,LO012,Vehicle Loan,46,Pensioner,7782.0,80200.0,17.21,84,1649.0,3,66875.0,2025-03-12,0.2119,690,2,26.5,1,0,0.0,Current,0,0,,0.0,0,2,0,0,0,0,0.0,0.21189925469031098,10.305833975841686,4,5,2,0.2407742093150533,Medium Risk
TCU-00783,Francistown,LO009,Vehicle Loan,29,Self-Employed,23493.0,387500.0,13.32,60,8880.0,8,316995.0,2024-10-05,0.378,850,4,14.6,0,1,871392.0,Current,0,0,,0.0,0,0,0,0,1,0,2.248753548387097,0.37798493168177755,16.494274890392884,0,5,4,0.06748263220290728,Low Risk
TCU-00784,Gaborone Main,LO013,Education Loan,26,Government Employee,11435.0,37000.0,17.98,84,777.0,17,25297.0,2024-01-27,0.0679,726,0,16.1,0,1,48032.0,Current,0,0,,0.0,0,2,0,0,0,0,1.2981621621621622,0.06794927853082641,3.235679930039353,1,2,1,0.07665108286559325,Low Risk
TCU-00785,Francistown,LO017,Business Loan,51,Farmer,13462.0,322800.0,18.22,12,29628.0,5,166283.0,2025-01-12,2.2009,790,1,13.6,0,1,650228.0,Late (30–89 days),55,2,Legal Notice,44539.0,1,1,1,0,1,0,2.014337050805452,2.0,23.978606447778933,0,1,0,0.9816405214366942,Critical
TCU-00786,Gaborone Main,LO018,Personal Loan,30,Self-Employed,30851.0,314600.0,15.85,48,8892.0,16,209167.0,2024-02-18,0.2882,850,1,28.0,0,0,0.0,Current,0,0,,0.0,0,0,0,0,1,0,0.0,0.2882240446014716,10.197400408414637,1,4,4,0.07269905279064443,Low Risk
TCU-00787,Francistown,LO007,Business Loan,38,Government Employee,15716.0,36100.0,22.94,36,1396.0,12,21188.0,2024-06-24,0.0888,841,1,27.9,0,1,90011.0,Early (1–29 days),6,1,,0.0,0,0,0,0,0,0,2.4933795013850415,0.08882667345380504,2.2970221430389413,0,1,1,0.08982781436266425,Low Risk
TCU-00788,Gaborone Main,LO008,Vehicle Loan,22,Farmer,5856.0,121200.0,10.55,48,3106.0,6,96123.0,2024-12-19,0.5304,627,0,13.7,2,1,160235.0,Current,0,0,,0.0,0,3,1,0,0,0,1.3220709570957097,0.530396174863388,20.69672131147541,1,5,0,0.27309771611716216,Medium Risk
TCU-00789,Gaborone Main,LO005,Vehicle Loan,59,Self-Employed,14585.0,162400.0,15.18,36,5644.0,16,79890.0,2024-02-24,0.387,832,0,14.4,0,1,257802.0,Current,0,0,,0.0,0,0,0,0,0,0,1.5874507389162562,0.38697291738087075,11.134727459718889,1,5,4,0.08591731981742282,Low Risk
TCU-00790,Gaborone Main,LO006,Agriculture Loan,33,Government Employee,9569.0,234100.0,16.81,24,11553.0,14,92103.0,2024-04-14,1.2073,761,0,28.0,0,0,0.0,Current,0,0,,0.0,0,1,1,0,1,0,0.0,1.2073361897794963,24.464416344445606,1,0,1,0.4551869284755059,High Risk
TCU-00791,Selebi-Phikwe,LO008,Vehicle Loan,65,Pensioner,9200.0,154800.0,12.27,12,13773.0,12,0.0,2024-06-30,1.4971,839,0,17.4,0,0,0.0,Current,0,0,,0.0,0,0,1,0,0,0,0.0,1.4970652173913044,16.82608695652174,4,5,2,0.8541586146210852,Critical
TCU-00792,Selebi-Phikwe,LO004,Vehicle Loan,62,Farmer,8740.0,107500.0,16.2,48,3058.0,13,76741.0,2024-05-30,0.3499,765,0,23.1,0,1,206416.0,Current,0,0,,0.0,0,1,0,0,0,0,1.9201488372093023,0.34988558352402743,12.299771167048055,4,5,0,0.09691662578318788,Low Risk
TCU-00793,Gaborone Main,LO013,Agriculture Loan,65,Private Sector,26963.0,389800.0,16.86,48,11219.0,14,263135.0,2024-04-17,0.4161,850,0,19.7,2,1,689966.0,Current,0,0,,0.0,0,0,0,0,1,0,1.7700513083632632,0.4160887141638542,14.456848273560064,1,0,3,0.1760632831589555,Low Risk
TCU-00794,Lobatse,LO019,Education Loan,60,Government Employee,21134.0,199700.0,17.94,36,7214.0,17,104656.0,2024-01-17,0.3413,850,0,27.6,1,0,0.0,Current,0,0,,0.0,0,0,0,0,0,0,0.0,0.3413456988738526,9.449228730954859,2,2,1,0.085966100821831,Low Risk
TCU-00795,Lobatse,LO009,Education Loan,56,Farmer,14629.0,152600.0,17.89,84,3197.0,15,118718.0,2024-03-08,0.2185,800,1,14.0,1,0,0.0,Current,0,0,,0.0,0,0,0,0,0,0,0.0,0.21853851937931507,10.431335019481851,2,2,0,0.14503500534675443,Low Risk
TCU-00796,Lobatse,LO013,Vehicle Loan,33,Private Sector,15372.0,226400.0,18.68,12,20830.0,2,168146.0,2025-04-07,1.3551,840,2,28.9,0,0,0.0,Late (30–89 days),64,2,Called,32977.0,1,0,1,0,0,0,0.0,1.3550611501431173,14.72807702315899,2,5,3,0.8396497978234697,Critical
TCU-00797,Selebi-Phikwe,LO017,Vehicle Loan,61,Pensioner,8311.0,122400.0,13.46,60,2814.0,11,92372.0,2024-07-19,0.3386,760,1,20.6,0,0,0.0,Current,0,0,,0.0,0,1,0,0,0,0,0.0,0.33858741427024425,14.72746961857779,4,5,2,0.07072723551464556,Low Risk
TCU-00798,Gaborone Main,LO012,Vehicle Loan,66,Self-Employed,17714.0,344400.0,17.32,12,31463.0,12,0.0,2024-05-07,1.7762,759,3,5.7,1,0,0.0,Defaulted,183,11,Legal Notice,0.0,1,1,1,0,1,0,0.0,1.776165744608784,19.442249068533364,1,5,4,0.9490761348802609,Critical
TCU-00799,Francistown,LO012,Education Loan,47,Private Sector,13060.0,291400.0,10.56,60,6272.0,9,239870.0,2024-10-02,0.4802,801,3,16.6,2,0,0.0,Defaulted,297,5,,124091.0,1,0,1,0,1,0,0.0,0.48024502297090355,22.31240428790199,0,2,3,0.7371738831646847,Critical
TCU-00800,Francistown,LO018,Home Loan,65,Self-Employed,30007.0,93100.0,23.15,48,2992.0,12,69496.0,2024-06-20,0.0997,850,0,28.4,0,0,0.0,Current,0,0,,0.0,0,0,0,0,0,0,0.0,0.09971006765088146,3.102609391142067,0,3,4,0.0953629951443374,Low Risk
TCU-00801,Lobatse,LO004,Education Loan,28,Private Sector,23055.0,17700.0,18.51,60,454.0,9,14946.0,2024-09-26,0.0197,850,0,10.0,0,0,0.0,Current,0,0,,0.0,0,0,0,0,0,0,0.0,0.019692040772066797,0.7677293428757319,2,2,3,0.07551144772544255,Low Risk
TCU-00802,Gaborone Main,LO017,Education Loan,62,Pensioner,4447.0,171000.0,17.78,24,8519.0,16,50153.0,2024-02-18,1.9157,700,2,10.3,0,0,0.0,Defaulted,276,6,SMS Sent,28965.0,1,2,1,1,0,0,0.0,1.915673487744547,38.45288958848662,1,2,2,0.846685988570383,Critical
TCU-00803,Selebi-Phikwe,LO004,Home Loan,42,Self-Employed,33794.0,112200.0,11.19,60,2450.0,10,90941.0,2024-08-07,0.0725,850,1,7.5,0,0,0.0,Current,0,0,,0.0,0,0,0,0,0,0,0.0,0.07249807658164172,3.3201159969225307,4,3,4,0.11361594484727795,Low Risk
TCU-00804,Gaborone Main,LO010,Personal Loan,31,Student,1623.0,21100.0,18.04,12,1935.0,2,16427.0,2025-04-29,1.1922,651,1,25.1,1,1,29829.0,Defaulted,353,11,Letter Sent,10694.0,1,3,1,1,0,0,1.413696682464455,1.1922365988909427,13.000616142945164,1,4,5,0.6299177384178417,High Risk
TCU-00805,Francistown,LO011,Education Loan,47,Private Sector,25418.0,216900.0,9.4,36,6938.0,4,186793.0,2025-03-01,0.273,842,0,5.4,0,1,297887.0,Current,0,0,,0.0,0,0,0,0,0,0,1.3733840479483632,0.27295617279093554,8.533322842080416,0,2,3,0.08168561344112969,Low Risk
TCU-00806,Lobatse,LO014,Home Loan,43,Student,4288.0,73000.0,18.01,24,3645.0,1,60817.0,2025-05-29,0.85,704,4,27.4,3,0,0.0,Late (30–89 days),38,1,SMS Sent,19499.0,1,2,1,1,0,0,0.0,0.8500466417910447,17.024253731343283,2,3,5,0.8411133349569659,Critical
TCU-00807,Maun,LO008,Education Loan,31,Self-Employed,27304.0,479400.0,10.53,84,8091.0,14,387474.0,2024-04-28,0.2963,850,0,10.5,0,1,899407.0,Current,0,0,,0.0,0,0,0,0,1,0,1.8761097204839383,0.29633020802812776,17.557866979197186,3,2,4,0.03245098314855674,Low Risk
TCU-00808,Lobatse,LO017,Education Loan,41,Self-Employed,17790.0,497600.0,16.1,48,14128.0,10,359843.0,2024-08-15,0.7942,799,3,23.8,1,1,747681.0,Late (30–89 days),84,1,Letter Sent,118680.0,1,1,1,0,1,0,1.5025743569131833,0.7941540191118606,27.970770095559303,2,2,4,0.7347753670757426,Critical
TCU-00809,Lobatse,LO007,Business Loan,35,Government Employee,20029.0,57400.0,10.57,84,970.0,16,40377.0,2024-03-05,0.0484,729,1,19.0,0,1,117963.0,Current,0,0,,0.0,0,2,0,0,0,0,2.0551045296167247,0.048429776823605775,2.865844525438115,2,1,1,0.10913697262147108,Low Risk
TCU-00810,Francistown,LO018,Vehicle Loan,53,Private Sector,14280.0,342500.0,14.76,72,7198.0,15,257527.0,2024-03-30,0.5041,728,0,5.8,0,1,425583.0,Current,0,0,,0.0,0,2,1,0,1,0,1.242578102189781,0.5040616246498599,23.984593837535012,0,5,3,0.08254375962226514,Low Risk
TCU-00811,Francistown,LO019,Personal Loan,30,Farmer,6905.0,123300.0,20.52,72,2991.0,2,108770.0,2025-04-09,0.4332,660,0,2.1,1,0,0.0,Current,0,0,,0.0,0,3,1,0,0,0,0.0,0.4331643736422882,17.856625633598842,0,4,0,0.2681995825371581,Medium Risk
TCU-00812,Francistown,LO007,Vehicle Loan,51,Student,4255.0,150900.0,18.66,24,7582.0,17,39562.0,2024-01-30,1.7819,663,0,17.5,0,0,0.0,Current,0,0,,0.0,0,3,1,1,0,0,0.0,1.781903642773208,35.4641598119859,0,5,5,0.7642204696010819,Critical
TCU-00813,Maun,LO019,Personal Loan,68,Farmer,10684.0,122900.0,12.17,24,5795.0,7,82527.0,2024-11-28,0.5424,785,1,26.9,0,0,0.0,Current,0,0,,0.0,0,1,1,0,0,0,0.0,0.5423998502433546,11.503182328715837,3,4,0,0.11438146495132864,Low Risk
TCU-00814,Selebi-Phikwe,LO008,Business Loan,63,Farmer,12699.0,268600.0,17.35,36,9623.0,9,188686.0,2024-09-16,0.7578,766,4,15.2,1,1,622766.0,Current,0,0,,0.0,0,1,1,0,1,0,2.3185629188384214,0.7577762028506182,21.151271753681392,4,1,0,0.3198247853107674,Medium Risk
TCU-00815,Lobatse,LO006,Vehicle Loan,22,Private Sector,7677.0,30300.0,22.47,48,962.0,1,28417.0,2025-05-24,0.1253,697,2,4.6,2,0,0.0,Late (30–89 days),31,1,Letter Sent,3799.0,1,2,0,0,0,0,0.0,0.12530936563761885,3.9468542399374758,2,5,3,0.7231748933781499,Critical
TCU-00816,Gaborone Main,LO018,Business Loan,47,Student,2106.0,28100.0,17.09,60,700.0,2,25202.0,2025-04-21,0.3324,762,1,17.3,0,1,57829.0,Current,0,0,,0.0,0,1,0,1,0,0,2.05797153024911,0.33238366571699907,13.342830009496677,1,1,5,0.09625415393295861,Low Risk
TCU-00817,Lobatse,LO013,Personal Loan,33,Private Sector,25169.0,396200.0,21.11,12,36913.0,11,28150.0,2024-07-25,1.4666,850,0,2.9,0,0,0.0,Late (30–89 days),52,1,,9529.0,1,0,1,0,1,0,0.0,1.4666057451627001,15.741586872740276,2,4,3,0.9251846822362515,Critical
TCU-00818,Gaborone Main,LO005,Agriculture Loan,58,Government Employee,17812.0,366200.0,17.6,36,13166.0,17,166962.0,2024-01-25,0.7392,844,0,8.7,1,1,328251.0,Current,0,0,,0.0,0,0,1,0,1,0,0.8963708356089568,0.739164608129351,20.559173590837638,1,0,1,0.30829708322592064,Medium Risk
TCU-00819,Francistown,LO019,Vehicle Loan,52,Government Employee,9580.0,69400.0,9.25,24,3178.0,13,27588.0,2024-06-04,0.3317,821,3,28.8,0,0,0.0,Current,0,0,,0.0,0,0,0,0,0,0,0.0,0.3317327766179541,7.244258872651357,0,5,1,0.08921671830811066,Low Risk
TCU-00820,Gaborone Main,LO004,Vehicle Loan,65,Government Employee,14846.0,48800.0,10.37,72,913.0,17,34183.0,2024-02-02,0.0615,850,2,20.0,2,0,0.0,Late (30–89 days),69,1,Legal Notice,3735.0,1,0,0,0,0,0,0.0,0.06149804661188199,3.287080695136737,1,5,1,0.644397217432545,High Risk
TCU-00821,Selebi-Phikwe,LO011,Business Loan,34,Farmer,9434.0,156400.0,22.09,84,3673.0,7,138563.0,2024-11-04,0.3893,799,0,3.5,0,0,0.0,Current,0,0,,0.0,0,1,0,0,0,0,0.0,0.3893364426542294,16.578333686665253,4,1,0,0.15901815694904953,Low Risk
TCU-00822,Lobatse,LO011,Business Loan,43,Government Employee,10552.0,34700.0,21.52,60,949.0,11,27066.0,2024-07-17,0.0899,809,0,29.0,1,0,0.0,Current,0,0,,0.0,0,0,0,0,0,0,0.0,0.08993555724033359,3.2884761182714177,2,1,1,0.1563858463821042,Low Risk
TCU-00823,Lobatse,LO020,Home Loan,35,Student,1949.0,38300.0,8.76,12,3345.0,10,6354.0,2024-08-22,1.7163,680,1,11.1,0,1,50625.0,Late (30–89 days),31,2,,2131.0,1,2,1,1,0,0,1.3218015665796345,1.7162647511544382,19.65110312981016,2,3,5,0.8830898861188885,Critical
TCU-00824,Francistown,LO016,Personal Loan,31,Government Employee,15182.0,65700.0,12.08,48,1733.0,8,47033.0,2024-10-11,0.1141,802,1,2.3,1,0,0.0,Early (1–29 days),8,1,,0.0,0,0,0,0,0,0,0.0,0.11414833355289158,4.327493083915162,0,4,1,0.24059980174815754,Medium Risk
TCU-00825,Maun,LO017,Agriculture Loan,30,Private Sector,28684.0,148700.0,23.27,24,7808.0,17,38308.0,2024-01-08,0.2722,850,0,4.2,0,0,0.0,Current,0,0,,0.0,0,0,0,0,0,0,0.0,0.2722075024403849,5.184074745502719,3,0,3,0.10527174531991582,Low Risk
TCU-00826,Maun,LO014,Home Loan,62,Farmer,10475.0,158800.0,20.56,36,5947.0,5,122079.0,2025-01-15,0.5677,737,2,28.4,0,0,0.0,Current,0,0,,0.0,0,2,1,0,0,0,0.0,0.5677326968973747,15.159904534606206,3,3,0,0.16166589994907582,Low Risk
TCU-00827,Gaborone Main,LO018,Personal Loan,22,Government Employee,21076.0,259500.0,9.1,12,22706.0,4,161422.0,2025-02-26,1.0773,850,2,3.2,0,1,447750.0,Current,0,0,,0.0,0,0,1,0,1,0,1.7254335260115607,1.077339153539571,12.312583032833555,1,4,1,0.21965373646655653,Medium Risk
TCU-00828,Francistown,LO019,Personal Loan,50,Government Employee,22763.0,127300.0,9.44,12,11159.0,11,9826.0,2024-07-19,0.4902,850,1,3.5,0,0,0.0,Current,0,0,,0.0,0,0,1,0,0,0,0.0,0.4902253657250802,5.592408733470983,0,4,1,0.2251846874312994,Medium Risk
TCU-00829,Lobatse,LO009,Vehicle Loan,40,Self-Employed,14809.0,91600.0,19.41,12,8459.0,12,0.0,2024-01-18,0.5712,814,1,11.0,0,1,112796.0,Early (1–29 days),7,1,,0.0,0,0,1,0,0,0,1.2313973799126638,0.5712066986292119,6.185427780403809,2,5,4,0.14162740360531953,Low Risk
TCU-00830,Lobatse,LO013,Business Loan,64,Private Sector,25742.0,222500.0,12.44,48,5907.0,4,186728.0,2025-02-07,0.2295,850,0,10.9,0,1,230282.0,Late (30–89 days),33,2,Home Visit,37485.0,1,0,0,0,0,0,1.0349752808988764,0.22946934970087796,8.643462046461037,2,1,3,0.2511909496300302,Medium Risk
TCU-00831,Maun,LO019,Personal Loan,28,Self-Employed,31183.0,30000.0,17.62,72,678.0,2,25336.0,2025-04-23,0.0217,850,1,17.8,0,0,0.0,Current,0,0,,0.0,0,0,0,0,0,0,0.0,0.02174261616906648,0.9620626623480742,3,4,4,0.06402475289031696,Low Risk
TCU-00832,Maun,LO019,Personal Loan,67,Student,2603.0,67900.0,13.41,24,3241.0,16,20106.0,2024-02-13,1.2451,727,1,1.6,0,0,0.0,Late (30–89 days),88,2,Legal Notice,5948.0,1,2,1,1,0,1,0.0,1.2451018056089127,26.085286208221284,3,4,5,0.8534806241210585,Critical
TCU-00833,Francistown,LO003,Business Loan,53,Student,3121.0,14800.0,14.93,60,352.0,8,11099.0,2024-10-26,0.1128,818,0,14.8,2,1,26207.0,Current,0,0,,0.0,0,0,0,1,0,0,1.7707432432432433,0.11278436398590196,4.742069849407241,0,1,5,0.21264307201529214,Medium Risk
TCU-00834,Francistown,LO017,Agriculture Loan,49,Private Sector,20183.0,259200.0,10.27,60,5542.0,3,239112.0,2025-04-01,0.2746,774,0,24.8,0,0,0.0,Current,0,0,,0.0,0,1,0,0,1,0,0.0,0.27458752415399096,12.84249120546995,0,0,3,0.09414491236863815,Low Risk
TCU-00835,Gaborone Main,LO017,Vehicle Loan,35,Farmer,12838.0,73400.0,9.88,12,6449.0,12,0.0,2024-06-11,0.5023,708,1,8.2,1,0,0.0,Current,0,0,,0.0,0,2,1,0,0,0,0.0,0.5023368125876305,5.717401464402555,1,5,0,0.35440614057096903,Medium Risk
TCU-00836,Lobatse,LO019,Education Loan,45,Student,3584.0,123700.0,15.45,24,6024.0,14,44456.0,2024-04-24,1.6808,610,1,1.2,1,1,222536.0,Defaulted,350,3,SMS Sent,34093.0,1,3,1,1,0,1,1.7989975747776878,1.6808035714285714,34.51450892857143,2,2,5,0.8523225761066417,Critical
TCU-00837,Maun,LO010,Education Loan,56,Farmer,4659.0,85300.0,22.14,36,3264.0,10,57642.0,2024-08-26,0.7006,648,1,0.8,0,0,0.0,Late (30–89 days),60,2,SMS Sent,12584.0,1,3,1,1,0,1,0.0,0.7005795235028976,18.308649924876583,3,2,0,0.732142249014857,Critical
TCU-00838,Selebi-Phikwe,LO019,Personal Loan,33,Private Sector,13189.0,268600.0,18.85,24,13520.0,1,244834.0,2025-05-26,1.0251,780,1,23.8,0,1,627578.0,Current,0,0,,0.0,0,1,1,0,1,0,2.3364780342516753,1.025096671468648,20.36545606186974,4,4,3,0.3545112128987541,Medium Risk
TCU-00839,Gaborone Main,LO009,Personal Loan,64,Farmer,10066.0,28500.0,22.52,12,2675.0,3,18529.0,2025-03-09,0.2657,721,1,7.8,0,0,0.0,Current,0,0,,0.0,0,2,0,0,0,0,0.0,0.2657460758990662,2.8313133320087425,1,4,0,0.10415571832282375,Low Risk
TCU-00840,Maun,LO004,Vehicle Loan,68,Farmer,9972.0,283600.0,18.44,24,14219.0,8,178857.0,2024-10-26,1.4259,822,3,27.8,1,1,520889.0,Late (30–89 days),46,2,Home Visit,19031.0,1,0,1,0,1,0,1.8367031029619183,1.4258924989971922,28.43963096670678,3,5,0,0.7815475655970958,Critical
TCU-00841,Francistown,LO003,Vehicle Loan,54,Self-Employed,4418.0,19000.0,10.71,36,619.0,9,13877.0,2024-09-05,0.1401,645,0,15.3,0,0,0.0,Current,0,0,,0.0,0,3,0,1,0,0,0.0,0.14010864644635582,4.300588501584428,0,5,4,0.12490091466100768,Low Risk
TCU-00842,Lobatse,LO002,Vehicle Loan,54,Private Sector,9299.0,97600.0,23.85,84,2399.0,3,88495.0,2025-03-31,0.258,798,0,1.2,1,1,90334.0,Late (30–89 days),87,1,Legal Notice,16764.0,1,1,0,0,0,1,0.9255532786885245,0.25798472954081086,10.495752231422733,2,5,3,0.41741695904776044,Medium Risk
TCU-00843,Francistown,LO014,Personal Loan,62,Private Sector,11584.0,140400.0,8.51,24,6383.0,9,75164.0,2024-09-11,0.551,793,0,10.3,1,1,151839.0,Current,0,0,,0.0,0,1,1,0,0,0,1.081474358974359,0.5510186464088398,12.120165745856353,0,4,3,0.25293212127474685,Medium Risk
TCU-00844,Gaborone Main,LO020,Personal Loan,31,Self-Employed,19441.0,437200.0,19.3,36,16092.0,17,223396.0,2024-01-29,0.8277,850,1,25.4,0,0,0.0,Early (1–29 days),17,1,,0.0,0,0,1,0,1,0,0.0,0.8277351988066457,22.4885551154776,1,4,4,0.3441093865196333,Medium Risk
TCU-00845,Maun,LO020,Education Loan,30,Student,3506.0,9400.0,16.89,72,209.0,18,6909.0,2024-01-03,0.0596,577,0,2.8,0,1,23425.0,Current,0,0,,0.0,0,4,0,1,0,0,2.492021276595745,0.059612093553907584,2.6811180832857957,3,2,5,0.23567797546384284,Medium Risk
TCU-00846,Selebi-Phikwe,LO009,Education Loan,47,Student,2978.0,67900.0,22.68,72,1734.0,4,61208.0,2025-02-09,0.5823,697,1,9.7,0,0,0.0,Current,0,0,,0.0,0,2,1,1,0,0,0.0,0.5822699798522498,22.80053727333781,4,2,5,0.3703897026293293,Medium Risk
TCU-00847,Maun,LO002,Personal Loan,59,Self-Employed,8468.0,87500.0,11.3,84,1512.0,1,86389.0,2025-05-04,0.1786,761,3,1.8,0,1,132844.0,Current,0,0,,0.0,0,1,0,0,0,1,1.518217142857143,0.17855455833726971,10.333018422295702,3,4,4,0.23731660074364241,Medium Risk
TCU-00848,Francistown,LO014,Home Loan,57,Farmer,5983.0,184400.0,10.05,60,3922.0,9,140932.0,2024-09-23,0.6555,850,1,11.7,0,1,353183.0,Current,0,0,,0.0,0,0,1,0,0,0,1.9153091106290672,0.6555239846230988,30.820658532508777,0,3,0,0.12268157832177058,Low Risk
TCU-00849,Francistown,LO002,Home Loan,59,Self-Employed,37138.0,342800.0,12.75,72,6836.0,3,300495.0,2025-03-21,0.1841,850,1,5.3,1,0,0.0,Current,0,0,,0.0,0,0,0,0,1,0,0.0,0.1840702245678281,9.230437826485002,0,3,4,0.21783204772793455,Medium Risk
TCU-00850,Lobatse,LO001,Education Loan,50,Self-Employed,20222.0,385200.0,23.45,24,20260.0,17,102662.0,2024-01-30,1.0019,850,0,23.6,0,1,557825.0,Current,0,0,,0.0,0,0,1,0,1,0,1.448143821391485,1.0018791415290278,19.048560973197507,2,2,4,0.3831372848976446,Medium Risk
TCU-00851,Maun,LO002,Personal Loan,43,Student,2888.0,44200.0,12.05,12,3928.0,12,0.0,2024-01-10,1.3601,654,0,5.7,0,0,0.0,Late (30–89 days),86,2,Home Visit,0.0,1,3,1,1,0,0,0.0,1.3601108033240996,15.304709141274238,3,4,5,0.892937679206123,Critical
TCU-00852,Francistown,LO011,Education Loan,41,Farmer,3808.0,8500.0,12.85,12,759.0,12,0.0,2024-04-04,0.1993,644,4,15.3,2,1,14272.0,Late (30–89 days),78,1,Legal Notice,0.0,1,3,0,1,0,0,1.6790588235294117,0.19931722689075632,2.232142857142857,0,2,0,0.7420861290641687,Critical
TCU-00853,Selebi-Phikwe,LO016,Education Loan,55,Farmer,4534.0,38200.0,17.73,36,1376.0,3,34653.0,2025-03-30,0.3035,822,0,4.5,1,0,0.0,Current,0,0,,0.0,0,0,0,1,0,0,0.0,0.3034847816497574,8.425231583590648,4,2,0,0.15428270612980138,Low Risk
TCU-00854,Gaborone Main,LO006,Personal Loan,31,Student,2214.0,35600.0,22.21,36,1363.0,10,23513.0,2024-08-21,0.6156,556,1,22.0,1,1,56392.0,Current,0,0,,0.0,0,4,1,1,0,0,1.5840449438202246,0.6156278229448962,16.079494128274614,1,4,5,0.25204330494765675,Medium Risk
TCU-00855,Francistown,LO010,Business Loan,38,Pensioner,4740.0,115400.0,16.3,36,4074.0,5,96345.0,2025-01-05,0.8595,726,0,28.4,0,0,0.0,Current,0,0,,0.0,0,2,1,1,0,0,0.0,0.859493670886076,24.345991561181435,0,1,2,0.39537785347235976,Medium Risk
TCU-00856,Gaborone Main,LO005,Business Loan,34,Government Employee,10621.0,181800.0,20.43,60,4860.0,1,170247.0,2025-05-18,0.4576,724,1,24.6,0,1,384514.0,Current,0,0,,0.0,0,2,1,0,0,0,2.115038503850385,0.4575840316354392,17.117032294510874,1,1,1,0.0703276777505633,Low Risk
TCU-00857,Francistown,LO016,Business Loan,63,Student,1607.0,40800.0,14.38,24,1966.0,15,15065.0,2024-03-15,1.2234,692,1,24.1,0,0,0.0,Current,0,0,,0.0,0,2,1,1,0,0,0.0,1.223397635345364,25.3889234598631,0,1,5,0.32686677388435115,Medium Risk
TCU-00858,Francistown,LO002,Vehicle Loan,67,Student,3631.0,37600.0,19.65,60,989.0,13,26214.0,2024-05-28,0.2724,733,3,10.3,0,1,32366.0,Current,0,0,,0.0,0,2,0,1,0,0,0.8607978723404255,0.2723767557146792,10.35527402919306,0,5,5,0.14233736588665405,Low Risk
TCU-00859,Gaborone Main,LO013,Vehicle Loan,28,Pensioner,6845.0,138700.0,21.56,36,5265.0,12,82464.0,2024-06-25,0.7692,677,0,8.2,0,1,304178.0,Current,0,0,,0.0,0,2,1,0,0,0,2.193064167267484,0.7691745799853908,20.262965668371073,1,5,2,0.19579106718352207,Low Risk
TCU-00860,Selebi-Phikwe,LO018,Personal Loan,61,Private Sector,6374.0,178000.0,20.91,72,4358.0,7,142398.0,2024-11-24,0.6837,831,1,4.8,0,1,342440.0,Current,0,0,,0.0,0,0,1,0,0,0,1.9238202247191012,0.6837150925635394,27.92594916849702,4,4,3,0.14210784661543197,Low Risk
TCU-00861,Selebi-Phikwe,LO019,Education Loan,58,Pensioner,7087.0,111000.0,19.2,12,10240.0,7,46203.0,2024-11-09,1.4449,711,0,14.6,0,1,114752.0,Late (30–89 days),35,2,Called,12827.0,1,2,1,0,0,0,1.0338018018018018,1.4448991110483984,15.662480598278538,4,2,2,0.9183692786086533,Critical
TCU-00862,Francistown,LO018,Agriculture Loan,39,Private Sector,11433.0,170400.0,12.19,84,3025.0,14,123915.0,2024-04-15,0.2646,820,0,19.6,0,1,402811.0,Current,0,0,,0.0,0,0,0,0,0,0,2.3639143192488263,0.2645849733228374,14.904224612962476,0,0,3,0.08054812937254024,Low Risk
TCU-00863,Lobatse,LO002,Agriculture Loan,33,Pensioner,7468.0,60900.0,10.38,84,1023.0,14,43251.0,2024-04-29,0.137,712,0,20.9,0,1,60586.0,Current,0,0,,0.0,0,2,0,0,0,0,0.9948440065681445,0.13698446705945366,8.154793786823781,2,0,2,0.09277113718559854,Low Risk
TCU-00864,Selebi-Phikwe,LO013,Personal Loan,64,Pensioner,4067.0,21600.0,14.28,84,408.0,15,15850.0,2024-04-05,0.1003,849,3,7.4,0,0,0.0,Current,0,0,,0.0,0,0,0,1,0,0,0.0,0.10031964593066142,5.311040078682075,4,4,2,0.19038699582509339,Low Risk
TCU-00865,Selebi-Phikwe,LO009,Vehicle Loan,54,Government Employee,21312.0,277400.0,10.64,36,9035.0,7,203640.0,2024-11-12,0.4239,850,1,3.4,0,0,0.0,Current,0,0,,0.0,0,0,0,0,1,0,0.0,0.42393956456456455,13.01614114114114,4,5,1,0.1868047630606895,Low Risk
TCU-00866,Maun,LO009,Home Loan,33,Government Employee,24192.0,221600.0,9.66,12,19447.0,12,0.0,2024-02-17,0.8039,850,4,20.2,0,1,182193.0,Current,0,0,,0.0,0,0,1,0,0,0,0.8221705776173285,0.8038607804232805,9.16005291005291,3,3,1,0.34014058042828066,Medium Risk
TCU-00867,Gaborone Main,LO008,Home Loan,27,Student,1506.0,17100.0,14.68,84,327.0,9,14747.0,2024-10-02,0.2171,553,0,23.3,1,1,29617.0,Current,0,0,,0.0,0,4,0,1,0,0,1.7319883040935673,0.21713147410358566,11.354581673306773,1,3,5,0.17339038911729188,Low Risk
TCU-00868,Lobatse,LO013,Business Loan,58,Pensioner,6330.0,7700.0,12.13,48,203.0,14,5023.0,2024-05-01,0.0321,749,4,20.0,0,0,0.0,Current,0,0,,0.0,0,1,0,0,0,0,0.0,0.032069510268562404,1.216429699842022,2,1,2,0.1097702776420231,Low Risk
TCU-00869,Selebi-Phikwe,LO003,Education Loan,33,Self-Employed,20361.0,348100.0,12.17,12,30956.0,12,0.0,2024-03-30,1.5204,850,0,25.6,0,0,0.0,Late (30–89 days),30,2,Legal Notice,0.0,1,0,1,0,1,0,0.0,1.520357546289475,17.09640980305486,4,2,4,0.9263573540210379,Critical
TCU-00870,Maun,LO005,Personal Loan,22,Pensioner,8704.0,113500.0,23.56,12,10708.0,2,87300.0,2025-04-16,1.2302,617,0,3.2,1,1,165104.0,Defaulted,128,4,,56205.0,1,3,1,0,0,0,1.4546607929515418,1.2302389705882353,13.039981617647058,3,4,2,0.6870417508649537,High Risk
TCU-00871,Maun,LO003,Education Loan,57,Private Sector,23106.0,73200.0,12.63,24,3467.0,13,31553.0,2024-05-24,0.15,829,0,2.1,1,0,0.0,Current,0,0,,0.0,0,0,0,0,0,0,0.0,0.15004760668224704,3.1680083095299922,3,2,3,0.12895735126556446,Low Risk
TCU-00872,Lobatse,LO012,Agriculture Loan,30,Government Employee,12992.0,320900.0,13.44,84,5915.0,13,230669.0,2024-05-09,0.4553,756,1,4.2,1,1,256753.0,Early (1–29 days),21,1,,0.0,0,1,1,0,1,0,0.8001028357743846,0.4552801724137931,24.69981527093596,2,0,1,0.2874191260618311,Medium Risk
TCU-00873,Maun,LO014,Home Loan,47,Private Sector,28815.0,109600.0,10.61,84,1854.0,2,106860.0,2025-04-26,0.0643,803,1,26.7,2,1,98563.0,Current,0,0,,0.0,0,0,0,0,0,0,0.8992974452554745,0.06434148880791254,3.803574527155995,3,3,3,0.36637829167652614,Medium Risk
TCU-00874,Francistown,LO009,Agriculture Loan,55,Private Sector,16863.0,255500.0,9.62,60,5381.0,5,199297.0,2025-01-17,0.3191,832,0,23.7,2,0,0.0,Late (30–89 days),37,2,Legal Notice,68495.0,1,0,0,0,1,0,0.0,0.3191009903338671,15.151515151515152,0,0,3,0.5458464787891582,High Risk
TCU-00875,Gaborone Main,LO003,Home Loan,33,Farmer,5231.0,69200.0,20.03,24,3523.0,3,51951.0,2025-03-27,0.6735,638,0,2.6,0,1,57090.0,Current,0,0,,0.0,0,3,1,0,0,0,0.825,0.6734849933091187,13.228828139935002,1,3,0,0.31649364770892596,Medium Risk
TCU-00876,Lobatse,LO019,Home Loan,63,Government Employee,17550.0,125800.0,21.07,24,6469.0,2,105167.0,2025-04-24,0.3686,840,1,6.8,1,1,227925.0,Current,0,0,,0.0,0,0,0,0,0,0,1.8118044515103338,0.36860398860398863,7.168091168091168,2,3,1,0.19609007459473843,Low Risk
TCU-00877,Lobatse,LO017,Business Loan,68,Government Employee,24616.0,151000.0,16.85,24,7455.0,15,48433.0,2024-03-13,0.3029,850,2,20.1,0,0,0.0,Current,0,0,,0.0,0,0,0,0,0,0,0.0,0.3028518037049074,6.134221644458888,2,1,1,0.08924792103557783,Low Risk
TCU-00878,Selebi-Phikwe,LO009,Education Loan,68,Self-Employed,31502.0,172000.0,22.74,48,5488.0,16,104444.0,2024-03-02,0.1742,850,0,16.6,0,1,194254.0,Current,0,0,,0.0,0,0,0,0,0,0,1.1293837209302326,0.17421116119611454,5.459970795505047,4,2,4,0.11227468096891619,Low Risk
TCU-00879,Lobatse,LO007,Education Loan,41,Pensioner,5822.0,86600.0,14.43,84,1644.0,8,71370.0,2024-11-01,0.2824,708,0,13.6,0,1,76659.0,Current,0,0,,0.0,0,2,0,0,0,0,0.8852078521939953,0.2823771899690828,14.874613534867743,2,2,2,0.060172083461798295,Low Risk
TCU-00880,Francistown,LO007,Education Loan,45,Farmer,5193.0,130600.0,16.88,36,4648.0,7,91115.0,2024-11-28,0.8951,712,1,21.1,1,0,0.0,Current,0,0,,0.0,0,2,1,0,0,0,0.0,0.8950510302330059,25.149239360677836,0,2,0,0.4529326799210209,High Risk
TCU-00881,Selebi-Phikwe,LO017,Vehicle Loan,27,Government Employee,9611.0,13600.0,13.59,36,462.0,3,11872.0,2025-03-31,0.0481,794,0,1.2,1,1,16286.0,Current,0,0,,0.0,0,1,0,0,0,1,1.1975,0.04806991988346686,1.4150452606388513,4,5,1,0.22781842700907246,Medium Risk
TCU-00882,Francistown,LO001,Personal Loan,27,Student,3834.0,64600.0,20.67,60,1736.0,6,57023.0,2024-12-31,0.4528,679,0,5.2,0,0,0.0,Late (30–89 days),37,2,,8762.0,1,2,1,1,0,0,0.0,0.4527908189880021,16.84924360980699,0,4,5,0.6475010095071504,High Risk
TCU-00883,Lobatse,LO009,Vehicle Loan,33,Self-Employed,26814.0,20800.0,12.88,84,377.0,1,17777.0,2025-05-19,0.0141,850,0,18.1,0,1,42918.0,Current,0,0,,0.0,0,0,0,0,0,0,2.0633653846153845,0.014059819497277542,0.7757141791601402,2,5,4,0.06572974203850887,Low Risk
TCU-00884,Gaborone Main,LO001,Vehicle Loan,64,Government Employee,12893.0,105400.0,13.21,72,2128.0,17,70892.0,2024-01-13,0.1651,826,3,4.0,0,1,89952.0,Late (30–89 days),69,2,Legal Notice,8231.0,1,0,0,0,0,0,0.8534345351043643,0.16505080276118825,8.174978670596447,1,5,1,0.432041795585814,Medium Risk
TCU-00885,Lobatse,LO004,Business Loan,41,Student,4967.0,75700.0,22.32,60,2105.0,5,62585.0,2025-01-02,0.4238,687,1,10.5,0,1,64840.0,Current,0,0,,0.0,0,2,0,1,0,0,0.8565389696169089,0.42379706059995975,15.240587880008054,2,1,5,0.23645616309245088,Medium Risk
TCU-00886,Gaborone Main,LO013,Education Loan,22,Student,3000.0,111900.0,9.41,60,2345.0,5,98223.0,2025-01-31,0.7817,498,1,1.8,0,1,180637.0,Current,0,0,,0.0,0,4,1,1,0,1,1.6142716711349419,0.7816666666666666,37.3,1,2,5,0.2009097469587549,Medium Risk
TCU-00887,Francistown,LO019,Home Loan,35,Student,2574.0,94400.0,21.86,12,8829.0,12,0.0,2024-01-03,3.4301,553,2,10.4,0,1,131357.0,Defaulted,342,6,Letter Sent,0.0,1,4,1,1,0,0,1.3914936440677965,2.0,36.67443667443668,0,3,5,0.7764376368361445,Critical
TCU-00888,Selebi-Phikwe,LO006,Home Loan,38,Private Sector,8538.0,53300.0,9.45,24,2446.0,13,21567.0,2024-06-02,0.2865,743,0,10.3,0,1,113991.0,Current,0,0,,0.0,0,1,0,0,0,0,2.138667917448405,0.28648395408760835,6.242679784492855,4,3,3,0.07947943133819181,Low Risk
TCU-00889,Maun,LO008,Personal Loan,65,Government Employee,18833.0,280100.0,14.92,36,9699.0,9,179003.0,2024-09-05,0.515,850,0,13.6,1,0,0.0,Defaulted,261,10,Legal Notice,98512.0,1,0,1,0,1,0,0.0,0.5150002654914246,14.872829607603675,3,4,1,0.742426828629755,Critical
TCU-00890,Selebi-Phikwe,LO011,Education Loan,57,Pensioner,9164.0,84500.0,17.7,48,2469.0,7,63164.0,2024-11-15,0.2694,742,0,28.6,0,0,0.0,Current,0,0,,0.0,0,1,0,0,0,0,0.0,0.26942383238760365,9.220864251418595,4,2,2,0.109913770711793,Low Risk
TCU-00891,Maun,LO012,Education Loan,31,Farmer,5238.0,109300.0,22.29,72,2765.0,13,76145.0,2024-05-09,0.5279,645,0,5.3,1,0,0.0,Current,0,0,,0.0,0,3,1,0,0,0,0.0,0.527873234058801,20.866743031691485,3,2,0,0.43950251249503375,Medium Risk
TCU-00892,Lobatse,LO006,Personal Loan,28,Student,2734.0,97200.0,16.59,48,2784.0,18,57892.0,2024-01-05,1.0183,648,1,13.3,1,1,112698.0,Late (30–89 days),35,2,Home Visit,14024.0,1,3,1,1,0,0,1.1594444444444445,1.0182882223847842,35.55230431602048,2,4,5,0.8923920535841761,Critical
TCU-00893,Francistown,LO004,Vehicle Loan,66,Farmer,9672.0,11400.0,23.88,36,447.0,10,7590.0,2024-08-30,0.0462,793,3,2.5,3,0,0.0,Defaulted,335,5,Letter Sent,5781.0,1,1,0,0,0,0,0.0,0.04621588089330025,1.1786600496277915,0,5,0,0.7450192175400387,Critical
TCU-00894,Gaborone Main,LO004,Education Loan,43,Self-Employed,8972.0,165200.0,8.52,24,7511.0,10,90802.0,2024-08-06,0.8372,639,1,18.9,1,1,318212.0,Late (30–89 days),47,2,Letter Sent,20142.0,1,3,1,0,0,0,1.9262227602905568,0.8371600534997771,18.412839946500224,1,2,4,0.7325256971097639,Critical
TCU-00895,Francistown,LO017,Agriculture Loan,63,Private Sector,8633.0,223900.0,14.08,60,5219.0,11,174654.0,2024-07-19,0.6045,722,2,4.3,0,0,0.0,Current,0,0,,0.0,0,2,1,0,0,0,0.0,0.6045407158577552,25.935364299779913,0,0,3,0.3106240734377033,Medium Risk
TCU-00896,Selebi-Phikwe,LO016,Home Loan,30,Private Sector,26412.0,384100.0,12.28,72,7565.0,11,278628.0,2024-07-17,0.2864,793,2,4.4,0,1,337992.0,Current,0,0,,0.0,0,1,0,0,1,0,0.8799583441812028,0.2864228381038922,14.542632136907466,4,3,3,0.09460928913494296,Low Risk
TCU-00897,Lobatse,LO008,Vehicle Loan,25,Self-Employed,20449.0,452000.0,9.99,60,9601.0,10,327626.0,2024-08-17,0.4695,822,0,18.1,0,0,0.0,Current,0,0,,0.0,0,0,1,0,1,0,0.0,0.46950951146755343,22.103770355518606,2,5,4,0.14917521134098252,Low Risk
TCU-00898,Gaborone Main,LO006,Education Loan,46,Pensioner,8494.0,35900.0,20.67,36,1346.0,9,26287.0,2024-09-10,0.1585,738,2,24.7,0,1,38619.0,Current,0,0,,0.0,0,2,0,0,0,0,1.0757381615598887,0.1584647986814222,4.226512832587709,1,2,2,0.09741610451113597,Low Risk
TCU-00899,Selebi-Phikwe,LO001,Education Loan,29,Farmer,3671.0,87000.0,23.52,48,2813.0,4,73296.0,2025-02-06,0.7663,653,0,21.2,2,1,145346.0,Late (30–89 days),49,2,Letter Sent,21600.0,1,3,1,1,0,0,1.6706436781609195,0.7662762190138926,23.69926450558431,4,2,0,0.7069713036250649,Critical
TCU-00900,Gaborone Main,LO015,Vehicle Loan,41,Student,2870.0,20200.0,20.44,72,489.0,10,16266.0,2024-08-18,0.1704,540,0,9.4,0,1,22677.0,Current,0,0,,0.0,0,4,0,1,0,0,1.1226237623762376,0.17038327526132405,7.038327526132404,1,5,5,0.1040534951558913,Low Risk
TCU-00901,Maun,LO005,Home Loan,29,Government Employee,11680.0,47300.0,21.35,36,1791.0,7,33911.0,2024-11-24,0.1533,783,3,19.3,2,1,77482.0,Current,0,0,,0.0,0,1,0,0,0,0,1.6380972515856236,0.15333904109589042,4.049657534246576,3,3,1,0.28248215482510647,Medium Risk
TCU-00902,Francistown,LO008,Agriculture Loan,61,Farmer,6734.0,28300.0,17.81,72,642.0,5,23426.0,2025-01-24,0.0953,818,0,10.5,0,1,69100.0,Current,0,0,,0.0,0,0,0,0,0,0,2.441696113074205,0.09533709533709533,4.202554202554203,0,0,0,0.09269106485320654,Low Risk
TCU-00903,Gaborone Main,LO012,Education Loan,33,Self-Employed,12491.0,247300.0,23.22,12,23291.0,10,35514.0,2024-09-03,1.8646,731,1,15.2,0,0,0.0,Defaulted,329,9,Legal Notice,28847.0,1,2,1,0,1,0,0.0,1.8646225282203186,19.79825474341526,1,2,4,0.9632204957493754,Critical
TCU-00904,Selebi-Phikwe,LO011,Vehicle Loan,65,Self-Employed,18450.0,361700.0,23.85,72,9490.0,6,328922.0,2024-12-09,0.5144,815,0,7.6,0,1,816472.0,Current,0,0,,0.0,0,0,1,0,1,0,2.2573182195189383,0.5143631436314363,19.604336043360433,4,5,4,0.08150135408712032,Low Risk
TCU-00905,Gaborone Main,LO014,Business Loan,54,Farmer,13871.0,44800.0,12.93,12,4000.0,12,0.0,2024-01-09,0.2884,850,3,9.5,0,1,93753.0,Current,0,0,,0.0,0,0,0,0,0,0,2.0927008928571427,0.28837142239204094,3.2297599307908587,1,1,0,0.1141633499903506,Low Risk
TCU-00906,Selebi-Phikwe,LO010,Vehicle Loan,58,Farmer,5181.0,56800.0,15.52,36,1983.0,13,32150.0,2024-05-19,0.3827,660,2,17.9,0,1,57272.0,Current,0,0,,0.0,0,3,0,0,0,0,1.0083098591549295,0.3827446438911407,10.96313453001351,4,5,0,0.10883044852241268,Low Risk
TCU-00907,Lobatse,LO019,Business Loan,38,Student,2367.0,99000.0,21.16,36,3738.0,7,78388.0,2024-11-20,1.5792,680,1,12.7,0,1,96745.0,Early (1–29 days),21,1,,0.0,0,2,1,1,0,0,0.9772222222222222,1.579214195183777,41.82509505703422,2,1,5,0.49216738279119787,High Risk
TCU-00908,Gaborone Main,LO016,Education Loan,65,Student,4377.0,32300.0,10.36,36,1048.0,2,26352.0,2025-04-02,0.2394,836,3,8.8,0,1,79073.0,Current,0,0,,0.0,0,0,0,1,0,0,2.448080495356037,0.2394334018734293,7.379483664610464,1,2,5,0.16863201210040393,Low Risk
TCU-00909,Maun,LO009,Agriculture Loan,54,Farmer,10806.0,23900.0,16.21,72,521.0,12,19527.0,2024-06-16,0.0482,850,1,12.6,0,0,0.0,Current,0,0,,0.0,0,0,0,0,0,0,0.0,0.04821395521006848,2.211734221728669,3,0,0,0.0794160776053234,Low Risk
TCU-00910,Selebi-Phikwe,LO013,Agriculture Loan,30,Pensioner,5943.0,54900.0,10.23,12,4832.0,12,0.0,2024-02-17,0.8131,638,1,11.0,0,1,94039.0,Defaulted,278,8,,0.0,1,3,1,0,0,0,1.7129143897996357,0.8130573784284032,9.237758707723373,4,0,2,0.3481247625019558,Medium Risk
TCU-00911,Gaborone Main,LO005,Vehicle Loan,24,Government Employee,22558.0,57500.0,13.29,36,1945.0,2,51557.0,2025-04-19,0.0862,850,0,9.4,3,0,0.0,Defaulted,201,9,,32898.0,1,0,0,0,0,0,0.0,0.08622218281762567,2.548984839081479,1,5,1,0.7006694841666427,Critical
TCU-00912,Selebi-Phikwe,LO006,Personal Loan,66,Government Employee,11374.0,137300.0,13.94,24,6588.0,4,100275.0,2025-02-04,0.5792,791,2,18.2,0,0,0.0,Current,0,0,,0.0,0,1,1,0,0,0,0.0,0.5792157552312291,12.071390891506946,4,4,1,0.22321013710139884,Medium Risk
TCU-00913,Lobatse,LO012,Agriculture Loan,68,Self-Employed,28584.0,78400.0,10.84,72,1486.0,3,66420.0,2025-03-29,0.052,850,1,5.6,0,0,0.0,Current,0,0,,0.0,0,0,0,0,0,0,0.0,0.05198712566470753,2.7427931710047577,2,0,4,0.11018748190432377,Low Risk
TCU-00914,Francistown,LO005,Business Loan,36,Self-Employed,19236.0,105200.0,9.04,48,2620.0,15,71320.0,2024-04-03,0.1362,735,1,14.0,0,1,173193.0,Current,0,0,,0.0,0,2,0,0,0,0,1.6463212927756654,0.13620295279683925,5.468912455812019,0,1,4,0.127460661572875,Low Risk
TCU-00915,Gaborone Main,LO004,Personal Loan,34,Farmer,8897.0,20100.0,18.49,84,428.0,10,17423.0,2024-08-15,0.0481,641,4,21.3,3,1,43203.0,Current,0,0,,0.0,0,3,0,0,0,0,2.149402985074627,0.04810610318084748,2.2591884905024164,1,4,0,0.2725144355769092,Medium Risk
TCU-00916,Selebi-Phikwe,LO016,Business Loan,56,Self-Employed,15675.0,69900.0,11.75,24,3282.0,13,27913.0,2024-06-05,0.2094,797,0,21.5,0,1,128101.0,Current,0,0,,0.0,0,1,0,0,0,0,1.8326323319027182,0.209377990430622,4.45933014354067,4,1,4,0.13040092761664585,Low Risk
TCU-00917,Lobatse,LO005,Agriculture Loan,64,Student,4355.0,132900.0,11.35,72,2554.0,6,110953.0,2024-12-28,0.5865,647,1,29.8,0,0,0.0,Current,0,0,,0.0,0,3,1,1,0,0,0.0,0.5864523536165327,30.516647531572904,2,0,5,0.1520426083092623,Low Risk
TCU-00918,Francistown,LO003,Agriculture Loan,68,Farmer,4377.0,27300.0,20.79,36,1026.0,14,16252.0,2024-04-17,0.2344,813,0,20.2,0,0,0.0,Current,0,0,,0.0,0,0,0,1,0,0,0.0,0.23440712816997944,6.237148732008225,0,0,0,0.08790774926348266,Low Risk
TCU-00919,Gaborone Main,LO008,Vehicle Loan,31,Government Employee,10967.0,202200.0,12.95,48,5420.0,10,149772.0,2024-08-22,0.4942,711,0,9.8,0,1,286033.0,Current,0,0,,0.0,0,2,1,0,0,0,1.4146043521266074,0.49420990243457646,18.43712957052977,1,5,1,0.07302306780866648,Low Risk
TCU-00920,Gaborone Main,LO012,Personal Loan,62,Student,2998.0,12800.0,17.28,72,287.0,6,10554.0,2024-12-16,0.0957,623,0,17.3,0,0,0.0,Current,0,0,,0.0,0,3,0,1,0,0,0.0,0.09573048699132755,4.269513008672448,1,4,5,0.2125247880012107,Medium Risk
TCU-00921,Selebi-Phikwe,LO012,Business Loan,50,Pensioner,4361.0,145700.0,8.78,24,6642.0,3,127036.0,2025-03-21,1.523,688,3,15.1,0,0,0.0,Defaulted,127,6,,83489.0,1,2,1,1,0,0,0.0,1.52304517312543,33.40976840174272,4,1,2,0.9010456041469179,Critical
TCU-00922,Selebi-Phikwe,LO015,Education Loan,49,Pensioner,7399.0,12400.0,23.3,48,399.0,10,8453.0,2024-08-08,0.0539,708,1,26.8,0,0,0.0,Current,0,0,,0.0,0,2,0,0,0,0,0.0,0.05392620624408704,1.6759021489390458,4,2,2,0.12013925022016238,Low Risk
TCU-00923,Gaborone Main,LO015,Home Loan,46,Student,3934.0,100600.0,15.86,60,2439.0,3,86287.0,2025-03-06,0.62,763,3,20.7,2,0,0.0,Late (30–89 days),35,2,Called,15722.0,1,1,1,1,0,0,0.0,0.6199796644636503,25.571936959837316,1,3,5,0.832991757876216,Critical
TCU-00924,Lobatse,LO011,Business Loan,23,Pensioner,5399.0,18900.0,17.58,36,679.0,17,9638.0,2024-01-25,0.1258,537,1,11.7,3,0,0.0,Current,0,0,,0.0,0,4,0,0,0,0,0.0,0.12576403037599557,3.5006482681978146,2,1,2,0.3927733317977907,Medium Risk
TCU-00925,Gaborone Main,LO005,Vehicle Loan,67,Government Employee,24459.0,156600.0,16.94,84,3195.0,3,139600.0,2025-03-21,0.1306,850,1,9.6,2,1,178872.0,Current,0,0,,0.0,0,0,0,0,0,0,1.1422222222222222,0.13062676315466698,6.402551208144241,1,5,1,0.4179490870461997,Medium Risk
TCU-00926,Gaborone Main,LO001,Vehicle Loan,38,Self-Employed,12794.0,69700.0,11.59,60,1536.0,5,63653.0,2025-01-30,0.1201,822,1,18.7,3,1,68783.0,Current,0,0,,0.0,0,0,0,0,0,0,0.9868436154949785,0.12005627637955292,5.447866187275285,1,5,4,0.37430756413968,Medium Risk
TCU-00927,Francistown,LO011,Business Loan,66,Farmer,3595.0,45100.0,8.62,36,1426.0,6,32567.0,2024-12-24,0.3967,658,1,13.1,0,1,60155.0,Current,0,0,,0.0,0,3,0,1,0,0,1.3338137472283813,0.39666203059805283,12.545201668984701,0,1,0,0.10295504119471126,Low Risk
TCU-00928,Lobatse,LO013,Home Loan,58,Self-Employed,37214.0,220100.0,13.13,36,7430.0,9,161971.0,2024-09-25,0.1997,850,3,9.1,0,0,0.0,Current,0,0,,0.0,0,0,0,0,0,0,0.0,0.19965604342451765,5.914440801848767,2,3,4,0.1248179630225793,Low Risk
TCU-00929,Lobatse,LO020,Education Loan,29,Farmer,5935.0,168400.0,23.14,36,6531.0,8,122693.0,2024-10-09,1.1004,656,0,12.6,0,0,0.0,Current,0,0,,0.0,0,3,1,0,0,0,0.0,1.1004212299915754,28.374052232518956,2,2,0,0.5192822339370692,High Risk
TCU-00930,Lobatse,LO011,Education Loan,36,Government Employee,15142.0,241100.0,23.0,60,6797.0,9,177261.0,2024-10-03,0.4489,850,0,29.0,3,0,0.0,Late (30–89 days),41,1,SMS Sent,55856.0,1,0,1,0,1,0,0.0,0.44888389908862764,15.922599392418439,2,2,1,0.7457776503990824,Critical
TCU-00931,Maun,LO017,Home Loan,52,Self-Employed,10938.0,298700.0,14.24,48,8198.0,13,213200.0,2024-05-15,0.7495,801,0,8.7,0,1,710646.0,Current,0,0,,0.0,0,0,1,0,1,0,2.379129561432876,0.7494971658438472,27.308465898701773,3,3,4,0.12546585195377336,Low Risk
TCU-00932,Maun,LO004,Business Loan,23,Private Sector,24691.0,413300.0,13.67,48,11226.0,6,336075.0,2024-12-30,0.4547,850,1,6.1,0,0,0.0,Current,0,0,,0.0,0,0,1,0,1,0,0.0,0.45465959256409216,16.738892713944352,3,1,3,0.14522068626412732,Low Risk
TCU-00933,Lobatse,LO020,Business Loan,49,Government Employee,24054.0,183400.0,13.12,36,6190.0,7,134366.0,2024-12-01,0.2573,850,3,16.7,0,1,424282.0,Current,0,0,,0.0,0,0,0,0,0,0,2.313424209378408,0.2573376569385549,7.6245115157562156,2,1,1,0.12506598787497708,Low Risk
TCU-00934,Francistown,LO007,Home Loan,30,Government Employee,15778.0,122200.0,18.67,12,11242.0,7,45051.0,2024-11-04,0.7125,796,1,17.6,0,0,0.0,Current,0,0,,0.0,0,1,1,0,0,0,0.0,0.712511091393079,7.744961338572696,0,3,1,0.3131746952219233,Medium Risk
TCU-00935,Lobatse,LO011,Agriculture Loan,23,Government Employee,20033.0,294900.0,14.41,60,6925.0,16,188784.0,2024-02-21,0.3457,811,1,14.9,2,1,368018.0,Current,0,0,,0.0,0,0,0,0,1,0,1.2479416751441166,0.3456796286127889,14.720710827135226,2,0,1,0.2651836274068237,Medium Risk
TCU-00936,Francistown,LO018,Home Loan,25,Private Sector,28734.0,408500.0,17.95,36,14758.0,3,340243.0,2025-03-08,0.5136,850,0,22.7,1,0,0.0,Late (30–89 days),38,1,Called,87069.0,1,0,1,0,1,0,0.0,0.5136075729101413,14.216607503306188,0,3,3,0.4247167755685463,Medium Risk
TCU-00937,Gaborone Main,LO005,Home Loan,22,Private Sector,15631.0,111700.0,22.11,24,5801.0,17,28765.0,2024-01-23,0.3711,754,0,20.9,0,1,176006.0,Late (30–89 days),84,2,Home Visit,3898.0,1,1,0,0,0,0,1.5757027752909578,0.37112148934809036,7.146055914528821,1,3,3,0.39528431967387545,Medium Risk
TCU-00938,Maun,LO011,Business Loan,61,Pensioner,9392.0,40300.0,14.24,12,3623.0,12,0.0,2024-03-21,0.3858,839,0,7.3,0,0,0.0,Early (1–29 days),9,1,,0.0,0,0,0,0,0,0,0.0,0.38575383304940375,4.290885860306644,3,1,2,0.07868390846689356,Low Risk
TCU-00939,Gaborone Main,LO005,Education Loan,67,Private Sector,13104.0,184200.0,17.51,72,4150.0,17,121520.0,2024-01-17,0.3167,790,1,4.4,0,1,284937.0,Current,0,0,,0.0,0,1,0,0,0,0,1.5468892508143322,0.3166971916971917,14.056776556776557,1,2,3,0.09094711109961467,Low Risk
TCU-00940,Selebi-Phikwe,LO004,Vehicle Loan,64,Pensioner,7853.0,96400.0,12.54,12,8589.0,11,7944.0,2024-07-06,1.0937,614,0,11.1,0,1,227971.0,Current,0,0,,0.0,0,3,1,0,0,0,2.364844398340249,1.0937221444034126,12.275563478925251,4,5,2,0.3442952378311428,Medium Risk
TCU-00941,Gaborone Main,LO006,Business Loan,43,Pensioner,5900.0,76000.0,20.62,36,2848.0,5,59498.0,2025-01-29,0.4827,608,3,21.9,0,1,92984.0,Current,0,0,,0.0,0,3,1,0,0,0,1.2234736842105263,0.48271186440677966,12.88135593220339,1,1,2,0.18386754281532777,Low Risk
TCU-00942,Francistown,LO003,Personal Loan,33,Government Employee,24649.0,186600.0,16.46,24,9178.0,6,139583.0,2024-12-20,0.3723,848,1,24.3,1,1,439958.0,Late (30–89 days),84,1,Home Visit,44072.0,1,0,0,0,0,0,2.357759914255091,0.37234776258671753,7.570286827051808,0,4,1,0.5209971729309835,High Risk
TCU-00943,Gaborone Main,LO008,Education Loan,40,Student,2029.0,31100.0,18.07,72,711.0,6,24994.0,2024-12-29,0.3504,604,2,15.1,0,1,50904.0,Current,0,0,,0.0,0,3,0,1,0,0,1.6367845659163986,0.350418925579103,15.327747658945293,1,2,5,0.18181325026708262,Low Risk
TCU-00944,Francistown,LO001,Home Loan,51,Private Sector,26572.0,56600.0,11.23,72,1084.0,7,48684.0,2024-11-24,0.0408,850,0,26.4,0,0,0.0,Early (1–29 days),18,1,,0.0,0,0,0,0,0,0,0.0,0.040794821616739425,2.130061719102815,0,3,3,0.0638680590858334,Low Risk
TCU-00945,Maun,LO010,Home Loan,34,Private Sector,16628.0,14200.0,16.28,60,347.0,1,12934.0,2025-05-26,0.0209,743,0,1.1,0,0,0.0,Current,0,0,,0.0,0,1,0,0,0,1,0.0,0.0208684147221554,0.8539812364686071,3,3,3,0.09304944507747916,Low Risk
TCU-00946,Lobatse,LO011,Business Loan,44,Government Employee,21396.0,132400.0,19.38,24,6699.0,4,100852.0,2025-02-10,0.3131,832,1,5.2,1,0,0.0,Current,0,0,,0.0,0,0,0,0,0,0,0.0,0.3130959057767807,6.188072536922789,2,1,1,0.15808979824700264,Low Risk
TCU-00947,Maun,LO006,Business Loan,53,Farmer,13945.0,12800.0,9.75,48,323.0,6,10432.0,2024-12-23,0.0232,850,0,11.4,1,1,23133.0,Current,0,0,,0.0,0,0,0,0,0,0,1.807265625,0.023162423807816423,0.9178917174614557,3,1,0,0.1621050986987537,Low Risk
TCU-00948,Gaborone Main,LO005,Education Loan,48,Private Sector,13626.0,352100.0,14.73,48,9751.0,9,263049.0,2024-09-07,0.7156,850,2,5.0,0,0,0.0,Current,0,0,,0.0,0,0,1,0,1,0,0.0,0.7156172024071628,25.840305298693675,1,2,3,0.2788605086982949,Medium Risk
TCU-00949,Selebi-Phikwe,LO003,Home Loan,24,Farmer,10959.0,15100.0,18.87,36,553.0,14,8113.0,2024-04-09,0.0505,706,1,25.6,0,0,0.0,Current,0,0,,0.0,0,2,0,0,0,0,0.0,0.0504608084679259,1.3778629436992427,4,3,0,0.11830706576576093,Low Risk
TCU-00950,Gaborone Main,LO006,Business Loan,26,Student,1830.0,61000.0,14.27,36,2093.0,14,35663.0,2024-04-25,1.1437,584,1,26.2,0,1,151612.0,Late (30–89 days),78,1,Letter Sent,8299.0,1,3,1,1,0,0,2.4854426229508197,1.1437158469945354,33.333333333333336,1,1,5,0.7706947063486105,Critical
TCU-00951,Gaborone Main,LO013,Home Loan,57,Pensioner,9933.0,325100.0,18.94,12,29951.0,4,189999.0,2025-02-01,3.0153,850,1,19.3,0,0,0.0,Late (30–89 days),54,2,Home Visit,32384.0,1,0,1,0,1,0,0.0,2.0,32.72928621765831,1,3,2,0.9744035812653316,Critical
TCU-00952,Gaborone Main,LO020,Vehicle Loan,41,Student,4035.0,54400.0,10.23,24,2516.0,3,46234.0,2025-03-22,0.6235,620,0,6.2,0,0,0.0,Defaulted,173,12,Called,23756.0,1,3,1,1,0,0,0.0,0.623543990086741,13.482032218091698,1,5,5,0.7482228548964089,Critical
TCU-00953,Selebi-Phikwe,LO017,Education Loan,29,Self-Employed,31809.0,60400.0,15.8,60,1462.0,2,50972.0,2025-04-02,0.046,850,1,18.6,0,1,115235.0,Current,0,0,,0.0,0,0,0,0,0,0,1.907864238410596,0.04596183470087082,1.8988336634285894,4,2,4,0.08024367728288377,Low Risk
TCU-00954,Francistown,LO014,Vehicle Loan,23,Government Employee,14967.0,373800.0,19.45,12,34528.0,12,0.0,2024-01-06,2.3069,671,0,5.3,0,1,418857.0,Defaulted,254,3,Called,0.0,1,2,1,0,1,0,1.1205377207062601,2.0,24.97494487873321,0,5,1,0.6942822874215085,High Risk
TCU-00955,Lobatse,LO008,Education Loan,39,Private Sector,23035.0,278800.0,11.01,48,7207.0,12,198435.0,2024-06-24,0.3129,788,0,12.2,0,1,439824.0,Current,0,0,,0.0,0,1,0,0,1,0,1.5775609756097562,0.31287171695246363,12.103321033210332,2,2,3,0.05704477818473753,Low Risk
TCU-00956,Lobatse,LO020,Vehicle Loan,57,Private Sector,22156.0,105900.0,21.13,48,3287.0,15,67408.0,2024-03-26,0.1484,850,1,26.6,3,0,0.0,Current,0,0,,0.0,0,0,0,0,0,0,0.0,0.14835710417042788,4.779743636035385,2,5,3,0.35209410118104806,Medium Risk
TCU-00957,Francistown,LO014,Education Loan,51,Government Employee,13180.0,5400.0,9.65,24,248.0,12,2376.0,2024-06-09,0.0188,802,0,16.4,0,0,0.0,Current,0,0,,0.0,0,0,0,0,0,0,0.0,0.01881638846737481,0.40971168437025796,0,2,1,0.18824791456563833,Low Risk
TCU-00958,Lobatse,LO016,Home Loan,68,Government Employee,20040.0,470800.0,8.81,48,11673.0,1,418510.0,2025-05-19,0.5825,850,1,13.0,0,1,842450.0,Defaulted,365,11,,186322.0,1,0,1,0,1,0,1.7894010195412065,0.5824850299401197,23.493013972055888,2,3,1,0.5848176245350666,High Risk
TCU-00959,Gaborone Main,LO020,Business Loan,39,Private Sector,17210.0,200400.0,15.64,60,4835.0,14,138714.0,2024-04-23,0.2809,740,1,7.8,0,1,329801.0,Late (30–89 days),75,1,Home Visit,38198.0,1,1,0,0,0,0,1.6457135728542913,0.2809413131900058,11.644392794886693,1,1,3,0.24396137229954337,Medium Risk
TCU-00960,Selebi-Phikwe,LO018,Vehicle Loan,45,Student,4173.0,53500.0,21.36,24,2759.0,7,34759.0,2024-11-27,0.6612,643,0,15.5,0,0,0.0,Current,0,0,,0.0,0,3,1,1,0,0,0.0,0.6611550443326144,12.820512820512821,4,5,5,0.5519397903255779,High Risk
TCU-00961,Gaborone Main,LO015,Agriculture Loan,49,Student,2543.0,37800.0,8.85,36,1199.0,2,31109.0,2025-05-01,0.4715,632,4,9.5,1,0,0.0,Late (30–89 days),30,2,,5498.0,1,3,1,1,0,0,0.0,0.4714903657097916,14.864333464412113,1,0,5,0.8164238886474942,Critical
TCU-00962,Lobatse,LO012,Agriculture Loan,53,Self-Employed,26241.0,205800.0,9.67,60,4339.0,11,163097.0,2024-07-17,0.1654,850,2,25.5,0,1,265741.0,Current,0,0,,0.0,0,0,0,0,0,0,1.2912585034013606,0.16535193018558744,7.842688921916086,2,0,4,0.10947221894892346,Low Risk
TCU-00963,Lobatse,LO018,Education Loan,47,Student,1874.0,38500.0,16.77,36,1368.0,8,26872.0,2024-10-23,0.73,678,1,24.3,1,1,41985.0,Current,0,0,,0.0,0,2,1,1,0,0,1.0905194805194804,0.7299893276414088,20.544290288153682,2,2,5,0.35662623784670755,Medium Risk
TCU-00964,Gaborone Main,LO013,Vehicle Loan,30,Farmer,6479.0,18000.0,21.52,24,930.0,8,11162.0,2024-10-04,0.1435,645,0,15.8,1,1,41244.0,Current,0,0,,0.0,0,3,0,0,0,0,2.291333333333333,0.14354066985645933,2.778206513350826,1,5,0,0.15226974954713146,Low Risk
TCU-00965,Selebi-Phikwe,LO010,Agriculture Loan,24,Self-Employed,33333.0,311300.0,19.92,36,11556.0,14,177493.0,2024-04-18,0.3467,833,0,27.8,0,1,255774.0,Defaulted,113,8,,128521.0,1,0,0,0,1,0,0.8216318663668487,0.34668346683466833,9.33909339093391,4,0,4,0.4286642325831491,Medium Risk
TCU-00966,Lobatse,LO020,Home Loan,47,Government Employee,18966.0,232000.0,14.04,36,7934.0,14,132377.0,2024-04-09,0.4183,850,2,6.2,0,1,518738.0,Current,0,0,,0.0,0,0,0,0,1,0,2.2359396551724138,0.41832753348096596,12.232415902140673,2,3,1,0.09122473717467643,Low Risk
TCU-00967,Gaborone Main,LO004,Education Loan,54,Farmer,8665.0,151700.0,9.04,12,13269.0,11,11556.0,2024-07-27,1.5313,774,0,27.6,0,0,0.0,Defaulted,112,9,,7139.0,1,1,1,0,0,0,0.0,1.53133294864397,17.50721292556261,1,2,0,0.8650384894510297,Critical
TCU-00968,Lobatse,LO013,Home Loan,43,Farmer,4978.0,89300.0,20.7,24,4576.0,14,33433.0,2024-04-29,0.9192,671,0,18.1,1,1,212994.0,Late (30–89 days),84,1,SMS Sent,4387.0,1,2,1,1,0,0,2.38515117581187,0.9192446765769385,17.938931297709924,2,3,0,0.5860551864744001,High Risk
TCU-00969,Francistown,LO010,Vehicle Loan,43,Private Sector,25035.0,157100.0,22.46,36,6037.0,8,116411.0,2024-10-22,0.2411,850,1,10.1,0,0,0.0,Early (1–29 days),27,1,,0.0,0,0,0,0,0,0,0.0,0.24114240063910525,6.275214699420811,0,5,3,0.10269870635976805,Low Risk
TCU-00970,Maun,LO011,Agriculture Loan,27,Private Sector,14345.0,159100.0,21.86,60,4382.0,16,99231.0,2024-02-27,0.3055,825,0,4.3,0,1,362297.0,Current,0,0,,0.0,0,0,0,0,0,0,2.2771653048397233,0.3054722899965145,11.090972464273266,3,0,3,0.09207861141153093,Low Risk
TCU-00971,Selebi-Phikwe,LO016,Business Loan,62,Private Sector,16214.0,228300.0,19.84,60,6028.0,6,191776.0,2024-12-20,0.3718,829,0,5.8,0,1,509311.0,Current,0,0,,0.0,0,0,0,0,1,0,2.2308848007008324,0.37177747625508817,14.080424324657704,4,1,3,0.08986108992357154,Low Risk
TCU-00972,Maun,LO016,Home Loan,29,Pensioner,7690.0,16600.0,22.7,60,465.0,16,11011.0,2024-02-18,0.0605,639,1,8.1,0,1,19780.0,Current,0,0,,0.0,0,3,0,0,0,0,1.191566265060241,0.06046814044213264,2.1586475942782837,3,3,2,0.099667626587083,Low Risk
TCU-00973,Lobatse,LO010,Personal Loan,41,Farmer,12999.0,63900.0,17.5,72,1439.0,2,54665.0,2025-04-15,0.1107,736,0,10.3,0,1,75263.0,Current,0,0,,0.0,0,2,0,0,0,0,1.1778247261345853,0.11070082314024156,4.915762750980845,2,4,0,0.09031890179180609,Low Risk
TCU-00974,Francistown,LO008,Agriculture Loan,26,Student,3324.0,24500.0,23.01,60,691.0,2,21928.0,2025-04-30,0.2079,766,3,24.5,0,1,26851.0,Current,0,0,,0.0,0,1,0,1,0,0,1.0959591836734695,0.2078820697954272,7.37063778580024,0,0,5,0.13403936469960123,Low Risk
TCU-00975,Francistown,LO011,Agriculture Loan,57,Farmer,3751.0,33700.0,13.24,36,1139.0,10,24071.0,2024-08-05,0.3037,698,2,15.6,0,0,0.0,Current,0,0,,0.0,0,2,0,1,0,0,0.0,0.30365235937083446,8.984270861103706,0,0,0,0.12303278499825096,Low Risk
TCU-00976,Selebi-Phikwe,LO016,Personal Loan,40,Self-Employed,30468.0,192600.0,11.02,84,3300.0,4,172116.0,2025-02-11,0.1083,850,0,9.7,0,1,346492.0,Current,0,0,,0.0,0,0,0,0,0,0,1.799023883696781,0.10831035840882237,6.321386372587633,4,4,4,0.05946712047400499,Low Risk
TCU-00977,Maun,LO002,Education Loan,49,Self-Employed,25152.0,19400.0,9.07,12,1697.0,6,8943.0,2024-12-14,0.0675,840,0,28.0,1,1,38747.0,Current,0,0,,0.0,0,0,0,0,0,0,1.9972680412371133,0.06746978371501272,0.7713104325699746,3,2,4,0.13061673233095472,Low Risk
TCU-00978,Maun,LO013,Home Loan,40,Private Sector,23667.0,260800.0,18.1,84,5497.0,2,238660.0,2025-04-13,0.2323,838,1,17.1,1,0,0.0,Current,0,0,,0.0,0,0,0,0,1,0,0.0,0.23226433430515064,11.019563104745004,3,3,3,0.17037819183981395,Low Risk
TCU-00979,Francistown,LO017,Agriculture Loan,44,Pensioner,4667.0,32000.0,9.61,72,587.0,2,29856.0,2025-04-18,0.1258,591,2,25.2,1,1,55000.0,Current,0,0,,0.0,0,3,0,1,0,0,1.71875,0.12577673023355473,6.856653096207414,0,0,2,0.16735601223137958,Low Risk
TCU-00980,Gaborone Main,LO011,Education Loan,27,Farmer,9349.0,114100.0,13.6,12,10223.0,9,27647.0,2024-09-29,1.0935,622,0,15.1,1,1,167165.0,Late (30–89 days),76,1,Called,7176.0,1,3,1,0,0,0,1.465074496056091,1.0934859343245267,12.20451385174885,1,2,0,0.8309134360521753,Critical
TCU-00981,Maun,LO014,Education Loan,55,Pensioner,4684.0,21000.0,23.78,48,682.0,15,12868.0,2024-03-22,0.1456,780,3,1.2,1,0,0.0,Current,0,0,,0.0,0,1,0,1,0,1,0.0,0.14560204953031597,4.48334756618275,3,2,2,0.26161821947432207,Medium Risk
TCU-00982,Selebi-Phikwe,LO015,Education Loan,32,Government Employee,8799.0,117400.0,15.09,48,3273.0,11,79922.0,2024-07-31,0.372,668,2,3.1,1,1,194627.0,Current,0,0,,0.0,0,3,0,0,0,0,1.6578109028960817,0.3719740879645414,13.3424252755995,4,2,1,0.36351853923115374,Medium Risk
TCU-00983,Maun,LO007,Business Loan,22,Student,3857.0,37800.0,10.39,24,1751.0,15,12071.0,2024-03-22,0.454,710,3,29.6,0,0,0.0,Late (30–89 days),76,2,SMS Sent,1335.0,1,2,1,1,0,0,0.0,0.45397977702877884,9.800362976406534,3,1,5,0.7383685003571937,Critical
TCU-00984,Maun,LO018,Personal Loan,66,Pensioner,9134.0,19500.0,13.58,24,932.0,8,11464.0,2024-11-02,0.102,760,1,12.3,2,0,0.0,Current,0,0,,0.0,0,1,0,0,0,0,0.0,0.10203634771184585,2.1348806656448436,3,4,2,0.29090045218008365,Medium Risk
TCU-00985,Selebi-Phikwe,LO003,Business Loan,47,Private Sector,22565.0,301800.0,17.31,24,14967.0,6,200614.0,2024-12-27,0.6633,806,1,16.6,3,0,0.0,Late (30–89 days),53,2,Called,42649.0,1,0,1,0,1,0,0.0,0.6632838466651895,13.37469532461777,4,1,3,0.7622608520602573,Critical
TCU-00986,Maun,LO013,Vehicle Loan,27,Student,2338.0,16900.0,13.87,12,1516.0,12,0.0,2024-04-13,0.6484,569,0,28.7,0,0,0.0,Current,0,0,,0.0,0,4,1,1,0,0,0.0,0.6484174508126604,7.228400342172797,3,5,5,0.22636068425541725,Medium Risk
TCU-00987,Gaborone Main,LO006,Education Loan,33,Farmer,10134.0,317200.0,14.85,36,10973.0,9,212742.0,2024-09-12,1.0828,665,0,2.5,1,1,272613.0,Defaulted,326,8,Called,145850.0,1,3,1,0,1,0,0.8594356872635561,1.082790605881192,31.300572330767714,1,2,0,0.9018255989115299,Critical
TCU-00988,Maun,LO014,Home Loan,43,Pensioner,4257.0,17900.0,11.43,60,393.0,18,10905.0,2024-01-02,0.0923,676,4,0.7,0,1,27168.0,Current,0,0,,0.0,0,2,0,1,0,1,1.5177653631284915,0.0923185341789993,4.204839088560019,3,3,2,0.3399546373818769,Medium Risk
TCU-00989,Maun,LO015,Personal Loan,62,Self-Employed,23039.0,298000.0,20.81,12,27721.0,4,186006.0,2025-02-25,1.2032,850,0,22.8,2,0,0.0,Late (30–89 days),30,1,Legal Notice,26652.0,1,0,1,0,1,0,0.0,1.2032206258952212,12.934589174877383,3,4,4,0.8486601386864243,Critical
TCU-00990,Lobatse,LO015,Home Loan,39,Pensioner,9227.0,129900.0,21.76,24,6724.0,7,85631.0,2024-12-02,0.7287,745,3,4.5,0,1,300076.0,Defaulted,307,11,SMS Sent,71239.0,1,1,1,0,0,0,2.3100538876058505,0.7287308984502004,14.078248618185759,2,3,2,0.6241785647032301,High Risk
TCU-00991,Maun,LO002,Business Loan,28,Farmer,6661.0,67900.0,16.6,12,6180.0,1,54824.0,2025-05-20,0.9278,592,0,15.6,1,1,87098.0,Late (30–89 days),46,1,SMS Sent,8670.0,1,3,1,0,0,0,1.282739322533137,0.9277886203272782,10.193664614922683,3,1,0,0.7871027835153148,Critical
TCU-00992,Lobatse,LO004,Home Loan,60,Government Employee,11281.0,411800.0,23.52,24,21674.0,13,171639.0,2024-05-10,1.9213,805,0,23.7,3,0,0.0,Defaulted,177,6,Legal Notice,137740.0,1,0,1,0,1,0,0.0,1.9212835741512277,36.50385604113111,2,3,1,0.8913124773758603,Critical
TCU-00993,Maun,LO015,Vehicle Loan,24,Student,1969.0,15500.0,8.81,72,278.0,1,14573.0,2025-05-21,0.1412,649,1,5.2,0,0,0.0,Early (1–29 days),16,1,,0.0,0,3,0,1,0,0,0.0,0.14118842051802946,7.87201625190452,3,5,5,0.2361349235578507,Medium Risk
TCU-00994,Maun,LO004,Agriculture Loan,67,Pensioner,9542.0,49100.0,23.26,12,4625.0,2,35706.0,2025-05-01,0.4847,744,0,8.0,2,1,54583.0,Current,0,0,,0.0,0,1,1,0,0,0,1.1116700610997963,0.4846992244812408,5.145671766925173,3,0,2,0.24589690840850398,Medium Risk
TCU-00995,Maun,LO001,Home Loan,31,Private Sector,25977.0,338400.0,11.17,12,29935.0,12,0.0,2024-04-20,1.1524,850,0,16.0,0,1,299634.0,Defaulted,294,10,Called,0.0,1,0,1,0,1,0,0.8854432624113475,1.1523655541440505,13.026908418986027,3,3,3,0.7611920333673649,Critical
TCU-00996,Gaborone Main,LO002,Education Loan,25,Private Sector,14045.0,198500.0,20.94,72,4863.0,13,139971.0,2024-05-18,0.3462,735,0,12.6,0,1,273183.0,Early (1–29 days),16,1,,0.0,0,2,0,0,0,0,1.3762367758186398,0.3462442150231399,14.13314346742613,1,2,3,0.06408100922907113,Low Risk
TCU-00997,Maun,LO019,Personal Loan,37,Private Sector,6624.0,118500.0,9.89,84,1961.0,17,89617.0,2024-02-05,0.296,708,0,24.5,0,0,0.0,Current,0,0,,0.0,0,2,0,0,0,0,0.0,0.2960446859903382,17.889492753623188,3,4,3,0.06315181498722358,Low Risk
TCU-00998,Gaborone Main,LO001,Home Loan,31,Private Sector,13589.0,387900.0,20.02,84,8618.0,14,323192.0,2024-04-24,0.6342,777,0,5.4,1,0,0.0,Late (30–89 days),46,2,SMS Sent,52105.0,1,1,1,0,1,0,0.0,0.6341894179115461,28.54514680991979,1,3,3,0.512729335310751,High Risk
TCU-00999,Maun,LO010,Business Loan,31,Private Sector,10408.0,117700.0,8.74,36,3729.0,12,69223.0,2024-07-04,0.3583,636,0,22.1,2,0,0.0,Current,0,0,,0.0,0,3,0,0,0,0,0.0,0.35828209069946193,11.308608762490392,3,1,3,0.1932552385022591,Low Risk
TCU-01000,Selebi-Phikwe,LO020,Personal Loan,52,Private Sector,10998.0,132900.0,13.97,12,11931.0,10,21894.0,2024-08-18,1.0848,717,1,2.8,0,0,0.0,Late (30–89 days),73,1,Letter Sent,3669.0,1,2,1,0,0,0,0.0,1.084833606110202,12.084015275504637,4,4,3,0.7903214603553737,Critical
TCU-01001,Lobatse,LO018,Home Loan,66,Self-Employed,8030.0,15800.0,17.41,12,1444.0,7,6539.0,2024-11-23,0.1798,636,0,24.3,0,1,32985.0,Current,0,0,,0.0,0,3,0,0,0,0,2.087658227848101,0.17982565379825655,1.9676214196762143,2,3,4,0.08220688206095202,Low Risk
TCU-01002,Selebi-Phikwe,LO018,Vehicle Loan,48,Self-Employed,32482.0,259300.0,15.03,24,12576.0,2,215564.0,2025-04-19,0.3872,850,0,0.8,0,1,321530.0,Current,0,0,,0.0,0,0,0,0,1,1,1.2399922869263402,0.38716827781540547,7.982882827412105,4,5,4,0.06680711831300298,Low Risk
TCU-01003,Lobatse,LO004,Education Loan,57,Government Employee,8553.0,163600.0,10.52,48,4190.0,7,119695.0,2024-11-03,0.4899,674,2,28.0,1,0,0.0,Current,0,0,,0.0,0,2,1,0,0,0,0.0,0.48988658950076,19.127791418215832,2,2,1,0.32281929802643844,Medium Risk
TCU-01004,Maun,LO008,Home Loan,30,Private Sector,18968.0,138900.0,23.14,12,13077.0,1,111239.0,2025-05-31,0.6894,850,0,29.0,0,1,155392.0,Late (30–89 days),34,1,,16666.0,1,0,1,0,0,0,1.1187329013678906,0.6894242935470266,7.322859552931253,3,3,3,0.6355105459128437,High Risk
TCU-01005,Francistown,LO001,Home Loan,53,Student,4659.0,15600.0,11.88,12,1385.0,12,0.0,2024-01-22,0.2973,663,0,21.6,0,1,15430.0,Defaulted,354,11,Legal Notice,0.0,1,3,0,1,0,0,0.9891025641025641,0.29727409315303716,3.34835801674179,0,3,5,0.4907671976226438,High Risk
TCU-01006,Maun,LO004,Vehicle Loan,27,Government Employee,21571.0,264600.0,21.68,48,8291.0,13,187740.0,2024-06-04,0.3844,820,0,15.1,2,0,0.0,Current,0,0,,0.0,0,0,0,0,1,0,0.0,0.3843586296416485,12.266468870242456,3,5,1,0.24430367615269089,Medium Risk
TCU-01007,Lobatse,LO002,Vehicle Loan,68,Farmer,3107.0,45800.0,16.92,84,934.0,15,37299.0,2024-03-25,0.3006,773,1,8.1,0,1,108377.0,Current,0,0,,0.0,0,1,0,1,0,0,2.3663100436681224,0.30061152236884453,14.740907627936917,2,5,0,0.10624417633515597,Low Risk
TCU-01008,Francistown,LO014,Personal Loan,65,Private Sector,27368.0,125900.0,15.41,12,11388.0,12,0.0,2024-03-28,0.4161,850,1,16.9,0,1,208002.0,Current,0,0,,0.0,0,0,0,0,0,0,1.6521207307386816,0.4161064016369483,4.6002630809704765,0,4,3,0.07730177738231832,Low Risk
TCU-01009,Maun,LO001,Personal Loan,23,Private Sector,14712.0,87100.0,14.9,12,7857.0,2,65198.0,2025-04-02,0.5341,826,0,17.7,1,0,0.0,Late (30–89 days),33,1,Called,7474.0,1,0,1,0,0,0,0.0,0.5340538336052202,5.920337139749864,3,4,3,0.6613463514530892,High Risk
TCU-01010,Gaborone Main,LO005,Agriculture Loan,39,Student,4195.0,130900.0,10.86,24,6092.0,10,70784.0,2024-08-15,1.4522,647,1,23.1,3,1,302924.0,Defaulted,361,8,SMS Sent,44265.0,1,3,1,1,0,0,2.3141634835752485,1.4522050059594755,31.203814064362337,1,0,5,0.9157255157055973,Critical
TCU-01011,Maun,LO005,Vehicle Loan,53,Self-Employed,12186.0,320400.0,11.49,36,10564.0,12,212031.0,2024-06-12,0.8669,818,0,9.2,0,1,676589.0,Current,0,0,,0.0,0,0,1,0,1,0,2.1117009987515605,0.8668964385360249,26.292466765140325,3,5,4,0.20039614110546758,Medium Risk
TCU-01012,Selebi-Phikwe,LO003,Agriculture Loan,57,Government Employee,11004.0,128500.0,17.25,36,4597.0,4,99049.0,2025-02-11,0.4178,850,0,14.2,0,1,195962.0,Current,0,0,,0.0,0,0,0,0,0,0,1.5249961089494164,0.4177571792075609,11.677571792075609,4,0,1,0.07723588594026612,Low Risk
TCU-01013,Selebi-Phikwe,LO003,Personal Loan,55,Private Sector,8154.0,323400.0,11.61,24,15165.0,3,243442.0,2025-03-13,1.8598,759,3,28.4,1,1,663044.0,Late (30–89 days),82,2,,43336.0,1,1,1,0,1,0,2.0502288188002473,1.859823399558499,39.661515820456216,4,4,3,0.9460035335869362,Critical
TCU-01014,Francistown,LO005,Vehicle Loan,24,Self-Employed,19083.0,242300.0,14.43,12,21804.0,12,0.0,2024-04-19,1.1426,802,0,0.7,0,0,0.0,Late (30–89 days),76,2,Called,0.0,1,0,1,0,1,1,0.0,1.1425876434522875,12.697165015982812,0,5,4,0.8121466346420633,Critical
TCU-01015,Maun,LO018,Vehicle Loan,38,Private Sector,7994.0,207400.0,11.03,36,6793.0,14,121981.0,2024-04-13,0.8498,758,4,12.1,3,1,464662.0,Late (30–89 days),52,2,Called,41251.0,1,1,1,0,0,0,2.2404146576663453,0.849762321741306,25.94445834375782,3,5,3,0.7494088417823932,Critical
TCU-01016,Lobatse,LO015,Vehicle Loan,39,Government Employee,22489.0,428800.0,12.68,60,9686.0,8,342267.0,2024-10-27,0.4307,850,2,20.0,0,0,0.0,Late (30–89 days),89,1,Letter Sent,103217.0,1,0,1,0,1,0,0.0,0.43069945306594337,19.067099470852416,2,5,1,0.5002964903003686,High Risk
TCU-01017,Selebi-Phikwe,LO010,Business Loan,54,Pensioner,4753.0,33700.0,11.75,12,2990.0,7,13465.0,2024-11-10,0.6291,784,1,28.5,0,1,63465.0,Current,0,0,,0.0,0,1,1,1,0,0,1.8832344213649852,0.6290763728171681,7.090258783925941,4,1,2,0.11587046160085508,Low Risk
TCU-01018,Maun,LO019,Business Loan,32,Self-Employed,4619.0,85800.0,20.92,72,2101.0,15,65545.0,2024-03-31,0.4549,596,0,21.5,0,1,148926.0,Early (1–29 days),22,1,,0.0,0,3,1,1,0,0,1.7357342657342658,0.4548603593851483,18.575449231435375,3,1,4,0.09918957532658594,Low Risk
TCU-01019,Maun,LO008,Home Loan,49,Private Sector,22252.0,252700.0,21.89,84,5903.0,12,207633.0,2024-07-02,0.2653,828,2,16.3,3,1,574259.0,Defaulted,140,4,Called,175831.0,1,0,0,0,1,0,2.272493074792244,0.2652795254359159,11.356282581341002,3,3,3,0.711845792046586,Critical
TCU-01020,Maun,LO010,Business Loan,27,Private Sector,21756.0,385700.0,11.39,84,6683.0,17,266962.0,2024-01-31,0.3072,819,1,9.7,1,1,311308.0,Current,0,0,,0.0,0,0,0,0,1,0,0.8071247083225305,0.30717962860820003,17.72844272844273,3,1,3,0.13718338446657152,Low Risk
TCU-01021,Lobatse,LO013,Personal Loan,68,Student,4956.0,10700.0,19.33,12,988.0,2,8316.0,2025-04-02,0.1994,673,4,2.9,1,1,8800.0,Current,0,0,,0.0,0,2,0,1,0,0,0.822429906542056,0.1993543179983858,2.158999192897498,2,4,5,0.2050495046638651,Medium Risk
TCU-01022,Selebi-Phikwe,LO004,Education Loan,37,Government Employee,21985.0,279600.0,9.21,72,5069.0,14,221335.0,2024-04-17,0.2306,805,2,26.6,0,0,0.0,Current,0,0,,0.0,0,0,0,0,1,0,0.0,0.23056629520127359,12.717762110529907,4,2,1,0.11024305515644672,Low Risk
TCU-01023,Lobatse,LO009,Personal Loan,25,Student,3536.0,77100.0,15.73,60,1864.0,7,66750.0,2024-12-02,0.5271,715,0,28.8,0,1,83392.0,Current,0,0,,0.0,0,2,1,1,0,0,1.0816083009079118,0.5271493212669683,21.804298642533936,2,4,5,0.10882285935290906,Low Risk
TCU-01024,Selebi-Phikwe,LO017,Agriculture Loan,55,Student,1512.0,14700.0,20.29,72,355.0,10,11648.0,2024-08-20,0.2348,641,3,3.6,0,0,0.0,Current,0,0,,0.0,0,3,0,1,0,0,0.0,0.2347883597883598,9.722222222222221,4,0,5,0.33636426839853767,Medium Risk
TCU-01025,Francistown,LO020,Education Loan,31,Private Sector,21210.0,243200.0,20.51,60,6513.0,11,183275.0,2024-07-21,0.3071,839,3,17.0,0,0,0.0,Early (1–29 days),24,1,,0.0,0,0,0,0,1,0,0.0,0.3070721357850071,11.466289486091465,0,2,3,0.07693171526881985,Low Risk
TCU-01026,Maun,LO012,Vehicle Loan,67,Pensioner,9203.0,9000.0,18.6,72,208.0,8,7033.0,2024-10-27,0.0226,767,2,6.8,0,1,22045.0,Current,0,0,,0.0,0,1,0,0,0,0,2.4494444444444445,0.02260132565467782,0.9779419754427904,3,5,2,0.15648457918621597,Low Risk
TCU-01027,Selebi-Phikwe,LO018,Home Loan,46,Pensioner,9081.0,130800.0,8.81,84,2092.0,3,120117.0,2025-03-29,0.2304,698,1,7.8,1,0,0.0,Current,0,0,,0.0,0,2,0,0,0,0,0.0,0.23037110450390927,14.40370003303601,4,3,2,0.12778327197854072,Low Risk
TCU-01028,Maun,LO002,Agriculture Loan,31,Government Employee,9962.0,82600.0,10.75,12,7291.0,12,0.0,2024-01-05,0.7319,768,0,6.3,0,0,0.0,Current,0,0,,0.0,0,1,1,0,0,0,0.0,0.7318811483637824,8.291507729371611,3,0,1,0.2530383944248933,Medium Risk
TCU-01029,Francistown,LO004,Education Loan,32,Self-Employed,23375.0,68300.0,16.9,36,2432.0,1,57099.0,2025-05-30,0.104,850,0,13.0,1,1,56436.0,Current,0,0,,0.0,0,0,0,0,0,0,0.8262957540263544,0.1040427807486631,2.9219251336898395,0,2,4,0.15323295649872037,Low Risk
TCU-01030,Selebi-Phikwe,LO012,Agriculture Loan,26,Farmer,9601.0,76100.0,19.55,24,3856.0,10,42179.0,2024-08-24,0.4016,711,3,25.9,0,1,72973.0,Current,0,0,,0.0,0,2,0,0,0,0,0.9589093298291721,0.4016248307467972,7.926257681491511,4,0,0,0.11808894535316183,Low Risk
TCU-01031,Selebi-Phikwe,LO009,Business Loan,39,Farmer,8887.0,218100.0,15.08,12,19694.0,7,83684.0,2024-11-23,2.216,672,2,26.0,0,0,0.0,Current,0,0,,0.0,0,2,1,0,0,0,0.0,2.0,24.541465061325532,4,1,0,0.6738945221647141,High Risk
TCU-01032,Francistown,LO019,Home Loan,28,Private Sector,24362.0,53700.0,14.12,24,2581.0,5,41582.0,2025-01-20,0.1059,838,1,23.0,1,1,63690.0,Current,0,0,,0.0,0,0,0,0,0,0,1.1860335195530727,0.10594368278466464,2.204252524423282,0,3,3,0.167170217513168,Low Risk
TCU-01033,Maun,LO009,Vehicle Loan,49,Student,4206.0,9300.0,9.5,12,815.0,12,0.0,2024-01-28,0.1938,761,0,11.8,0,0,0.0,Current,0,0,,0.0,0,1,0,1,0,0,0.0,0.19377080361388493,2.2111269614835947,3,5,5,0.19324611885651913,Low Risk
TCU-01034,Gaborone Main,LO007,Personal Loan,64,Student,3203.0,20700.0,8.75,24,943.0,3,16201.0,2025-03-28,0.2944,742,0,9.4,1,0,0.0,Current,0,0,,0.0,0,1,0,1,0,0,0.0,0.29441148922884797,6.462691226974711,1,4,5,0.11301649246569319,Low Risk
TCU-01035,Maun,LO013,Agriculture Loan,33,Self-Employed,23011.0,447300.0,11.38,60,9810.0,7,394939.0,2024-11-03,0.4263,791,0,13.6,2,0,0.0,Current,0,0,,0.0,0,1,0,0,1,0,0.0,0.42631784798574596,19.438529398983096,3,0,4,0.17977074823301603,Low Risk
TCU-01036,Maun,LO007,Agriculture Loan,67,Private Sector,19164.0,240600.0,19.22,36,8846.0,13,135683.0,2024-05-08,0.4616,850,1,21.8,1,0,0.0,Early (1–29 days),9,1,,0.0,0,0,1,0,1,0,0.0,0.46159465664788146,12.554790231684409,3,0,3,0.4404433209581155,Medium Risk
TCU-01037,Selebi-Phikwe,LO019,Agriculture Loan,55,Pensioner,5403.0,28800.0,14.24,24,1386.0,9,15316.0,2024-09-22,0.2565,741,3,18.3,0,1,43511.0,Current,0,0,,0.0,0,1,0,0,0,0,1.5107986111111111,0.25652415324819544,5.330372015546918,4,0,2,0.1105909631508644,Low Risk
TCU-01038,Maun,LO001,Home Loan,50,Farmer,5302.0,64100.0,15.48,72,1372.0,2,57647.0,2025-04-30,0.2588,620,3,15.2,0,1,98827.0,Early (1–29 days),27,1,,0.0,0,3,0,0,0,0,1.5417628705148205,0.25877027536778574,12.089777442474539,3,3,0,0.2481391578147164,Medium Risk
TCU-01039,Francistown,LO006,Vehicle Loan,55,Self-Employed,11562.0,257200.0,15.56,24,12539.0,12,110460.0,2024-07-03,1.0845,846,0,3.5,1,0,0.0,Current,0,0,,0.0,0,0,1,0,1,0,0.0,1.0845009513924926,22.24528628265006,0,5,4,0.5197305635919595,High Risk
TCU-01040,Selebi-Phikwe,LO004,Vehicle Loan,60,Government Employee,10794.0,72400.0,22.19,36,2772.0,14,39525.0,2024-04-26,0.2568,850,2,12.4,0,1,79548.0,Current,0,0,,0.0,0,0,0,0,0,0,1.0987292817679557,0.25680933852140075,6.707430053733556,4,5,1,0.11317889478400706,Low Risk
TCU-01041,Francistown,LO006,Personal Loan,35,Pensioner,9391.0,363400.0,23.75,84,8910.0,17,250535.0,2024-01-15,0.9488,766,1,8.4,1,1,628255.0,Current,0,0,,0.0,0,1,1,0,1,0,1.7288249862410567,0.9487807475242254,38.696624427643485,0,4,2,0.634812380930997,High Risk
TCU-01042,Gaborone Main,LO013,Business Loan,23,Private Sector,16696.0,444600.0,19.12,12,40998.0,8,138937.0,2024-10-25,2.4556,762,0,12.7,0,1,567055.0,Current,0,0,,0.0,0,1,1,0,1,0,1.2754273504273503,2.0,26.629132726401533,1,1,3,0.4377731262071938,Medium Risk
TCU-01043,Lobatse,LO009,Vehicle Loan,50,Private Sector,16398.0,190700.0,16.87,60,4726.0,17,131368.0,2024-02-03,0.2882,822,0,26.5,0,0,0.0,Current,0,0,,0.0,0,0,0,0,0,0,0.0,0.28820587876570314,11.629467008171728,2,5,3,0.06768444012032436,Low Risk
TCU-01044,Lobatse,LO008,Business Loan,36,Student,3117.0,43000.0,11.29,84,743.0,15,30871.0,2024-03-30,0.2384,606,1,24.8,0,0,0.0,Current,0,0,,0.0,0,3,0,1,0,0,0.0,0.2383702277831248,13.795316008982997,2,1,5,0.20534522144996287,Medium Risk
TCU-01045,Selebi-Phikwe,LO014,Vehicle Loan,25,Private Sector,15483.0,67700.0,21.88,60,1865.0,7,54024.0,2024-11-07,0.1205,780,1,19.0,0,1,54226.0,Current,0,0,,0.0,0,1,0,0,0,0,0.8009748892171344,0.12045469224310534,4.372537621907899,4,5,3,0.13403154003875908,Low Risk
TCU-01046,Selebi-Phikwe,LO012,Vehicle Loan,48,Student,4463.0,7300.0,8.66,72,130.0,14,5497.0,2024-04-15,0.0291,763,2,5.6,0,1,6805.0,Current,0,0,,0.0,0,1,0,1,0,0,0.9321917808219178,0.029128388976025096,1.6356710732691015,4,5,5,0.17754317825240307,Low Risk
TCU-01047,Gaborone Main,LO009,Home Loan,37,Pensioner,7253.0,192500.0,11.19,24,8989.0,6,143446.0,2024-12-22,1.2393,703,4,7.7,0,1,276470.0,Late (30–89 days),84,1,,18416.0,1,2,1,0,0,0,1.4362077922077923,1.2393492347993933,26.540741762029505,1,3,2,0.8479059426387078,Critical
TCU-01048,Maun,LO011,Agriculture Loan,36,Self-Employed,28586.0,323500.0,17.5,84,6705.0,8,279306.0,2024-10-18,0.2346,850,0,6.2,1,1,348003.0,Current,0,0,,0.0,0,0,0,0,1,0,1.0757434312210201,0.23455537675785348,11.316728468481074,3,0,4,0.10928067619526843,Low Risk
TCU-01049,Gaborone Main,LO018,Personal Loan,49,Private Sector,14324.0,271500.0,18.5,12,24956.0,12,0.0,2024-05-09,1.7423,821,0,26.5,0,0,0.0,Late (30–89 days),88,1,SMS Sent,0.0,1,0,1,0,1,0,0.0,1.7422507679419157,18.954202736665735,1,4,3,0.9755850393280382,Critical
TCU-01050,Selebi-Phikwe,LO013,Business Loan,31,Private Sector,7806.0,133100.0,12.81,12,11876.0,12,0.0,2024-01-16,1.5214,598,1,26.1,0,0,0.0,Late (30–89 days),80,1,Called,0.0,1,3,1,0,0,0,0.0,1.5213937996413016,17.050986420702024,4,1,3,0.7575780703700298,Critical
TCU-01051,Gaborone Main,LO008,Personal Loan,47,Farmer,8779.0,74600.0,23.13,84,1800.0,8,62164.0,2024-10-07,0.205,806,1,12.3,0,0,0.0,Late (30–89 days),69,2,Called,8089.0,1,0,0,0,0,0,0.0,0.20503474199794966,8.497550973915024,1,4,0,0.23430320979989808,Medium Risk
TCU-01052,Lobatse,LO019,Business Loan,23,Government Employee,19217.0,451700.0,13.39,24,21557.0,9,242552.0,2024-10-03,1.1218,850,0,3.6,0,1,616196.0,Defaulted,138,7,Called,119929.0,1,0,1,0,1,0,1.3641709098959487,1.1217671853046782,23.50522974449706,2,1,1,0.5732693858210487,High Risk
TCU-01053,Gaborone Main,LO010,Business Loan,28,Pensioner,7997.0,94500.0,16.02,60,2299.0,2,86386.0,2025-04-17,0.2875,686,0,20.9,0,1,231551.0,Current,0,0,,0.0,0,2,0,0,0,0,2.450275132275132,0.2874828060522696,11.81693134925597,1,1,2,0.10012711152166696,Low Risk
TCU-01054,Maun,LO018,Personal Loan,62,Student,3567.0,133200.0,13.19,60,3044.0,1,121012.0,2025-05-09,0.8534,797,1,19.2,1,1,153879.0,Late (30–89 days),67,2,Letter Sent,22820.0,1,1,1,1,0,0,1.1552477477477479,0.8533781889543033,37.342304457527334,3,4,5,0.5134494201616269,High Risk
TCU-01055,Francistown,LO011,Vehicle Loan,61,Government Employee,20179.0,480200.0,12.76,60,10867.0,6,408618.0,2024-12-07,0.5385,850,1,6.2,1,1,1016691.0,Current,0,0,,0.0,0,0,1,0,1,0,2.1172240733027907,0.5385301551117498,23.797016700530254,0,5,1,0.2864421036684957,Medium Risk
TCU-01056,Gaborone Main,LO017,Home Loan,47,Private Sector,15550.0,152200.0,11.11,36,4991.0,10,107651.0,2024-08-09,0.321,750,1,9.9,0,0,0.0,Current,0,0,,0.0,0,1,0,0,0,0,0.0,0.32096463022508037,9.787781350482316,1,3,3,0.10151073931179966,Low Risk
TCU-01057,Gaborone Main,LO018,Business Loan,44,Government Employee,13995.0,467200.0,14.79,84,8960.0,7,392756.0,2024-11-03,0.6402,747,2,26.5,0,1,1124924.0,Current,0,0,,0.0,0,1,1,0,1,0,2.4077996575342464,0.6402286530903895,33.38335119685602,1,1,1,0.10113111149429292,Low Risk
TCU-01058,Lobatse,LO006,Education Loan,40,Pensioner,4069.0,37200.0,14.97,24,1803.0,3,27862.0,2025-03-30,0.4431,664,1,0.5,2,0,0.0,Late (30–89 days),67,2,Called,5784.0,1,3,1,1,0,1,0.0,0.44310641435242076,9.142295404276235,2,2,2,0.7599256246531909,Critical
TCU-01059,Maun,LO002,Personal Loan,26,Farmer,11606.0,24500.0,20.28,60,653.0,10,18106.0,2024-08-12,0.0563,730,0,5.2,1,1,59152.0,Current,0,0,,0.0,0,2,0,0,0,0,2.4143673469387754,0.05626400137859728,2.1109770808202653,3,4,0,0.09942729991317757,Low Risk
TCU-01060,Lobatse,LO005,Vehicle Loan,48,Government Employee,16260.0,89800.0,14.7,72,1884.0,3,83876.0,2025-03-04,0.1159,740,0,29.3,1,1,105179.0,Early (1–29 days),19,1,,0.0,0,1,0,0,0,0,1.1712583518930957,0.11586715867158671,5.522755227552276,2,5,1,0.15112722598279943,Low Risk
TCU-01061,Selebi-Phikwe,LO006,Business Loan,42,Private Sector,12513.0,158500.0,18.72,84,3399.0,10,132788.0,2024-08-16,0.2716,798,0,12.6,0,0,0.0,Current,0,0,,0.0,0,1,0,0,0,0,0.0,0.27163749700311673,12.666826500439543,4,1,3,0.08101456485121997,Low Risk
TCU-01062,Francistown,LO007,Agriculture Loan,49,Self-Employed,7569.0,167800.0,12.96,72,3365.0,11,130644.0,2024-07-20,0.4446,845,1,19.9,0,1,405529.0,Current,0,0,,0.0,0,0,1,0,0,0,2.4167401668653157,0.44457656229356585,22.169375082573655,0,0,4,0.0902545489473983,Low Risk
TCU-01063,Maun,LO020,Home Loan,66,Private Sector,10321.0,398800.0,22.14,84,9377.0,15,301709.0,2024-03-12,0.9085,808,1,1.1,0,0,0.0,Current,0,0,,0.0,0,0,1,0,1,1,0.0,0.9085359945741691,38.63966669896328,3,3,3,0.2362618345528238,Medium Risk
TCU-01064,Gaborone Main,LO006,Home Loan,66,Private Sector,19449.0,137000.0,12.64,84,2466.0,1,118479.0,2025-05-23,0.1268,850,0,13.1,0,1,301490.0,Current,0,0,,0.0,0,0,0,0,0,0,2.2006569343065694,0.12679315131883387,7.044063962157438,1,3,3,0.08405701252834323,Low Risk
TCU-01065,Maun,LO010,Education Loan,22,Private Sector,14873.0,252700.0,10.62,60,5447.0,16,165324.0,2024-02-12,0.3662,709,1,21.3,0,1,613397.0,Current,0,0,,0.0,0,2,0,0,1,0,2.4273723783142067,0.36623411551132923,16.990519733745714,3,2,3,0.06913555193426406,Low Risk
TCU-01066,Selebi-Phikwe,LO009,Business Loan,62,Self-Employed,7289.0,69000.0,20.59,60,1851.0,17,48228.0,2024-01-17,0.2539,760,0,23.5,0,1,134021.0,Current,0,0,,0.0,0,1,0,0,0,0,1.9423333333333332,0.2539442996295788,9.466319110989161,4,1,4,0.1403771561172722,Low Risk
TCU-01067,Gaborone Main,LO010,Business Loan,48,Student,3095.0,77500.0,12.78,48,2071.0,16,46987.0,2024-02-22,0.6691,629,1,19.7,1,0,0.0,Late (30–89 days),59,1,Home Visit,12680.0,1,3,1,1,0,0,0.0,0.6691437802907916,25.040387722132472,1,1,5,0.7987547757087803,Critical
TCU-01068,Lobatse,LO003,Home Loan,36,Farmer,10909.0,46200.0,14.28,60,1082.0,17,32804.0,2024-02-04,0.0992,790,0,14.5,0,0,0.0,Current,0,0,,0.0,0,1,0,0,0,0,0.0,0.0991841598679989,4.235035291960767,2,3,0,0.10163677693975162,Low Risk
TCU-01069,Selebi-Phikwe,LO018,Vehicle Loan,24,Student,1572.0,30100.0,20.17,48,919.0,17,17508.0,2024-02-04,0.5846,711,1,27.5,0,1,25464.0,Current,0,0,,0.0,0,2,1,1,0,0,0.8459800664451828,0.5846055979643766,19.147582697201017,4,5,5,0.1491619584653613,Low Risk
TCU-01070,Gaborone Main,LO018,Business Loan,47,Farmer,5196.0,42600.0,21.79,60,1171.0,8,35680.0,2024-10-14,0.2254,723,1,23.2,0,0,0.0,Current,0,0,,0.0,0,2,0,0,0,0,0.0,0.22536566589684373,8.198614318706698,1,1,0,0.0855807775772556,Low Risk
TCU-01071,Gaborone Main,LO013,Vehicle Loan,65,Pensioner,8509.0,60700.0,19.04,24,3061.0,1,56041.0,2025-05-30,0.3597,784,2,24.1,0,0,0.0,Current,0,0,,0.0,0,1,0,0,0,0,0.0,0.35973674932424493,7.133623222470326,1,5,2,0.12936209692069053,Low Risk
TCU-01072,Selebi-Phikwe,LO002,Home Loan,30,Government Employee,19014.0,383700.0,20.36,60,10243.0,4,341080.0,2025-02-15,0.5387,805,1,12.5,0,0,0.0,Current,0,0,,0.0,0,0,1,0,1,0,0.0,0.5387083201851267,20.179867466077628,4,3,1,0.17775139382298316,Low Risk
TCU-01073,Selebi-Phikwe,LO007,Education Loan,65,Government Employee,17883.0,256900.0,18.04,72,5865.0,12,197723.0,2024-06-12,0.328,806,0,26.6,0,0,0.0,Current,0,0,,0.0,0,0,0,0,1,0,0.0,0.3279651065257507,14.365598613208075,4,2,1,0.06894741943393562,Low Risk
TCU-01074,Selebi-Phikwe,LO010,Education Loan,22,Pensioner,5574.0,46800.0,8.97,72,843.0,10,40134.0,2024-08-28,0.1512,632,0,23.2,2,1,116170.0,Late (30–89 days),48,2,Legal Notice,11790.0,1,3,0,0,0,0,2.4822649572649573,0.151237890204521,8.396124865446717,4,2,2,0.6268198134636723,High Risk
TCU-01075,Gaborone Main,LO013,Education Loan,48,Farmer,5156.0,145500.0,15.31,12,13154.0,5,75434.0,2025-01-11,2.5512,675,4,7.3,2,0,0.0,Defaulted,215,3,,53846.0,1,2,1,0,0,0,0.0,2.0,28.21955003878976,1,2,0,0.9545098025776126,Critical
TCU-01076,Gaborone Main,LO015,Agriculture Loan,65,Student,3386.0,48200.0,22.88,48,1542.0,5,42880.0,2025-01-20,0.4554,697,0,7.0,0,0,0.0,Current,0,0,,0.0,0,2,1,1,0,0,0.0,0.45540460720614295,14.235085646780862,1,0,5,0.4042700116386083,Medium Risk
TCU-01077,Selebi-Phikwe,LO009,Education Loan,25,Government Employee,23657.0,451100.0,18.64,12,41494.0,7,159806.0,2024-12-02,1.754,850,0,2.1,0,1,844630.0,Defaulted,114,6,,66158.0,1,0,1,0,1,0,1.8723786300155176,1.7539840216426428,19.068351862028152,4,2,1,0.8820255249614513,Critical
TCU-01078,Lobatse,LO003,Vehicle Loan,56,Government Employee,10709.0,35000.0,23.16,60,990.0,12,26535.0,2024-06-27,0.0924,736,2,25.1,1,1,84318.0,Late (30–89 days),39,2,Called,8965.0,1,2,0,0,0,0,2.4090857142857143,0.09244560649920627,3.2682790176487067,2,5,1,0.23030054887302062,Medium Risk
TCU-01079,Selebi-Phikwe,LO009,Personal Loan,63,Student,1763.0,26300.0,17.68,12,2407.0,5,15016.0,2025-01-29,1.3653,731,0,1.0,0,1,21789.0,Late (30–89 days),70,1,Home Visit,5234.0,1,2,1,1,0,1,0.8284790874524715,1.36528644356211,14.917753828701077,4,4,5,0.7142634462626651,Critical
TCU-01080,Maun,LO009,Home Loan,34,Student,2264.0,38400.0,18.59,72,889.0,9,30243.0,2024-09-16,0.3927,706,1,24.7,0,1,42382.0,Current,0,0,,0.0,0,2,0,1,0,0,1.1036979166666667,0.3926678445229682,16.96113074204947,3,3,5,0.08616049688086067,Low Risk
TCU-01081,Maun,LO006,Agriculture Loan,64,Private Sector,27046.0,300400.0,17.58,24,14936.0,10,161001.0,2024-08-16,0.5522,850,3,17.3,0,0,0.0,Current,0,0,,0.0,0,0,1,0,1,0,0.0,0.5522443244842121,11.107002883975449,3,0,3,0.129305836552006,Low Risk
TCU-01082,Francistown,LO010,Business Loan,50,Government Employee,14382.0,185800.0,19.19,12,17140.0,6,83910.0,2024-12-26,1.1918,837,1,13.0,0,1,316927.0,Late (30–89 days),47,1,Home Visit,28758.0,1,0,1,0,0,0,1.7057427341227125,1.1917674871366986,12.918926435822556,0,1,1,0.8000271594196126,Critical
TCU-01083,Lobatse,LO018,Business Loan,66,Self-Employed,8279.0,207300.0,23.97,24,10957.0,5,146301.0,2025-01-13,1.3235,756,4,28.8,0,1,307943.0,Current,0,0,,0.0,0,1,1,0,0,0,1.4854944524843223,1.3234690179973427,25.039255948786085,2,1,4,0.3140973056279777,Medium Risk
TCU-01084,Lobatse,LO003,Business Loan,48,Self-Employed,17422.0,330600.0,23.5,84,8054.0,12,246599.0,2024-06-27,0.4623,766,0,8.1,0,1,357655.0,Early (1–29 days),14,1,,0.0,0,1,1,0,1,0,1.0818360556563824,0.46228905980943635,18.97600734703249,2,1,4,0.08042819717964225,Low Risk
TCU-01085,Selebi-Phikwe,LO019,Education Loan,47,Government Employee,14939.0,100100.0,17.96,60,2540.0,12,75131.0,2024-06-07,0.17,790,2,7.8,0,0,0.0,Current,0,0,,0.0,0,1,0,0,0,0,0.0,0.17002476738737532,6.700582368297744,4,2,1,0.11650525404580188,Low Risk
TCU-01086,Selebi-Phikwe,LO015,Education Loan,51,Student,2156.0,44900.0,13.17,24,2138.0,9,26064.0,2024-09-17,0.9917,573,0,28.5,1,0,0.0,Late (30–89 days),42,1,Legal Notice,8966.0,1,4,1,1,0,0,0.0,0.9916512059369202,20.82560296846011,4,2,5,0.839746911767863,Critical
TCU-01087,Francistown,LO013,Personal Loan,27,Private Sector,6704.0,89500.0,9.27,72,1625.0,2,86100.0,2025-04-22,0.2424,727,2,2.5,1,0,0.0,Current,0,0,,0.0,0,2,0,0,0,0,0.0,0.2423926014319809,13.350238663484486,0,4,3,0.22487629061242675,Medium Risk
TCU-01088,Gaborone Main,LO007,Home Loan,68,Pensioner,4709.0,74900.0,16.18,24,3674.0,2,59723.0,2025-04-26,0.7802,805,1,16.4,0,0,0.0,Late (30–89 days),80,1,SMS Sent,10405.0,1,0,1,1,0,0,0.0,0.7802081121257167,15.905712465491613,1,3,2,0.7257232286970549,Critical
TCU-01089,Francistown,LO002,Education Loan,43,Pensioner,5096.0,32400.0,17.34,48,941.0,3,27769.0,2025-03-12,0.1847,719,3,17.0,0,1,77568.0,Current,0,0,,0.0,0,2,0,0,0,0,2.3940740740740742,0.18465463108320251,6.357927786499215,0,2,2,0.141199444933265,Low Risk
TCU-01090,Maun,LO013,Education Loan,24,Student,1961.0,13900.0,14.15,72,288.0,18,9563.0,2024-01-03,0.1469,613,1,3.5,0,0,0.0,Current,0,0,,0.0,0,3,0,1,0,0,0.0,0.14686384497705252,7.088220295767465,3,2,5,0.2705477125691457,Medium Risk
TCU-01091,Maun,LO001,Home Loan,68,Student,2368.0,55800.0,10.37,24,2584.0,7,34933.0,2024-11-21,1.0912,751,1,9.8,0,1,91710.0,Early (1–29 days),12,1,,0.0,0,1,1,1,0,0,1.6435483870967742,1.0912162162162162,23.56418918918919,3,3,5,0.6552580835627312,High Risk
TCU-01092,Selebi-Phikwe,LO003,Education Loan,25,Private Sector,24283.0,24900.0,19.27,84,542.0,15,19198.0,2024-03-13,0.0223,850,1,6.2,0,1,50896.0,Current,0,0,,0.0,0,0,0,0,0,0,2.044016064257028,0.022320141662891736,1.0254087221512993,4,2,3,0.07146957323718088,Low Risk
TCU-01093,Lobatse,LO020,Personal Loan,50,Self-Employed,32070.0,17700.0,20.12,60,470.0,4,16188.0,2025-03-01,0.0147,850,0,29.1,0,0,0.0,Current,0,0,,0.0,0,0,0,0,0,0,0.0,0.014655441222326161,0.5519176800748363,2,4,4,0.09761816511975739,Low Risk
TCU-01094,Gaborone Main,LO018,Home Loan,26,Farmer,4078.0,145300.0,11.08,60,3165.0,6,112693.0,2024-12-21,0.7761,597,0,6.2,0,0,0.0,Defaulted,271,11,Letter Sent,45151.0,1,3,1,1,0,0,0.0,0.7761157430112801,35.63021088769005,1,3,0,0.7283910313211481,Critical
TCU-01095,Gaborone Main,LO004,Home Loan,56,Student,4633.0,39200.0,20.91,48,1212.0,5,31160.0,2025-01-09,0.2616,646,0,15.0,0,1,32114.0,Early (1–29 days),10,1,,0.0,0,3,0,1,0,0,0.819234693877551,0.26160155406863805,8.461040362616016,1,3,5,0.11193500494290166,Low Risk
TCU-01096,Gaborone Main,LO018,Home Loan,42,Self-Employed,39450.0,128100.0,22.81,72,3281.0,13,92031.0,2024-06-02,0.0832,850,2,1.2,0,1,269933.0,Early (1–29 days),17,1,,0.0,0,0,0,0,0,1,2.1072053083528495,0.08316856780735107,3.247148288973384,1,3,4,0.20153338020177067,Medium Risk
TCU-01097,Lobatse,LO013,Agriculture Loan,45,Pensioner,9691.0,234200.0,8.83,48,5809.0,17,132004.0,2024-01-13,0.5994,707,0,29.1,0,0,0.0,Current,0,0,,0.0,0,2,1,0,1,0,0.0,0.5994221442575586,24.16675265710453,2,0,2,0.13921310921043573,Low Risk
TCU-01098,Selebi-Phikwe,LO005,Business Loan,37,Self-Employed,5998.0,111400.0,13.15,84,2036.0,17,82232.0,2024-01-22,0.3394,763,1,2.1,1,1,97182.0,Current,0,0,,0.0,0,1,0,0,0,0,0.8723698384201077,0.33944648216072026,18.572857619206403,4,1,4,0.1764460440583285,Low Risk
TCU-01099,Francistown,LO002,Agriculture Loan,24,Pensioner,8294.0,173300.0,16.88,72,3844.0,8,150940.0,2024-10-15,0.4635,722,3,4.8,0,1,237419.0,Early (1–29 days),6,1,,0.0,0,2,1,0,0,0,1.3699884593190998,0.4634675669158428,20.89462261876055,0,0,2,0.09221264498497878,Low Risk
TCU-01100,Francistown,LO004,Personal Loan,47,Private Sector,20256.0,151200.0,15.55,72,3242.0,12,109873.0,2024-06-11,0.1601,850,0,18.2,0,1,243673.0,Current,0,0,,0.0,0,0,0,0,0,0,1.6115939153439154,0.1600513428120063,7.464454976303317,0,4,3,0.06959126769895387,Low Risk
TCU-01101,Gaborone Main,LO018,Agriculture Loan,68,Student,4621.0,169400.0,22.38,12,15886.0,3,122299.0,2025-03-30,3.4378,713,2,17.4,1,0,0.0,Late (30–89 days),81,2,Called,42737.0,1,2,1,1,0,0,0.0,2.0,36.65873187621727,1,0,5,0.8601346309259363,Critical
TCU-01102,Francistown,LO011,Agriculture Loan,48,Private Sector,24215.0,6400.0,12.1,12,569.0,12,0.0,2024-05-21,0.0235,850,0,16.3,0,1,13965.0,Late (30–89 days),88,2,SMS Sent,0.0,1,0,0,0,0,0,2.18203125,0.023497831922362173,0.2642989882304357,0,0,3,0.32795504119821955,Medium Risk
TCU-01103,Selebi-Phikwe,LO008,Personal Loan,43,Government Employee,14736.0,252500.0,14.25,24,12153.0,15,89674.0,2024-03-30,0.8247,686,1,17.8,0,1,220802.0,Late (30–89 days),81,1,Called,23295.0,1,2,1,0,1,0,0.8744633663366337,0.824714983713355,17.134907709011944,4,4,1,0.6357098600436139,High Risk
TCU-01104,Gaborone Main,LO020,Home Loan,45,Private Sector,14135.0,384900.0,15.63,36,13462.0,2,346947.0,2025-04-23,0.9524,836,0,25.8,0,0,0.0,Late (30–89 days),69,2,Home Visit,38424.0,1,0,1,0,1,0,0.0,0.9523876901308808,27.23027944817828,1,3,3,0.7395249682202041,Critical
TCU-01105,Maun,LO011,Home Loan,44,Farmer,12736.0,297300.0,10.62,36,9680.0,8,222464.0,2024-10-19,0.7601,818,0,10.2,0,1,246073.0,Current,0,0,,0.0,0,0,1,0,1,0,0.8276925664312142,0.7600502512562815,23.343278894472363,3,3,0,0.26282427058791014,Medium Risk
TCU-01106,Maun,LO017,Business Loan,44,Student,2492.0,33300.0,13.62,48,904.0,12,24477.0,2024-06-09,0.3628,657,1,20.7,0,1,54664.0,Early (1–29 days),26,1,,0.0,0,3,0,1,0,0,1.6415615615615615,0.36276083467094705,13.362760834670947,3,1,5,0.1001658820863922,Low Risk
TCU-01107,Selebi-Phikwe,LO005,Home Loan,48,Government Employee,17210.0,7300.0,15.46,72,156.0,12,5862.0,2024-06-06,0.0091,850,0,10.9,3,1,10372.0,Defaulted,191,3,Called,2524.0,1,0,0,0,0,0,1.420821917808219,0.009064497385241139,0.4241719930273097,4,3,1,0.7870421327524655,Critical
TCU-01108,Gaborone Main,LO014,Vehicle Loan,65,Student,4331.0,10200.0,16.66,60,252.0,16,6777.0,2024-03-04,0.0582,693,0,9.4,0,0,0.0,Early (1–29 days),13,1,,0.0,0,2,0,1,0,0,0.0,0.05818517663357192,2.3551142923112445,1,5,5,0.19661138006677667,Low Risk
TCU-01109,Maun,LO007,Personal Loan,38,Student,3880.0,86000.0,22.73,60,2411.0,16,56627.0,2024-02-25,0.6214,594,2,22.9,2,0,0.0,Late (30–89 days),77,2,Home Visit,17662.0,1,3,1,1,0,0,0.0,0.6213917525773196,22.164948453608247,3,4,5,0.8096690172326292,Critical
TCU-01110,Selebi-Phikwe,LO011,Vehicle Loan,59,Private Sector,27244.0,101400.0,13.5,60,2333.0,1,88700.0,2025-05-21,0.0856,850,1,14.1,0,1,199487.0,Current,0,0,,0.0,0,0,0,0,0,0,1.96732741617357,0.08563353398913522,3.7219204228453973,4,5,3,0.08911922977066916,Low Risk
TCU-01111,Selebi-Phikwe,LO003,Education Loan,66,Farmer,6184.0,214200.0,10.05,24,9889.0,12,91445.0,2024-06-16,1.5991,705,0,25.6,0,0,0.0,Late (30–89 days),73,1,Home Visit,13953.0,1,2,1,0,0,0,0.0,1.5991267787839587,34.63777490297542,4,2,0,0.8743878863258365,Critical
TCU-01112,Gaborone Main,LO006,Education Loan,40,Self-Employed,37176.0,382700.0,21.14,84,8763.0,2,338624.0,2025-04-16,0.2357,850,3,19.8,0,1,903692.0,Current,0,0,,0.0,0,0,0,0,1,0,2.3613587666579567,0.2357165913492576,10.294275876909834,1,2,4,0.07652977829283165,Low Risk
TCU-01113,Francistown,LO002,Business Loan,56,Self-Employed,12579.0,136500.0,12.4,12,12153.0,12,0.0,2024-03-07,0.9661,831,0,8.7,0,0,0.0,Late (30–89 days),67,1,SMS Sent,0.0,1,0,1,0,0,0,0.0,0.9661340329119962,10.851419031719532,0,1,4,0.7049090682407688,Critical
TCU-01114,Maun,LO011,Personal Loan,65,Farmer,6939.0,54700.0,22.4,12,5130.0,3,36863.0,2025-03-29,0.7393,849,1,18.5,0,0,0.0,Late (30–89 days),75,2,Called,10954.0,1,0,1,0,0,0,0.0,0.7392996108949417,7.882980256521113,3,4,0,0.7931636790978507,Critical
TCU-01115,Francistown,LO006,Vehicle Loan,35,Student,4975.0,32800.0,10.49,48,840.0,2,28920.0,2025-04-23,0.1688,682,3,15.4,3,0,0.0,Late (30–89 days),60,1,Home Visit,9583.0,1,2,0,1,0,0,0.0,0.16884422110552763,6.592964824120603,0,5,5,0.7216375805929518,Critical
TCU-01116,Lobatse,LO012,Personal Loan,22,Private Sector,11713.0,163100.0,13.35,60,3740.0,1,155478.0,2025-05-30,0.3193,739,0,9.0,1,1,261606.0,Current,0,0,,0.0,0,2,0,0,0,0,1.6039607602697732,0.3193033381712627,13.924699052335013,2,4,3,0.0997454919505158,Low Risk
TCU-01117,Gaborone Main,LO014,Vehicle Loan,53,Self-Employed,32134.0,87700.0,15.53,24,4274.0,5,64942.0,2025-01-15,0.133,850,2,0.9,0,0,0.0,Current,0,0,,0.0,0,0,0,0,0,1,0.0,0.1330055393041638,2.7291964896993837,1,5,4,0.15271360462859968,Low Risk
TCU-01118,Maun,LO014,Agriculture Loan,62,Farmer,3852.0,37300.0,17.72,72,845.0,11,27356.0,2024-08-01,0.2194,720,3,29.4,0,0,0.0,Current,0,0,,0.0,0,2,0,1,0,0,0.0,0.21936656282450676,9.683281412253375,3,0,0,0.13065134163558118,Low Risk
TCU-01119,Gaborone Main,LO009,Education Loan,39,Pensioner,9483.0,14700.0,19.97,36,546.0,7,10091.0,2024-11-17,0.0576,710,1,4.7,0,0,0.0,Current,0,0,,0.0,0,2,0,0,0,0,0.0,0.057576716229041446,1.5501423600126543,1,2,2,0.11992221044382037,Low Risk
TCU-01120,Selebi-Phikwe,LO004,Business Loan,59,Self-Employed,7630.0,171300.0,22.99,60,4828.0,15,121933.0,2024-03-17,0.6328,841,3,10.2,0,0,0.0,Late (30–89 days),74,1,Home Visit,17755.0,1,0,1,0,0,0,0.0,0.6327653997378768,22.450851900393186,4,1,4,0.3390909486024588,Medium Risk
TCU-01121,Francistown,LO005,Business Loan,49,Student,4358.0,145500.0,13.21,48,3919.0,7,108857.0,2024-11-03,0.8993,763,0,21.6,1,0,0.0,Defaulted,352,11,Called,69327.0,1,1,1,1,0,0,0.0,0.8992657182193666,33.38687471317118,0,1,5,0.660092939892165,High Risk
TCU-01122,Lobatse,LO018,Agriculture Loan,35,Farmer,8797.0,117100.0,21.64,12,10940.0,4,72471.0,2025-02-01,1.2436,659,0,2.8,1,0,0.0,Defaulted,279,9,,38966.0,1,3,1,0,0,0,0.0,1.243605774695919,13.311356144140047,2,0,0,0.8867170879720325,Critical
TCU-01123,Lobatse,LO009,Vehicle Loan,58,Pensioner,4147.0,80300.0,19.14,60,2089.0,9,63826.0,2024-10-02,0.5037,724,1,7.6,0,0,0.0,Current,0,0,,0.0,0,2,1,1,0,0,0.0,0.5037376416686762,19.363395225464192,2,5,2,0.21994891333561775,Medium Risk
TCU-01124,Lobatse,LO002,Education Loan,29,Government Employee,22961.0,195200.0,10.55,12,17211.0,3,131525.0,2025-03-04,0.7496,806,3,22.1,0,1,248340.0,Current,0,0,,0.0,0,0,1,0,0,0,1.272233606557377,0.7495753669265276,8.50137189146814,2,2,1,0.20222280317404187,Medium Risk
TCU-01125,Maun,LO016,Home Loan,42,Self-Employed,7596.0,94300.0,15.18,12,8519.0,12,0.0,2024-01-08,1.1215,662,2,12.7,0,1,184979.0,Late (30–89 days),52,2,Called,0.0,1,3,1,0,0,0,1.9616012725344645,1.1215113217482886,12.414428646656134,3,3,4,0.8190125688935713,Critical
TCU-01126,Maun,LO009,Personal Loan,33,Self-Employed,31714.0,238800.0,13.09,24,11363.0,11,113859.0,2024-07-25,0.3583,850,1,16.3,0,1,285783.0,Early (1–29 days),3,1,,0.0,0,0,0,0,1,0,1.1967462311557788,0.35829602068487104,7.529797565743835,3,4,4,0.07573100942518673,Low Risk
TCU-01127,Francistown,LO014,Business Loan,50,Government Employee,8775.0,245400.0,12.65,24,11626.0,4,175689.0,2025-02-25,1.3249,832,2,16.4,1,1,606458.0,Late (30–89 days),34,1,Legal Notice,29389.0,1,0,1,0,1,0,2.4713039934800327,1.3249002849002849,27.965811965811966,0,1,1,0.8768199657522967,Critical
TCU-01128,Selebi-Phikwe,LO003,Education Loan,22,Pensioner,6854.0,171300.0,21.23,60,4656.0,1,146587.0,2025-05-13,0.6793,694,0,29.7,0,1,242626.0,Current,0,0,,0.0,0,2,1,0,0,0,1.4163806187974315,0.6793113510358915,24.992704989786986,4,2,2,0.2282618825210403,Medium Risk
TCU-01129,Francistown,LO012,Vehicle Loan,24,Farmer,12022.0,353000.0,23.59,12,33310.0,7,136014.0,2024-11-25,2.7708,696,0,1.1,0,0,0.0,Late (30–89 days),72,2,,13638.0,1,2,1,0,1,1,0.0,2.0,29.36283480286142,0,5,0,0.9500460714076869,Critical
TCU-01130,Maun,LO005,Agriculture Loan,61,Self-Employed,35389.0,401700.0,23.53,36,15661.0,13,230931.0,2024-05-23,0.4425,850,0,25.3,0,1,534544.0,Current,0,0,,0.0,0,0,1,0,1,0,1.330704505850137,0.4425386419508887,11.35098476927859,3,0,4,0.1316519402149232,Low Risk
TCU-01131,Selebi-Phikwe,LO010,Education Loan,64,Farmer,8241.0,78600.0,23.2,72,2031.0,7,61024.0,2024-11-12,0.2465,845,4,20.8,1,1,129805.0,Late (30–89 days),68,2,Legal Notice,18104.0,1,0,0,0,0,0,1.6514631043256998,0.2464506734619585,9.537677466326903,4,2,0,0.5762928694539653,High Risk
TCU-01132,Lobatse,LO009,Personal Loan,47,Student,3497.0,41900.0,11.91,48,1102.0,17,25992.0,2024-02-01,0.3151,626,0,16.7,1,0,0.0,Current,0,0,,0.0,0,3,0,1,0,0,0.0,0.3151272519302259,11.981698598798971,2,4,5,0.1965582800033287,Low Risk
TCU-01133,Gaborone Main,LO015,Business Loan,55,Private Sector,22795.0,95000.0,17.65,72,2148.0,15,68118.0,2024-03-29,0.0942,850,3,23.0,0,1,123627.0,Current,0,0,,0.0,0,0,0,0,0,0,1.3013368421052631,0.094231191050669,4.167580609782847,1,1,3,0.1469365959378071,Low Risk
TCU-01134,Maun,LO014,Education Loan,43,Pensioner,7293.0,286900.0,22.88,24,15009.0,13,120848.0,2024-05-16,2.058,706,0,19.8,0,0,0.0,Late (30–89 days),39,1,,18973.0,1,2,1,0,1,0,0.0,2.0,39.33909228026875,3,2,2,0.9464568581754885,Critical
TCU-01135,Gaborone Main,LO014,Home Loan,58,Government Employee,22007.0,358700.0,18.23,48,10580.0,16,227336.0,2024-02-26,0.4808,788,4,17.6,1,1,769342.0,Current,0,0,,0.0,0,1,1,0,1,0,2.1448062447727905,0.48075612305175625,16.299359294769847,1,3,1,0.2762770143131382,Medium Risk
TCU-01136,Lobatse,LO018,Education Loan,55,Government Employee,19653.0,375700.0,15.67,12,34029.0,6,176105.0,2024-12-27,1.7315,827,0,18.3,0,1,626246.0,Late (30–89 days),54,1,Legal Notice,35441.0,1,0,1,0,1,0,1.6668778280542986,1.73149137536254,19.116674299089198,2,2,1,0.972384438676665,Critical
TCU-01137,Maun,LO018,Education Loan,35,Pensioner,6660.0,7800.0,10.91,12,689.0,1,6505.0,2025-05-05,0.1035,739,1,5.8,2,0,0.0,Current,0,0,,0.0,0,2,0,0,0,0,0.0,0.10345345345345346,1.1711711711711712,3,2,2,0.25370477392022245,Medium Risk
TCU-01138,Lobatse,LO004,Business Loan,27,Pensioner,9570.0,184700.0,18.48,84,3934.0,14,142621.0,2024-04-10,0.4111,771,0,24.3,0,1,435189.0,Current,0,0,,0.0,0,1,0,0,0,0,2.356193827828912,0.4110762800417973,19.29989550679206,2,1,2,0.11206809471840584,Low Risk
TCU-01139,Gaborone Main,LO015,Education Loan,24,Government Employee,10243.0,48300.0,17.1,48,1396.0,10,33786.0,2024-08-24,0.1363,765,3,13.4,0,0,0.0,Current,0,0,,0.0,0,1,0,0,0,0,0.0,0.13628819681733867,4.715415405642878,1,2,1,0.12816698487345254,Low Risk
TCU-01140,Maun,LO015,Education Loan,48,Farmer,10370.0,350500.0,21.91,24,18168.0,6,237415.0,2024-12-12,1.752,715,1,24.1,0,0,0.0,Current,0,0,,0.0,0,2,1,0,1,0,0.0,1.751976856316297,33.799421407907424,3,2,0,0.7004308187261027,Critical
TCU-01141,Maun,LO011,Home Loan,35,Government Employee,18746.0,385000.0,15.32,12,34808.0,6,167292.0,2025-01-01,1.8568,850,1,26.4,0,1,846109.0,Defaulted,249,8,Legal Notice,140832.0,1,0,1,0,1,0,2.1976857142857145,1.8568227888616238,20.537714712471995,3,3,1,0.9223285124953978,Critical
TCU-01142,Gaborone Main,LO010,Personal Loan,35,Government Employee,13246.0,24800.0,22.76,12,2330.0,12,0.0,2024-06-05,0.1759,796,4,23.9,1,1,42427.0,Current,0,0,,0.0,0,1,0,0,0,0,1.710766129032258,0.1759021591423826,1.8722633247772913,1,4,1,0.18718287306921333,Low Risk
TCU-01143,Gaborone Main,LO002,Education Loan,56,Pensioner,7833.0,156600.0,15.42,12,14166.0,12,0.0,2024-05-25,1.8085,850,1,11.0,0,1,385198.0,Late (30–89 days),88,1,Home Visit,0.0,1,0,1,0,0,0,2.459757343550447,1.808502489467637,19.992340099578705,1,2,2,0.9507599709096773,Critical
TCU-01144,Maun,LO001,Personal Loan,68,Farmer,8184.0,231500.0,15.94,84,4590.0,1,211795.0,2025-05-25,0.5609,755,0,4.0,0,1,363481.0,Current,0,0,,0.0,0,1,1,0,1,0,1.5701123110151187,0.5608504398826979,28.286901270772237,3,4,0,0.1652075545898114,Low Risk
TCU-01145,Selebi-Phikwe,LO008,Personal Loan,31,Student,3282.0,119600.0,11.73,12,10611.0,12,0.0,2024-05-19,3.2331,715,3,20.0,0,0,0.0,Defaulted,179,7,,0.0,1,2,1,1,0,0,0.0,2.0,36.4411943936624,4,4,5,0.9409889470797751,Critical
TCU-01146,Lobatse,LO012,Agriculture Loan,45,Government Employee,20561.0,293600.0,20.86,12,27318.0,2,241378.0,2025-04-22,1.3286,850,0,23.9,1,0,0.0,Late (30–89 days),52,2,,57012.0,1,0,1,0,1,0,0.0,1.3286318758815232,14.279461115704489,2,0,1,0.9064031263921554,Critical
TCU-01147,Selebi-Phikwe,LO009,Agriculture Loan,27,Student,4762.0,29300.0,9.49,12,2569.0,6,12481.0,2024-12-10,0.5395,676,1,3.3,0,1,64988.0,Current,0,0,,0.0,0,2,1,1,0,0,2.2180204778156996,0.5394792104157917,6.152876942461151,4,0,5,0.15865556479616527,Low Risk
TCU-01148,Selebi-Phikwe,LO013,Agriculture Loan,41,Self-Employed,36017.0,131300.0,17.22,72,2937.0,1,125803.0,2025-05-13,0.0815,850,0,22.2,0,0,0.0,Current,0,0,,0.0,0,0,0,0,0,0,0.0,0.08154482605436322,3.645500735763667,4,0,4,0.14168574602155,Low Risk
TCU-01149,Francistown,LO001,Business Loan,62,Private Sector,16194.0,177200.0,22.96,12,16667.0,5,98825.0,2025-01-28,1.0292,850,0,11.6,0,0,0.0,Current,0,0,,0.0,0,0,1,0,0,0,0.0,1.0292083487711499,10.942324317648511,0,1,3,0.4347930306818797,Medium Risk
TCU-01150,Francistown,LO011,Agriculture Loan,26,Government Employee,14701.0,56900.0,23.23,12,5359.0,12,0.0,2024-05-17,0.3645,825,2,4.4,0,1,104885.0,Current,0,0,,0.0,0,0,0,0,0,0,1.8433216168717048,0.36453302496428813,3.870485001020339,0,0,1,0.19389158868879622,Low Risk
TCU-01151,Selebi-Phikwe,LO018,Business Loan,68,Farmer,13693.0,251900.0,8.75,48,6239.0,2,227437.0,2025-04-08,0.4556,789,0,12.4,0,1,271837.0,Early (1–29 days),10,1,,0.0,0,1,1,0,1,0,1.0791464867010718,0.4556342656831958,18.39626086321478,4,1,0,0.0884795705815866,Low Risk
TCU-01152,Selebi-Phikwe,LO010,Business Loan,47,Self-Employed,35268.0,31000.0,17.02,24,1533.0,1,28601.0,2025-05-16,0.0435,850,0,2.5,0,0,0.0,Current,0,0,,0.0,0,0,0,0,0,0,0.0,0.043467165702619937,0.8789837813315187,4,1,4,0.11982213182065456,Low Risk
TCU-01153,Maun,LO019,Business Loan,62,Self-Employed,27017.0,222100.0,21.69,36,8447.0,15,115928.0,2024-04-04,0.3127,850,3,23.9,1,1,544981.0,Early (1–29 days),24,1,,0.0,0,0,0,0,0,0,2.4537640702386314,0.31265499500314614,8.220749898212237,3,1,4,0.19470212345718368,Low Risk
TCU-01154,Maun,LO009,Education Loan,35,Self-Employed,18376.0,169600.0,16.81,60,4198.0,18,106267.0,2024-01-01,0.2285,821,2,28.7,0,0,0.0,Current,0,0,,0.0,0,0,0,0,0,0,0.0,0.22845015237266,9.229429690901176,3,2,4,0.11125347021718587,Low Risk
TCU-01155,Selebi-Phikwe,LO010,Education Loan,45,Student,4403.0,11600.0,12.54,84,208.0,2,10519.0,2025-04-13,0.0472,580,0,4.5,0,1,20780.0,Current,0,0,,0.0,0,3,0,1,0,0,1.7913793103448277,0.047240517828753124,2.6345673404496934,4,2,5,0.11670941181703785,Low Risk
TCU-01156,Lobatse,LO007,Personal Loan,49,Government Employee,19872.0,253500.0,9.43,72,4624.0,1,248668.0,2025-05-06,0.2327,850,0,6.6,0,1,230779.0,Current,0,0,,0.0,0,0,0,0,1,0,0.910370808678501,0.23268921095008052,12.756642512077295,2,4,1,0.048381220268340776,Low Risk
TCU-01157,Gaborone Main,LO016,Education Loan,62,Government Employee,9319.0,16800.0,18.91,72,392.0,7,13855.0,2024-11-23,0.0421,843,2,12.5,0,0,0.0,Current,0,0,,0.0,0,0,0,0,0,0,0.0,0.042064599205923384,1.8027685373967164,1,2,1,0.08858155770812753,Low Risk
TCU-01158,Gaborone Main,LO012,Home Loan,34,Private Sector,10301.0,9800.0,9.02,24,448.0,11,4555.0,2024-07-18,0.0435,800,4,13.2,0,0,0.0,Early (1–29 days),11,1,,0.0,0,0,0,0,0,0,0.0,0.043490923211338704,0.9513639452480341,1,3,3,0.13688026144823442,Low Risk
TCU-01159,Maun,LO004,Personal Loan,30,Private Sector,12943.0,94500.0,15.95,12,8572.0,7,33914.0,2024-11-18,0.6623,711,0,3.3,1,1,115738.0,Current,0,0,,0.0,0,2,1,0,0,0,1.2247407407407407,0.6622884957119679,7.30124391563007,3,4,3,0.27267240846427343,Medium Risk
TCU-01160,Gaborone Main,LO002,Home Loan,30,Self-Employed,12356.0,69600.0,18.81,12,6408.0,5,36811.0,2025-01-16,0.5186,811,1,3.3,0,0,0.0,Defaulted,128,4,Letter Sent,27283.0,1,0,1,0,0,0,0.0,0.5186144383295564,5.63289090320492,1,3,4,0.5975265712235904,High Risk
TCU-01161,Francistown,LO008,Education Loan,56,Self-Employed,7637.0,31000.0,11.31,48,806.0,14,21288.0,2024-04-29,0.1055,797,0,25.1,0,1,31453.0,Current,0,0,,0.0,0,1,0,0,0,0,1.0146129032258064,0.10553882414560692,4.059185544061805,0,2,4,0.071980253303467,Low Risk
TCU-01162,Selebi-Phikwe,LO014,Personal Loan,41,Pensioner,5040.0,74400.0,11.5,24,3485.0,16,23794.0,2024-02-25,0.6915,770,1,11.0,0,1,144264.0,Current,0,0,,0.0,0,1,1,0,0,0,1.939032258064516,0.691468253968254,14.761904761904763,4,4,2,0.19914543532194073,Low Risk
TCU-01163,Lobatse,LO012,Business Loan,64,Pensioner,7731.0,118600.0,21.44,12,11068.0,6,56528.0,2024-12-08,1.4316,850,1,24.5,0,1,193255.0,Current,0,0,,0.0,0,0,1,0,0,0,1.629468802698145,1.4316388565515457,15.340835596947354,2,1,2,0.4137926997061369,Medium Risk
TCU-01164,Lobatse,LO002,Education Loan,37,Student,4706.0,17800.0,15.83,36,624.0,10,11408.0,2024-08-12,0.1326,674,2,21.1,0,0,0.0,Current,0,0,,0.0,0,2,0,1,0,0,0.0,0.13259668508287292,3.7824054398640032,2,2,5,0.15726697211659524,Low Risk
TCU-01165,Maun,LO008,Home Loan,47,Farmer,5501.0,126300.0,22.85,24,6605.0,6,91144.0,2024-12-13,1.2007,727,3,22.8,0,0,0.0,Defaulted,142,8,Called,55932.0,1,2,1,0,0,0,0.0,1.2006907834939102,22.959461916015268,3,3,0,0.900434483421854,Critical
TCU-01166,Selebi-Phikwe,LO007,Agriculture Loan,63,Farmer,10504.0,158300.0,11.79,72,3078.0,8,128276.0,2024-10-20,0.293,820,0,22.6,0,0,0.0,Current,0,0,,0.0,0,0,0,0,0,0,0.0,0.293031226199543,15.07044935262757,4,0,0,0.09102926491137049,Low Risk
TCU-01167,Lobatse,LO016,Education Loan,31,Self-Employed,27001.0,377300.0,20.26,84,8438.0,15,282742.0,2024-03-20,0.3125,850,3,3.0,0,0,0.0,Current,0,0,,0.0,0,0,0,0,1,0,0.0,0.31250694418725233,13.97355653494315,2,2,4,0.12701347560376772,Low Risk
TCU-01168,Selebi-Phikwe,LO007,Vehicle Loan,37,Government Employee,10224.0,101300.0,20.51,84,2281.0,18,78912.0,2024-01-05,0.2231,766,0,18.6,1,0,0.0,Late (30–89 days),87,1,Letter Sent,15518.0,1,1,0,0,0,0,0.0,0.22310250391236305,9.908059467918623,4,5,1,0.4865946125388765,High Risk
TCU-01169,Gaborone Main,LO005,Personal Loan,58,Private Sector,29497.0,102200.0,20.41,84,2295.0,3,89634.0,2025-03-28,0.0778,850,0,17.6,1,1,228127.0,Current,0,0,,0.0,0,0,0,0,0,0,2.2321624266144813,0.07780452249381294,3.46475912804692,1,4,3,0.16205813556771786,Low Risk
TCU-01170,Gaborone Main,LO015,Business Loan,34,Pensioner,8488.0,227300.0,18.27,36,8248.0,17,105842.0,2024-01-12,0.9717,752,2,8.2,1,1,439873.0,Defaulted,301,9,Legal Notice,76563.0,1,1,1,0,1,0,1.9352089749230093,0.9717247879359096,26.77898209236569,1,1,2,0.8645916691403748,Critical
TCU-01171,Lobatse,LO014,Vehicle Loan,51,Government Employee,24823.0,220300.0,17.04,24,10896.0,7,137804.0,2024-12-02,0.4389,850,0,5.5,1,0,0.0,Current,0,0,,0.0,0,0,1,0,0,0,0.0,0.43894775007049913,8.87483382347017,2,5,1,0.2843976780756036,Medium Risk
TCU-01172,Lobatse,LO002,Personal Loan,60,Self-Employed,11009.0,217800.0,11.84,72,4240.0,3,203504.0,2025-03-05,0.3851,804,1,6.6,0,1,211411.0,Current,0,0,,0.0,0,0,0,0,0,0,0.9706657483930211,0.3851394313743301,19.78381324370969,2,4,4,0.09908784432590678,Low Risk
TCU-01173,Gaborone Main,LO003,Vehicle Loan,38,Government Employee,16392.0,28600.0,12.39,60,642.0,15,18566.0,2024-04-03,0.0392,844,1,17.9,0,0,0.0,Current,0,0,,0.0,0,0,0,0,0,0,0.0,0.03916544655929722,1.7447535383113715,1,5,1,0.0898108032598132,Low Risk
TCU-01174,Francistown,LO017,Education Loan,32,Government Employee,22123.0,211400.0,10.35,60,4528.0,17,145776.0,2024-02-03,0.2047,844,0,18.8,0,1,212962.0,Current,0,0,,0.0,0,0,0,0,0,0,1.0073888363292336,0.2046738688243005,9.555666048908376,0,2,1,0.06883570227030891,Low Risk
TCU-01175,Lobatse,LO009,Business Loan,43,Self-Employed,39871.0,102800.0,15.09,72,2179.0,1,94765.0,2025-05-04,0.0547,850,3,18.0,0,1,92509.0,Current,0,0,,0.0,0,0,0,0,0,0,0.8998929961089495,0.05465125028215997,2.5783150660881344,2,1,4,0.10592777043379051,Low Risk
TCU-01176,Gaborone Main,LO007,Business Loan,27,Farmer,12392.0,132700.0,22.86,84,3179.0,17,105786.0,2024-01-17,0.2565,673,0,14.2,1,1,316602.0,Current,0,0,,0.0,0,2,0,0,0,0,2.385847776940467,0.256536475145255,10.708521626856037,1,1,0,0.13694532690656083,Low Risk
TCU-01177,Lobatse,LO015,Agriculture Loan,29,Private Sector,13178.0,110600.0,19.31,84,2410.0,10,96991.0,2024-08-06,0.1829,674,1,9.2,0,0,0.0,Early (1–29 days),21,1,,0.0,0,2,0,0,0,0,0.0,0.18288055850660193,8.392775838518743,2,0,3,0.11083141405339698,Low Risk
TCU-01178,Lobatse,LO004,Agriculture Loan,53,Self-Employed,39491.0,290900.0,12.94,24,13822.0,13,115709.0,2024-06-04,0.35,850,0,1.9,1,1,398642.0,Current,0,0,,0.0,0,0,0,0,1,1,1.3703746992093504,0.3500037983337976,7.366235344762098,2,0,4,0.12938392746882416,Low Risk
TCU-01179,Selebi-Phikwe,LO003,Vehicle Loan,64,Private Sector,19149.0,171900.0,23.97,24,9086.0,1,158303.0,2025-05-23,0.4745,850,1,8.8,1,1,344298.0,Current,0,0,,0.0,0,0,1,0,0,0,2.0028970331588134,0.4744895294793462,8.976970076766412,4,5,3,0.4389112839746079,Medium Risk
TCU-01180,Maun,LO014,Vehicle Loan,55,Pensioner,7627.0,226600.0,17.77,12,20750.0,12,0.0,2024-02-01,2.7206,739,1,19.0,1,1,315286.0,Late (30–89 days),53,2,Letter Sent,0.0,1,2,1,0,0,0,1.391376875551633,2.0,29.710239937065687,3,5,2,0.9732377646955125,Critical
TCU-01181,Selebi-Phikwe,LO003,Vehicle Loan,31,Private Sector,9745.0,198000.0,14.11,36,6778.0,17,92885.0,2024-01-27,0.6955,763,1,2.9,1,0,0.0,Early (1–29 days),27,1,,0.0,0,1,1,0,0,0,0.0,0.6955361723961005,20.318111852231915,4,5,3,0.35393955663005205,Medium Risk
TCU-01182,Selebi-Phikwe,LO006,Home Loan,46,Pensioner,4243.0,73100.0,21.02,12,6807.0,12,0.0,2024-01-04,1.6043,641,4,12.6,0,1,92274.0,Late (30–89 days),61,1,SMS Sent,0.0,1,3,1,1,0,0,1.2622982216142271,1.6042894178647185,17.228376148951213,4,3,2,0.8082719726334955,Critical
TCU-01183,Francistown,LO007,Education Loan,52,Farmer,11641.0,166600.0,18.72,24,8375.0,10,84688.0,2024-08-22,0.7194,798,0,0.9,0,1,177333.0,Current,0,0,,0.0,0,1,1,0,0,1,1.0644237695078032,0.7194399106605962,14.311485267588695,0,2,0,0.22613798428362913,Medium Risk
TCU-01184,Gaborone Main,LO009,Personal Loan,41,Government Employee,8663.0,94300.0,17.88,12,8640.0,10,14239.0,2024-08-21,0.9973,754,2,21.3,2,1,80201.0,Current,0,0,,0.0,0,1,1,0,0,0,0.8504878048780488,0.9973450305898649,10.885374581553734,1,4,1,0.628167996313193,High Risk
TCU-01185,Francistown,LO017,Education Loan,50,Private Sector,9150.0,303200.0,15.27,12,27405.0,5,175713.0,2025-01-03,2.9951,731,2,16.0,0,0,0.0,Defaulted,127,3,SMS Sent,141050.0,1,2,1,0,1,0,0.0,2.0,33.13661202185792,0,2,3,0.967443160406644,Critical
TCU-01186,Maun,LO008,Home Loan,61,Self-Employed,6779.0,124600.0,20.69,60,3349.0,14,94521.0,2024-04-07,0.494,739,0,14.4,0,1,254894.0,Current,0,0,,0.0,0,2,1,0,0,0,2.0456982343499197,0.4940256675025815,18.380292078477652,3,3,4,0.07585944694041871,Low Risk
TCU-01187,Lobatse,LO020,Business Loan,63,Pensioner,4135.0,31700.0,23.71,60,907.0,17,21606.0,2024-01-26,0.2193,734,2,20.2,0,0,0.0,Current,0,0,,0.0,0,2,0,1,0,0,0.0,0.21934703748488513,7.666263603385731,2,1,2,0.11082378950618434,Low Risk
TCU-01188,Selebi-Phikwe,LO020,Education Loan,37,Student,1548.0,37600.0,23.35,48,1212.0,5,31624.0,2025-01-16,0.7829,721,0,23.2,0,1,66892.0,Current,0,0,,0.0,0,2,1,1,0,0,1.7790425531914893,0.7829457364341085,24.289405684754524,4,2,5,0.3929150944066028,Medium Risk
TCU-01189,Gaborone Main,LO010,Home Loan,49,Pensioner,9363.0,231300.0,15.15,48,6455.0,15,152528.0,2024-03-09,0.6894,699,0,13.8,0,1,202039.0,Current,0,0,,0.0,0,2,1,0,1,0,0.8734932987462171,0.689415785538823,24.703620634412047,1,3,2,0.20371375503320965,Medium Risk
TCU-01190,Lobatse,LO003,Home Loan,36,Farmer,10053.0,49200.0,11.91,12,4369.0,8,14418.0,2024-10-14,0.4346,768,2,18.7,0,0,0.0,Current,0,0,,0.0,0,1,1,0,0,0,0.0,0.4345966378195564,4.89406147418681,2,3,0,0.166926976379117,Low Risk
TCU-01191,Maun,LO001,Education Loan,53,Private Sector,12768.0,178200.0,22.46,24,9285.0,10,93058.0,2024-08-05,0.7272,804,0,21.4,0,0,0.0,Current,0,0,,0.0,0,0,1,0,0,0,0.0,0.7272086466165414,13.956766917293233,3,2,3,0.3109712925541117,Medium Risk
TCU-01192,Lobatse,LO011,Home Loan,28,Self-Employed,20507.0,294600.0,8.95,24,13452.0,1,263823.0,2025-05-25,0.656,817,0,5.3,0,1,355457.0,Current,0,0,,0.0,0,0,1,0,1,0,1.2065750169721656,0.6559711318086507,14.365826303213536,2,3,4,0.24176229457700305,Medium Risk
TCU-01193,Lobatse,LO010,Home Loan,43,Student,2134.0,8100.0,18.42,84,172.0,13,6359.0,2024-05-22,0.0806,670,3,4.6,0,1,18622.0,Late (30–89 days),40,1,Called,1408.0,1,2,0,1,0,0,2.2990123456790124,0.08059981255857544,3.795688847235239,2,3,5,0.7195484878320683,Critical
TCU-01194,Francistown,LO001,Home Loan,60,Private Sector,8088.0,215700.0,11.24,12,19088.0,5,119870.0,2025-01-02,2.36,804,1,27.0,0,1,487341.0,Late (30–89 days),38,2,Called,34508.0,1,0,1,0,0,0,2.259346314325452,2.0,26.66913946587537,0,3,3,0.9593339959784626,Critical
TCU-01195,Lobatse,LO006,Education Loan,29,Private Sector,7084.0,207100.0,14.05,24,9948.0,13,81325.0,2024-06-03,1.4043,750,0,7.6,0,1,245140.0,Late (30–89 days),33,1,SMS Sent,9314.0,1,1,1,0,0,0,1.1836793819410913,1.4042913608131,29.234895539243364,2,2,3,0.8506533204901378,Critical
TCU-01196,Lobatse,LO011,Vehicle Loan,33,Student,1848.0,27600.0,14.34,72,574.0,8,23429.0,2024-10-14,0.3106,685,0,22.3,0,0,0.0,Defaulted,320,12,Called,19888.0,1,2,0,1,0,0,0.0,0.3106060606060606,14.935064935064934,2,5,5,0.6204584877026718,High Risk
TCU-01197,Maun,LO012,Agriculture Loan,36,Government Employee,21665.0,320300.0,9.78,48,8090.0,2,282343.0,2025-04-24,0.3734,850,0,11.6,0,1,389679.0,Current,0,0,,0.0,0,0,0,0,1,0,1.216606306587574,0.3734133394876529,14.784214170320794,3,0,1,0.056019025699311026,Low Risk
TCU-01198,Lobatse,LO004,Personal Loan,44,Private Sector,22082.0,216800.0,15.02,48,6036.0,6,162907.0,2024-12-14,0.2733,764,0,14.4,2,1,219518.0,Late (30–89 days),35,2,SMS Sent,35709.0,1,1,0,0,0,0,1.0125369003690037,0.2733448057241192,9.817951272529662,2,4,3,0.5528892098509802,High Risk
TCU-01199,Gaborone Main,LO020,Personal Loan,48,Student,2046.0,30400.0,14.56,72,636.0,3,24868.0,2025-03-28,0.3109,625,1,10.4,0,1,49452.0,Early (1–29 days),5,1,,0.0,0,3,0,1,0,0,1.6267105263157895,0.31085043988269795,14.858260019550341,1,4,5,0.15040400690897193,Low Risk
TCU-01200,Lobatse,LO010,Agriculture Loan,46,Student,3294.0,81200.0,9.8,36,2612.0,13,48814.0,2024-06-04,0.793,631,0,1.7,2,1,179558.0,Late (30–89 days),78,1,,15544.0,1,3,1,1,0,1,2.2113054187192116,0.7929568913175471,24.650880388585307,2,0,5,0.8353982103870208,Critical
TCU-01201,Francistown,LO005,Home Loan,66,Government Employee,15435.0,315100.0,21.7,48,9876.0,11,211076.0,2024-08-01,0.6398,688,2,3.5,0,1,617949.0,Current,0,0,,0.0,0,2,1,0,1,0,1.9611202792764202,0.6398445092322643,20.414642047295107,0,3,1,0.1726012195215675,Low Risk
TCU-01202,Lobatse,LO005,Personal Loan,43,Private Sector,8262.0,222400.0,8.97,48,5531.0,6,170187.0,2024-12-27,0.6695,745,1,9.1,0,0,0.0,Current,0,0,,0.0,0,1,1,0,0,0,0.0,0.6694504962478819,26.91842168966352,2,4,3,0.28492723806794057,Medium Risk
TCU-01203,Francistown,LO009,Home Loan,31,Farmer,14317.0,231600.0,12.36,84,4133.0,5,207119.0,2025-01-09,0.2887,721,1,29.3,0,1,300839.0,Current,0,0,,0.0,0,2,0,0,1,0,1.2989594127806563,0.2886777956275756,16.176573304463226,0,3,0,0.07763382409906923,Low Risk
TCU-01204,Maun,LO004,Personal Loan,58,Self-Employed,15046.0,160900.0,23.36,60,4569.0,13,125484.0,2024-05-12,0.3037,850,1,11.8,2,0,0.0,Current,0,0,,0.0,0,0,0,0,0,0,0.0,0.30366874916921444,10.693872125481855,3,4,4,0.40766540364089293,Medium Risk
TCU-01205,Selebi-Phikwe,LO016,Business Loan,30,Farmer,10167.0,69500.0,8.84,48,1724.0,10,48892.0,2024-08-08,0.1696,804,0,17.5,0,0,0.0,Current,0,0,,0.0,0,0,0,0,0,0,0.0,0.16956821087833185,6.835841447821383,4,1,0,0.1192938935632686,Low Risk
TCU-01206,Selebi-Phikwe,LO015,Education Loan,34,Self-Employed,39423.0,428000.0,18.86,72,9971.0,18,286663.0,2024-01-07,0.2529,850,0,15.0,0,0,0.0,Current,0,0,,0.0,0,0,0,0,1,0,0.0,0.25292342033838117,10.856606549476194,4,2,4,0.1236835213515278,Low Risk
TCU-01207,Gaborone Main,LO015,Personal Loan,66,Student,2213.0,43800.0,9.95,48,1110.0,13,30856.0,2024-05-27,0.5016,740,3,21.0,2,0,0.0,Late (30–89 days),89,2,,6852.0,1,1,1,1,0,0,0.0,0.5015815634884772,19.792137370085857,1,4,5,0.8398088157454324,Critical
TCU-01208,Selebi-Phikwe,LO007,Vehicle Loan,50,Government Employee,18712.0,425100.0,20.65,84,9607.0,3,360756.0,2025-03-12,0.5134,850,0,29.7,2,0,0.0,Defaulted,115,11,Letter Sent,191735.0,1,0,1,0,1,0,0.0,0.5134138520735357,22.718041898247115,4,5,1,0.6692604830488946,High Risk
TCU-01209,Maun,LO018,Business Loan,30,Farmer,5455.0,93100.0,15.5,60,2239.0,5,72834.0,2025-01-25,0.4104,679,4,16.4,0,0,0.0,Current,0,0,,0.0,0,2,0,0,0,0,0.0,0.41044912923923005,17.066911090742437,3,1,0,0.11872547665153134,Low Risk
TCU-01210,Maun,LO020,Home Loan,43,Student,4617.0,122600.0,8.87,36,3891.0,3,100245.0,2025-03-05,0.8428,653,2,2.0,1,1,227640.0,Late (30–89 days),66,1,,19402.0,1,3,1,1,0,0,1.8567699836867864,0.8427550357374919,26.554039419536494,3,3,5,0.8110471464802823,Critical
TCU-01211,Gaborone Main,LO011,Home Loan,22,Government Employee,14656.0,336800.0,16.72,72,7440.0,16,243916.0,2024-03-02,0.5076,850,2,17.5,1,0,0.0,Early (1–29 days),2,1,,0.0,0,0,1,0,1,0,0.0,0.50764192139738,22.980349344978166,1,3,1,0.5080279045437783,High Risk
TCU-01212,Gaborone Main,LO012,Vehicle Loan,39,Private Sector,15239.0,39700.0,11.81,36,1315.0,11,25595.0,2024-07-14,0.0863,830,1,8.6,0,1,62676.0,Early (1–29 days),21,1,,0.0,0,0,0,0,0,0,1.5787405541561712,0.086291751427259,2.6051578187545115,1,5,3,0.09113180143373267,Low Risk
TCU-01213,Selebi-Phikwe,LO017,Home Loan,22,Government Employee,14484.0,200800.0,21.14,60,5448.0,9,146002.0,2024-09-25,0.3761,824,0,14.1,2,1,466996.0,Current,0,0,,0.0,0,0,0,0,0,0,2.325677290836653,0.376139188069594,13.863573598453465,4,3,1,0.1883347283556848,Low Risk
TCU-01214,Gaborone Main,LO014,Personal Loan,52,Student,1873.0,25300.0,23.7,60,723.0,3,20837.0,2025-03-08,0.386,659,1,14.4,1,1,45149.0,Late (30–89 days),42,1,Home Visit,4239.0,1,3,0,1,0,0,1.7845454545454544,0.38601174586225306,13.507741591030433,1,4,5,0.6683248384227517,High Risk
TCU-01215,Maun,LO001,Home Loan,24,Student,4894.0,60600.0,12.46,72,1199.0,15,45011.0,2024-03-09,0.245,595,0,11.4,0,1,73974.0,Current,0,0,,0.0,0,3,0,1,0,0,1.2206930693069307,0.24499387004495302,12.38250919493257,3,3,5,0.09986958870846963,Low Risk
TCU-01216,Selebi-Phikwe,LO013,Agriculture Loan,40,Private Sector,9409.0,212000.0,15.97,60,5152.0,16,133698.0,2024-02-14,0.5476,760,0,24.5,2,1,344350.0,Late (30–89 days),85,1,Legal Notice,13586.0,1,1,1,0,0,0,1.6242924528301887,0.5475608459985121,22.53161866298225,4,0,3,0.6881290159219131,High Risk
TCU-01217,Francistown,LO015,Business Loan,43,Private Sector,17496.0,269800.0,21.07,24,13873.0,9,151341.0,2024-09-18,0.7929,746,2,5.4,0,1,648534.0,Early (1–29 days),18,1,,0.0,0,1,1,0,1,0,2.4037583395107487,0.7929240969364426,15.420667581161409,0,1,3,0.23280804401970162,Medium Risk
TCU-01218,Gaborone Main,LO018,Education Loan,51,Private Sector,28173.0,337100.0,8.62,48,8328.0,10,249080.0,2024-08-17,0.2956,850,2,5.4,0,1,530931.0,Current,0,0,,0.0,0,0,0,0,1,0,1.5749955502818156,0.2956021722926206,11.965356901998367,1,2,3,0.07027222600908792,Low Risk
TCU-01219,Francistown,LO011,Business Loan,54,Self-Employed,28959.0,254500.0,14.54,12,22916.0,12,0.0,2024-03-03,0.7913,850,0,4.7,1,1,331320.0,Late (30–89 days),73,1,,0.0,1,0,1,0,1,0,1.3018467583497053,0.7913256673227667,8.788286888359405,0,1,4,0.7902887740019098,Critical
TCU-01220,Selebi-Phikwe,LO016,Personal Loan,52,Student,4151.0,137800.0,22.5,12,12930.0,2,99474.0,2025-05-01,3.1149,682,0,18.5,0,1,290542.0,Late (30–89 days),69,2,Called,22979.0,1,2,1,1,0,0,2.1084325108853412,2.0,33.19682004336305,4,4,5,0.9368456799129115,Critical
TCU-01221,Maun,LO001,Personal Loan,34,Self-Employed,26140.0,84900.0,21.27,36,3210.0,13,54131.0,2024-05-21,0.1228,816,0,14.0,0,0,0.0,Early (1–29 days),9,1,,0.0,0,0,0,0,0,0,0.0,0.12280030604437643,3.2478959449120124,3,4,4,0.11435211227325666,Low Risk
TCU-01222,Gaborone Main,LO015,Personal Loan,37,Pensioner,6171.0,93800.0,15.03,84,1812.0,14,70365.0,2024-04-26,0.2936,756,2,17.8,0,0,0.0,Early (1–29 days),13,1,,0.0,0,1,0,0,0,0,0.0,0.29363150218765194,15.200129638632312,1,4,2,0.08621968993031086,Low Risk
TCU-01223,Selebi-Phikwe,LO001,Personal Loan,67,Private Sector,18094.0,109500.0,17.36,24,5433.0,9,66843.0,2024-09-24,0.3003,850,3,27.6,0,1,182090.0,Current,0,0,,0.0,0,0,0,0,0,0,1.6629223744292236,0.3002652813087211,6.051729855200619,4,4,3,0.16176542445469344,Low Risk
TCU-01224,Gaborone Main,LO010,Education Loan,60,Private Sector,15670.0,410000.0,14.46,72,8550.0,4,386348.0,2025-02-27,0.5456,789,0,8.9,1,0,0.0,Defaulted,196,4,Home Visit,318384.0,1,1,1,0,1,0,0.0,0.5456285896617741,26.164645820038288,1,2,3,0.7308491241377167,Critical
TCU-01225,Selebi-Phikwe,LO014,Home Loan,66,Private Sector,9510.0,94000.0,16.85,36,3344.0,12,62559.0,2024-06-19,0.3516,751,0,24.4,0,0,0.0,Late (30–89 days),55,1,,7607.0,1,1,0,0,0,0,0.0,0.3516298633017876,9.884332281808623,4,3,3,0.24438964498519186,Medium Risk
TCU-01226,Maun,LO003,Education Loan,46,Government Employee,8409.0,96700.0,21.27,48,3008.0,14,62338.0,2024-04-27,0.3577,732,1,22.0,1,0,0.0,Current,0,0,,0.0,0,2,0,0,0,0,0.0,0.35771197526459747,11.4995837792841,3,2,1,0.20748433266544,Medium Risk
TCU-01227,Selebi-Phikwe,LO020,Agriculture Loan,63,Private Sector,24303.0,406900.0,9.89,12,35752.0,12,0.0,2024-02-28,1.4711,850,1,7.4,0,1,828490.0,Late (30–89 days),82,1,,0.0,1,0,1,0,1,0,2.0361022364217254,1.471094103608608,16.742788956095954,4,0,3,0.9034227802594407,Critical
TCU-01228,Maun,LO003,Home Loan,36,Self-Employed,23575.0,379200.0,18.19,12,34799.0,10,54188.0,2024-08-23,1.4761,824,0,7.0,0,1,459647.0,Late (30–89 days),88,1,SMS Sent,12353.0,1,0,1,0,1,0,1.2121492616033755,1.4760975609756097,16.084835630965006,3,3,4,0.9430486136284628,Critical
TCU-01229,Selebi-Phikwe,LO017,Personal Loan,30,Private Sector,14371.0,381700.0,13.2,48,10278.0,9,299390.0,2024-09-19,0.7152,829,3,7.0,3,0,0.0,Defaulted,268,11,,247325.0,1,0,1,0,1,0,0.0,0.715190313826456,26.560434207779554,4,4,3,0.7874716276614186,Critical
TCU-01230,Lobatse,LO014,Vehicle Loan,37,Government Employee,23808.0,311300.0,13.0,24,14800.0,15,108993.0,2024-04-06,0.6216,768,4,22.5,0,1,372230.0,Current,0,0,,0.0,0,1,1,0,1,0,1.1957275939608094,0.6216397849462365,13.07543682795699,2,5,1,0.15292126356351055,Low Risk
TCU-01231,Gaborone Main,LO013,Vehicle Loan,23,Student,2995.0,15400.0,16.18,48,438.0,13,10653.0,2024-05-08,0.1462,486,1,7.5,0,0,0.0,Late (30–89 days),76,2,,3407.0,1,4,0,1,0,0,0.0,0.14624373956594325,5.141903171953255,1,5,5,0.6084024058429083,High Risk
TCU-01232,Selebi-Phikwe,LO006,Education Loan,32,Farmer,4907.0,61100.0,16.48,72,1342.0,17,43662.0,2024-01-12,0.2735,628,1,13.7,0,0,0.0,Current,0,0,,0.0,0,3,0,1,0,0,0.0,0.2734868555125331,12.451599755451396,4,2,0,0.11669725242338731,Low Risk
TCU-01233,Lobatse,LO020,Personal Loan,63,Pensioner,6783.0,57800.0,13.43,60,1328.0,14,38568.0,2024-04-18,0.1958,712,1,13.3,3,0,0.0,Late (30–89 days),83,1,Letter Sent,12652.0,1,2,0,0,0,0,0.0,0.19578357658853016,8.521303258145364,2,4,2,0.4805162011508534,High Risk
TCU-01234,Maun,LO001,Personal Loan,56,Government Employee,23614.0,149000.0,20.48,12,13837.0,5,78177.0,2025-01-31,0.586,850,1,6.1,0,0,0.0,Current,0,0,,0.0,0,0,1,0,0,0,0.0,0.5859659524011179,6.3098162107224525,3,4,1,0.27671907424308867,Medium Risk
TCU-01235,Gaborone Main,LO018,Education Loan,47,Self-Employed,19890.0,421500.0,13.28,48,11366.0,16,241214.0,2024-02-10,0.5714,788,0,18.3,0,0,0.0,Current,0,0,,0.0,0,1,1,0,1,0,0.0,0.5714429361488185,21.19155354449472,1,2,4,0.21809774936204535,Medium Risk
TCU-01236,Selebi-Phikwe,LO002,Agriculture Loan,53,Self-Employed,12385.0,26300.0,11.54,12,2331.0,12,0.0,2024-04-14,0.1882,701,0,19.2,0,1,58400.0,Current,0,0,,0.0,0,2,0,0,0,0,2.220532319391635,0.1882115462252725,2.123536536132418,4,0,4,0.10564425562204276,Low Risk
TCU-01237,Lobatse,LO012,Business Loan,23,Farmer,14946.0,227600.0,14.83,24,11017.0,14,89627.0,2024-05-01,0.7371,787,0,23.6,0,1,545947.0,Current,0,0,,0.0,0,1,1,0,1,0,2.398712653778559,0.7371202997457513,15.228154690218119,2,1,0,0.10715893992786173,Low Risk
TCU-01238,Selebi-Phikwe,LO005,Home Loan,63,Student,3956.0,50200.0,15.78,84,991.0,8,45379.0,2024-10-22,0.2505,725,1,10.1,2,0,0.0,Current,0,0,,0.0,0,2,0,1,0,0,0.0,0.2505055611729019,12.68958543983822,4,3,5,0.40784112318780125,Medium Risk
TCU-01239,Maun,LO014,Agriculture Loan,64,Pensioner,8662.0,17600.0,14.4,48,484.0,11,12268.0,2024-08-01,0.0559,723,0,10.2,0,1,26920.0,Current,0,0,,0.0,0,2,0,0,0,0,1.5295454545454545,0.05587624105287462,2.031863311013623,3,0,2,0.07559456698897385,Low Risk
TCU-01240,Francistown,LO009,Education Loan,44,Pensioner,5190.0,88600.0,12.04,36,2944.0,3,76709.0,2025-03-15,0.5672,830,3,25.0,0,0,0.0,Current,0,0,,0.0,0,0,1,0,0,0,0.0,0.5672447013487476,17.071290944123316,0,2,2,0.1719225294132684,Low Risk
TCU-01241,Selebi-Phikwe,LO016,Home Loan,23,Student,3336.0,23100.0,17.94,24,1153.0,12,11157.0,2024-06-11,0.3456,574,1,6.9,1,1,28056.0,Current,0,0,,0.0,0,4,0,1,0,0,1.2145454545454546,0.3456235011990408,6.924460431654676,4,3,5,0.17446230256051243,Low Risk
TCU-01242,Gaborone Main,LO012,Personal Loan,43,Pensioner,8579.0,114200.0,9.42,72,2082.0,17,81948.0,2024-02-02,0.2427,644,1,12.3,0,0,0.0,Current,0,0,,0.0,0,3,0,0,0,0,0.0,0.24268562769553562,13.311574775614874,1,4,2,0.08969077461687841,Low Risk
TCU-01243,Lobatse,LO002,Agriculture Loan,60,Private Sector,17219.0,257900.0,22.56,84,6131.0,7,210509.0,2024-11-18,0.3561,850,1,20.7,0,0,0.0,Current,0,0,,0.0,0,0,0,0,1,0,0.0,0.3560601660955921,14.97764097798943,2,0,3,0.1030896713761757,Low Risk
TCU-01244,Maun,LO002,Agriculture Loan,44,Government Employee,10255.0,6800.0,23.88,12,643.0,11,563.0,2024-07-08,0.0627,692,0,6.7,0,1,15946.0,Current,0,0,,0.0,0,2,0,0,0,0,2.345,0.06270112140419308,0.6630911750365676,3,0,1,0.35395852567994757,Medium Risk
TCU-01245,Francistown,LO016,Education Loan,65,Private Sector,26603.0,98100.0,20.86,72,2399.0,14,68495.0,2024-04-12,0.0902,850,0,29.8,0,1,226058.0,Current,0,0,,0.0,0,0,0,0,0,0,2.304362895005097,0.09017779949629741,3.6875540352591814,0,2,3,0.06380832042795276,Low Risk
TCU-01246,Francistown,LO012,Personal Loan,65,Farmer,11303.0,175400.0,16.69,60,4330.0,6,142435.0,2024-12-24,0.3831,850,0,2.9,0,1,152539.0,Current,0,0,,0.0,0,0,0,0,0,0,0.8696636259977195,0.38308413695479077,15.518004069716005,0,4,0,0.10356975771112431,Low Risk
TCU-01247,Gaborone Main,LO003,Vehicle Loan,36,Self-Employed,27960.0,175300.0,14.04,84,3289.0,10,147218.0,2024-08-13,0.1176,850,1,14.5,0,1,276022.0,Current,0,0,,0.0,0,0,0,0,0,0,1.5745693097547062,0.11763233190271817,6.26967095851216,1,5,4,0.08893728687475391,Low Risk
TCU-01248,Maun,LO016,Home Loan,30,Government Employee,24376.0,382400.0,20.08,84,8510.0,3,327665.0,2025-03-11,0.3491,730,0,22.7,0,1,382973.0,Current,0,0,,0.0,0,2,0,0,1,0,1.0014984309623431,0.3491138825073843,15.687561535936988,3,3,1,0.04184014407878174,Low Risk
TCU-01249,Lobatse,LO002,Vehicle Loan,22,Pensioner,7426.0,93700.0,12.23,84,1666.0,10,81591.0,2024-08-28,0.2243,554,1,15.1,0,1,188419.0,Current,0,0,,0.0,0,4,0,0,0,0,2.0108751334044825,0.22434688930783733,12.617829248586048,2,5,2,0.10052164446166696,Low Risk
TCU-01250,Selebi-Phikwe,LO015,Business Loan,30,Student,3868.0,14600.0,20.29,36,545.0,10,10272.0,2024-08-22,0.1409,570,1,16.9,2,1,20222.0,Current,0,0,,0.0,0,4,0,1,0,0,1.385068493150685,0.14089968976215098,3.7745604963805586,4,1,5,0.18897581381551806,Low Risk
TCU-01251,Maun,LO020,Business Loan,25,Private Sector,15618.0,338600.0,10.74,24,15741.0,10,171061.0,2024-08-31,1.0079,759,2,13.5,0,0,0.0,Defaulted,259,7,,113877.0,1,1,1,0,1,0,0.0,1.00787552823665,21.680112690485338,3,1,3,0.6467873199276629,High Risk
TCU-01252,Maun,LO007,Personal Loan,40,Student,3325.0,82300.0,12.36,60,1846.0,5,66672.0,2025-01-16,0.5552,736,2,26.7,0,0,0.0,Current,0,0,,0.0,0,2,1,1,0,0,0.0,0.555187969924812,24.75187969924812,3,4,5,0.1660629212709295,Low Risk
TCU-01253,Gaborone Main,LO011,Personal Loan,65,Student,2928.0,16700.0,18.93,48,499.0,13,11063.0,2024-05-09,0.1704,726,0,13.8,1,1,37260.0,Current,0,0,,0.0,0,2,0,1,0,0,2.2311377245508983,0.17042349726775957,5.703551912568306,1,4,5,0.09445905251273436,Low Risk
TCU-01254,Selebi-Phikwe,LO008,Education Loan,68,Pensioner,4934.0,44400.0,14.65,12,4000.0,7,16953.0,2024-11-25,0.8107,687,1,13.3,0,0,0.0,Current,0,0,,0.0,0,2,1,1,0,0,0.0,0.8107012565869477,8.99878394811512,4,2,2,0.2897553267064449,Medium Risk
TCU-01255,Selebi-Phikwe,LO010,Home Loan,53,Government Employee,22458.0,421000.0,9.76,84,6937.0,11,314088.0,2024-07-20,0.3089,850,2,5.7,0,0,0.0,Current,0,0,,0.0,0,0,0,0,1,0,0.0,0.3088877014872206,18.746103838275893,4,3,1,0.07783628370189781,Low Risk
TCU-01256,Gaborone Main,LO007,Agriculture Loan,57,Pensioner,9641.0,297400.0,11.14,36,9756.0,1,263106.0,2025-05-30,1.0119,785,2,1.9,0,1,242222.0,Current,0,0,,0.0,0,1,1,0,1,1,0.8144653665097512,1.0119282232133595,30.847422466549112,1,0,2,0.6292854779366234,High Risk
TCU-01257,Selebi-Phikwe,LO012,Home Loan,65,Student,3689.0,85000.0,12.22,48,2248.0,14,51580.0,2024-04-08,0.6094,809,1,13.7,0,0,0.0,Current,0,0,,0.0,0,0,1,1,0,0,0.0,0.6093792355651938,23.04147465437788,4,3,5,0.2579587660029868,Medium Risk
TCU-01258,Lobatse,LO010,Business Loan,25,Government Employee,10531.0,90000.0,16.98,36,3208.0,10,56945.0,2024-08-29,0.3046,638,2,22.3,0,1,187096.0,Current,0,0,,0.0,0,3,0,0,0,0,2.0788444444444445,0.3046244421232552,8.54619694236065,2,1,1,0.10761993552242308,Low Risk
TCU-01259,Selebi-Phikwe,LO001,Business Loan,48,Private Sector,18899.0,341700.0,18.55,72,7900.0,1,336467.0,2025-05-05,0.418,835,1,15.6,1,0,0.0,Late (30–89 days),32,1,SMS Sent,63389.0,1,0,0,0,1,0,0.0,0.41801153500185195,18.080321710143394,4,1,3,0.5891749563430947,High Risk
TCU-01260,Gaborone Main,LO002,Vehicle Loan,38,Student,4697.0,60800.0,12.67,36,2039.0,17,31100.0,2024-01-29,0.4341,597,1,25.2,0,1,96059.0,Current,0,0,,0.0,0,3,1,1,0,0,1.5799177631578947,0.43410687672982756,12.944432616563764,1,5,5,0.09779716521999975,Low Risk
TCU-01261,Lobatse,LO009,Agriculture Loan,59,Government Employee,13167.0,105300.0,17.89,24,5251.0,4,79117.0,2025-02-08,0.3988,782,0,13.1,0,1,215698.0,Current,0,0,,0.0,0,1,0,0,0,0,2.048414055080722,0.39880003037897777,7.997265892002734,2,0,1,0.07662333240944816,Low Risk
TCU-01262,Francistown,LO014,Business Loan,54,Farmer,10016.0,39900.0,14.73,84,764.0,5,37095.0,2025-01-25,0.0763,783,1,7.0,0,1,45993.0,Current,0,0,,0.0,0,1,0,0,0,0,1.1527067669172932,0.0762779552715655,3.983626198083067,0,1,0,0.10139872157976862,Low Risk
TCU-01263,Maun,LO002,Business Loan,52,Student,4053.0,54400.0,19.62,36,2011.0,5,46573.0,2025-01-24,0.4962,666,3,5.7,0,0,0.0,Defaulted,146,4,Home Visit,35512.0,1,3,1,1,0,0,0.0,0.49617567234147547,13.422156427337775,3,1,5,0.7969418630095291,Critical
TCU-01264,Maun,LO006,Agriculture Loan,28,Student,3848.0,32500.0,12.01,60,723.0,4,30289.0,2025-02-10,0.1879,750,2,6.6,2,1,27504.0,Late (30–89 days),64,2,Home Visit,7520.0,1,1,0,1,0,0,0.846276923076923,0.18788981288981288,8.445945945945946,3,0,5,0.7142060824511112,Critical
TCU-01265,Selebi-Phikwe,LO018,Education Loan,23,Private Sector,24706.0,19000.0,16.89,48,547.0,10,13691.0,2024-08-21,0.0221,850,2,17.5,0,0,0.0,Current,0,0,,0.0,0,0,0,0,0,0,0.0,0.022140370760139236,0.7690439569335384,4,2,3,0.07709144430786534,Low Risk
TCU-01266,Francistown,LO016,Personal Loan,29,Student,2842.0,30300.0,9.18,36,966.0,16,15261.0,2024-02-21,0.3399,756,3,4.8,0,1,33014.0,Current,0,0,,0.0,0,1,0,1,0,0,1.0895709570957095,0.3399014778325123,10.661505981703026,0,4,5,0.2030876702144474,Medium Risk
TCU-01267,Gaborone Main,LO018,Personal Loan,34,Government Employee,15588.0,494500.0,14.71,12,44565.0,1,408053.0,2025-05-06,2.8589,701,2,22.0,0,0,0.0,Late (30–89 days),69,2,SMS Sent,104490.0,1,2,1,0,1,0,0.0,2.0,31.7231203489864,1,4,1,0.8175819753254866,Critical
TCU-01268,Francistown,LO004,Vehicle Loan,42,Private Sector,8982.0,169800.0,20.75,48,5235.0,6,137806.0,2024-12-30,0.5828,756,0,18.8,0,0,0.0,Late (30–89 days),34,2,,21059.0,1,1,1,0,0,0,0.0,0.5828323313293253,18.90447561790247,0,5,3,0.4984172755783567,High Risk
TCU-01269,Selebi-Phikwe,LO008,Personal Loan,67,Self-Employed,39754.0,51600.0,17.74,36,1859.0,6,39444.0,2024-12-26,0.0468,850,1,12.8,0,1,84088.0,Current,0,0,,0.0,0,0,0,0,0,0,1.6296124031007753,0.046762589928057555,1.2979825929466218,4,4,4,0.07685036746675823,Low Risk
TCU-01270,Lobatse,LO019,Education Loan,35,Pensioner,4321.0,127600.0,19.31,12,11778.0,11,10064.0,2024-07-31,2.7258,777,0,2.8,3,1,274606.0,Late (30–89 days),44,1,SMS Sent,2067.0,1,1,1,1,0,0,2.1520846394984328,2.0,29.530201342281877,2,2,2,0.8340966535305867,Critical
TCU-01271,Selebi-Phikwe,LO020,Education Loan,37,Government Employee,13600.0,337900.0,9.2,72,6124.0,16,232956.0,2024-02-27,0.4503,727,2,11.5,1,1,466629.0,Current,0,0,,0.0,0,2,1,0,1,0,1.3809677419354838,0.45029411764705884,24.845588235294116,4,2,1,0.21667303270496593,Medium Risk
TCU-01272,Lobatse,LO018,Personal Loan,65,Pensioner,4919.0,209500.0,11.88,72,4083.0,12,152206.0,2024-06-06,0.83,663,0,28.9,0,1,264590.0,Current,0,0,,0.0,0,3,1,1,0,0,1.2629594272076372,0.8300467574710307,42.589957308396016,2,4,2,0.20474311108216342,Medium Risk
TCU-01273,Maun,LO016,Vehicle Loan,57,Government Employee,23267.0,57600.0,19.4,24,2915.0,11,28419.0,2024-07-11,0.1253,850,0,17.4,0,1,126846.0,Current,0,0,,0.0,0,0,0,0,0,0,2.2021875,0.1252847380410023,2.4756092319594276,3,5,1,0.08388482928823199,Low Risk
TCU-01274,Selebi-Phikwe,LO007,Personal Loan,28,Self-Employed,25712.0,245500.0,15.79,48,6931.0,6,207568.0,2024-12-11,0.2696,850,1,19.7,0,0,0.0,Current,0,0,,0.0,0,0,0,0,1,0,0.0,0.26956285003111385,9.548070939639079,4,4,4,0.08073120293844975,Low Risk
TCU-01275,Maun,LO002,Education Loan,30,Student,4948.0,146400.0,19.39,48,4408.0,1,135524.0,2025-05-10,0.8909,707,3,27.8,0,1,133681.0,Current,0,0,,0.0,0,2,1,1,0,0,0.9131215846994536,0.8908649959579629,29.587712206952304,3,2,5,0.31360386038996185,Medium Risk
TCU-01276,Gaborone Main,LO016,Agriculture Loan,49,Farmer,4633.0,34500.0,13.05,12,3082.0,12,0.0,2024-07-03,0.6652,666,1,19.6,1,0,0.0,Defaulted,358,6,SMS Sent,0.0,1,3,1,1,0,0,0.0,0.6652277142240449,7.446578890567666,1,0,0,0.7118423672691334,Critical
TCU-01277,Francistown,LO006,Agriculture Loan,48,Student,2321.0,49200.0,9.96,60,1044.0,14,35733.0,2024-04-12,0.4498,657,0,29.2,1,1,95349.0,Late (30–89 days),47,1,Letter Sent,10796.0,1,3,1,1,0,0,1.9379878048780488,0.44980611805256354,21.197759586385178,0,0,5,0.7361542940114957,Critical
TCU-01278,Lobatse,LO010,Vehicle Loan,22,Student,2940.0,103000.0,10.33,72,1925.0,3,93635.0,2025-03-12,0.6548,673,4,12.8,0,0,0.0,Late (30–89 days),61,2,Legal Notice,13867.0,1,2,1,1,0,0,0.0,0.6547619047619048,35.034013605442176,2,5,5,0.7924175199624837,Critical
TCU-01279,Gaborone Main,LO007,Vehicle Loan,61,Student,1636.0,26000.0,13.15,36,878.0,15,14449.0,2024-04-05,0.5367,643,2,11.9,0,0,0.0,Late (30–89 days),42,2,Legal Notice,2830.0,1,3,1,1,0,0,0.0,0.5366748166259169,15.89242053789731,1,5,5,0.7486384513781543,Critical
TCU-01280,Lobatse,LO019,Business Loan,39,Private Sector,6846.0,80700.0,14.42,48,2222.0,3,70925.0,2025-03-19,0.3246,652,3,13.0,0,1,112161.0,Current,0,0,,0.0,0,3,0,0,0,0,1.3898513011152416,0.3245690914402571,11.787905346187555,2,1,3,0.19070708581644447,Low Risk
TCU-01281,Lobatse,LO007,Education Loan,27,Government Employee,19506.0,397600.0,20.64,36,14906.0,13,226605.0,2024-05-09,0.7642,781,0,13.0,0,0,0.0,Current,0,0,,0.0,0,1,1,0,1,0,0.0,0.7641751256023788,20.38347175228135,2,2,1,0.38257422536441815,Medium Risk
TCU-01282,Lobatse,LO020,Business Loan,65,Pensioner,9714.0,100300.0,10.09,72,1863.0,5,85441.0,2025-01-25,0.1918,758,1,22.1,0,0,0.0,Current,0,0,,0.0,0,1,0,0,0,0,0.0,0.19178505250154415,10.325303685402512,2,1,2,0.08565608690288848,Low Risk
TCU-01283,Francistown,LO013,Education Loan,68,Pensioner,9668.0,109400.0,15.47,24,5329.0,6,79849.0,2024-12-14,0.5512,850,0,22.9,0,0,0.0,Current,0,0,,0.0,0,0,1,0,0,0,0.0,0.5511998345055854,11.315680595779892,0,2,2,0.14853709598894074,Low Risk
TCU-01284,Gaborone Main,LO008,Education Loan,39,Farmer,8123.0,316800.0,15.04,36,10988.0,11,197650.0,2024-08-02,1.3527,731,0,25.9,0,1,500050.0,Late (30–89 days),30,1,Legal Notice,57418.0,1,2,1,0,1,0,1.5784406565656566,1.3527022036193526,39.00036932167918,1,2,0,0.7137108730115516,Critical
TCU-01285,Francistown,LO018,Education Loan,43,Self-Employed,38183.0,141000.0,12.91,72,2824.0,4,126514.0,2025-02-15,0.074,850,1,16.4,0,1,210737.0,Current,0,0,,0.0,0,0,0,0,0,0,1.4945886524822696,0.07395961553570961,3.6927428436738863,0,2,4,0.08139375250514556,Low Risk
TCU-01286,Lobatse,LO002,Personal Loan,23,Farmer,13155.0,411000.0,9.75,84,6770.0,10,351124.0,2024-08-08,0.5146,726,0,28.6,1,0,0.0,Current,0,0,,0.0,0,2,1,0,1,0,0.0,0.5146332193082478,31.242873432155076,2,4,0,0.22066627642182393,Medium Risk
TCU-01287,Maun,LO001,Agriculture Loan,48,Farmer,7064.0,115000.0,23.13,72,2967.0,14,84084.0,2024-04-08,0.42,698,3,20.7,0,0,0.0,Current,0,0,,0.0,0,2,0,0,0,0,0.0,0.42001698754246886,16.2797281993205,3,0,0,0.10658092057281753,Low Risk
TCU-01288,Lobatse,LO011,Personal Loan,49,Pensioner,9298.0,127100.0,20.27,12,11790.0,6,61468.0,2024-12-09,1.268,707,1,21.4,1,1,175826.0,Defaulted,225,5,Home Visit,46589.0,1,2,1,0,0,0,1.3833674272226593,1.2680146268014627,13.669606366960636,2,4,2,0.8263400623175989,Critical
TCU-01289,Lobatse,LO019,Business Loan,26,Farmer,13794.0,66600.0,23.36,84,1617.0,13,50639.0,2024-05-13,0.1172,836,0,10.0,1,1,137580.0,Current,0,0,,0.0,0,0,0,0,0,0,2.0657657657657658,0.11722488038277512,4.828186167899086,2,1,0,0.15360959622390077,Low Risk
TCU-01290,Selebi-Phikwe,LO008,Education Loan,26,Student,3764.0,94400.0,14.81,60,2236.0,16,65812.0,2024-02-23,0.594,634,0,15.6,0,0,0.0,Current,0,0,,0.0,0,3,1,1,0,0,0.0,0.594048884165781,25.07970244420829,4,2,5,0.43118412147309193,Medium Risk
TCU-01291,Lobatse,LO019,Vehicle Loan,31,Farmer,10213.0,124700.0,18.55,12,11465.0,8,39339.0,2024-10-28,1.1226,662,3,27.2,0,1,179478.0,Current,0,0,,0.0,0,3,1,0,0,0,1.4392782678428229,1.122588857338686,12.20992852247136,2,5,0,0.3766968512898409,Medium Risk
TCU-01292,Gaborone Main,LO007,Agriculture Loan,48,Private Sector,16139.0,233500.0,11.77,60,5167.0,9,180701.0,2024-09-21,0.3202,812,2,11.6,1,1,228461.0,Current,0,0,,0.0,0,0,0,0,1,0,0.9784197002141327,0.32015614350331495,14.468058739698867,1,0,3,0.26989314266392084,Medium Risk
TCU-01293,Selebi-Phikwe,LO003,Vehicle Loan,45,Farmer,11569.0,26200.0,22.18,84,617.0,13,21766.0,2024-05-07,0.0533,723,1,26.6,0,1,27013.0,Current,0,0,,0.0,0,2,0,0,0,0,1.031030534351145,0.053332180828075025,2.2646728325697985,4,5,0,0.06708712223639378,Low Risk
TCU-01294,Lobatse,LO020,Education Loan,66,Government Employee,23552.0,407800.0,12.61,48,10861.0,5,344129.0,2025-01-18,0.4611,850,1,19.7,2,0,0.0,Late (30–89 days),52,1,Home Visit,72794.0,1,0,1,0,1,0,0.0,0.46114979619565216,17.314877717391305,2,2,1,0.6701210090185381,High Risk
TCU-01295,Francistown,LO016,Vehicle Loan,38,Government Employee,15917.0,144300.0,12.61,24,6834.0,17,41824.0,2024-01-24,0.4294,724,0,18.1,0,1,134091.0,Current,0,0,,0.0,0,2,0,0,0,0,0.9292515592515592,0.42935226487403405,9.065778727147075,0,5,1,0.09200342812966347,Low Risk
TCU-01296,Lobatse,LO019,Personal Loan,35,Government Employee,21409.0,28000.0,21.69,72,698.0,17,20735.0,2024-02-04,0.0326,848,0,11.0,0,1,36228.0,Current,0,0,,0.0,0,0,0,0,0,0,1.2938571428571428,0.032603110841234996,1.3078611798776216,2,4,1,0.06134008260026852,Low Risk
TCU-01297,Selebi-Phikwe,LO012,Business Loan,43,Student,2697.0,14000.0,18.99,48,419.0,3,13093.0,2025-03-16,0.1554,578,1,0.9,2,1,11888.0,Early (1–29 days),24,1,,0.0,0,4,0,1,0,1,0.8491428571428571,0.1553578049684835,5.190952910641453,4,1,5,0.30467207548336633,Medium Risk
TCU-01298,Lobatse,LO012,Vehicle Loan,37,Self-Employed,6801.0,176100.0,16.28,60,4309.0,4,160256.0,2025-02-12,0.6336,600,4,3.1,0,0,0.0,Current,0,0,,0.0,0,3,1,0,0,0,0.0,0.6335832965740332,25.893250992501102,2,5,4,0.3875346766764356,Medium Risk
TCU-01299,Selebi-Phikwe,LO003,Home Loan,39,Farmer,11762.0,147500.0,9.94,72,2728.0,4,129090.0,2025-02-22,0.2319,727,1,17.7,0,0,0.0,Current,0,0,,0.0,0,2,0,0,0,0,0.0,0.23193334466927393,12.54038428838633,4,3,0,0.07552765209814777,Low Risk
TCU-01300,Gaborone Main,LO012,Agriculture Loan,67,Pensioner,4799.0,124700.0,17.59,12,11408.0,12,0.0,2024-03-10,2.3772,695,0,7.4,0,0,0.0,Late (30–89 days),57,2,Letter Sent,0.0,1,2,1,1,0,0,0.0,2.0,25.984580120858514,1,0,2,0.9348529530391214,Critical
TCU-01301,Francistown,LO020,Education Loan,39,Farmer,8068.0,29000.0,9.35,12,2541.0,10,4743.0,2024-08-09,0.3149,657,0,9.6,1,1,52325.0,Current,0,0,,0.0,0,3,0,0,0,0,1.8043103448275861,0.31494794248884483,3.594447198810114,0,2,0,0.15568655518453522,Low Risk
TCU-01302,Maun,LO015,Home Loan,43,Private Sector,26754.0,6300.0,13.57,36,214.0,8,4241.0,2024-10-15,0.008,850,3,22.5,0,0,0.0,Current,0,0,,0.0,0,0,0,0,0,0,0.0,0.007998803917171265,0.23547880690737832,3,3,3,0.1593020002566208,Low Risk
TCU-01303,Lobatse,LO014,Vehicle Loan,44,Government Employee,13272.0,251000.0,13.19,24,11955.0,15,93693.0,2024-04-02,0.9008,797,1,0.8,0,1,314958.0,Current,0,0,,0.0,0,1,1,0,1,1,1.254812749003984,0.9007685352622061,18.911995177817964,2,5,1,0.3480434294091445,Medium Risk
TCU-01304,Francistown,LO020,Education Loan,27,Self-Employed,31930.0,88100.0,10.34,60,1887.0,7,70161.0,2024-12-01,0.0591,850,1,18.8,1,1,176200.0,Current,0,0,,0.0,0,0,0,0,0,0,2.0,0.05909802693391795,2.759160663952396,0,2,4,0.17016453490467331,Low Risk
TCU-01305,Maun,LO012,Education Loan,57,Farmer,13074.0,59700.0,15.64,84,1174.0,12,45147.0,2024-07-01,0.0898,833,1,9.7,1,0,0.0,Early (1–29 days),2,1,,0.0,0,0,0,0,0,0,0.0,0.08979654275661618,4.566314823313447,3,2,0,0.2164883875314522,Medium Risk
TCU-01306,Gaborone Main,LO009,Vehicle Loan,34,Pensioner,5134.0,53600.0,21.15,36,2024.0,12,30924.0,2024-06-09,0.3942,788,1,11.4,0,0,0.0,Current,0,0,,0.0,0,1,0,0,0,0,0.0,0.3942345149980522,10.440202571094662,1,5,2,0.09405212272492174,Low Risk
TCU-01307,Gaborone Main,LO017,Home Loan,28,Private Sector,9714.0,131300.0,23.85,36,5141.0,4,100747.0,2025-02-15,0.5292,709,1,11.2,1,0,0.0,Late (30–89 days),33,2,Home Visit,17551.0,1,2,1,0,0,0,0.0,0.5292361540045295,13.51657401688285,1,3,3,0.6582715370387661,High Risk
TCU-01308,Gaborone Main,LO004,Personal Loan,50,Pensioner,7700.0,140800.0,18.02,36,5092.0,7,101849.0,2024-11-16,0.6613,786,1,25.3,0,0,0.0,Current,0,0,,0.0,0,1,1,0,0,0,0.0,0.6612987012987013,18.285714285714285,1,4,2,0.2261283352648638,Medium Risk
TCU-01309,Francistown,LO020,Education Loan,57,Student,1844.0,32100.0,22.53,36,1235.0,6,23350.0,2024-12-15,0.6697,609,3,27.6,1,1,78706.0,Current,0,0,,0.0,0,3,1,1,0,0,2.45190031152648,0.6697396963123644,17.407809110629067,0,2,5,0.23332978477195968,Medium Risk
TCU-01310,Lobatse,LO003,Personal Loan,46,Student,1706.0,56900.0,19.39,60,1488.0,13,38956.0,2024-05-15,0.8722,710,0,24.1,0,1,85895.0,Late (30–89 days),73,1,Home Visit,10059.0,1,2,1,1,0,0,1.5095782073813708,0.8722157092614302,33.35287221570926,2,4,5,0.7607244663839775,Critical
TCU-01311,Selebi-Phikwe,LO006,Agriculture Loan,44,Student,4238.0,103500.0,14.41,24,4989.0,17,28055.0,2024-02-01,1.1772,638,2,21.4,1,1,182863.0,Defaulted,270,10,Called,12857.0,1,3,1,1,0,0,1.766792270531401,1.1772062293534686,24.421897121283624,4,0,5,0.8669524816811791,Critical
TCU-01312,Selebi-Phikwe,LO002,Agriculture Loan,57,Student,2204.0,6500.0,18.5,48,193.0,9,4932.0,2024-09-30,0.0876,640,1,22.2,0,1,10317.0,Current,0,0,,0.0,0,3,0,1,0,0,1.5872307692307692,0.08756805807622504,2.9491833030852996,4,0,5,0.1809323688469561,Low Risk
TCU-01313,Gaborone Main,LO011,Agriculture Loan,43,Private Sector,29900.0,402400.0,8.86,24,18358.0,4,285835.0,2025-02-13,0.614,850,0,23.8,1,1,608214.0,Current,0,0,,0.0,0,0,1,0,1,0,1.5114662027833001,0.6139799331103679,13.45819397993311,1,0,3,0.1315844744734693,Low Risk
TCU-01314,Lobatse,LO011,Personal Loan,50,Farmer,11616.0,130500.0,18.34,72,3002.0,6,109498.0,2024-12-04,0.2584,805,4,8.2,0,0,0.0,Current,0,0,,0.0,0,0,0,0,0,0,0.0,0.2584366391184573,11.234504132231406,2,4,0,0.13586246771556035,Low Risk
TCU-01315,Lobatse,LO018,Vehicle Loan,30,Private Sector,18740.0,224200.0,22.14,36,8579.0,3,196184.0,2025-03-11,0.4578,850,2,2.7,0,0,0.0,Late (30–89 days),89,1,SMS Sent,60981.0,1,0,1,0,0,0,0.0,0.4577908217716115,11.963713980789754,2,5,3,0.6303969782319627,High Risk
TCU-01316,Francistown,LO018,Vehicle Loan,27,Government Employee,8155.0,150300.0,12.79,84,2717.0,2,144577.0,2025-04-02,0.3332,647,0,17.5,0,1,173211.0,Current,0,0,,0.0,0,3,0,0,0,0,1.1524351297405189,0.3331698344573881,18.430410790925812,0,5,1,0.08920199674620707,Low Risk
TCU-01317,Maun,LO008,Education Loan,55,Pensioner,5011.0,58500.0,9.64,72,1073.0,14,41891.0,2024-05-04,0.2141,751,4,7.4,0,0,0.0,Current,0,0,,0.0,0,1,0,0,0,0,0.0,0.2141289163839553,11.674316503691879,3,2,2,0.10907055750544643,Low Risk
TCU-01318,Francistown,LO002,Education Loan,48,Farmer,6977.0,93300.0,14.6,12,8404.0,9,22851.0,2024-09-18,1.2045,631,2,12.4,0,0,0.0,Current,0,0,,0.0,0,3,1,0,0,0,0.0,1.204529167263867,13.372509674645263,0,2,0,0.5285051449103897,High Risk
TCU-01319,Lobatse,LO006,Home Loan,64,Private Sector,24583.0,269700.0,11.38,24,12618.0,12,129124.0,2024-06-17,0.5133,850,0,6.9,0,1,416024.0,Current,0,0,,0.0,0,0,1,0,1,0,1.5425435669262144,0.5132815360208274,10.970996216897856,2,3,3,0.10873764074351219,Low Risk
TCU-01320,Selebi-Phikwe,LO016,Vehicle Loan,41,Student,3737.0,70600.0,14.69,36,2437.0,10,47009.0,2024-08-12,0.6521,616,0,8.8,0,0,0.0,Late (30–89 days),52,1,Home Visit,5655.0,1,3,1,1,0,0,0.0,0.6521273748996521,18.89215948621889,4,5,5,0.6031816621214898,High Risk
TCU-01321,Maun,LO020,Agriculture Loan,42,Self-Employed,9711.0,183900.0,12.76,72,3668.0,2,177863.0,2025-04-13,0.3777,815,2,9.1,0,0,0.0,Current,0,0,,0.0,0,0,0,0,0,0,0.0,0.3777159921738235,18.937287611986406,3,0,4,0.15564347085503324,Low Risk
TCU-01322,Gaborone Main,LO020,Education Loan,29,Student,3226.0,19200.0,18.0,36,694.0,7,13314.0,2024-11-21,0.2151,693,0,19.4,0,1,28524.0,Current,0,0,,0.0,0,2,0,1,0,0,1.485625,0.21512709237445754,5.951642901425914,1,2,5,0.10376053350871564,Low Risk
TCU-01323,Lobatse,LO007,Home Loan,22,Government Employee,20519.0,35200.0,10.21,84,588.0,11,29843.0,2024-07-15,0.0287,850,1,19.7,0,0,0.0,Current,0,0,,0.0,0,0,0,0,0,0,0.0,0.028656367269360106,1.7154832106827818,2,3,1,0.08475909957771596,Low Risk
TCU-01324,Lobatse,LO006,Vehicle Loan,35,Self-Employed,17737.0,286000.0,16.56,36,10134.0,3,248596.0,2025-03-22,0.5713,850,0,2.9,0,1,245130.0,Defaulted,194,6,Legal Notice,201237.0,1,0,1,0,1,0,0.857097902097902,0.5713480295427638,16.124485538704402,2,5,4,0.6219296068961785,High Risk
TCU-01325,Maun,LO008,Vehicle Loan,22,Government Employee,20712.0,441200.0,14.69,72,9255.0,1,376620.0,2025-05-12,0.4468,780,1,1.0,0,1,647689.0,Current,0,0,,0.0,0,1,1,0,1,1,1.4680167724388034,0.4468424101969872,21.301660872923907,3,5,1,0.09138164575150787,Low Risk
TCU-01326,Francistown,LO016,Business Loan,47,Student,1668.0,12200.0,22.84,84,292.0,8,10416.0,2024-11-02,0.1751,705,0,18.2,0,1,30116.0,Current,0,0,,0.0,0,2,0,1,0,0,2.4685245901639346,0.1750599520383693,7.314148681055156,0,1,5,0.13505901191868247,Low Risk
TCU-01327,Maun,LO002,Business Loan,31,Pensioner,9887.0,410000.0,23.53,72,10677.0,10,329599.0,2024-08-10,1.0799,774,1,26.3,0,1,438624.0,Late (30–89 days),68,2,,65727.0,1,1,1,0,1,0,1.0698146341463415,1.0799029028016587,41.4685951249115,3,1,2,0.8172542774604049,Critical
TCU-01328,Maun,LO013,Personal Loan,54,Self-Employed,20049.0,416900.0,21.38,84,9607.0,6,333826.0,2024-12-17,0.4792,795,2,17.1,0,1,691338.0,Early (1–29 days),19,1,,0.0,0,1,1,0,1,0,1.6582825617654113,0.4791760187540526,20.794054566312536,3,4,4,0.05067645448897753,Low Risk
TCU-01329,Maun,LO010,Personal Loan,65,Student,4277.0,28000.0,11.69,12,2484.0,3,20741.0,2025-03-15,0.5808,701,2,22.9,0,0,0.0,Current,0,0,,0.0,0,2,1,1,0,0,0.0,0.5807809212064531,6.546644844517185,3,4,5,0.22016675778068268,Medium Risk
TCU-01330,Selebi-Phikwe,LO011,Education Loan,49,Self-Employed,36324.0,184000.0,13.2,60,4205.0,9,148157.0,2024-09-26,0.1158,850,2,19.3,0,0,0.0,Current,0,0,,0.0,0,0,0,0,0,0,0.0,0.11576368241383107,5.065521418345997,4,2,4,0.12960512170533378,Low Risk
TCU-01331,Lobatse,LO006,Business Loan,43,Farmer,11711.0,134000.0,17.99,12,12284.0,1,111869.0,2025-05-13,1.0489,801,3,10.7,0,1,135673.0,Defaulted,114,4,Letter Sent,50943.0,1,0,1,0,0,0,1.0124850746268657,1.0489283579540603,11.442233797284604,2,1,0,0.49394754452129624,High Risk
TCU-01332,Selebi-Phikwe,LO015,Business Loan,63,Self-Employed,31594.0,135100.0,18.78,84,2902.0,9,115093.0,2024-09-25,0.0919,850,1,5.6,2,1,223026.0,Late (30–89 days),51,2,,30159.0,1,0,0,0,0,0,1.650821613619541,0.0918528834588846,4.276128378806103,4,1,4,0.6442203234417205,High Risk
TCU-01333,Maun,LO004,Vehicle Loan,62,Farmer,9408.0,156300.0,11.82,72,3041.0,7,123148.0,2024-11-17,0.3232,821,4,10.8,0,0,0.0,Current,0,0,,0.0,0,0,0,0,0,0,0.0,0.3232355442176871,16.613520408163264,3,5,0,0.11652499793029746,Low Risk
TCU-01334,Lobatse,LO010,Vehicle Loan,53,Student,2767.0,56100.0,14.74,24,2713.0,9,33106.0,2024-09-25,0.9805,632,0,6.2,0,1,115078.0,Current,0,0,,0.0,0,3,1,1,0,0,2.051301247771836,0.9804842790025298,20.274665702927358,2,5,5,0.3578426365826383,Medium Risk
TCU-01335,Selebi-Phikwe,LO004,Home Loan,41,Government Employee,14808.0,481900.0,18.32,12,44254.0,9,115587.0,2024-09-17,2.9885,706,2,24.3,0,0,0.0,Defaulted,268,8,SMS Sent,75982.0,1,2,1,0,1,0,0.0,2.0,32.543219881145326,4,3,1,0.8869827375597478,Critical
TCU-01336,Francistown,LO016,Home Loan,55,Student,2805.0,8900.0,15.65,24,434.0,4,6416.0,2025-02-01,0.1547,697,0,10.8,0,0,0.0,Current,0,0,,0.0,0,2,0,1,0,0,0.0,0.15472370766488414,3.1729055258467023,0,3,5,0.1737356603671704,Low Risk
TCU-01337,Lobatse,LO009,Education Loan,46,Farmer,3401.0,76700.0,11.26,60,1678.0,7,60778.0,2024-11-16,0.4934,788,0,22.6,0,0,0.0,Current,0,0,,0.0,0,1,1,1,0,0,0.0,0.49338429873566597,22.552190532196413,2,2,0,0.0805470548076446,Low Risk
TCU-01338,Selebi-Phikwe,LO013,Agriculture Loan,59,Farmer,6000.0,228400.0,16.05,24,11189.0,5,177540.0,2025-01-11,1.8648,808,2,21.2,0,1,205160.0,Defaulted,363,11,SMS Sent,88145.0,1,0,1,0,1,0,0.8982486865148862,1.8648333333333333,38.06666666666667,4,0,0,0.9178670098069879,Critical
TCU-01339,Maun,LO004,Business Loan,35,Private Sector,20690.0,61600.0,17.86,84,1290.0,7,49394.0,2024-11-13,0.0623,724,0,12.5,0,1,99523.0,Current,0,0,,0.0,0,2,0,0,0,0,1.6156331168831168,0.06234896085065249,2.9772837119381346,3,1,3,0.10095630356703572,Low Risk
TCU-01340,Maun,LO017,Personal Loan,26,Student,2186.0,84500.0,18.85,72,1968.0,16,64876.0,2024-02-22,0.9003,507,1,7.2,0,0,0.0,Current,0,0,,0.0,0,4,1,1,0,0,0.0,0.9002744739249772,38.65507776761208,3,4,5,0.5899412944238432,High Risk
TCU-01341,Francistown,LO011,Business Loan,23,Pensioner,9692.0,86800.0,19.81,84,1918.0,9,74100.0,2024-09-27,0.1979,709,1,23.0,0,0,0.0,Current,0,0,,0.0,0,2,0,0,0,0,0.0,0.1978951712752786,8.955839867932315,0,1,2,0.07615637426776752,Low Risk
TCU-01342,Gaborone Main,LO009,Agriculture Loan,34,Private Sector,21784.0,83700.0,14.35,12,7529.0,1,74305.0,2025-05-15,0.3456,810,1,24.3,0,1,154994.0,Current,0,0,,0.0,0,0,0,0,0,0,1.8517801672640382,0.34562063900110174,3.842269555637165,1,0,3,0.1381563476506757,Low Risk
TCU-01343,Maun,LO013,Home Loan,50,Self-Employed,29202.0,344800.0,13.41,36,11686.0,15,174263.0,2024-03-19,0.4002,850,1,25.6,2,1,401178.0,Late (30–89 days),31,2,Called,23717.0,1,0,0,0,1,0,1.1635092807424594,0.40017806999520583,11.80741045133895,3,3,4,0.6879113263634449,High Risk
TCU-01344,Lobatse,LO004,Agriculture Loan,57,Student,3576.0,95500.0,15.15,36,3318.0,14,54308.0,2024-04-12,0.9279,765,3,25.9,2,1,185298.0,Defaulted,128,7,Called,37899.0,1,1,1,1,0,0,1.9402931937172776,0.9278523489932886,26.705816554809843,2,0,5,0.909961986251318,Critical
TCU-01345,Maun,LO009,Personal Loan,34,Private Sector,27586.0,198400.0,16.9,48,5715.0,17,112673.0,2024-01-12,0.2072,776,0,9.1,2,1,351985.0,Current,0,0,,0.0,0,1,0,0,0,0,1.7741179435483871,0.20717030377727833,7.192053940404553,3,4,3,0.35920878015513297,Medium Risk
TCU-01346,Francistown,LO015,Vehicle Loan,28,Pensioner,4866.0,5400.0,15.03,48,150.0,15,3510.0,2024-03-08,0.0308,654,0,3.3,0,1,9126.0,Current,0,0,,0.0,0,3,0,1,0,0,1.69,0.030826140567200986,1.1097410604192355,0,5,2,0.1375599793658203,Low Risk
TCU-01347,Selebi-Phikwe,LO019,Business Loan,28,Pensioner,4268.0,127400.0,14.5,36,4385.0,7,99485.0,2024-12-02,1.0274,652,0,17.9,0,1,257408.0,Late (30–89 days),73,1,Letter Sent,19571.0,1,3,1,1,0,0,2.020470957613815,1.0274133083411434,29.850046860356137,4,1,2,0.803440265462041,Critical
TCU-01348,Lobatse,LO016,Agriculture Loan,58,Government Employee,8263.0,66500.0,18.76,12,6121.0,2,52779.0,2025-04-06,0.7408,818,0,2.5,1,0,0.0,Defaulted,293,11,Home Visit,24489.0,1,0,1,0,0,0,0.0,0.7407721166646496,8.047924482633427,2,0,1,0.7465696168853714,Critical
TCU-01349,Selebi-Phikwe,LO009,Business Loan,51,Government Employee,10004.0,62900.0,17.77,72,1426.0,4,56987.0,2025-02-11,0.1425,768,0,24.0,0,1,111418.0,Late (30–89 days),75,2,Letter Sent,10925.0,1,1,0,0,0,0,1.7713513513513512,0.14254298280687724,6.287485005997601,4,1,1,0.24652266592028482,Medium Risk
TCU-01350,Francistown,LO020,Business Loan,54,Government Employee,11383.0,274900.0,20.22,84,6141.0,8,218579.0,2024-11-01,0.5395,724,2,19.3,0,1,331758.0,Current,0,0,,0.0,0,2,1,0,1,0,1.2068315751182248,0.5394887112360538,24.150048317666695,0,1,1,0.07484574615496958,Low Risk
TCU-01351,Selebi-Phikwe,LO019,Business Loan,43,Self-Employed,31774.0,65400.0,22.08,72,1646.0,15,46372.0,2024-03-24,0.0518,850,0,16.5,0,0,0.0,Current,0,0,,0.0,0,0,0,0,0,0,0.0,0.051803361238748666,2.058286649461824,4,1,4,0.1153747467685454,Low Risk
TCU-01352,Lobatse,LO001,Business Loan,52,Pensioner,6033.0,144900.0,10.05,48,3679.0,15,97482.0,2024-03-24,0.6098,664,1,6.2,0,1,339478.0,Current,0,0,,0.0,0,3,1,0,0,0,2.3428433402346447,0.6098126968340792,24.01790154152163,2,1,2,0.17578966618019,Low Risk
TCU-01353,Gaborone Main,LO011,Personal Loan,66,Farmer,14558.0,249800.0,20.29,72,6025.0,7,198751.0,2024-11-24,0.4139,760,0,16.9,1,1,397217.0,Early (1–29 days),9,1,,0.0,0,1,0,0,1,0,1.5901401120896717,0.41386179420250035,17.15895040527545,1,4,0,0.20811999327140968,Medium Risk
TCU-01354,Maun,LO019,Agriculture Loan,36,Self-Employed,20382.0,421800.0,21.56,72,10488.0,2,395339.0,2025-04-28,0.5146,850,0,7.2,0,0,0.0,Current,0,0,,0.0,0,0,1,0,1,0,0.0,0.5145716808949072,20.694730644686487,3,0,4,0.17220413345981192,Low Risk
TCU-01355,Maun,LO004,Personal Loan,53,Self-Employed,14879.0,177800.0,9.17,36,5668.0,3,156269.0,2025-03-25,0.3809,816,0,10.7,0,1,229747.0,Current,0,0,,0.0,0,0,0,0,0,0,1.2921653543307086,0.3809395792728006,11.949727804287923,3,4,4,0.06784248577680131,Low Risk
TCU-01356,Lobatse,LO010,Vehicle Loan,59,Self-Employed,18888.0,37400.0,16.0,60,909.0,2,32857.0,2025-04-29,0.0481,850,3,11.2,0,1,51628.0,Current,0,0,,0.0,0,0,0,0,0,0,1.380427807486631,0.04812579415501906,1.9800931808555697,2,5,4,0.12829576088577502,Low Risk
TCU-01357,Lobatse,LO007,Home Loan,32,Farmer,9083.0,194600.0,8.88,24,8880.0,17,53428.0,2024-01-11,0.9777,706,1,10.8,0,0,0.0,Current,0,0,,0.0,0,2,1,0,0,0,0.0,0.9776505559837059,21.42463943630959,2,3,0,0.4171118027529219,Medium Risk
TCU-01358,Selebi-Phikwe,LO003,Business Loan,63,Student,3318.0,119200.0,15.88,60,2891.0,3,111255.0,2025-03-29,0.8713,806,3,13.5,0,1,227938.0,Current,0,0,,0.0,0,0,1,1,0,0,1.912231543624161,0.8713080168776371,35.92525617842074,4,1,5,0.3095160725459442,Medium Risk
TCU-01359,Selebi-Phikwe,LO015,Education Loan,46,Private Sector,10410.0,308000.0,15.38,72,6576.0,15,209276.0,2024-03-28,0.6317,711,0,4.3,0,1,592337.0,Defaulted,175,7,Called,102707.0,1,2,1,0,1,0,1.923172077922078,0.631700288184438,29.58693563880884,4,2,3,0.46153869811961307,High Risk
TCU-01360,Francistown,LO002,Business Loan,34,Student,2255.0,21100.0,12.84,12,1883.0,4,13675.0,2025-02-14,0.835,663,3,25.1,2,1,52209.0,Defaulted,206,3,Letter Sent,7924.0,1,3,1,1,0,0,2.47436018957346,0.8350332594235034,9.356984478935699,0,1,5,0.4533845531714265,High Risk
TCU-01361,Francistown,LO011,Vehicle Loan,63,Private Sector,18904.0,385300.0,17.78,12,35284.0,12,0.0,2024-05-19,1.8665,850,0,23.7,1,1,656091.0,Late (30–89 days),64,2,Letter Sent,0.0,1,0,1,0,1,0,1.7028056060212822,1.8664832839610663,20.381929750317394,0,5,3,0.9638437924803148,Critical
TCU-01362,Gaborone Main,LO019,Agriculture Loan,37,Government Employee,20809.0,392700.0,12.47,36,13132.0,6,325438.0,2024-12-24,0.6311,850,3,16.1,0,1,610614.0,Current,0,0,,0.0,0,0,1,0,1,0,1.5549121466768525,0.6310730933730597,18.87164207794704,1,0,1,0.16586195929786926,Low Risk
TCU-01363,Selebi-Phikwe,LO018,Vehicle Loan,43,Government Employee,17361.0,226100.0,14.65,72,4738.0,12,161342.0,2024-07-03,0.2729,789,0,7.8,0,1,527568.0,Current,0,0,,0.0,0,1,0,0,0,0,2.3333392304290137,0.2729105466274984,13.02344335003744,4,5,1,0.06273631459398818,Low Risk
TCU-01364,Selebi-Phikwe,LO007,Education Loan,57,Farmer,12308.0,240400.0,15.82,60,5823.0,1,206589.0,2025-05-10,0.4731,648,3,15.2,1,0,0.0,Late (30–89 days),49,2,Called,61832.0,1,3,1,0,1,0,0.0,0.47310692232694185,19.532011699707507,4,2,0,0.7360189295913951,Critical
TCU-01365,Selebi-Phikwe,LO019,Vehicle Loan,58,Government Employee,13265.0,6700.0,11.52,24,314.0,18,1542.0,2024-01-07,0.0237,828,0,16.0,0,0,0.0,Late (30–89 days),73,1,,436.0,1,0,0,0,0,0,0.0,0.023671315491895967,0.5050885789672069,4,5,1,0.6356610738492513,High Risk
TCU-01366,Selebi-Phikwe,LO012,Home Loan,22,Government Employee,14232.0,126500.0,16.71,60,3124.0,13,94016.0,2024-05-20,0.2195,745,1,2.1,2,1,129502.0,Early (1–29 days),4,1,,0.0,0,1,0,0,0,0,1.0237312252964428,0.2195053400786959,8.888420460933109,4,3,1,0.20716912942416665,Medium Risk
TCU-01367,Selebi-Phikwe,LO019,Vehicle Loan,44,Private Sector,12069.0,15900.0,21.95,48,501.0,16,9775.0,2024-02-26,0.0415,810,2,28.0,1,1,28205.0,Current,0,0,,0.0,0,0,0,0,0,0,1.7738993710691824,0.04151130996768581,1.3174248073576933,4,5,3,0.17660567841590347,Low Risk
TCU-01368,Lobatse,LO007,Vehicle Loan,37,Student,3372.0,53500.0,20.83,84,1215.0,9,43007.0,2024-09-22,0.3603,633,4,5.0,0,1,67165.0,Current,0,0,,0.0,0,3,0,1,0,0,1.2554205607476636,0.3603202846975089,15.865954922894424,2,5,5,0.12873035685167322,Low Risk
TCU-01369,Selebi-Phikwe,LO001,Personal Loan,61,Student,2777.0,61900.0,16.19,84,1236.0,1,58129.0,2025-05-09,0.4451,736,0,4.4,0,0,0.0,Current,0,0,,0.0,0,2,1,1,0,0,0.0,0.4450846236946345,22.290241267554915,4,4,5,0.34296613137503146,Medium Risk
TCU-01370,Francistown,LO019,Vehicle Loan,36,Student,4446.0,109400.0,21.69,84,2542.0,1,101376.0,2025-05-03,0.5717,677,1,18.0,0,1,261952.0,Current,0,0,,0.0,0,2,1,1,0,0,2.3944424131627056,0.5717498875393612,24.606387764282502,0,5,5,0.27491608535817885,Medium Risk
TCU-01371,Francistown,LO020,Agriculture Loan,26,Farmer,8324.0,34600.0,8.8,84,553.0,2,30403.0,2025-04-22,0.0664,738,3,29.9,3,0,0.0,Current,0,0,,0.0,0,2,0,0,0,0,0.0,0.06643440653531955,4.156655454108602,0,0,0,0.1650015794794454,Low Risk
TCU-01372,Francistown,LO013,Business Loan,59,Farmer,7150.0,98800.0,12.18,12,8787.0,12,0.0,2024-07-01,1.229,725,1,29.3,1,1,154543.0,Late (30–89 days),75,2,Letter Sent,0.0,1,2,1,0,0,0,1.5642004048582996,1.228951048951049,13.818181818181818,0,1,0,0.5354676139947298,High Risk
TCU-01373,Maun,LO007,Agriculture Loan,41,Private Sector,27200.0,313200.0,15.67,48,8823.0,12,220933.0,2024-06-17,0.3244,850,0,27.2,1,0,0.0,Current,0,0,,0.0,0,0,0,0,1,0,0.0,0.324375,11.514705882352942,3,0,3,0.11675378816036842,Low Risk
TCU-01374,Lobatse,LO019,Personal Loan,24,Private Sector,24310.0,455000.0,18.53,72,10514.0,8,351383.0,2024-10-30,0.4325,804,1,26.0,3,0,0.0,Early (1–29 days),3,1,,0.0,0,0,1,0,1,0,0.0,0.43249691484985603,18.71657754010695,2,4,3,0.41029366855799426,Medium Risk
TCU-01375,Maun,LO016,Business Loan,48,Student,3173.0,46900.0,14.79,72,986.0,13,33393.0,2024-05-21,0.3107,681,0,12.7,0,1,98153.0,Current,0,0,,0.0,0,2,0,1,0,0,2.092814498933902,0.3107469271982351,14.780964387015443,3,1,5,0.07240865743384156,Low Risk
TCU-01376,Maun,LO005,Vehicle Loan,25,Government Employee,12109.0,61300.0,15.63,84,1205.0,12,47782.0,2024-07-05,0.0995,761,3,8.1,3,1,108604.0,Current,0,0,,0.0,0,1,0,0,0,0,1.7716802610114193,0.09951275910479808,5.06235031794533,3,5,1,0.3467608492297427,Medium Risk
TCU-01377,Francistown,LO020,Business Loan,55,Self-Employed,11827.0,151300.0,19.92,48,4598.0,7,113021.0,2024-11-09,0.3888,708,2,28.9,0,1,228362.0,Current,0,0,,0.0,0,2,0,0,0,0,1.5093324520819564,0.38877145514500716,12.792762323497083,0,1,4,0.10036301810612479,Low Risk
TCU-01378,Francistown,LO020,Personal Loan,27,Self-Employed,32427.0,385700.0,11.03,36,12633.0,2,349442.0,2025-04-21,0.3896,850,0,10.1,0,1,705327.0,Current,0,0,,0.0,0,0,0,0,1,0,1.8286932849364792,0.38958275511148116,11.894408980170846,0,4,4,0.03763003988440187,Low Risk
TCU-01379,Maun,LO015,Vehicle Loan,25,Farmer,3811.0,53700.0,10.76,60,1161.0,1,46860.0,2025-05-15,0.3046,639,0,28.2,1,1,101504.0,Current,0,0,,0.0,0,3,0,1,0,0,1.8902048417132216,0.30464445027551823,14.090789818945158,3,5,0,0.10241804393177546,Low Risk
TCU-01380,Gaborone Main,LO014,Vehicle Loan,68,Student,4826.0,56900.0,17.35,60,1425.0,11,41629.0,2024-07-20,0.2953,687,0,17.4,0,1,128096.0,Current,0,0,,0.0,0,2,0,1,0,0,2.251247803163445,0.2952755905511811,11.790302527973477,1,5,5,0.10050537112386287,Low Risk
TCU-01381,Francistown,LO017,Vehicle Loan,66,Self-Employed,24086.0,222800.0,12.35,84,3975.0,14,182657.0,2024-04-10,0.165,850,0,10.5,0,0,0.0,Current,0,0,,0.0,0,0,0,0,0,0,0.0,0.16503362949431205,9.250186830523957,0,5,4,0.1101429295330315,Low Risk
TCU-01382,Francistown,LO005,Home Loan,41,Government Employee,20889.0,15700.0,17.34,36,562.0,11,10436.0,2024-07-14,0.0269,850,1,2.1,0,1,37004.0,Current,0,0,,0.0,0,0,0,0,0,0,2.3569426751592357,0.026904112212169085,0.7515917468524104,0,3,1,0.10077935139753079,Low Risk
TCU-01383,Gaborone Main,LO016,Agriculture Loan,42,Government Employee,9526.0,145800.0,21.82,12,13633.0,9,34449.0,2024-09-30,1.4311,719,0,19.6,0,1,201133.0,Late (30–89 days),69,1,Letter Sent,6643.0,1,2,1,0,0,0,1.3795130315500685,1.4311358387570858,15.305479739659878,1,0,1,0.877573097631942,Critical
TCU-01384,Maun,LO008,Education Loan,27,Private Sector,25219.0,165500.0,16.51,60,4070.0,15,121229.0,2024-04-03,0.1614,816,2,22.1,2,0,0.0,Current,0,0,,0.0,0,0,0,0,0,0,0.0,0.16138625639398865,6.56251239145089,3,2,3,0.2942637283279951,Medium Risk
TCU-01385,Maun,LO003,Education Loan,41,Pensioner,8278.0,83100.0,16.21,84,1660.0,7,68839.0,2024-11-17,0.2005,841,0,24.0,0,1,158248.0,Early (1–29 days),26,1,,0.0,0,0,0,0,0,0,1.9043080625752107,0.20053152935491664,10.038656680357574,3,2,2,0.08379783700939795,Low Risk
TCU-01386,Selebi-Phikwe,LO005,Personal Loan,49,Government Employee,19413.0,330300.0,22.32,72,8362.0,3,280331.0,2025-03-18,0.4307,808,0,26.3,0,1,305319.0,Current,0,0,,0.0,0,0,1,0,1,0,0.9243687556766575,0.43074228609694537,17.014371812702827,4,4,1,0.07678250921630916,Low Risk
TCU-01387,Selebi-Phikwe,LO017,Home Loan,57,Student,3837.0,49100.0,22.1,36,1878.0,11,32490.0,2024-07-13,0.4894,686,3,15.4,1,0,0.0,Defaulted,130,7,Home Visit,24185.0,1,2,1,1,0,0,0.0,0.48944487881157156,12.796455564242898,4,3,5,0.814816392190781,Critical
TCU-01388,Gaborone Main,LO007,Education Loan,68,Government Employee,10530.0,233900.0,17.14,60,5831.0,11,163462.0,2024-07-31,0.5538,738,2,26.9,0,1,283773.0,Current,0,0,,0.0,0,2,1,0,1,0,1.2132235998289866,0.5537511870845204,22.21272554605888,1,2,1,0.09690491462578871,Low Risk
TCU-01389,Maun,LO003,Education Loan,67,Pensioner,8904.0,95400.0,17.74,36,3437.0,17,47788.0,2024-02-06,0.386,639,2,16.3,0,1,161303.0,Current,0,0,,0.0,0,3,0,0,0,0,1.6908071278825996,0.3860062893081761,10.714285714285714,3,2,2,0.1366117236788532,Low Risk
TCU-01390,Lobatse,LO004,Agriculture Loan,32,Government Employee,19369.0,226500.0,18.3,48,6689.0,11,157616.0,2024-08-03,0.3453,850,0,14.3,0,0,0.0,Current,0,0,,0.0,0,0,0,0,0,0,0.0,0.34534565542877793,11.693943931023801,2,0,1,0.09169200622703806,Low Risk
TCU-01391,Selebi-Phikwe,LO017,Education Loan,47,Pensioner,7504.0,135700.0,18.44,36,4936.0,8,99332.0,2024-10-17,0.6578,743,0,11.9,0,1,208860.0,Current,0,0,,0.0,0,1,1,0,0,0,1.5391304347826087,0.6577825159914712,18.08368869936034,4,2,2,0.1603087103105631,Low Risk
TCU-01392,Maun,LO016,Personal Loan,26,Pensioner,4504.0,47400.0,13.94,60,1101.0,5,42284.0,2025-01-09,0.2444,717,0,9.5,2,1,41853.0,Current,0,0,,0.0,0,2,0,1,0,0,0.8829746835443038,0.244449378330373,10.52397868561279,3,4,2,0.277007321916939,Medium Risk
TCU-01393,Gaborone Main,LO005,Home Loan,31,Government Employee,16997.0,217100.0,20.26,24,11077.0,10,122283.0,2024-09-02,0.6517,768,0,20.5,0,1,379329.0,Current,0,0,,0.0,0,1,1,0,0,0,1.7472547213265777,0.6517032417485439,12.772842266282286,1,3,1,0.10169115725892448,Low Risk
TCU-01394,Maun,LO018,Vehicle Loan,28,Self-Employed,28239.0,40900.0,12.57,12,3645.0,12,0.0,2024-05-21,0.1291,828,4,9.1,0,0,0.0,Current,0,0,,0.0,0,0,0,0,0,0,0.0,0.1290768086688622,1.4483515705230354,3,5,4,0.09865805797523931,Low Risk
TCU-01395,Gaborone Main,LO019,Education Loan,54,Student,4714.0,115500.0,16.19,72,2518.0,2,99438.0,2025-04-14,0.5342,678,0,12.1,0,0,0.0,Current,0,0,,0.0,0,2,1,1,0,0,0.0,0.5341535850657616,24.50148493848112,1,2,5,0.31786584741363433,Medium Risk
TCU-01396,Gaborone Main,LO001,Education Loan,64,Government Employee,9351.0,33700.0,13.26,24,1606.0,17,9080.0,2024-01-19,0.1717,775,4,8.7,0,0,0.0,Current,0,0,,0.0,0,1,0,0,0,0,0.0,0.1717463372901294,3.603892631804085,1,2,1,0.13766927530326797,Low Risk
TCU-01397,Francistown,LO017,Education Loan,48,Farmer,8958.0,21500.0,17.89,48,630.0,12,14058.0,2024-06-09,0.0703,799,1,2.1,0,1,21938.0,Current,0,0,,0.0,0,1,0,0,0,0,1.0203720930232558,0.07032819825853985,2.4000893056485824,0,2,0,0.10352792123612567,Low Risk
TCU-01398,Gaborone Main,LO006,Home Loan,51,Farmer,3946.0,58400.0,9.17,36,1862.0,14,35277.0,2024-04-14,0.4719,783,3,5.4,1,0,0.0,Defaulted,125,9,SMS Sent,20501.0,1,1,1,1,0,0,0.0,0.4718702483527623,14.799797263051191,1,3,0,0.557259231473518,High Risk
TCU-01399,Gaborone Main,LO006,Business Loan,67,Pensioner,7475.0,124500.0,20.46,48,3819.0,17,75385.0,2024-02-04,0.5109,735,0,4.6,0,1,216358.0,Current,0,0,,0.0,0,2,1,0,0,0,1.7378152610441766,0.5109030100334448,16.65551839464883,1,1,2,0.07689162364762082,Low Risk
TCU-01400,Francistown,LO006,Home Loan,31,Government Employee,19799.0,186900.0,21.46,24,9646.0,15,62143.0,2024-03-13,0.4872,842,1,14.1,0,1,449146.0,Current,0,0,,0.0,0,0,1,0,0,0,2.4031353665061532,0.48719632304661853,9.439870700540432,0,3,1,0.08733746505504675,Low Risk
TCU-01401,Francistown,LO013,Agriculture Loan,24,Student,2832.0,15800.0,12.59,12,1408.0,9,3754.0,2024-09-11,0.4972,582,0,13.9,1,1,26107.0,Late (30–89 days),36,1,Home Visit,1064.0,1,3,1,1,0,0,1.6523417721518987,0.4971751412429379,5.5790960451977405,0,0,5,0.6864809959356667,High Risk
TCU-01402,Lobatse,LO005,Home Loan,64,Student,4042.0,61900.0,20.54,36,2317.0,16,34228.0,2024-03-05,0.5732,756,0,2.8,0,0,0.0,Late (30–89 days),84,1,Letter Sent,6093.0,1,1,1,1,0,0,0.0,0.5732310737258782,15.314200890648195,2,3,5,0.7336081117872351,Critical
TCU-01403,Francistown,LO006,Home Loan,27,Student,3727.0,63400.0,8.53,36,2002.0,2,51242.0,2025-04-06,0.5372,645,2,23.9,1,0,0.0,Late (30–89 days),82,2,SMS Sent,11870.0,1,3,1,1,0,0,0.0,0.5371612557016368,17.01100080493695,0,3,5,0.7533755800637555,Critical
TCU-01404,Gaborone Main,LO009,Home Loan,23,Private Sector,24310.0,160800.0,10.44,84,2706.0,13,124859.0,2024-06-05,0.1113,847,1,14.4,0,1,327002.0,Current,0,0,,0.0,0,0,0,0,0,0,2.033594527363184,0.11131221719457013,6.614561908679556,1,3,3,0.10503102342224502,Low Risk
TCU-01405,Maun,LO020,Agriculture Loan,50,Self-Employed,24902.0,265000.0,8.56,24,12053.0,9,155898.0,2024-09-09,0.484,850,4,18.6,0,0,0.0,Early (1–29 days),13,1,,0.0,0,0,1,0,1,0,0.0,0.4840173480041764,10.64171552485744,3,0,4,0.16168558661642984,Low Risk
TCU-01406,Francistown,LO014,Vehicle Loan,23,Private Sector,14414.0,352900.0,17.13,36,12605.0,1,339261.0,2025-05-15,0.8745,688,0,3.1,1,1,880121.0,Current,0,0,,0.0,0,2,1,0,1,0,2.4939671294984413,0.8744970167892326,24.483141390314973,0,5,3,0.32156544168650014,Medium Risk
TCU-01407,Maun,LO008,Vehicle Loan,28,Private Sector,6899.0,11600.0,12.85,36,390.0,4,9482.0,2025-02-13,0.0565,657,2,19.3,1,0,0.0,Current,0,0,,0.0,0,3,0,0,0,0,0.0,0.05652993187418467,1.681403101898826,3,5,3,0.23228156493200175,Medium Risk
TCU-01408,Selebi-Phikwe,LO004,Personal Loan,63,Private Sector,29717.0,230700.0,15.76,84,4551.0,15,173714.0,2024-03-14,0.1531,850,3,23.1,0,1,409725.0,Current,0,0,,0.0,0,0,0,0,1,0,1.7760078023407022,0.15314466467005416,7.763233166201164,4,4,3,0.12003163623553245,Low Risk
TCU-01409,Lobatse,LO004,Personal Loan,24,Farmer,14179.0,26600.0,19.4,48,801.0,16,17714.0,2024-02-23,0.0565,743,3,8.4,0,0,0.0,Current,0,0,,0.0,0,1,0,0,0,0,0.0,0.05649199520417519,1.8760138232597503,2,4,0,0.07947368293129106,Low Risk
TCU-01410,Francistown,LO008,Business Loan,50,Self-Employed,27961.0,333500.0,19.82,72,7954.0,6,277003.0,2024-12-16,0.2845,850,0,17.2,0,0,0.0,Current,0,0,,0.0,0,0,0,0,1,0,0.0,0.2844676513715532,11.927327348807268,0,1,4,0.06491622008076414,Low Risk
TCU-01411,Gaborone Main,LO010,Education Loan,37,Government Employee,19810.0,94200.0,18.21,36,3415.0,10,65169.0,2024-08-07,0.1724,797,1,19.6,0,1,148132.0,Current,0,0,,0.0,0,1,0,0,0,0,1.5725265392781316,0.1723876829883897,4.755174154467441,1,2,1,0.1168137025603443,Low Risk
TCU-01412,Maun,LO017,Vehicle Loan,66,Private Sector,23224.0,373200.0,20.79,84,8466.0,6,338527.0,2024-12-23,0.3645,772,0,10.2,0,0,0.0,Current,0,0,,0.0,0,1,0,0,1,0,0.0,0.36453668618670343,16.06958318980365,3,5,3,0.06251169287062823,Low Risk
TCU-01413,Gaborone Main,LO009,Agriculture Loan,57,Farmer,3939.0,46900.0,17.44,84,970.0,13,39015.0,2024-05-07,0.2463,627,1,1.5,0,1,88634.0,Current,0,0,,0.0,0,3,0,1,0,1,1.8898507462686567,0.24625539477024624,11.906575272911907,1,0,0,0.29223751441178253,Medium Risk
TCU-01414,Gaborone Main,LO004,Vehicle Loan,60,Private Sector,9270.0,84800.0,17.61,60,2135.0,11,68573.0,2024-07-11,0.2303,778,0,8.3,0,1,153259.0,Current,0,0,,0.0,0,1,0,0,0,0,1.807299528301887,0.23031283710895362,9.147788565264294,1,5,3,0.09931627582859305,Low Risk
TCU-01415,Maun,LO012,Vehicle Loan,40,Student,1517.0,41500.0,12.18,72,815.0,13,31331.0,2024-05-15,0.5372,665,1,12.2,2,0,0.0,Defaulted,254,5,,21053.0,1,3,1,1,0,0,0.0,0.5372445616348055,27.356624917600527,3,5,5,0.8240902934634643,Critical
TCU-01416,Gaborone Main,LO020,Business Loan,25,Self-Employed,18019.0,16800.0,9.74,84,277.0,14,13301.0,2024-04-23,0.0154,763,2,3.0,0,1,15451.0,Current,0,0,,0.0,0,1,0,0,0,0,0.919702380952381,0.01537266218991065,0.9323491869693101,1,1,4,0.11236772347894744,Low Risk
TCU-01417,Lobatse,LO017,Personal Loan,38,Student,1988.0,10800.0,9.23,72,196.0,13,8392.0,2024-05-23,0.0986,692,1,11.6,0,1,21132.0,Current,0,0,,0.0,0,2,0,1,0,0,1.9566666666666668,0.09859154929577464,5.4325955734406435,2,4,5,0.2152457154152639,Medium Risk
TCU-01418,Francistown,LO007,Agriculture Loan,47,Farmer,14186.0,58500.0,12.57,12,5213.0,1,51021.0,2025-05-20,0.3675,850,3,14.3,0,0,0.0,Current,0,0,,0.0,0,0,0,0,0,0,0.0,0.36747497532778794,4.123784012406598,0,0,0,0.13948390641073125,Low Risk
TCU-01419,Selebi-Phikwe,LO003,Education Loan,42,Student,1985.0,74000.0,16.72,24,3649.0,13,28936.0,2024-05-23,1.8383,665,2,12.2,0,1,67142.0,Current,0,0,,0.0,0,3,1,1,0,0,0.9073243243243243,1.838287153652393,37.27959697732997,4,2,5,0.5124908651111006,High Risk
TCU-01420,Francistown,LO014,Home Loan,23,Private Sector,24350.0,221000.0,12.2,60,4938.0,11,161989.0,2024-07-12,0.2028,850,1,17.9,0,1,279710.0,Current,0,0,,0.0,0,0,0,0,0,0,1.265656108597285,0.20279260780287475,9.075975359342916,0,3,3,0.06914156949406927,Low Risk
TCU-01421,Lobatse,LO008,Agriculture Loan,64,Government Employee,11055.0,213400.0,16.77,72,4720.0,4,195651.0,2025-02-15,0.427,826,3,7.6,0,0,0.0,Current,0,0,,0.0,0,0,0,0,0,0,0.0,0.42695612844866576,19.303482587064675,2,0,1,0.1415978428283862,Low Risk
TCU-01422,Francistown,LO020,Vehicle Loan,33,Self-Employed,31418.0,343500.0,12.82,24,16302.0,3,290046.0,2025-03-15,0.5189,850,2,13.3,0,0,0.0,Current,0,0,,0.0,0,0,1,0,1,0,0.0,0.5188745305239035,10.933222993188618,0,5,4,0.1457126670705854,Low Risk
TCU-01423,Selebi-Phikwe,LO009,Personal Loan,36,Government Employee,18285.0,163600.0,16.25,12,14863.0,6,73423.0,2024-12-07,0.8129,759,2,2.1,0,1,378067.0,Current,0,0,,0.0,0,1,1,0,0,0,2.3109229828850855,0.8128520645337709,8.947224500957068,4,4,1,0.2319552472392579,Medium Risk
TCU-01424,Maun,LO019,Personal Loan,25,Private Sector,22514.0,207900.0,23.3,24,10919.0,2,166800.0,2025-04-24,0.485,850,1,26.6,3,1,174268.0,Defaulted,255,11,Legal Notice,89010.0,1,0,1,0,0,0,0.8382299182299182,0.4849871191258772,9.234254241805099,3,4,3,0.692259116793493,High Risk
TCU-01425,Lobatse,LO011,Home Loan,22,Private Sector,21789.0,475900.0,15.76,24,23247.0,2,434290.0,2025-04-11,1.0669,829,2,29.3,1,1,660852.0,Current,0,0,,0.0,0,0,1,0,1,0,1.3886362681235553,1.066914498141264,21.841296066822707,2,3,3,0.4231188662359461,Medium Risk
TCU-01426,Maun,LO003,Personal Loan,68,Farmer,3773.0,135400.0,23.43,48,4372.0,17,77194.0,2024-01-13,1.1588,691,1,4.9,0,0,0.0,Late (30–89 days),36,1,Legal Notice,14759.0,1,2,1,1,0,0,0.0,1.1587596077391995,35.88656241717466,3,4,0,0.8181236061804802,Critical
TCU-01427,Francistown,LO007,Business Loan,40,Student,1607.0,5600.0,14.67,24,271.0,17,1570.0,2024-02-02,0.1686,618,4,19.0,3,0,0.0,Late (30–89 days),88,1,SMS Sent,471.0,1,3,0,1,0,0,0.0,0.1686372121966397,3.4847542003733665,0,1,5,0.8327333129419168,Critical
TCU-01428,Lobatse,LO017,Business Loan,52,Student,1791.0,18200.0,15.11,36,632.0,8,13189.0,2024-10-24,0.3529,676,0,0.6,0,1,28458.0,Defaulted,241,5,Letter Sent,8509.0,1,2,0,1,0,1,1.5636263736263736,0.3528754885538805,10.161920714684534,2,1,5,0.7302462938118616,Critical
TCU-01429,Selebi-Phikwe,LO006,Vehicle Loan,65,Government Employee,18422.0,444600.0,18.25,36,16129.0,15,226556.0,2024-03-08,0.8755,850,0,20.7,0,0,0.0,Late (30–89 days),37,2,Letter Sent,61659.0,1,0,1,0,1,0,0.0,0.8755292584952774,24.13418738464879,4,5,1,0.7151181180733177,Critical
TCU-01430,Francistown,LO014,Business Loan,67,Private Sector,10992.0,35600.0,8.67,48,880.0,13,22567.0,2024-05-17,0.0801,746,0,5.0,0,1,71170.0,Current,0,0,,0.0,0,1,0,0,0,0,1.9991573033707866,0.08005822416302766,3.2387190684133915,0,1,3,0.10640058929793,Low Risk
TCU-01431,Francistown,LO015,Home Loan,62,Self-Employed,33048.0,490400.0,20.4,24,25055.0,17,140126.0,2024-01-31,0.7581,850,0,4.2,1,0,0.0,Current,0,0,,0.0,0,0,1,0,1,0,0.0,0.7581396756233357,14.839022028564512,0,3,4,0.25807531650632337,Medium Risk
TCU-01432,Gaborone Main,LO008,Business Loan,65,Self-Employed,34893.0,142800.0,12.42,12,12716.0,4,82342.0,2025-02-02,0.3644,850,0,17.6,0,0,0.0,Current,0,0,,0.0,0,0,0,0,0,0,0.0,0.3644283953801622,4.092511391969736,1,1,4,0.0841807006674755,Low Risk
TCU-01433,Maun,LO004,Vehicle Loan,23,Government Employee,14923.0,242000.0,21.37,24,12479.0,18,56746.0,2024-01-04,0.8362,742,0,24.6,0,0,0.0,Current,0,0,,0.0,0,1,1,0,1,0,0.0,0.8362259599276285,16.216578435971318,3,5,1,0.22445312171177606,Medium Risk
TCU-01434,Francistown,LO004,Home Loan,28,Student,4428.0,65000.0,19.32,72,1531.0,12,47124.0,2024-06-15,0.3458,685,2,16.8,0,1,112581.0,Current,0,0,,0.0,0,2,0,1,0,0,1.7320153846153845,0.3457542908762421,14.679313459801264,0,3,5,0.10123895403980838,Low Risk
TCU-01435,Maun,LO002,Agriculture Loan,37,Self-Employed,34630.0,497600.0,11.2,36,16338.0,11,324605.0,2024-07-22,0.4718,850,0,10.2,0,1,826574.0,Current,0,0,,0.0,0,0,1,0,1,0,1.661121382636656,0.4717874675137164,14.369044181345654,3,0,4,0.04300803641141196,Low Risk
TCU-01436,Lobatse,LO006,Vehicle Loan,56,Pensioner,4242.0,31000.0,16.74,12,2824.0,10,4407.0,2024-08-31,0.6657,718,3,11.1,2,0,0.0,Current,0,0,,0.0,0,2,1,1,0,0,0.0,0.6657237152286657,7.307873644507308,2,5,2,0.5846995163206016,High Risk
TCU-01437,Selebi-Phikwe,LO003,Home Loan,29,Pensioner,8961.0,93200.0,22.34,36,3576.0,7,74623.0,2024-12-02,0.3991,713,0,26.4,0,0,0.0,Current,0,0,,0.0,0,2,0,0,0,0,0.0,0.3990626046200201,10.40062493025332,4,3,2,0.11210100941678927,Low Risk
TCU-01438,Lobatse,LO003,Personal Loan,53,Pensioner,8084.0,322200.0,20.86,24,16534.0,17,89868.0,2024-01-19,2.0453,655,2,14.3,3,1,394758.0,Late (30–89 days),35,2,Legal Notice,8999.0,1,3,1,0,1,0,1.225195530726257,2.0,39.856506679861454,2,4,2,0.9549284895391493,Critical
TCU-01439,Lobatse,LO015,Personal Loan,44,Pensioner,8788.0,52000.0,22.89,24,2721.0,12,22554.0,2024-07-04,0.3096,748,1,23.4,0,0,0.0,Current,0,0,,0.0,0,1,0,0,0,0,0.0,0.3096267637687756,5.9171597633136095,2,4,2,0.09172883879749491,Low Risk
TCU-01440,Lobatse,LO019,Education Loan,26,Private Sector,20081.0,8500.0,23.82,48,276.0,8,6436.0,2024-10-14,0.0137,850,0,3.9,0,0,0.0,Current,0,0,,0.0,0,0,0,0,0,0,0.0,0.013744335441462079,0.4232856929435785,2,2,3,0.12894365082076087,Low Risk
TCU-01441,Selebi-Phikwe,LO004,Agriculture Loan,60,Private Sector,27753.0,200000.0,9.25,84,3243.0,10,155345.0,2024-08-13,0.1169,850,3,20.5,2,1,284268.0,Current,0,0,,0.0,0,0,0,0,0,0,1.42134,0.11685223219111447,7.206428133895435,4,0,3,0.19635632862680474,Low Risk
TCU-01442,Lobatse,LO004,Education Loan,54,Farmer,12276.0,65200.0,17.42,48,1896.0,9,45435.0,2024-09-05,0.1544,697,3,17.3,0,1,107186.0,Current,0,0,,0.0,0,2,0,0,0,0,1.643957055214724,0.1544477028347996,5.311176278918214,2,2,0,0.14656572816581917,Low Risk
TCU-01443,Maun,LO009,Home Loan,68,Student,3119.0,93100.0,21.98,36,3555.0,8,62748.0,2024-10-10,1.1398,787,1,24.9,1,1,175812.0,Late (30–89 days),44,2,Letter Sent,18332.0,1,1,1,1,0,0,1.888421052631579,1.1397883937159345,29.849310676498877,3,3,5,0.9017449588756186,Critical
TCU-01444,Selebi-Phikwe,LO001,Agriculture Loan,58,Government Employee,12405.0,198100.0,16.49,60,4869.0,6,177081.0,2024-12-03,0.3925,780,1,25.9,1,1,362553.0,Current,0,0,,0.0,0,1,0,0,0,0,1.8301514386673396,0.39250302297460704,15.969367190648931,4,0,1,0.25799041704335435,Medium Risk
TCU-01445,Lobatse,LO008,Agriculture Loan,42,Farmer,8963.0,238700.0,17.06,48,6895.0,1,217118.0,2025-05-03,0.7693,771,0,1.6,1,0,0.0,Defaulted,316,4,Home Visit,165632.0,1,1,1,0,1,1,0.0,0.7692736806872699,26.631708133437463,2,0,0,0.7510223696540801,Critical
TCU-01446,Gaborone Main,LO007,Home Loan,51,Farmer,10891.0,6000.0,16.37,24,295.0,4,4688.0,2025-02-01,0.0271,765,0,6.3,1,1,4939.0,Current,0,0,,0.0,0,1,0,0,0,0,0.8231666666666667,0.02708658525387935,0.5509135983839868,1,3,0,0.14458539073587123,Low Risk
TCU-01447,Lobatse,LO011,Agriculture Loan,43,Private Sector,24380.0,116000.0,20.36,24,5924.0,4,86735.0,2025-02-06,0.243,850,1,21.5,1,1,181637.0,Current,0,0,,0.0,0,0,0,0,0,0,1.5658362068965517,0.24298605414273994,4.7579983593109105,2,0,3,0.20437746227121592,Medium Risk
TCU-01448,Maun,LO016,Vehicle Loan,30,Private Sector,7796.0,132100.0,22.24,60,3667.0,9,107407.0,2024-09-05,0.4704,731,0,10.7,0,0,0.0,Early (1–29 days),4,1,,0.0,0,2,1,0,0,0,0.0,0.4703694202154951,16.944586967675733,3,5,3,0.2068508973741407,Medium Risk
TCU-01449,Gaborone Main,LO007,Vehicle Loan,52,Self-Employed,39078.0,467000.0,14.09,36,15981.0,2,427771.0,2025-04-26,0.409,850,1,7.9,0,1,877621.0,Current,0,0,,0.0,0,0,0,0,1,0,1.87927408993576,0.4089513281130048,11.95045805824249,1,5,4,0.06036504488689534,Low Risk
TCU-01450,Gaborone Main,LO015,Agriculture Loan,48,Self-Employed,18588.0,88600.0,10.82,60,1918.0,10,70026.0,2024-08-30,0.1032,850,1,11.3,0,1,175557.0,Late (30–89 days),46,2,Letter Sent,13475.0,1,0,0,0,0,0,1.9814559819413093,0.10318485044114482,4.7665160318485045,1,0,4,0.27116653421726633,Medium Risk
TCU-01451,Gaborone Main,LO005,Vehicle Loan,59,Self-Employed,11641.0,6800.0,16.23,84,136.0,7,6161.0,2024-11-15,0.0117,808,1,25.8,0,0,0.0,Current,0,0,,0.0,0,0,0,0,0,0,0.0,0.011682845116398935,0.5841422558199467,1,5,4,0.22235410085728902,Medium Risk
TCU-01452,Francistown,LO008,Vehicle Loan,23,Pensioner,7393.0,275900.0,21.44,48,8609.0,17,156369.0,2024-01-18,1.1645,760,1,4.9,0,1,378858.0,Defaulted,143,10,SMS Sent,116959.0,1,1,1,0,1,0,1.3731714389271474,1.1644799134316246,37.31908562153389,0,5,2,0.8456063694551017,Critical
TCU-01453,Selebi-Phikwe,LO001,Agriculture Loan,49,Student,1735.0,9000.0,9.1,24,412.0,11,4329.0,2024-08-01,0.2375,620,1,26.9,2,1,18340.0,Late (30–89 days),45,1,,1069.0,1,3,0,1,0,0,2.037777777777778,0.23746397694524496,5.187319884726225,4,0,5,0.7986344422095715,Critical
TCU-01454,Lobatse,LO006,Education Loan,26,Student,4720.0,117600.0,10.24,84,1967.0,6,96495.0,2024-12-11,0.4167,612,1,5.2,2,1,105206.0,Current,0,0,,0.0,0,3,0,1,0,0,0.894608843537415,0.41673728813559324,24.915254237288135,2,2,5,0.16388235426748957,Low Risk
TCU-01455,Selebi-Phikwe,LO009,Business Loan,63,Farmer,8448.0,37300.0,17.17,48,1080.0,3,33863.0,2025-03-31,0.1278,850,0,6.2,0,0,0.0,Early (1–29 days),3,1,,0.0,0,0,0,0,0,0,0.0,0.1278409090909091,4.415246212121212,4,1,0,0.11278082783123056,Low Risk
TCU-01456,Lobatse,LO018,Personal Loan,32,Farmer,13818.0,208700.0,14.17,60,4874.0,7,160497.0,2024-11-27,0.3527,669,3,15.0,0,0,0.0,Current,0,0,,0.0,0,3,0,0,0,0,0.0,0.35272832537270227,15.103488203792155,2,4,0,0.17619590734620938,Low Risk
TCU-01457,Francistown,LO009,Home Loan,38,Farmer,5123.0,69100.0,15.72,36,2420.0,2,60316.0,2025-04-25,0.4724,722,1,24.4,0,1,92645.0,Early (1–29 days),14,1,,0.0,0,2,1,0,0,0,1.340738060781476,0.47237946515713447,13.488190513371071,0,3,0,0.08805546937527171,Low Risk
TCU-01458,Lobatse,LO017,Education Loan,27,Private Sector,20560.0,80800.0,13.25,48,2178.0,16,52215.0,2024-03-03,0.1059,789,0,24.0,0,1,163478.0,Current,0,0,,0.0,0,1,0,0,0,0,2.023242574257426,0.10593385214007782,3.9299610894941632,2,2,3,0.11216698033618938,Low Risk
TCU-01459,Gaborone Main,LO011,Business Loan,50,Government Employee,22717.0,174500.0,15.08,36,6056.0,5,144147.0,2025-01-31,0.2666,825,2,2.7,1,0,0.0,Current,0,0,,0.0,0,0,0,0,0,0,0.0,0.2665844961922789,7.68147202535546,1,1,1,0.30710531960050264,Medium Risk
TCU-01460,Gaborone Main,LO005,Vehicle Loan,58,Self-Employed,24975.0,62500.0,11.2,84,1077.0,9,48551.0,2024-09-25,0.0431,850,1,7.5,0,0,0.0,Early (1–29 days),19,1,,0.0,0,0,0,0,0,0,0.0,0.04312312312312312,2.5025025025025025,1,5,4,0.09661947470222536,Low Risk
TCU-01461,Lobatse,LO018,Agriculture Loan,60,Government Employee,12449.0,72400.0,22.93,12,6809.0,2,51294.0,2025-04-27,0.547,704,1,26.2,0,1,116942.0,Early (1–29 days),27,1,,0.0,0,2,1,0,0,0,1.6152209944751381,0.5469515623744879,5.815728170937425,2,0,1,0.16059465068931503,Low Risk
TCU-01462,Maun,LO008,Business Loan,40,Government Employee,15219.0,183200.0,15.36,48,5132.0,2,167650.0,2025-04-08,0.3372,779,1,9.2,0,1,450041.0,Current,0,0,,0.0,0,1,0,0,0,0,2.456555676855895,0.3372100663644129,12.037584598199619,3,1,1,0.09336788565058805,Low Risk
TCU-01463,Selebi-Phikwe,LO002,Personal Loan,22,Government Employee,16438.0,18900.0,11.24,36,621.0,16,9159.0,2024-02-19,0.0378,725,0,23.0,0,0,0.0,Early (1–29 days),22,1,,0.0,0,2,0,0,0,0,0.0,0.03777831853023482,1.1497749117897555,4,4,1,0.10581118762035549,Low Risk
TCU-01464,Selebi-Phikwe,LO012,Education Loan,33,Pensioner,8743.0,166400.0,18.95,72,3885.0,6,144297.0,2024-12-07,0.4444,642,3,13.0,0,0,0.0,Current,0,0,,0.0,0,3,1,0,0,0,0.0,0.44435548438751,19.032368752144574,4,2,2,0.18685063275870706,Low Risk
TCU-01465,Francistown,LO013,Agriculture Loan,32,Self-Employed,28415.0,372300.0,18.87,24,18744.0,16,110721.0,2024-02-27,0.6597,850,2,6.7,0,0,0.0,Current,0,0,,0.0,0,0,1,0,1,0,0.0,0.6596515924687665,13.102234735175083,0,0,4,0.16236340561769422,Low Risk
TCU-01466,Selebi-Phikwe,LO020,Business Loan,34,Private Sector,26842.0,399100.0,14.63,60,9417.0,2,349878.0,2025-04-03,0.3508,850,0,20.4,0,0,0.0,Current,0,0,,0.0,0,0,0,0,1,0,0.0,0.350830787571716,14.868489680351688,4,1,3,0.08854716610190277,Low Risk
TCU-01467,Maun,LO020,Agriculture Loan,27,Farmer,3557.0,30100.0,19.72,60,793.0,15,20120.0,2024-03-21,0.2229,631,0,28.7,1,1,32826.0,Current,0,0,,0.0,0,3,0,1,0,0,1.090564784053156,0.22294068034860837,8.462187236435199,3,0,0,0.11312732031848595,Low Risk
TCU-01468,Gaborone Main,LO019,Education Loan,38,Self-Employed,24792.0,95400.0,14.3,24,4594.0,7,58912.0,2024-11-20,0.1853,850,1,17.9,0,1,188463.0,Current,0,0,,0.0,0,0,0,0,0,0,1.975503144654088,0.18530171022910616,3.8480154888673765,1,2,4,0.1060432962998055,Low Risk
TCU-01469,Lobatse,LO009,Vehicle Loan,66,Government Employee,19516.0,306800.0,18.86,72,7147.0,7,260207.0,2024-11-25,0.3662,850,0,17.5,0,0,0.0,Current,0,0,,0.0,0,0,0,0,1,0,0.0,0.3662123385939742,15.720434515269522,2,5,1,0.09285751347581166,Low Risk
TCU-01470,Maun,LO018,Personal Loan,34,Student,4572.0,13800.0,18.68,48,410.0,9,9791.0,2024-09-28,0.0897,647,1,28.5,0,1,18898.0,Current,0,0,,0.0,0,3,0,1,0,0,1.3694202898550725,0.08967629046369203,3.0183727034120733,3,4,5,0.08937696383373447,Low Risk
TCU-01471,Selebi-Phikwe,LO018,Personal Loan,58,Pensioner,8310.0,13800.0,20.26,36,515.0,2,12978.0,2025-04-26,0.062,751,0,9.5,0,1,16856.0,Current,0,0,,0.0,0,1,0,0,0,0,1.2214492753623187,0.06197352587244284,1.660649819494585,4,4,2,0.11463836146559926,Low Risk
TCU-01472,Selebi-Phikwe,LO006,Personal Loan,38,Student,2418.0,10700.0,13.71,12,959.0,8,3216.0,2024-10-04,0.3966,753,0,25.0,0,1,25708.0,Current,0,0,,0.0,0,1,0,1,0,0,2.4026168224299065,0.39660876757650954,4.425144747725393,4,4,5,0.07582798263809395,Low Risk
TCU-01473,Lobatse,LO018,Education Loan,61,Farmer,8532.0,75900.0,13.61,36,2580.0,2,69087.0,2025-04-07,0.3024,806,0,27.6,2,1,181443.0,Current,0,0,,0.0,0,0,0,0,0,0,2.3905533596837945,0.30239099859353025,8.89592123769339,2,2,0,0.2841160693003337,Medium Risk
TCU-01474,Maun,LO020,Vehicle Loan,22,Student,2137.0,41900.0,9.49,72,765.0,11,31511.0,2024-08-01,0.358,612,3,15.7,0,1,53379.0,Current,0,0,,0.0,0,3,0,1,0,0,1.2739618138424822,0.35797847449695835,19.60692559663079,3,5,5,0.13782051301586942,Low Risk
TCU-01475,Selebi-Phikwe,LO012,Vehicle Loan,60,Private Sector,8852.0,381700.0,14.85,84,7333.0,4,316417.0,2025-02-15,0.8284,850,3,2.3,2,1,731831.0,Late (30–89 days),31,2,SMS Sent,108199.0,1,0,1,0,1,0,1.9172936861409484,0.8284003615002259,43.12019882512426,4,5,3,0.8091702005215714,Critical
TCU-01476,Francistown,LO005,Vehicle Loan,46,Government Employee,18806.0,110000.0,11.8,48,2886.0,12,80129.0,2024-06-29,0.1535,850,3,21.6,2,1,165391.0,Late (30–89 days),59,2,SMS Sent,16394.0,1,0,0,0,0,0,1.5035545454545454,0.15346166117196638,5.849197064766564,0,5,1,0.564251227796596,High Risk
TCU-01477,Gaborone Main,LO007,Education Loan,28,Private Sector,22765.0,424500.0,17.14,48,12280.0,16,279017.0,2024-02-18,0.5394,794,3,10.7,1,1,629227.0,Current,0,0,,0.0,0,1,1,0,1,0,1.4822779740871614,0.5394245552383045,18.647045903799693,1,2,3,0.28050951202173663,Medium Risk
TCU-01478,Lobatse,LO001,Business Loan,40,Government Employee,18684.0,263500.0,13.75,12,23628.0,12,0.0,2024-06-24,1.2646,849,1,16.4,0,1,625300.0,Current,0,0,,0.0,0,0,1,0,1,0,2.373055028462998,1.26461143224149,14.10297580817812,2,1,1,0.5384999181188429,High Risk
TCU-01479,Lobatse,LO010,Business Loan,67,Pensioner,7221.0,316100.0,21.53,36,11995.0,2,293319.0,2025-04-04,1.6611,753,0,7.0,0,0,0.0,Current,0,0,,0.0,0,1,1,0,1,0,0.0,1.6611272676914555,43.77510040160642,2,1,2,0.4014476951044126,Medium Risk
TCU-01480,Francistown,LO006,Personal Loan,68,Private Sector,10992.0,118800.0,15.27,36,4134.0,13,73482.0,2024-05-09,0.3761,817,3,22.6,0,1,285840.0,Current,0,0,,0.0,0,0,0,0,0,0,2.4060606060606062,0.37609170305676853,10.807860262008735,0,4,3,0.10687102446369712,Low Risk
TCU-01481,Selebi-Phikwe,LO013,Personal Loan,31,Pensioner,8334.0,75800.0,22.65,48,2415.0,10,58489.0,2024-08-19,0.2898,678,2,12.5,0,1,89229.0,Current,0,0,,0.0,0,2,0,0,0,0,1.1771635883905014,0.28977681785457166,9.095272378209744,4,4,2,0.1496507498499078,Low Risk
TCU-01482,Maun,LO016,Business Loan,62,Student,2697.0,18200.0,18.58,84,389.0,2,16433.0,2025-04-08,0.1442,716,2,1.6,0,1,30981.0,Early (1–29 days),5,1,,0.0,0,2,0,1,0,1,1.7022527472527473,0.14423433444568037,6.748238783833889,3,1,5,0.2024447176401303,Medium Risk
TCU-01483,Francistown,LO006,Education Loan,51,Private Sector,14265.0,226800.0,22.63,36,8736.0,12,146407.0,2024-06-16,0.6124,850,0,10.6,0,1,414176.0,Current,0,0,,0.0,0,0,1,0,0,0,1.826172839506173,0.6124079915878023,15.899053627760253,0,2,3,0.13460774385209834,Low Risk
TCU-01484,Gaborone Main,LO010,Personal Loan,50,Farmer,4248.0,71300.0,21.73,12,6664.0,5,40274.0,2025-01-03,1.5687,723,1,23.6,0,0,0.0,Late (30–89 days),83,2,SMS Sent,7855.0,1,2,1,1,0,0,0.0,1.5687382297551788,16.784369114877588,1,4,0,0.9089051851320197,Critical
TCU-01485,Lobatse,LO009,Agriculture Loan,41,Self-Employed,28161.0,118000.0,11.4,24,5522.0,15,44017.0,2024-03-13,0.1961,850,0,16.3,2,1,96520.0,Current,0,0,,0.0,0,0,0,0,0,0,0.8179661016949152,0.19608678669081353,4.190192109655197,2,0,4,0.2989724765339437,Medium Risk
TCU-01486,Maun,LO019,Education Loan,61,Self-Employed,28390.0,84000.0,12.76,48,2244.0,4,65728.0,2025-02-26,0.079,850,1,10.0,0,1,169789.0,Current,0,0,,0.0,0,0,0,0,0,0,2.021297619047619,0.07904191616766468,2.958788305741458,3,2,4,0.11203686340099656,Low Risk
TCU-01487,Gaborone Main,LO008,Agriculture Loan,23,Student,4809.0,125600.0,14.33,60,2944.0,10,92856.0,2024-08-17,0.6122,575,0,26.7,1,1,215960.0,Defaulted,149,8,Called,71348.0,1,4,1,1,0,0,1.7194267515923567,0.612185485547931,26.11769598669162,1,0,5,0.37515698340954723,Medium Risk
TCU-01488,Francistown,LO011,Vehicle Loan,51,Self-Employed,20502.0,225700.0,16.11,60,5502.0,2,187770.0,2025-04-16,0.2684,850,0,11.7,0,0,0.0,Current,0,0,,0.0,0,0,0,0,0,0,0.0,0.26836406204272756,11.008682079797094,0,5,4,0.08693318914530108,Low Risk
TCU-01489,Selebi-Phikwe,LO011,Education Loan,40,Self-Employed,16357.0,488200.0,8.89,36,15500.0,7,387170.0,2024-11-27,0.9476,804,0,21.4,0,1,817104.0,Current,0,0,,0.0,0,0,1,0,1,0,1.6737074969274888,0.9476065293146665,29.846548878156142,4,2,4,0.28814976647994467,Medium Risk
TCU-01490,Francistown,LO020,Home Loan,26,Pensioner,9652.0,50900.0,21.73,36,1937.0,13,31588.0,2024-05-26,0.2007,788,0,13.9,0,1,125218.0,Current,0,0,,0.0,0,1,0,0,0,0,2.4600785854616896,0.20068379610443432,5.273518441773725,0,3,2,0.10751204152837276,Low Risk
TCU-01491,Gaborone Main,LO020,Agriculture Loan,42,Government Employee,20066.0,256900.0,14.3,36,8818.0,8,179420.0,2024-10-29,0.4394,850,2,20.1,0,1,477586.0,Current,0,0,,0.0,0,0,1,0,1,0,1.859034643830284,0.439449815608492,12.80275092195754,1,0,1,0.1092181479419422,Low Risk
TCU-01492,Maun,LO002,Business Loan,57,Private Sector,25741.0,429800.0,11.17,12,38021.0,12,0.0,2024-06-21,1.4771,850,0,29.7,0,0,0.0,Current,0,0,,0.0,0,0,1,0,1,0,0.0,1.4770599432811469,16.697098014840137,3,1,3,0.33456831102174234,Medium Risk
TCU-01493,Gaborone Main,LO019,Home Loan,40,Student,1816.0,11100.0,17.05,12,1013.0,5,6202.0,2025-01-05,0.5578,624,1,17.7,0,1,26336.0,Current,0,0,,0.0,0,3,1,1,0,0,2.372612612612613,0.5578193832599119,6.112334801762114,1,3,5,0.22510216920959125,Medium Risk
TCU-01494,Francistown,LO011,Home Loan,63,Private Sector,15759.0,214800.0,9.85,84,3549.0,14,157626.0,2024-04-26,0.2252,792,0,28.9,3,1,355274.0,Late (30–89 days),43,2,Home Visit,43028.0,1,1,0,0,0,0,1.653975791433892,0.22520464496478204,13.63030649152865,0,3,3,0.7065859155398183,Critical
TCU-01495,Selebi-Phikwe,LO003,Business Loan,49,Pensioner,6961.0,24400.0,20.4,24,1247.0,17,6875.0,2024-01-27,0.1791,632,2,15.3,3,1,31549.0,Current,0,0,,0.0,0,3,0,0,0,0,1.2929918032786885,0.17914092802758225,3.505243499497199,4,1,2,0.19303914716040338,Low Risk
TCU-01496,Gaborone Main,LO018,Education Loan,55,Pensioner,7868.0,173300.0,19.0,36,6352.0,5,130378.0,2025-01-04,0.8073,660,0,17.4,0,0,0.0,Defaulted,168,4,Called,91501.0,1,3,1,0,0,0,0.0,0.8073207930859176,22.025927808845957,1,2,2,0.6015222497893388,High Risk
TCU-01497,Lobatse,LO007,Personal Loan,42,Farmer,8307.0,111500.0,22.16,72,2812.0,4,97235.0,2025-02-12,0.3385,850,2,21.0,0,1,91350.0,Current,0,0,,0.0,0,0,0,0,0,0,0.8192825112107623,0.3385096906223667,13.422414830865534,2,4,0,0.1102240100349817,Low Risk
TCU-01498,Gaborone Main,LO017,Vehicle Loan,27,Pensioner,5743.0,117900.0,10.24,72,2198.0,11,96617.0,2024-07-29,0.3827,658,0,26.7,0,0,0.0,Early (1–29 days),16,1,,0.0,0,3,0,0,0,0,0.0,0.38272679784084973,20.529340066167507,1,5,2,0.06250980971413576,Low Risk
TCU-01499,Lobatse,LO016,Vehicle Loan,26,Self-Employed,16418.0,250500.0,13.87,72,5144.0,12,188651.0,2024-06-06,0.3133,814,0,24.9,1,1,368344.0,Current,0,0,,0.0,0,0,0,0,1,0,1.470435129740519,0.31331465464733826,15.257644049214276,2,5,4,0.12103163825332226,Low Risk
TCU-01500,Gaborone Main,LO003,Agriculture Loan,54,Student,4903.0,173400.0,9.35,84,2821.0,3,166619.0,2025-03-26,0.5754,661,4,28.6,1,0,0.0,Early (1–29 days),13,1,,0.0,0,3,1,1,0,0,0.0,0.5753620232510708,35.3661023862941,1,0,5,0.22637587957948443,Medium Risk
TCU-01501,Gaborone Main,LO012,Education Loan,51,Government Employee,18328.0,292000.0,21.48,48,9118.0,4,255076.0,2025-02-10,0.4975,843,4,7.8,0,1,478401.0,Current,0,0,,0.0,0,0,1,0,1,0,1.6383595890410958,0.49749017896115233,15.931907463989525,1,2,1,0.07350982669565732,Low Risk
TCU-01502,Selebi-Phikwe,LO003,Home Loan,23,Pensioner,7936.0,54500.0,11.33,36,1793.0,10,38442.0,2024-08-08,0.2259,776,2,12.5,2,0,0.0,Current,0,0,,0.0,0,1,0,0,0,0,0.0,0.22593245967741934,6.867439516129032,4,3,2,0.34463621580224624,Medium Risk
TCU-01503,Francistown,LO020,Agriculture Loan,55,Pensioner,5027.0,89000.0,8.58,60,1829.0,1,76837.0,2025-05-19,0.3638,591,3,25.2,0,1,214262.0,Current,0,0,,0.0,0,3,0,0,0,0,2.407438202247191,0.36383528943703997,17.704396260194947,0,0,2,0.1423171069690072,Low Risk
TCU-01504,Lobatse,LO004,Education Loan,29,Private Sector,28916.0,482100.0,22.75,60,13521.0,12,372853.0,2024-06-18,0.4676,850,0,15.1,0,1,967931.0,Current,0,0,,0.0,0,0,1,0,1,0,2.0077390582866625,0.4675957947157283,16.67243048831097,2,2,3,0.05011705982718768,Low Risk
TCU-01505,Francistown,LO018,Personal Loan,34,Private Sector,6781.0,106200.0,15.3,60,2543.0,7,85554.0,2024-11-14,0.375,730,1,14.6,1,1,126645.0,Current,0,0,,0.0,0,2,0,0,0,0,1.1925141242937853,0.37501843385931277,15.661406872142752,0,4,3,0.211340583633736,Medium Risk
TCU-01506,Maun,LO012,Business Loan,28,Farmer,9901.0,15600.0,12.53,60,351.0,7,11723.0,2024-11-05,0.0355,682,0,22.6,0,0,0.0,Current,0,0,,0.0,0,2,0,0,0,0,0.0,0.03545096454903545,1.5755984244015755,3,1,0,0.1178620521479584,Low Risk
TCU-01507,Francistown,LO013,Personal Loan,41,Student,1754.0,10900.0,13.26,12,975.0,11,892.0,2024-07-22,0.5559,719,0,22.6,0,1,15016.0,Current,0,0,,0.0,0,2,1,1,0,0,1.3776146788990826,0.5558722919042189,6.214367160775371,0,4,5,0.15670401729988812,Low Risk
TCU-01508,Selebi-Phikwe,LO017,Business Loan,38,Private Sector,15115.0,462800.0,23.12,84,11164.0,10,377117.0,2024-08-25,0.7386,816,0,8.4,0,1,999094.0,Current,0,0,,0.0,0,0,1,0,1,0,2.158802938634399,0.7386040357260999,30.618590803837247,4,1,3,0.15293725003505157,Low Risk
TCU-01509,Maun,LO014,Vehicle Loan,43,Pensioner,4172.0,5600.0,9.84,60,119.0,4,4947.0,2025-02-27,0.0285,729,0,7.0,0,0,0.0,Current,0,0,,0.0,0,2,0,1,0,0,0.0,0.028523489932885907,1.342281879194631,3,5,2,0.1383924399035488,Low Risk
TCU-01510,Selebi-Phikwe,LO007,Vehicle Loan,28,Student,4292.0,35300.0,20.68,12,3281.0,7,14350.0,2024-11-28,0.7644,708,1,1.1,1,1,30003.0,Current,0,0,,0.0,0,2,1,1,0,1,0.849943342776204,0.7644454799627214,8.224603914259086,4,5,5,0.18178692786788223,Low Risk
TCU-01511,Lobatse,LO004,Personal Loan,45,Government Employee,11213.0,363900.0,21.77,84,8473.0,17,257189.0,2024-01-20,0.7556,792,1,6.1,1,1,577792.0,Defaulted,305,5,Legal Notice,196675.0,1,1,1,0,1,0,1.587776861775213,0.7556407741014893,32.45340230090074,2,4,1,0.6970364732166804,High Risk
TCU-01512,Lobatse,LO011,Agriculture Loan,43,Student,1934.0,49400.0,14.01,36,1689.0,5,38887.0,2025-01-31,0.8733,584,0,4.6,0,0,0.0,Current,0,0,,0.0,0,3,1,1,0,0,0.0,0.8733195449844882,25.542916235780766,2,0,5,0.38727995932590936,Medium Risk
TCU-01513,Francistown,LO016,Home Loan,44,Farmer,5023.0,5700.0,14.93,72,120.0,15,4274.0,2024-03-09,0.0239,649,1,20.0,0,0,0.0,Current,0,0,,0.0,0,3,0,0,0,0,0.0,0.02389010551463269,1.1347800119450528,0,3,0,0.14078940211081087,Low Risk
TCU-01514,Francistown,LO018,Business Loan,48,Student,4382.0,108900.0,16.47,48,3113.0,15,71352.0,2024-04-03,0.7104,711,1,1.9,0,1,190087.0,Late (30–89 days),75,2,Letter Sent,18485.0,1,2,1,1,0,1,1.7455188246097337,0.7104062072113191,24.851665905979004,0,1,5,0.7167530256254148,Critical
TCU-01515,Gaborone Main,LO008,Personal Loan,50,Farmer,13277.0,390200.0,23.07,36,15119.0,8,262056.0,2024-10-15,1.1387,832,1,26.8,1,0,0.0,Late (30–89 days),39,1,Home Visit,68128.0,1,0,1,0,1,0,0.0,1.138736160277171,29.389169240039166,1,4,0,0.8989069382478473,Critical
TCU-01516,Lobatse,LO016,Agriculture Loan,32,Student,2757.0,38600.0,23.9,12,3648.0,11,2757.0,2024-08-01,1.3232,623,0,26.6,0,0,0.0,Late (30–89 days),82,1,Legal Notice,511.0,1,3,1,1,0,0,0.0,1.323177366702938,14.000725426187886,2,0,5,0.602181697779431,High Risk
TCU-01517,Gaborone Main,LO017,Vehicle Loan,30,Student,4859.0,94400.0,17.72,12,8642.0,12,0.0,2024-01-03,1.7786,638,1,2.7,2,1,136795.0,Current,0,0,,0.0,0,3,1,1,0,0,1.4490995762711865,1.7785552582835975,19.427865816011526,1,5,5,0.5398636837803958,High Risk
TCU-01518,Gaborone Main,LO019,Vehicle Loan,54,Private Sector,14718.0,248100.0,13.18,48,6678.0,10,195223.0,2024-08-05,0.4537,797,2,20.3,2,0,0.0,Current,0,0,,0.0,0,1,1,0,1,0,0.0,0.4537301263758663,16.85690990623726,1,5,3,0.5396475309906174,High Risk
TCU-01519,Selebi-Phikwe,LO010,Education Loan,53,Student,3861.0,92400.0,8.57,48,2281.0,14,61842.0,2024-05-03,0.5908,680,3,5.1,1,0,0.0,Late (30–89 days),40,1,Legal Notice,12464.0,1,2,1,1,0,0,0.0,0.5907795907795907,23.931623931623932,4,2,5,0.6599132773049756,High Risk
TCU-01520,Lobatse,LO014,Agriculture Loan,59,Government Employee,14900.0,78500.0,15.17,72,1667.0,11,62011.0,2024-07-27,0.1119,850,0,17.3,3,1,117497.0,Current,0,0,,0.0,0,0,0,0,0,0,1.4967770700636942,0.11187919463087248,5.268456375838926,2,0,1,0.2683776770915153,Medium Risk
TCU-01521,Gaborone Main,LO001,Business Loan,28,Student,3890.0,6400.0,20.23,60,170.0,17,4206.0,2024-01-22,0.0437,676,2,16.1,0,0,0.0,Current,0,0,,0.0,0,2,0,1,0,0,0.0,0.043701799485861184,1.6452442159383034,1,1,5,0.2085480862227965,Medium Risk
TCU-01522,Francistown,LO002,Vehicle Loan,59,Private Sector,25213.0,354600.0,17.34,60,8878.0,10,263274.0,2024-08-28,0.3521,850,0,5.1,0,1,719239.0,Current,0,0,,0.0,0,0,0,0,1,0,2.028310772701636,0.35211993812715664,14.064173243961449,0,5,3,0.04691734768338367,Low Risk
TCU-01523,Selebi-Phikwe,LO012,Personal Loan,33,Pensioner,9115.0,251600.0,12.67,36,8437.0,4,200721.0,2025-02-08,0.9256,758,0,8.6,1,1,416058.0,Current,0,0,,0.0,0,1,1,0,1,0,1.6536486486486486,0.9256171146461876,27.602852441031267,4,4,2,0.6498694583416424,High Risk
TCU-01524,Gaborone Main,LO002,Business Loan,58,Self-Employed,15064.0,378600.0,9.45,48,9503.0,12,258275.0,2024-07-02,0.6308,850,4,7.2,0,0,0.0,Current,0,0,,0.0,0,0,1,0,1,0,0.0,0.6308417419012214,25.132766861391396,1,1,4,0.2035058610262509,Medium Risk
TCU-01525,Selebi-Phikwe,LO008,Business Loan,32,Self-Employed,4364.0,149500.0,23.99,48,4873.0,9,117379.0,2024-09-21,1.1166,720,0,13.3,0,0,0.0,Late (30–89 days),60,2,Letter Sent,15323.0,1,2,1,1,0,0,0.0,1.1166361136571952,34.25756186984418,4,1,4,0.8282376579928085,Critical
TCU-01526,Francistown,LO016,Agriculture Loan,67,Pensioner,7449.0,26500.0,20.88,84,603.0,11,20955.0,2024-08-02,0.081,778,3,12.5,2,1,43390.0,Current,0,0,,0.0,0,1,0,0,0,0,1.6373584905660377,0.08095046314941604,3.557524499932877,0,0,2,0.21368522074649554,Medium Risk
TCU-01527,Selebi-Phikwe,LO006,Education Loan,56,Self-Employed,12312.0,166000.0,21.75,24,8591.0,1,151308.0,2025-05-24,0.6978,830,0,1.5,1,0,0.0,Current,0,0,,0.0,0,0,1,0,0,1,0.0,0.6977745289148798,13.482781026640676,4,2,4,0.3006518856657941,Medium Risk
TCU-01528,Lobatse,LO019,Home Loan,25,Government Employee,10424.0,190200.0,9.03,72,3431.0,3,155238.0,2025-04-01,0.3291,802,0,7.4,1,0,0.0,Current,0,0,,0.0,0,0,0,0,0,0,0.0,0.3291442824251727,18.246354566385264,2,3,1,0.10961286204342675,Low Risk
TCU-01529,Maun,LO012,Vehicle Loan,35,Pensioner,7808.0,51100.0,18.51,60,1312.0,17,32608.0,2024-01-13,0.168,709,1,21.5,0,0,0.0,Current,0,0,,0.0,0,2,0,0,0,0,0.0,0.1680327868852459,6.544569672131147,3,5,2,0.09883569296796342,Low Risk
TCU-01530,Selebi-Phikwe,LO018,Personal Loan,58,Student,4628.0,66500.0,14.23,72,1378.0,6,54623.0,2024-12-31,0.2978,745,2,20.9,0,1,131965.0,Current,0,0,,0.0,0,1,0,1,0,0,1.984436090225564,0.29775280898876405,14.369057908383752,4,4,5,0.1266650947107245,Low Risk
TCU-01531,Gaborone Main,LO011,Business Loan,49,Self-Employed,29678.0,227900.0,18.54,60,5854.0,3,200994.0,2025-03-14,0.1973,850,2,4.4,3,1,493344.0,Defaulted,323,12,Home Visit,162721.0,1,0,0,0,1,0,2.1647389205792016,0.1972504885773974,7.679088887391334,1,1,4,0.7404080917433765,Critical
TCU-01532,Lobatse,LO007,Agriculture Loan,65,Student,2239.0,6800.0,11.06,60,148.0,5,6007.0,2025-01-18,0.0661,739,2,12.9,0,1,6373.0,Late (30–89 days),51,1,Home Visit,1196.0,1,2,0,1,0,0,0.9372058823529412,0.06610093791871371,3.037070120589549,2,0,5,0.6620374984477081,High Risk
TCU-01533,Selebi-Phikwe,LO002,Vehicle Loan,63,Pensioner,7877.0,50500.0,14.97,12,4557.0,8,16401.0,2024-10-31,0.5785,695,0,17.0,0,0,0.0,Late (30–89 days),63,2,Called,2399.0,1,2,1,0,0,0,0.0,0.5785197410181541,6.411070204392535,4,5,2,0.5874389666188777,High Risk
TCU-01534,Francistown,LO005,Personal Loan,52,Farmer,6903.0,92500.0,22.57,48,2943.0,8,67902.0,2024-10-29,0.4263,694,1,12.7,0,1,126964.0,Late (30–89 days),65,2,,12229.0,1,2,0,0,0,0,1.3725837837837838,0.42633637548891784,13.399971027089672,0,4,0,0.4354033051702323,Medium Risk
TCU-01535,Maun,LO014,Agriculture Loan,40,Farmer,10835.0,100100.0,16.46,24,4923.0,17,25051.0,2024-02-02,0.4544,742,1,22.2,2,0,0.0,Late (30–89 days),73,1,Home Visit,4703.0,1,1,1,0,0,0,0.0,0.4543608675588371,9.238578680203046,3,0,0,0.7046954241348199,Critical
TCU-01536,Francistown,LO006,Business Loan,64,Farmer,14365.0,255800.0,15.51,60,6154.0,10,200325.0,2024-08-06,0.4284,801,0,20.2,0,1,258494.0,Current,0,0,,0.0,0,0,0,0,1,0,1.0105316653635652,0.4284023668639053,17.80717020536025,0,1,0,0.13407614462410453,Low Risk
TCU-01537,Gaborone Main,LO015,Business Loan,47,Student,4917.0,81900.0,13.22,84,1500.0,2,77234.0,2025-04-03,0.3051,626,1,20.1,0,0,0.0,Current,0,0,,0.0,0,3,0,1,0,0,0.0,0.3050640634533252,16.656497864551557,1,1,5,0.1499481443103777,Low Risk
TCU-01538,Lobatse,LO001,Education Loan,49,Government Employee,11363.0,75900.0,22.69,84,1811.0,5,67511.0,2025-01-09,0.1594,739,1,0.9,0,1,92581.0,Current,0,0,,0.0,0,2,0,0,0,1,1.219776021080369,0.15937692510780604,6.679574056147144,2,2,1,0.15313896748913483,Low Risk
TCU-01539,Selebi-Phikwe,LO007,Agriculture Loan,41,Self-Employed,38574.0,223000.0,17.01,12,20340.0,7,80802.0,2024-11-29,0.5273,850,0,13.4,2,1,250953.0,Current,0,0,,0.0,0,0,1,0,0,0,1.1253497757847533,0.5272981801213252,5.781096075076476,4,0,4,0.25292253748901017,Medium Risk
TCU-01540,Lobatse,LO017,Education Loan,50,Government Employee,16542.0,140400.0,21.14,36,5300.0,16,73393.0,2024-02-14,0.3204,816,1,9.9,0,1,149970.0,Early (1–29 days),28,1,,0.0,0,0,0,0,0,0,1.0681623931623931,0.320396566316044,8.487486398258977,2,2,1,0.1068395301530911,Low Risk
TCU-01541,Lobatse,LO013,Home Loan,58,Student,2876.0,64200.0,12.61,24,3040.0,8,41352.0,2024-11-01,1.057,705,1,10.2,3,1,62506.0,Late (30–89 days),45,2,Legal Notice,4792.0,1,2,1,1,0,0,0.9736137071651091,1.0570236439499305,22.322670375521557,2,3,5,0.9126492104426512,Critical
TCU-01542,Francistown,LO011,Home Loan,56,Government Employee,15133.0,148100.0,22.52,60,4134.0,16,95768.0,2024-03-01,0.2732,850,1,13.5,0,0,0.0,Current,0,0,,0.0,0,0,0,0,0,0,0.0,0.2731778233000727,9.786559175312231,0,3,1,0.09601940535231426,Low Risk
TCU-01543,Francistown,LO006,Personal Loan,49,Government Employee,21812.0,225000.0,19.77,84,4965.0,4,204603.0,2025-02-18,0.2276,850,1,15.3,2,1,395359.0,Late (30–89 days),83,2,Legal Notice,26733.0,1,0,0,0,0,0,1.757151111111111,0.22762699431505592,10.31542270309921,0,4,1,0.6334311908700494,High Risk
TCU-01544,Francistown,LO007,Home Loan,60,Private Sector,9145.0,207800.0,18.75,12,19125.0,12,0.0,2024-04-12,2.0913,757,1,9.8,0,0,0.0,Defaulted,263,10,Legal Notice,0.0,1,1,1,0,0,0,0.0,2.0,22.722799343903773,0,3,3,0.9762917848837607,Critical
TCU-01545,Gaborone Main,LO003,Business Loan,22,Government Employee,22545.0,428800.0,9.97,60,9104.0,15,317317.0,2024-04-04,0.4038,770,3,24.3,0,0,0.0,Current,0,0,,0.0,0,1,0,0,1,0,0.0,0.4038145930361499,19.019738301175426,1,1,1,0.09663132151343173,Low Risk
TCU-01546,Maun,LO002,Home Loan,62,Student,2676.0,60500.0,19.97,60,1602.0,10,49156.0,2024-08-15,0.5987,685,1,16.2,0,1,116308.0,Late (30–89 days),30,2,Called,12416.0,1,2,1,1,0,0,1.9224462809917355,0.5986547085201793,22.608370702541105,3,3,5,0.5894664805395875,High Risk
TCU-01547,Francistown,LO018,Agriculture Loan,60,Private Sector,28901.0,494700.0,8.77,72,8861.0,14,374608.0,2024-04-13,0.3066,850,0,24.5,0,1,880580.0,Current,0,0,,0.0,0,0,0,0,1,0,1.7800282999797856,0.306598387599045,17.11705477319124,0,0,3,0.0735802893453493,Low Risk
TCU-01548,Gaborone Main,LO007,Vehicle Loan,38,Government Employee,22837.0,310700.0,16.19,60,7587.0,6,253849.0,2024-12-23,0.3322,850,2,8.0,0,1,284632.0,Current,0,0,,0.0,0,0,0,0,1,0,0.9160991309945284,0.3322240224197574,13.605114507159435,1,5,1,0.10686921222731453,Low Risk
TCU-01549,Francistown,LO002,Agriculture Loan,48,Student,2303.0,15700.0,23.95,36,616.0,15,8374.0,2024-03-16,0.2675,648,0,16.9,0,0,0.0,Current,0,0,,0.0,0,3,0,1,0,0,0.0,0.2674772036474164,6.8171949630916195,0,0,5,0.1483216236424437,Low Risk
TCU-01550,Francistown,LO020,Education Loan,30,Student,4742.0,20500.0,14.04,84,385.0,1,18982.0,2025-05-22,0.0812,665,3,2.3,1,1,43956.0,Late (30–89 days),57,1,Legal Notice,5912.0,1,3,0,1,0,0,2.1441951219512196,0.08118937157317588,4.323070434415858,0,2,5,0.7346155255170514,Critical
TCU-01551,Gaborone Main,LO019,Vehicle Loan,67,Farmer,13322.0,56300.0,8.98,24,2572.0,15,18152.0,2024-04-01,0.1931,826,2,0.7,0,0,0.0,Current,0,0,,0.0,0,0,0,0,0,1,0.0,0.1930641044888155,4.226092178351599,1,5,0,0.14888548189949918,Low Risk
TCU-01552,Maun,LO014,Personal Loan,22,Self-Employed,35552.0,347400.0,16.24,12,31559.0,9,74319.0,2024-09-19,0.8877,840,2,25.3,0,0,0.0,Current,0,0,,0.0,0,0,1,0,1,0,0.0,0.8876856435643564,9.771602160216021,3,4,4,0.16895560301364354,Low Risk
TCU-01553,Lobatse,LO011,Education Loan,47,Government Employee,8590.0,250100.0,15.58,36,8741.0,4,203377.0,2025-02-11,1.0176,650,1,27.5,0,0,0.0,Late (30–89 days),47,1,,35848.0,1,3,1,0,1,0,0.0,1.0175785797438883,29.115250291036087,2,2,1,0.6506946086468314,High Risk
TCU-01554,Gaborone Main,LO010,Education Loan,61,Student,2757.0,125000.0,15.37,48,3502.0,12,84134.0,2024-07-02,1.2702,673,0,23.0,0,1,259959.0,Current,0,0,,0.0,0,2,1,1,0,0,2.079672,1.270221254987305,45.339136742836416,1,2,5,0.3211113810733262,Medium Risk
TCU-01555,Gaborone Main,LO013,Home Loan,34,Government Employee,16421.0,316900.0,10.41,36,10287.0,5,268389.0,2025-01-19,0.6265,732,0,23.6,0,1,688080.0,Current,0,0,,0.0,0,2,1,0,1,0,2.171284316819186,0.6264539309420863,19.29845928993362,1,3,1,0.17129694690647757,Low Risk
TCU-01556,Lobatse,LO013,Vehicle Loan,46,Private Sector,6189.0,71600.0,10.48,84,1206.0,4,66923.0,2025-02-13,0.1949,828,1,19.1,1,1,136455.0,Current,0,0,,0.0,0,0,0,0,0,0,1.9057960893854748,0.19486185167232187,11.568912586847633,2,5,3,0.21651763180374167,Medium Risk
TCU-01557,Selebi-Phikwe,LO010,Personal Loan,53,Student,2053.0,75600.0,16.21,24,3709.0,11,35340.0,2024-07-30,1.8066,731,0,28.9,0,1,155941.0,Late (30–89 days),50,2,SMS Sent,8837.0,1,2,1,1,0,0,2.0627116402116403,1.806624452021432,36.82415976619581,4,4,5,0.8459038400771148,Critical
TCU-01558,Gaborone Main,LO012,Personal Loan,50,Private Sector,14148.0,156000.0,22.58,24,8138.0,6,102946.0,2024-12-04,0.5752,777,0,21.7,0,1,234516.0,Current,0,0,,0.0,0,1,1,0,0,0,1.5033076923076922,0.5752049759683348,11.02629346904156,1,4,3,0.09983170051380438,Low Risk
TCU-01559,Francistown,LO008,Business Loan,40,Student,1944.0,13500.0,17.87,24,673.0,8,8887.0,2024-10-04,0.3462,688,0,24.5,2,0,0.0,Defaulted,105,11,Home Visit,7259.0,1,2,0,1,0,0,0.0,0.3461934156378601,6.944444444444445,0,1,5,0.7645689176658499,Critical
TCU-01560,Maun,LO007,Agriculture Loan,54,Private Sector,26228.0,418100.0,17.67,60,10542.0,13,312242.0,2024-06-03,0.4019,850,0,22.8,0,1,995894.0,Current,0,0,,0.0,0,0,0,0,1,0,2.3819516861994736,0.4019368613695288,15.940979106298613,3,0,3,0.06467297360952046,Low Risk
TCU-01561,Lobatse,LO003,Education Loan,58,Student,1882.0,5800.0,19.06,48,174.0,13,4141.0,2024-06-03,0.0925,722,4,15.8,0,0,0.0,Current,0,0,,0.0,0,2,0,1,0,0,0.0,0.0924548352816153,3.08182784272051,2,2,5,0.390509714404234,Medium Risk
TCU-01562,Maun,LO012,Business Loan,52,Farmer,8004.0,98800.0,16.6,60,2434.0,13,68053.0,2024-05-27,0.3041,792,2,15.1,0,1,128660.0,Current,0,0,,0.0,0,1,0,0,0,0,1.3022267206477733,0.3040979510244878,12.343828085957021,3,1,0,0.11614576563154641,Low Risk
TCU-01563,Selebi-Phikwe,LO017,Agriculture Loan,29,Government Employee,17471.0,13100.0,9.21,24,600.0,9,7373.0,2024-09-14,0.0343,800,0,28.9,0,0,0.0,Current,0,0,,0.0,0,0,0,0,0,0,0.0,0.03434262492129815,0.749813977448343,4,0,1,0.10009000068542065,Low Risk
TCU-01564,Gaborone Main,LO018,Business Loan,46,Student,3391.0,51100.0,19.45,84,1118.0,1,46301.0,2025-05-27,0.3297,779,2,4.3,0,1,47157.0,Current,0,0,,0.0,0,1,0,1,0,0,0.9228375733855186,0.32969625479209674,15.069301091123563,1,1,5,0.1355242023443594,Low Risk
TCU-01565,Lobatse,LO007,Personal Loan,57,Self-Employed,17371.0,72500.0,10.49,72,1361.0,17,51069.0,2024-02-05,0.0783,807,0,23.8,0,1,158947.0,Current,0,0,,0.0,0,0,0,0,0,0,2.1923724137931035,0.07834897242530654,4.173622704507513,2,4,4,0.10922869709446296,Low Risk
TCU-01566,Francistown,LO019,Education Loan,40,Self-Employed,17750.0,290600.0,13.33,24,13861.0,10,145847.0,2024-08-06,0.7809,850,2,25.6,0,1,653036.0,Current,0,0,,0.0,0,0,1,0,1,0,2.247198898830007,0.7809014084507042,16.371830985915494,0,2,4,0.2111650856365914,Medium Risk
TCU-01567,Francistown,LO020,Vehicle Loan,59,Farmer,13104.0,39400.0,20.13,72,947.0,11,32338.0,2024-07-29,0.0723,788,1,15.1,1,1,55361.0,Early (1–29 days),17,1,,0.0,0,1,0,0,0,0,1.4051015228426396,0.07226800976800977,3.0067155067155067,0,5,0,0.1907565396373208,Low Risk
TCU-01568,Gaborone Main,LO016,Education Loan,55,Pensioner,6421.0,295000.0,21.04,24,15165.0,14,111234.0,2024-04-28,2.3618,777,1,15.2,0,1,726282.0,Defaulted,155,10,Legal Notice,89695.0,1,1,1,0,1,0,2.461972881355932,2.0,45.942999532783055,1,2,2,0.8642187975448831,Critical
TCU-01569,Francistown,LO004,Business Loan,24,Private Sector,10017.0,124100.0,12.59,12,11060.0,3,79306.0,2025-03-25,1.1041,617,4,22.1,1,0,0.0,Late (30–89 days),65,2,Home Visit,14070.0,1,3,1,0,0,0,0.0,1.1041229909154437,12.388938804033144,0,1,3,0.8424956678606231,Critical
TCU-01570,Maun,LO001,Vehicle Loan,68,Farmer,3216.0,38000.0,23.97,84,937.0,6,32122.0,2024-12-27,0.2914,752,0,29.0,0,0,0.0,Current,0,0,,0.0,0,1,0,1,0,0,0.0,0.29135572139303484,11.81592039800995,3,5,0,0.10218551748910044,Low Risk
TCU-01571,Lobatse,LO005,Personal Loan,29,Private Sector,19945.0,430100.0,16.3,84,8616.0,12,339944.0,2024-06-17,0.432,838,0,8.2,1,0,0.0,Late (30–89 days),49,2,Home Visit,88712.0,1,0,1,0,1,0,0.0,0.43198796690899977,21.56430183003259,2,4,3,0.6500588486973462,High Risk
TCU-01572,Gaborone Main,LO013,Vehicle Loan,58,Private Sector,21843.0,444300.0,16.92,24,21950.0,15,146162.0,2024-04-06,1.0049,791,0,27.5,0,1,968278.0,Current,0,0,,0.0,0,1,1,0,1,0,2.1793337834796307,1.0048985945154054,20.340612553220712,1,5,3,0.5244268871672141,High Risk
TCU-01573,Maun,LO014,Home Loan,29,Pensioner,4588.0,43000.0,8.95,48,1069.0,10,31324.0,2024-08-28,0.233,631,2,9.6,1,0,0.0,Current,0,0,,0.0,0,3,0,1,0,0,0.0,0.23299912816041848,9.37227550130776,3,3,2,0.23966653481420355,Medium Risk
TCU-01574,Selebi-Phikwe,LO011,Education Loan,28,Government Employee,13943.0,343500.0,17.06,72,7653.0,5,299159.0,2025-01-16,0.5489,689,0,2.7,0,0,0.0,Late (30–89 days),78,2,,44382.0,1,2,1,0,1,0,0.0,0.5488775729756867,24.636018073585312,4,2,1,0.32470553531676727,Medium Risk
TCU-01575,Lobatse,LO016,Business Loan,47,Self-Employed,21599.0,262200.0,15.88,36,9203.0,11,164627.0,2024-08-02,0.4261,844,2,9.6,0,0,0.0,Current,0,0,,0.0,0,0,0,0,1,0,0.0,0.4260845409509699,12.139450900504652,2,1,4,0.10275927250889669,Low Risk
TCU-01576,Lobatse,LO018,Home Loan,57,Government Employee,11046.0,381500.0,11.48,60,8386.0,17,260267.0,2024-01-14,0.7592,772,1,12.5,0,1,366149.0,Current,0,0,,0.0,0,1,1,0,1,0,0.9597614678899082,0.7591888466413181,34.537389100126745,2,3,1,0.29720453135620306,Medium Risk
TCU-01577,Maun,LO010,Business Loan,55,Government Employee,20740.0,129300.0,18.09,84,2724.0,15,94446.0,2024-03-17,0.1313,850,0,21.9,2,1,308692.0,Current,0,0,,0.0,0,0,0,0,0,0,2.3874091260634183,0.1313404050144648,6.234329797492768,3,1,1,0.2298847742263025,Medium Risk
TCU-01578,Lobatse,LO001,Home Loan,51,Student,4437.0,140000.0,17.35,12,12792.0,6,69803.0,2024-12-16,2.883,697,1,16.1,2,1,257917.0,Late (30–89 days),44,2,SMS Sent,14870.0,1,2,1,1,0,0,1.8422642857142857,2.0,31.552851025467657,2,3,5,0.9553078133003055,Critical
TCU-01579,Selebi-Phikwe,LO004,Personal Loan,59,Student,4303.0,80400.0,15.2,24,3906.0,12,34515.0,2024-06-26,0.9077,657,1,29.4,2,0,0.0,Late (30–89 days),72,2,,6574.0,1,3,1,1,0,0,0.0,0.9077387868928655,18.684638624215662,4,4,5,0.8859612133673025,Critical
TCU-01580,Francistown,LO006,Vehicle Loan,50,Pensioner,6801.0,77000.0,13.28,60,1763.0,14,57559.0,2024-04-08,0.2592,720,1,15.2,0,1,171123.0,Current,0,0,,0.0,0,2,0,0,0,0,2.2223766233766233,0.25922658432583445,11.32186443170122,0,5,2,0.10216093877737242,Low Risk
TCU-01581,Selebi-Phikwe,LO017,Education Loan,54,Self-Employed,28763.0,344900.0,15.01,12,31132.0,12,0.0,2024-02-05,1.0824,850,1,28.3,0,0,0.0,Current,0,0,,0.0,0,0,1,0,1,0,0.0,1.0823627577095574,11.991099676667941,4,2,4,0.5406358669732532,High Risk
TCU-01582,Francistown,LO007,Vehicle Loan,59,Self-Employed,13857.0,30300.0,14.43,24,1461.0,1,26405.0,2025-05-16,0.1054,799,1,13.0,1,0,0.0,Current,0,0,,0.0,0,1,0,0,0,0,0.0,0.10543407663996536,2.1866204806235117,0,5,4,0.23622473030558472,Medium Risk
TCU-01583,Selebi-Phikwe,LO013,Vehicle Loan,43,Pensioner,7714.0,204500.0,23.57,72,5331.0,15,146084.0,2024-03-21,0.6911,778,0,25.7,2,0,0.0,Current,0,0,,0.0,0,1,1,0,0,0,0.0,0.6910811511537465,26.51024112004148,4,5,2,0.2547556745549413,Medium Risk
TCU-01584,Francistown,LO015,Vehicle Loan,23,Self-Employed,10108.0,201800.0,12.73,84,3642.0,4,172438.0,2025-02-11,0.3603,611,0,18.9,0,1,312704.0,Current,0,0,,0.0,0,3,0,0,0,0,1.5495738354806738,0.36030866640284925,19.96438464582509,0,5,4,0.07224841934814691,Low Risk
TCU-01585,Lobatse,LO001,Home Loan,24,Farmer,5755.0,84400.0,14.26,48,2317.0,11,57120.0,2024-07-12,0.4026,626,1,9.4,1,1,199350.0,Late (30–89 days),44,2,Letter Sent,8697.0,1,3,0,0,0,0,2.3619668246445498,0.40260642919200695,14.665508253692442,2,3,0,0.21807645560759883,Medium Risk
TCU-01586,Gaborone Main,LO013,Business Loan,27,Self-Employed,10360.0,130800.0,8.95,12,11436.0,12,0.0,2024-02-16,1.1039,685,3,12.5,0,0,0.0,Current,0,0,,0.0,0,2,1,0,0,0,0.0,1.103861003861004,12.625482625482626,1,1,4,0.38322326804907236,Medium Risk
TCU-01587,Selebi-Phikwe,LO009,Agriculture Loan,40,Farmer,8124.0,299100.0,23.29,48,9634.0,3,269705.0,2025-03-18,1.1859,718,4,27.2,0,0,0.0,Late (30–89 days),51,1,,79736.0,1,2,1,0,1,0,0.0,1.1858690300344659,36.81683899556869,4,0,0,0.8129092246312877,Critical
TCU-01588,Gaborone Main,LO002,Personal Loan,58,Self-Employed,4761.0,74700.0,15.99,60,1816.0,14,54539.0,2024-04-22,0.3814,836,1,3.9,0,1,134925.0,Current,0,0,,0.0,0,0,0,1,0,0,1.8062248995983936,0.38143247216971227,15.689981096408317,1,4,4,0.1528329310534983,Low Risk
TCU-01589,Francistown,LO001,Vehicle Loan,55,Private Sector,8093.0,152100.0,15.43,72,3252.0,5,126030.0,2025-01-15,0.4018,816,0,10.6,2,0,0.0,Current,0,0,,0.0,0,0,0,0,0,0,0.0,0.40182874088718645,18.794019523044607,0,5,3,0.25895632132930957,Medium Risk
TCU-01590,Francistown,LO015,Personal Loan,48,Government Employee,20345.0,237800.0,15.21,48,6643.0,16,146189.0,2024-03-02,0.3265,831,1,27.5,0,0,0.0,Current,0,0,,0.0,0,0,0,0,1,0,0.0,0.32651757188498404,11.688375522241337,0,4,1,0.06382193935278214,Low Risk
TCU-01591,Gaborone Main,LO007,Education Loan,68,Farmer,4317.0,40100.0,14.14,72,829.0,8,35430.0,2024-10-31,0.192,813,0,27.4,0,0,0.0,Current,0,0,,0.0,0,0,0,1,0,0,0.0,0.192031503358814,9.288858003242993,1,2,0,0.08879648433730475,Low Risk
TCU-01592,Lobatse,LO003,Personal Loan,22,Farmer,10536.0,349200.0,14.13,12,31375.0,3,233117.0,2025-03-13,2.9779,764,1,29.0,0,0,0.0,Late (30–89 days),63,2,Called,53168.0,1,1,1,0,1,0,0.0,2.0,33.14350797266515,2,4,0,0.8734562417633657,Critical
TCU-01593,Maun,LO017,Home Loan,22,Private Sector,17099.0,409100.0,18.73,72,9500.0,17,306318.0,2024-01-08,0.5556,830,1,15.7,0,1,930163.0,Current,0,0,,0.0,0,0,1,0,1,0,2.273681251527744,0.5555880460845664,23.92537575296801,3,3,3,0.16686189007705685,Low Risk
TCU-01594,Maun,LO008,Agriculture Loan,64,Farmer,14379.0,294600.0,13.55,60,6786.0,1,282243.0,2025-05-29,0.4719,769,3,29.8,2,0,0.0,Current,0,0,,0.0,0,1,1,0,1,0,0.0,0.4719382432714375,20.488211975798038,3,0,0,0.3752382309208291,Medium Risk
TCU-01595,Gaborone Main,LO007,Business Loan,59,Private Sector,29321.0,244500.0,14.26,12,21983.0,6,106746.0,2024-12-16,0.7497,850,0,11.2,0,0,0.0,Defaulted,156,12,,88216.0,1,0,1,0,1,0,0.0,0.7497356843218171,8.33873333105965,1,1,3,0.7169636472394302,Critical
TCU-01596,Selebi-Phikwe,LO007,Business Loan,61,Farmer,3256.0,98100.0,22.61,36,3778.0,4,78732.0,2025-02-13,1.1603,639,4,29.4,0,0,0.0,Current,0,0,,0.0,0,3,1,1,0,0,0.0,1.1603194103194103,30.12899262899263,4,1,0,0.3875992001023391,Medium Risk
TCU-01597,Selebi-Phikwe,LO007,Business Loan,25,Private Sector,6618.0,111400.0,17.94,24,5558.0,15,39008.0,2024-04-05,0.8398,677,0,6.4,0,1,221645.0,Current,0,0,,0.0,0,2,1,0,0,0,1.9896319569120287,0.8398307645814446,16.83288002417649,4,1,3,0.2134320355900761,Medium Risk
TCU-01598,Gaborone Main,LO010,Education Loan,55,Private Sector,26988.0,21100.0,12.18,12,1876.0,6,9438.0,2024-12-20,0.0695,850,0,13.7,2,1,44015.0,Current,0,0,,0.0,0,0,0,0,0,0,2.0860189573459715,0.06951237587075737,0.7818289610197124,1,2,3,0.4224638725012431,Medium Risk
TCU-01599,Francistown,LO009,Agriculture Loan,55,Student,2653.0,26700.0,21.36,36,1011.0,15,14490.0,2024-03-27,0.3811,574,0,15.7,0,0,0.0,Current,0,0,,0.0,0,4,0,1,0,0,0.0,0.38107802487749715,10.064078401809272,0,0,5,0.09881420023616062,Low Risk
TCU-01600,Maun,LO006,Home Loan,28,Pensioner,6191.0,77600.0,16.68,60,1915.0,15,52408.0,2024-03-22,0.3093,684,0,1.7,0,1,137959.0,Current,0,0,,0.0,0,2,0,0,0,1,1.7778221649484536,0.3093199806170247,12.534324018736877,3,3,2,0.13094653660127023,Low Risk
TCU-01601,Lobatse,LO015,Vehicle Loan,41,Self-Employed,7719.0,9600.0,19.48,36,354.0,8,7002.0,2024-10-15,0.0459,786,0,1.4,0,0,0.0,Early (1–29 days),11,1,,0.0,0,1,0,0,0,1,0.0,0.04586086280606296,1.2436844150796735,2,5,4,0.12501577278999992,Low Risk
TCU-01602,Selebi-Phikwe,LO020,Home Loan,23,Farmer,7160.0,124800.0,20.49,24,6382.0,5,96739.0,2025-01-12,0.8913,736,1,2.8,0,0,0.0,Defaulted,168,10,Letter Sent,57791.0,1,2,1,0,0,0,0.0,0.891340782122905,17.43016759776536,4,3,0,0.5058431898110903,High Risk
TCU-01603,Selebi-Phikwe,LO016,Vehicle Loan,41,Farmer,6258.0,40900.0,12.9,72,819.0,14,28629.0,2024-04-30,0.1309,666,0,17.8,1,1,65395.0,Current,0,0,,0.0,0,3,0,0,0,0,1.5988997555012225,0.13087248322147652,6.535634387983381,4,5,0,0.15590710462613358,Low Risk
TCU-01604,Lobatse,LO010,Education Loan,43,Self-Employed,33957.0,369900.0,15.66,36,12943.0,14,206939.0,2024-04-18,0.3812,850,0,20.5,0,1,827567.0,Current,0,0,,0.0,0,0,0,0,1,0,2.237272235739389,0.38115852401566686,10.893188444208853,2,2,4,0.0628241571477743,Low Risk
TCU-01605,Francistown,LO015,Vehicle Loan,43,Government Employee,15595.0,396700.0,14.32,12,35678.0,12,0.0,2024-06-07,2.2878,850,1,12.2,0,1,508230.0,Late (30–89 days),70,1,Home Visit,0.0,1,0,1,0,1,0,1.2811444416435593,2.0,25.43764026931709,0,5,1,0.9513074153342305,Critical
TCU-01606,Gaborone Main,LO011,Home Loan,62,Government Employee,24326.0,124100.0,12.99,36,4181.0,6,101675.0,2024-12-10,0.1719,850,0,13.3,0,1,308584.0,Current,0,0,,0.0,0,0,0,0,0,0,2.4865753424657533,0.17187371536627477,5.101537449642358,1,3,1,0.06359248791056957,Low Risk
TCU-01607,Selebi-Phikwe,LO014,Education Loan,64,Farmer,3648.0,94800.0,20.26,36,3536.0,15,47254.0,2024-04-03,0.9693,637,0,2.8,0,0,0.0,Current,0,0,,0.0,0,3,1,1,0,0,0.0,0.9692982456140351,25.986842105263158,4,2,0,0.46206138093247695,High Risk
TCU-01608,Lobatse,LO015,Education Loan,27,Student,2310.0,26200.0,9.22,60,547.0,9,21837.0,2024-09-05,0.2368,680,1,12.9,0,0,0.0,Current,0,0,,0.0,0,2,0,1,0,0,0.0,0.23679653679653678,11.341991341991342,2,2,5,0.14892525410093008,Low Risk
TCU-01609,Gaborone Main,LO003,Personal Loan,63,Student,2790.0,64500.0,17.76,12,5906.0,12,0.0,2024-04-20,2.1168,714,1,1.9,0,1,125928.0,Defaulted,201,12,Home Visit,0.0,1,2,1,1,0,1,1.9523720930232558,2.0,23.118279569892472,1,4,5,0.9488641811502042,Critical
TCU-01610,Francistown,LO001,Agriculture Loan,59,Government Employee,19375.0,224900.0,15.44,24,10952.0,16,70014.0,2024-03-05,0.5653,850,1,16.1,0,0,0.0,Current,0,0,,0.0,0,0,1,0,0,0,0.0,0.5652645161290323,11.60774193548387,0,0,1,0.14491536825571588,Low Risk
TCU-01611,Selebi-Phikwe,LO008,Agriculture Loan,50,Farmer,13584.0,403200.0,19.96,60,10673.0,10,300668.0,2024-08-26,0.7857,779,0,23.1,0,1,424622.0,Current,0,0,,0.0,0,1,1,0,1,0,1.0531299603174604,0.7857037691401649,29.681978798586574,4,0,0,0.2921203059737633,Medium Risk
TCU-01612,Lobatse,LO007,Agriculture Loan,38,Farmer,12180.0,289700.0,15.23,24,14078.0,3,238046.0,2025-03-28,1.1558,717,1,15.8,0,1,450242.0,Late (30–89 days),66,1,Legal Notice,42319.0,1,2,1,0,1,0,1.5541663790127718,1.1558292282430214,23.78489326765189,2,0,0,0.8924061452721561,Critical
TCU-01613,Gaborone Main,LO010,Home Loan,50,Student,2844.0,95000.0,17.32,72,2130.0,6,77278.0,2024-12-08,0.7489,704,1,9.7,0,0,0.0,Defaulted,168,9,Legal Notice,58461.0,1,2,1,1,0,0,0.0,0.7489451476793249,33.40365682137834,1,3,5,0.788705997510052,Critical
TCU-01614,Lobatse,LO013,Home Loan,22,Pensioner,8594.0,114500.0,18.85,84,2464.0,16,92117.0,2024-03-06,0.2867,636,0,29.6,0,1,243719.0,Current,0,0,,0.0,0,3,0,0,0,0,2.1285502183406115,0.28671165929718406,13.32324877821736,2,3,2,0.09313604793300714,Low Risk
TCU-01615,Maun,LO013,Education Loan,63,Private Sector,17775.0,22200.0,15.75,24,1084.0,1,20340.0,2025-05-12,0.061,850,0,21.5,0,1,52478.0,Current,0,0,,0.0,0,0,0,0,0,0,2.363873873873874,0.0609845288326301,1.248945147679325,3,2,3,0.08066754898592855,Low Risk
TCU-01616,Francistown,LO002,Home Loan,53,Pensioner,8723.0,83000.0,20.9,36,3123.0,2,74422.0,2025-04-05,0.358,729,1,20.1,1,1,179441.0,Early (1–29 days),29,1,,0.0,0,2,0,0,0,0,2.1619397590361444,0.35801903015017766,9.515075088845581,0,3,2,0.19444859963935038,Low Risk
TCU-01617,Gaborone Main,LO005,Vehicle Loan,44,Self-Employed,26939.0,215100.0,18.41,60,5510.0,9,161302.0,2024-09-27,0.2045,850,1,11.3,0,0,0.0,Current,0,0,,0.0,0,0,0,0,0,0,0.0,0.20453617431975946,7.984706188054494,1,5,4,0.08515709052073474,Low Risk
TCU-01618,Gaborone Main,LO010,Business Loan,33,Government Employee,9492.0,152900.0,12.38,72,3020.0,14,120684.0,2024-04-12,0.3182,738,0,7.9,0,0,0.0,Current,0,0,,0.0,0,2,0,0,0,0,0.0,0.31816266329540666,16.108301727770755,1,1,1,0.07929969800660784,Low Risk
TCU-01619,Maun,LO014,Home Loan,64,Government Employee,18665.0,124400.0,21.71,36,4732.0,16,64378.0,2024-02-20,0.2535,744,3,25.1,1,1,296012.0,Current,0,0,,0.0,0,1,0,0,0,0,2.37951768488746,0.25352263594963836,6.66488079292794,3,3,1,0.21497861357861597,Medium Risk
TCU-01620,Lobatse,LO002,Home Loan,33,Farmer,4546.0,13000.0,14.73,72,273.0,15,9885.0,2024-03-20,0.0601,539,1,1.6,0,0,0.0,Current,0,0,,0.0,0,4,0,1,0,1,0.0,0.060052793664760226,2.8596568411790586,2,3,0,0.26235331511830096,Medium Risk
TCU-01621,Lobatse,LO014,Home Loan,63,Self-Employed,26253.0,284400.0,15.83,72,6143.0,12,213940.0,2024-07-03,0.234,850,0,9.1,0,0,0.0,Current,0,0,,0.0,0,0,0,0,1,0,0.0,0.23399230564126006,10.83304765169695,2,3,4,0.053509415067404024,Low Risk
TCU-01622,Selebi-Phikwe,LO016,Agriculture Loan,22,Student,4639.0,26100.0,9.12,12,2284.0,12,0.0,2024-01-12,0.4923,627,0,26.7,0,1,46955.0,Current,0,0,,0.0,0,3,1,1,0,0,1.7990421455938697,0.4923474886829058,5.626212545807286,4,0,5,0.13417209966141277,Low Risk
TCU-01623,Maun,LO015,Business Loan,51,Government Employee,24429.0,125300.0,9.78,24,5769.0,3,97830.0,2025-03-30,0.2362,850,1,10.9,1,1,143107.0,Current,0,0,,0.0,0,0,0,0,0,0,1.1421149241819633,0.23615375168856687,5.129149780997994,3,1,1,0.15897476985769493,Low Risk
TCU-01624,Selebi-Phikwe,LO005,Home Loan,54,Government Employee,15713.0,60600.0,15.58,24,2955.0,16,19214.0,2024-02-25,0.1881,785,1,26.8,1,1,123069.0,Late (30–89 days),52,2,SMS Sent,4563.0,1,1,0,0,0,0,2.030841584158416,0.1880608413415643,3.8566791828422327,4,3,1,0.4237008642057971,Medium Risk
TCU-01625,Gaborone Main,LO011,Vehicle Loan,49,Pensioner,9742.0,376900.0,9.79,60,7969.0,15,276289.0,2024-04-03,0.818,663,0,5.8,0,0,0.0,Current,0,0,,0.0,0,3,1,0,1,0,0.0,0.8180045165263806,38.68815438308356,1,5,2,0.30193380904715117,Medium Risk
TCU-01626,Maun,LO009,Education Loan,36,Government Employee,12792.0,138300.0,9.77,84,2280.0,3,119975.0,2025-03-04,0.1782,782,2,26.9,0,1,312996.0,Current,0,0,,0.0,0,1,0,0,0,0,2.263167028199566,0.17823639774859287,10.811444652908067,3,2,1,0.10530347849439979,Low Risk
TCU-01627,Maun,LO014,Agriculture Loan,33,Farmer,9340.0,208900.0,13.63,12,18720.0,12,0.0,2024-01-26,2.0043,737,2,27.2,0,1,346256.0,Late (30–89 days),68,1,Home Visit,0.0,1,2,1,0,0,0,1.657520344662518,2.0,22.366167023554603,3,0,0,0.9285157810816932,Critical
TCU-01628,Francistown,LO008,Vehicle Loan,45,Student,2211.0,17800.0,19.48,36,657.0,7,12604.0,2024-11-05,0.2972,672,2,2.1,0,1,22768.0,Current,0,0,,0.0,0,2,0,1,0,0,1.2791011235955057,0.2971506105834464,8.050655811849841,0,5,5,0.21997444399754282,Medium Risk
TCU-01629,Francistown,LO004,Vehicle Loan,50,Government Employee,8182.0,106900.0,9.45,84,1744.0,11,83718.0,2024-07-07,0.2132,711,1,20.6,1,0,0.0,Current,0,0,,0.0,0,2,0,0,0,0,0.0,0.21315081887069176,13.065265216328527,0,5,1,0.12172488261345502,Low Risk
TCU-01630,Selebi-Phikwe,LO018,Home Loan,52,Government Employee,14472.0,90200.0,15.39,12,8158.0,6,42423.0,2024-12-29,0.5637,725,1,22.3,3,0,0.0,Defaulted,125,3,,30058.0,1,2,1,0,0,0,0.0,0.5637092316196793,6.232725262576009,4,3,1,0.5634594835500063,High Risk
TCU-01631,Gaborone Main,LO013,Education Loan,45,Pensioner,8614.0,117700.0,9.64,60,2480.0,11,96050.0,2024-08-04,0.2879,670,0,18.3,1,0,0.0,Current,0,0,,0.0,0,2,0,0,0,0,0.0,0.2879034130485257,13.663803111214301,1,2,2,0.10124901082047559,Low Risk
TCU-01632,Maun,LO005,Agriculture Loan,62,Self-Employed,16026.0,260800.0,15.74,72,5620.0,1,251487.0,2025-05-24,0.3507,850,4,26.0,0,1,288412.0,Defaulted,365,8,,148735.0,1,0,0,0,1,0,1.1058742331288343,0.3506801447647573,16.27355547235742,3,0,4,0.42593591058136454,Medium Risk
TCU-01633,Selebi-Phikwe,LO004,Education Loan,68,Private Sector,21879.0,15000.0,10.49,84,253.0,5,13658.0,2025-01-27,0.0116,850,1,15.6,1,0,0.0,Defaulted,202,9,Legal Notice,10616.0,1,0,0,0,0,0,0.0,0.011563599798893917,0.6855889208830386,4,2,3,0.2463819124409864,Medium Risk
TCU-01634,Lobatse,LO009,Education Loan,63,Government Employee,8059.0,170300.0,9.26,84,2762.0,11,147880.0,2024-07-20,0.3427,742,1,12.5,0,1,405214.0,Current,0,0,,0.0,0,1,0,0,0,0,2.3794128009395186,0.34272242213674153,21.13165405137114,2,2,1,0.05812878315635724,Low Risk
TCU-01635,Selebi-Phikwe,LO002,Personal Loan,51,Farmer,6330.0,32500.0,14.48,24,1568.0,14,11724.0,2024-04-12,0.2477,676,2,18.2,0,1,79269.0,Current,0,0,,0.0,0,2,0,0,0,0,2.439046153846154,0.24770932069510268,5.134281200631912,4,4,0,0.09973560171982777,Low Risk
TCU-01636,Lobatse,LO004,Education Loan,45,Farmer,12809.0,82000.0,21.15,84,1878.0,14,68035.0,2024-05-03,0.1466,848,0,7.6,2,0,0.0,Current,0,0,,0.0,0,0,0,0,0,0,0.0,0.14661566086345537,6.401748770395815,2,2,0,0.31803090879878604,Medium Risk
TCU-01637,Lobatse,LO006,Home Loan,68,Pensioner,4269.0,18000.0,15.74,36,631.0,4,15134.0,2025-03-02,0.1478,762,1,22.1,0,1,29994.0,Current,0,0,,0.0,0,1,0,1,0,0,1.6663333333333334,0.14780979152026236,4.2164441321152495,2,3,2,0.12224565243603239,Low Risk
TCU-01638,Lobatse,LO020,Agriculture Loan,37,Self-Employed,28411.0,277300.0,11.85,24,13034.0,5,199331.0,2025-01-16,0.4588,850,1,14.4,0,1,586250.0,Early (1–29 days),13,1,,0.0,0,0,1,0,1,0,2.1141363144608727,0.4587659709267537,9.760304107563972,2,0,4,0.10526438903997193,Low Risk
TCU-01639,Lobatse,LO004,Business Loan,38,Farmer,7578.0,131900.0,17.31,60,3300.0,11,94967.0,2024-07-12,0.4355,708,1,7.7,0,0,0.0,Current,0,0,,0.0,0,2,1,0,0,0,0.0,0.43547110055423593,17.40564792821325,2,1,0,0.1600949764749201,Low Risk
TCU-01640,Selebi-Phikwe,LO012,Business Loan,54,Student,2324.0,21600.0,19.19,12,1993.0,12,0.0,2024-05-19,0.8576,703,0,16.7,0,1,21829.0,Late (30–89 days),67,1,Letter Sent,0.0,1,2,1,1,0,0,1.0106018518518518,0.8575731497418244,9.294320137693632,4,1,5,0.3737019007735946,Medium Risk
TCU-01641,Francistown,LO019,Business Loan,29,Farmer,12608.0,51100.0,15.33,48,1431.0,3,43132.0,2025-03-17,0.1135,837,1,8.7,1,0,0.0,Current,0,0,,0.0,0,0,0,0,0,0,0.0,0.11349936548223351,4.052982233502538,0,1,0,0.2358016005890885,Medium Risk
TCU-01642,Selebi-Phikwe,LO016,Agriculture Loan,42,Self-Employed,21371.0,44000.0,13.16,12,3933.0,12,0.0,2024-05-08,0.184,809,0,19.4,0,1,104389.0,Current,0,0,,0.0,0,0,0,0,0,0,2.3724772727272727,0.18403443919329934,2.058864816807824,4,0,4,0.12584215831765616,Low Risk
TCU-01643,Francistown,LO015,Business Loan,24,Pensioner,4301.0,8100.0,20.7,48,250.0,5,6658.0,2025-01-17,0.0581,609,3,8.1,0,1,13859.0,Current,0,0,,0.0,0,3,0,1,0,0,1.7109876543209876,0.05812601720530109,1.8832829574517553,0,1,2,0.20341757905210925,Medium Risk
TCU-01644,Maun,LO011,Personal Loan,55,Pensioner,6398.0,61200.0,22.8,72,1567.0,8,48411.0,2024-10-06,0.2449,779,0,23.7,0,1,138238.0,Current,0,0,,0.0,0,1,0,0,0,0,2.2587908496732028,0.24492028758987183,9.565489215379806,3,4,2,0.10996159637484,Low Risk
TCU-01645,Maun,LO019,Business Loan,34,Self-Employed,8130.0,44800.0,16.63,12,4078.0,4,28125.0,2025-03-01,0.5016,784,0,5.1,1,0,0.0,Current,0,0,,0.0,0,1,1,0,0,0,0.0,0.5015990159901599,5.5104551045510455,3,1,4,0.44088912122646456,Medium Risk
TCU-01646,Maun,LO017,Agriculture Loan,35,Pensioner,4465.0,50100.0,9.08,24,2291.0,8,30685.0,2024-11-02,0.5131,638,0,19.5,1,0,0.0,Current,0,0,,0.0,0,3,1,1,0,0,0.0,0.5131019036954088,11.22060470324748,3,0,2,0.3250984046311607,Medium Risk
TCU-01647,Maun,LO011,Home Loan,46,Private Sector,12812.0,6600.0,11.26,12,584.0,10,991.0,2024-08-24,0.0456,775,2,5.5,0,0,0.0,Defaulted,132,10,Letter Sent,506.0,1,1,0,0,0,0,0.0,0.045582266625039024,0.5151420543240712,3,3,3,0.5850342051263189,High Risk
TCU-01648,Selebi-Phikwe,LO013,Personal Loan,36,Self-Employed,37060.0,463300.0,21.41,36,17553.0,2,416898.0,2025-04-28,0.4736,850,2,2.0,0,0,0.0,Current,0,0,,0.0,0,0,1,0,1,0,0.0,0.47363734484619535,12.501349163518618,4,4,4,0.1400605377762212,Low Risk
TCU-01649,Lobatse,LO012,Personal Loan,25,Farmer,7694.0,18500.0,18.3,72,425.0,15,14075.0,2024-03-28,0.0552,719,0,3.6,0,1,30984.0,Current,0,0,,0.0,0,2,0,0,0,0,1.6748108108108108,0.05523784767351183,2.404471016376397,2,4,0,0.04953497371526096,Low Risk
TCU-01650,Maun,LO009,Personal Loan,27,Pensioner,5150.0,84000.0,14.07,84,1577.0,17,58362.0,2024-01-13,0.3062,661,0,28.2,1,1,196404.0,Current,0,0,,0.0,0,3,0,0,0,0,2.338142857142857,0.3062135922330097,16.310679611650485,3,4,2,0.1080752091453054,Low Risk
TCU-01651,Lobatse,LO004,Agriculture Loan,50,Student,2806.0,18000.0,9.42,36,576.0,12,11528.0,2024-06-30,0.2053,671,0,17.8,0,0,0.0,Current,0,0,,0.0,0,2,0,1,0,0,0.0,0.2052744119743407,6.414825374198147,2,0,5,0.15771410973833544,Low Risk
TCU-01652,Lobatse,LO004,Home Loan,60,Self-Employed,7966.0,12800.0,21.14,36,483.0,4,11209.0,2025-02-10,0.0606,791,1,17.6,0,1,17235.0,Defaulted,151,5,SMS Sent,8624.0,1,1,0,0,0,0,1.346484375,0.06063268892794376,1.6068290233492342,2,3,4,0.3622645447920238,Medium Risk
TCU-01653,Maun,LO002,Business Loan,28,Farmer,3620.0,105900.0,19.38,48,3188.0,1,96127.0,2025-05-30,0.8807,587,1,16.5,0,1,118317.0,Late (30–89 days),72,2,,20597.0,1,3,1,1,0,0,1.1172521246458924,0.8806629834254144,29.25414364640884,3,1,0,0.8161528465815145,Critical
TCU-01654,Gaborone Main,LO014,Home Loan,42,Pensioner,9740.0,209800.0,23.94,36,8224.0,11,141234.0,2024-07-14,0.8444,729,2,17.0,0,1,235851.0,Current,0,0,,0.0,0,2,1,0,0,0,1.124170638703527,0.84435318275154,21.540041067761805,1,3,2,0.3196587767815394,Medium Risk
TCU-01655,Lobatse,LO006,Business Loan,44,Farmer,6478.0,191300.0,23.58,72,4988.0,13,136715.0,2024-05-08,0.77,694,0,5.6,0,0,0.0,Current,0,0,,0.0,0,2,1,0,0,0,0.0,0.7699907378820624,29.530719357826488,2,1,0,0.34574891655671075,Medium Risk
TCU-01656,Francistown,LO009,Business Loan,30,Self-Employed,12703.0,278000.0,21.11,48,8625.0,5,212793.0,2025-01-29,0.679,646,2,18.8,1,0,0.0,Current,0,0,,0.0,0,3,1,0,1,0,0.0,0.6789734708336613,21.884594190348736,0,1,4,0.3730689721166802,Medium Risk
TCU-01657,Selebi-Phikwe,LO013,Vehicle Loan,56,Farmer,6629.0,219700.0,22.38,48,6967.0,1,210710.0,2025-05-13,1.051,792,0,23.9,1,1,265809.0,Defaulted,108,8,SMS Sent,165305.0,1,1,1,0,0,0,1.209872553482021,1.050988082667069,33.14225373359481,4,5,0,0.7588679955685674,Critical
TCU-01658,Lobatse,LO016,Business Loan,66,Student,2493.0,69700.0,13.84,24,3341.0,3,55008.0,2025-03-18,1.3402,742,3,13.4,1,0,0.0,Late (30–89 days),41,2,Home Visit,19227.0,1,1,1,1,0,0,0.0,1.340152426795026,27.958283192940232,2,1,5,0.91383009726279,Critical
TCU-01659,Francistown,LO019,Education Loan,68,Student,2617.0,29400.0,10.1,60,626.0,12,22797.0,2024-06-22,0.2392,679,0,6.2,0,1,65213.0,Early (1–29 days),29,1,,0.0,0,2,0,1,0,0,2.21812925170068,0.23920519679021782,11.234237676729078,0,2,5,0.10379081842437081,Low Risk
TCU-01660,Francistown,LO008,Home Loan,24,Self-Employed,36536.0,327000.0,9.73,60,6904.0,5,280812.0,2025-01-11,0.189,850,0,2.9,0,0,0.0,Current,0,0,,0.0,0,0,0,0,1,0,0.0,0.18896430917451282,8.950076636741844,0,3,4,0.06025307596116319,Low Risk
TCU-01661,Selebi-Phikwe,LO002,Home Loan,37,Self-Employed,4246.0,105600.0,18.66,48,3139.0,1,93706.0,2025-05-05,0.7393,659,2,9.3,0,0,0.0,Current,0,0,,0.0,0,3,1,1,0,0,0.0,0.739284032030146,24.870466321243523,4,3,4,0.6268054062757511,High Risk
TCU-01662,Selebi-Phikwe,LO017,Vehicle Loan,44,Farmer,11452.0,238200.0,12.18,12,21184.0,7,97939.0,2024-11-29,1.8498,683,0,18.5,1,0,0.0,Late (30–89 days),40,1,Legal Notice,31836.0,1,2,1,0,1,0,0.0,1.8498078938176739,20.799860286412855,4,5,0,0.949845763470117,Critical
TCU-01663,Gaborone Main,LO007,Business Loan,43,Self-Employed,29487.0,308100.0,13.94,12,27655.0,4,181004.0,2025-02-27,0.9379,850,2,27.8,0,0,0.0,Late (30–89 days),73,1,Home Visit,62325.0,1,0,1,0,1,0,0.0,0.937870926170855,10.448672296266151,1,1,4,0.426113783037795,Medium Risk
TCU-01664,Maun,LO020,Personal Loan,36,Farmer,14313.0,15300.0,9.51,24,703.0,1,14405.0,2025-05-23,0.0491,744,3,4.6,0,1,30501.0,Current,0,0,,0.0,0,1,0,0,0,0,1.9935294117647058,0.04911618808076574,1.0689582896667364,3,4,0,0.1523235102377377,Low Risk
TCU-01665,Francistown,LO006,Business Loan,24,Student,3717.0,20700.0,9.74,12,1817.0,10,3115.0,2024-08-23,0.4888,698,2,25.6,0,1,45455.0,Current,0,0,,0.0,0,2,1,1,0,0,2.1958937198067634,0.48883508205542103,5.5690072639225185,0,1,5,0.21105696340042904,Medium Risk
TCU-01666,Francistown,LO016,Business Loan,59,Farmer,3844.0,75200.0,11.69,12,6671.0,12,0.0,2024-01-17,1.7354,643,1,5.3,0,0,0.0,Late (30–89 days),67,2,SMS Sent,0.0,1,3,1,1,0,0,0.0,1.7354318418314256,19.562955254942768,0,1,0,0.8985610300482821,Critical
TCU-01667,Lobatse,LO004,Education Loan,23,Private Sector,25228.0,211700.0,16.98,36,7546.0,15,117518.0,2024-04-04,0.2991,850,1,9.5,1,1,200758.0,Current,0,0,,0.0,0,0,0,0,0,0,0.9483136513934813,0.2991120976692564,8.391469795465357,2,2,3,0.16366454795517818,Low Risk
TCU-01668,Lobatse,LO016,Education Loan,26,Farmer,8347.0,68900.0,20.27,36,2570.0,1,65598.0,2025-05-04,0.3079,675,3,6.7,0,1,77106.0,Current,0,0,,0.0,0,2,0,0,0,0,1.119100145137881,0.30789505211453216,8.254462681202828,2,2,0,0.14506453824610518,Low Risk
TCU-01669,Maun,LO005,Personal Loan,35,Self-Employed,5562.0,121700.0,20.97,36,4583.0,4,91983.0,2025-02-08,0.824,731,0,7.4,0,0,0.0,Early (1–29 days),16,1,,0.0,0,2,1,0,0,0,0.0,0.8239841783531104,21.88061848256023,3,4,4,0.4821692333800224,High Risk
TCU-01670,Francistown,LO008,Education Loan,31,Student,4860.0,114600.0,19.23,24,5790.0,15,39682.0,2024-03-28,1.1914,670,2,2.8,0,0,0.0,Late (30–89 days),67,2,Home Visit,11064.0,1,2,1,1,0,0,0.0,1.191358024691358,23.580246913580247,0,2,5,0.8601315780581537,Critical
TCU-01671,Selebi-Phikwe,LO015,Home Loan,53,Farmer,13377.0,130100.0,18.67,24,6537.0,10,71412.0,2024-08-06,0.4887,850,0,14.0,0,1,165507.0,Current,0,0,,0.0,0,0,1,0,0,0,1.272152190622598,0.48867459071540703,9.725648501158705,4,3,0,0.11168360108502552,Low Risk
TCU-01672,Maun,LO011,Agriculture Loan,59,Self-Employed,22046.0,405200.0,9.81,72,7468.0,2,383798.0,2025-04-12,0.3387,850,0,3.8,0,0,0.0,Current,0,0,,0.0,0,0,0,0,1,0,0.0,0.33874625782454865,18.379751428830627,3,0,4,0.11640109254243225,Low Risk
TCU-01673,Gaborone Main,LO008,Agriculture Loan,41,Student,3718.0,52300.0,20.98,60,1414.0,6,44386.0,2024-12-05,0.3803,698,4,19.3,0,1,54306.0,Current,0,0,,0.0,0,2,0,1,0,0,1.0383556405353729,0.38031199569661106,14.06670252824099,1,0,5,0.17335820373543492,Low Risk
TCU-01674,Lobatse,LO006,Vehicle Loan,34,Private Sector,7948.0,68300.0,23.12,24,3581.0,7,47272.0,2024-11-17,0.4506,687,3,0.7,3,0,0.0,Late (30–89 days),52,1,,10147.0,1,2,1,0,0,1,0.0,0.45055359838953196,8.593356819325617,2,5,3,0.7951212328782705,Critical
TCU-01675,Gaborone Main,LO012,Home Loan,39,Private Sector,22379.0,171600.0,11.9,36,5691.0,9,114847.0,2024-09-30,0.2543,850,2,27.6,1,0,0.0,Current,0,0,,0.0,0,0,0,0,0,0,0.0,0.25430090710040665,7.667902944724966,1,3,3,0.15924701449466894,Low Risk
TCU-01676,Lobatse,LO006,Agriculture Loan,55,Pensioner,8295.0,309700.0,20.89,84,7044.0,17,237399.0,2024-02-02,0.8492,732,1,4.6,0,0,0.0,Defaulted,248,10,SMS Sent,176130.0,1,2,1,0,1,0,0.0,0.8491862567811935,37.33574442435202,2,0,2,0.37523953592976056,Medium Risk
TCU-01677,Maun,LO013,Personal Loan,29,Private Sector,22514.0,248400.0,19.24,36,9136.0,14,150493.0,2024-04-07,0.4058,850,0,13.1,0,1,307293.0,Current,0,0,,0.0,0,0,0,0,1,0,1.2370893719806764,0.40579195167451365,11.033134938260638,3,4,3,0.0678882024476453,Low Risk
TCU-01678,Selebi-Phikwe,LO002,Agriculture Loan,40,Self-Employed,13315.0,201400.0,10.28,12,17732.0,12,0.0,2024-04-30,1.3317,782,1,0.9,0,1,426998.0,Late (30–89 days),44,1,Called,0.0,1,1,1,0,0,1,2.1201489572989076,1.3317311303041681,15.12579797221179,4,0,4,0.9153839734610556,Critical
TCU-01679,Selebi-Phikwe,LO017,Education Loan,41,Farmer,14903.0,330300.0,12.47,84,5914.0,16,257550.0,2024-03-02,0.3968,773,2,7.2,3,0,0.0,Late (30–89 days),77,1,Legal Notice,42568.0,1,1,0,0,1,0,0.0,0.3968328524458163,22.16332282090854,4,2,0,0.3839736155015514,Medium Risk
TCU-01680,Selebi-Phikwe,LO001,Home Loan,32,Self-Employed,34783.0,464900.0,19.04,12,42852.0,12,0.0,2024-04-05,1.232,850,2,9.0,0,1,580795.0,Late (30–89 days),53,1,SMS Sent,0.0,1,0,1,0,1,0,1.249290169929017,1.2319811402121725,13.36572463559785,4,3,4,0.4957175319759595,High Risk
TCU-01681,Maun,LO020,Personal Loan,32,Farmer,13770.0,13500.0,12.7,84,243.0,2,11737.0,2025-04-16,0.0176,753,3,24.3,0,1,29447.0,Current,0,0,,0.0,0,1,0,0,0,0,2.1812592592592592,0.01764705882352941,0.9803921568627451,3,4,0,0.1163736292718379,Low Risk
TCU-01682,Gaborone Main,LO005,Business Loan,30,Self-Employed,8445.0,94200.0,18.37,12,8653.0,12,0.0,2024-01-28,1.0246,665,0,0.8,0,0,0.0,Late (30–89 days),80,1,Called,0.0,1,3,1,0,0,1,0.0,1.0246299585553582,11.154529307282415,1,1,4,0.7095899635948237,Critical
TCU-01683,Maun,LO009,Business Loan,33,Government Employee,18994.0,464100.0,18.64,24,23314.0,5,357289.0,2025-01-09,1.2274,729,0,13.0,0,1,1131311.0,Current,0,0,,0.0,0,2,1,0,1,0,2.4376449041154924,1.2274402442876697,24.434031799515637,3,1,1,0.2866850574592391,Medium Risk
TCU-01684,Maun,LO005,Vehicle Loan,61,Self-Employed,32516.0,138500.0,21.32,36,5241.0,11,88081.0,2024-08-02,0.1612,850,2,26.4,0,1,235581.0,Early (1–29 days),4,1,,0.0,0,0,0,0,0,0,1.7009458483754512,0.16118218723090172,4.259441505720261,3,5,4,0.14927167294239224,Low Risk
TCU-01685,Lobatse,LO010,Personal Loan,39,Pensioner,5098.0,22800.0,17.1,60,568.0,10,18503.0,2024-08-23,0.1114,592,3,22.2,0,0,0.0,Current,0,0,,0.0,0,3,0,0,0,0,0.0,0.1114162416633974,4.472342094939192,2,4,2,0.1242944036398729,Low Risk
TCU-01686,Gaborone Main,LO016,Agriculture Loan,53,Self-Employed,27963.0,292600.0,22.32,84,6912.0,2,277420.0,2025-04-06,0.2472,850,0,23.8,1,0,0.0,Current,0,0,,0.0,0,0,0,0,1,0,0.0,0.2471837785645317,10.463827200228874,1,0,4,0.11519223334468619,Low Risk
TCU-01687,Selebi-Phikwe,LO009,Home Loan,53,Farmer,12343.0,108300.0,20.81,24,5555.0,17,28300.0,2024-02-04,0.4501,781,1,11.9,0,1,111627.0,Current,0,0,,0.0,0,1,1,0,0,0,1.0307202216066482,0.45005266142752975,8.774204002268492,4,3,0,0.11307784891006556,Low Risk
TCU-01688,Maun,LO012,Business Loan,64,Farmer,8962.0,235900.0,21.14,60,6400.0,6,209228.0,2024-12-26,0.7141,792,3,19.8,0,0,0.0,Defaulted,101,7,Called,85985.0,1,1,1,0,1,0,0.0,0.7141263110912742,26.322249497879938,3,1,0,0.616856230995175,High Risk
TCU-01689,Maun,LO007,Education Loan,45,Self-Employed,19662.0,133700.0,17.39,60,3351.0,10,97066.0,2024-08-15,0.1704,811,0,17.1,0,1,258887.0,Current,0,0,,0.0,0,0,0,0,0,0,1.9363275991024682,0.1704302715898688,6.799918624758417,3,2,4,0.06950245307834779,Low Risk
TCU-01690,Selebi-Phikwe,LO002,Business Loan,34,Government Employee,10239.0,120100.0,20.12,72,2885.0,8,94690.0,2024-10-31,0.2818,692,1,15.5,0,0,0.0,Current,0,0,,0.0,0,2,0,0,0,0,0.0,0.2817657974411564,11.72966109971677,4,1,1,0.1299826758909765,Low Risk
TCU-01691,Francistown,LO014,Personal Loan,31,Student,4252.0,116500.0,17.33,72,2613.0,9,91786.0,2024-09-25,0.6145,685,2,11.0,0,0,0.0,Current,0,0,,0.0,0,2,1,1,0,0,0.0,0.6145343367826905,27.39887111947319,0,4,5,0.32650512739398463,Medium Risk
TCU-01692,Gaborone Main,LO016,Agriculture Loan,68,Private Sector,26978.0,432300.0,20.92,48,13368.0,14,284582.0,2024-04-19,0.4955,850,0,4.8,0,0,0.0,Current,0,0,,0.0,0,0,1,0,1,0,0.0,0.4955148639632293,16.0241678404626,1,0,3,0.13204197974948598,Low Risk
TCU-01693,Selebi-Phikwe,LO013,Personal Loan,64,Private Sector,17080.0,139000.0,8.97,72,2503.0,8,123157.0,2024-10-10,0.1465,830,0,11.3,0,0,0.0,Current,0,0,,0.0,0,0,0,0,0,0,0.0,0.1465456674473068,8.13817330210773,4,4,3,0.07948197012904556,Low Risk
TCU-01694,Gaborone Main,LO005,Agriculture Loan,23,Self-Employed,35300.0,360600.0,11.01,48,9322.0,8,286039.0,2024-10-25,0.2641,850,0,11.0,1,0,0.0,Current,0,0,,0.0,0,0,0,0,1,0,0.0,0.2640793201133145,10.215297450424929,1,0,4,0.09927524482032447,Low Risk
TCU-01695,Selebi-Phikwe,LO009,Business Loan,48,Farmer,5475.0,76400.0,11.86,84,1343.0,10,65487.0,2024-08-22,0.2453,773,2,4.4,0,0,0.0,Current,0,0,,0.0,0,1,0,0,0,0,0.0,0.24529680365296805,13.954337899543379,4,1,0,0.15849343349657188,Low Risk
TCU-01696,Gaborone Main,LO002,Personal Loan,27,Self-Employed,8966.0,50400.0,11.06,36,1651.0,11,34444.0,2024-07-17,0.1841,697,1,28.6,0,1,115479.0,Current,0,0,,0.0,0,2,0,0,0,0,2.29125,0.1841400847646665,5.621235779611867,1,4,4,0.0803510298137466,Low Risk
TCU-01697,Selebi-Phikwe,LO003,Home Loan,43,Private Sector,27662.0,60100.0,8.91,24,2743.0,18,14034.0,2024-01-05,0.0992,850,1,1.4,1,0,0.0,Defaulted,197,6,Called,8563.0,1,0,0,0,0,1,0.0,0.09916130431639071,2.172655628660256,4,3,3,0.22668073885684398,Medium Risk
TCU-01698,Lobatse,LO016,Business Loan,28,Private Sector,27338.0,47400.0,13.33,36,1605.0,16,25914.0,2024-02-22,0.0587,850,2,20.7,0,0,0.0,Current,0,0,,0.0,0,0,0,0,0,0,0.0,0.05870948862389348,1.7338503182383496,2,1,3,0.11508508950137596,Low Risk
TCU-01699,Francistown,LO014,Education Loan,23,Pensioner,8297.0,10600.0,10.84,12,936.0,1,8384.0,2025-05-04,0.1128,740,1,25.4,3,1,12901.0,Current,0,0,,0.0,0,1,0,0,0,0,1.2170754716981131,0.11281185970832831,1.2775702060985898,0,2,2,0.22687610637415404,Medium Risk
TCU-01700,Francistown,LO007,Personal Loan,24,Private Sector,25509.0,453900.0,22.35,60,12627.0,2,435221.0,2025-04-20,0.495,850,0,11.1,1,1,492252.0,Defaulted,359,11,Home Visit,185191.0,1,0,1,0,1,0,1.084494382022472,0.49500176408326474,17.79371986357756,0,4,3,0.24328563043056828,Medium Risk
TCU-01701,Maun,LO003,Vehicle Loan,22,Pensioner,6017.0,87600.0,12.83,24,4158.0,17,21898.0,2024-01-25,0.691,585,1,10.8,1,1,120813.0,Early (1–29 days),11,1,,0.0,0,3,1,0,0,0,1.3791438356164383,0.6910420475319927,14.558750207744723,3,5,2,0.20177110919710067,Medium Risk
TCU-01702,Maun,LO011,Personal Loan,58,Government Employee,13043.0,221700.0,22.47,48,7042.0,4,191703.0,2025-02-26,0.5399,796,1,4.3,0,1,305170.0,Current,0,0,,0.0,0,1,1,0,0,0,1.3764997744700045,0.5399064632369853,16.997623246185693,3,4,1,0.0904679483375582,Low Risk
TCU-01703,Maun,LO008,Agriculture Loan,30,Government Employee,17409.0,165400.0,9.21,72,2999.0,9,142699.0,2024-09-22,0.1723,832,0,20.0,2,0,0.0,Current,0,0,,0.0,0,0,0,0,0,0,0.0,0.17226721810557757,9.500832902521685,3,0,1,0.2258611971177633,Medium Risk
TCU-01704,Selebi-Phikwe,LO015,Home Loan,49,Student,4890.0,122500.0,17.18,72,2737.0,3,109712.0,2025-03-05,0.5597,758,2,26.0,0,0,0.0,Current,0,0,,0.0,0,1,1,1,0,0,0.0,0.5597137014314928,25.051124744376278,4,3,5,0.16920824833964962,Low Risk
TCU-01705,Gaborone Main,LO013,Agriculture Loan,26,Government Employee,21788.0,322300.0,23.66,36,12587.0,15,174021.0,2024-04-03,0.5777,764,1,18.5,0,1,286542.0,Current,0,0,,0.0,0,1,1,0,1,0,0.8890536766987279,0.5777033229300532,14.79254635579218,1,0,1,0.14879984769763982,Low Risk
TCU-01706,Maun,LO012,Agriculture Loan,29,Farmer,11040.0,54300.0,22.35,24,2826.0,3,44281.0,2025-03-25,0.256,662,0,0.6,0,0,0.0,Current,0,0,,0.0,0,3,0,0,0,1,0.0,0.2559782608695652,4.918478260869565,3,0,0,0.13752533611483758,Low Risk
TCU-01707,Selebi-Phikwe,LO019,Business Loan,50,Self-Employed,39487.0,451900.0,10.66,12,39868.0,10,71568.0,2024-08-13,1.0096,850,4,28.9,1,1,641314.0,Current,0,0,,0.0,0,0,1,0,1,0,1.41915025448108,1.0096487451566338,11.444272798642592,4,1,4,0.2291920577216762,Medium Risk
TCU-01708,Gaborone Main,LO001,Education Loan,31,Private Sector,24730.0,255400.0,17.43,84,5283.0,14,192638.0,2024-04-27,0.2136,850,0,9.5,0,1,212882.0,Current,0,0,,0.0,0,0,0,0,1,0,0.8335238841033673,0.21362717347351395,10.327537403962799,1,2,3,0.07330036249611335,Low Risk
TCU-01709,Lobatse,LO007,Vehicle Loan,43,Farmer,10840.0,141500.0,8.98,36,4498.0,15,80327.0,2024-03-15,0.4149,850,1,19.8,0,1,217522.0,Current,0,0,,0.0,0,0,0,0,0,0,1.5372579505300354,0.41494464944649445,13.05350553505535,2,5,0,0.11589819461684708,Low Risk
TCU-01710,Selebi-Phikwe,LO001,Agriculture Loan,60,Farmer,8980.0,10100.0,16.23,48,287.0,14,6973.0,2024-04-11,0.032,748,2,7.8,0,0,0.0,Early (1–29 days),28,1,,0.0,0,1,0,0,0,0,0.0,0.031959910913140314,1.1247216035634744,4,0,0,0.11276994495524141,Low Risk
TCU-01711,Maun,LO010,Business Loan,64,Farmer,7650.0,141900.0,18.37,84,3013.0,5,118207.0,2025-01-25,0.3939,816,0,2.8,0,1,231673.0,Late (30–89 days),50,2,Legal Notice,40552.0,1,0,0,0,0,0,1.6326497533474278,0.3938562091503268,18.54901960784314,3,1,0,0.4156527874280076,Medium Risk
TCU-01712,Gaborone Main,LO017,Business Loan,49,Farmer,6486.0,104300.0,9.54,24,4791.0,1,92546.0,2025-05-15,0.7387,683,3,19.0,0,0,0.0,Current,0,0,,0.0,0,2,1,0,0,0,0.0,0.7386679000925069,16.080789392537774,1,1,0,0.5397026695053415,High Risk
TCU-01713,Maun,LO019,Business Loan,35,Student,1788.0,10500.0,11.89,84,185.0,12,7816.0,2024-06-12,0.1035,631,1,24.8,0,0,0.0,Late (30–89 days),75,2,Letter Sent,2634.0,1,3,0,1,0,0,0.0,0.10346756152125279,5.87248322147651,3,1,5,0.7376698750763693,Critical
TCU-01714,Selebi-Phikwe,LO016,Personal Loan,44,Farmer,7361.0,85500.0,19.88,48,2596.0,5,69592.0,2025-01-23,0.3527,712,0,12.8,0,1,80685.0,Current,0,0,,0.0,0,2,0,0,0,0,0.9436842105263158,0.3526694742562152,11.615269664447766,4,4,0,0.08168325447397233,Low Risk
TCU-01715,Selebi-Phikwe,LO016,Agriculture Loan,45,Farmer,14353.0,202800.0,14.27,48,5569.0,3,172582.0,2025-03-19,0.388,833,0,17.1,0,1,416463.0,Current,0,0,,0.0,0,0,0,0,0,0,2.0535650887573964,0.3880025081864419,14.129450289138159,4,0,0,0.07180306035576893,Low Risk
TCU-01716,Maun,LO006,Personal Loan,41,Self-Employed,21676.0,179000.0,16.83,48,5149.0,13,122558.0,2024-05-17,0.2375,802,1,29.9,0,1,227148.0,Current,0,0,,0.0,0,0,0,0,0,0,1.2689832402234638,0.23754382727440487,8.257981177338992,3,4,4,0.07761516484487481,Low Risk
TCU-01717,Gaborone Main,LO014,Education Loan,57,Self-Employed,10126.0,200300.0,19.03,72,4686.0,3,185767.0,2025-03-18,0.4628,767,2,4.6,0,0,0.0,Late (30–89 days),40,1,SMS Sent,30510.0,1,1,1,0,0,0,0.0,0.4627691092237804,19.780762393837644,1,2,4,0.6178736418770044,High Risk
TCU-01718,Lobatse,LO007,Education Loan,34,Government Employee,21953.0,372200.0,22.4,12,34908.0,12,0.0,2024-04-24,1.5901,850,1,20.2,0,1,634237.0,Late (30–89 days),53,1,Letter Sent,0.0,1,0,1,0,1,0,1.7040220311660397,1.5901243565799663,16.954402587345694,2,2,1,0.9723797050702707,Critical
TCU-01719,Selebi-Phikwe,LO004,Home Loan,31,Pensioner,4449.0,53200.0,23.01,36,2060.0,2,48040.0,2025-04-10,0.463,610,3,28.8,1,1,87931.0,Late (30–89 days),45,2,Home Visit,8997.0,1,3,1,1,0,0,1.6528383458646616,0.46302539896605976,11.957743313104068,4,3,2,0.737110895053802,Critical
TCU-01720,Selebi-Phikwe,LO008,Agriculture Loan,49,Pensioner,9922.0,223500.0,20.99,36,8419.0,3,194558.0,2025-03-23,0.8485,745,0,19.8,2,1,438122.0,Current,0,0,,0.0,0,1,1,0,0,0,1.9602774049217002,0.8485184438621246,22.525700463616207,4,0,2,0.39333169235894994,Medium Risk
TCU-01721,Selebi-Phikwe,LO005,Home Loan,59,Government Employee,22632.0,156700.0,15.79,72,3381.0,12,122590.0,2024-06-21,0.1494,802,3,8.9,0,0,0.0,Current,0,0,,0.0,0,0,0,0,0,0,0.0,0.14939024390243902,6.923824673029339,4,3,1,0.11278706661968084,Low Risk
TCU-01722,Selebi-Phikwe,LO019,Agriculture Loan,34,Farmer,13061.0,29100.0,21.1,12,2711.0,12,0.0,2024-05-14,0.2076,832,3,25.6,1,0,0.0,Defaulted,250,5,Called,0.0,1,0,0,0,0,0,0.0,0.20756450501492996,2.2280070438710666,4,0,0,0.24369091695203926,Medium Risk
TCU-01723,Selebi-Phikwe,LO006,Personal Loan,56,Student,4703.0,67400.0,14.16,12,6057.0,12,0.0,2024-02-12,1.2879,793,0,24.9,1,0,0.0,Late (30–89 days),32,1,Home Visit,0.0,1,1,1,1,0,0,0.0,1.287901339570487,14.331277907718478,4,4,5,0.8416428519881317,Critical
TCU-01724,Francistown,LO020,Business Loan,48,Private Sector,29650.0,263400.0,12.96,72,5282.0,13,195874.0,2024-05-14,0.1781,850,0,20.4,0,1,315956.0,Current,0,0,,0.0,0,0,0,0,1,0,1.199529233105543,0.17814502529510962,8.883642495784148,0,1,3,0.09858679677182672,Low Risk
TCU-01725,Maun,LO003,Agriculture Loan,60,Pensioner,5642.0,18400.0,12.89,36,619.0,11,12304.0,2024-07-13,0.1097,692,0,22.9,1,1,41843.0,Current,0,0,,0.0,0,2,0,0,0,0,2.2740760869565215,0.10971286777738391,3.2612548741581,3,0,2,0.20494264926089414,Medium Risk
TCU-01726,Lobatse,LO015,Personal Loan,62,Pensioner,4838.0,35200.0,20.71,12,3273.0,12,0.0,2024-01-25,0.6765,785,0,14.8,0,1,68712.0,Current,0,0,,0.0,0,1,1,1,0,0,1.9520454545454546,0.6765192228193468,7.275733774286896,2,4,2,0.12464350674544361,Low Risk
TCU-01727,Francistown,LO016,Vehicle Loan,53,Farmer,7255.0,64400.0,15.28,48,1801.0,6,51919.0,2024-12-31,0.2482,742,1,3.6,0,1,151052.0,Current,0,0,,0.0,0,1,0,0,0,0,2.345527950310559,0.24824259131633356,8.876636802205375,0,5,0,0.11447468858303785,Low Risk
TCU-01728,Francistown,LO019,Agriculture Loan,37,Pensioner,9220.0,60100.0,19.47,84,1315.0,13,50507.0,2024-05-22,0.1426,774,0,28.0,0,0,0.0,Current,0,0,,0.0,0,1,0,0,0,0,0.0,0.14262472885032537,6.518438177874186,0,0,2,0.10290763678274553,Low Risk
TCU-01729,Francistown,LO016,Education Loan,25,Farmer,13256.0,257300.0,22.22,60,7139.0,12,202494.0,2024-07-04,0.5385,764,0,26.6,0,0,0.0,Early (1–29 days),15,1,,0.0,0,1,1,0,1,0,0.0,0.5385485817742909,19.410078455039226,0,2,0,0.11283191307482973,Low Risk
TCU-01730,Lobatse,LO004,Business Loan,29,Student,4952.0,33200.0,19.3,36,1222.0,7,24586.0,2024-11-18,0.2468,600,3,28.5,1,1,68291.0,Current,0,0,,0.0,0,3,0,1,0,0,2.056957831325301,0.24676898222940227,6.704361873990307,2,1,5,0.2019668219520452,Medium Risk
TCU-01731,Selebi-Phikwe,LO011,Education Loan,24,Student,1811.0,9700.0,12.4,48,257.0,9,7735.0,2024-09-14,0.1419,583,0,5.2,1,0,0.0,Late (30–89 days),39,1,,2108.0,1,3,0,1,0,0,0.0,0.14191054665930425,5.356156819436776,4,2,5,0.7560510316877713,Critical
TCU-01732,Gaborone Main,LO015,Agriculture Loan,22,Student,2026.0,87700.0,14.67,60,2071.0,10,65619.0,2024-09-01,1.0222,651,1,1.9,0,0,0.0,Current,0,0,,0.0,0,3,1,1,0,1,0.0,1.0222112537018757,43.28726554787759,1,0,5,0.2833083550145604,Medium Risk
TCU-01733,Gaborone Main,LO020,Business Loan,52,Government Employee,11202.0,99200.0,8.72,60,2046.0,16,71650.0,2024-02-14,0.1826,751,4,10.6,1,1,240806.0,Current,0,0,,0.0,0,1,0,0,0,0,2.427479838709677,0.18264595607927156,8.855561506873773,1,1,1,0.1628816303698715,Low Risk
TCU-01734,Selebi-Phikwe,LO004,Vehicle Loan,45,Pensioner,4994.0,172000.0,18.64,24,8640.0,8,102183.0,2024-10-23,1.7301,660,1,6.9,0,1,248285.0,Current,0,0,,0.0,0,3,1,1,0,0,1.443517441860465,1.7300760913095714,34.44132959551462,4,5,2,0.6217882289793494,High Risk
TCU-01735,Gaborone Main,LO011,Home Loan,55,Self-Employed,30948.0,169800.0,15.72,48,4788.0,11,117411.0,2024-07-27,0.1547,850,4,11.3,1,0,0.0,Current,0,0,,0.0,0,0,0,0,0,0,0.0,0.1547111283443195,5.486622721985266,1,3,4,0.25302951659741457,Medium Risk
TCU-01736,Maun,LO019,Vehicle Loan,67,Pensioner,5963.0,11500.0,22.89,84,276.0,10,9683.0,2024-08-22,0.0463,747,1,9.8,0,0,0.0,Current,0,0,,0.0,0,1,0,0,0,0,0.0,0.046285426798591316,1.9285594499413048,3,5,2,0.14763360589361302,Low Risk
TCU-01737,Lobatse,LO006,Business Loan,27,Government Employee,24503.0,42200.0,12.62,36,1414.0,1,40522.0,2025-05-06,0.0577,778,0,19.4,0,1,36994.0,Current,0,0,,0.0,0,1,0,0,0,0,0.8766350710900473,0.0577072195241399,1.7222380932946986,2,1,1,0.07772341289551914,Low Risk
TCU-01738,Francistown,LO020,Vehicle Loan,35,Government Employee,8786.0,103700.0,10.91,60,2250.0,13,70532.0,2024-05-26,0.2561,628,1,6.4,0,1,240297.0,Current,0,0,,0.0,0,3,0,0,0,0,2.317232401157184,0.25608923287047575,11.802868199408149,0,5,1,0.11862843810904022,Low Risk
TCU-01739,Gaborone Main,LO003,Agriculture Loan,62,Self-Employed,39613.0,468000.0,17.3,24,23206.0,9,249747.0,2024-09-23,0.5858,850,1,24.4,0,1,808615.0,Current,0,0,,0.0,0,0,1,0,1,0,1.7278098290598292,0.5858177870900967,11.814303385252316,1,0,4,0.09390513168119634,Low Risk
TCU-01740,Selebi-Phikwe,LO015,Agriculture Loan,40,Farmer,10484.0,141600.0,16.34,36,5002.0,7,103788.0,2024-11-06,0.4771,656,4,11.6,0,0,0.0,Early (1–29 days),19,1,,0.0,0,3,1,0,0,0,0.0,0.47710797405570393,13.506295307134682,4,0,0,0.1553434295050169,Low Risk
TCU-01741,Francistown,LO017,Vehicle Loan,62,Self-Employed,22200.0,373000.0,22.53,12,35006.0,7,139923.0,2024-11-30,1.5768,850,1,17.3,1,1,657025.0,Late (30–89 days),88,1,,25445.0,1,0,1,0,1,0,1.7614611260053619,1.5768468468468468,16.8018018018018,0,5,4,0.953037317658046,Critical
TCU-01742,Francistown,LO010,Agriculture Loan,32,Farmer,12935.0,190000.0,19.62,72,4509.0,12,145831.0,2024-06-18,0.3486,845,0,20.6,0,1,369048.0,Current,0,0,,0.0,0,0,0,0,0,0,1.942357894736842,0.3485890993428682,14.688828759180518,0,0,0,0.07365291615385304,Low Risk
TCU-01743,Selebi-Phikwe,LO004,Personal Loan,49,Farmer,7241.0,102300.0,19.8,48,3102.0,15,65551.0,2024-03-30,0.4284,846,0,15.3,0,0,0.0,Current,0,0,,0.0,0,0,0,0,0,0,0.0,0.42839386825024167,14.127882889103715,4,4,0,0.1121425002047473,Low Risk
TCU-01744,Maun,LO009,Education Loan,61,Private Sector,27459.0,14400.0,12.31,84,257.0,5,11681.0,2025-01-03,0.0094,850,4,18.8,0,0,0.0,Early (1–29 days),18,1,,0.0,0,0,0,0,0,0,0.0,0.009359408572781237,0.5244182235332678,3,2,3,0.10454338202724792,Low Risk
TCU-01745,Francistown,LO004,Education Loan,56,Private Sector,11942.0,64300.0,19.99,36,2389.0,2,55452.0,2025-04-25,0.2001,816,2,27.6,0,1,157410.0,Current,0,0,,0.0,0,0,0,0,0,0,2.4480559875583205,0.20005024284039524,5.384357729023614,0,2,3,0.1494670287499158,Low Risk
TCU-01746,Francistown,LO006,Personal Loan,22,Government Employee,9305.0,94600.0,14.19,12,8502.0,12,0.0,2024-01-07,0.9137,706,0,3.4,0,1,107015.0,Current,0,0,,0.0,0,2,1,0,0,0,1.1312367864693447,0.9137023105857066,10.166577109081139,0,4,1,0.20897045422363494,Medium Risk
TCU-01747,Gaborone Main,LO010,Personal Loan,35,Student,3578.0,15200.0,9.21,24,696.0,14,5905.0,2024-05-05,0.1945,721,0,3.8,0,0,0.0,Current,0,0,,0.0,0,2,0,1,0,0,0.0,0.19452207937395194,4.248183342649525,1,4,5,0.11990634544495485,Low Risk
TCU-01748,Maun,LO013,Education Loan,51,Farmer,11370.0,100800.0,19.2,72,2368.0,15,79216.0,2024-03-22,0.2083,736,0,10.6,2,1,210490.0,Current,0,0,,0.0,0,2,0,0,0,0,2.0881944444444445,0.20826737027264733,8.865435356200528,3,2,0,0.19069425601468923,Low Risk
TCU-01749,Lobatse,LO016,Personal Loan,38,Private Sector,14945.0,65800.0,16.14,48,1870.0,14,40411.0,2024-04-28,0.1251,802,2,16.8,0,1,112266.0,Current,0,0,,0.0,0,0,0,0,0,0,1.7061702127659575,0.1251254600200736,4.402810304449648,2,4,3,0.1406224494559094,Low Risk
TCU-01750,Francistown,LO017,Personal Loan,24,Pensioner,9166.0,212200.0,12.89,72,4247.0,14,149881.0,2024-04-26,0.4633,692,0,3.8,0,1,304914.0,Current,0,0,,0.0,0,2,1,0,0,0,1.436918001885014,0.4633427885664412,23.15077460178922,0,4,2,0.1264814025672628,Low Risk
TCU-01751,Lobatse,LO008,Business Loan,66,Government Employee,19615.0,97500.0,15.49,24,4750.0,5,67318.0,2025-01-04,0.2422,850,0,3.8,0,0,0.0,Current,0,0,,0.0,0,0,0,0,0,0,0.0,0.24216161101198064,4.970685699719603,2,1,1,0.11040675270380378,Low Risk
TCU-01752,Selebi-Phikwe,LO016,Agriculture Loan,35,Private Sector,6638.0,26200.0,15.41,12,2370.0,12,0.0,2024-04-25,0.357,601,4,14.3,1,1,53780.0,Late (30–89 days),50,1,Legal Notice,0.0,1,3,0,0,0,0,2.052671755725191,0.35703525158180177,3.9469719795119014,4,0,3,0.6442719746300792,High Risk
TCU-01753,Francistown,LO014,Vehicle Loan,47,Self-Employed,12419.0,30800.0,18.03,36,1114.0,15,16574.0,2024-03-26,0.0897,824,0,25.8,0,0,0.0,Current,0,0,,0.0,0,0,0,0,0,0,0.0,0.08970126419196392,2.4800708591674048,0,5,4,0.10240233073783282,Low Risk
TCU-01754,Gaborone Main,LO011,Personal Loan,39,Government Employee,15605.0,6300.0,12.52,36,211.0,12,3915.0,2024-06-16,0.0135,655,1,14.9,0,0,0.0,Current,0,0,,0.0,0,3,0,0,0,0,0.0,0.013521307273309836,0.4037167574495354,1,4,1,0.18647682183014105,Low Risk
TCU-01755,Gaborone Main,LO018,Agriculture Loan,25,Student,4041.0,127500.0,14.59,72,2668.0,8,110457.0,2024-10-28,0.6602,608,0,21.7,0,1,137421.0,Current,0,0,,0.0,0,3,1,1,0,0,1.0778117647058822,0.6602326156891859,31.551596139569412,1,0,5,0.20423132942079816,Medium Risk
TCU-01756,Francistown,LO018,Business Loan,37,Student,3476.0,40500.0,22.57,24,2112.0,17,10680.0,2024-01-12,0.6076,725,0,5.2,1,1,61811.0,Early (1–29 days),29,1,,0.0,0,2,1,1,0,0,1.5261975308641975,0.6075949367088608,11.65132336018412,0,1,5,0.2444540579254739,Medium Risk
TCU-01757,Gaborone Main,LO012,Personal Loan,61,Pensioner,5073.0,25000.0,9.53,48,628.0,8,20383.0,2024-10-06,0.1238,704,0,1.9,0,1,59914.0,Current,0,0,,0.0,0,2,0,0,0,1,2.39656,0.123792627636507,4.928050463236744,1,4,2,0.09324970872873513,Low Risk
TCU-01758,Francistown,LO003,Business Loan,57,Farmer,13731.0,131000.0,9.37,72,2385.0,17,89681.0,2024-01-26,0.1737,811,0,20.7,2,1,251257.0,Late (30–89 days),37,1,Letter Sent,31316.0,1,0,0,0,0,0,1.9179923664122138,0.17369455975529824,9.540455902701915,0,1,0,0.2053196718367009,Medium Risk
TCU-01759,Selebi-Phikwe,LO016,Agriculture Loan,43,Student,2907.0,73400.0,17.56,36,2637.0,13,41745.0,2024-05-12,0.9071,659,1,17.3,1,1,96956.0,Defaulted,337,10,SMS Sent,30944.0,1,3,1,1,0,0,1.320926430517711,0.9071207430340558,25.249398004815962,4,0,5,0.9385218975971402,Critical
TCU-01760,Francistown,LO018,Personal Loan,30,Private Sector,12038.0,478800.0,13.23,60,10951.0,12,350889.0,2024-06-15,0.9097,745,1,10.0,0,1,885472.0,Current,0,0,,0.0,0,1,1,0,1,0,1.8493567251461989,0.9097026084067121,39.774048845323144,0,4,3,0.20823599822958438,Medium Risk
TCU-01761,Lobatse,LO019,Education Loan,56,Self-Employed,21075.0,307500.0,16.23,48,8751.0,12,217459.0,2024-06-24,0.4152,850,1,10.5,0,0,0.0,Current,0,0,,0.0,0,0,0,0,1,0,0.0,0.4152313167259786,14.590747330960854,2,2,4,0.07930276309228307,Low Risk
TCU-01762,Lobatse,LO017,Vehicle Loan,61,Private Sector,21983.0,255700.0,16.69,84,5180.0,5,214731.0,2025-01-28,0.2356,850,0,4.5,0,0,0.0,Current,0,0,,0.0,0,0,0,0,1,0,0.0,0.23563662830368923,11.631715416458173,2,5,3,0.06885091823402326,Low Risk
TCU-01763,Francistown,LO008,Education Loan,65,Self-Employed,6788.0,111400.0,15.54,24,5430.0,12,51300.0,2024-06-08,0.7999,669,0,7.4,0,1,163059.0,Current,0,0,,0.0,0,3,1,0,0,0,1.463725314183124,0.7999410724808486,16.411314083677077,0,2,4,0.3496914418397935,Medium Risk
TCU-01764,Maun,LO002,Personal Loan,34,Private Sector,12283.0,50500.0,14.67,24,2441.0,9,31005.0,2024-09-18,0.1987,850,4,5.7,1,1,55108.0,Current,0,0,,0.0,0,0,0,0,0,0,1.0912475247524753,0.19872995196613205,4.111373442969959,3,4,3,0.3810597189887674,Medium Risk
TCU-01765,Maun,LO015,Personal Loan,35,Private Sector,12799.0,103500.0,19.61,72,2456.0,7,82272.0,2024-11-09,0.1919,850,0,3.6,0,0,0.0,Current,0,0,,0.0,0,0,0,0,0,0,0.0,0.19188999140557855,8.086569263223689,3,4,3,0.10251547576341237,Low Risk
TCU-01766,Francistown,LO003,Agriculture Loan,63,Self-Employed,23952.0,93900.0,18.19,36,3404.0,5,71612.0,2025-01-22,0.1421,820,0,11.3,0,1,231350.0,Current,0,0,,0.0,0,0,0,0,0,0,2.4637912673056444,0.14211756847027388,3.9203406813627253,0,0,4,0.09753926280773541,Low Risk
TCU-01767,Selebi-Phikwe,LO010,Business Loan,33,Self-Employed,25119.0,495400.0,11.19,48,12850.0,11,343104.0,2024-07-28,0.5116,824,1,15.1,1,0,0.0,Early (1–29 days),15,1,,0.0,0,0,1,0,1,0,0.0,0.51156495083403,19.722122695967197,4,1,4,0.3788569729935557,Medium Risk
TCU-01768,Maun,LO012,Agriculture Loan,42,Government Employee,9280.0,247500.0,15.94,60,6011.0,12,195547.0,2024-06-30,0.6477,664,3,1.9,2,0,0.0,Late (30–89 days),77,1,SMS Sent,68326.0,1,3,1,0,1,1,0.0,0.6477370689655172,26.670258620689655,3,0,1,0.7759751625506017,Critical
TCU-01769,Gaborone Main,LO005,Home Loan,68,Pensioner,6427.0,139400.0,20.01,60,3694.0,5,126629.0,2025-01-28,0.5748,720,4,19.3,2,0,0.0,Defaulted,305,12,,72833.0,1,2,1,0,0,0,0.0,0.5747627197759453,21.689746382449044,1,3,2,0.7737324689185928,Critical
TCU-01770,Lobatse,LO014,Business Loan,23,Farmer,11999.0,305500.0,22.15,24,15871.0,16,94484.0,2024-03-06,1.3227,814,1,28.7,0,1,249050.0,Defaulted,226,10,Legal Notice,41345.0,1,0,1,0,1,0,0.8152209492635024,1.3226935577964831,25.460455037919825,2,1,0,0.7323281378242954,Critical
TCU-01771,Gaborone Main,LO006,Home Loan,22,Government Employee,8038.0,62700.0,14.94,12,5657.0,9,15114.0,2024-09-17,0.7038,746,0,27.9,0,1,156220.0,Current,0,0,,0.0,0,1,1,0,0,0,2.4915470494417864,0.7037820353321722,7.800447872605126,1,3,1,0.14548623618857826,Low Risk
TCU-01772,Gaborone Main,LO018,Vehicle Loan,29,Private Sector,27326.0,352500.0,16.99,24,17427.0,5,238739.0,2025-01-15,0.6377,850,1,12.2,0,0,0.0,Current,0,0,,0.0,0,0,1,0,1,0,0.0,0.6377442728536925,12.899802386006002,1,5,3,0.22786679053131617,Medium Risk
TCU-01773,Gaborone Main,LO002,Agriculture Loan,38,Private Sector,7619.0,96900.0,10.61,48,2486.0,17,59217.0,2024-01-15,0.3263,719,0,25.4,2,1,238915.0,Current,0,0,,0.0,0,2,0,0,0,0,2.465583075335397,0.3262895393096207,12.718204488778055,1,0,3,0.2947189428056454,Medium Risk
TCU-01774,Lobatse,LO020,Home Loan,42,Student,3099.0,37100.0,15.27,84,722.0,1,35022.0,2025-05-16,0.233,739,1,5.5,0,1,61146.0,Current,0,0,,0.0,0,2,0,1,0,0,1.6481401617250673,0.2329783801226202,11.97160374314295,2,3,5,0.12076277959025944,Low Risk
TCU-01775,Selebi-Phikwe,LO015,Vehicle Loan,56,Private Sector,6381.0,94600.0,9.13,60,1970.0,10,74165.0,2024-08-11,0.3087,722,0,23.3,1,1,84634.0,Current,0,0,,0.0,0,2,0,0,0,0,0.8946511627906977,0.30872903933552737,14.82526249804106,4,5,3,0.1343226295429157,Low Risk
TCU-01776,Lobatse,LO012,Education Loan,23,Private Sector,21184.0,482100.0,15.1,12,43536.0,3,318809.0,2025-03-05,2.0551,740,0,14.3,2,1,784130.0,Late (30–89 days),35,1,Letter Sent,38943.0,1,1,1,0,1,0,1.6264882804397427,2.0,22.7577416918429,2,2,3,0.7944915190187336,Critical
TCU-01777,Francistown,LO005,Vehicle Loan,30,Farmer,6730.0,219600.0,16.66,84,4445.0,13,181566.0,2024-05-13,0.6605,655,1,29.5,0,1,326979.0,Current,0,0,,0.0,0,3,1,0,0,0,1.4889754098360655,0.6604754829123328,32.63001485884101,0,5,0,0.14977319160666724,Low Risk
TCU-01778,Selebi-Phikwe,LO019,Home Loan,37,Farmer,3457.0,87400.0,22.78,36,3373.0,7,64689.0,2024-11-26,0.9757,705,0,26.3,0,0,0.0,Late (30–89 days),88,1,Called,11810.0,1,2,1,1,0,0,0.0,0.975701475267573,25.2820364477871,4,3,0,0.6406277295279665,High Risk
TCU-01779,Lobatse,LO010,Vehicle Loan,32,Self-Employed,20487.0,321900.0,9.78,48,8130.0,7,265588.0,2024-11-28,0.3968,850,1,19.2,0,1,632730.0,Current,0,0,,0.0,0,0,0,0,1,0,1.9656104380242312,0.3968370185971592,15.712402987260214,2,5,4,0.05472881085746513,Low Risk
TCU-01780,Selebi-Phikwe,LO016,Home Loan,35,Pensioner,8072.0,249900.0,18.06,24,12483.0,16,81050.0,2024-03-02,1.5465,612,1,10.5,0,1,437940.0,Late (30–89 days),75,1,Letter Sent,27179.0,1,3,1,0,1,0,1.7524609843937575,1.5464568880079286,30.958870168483646,4,3,2,0.9234672584818743,Critical
TCU-01781,Lobatse,LO011,Vehicle Loan,31,Farmer,13667.0,191100.0,13.78,72,3915.0,11,154029.0,2024-07-25,0.2865,701,2,10.3,0,1,254335.0,Early (1–29 days),2,1,,0.0,0,2,0,0,0,0,1.3309000523286239,0.28645642789200265,13.982585790590473,2,5,0,0.10138859364534007,Low Risk
TCU-01782,Francistown,LO001,Vehicle Loan,54,Self-Employed,32462.0,443100.0,9.68,60,9345.0,1,404708.0,2025-05-25,0.2879,850,0,4.7,0,1,617619.0,Current,0,0,,0.0,0,0,0,0,1,0,1.3938591740013542,0.2878750539091861,13.649805926929949,0,5,4,0.04257534222994193,Low Risk
TCU-01783,Gaborone Main,LO010,Personal Loan,66,Pensioner,8271.0,138100.0,20.97,84,3148.0,5,111338.0,2025-01-28,0.3806,775,2,20.5,0,0,0.0,Current,0,0,,0.0,0,1,0,0,0,0,0.0,0.3806069399105308,16.696892757828557,1,4,2,0.10405808827391388,Low Risk
TCU-01784,Selebi-Phikwe,LO002,Agriculture Loan,37,Farmer,5169.0,41300.0,11.59,24,1936.0,2,37351.0,2025-04-27,0.3745,850,1,22.1,0,1,73787.0,Current,0,0,,0.0,0,0,0,0,0,0,1.7866101694915255,0.3745405300831882,7.989940027084542,4,0,0,0.08914597433807697,Low Risk
TCU-01785,Selebi-Phikwe,LO015,Vehicle Loan,48,Farmer,5882.0,122600.0,15.57,36,4284.0,6,92184.0,2024-12-31,0.7283,650,0,27.0,0,0,0.0,Current,0,0,,0.0,0,3,1,0,0,0,0.0,0.7283236994219653,20.843250595035702,4,5,0,0.3819498421319398,Medium Risk
TCU-01786,Gaborone Main,LO002,Business Loan,68,Government Employee,14491.0,91800.0,11.68,84,1605.0,16,69157.0,2024-02-20,0.1108,850,2,4.5,0,1,221103.0,Current,0,0,,0.0,0,0,0,0,0,0,2.408529411764706,0.11075840176661376,6.334966530950245,1,1,1,0.20464078369196273,Medium Risk
TCU-01787,Lobatse,LO011,Home Loan,26,Self-Employed,30882.0,14100.0,14.34,12,1268.0,3,9209.0,2025-03-18,0.0411,850,1,21.7,0,0,0.0,Current,0,0,,0.0,0,0,0,0,0,0,0.0,0.041059516870669,0.45657664659024677,2,3,4,0.09066224536490922,Low Risk
TCU-01788,Francistown,LO004,Vehicle Loan,52,Farmer,14510.0,118300.0,23.83,72,3102.0,13,88989.0,2024-05-19,0.2138,795,3,26.8,0,1,211914.0,Current,0,0,,0.0,0,1,0,0,0,0,1.7913271344040576,0.21378359751895246,8.152997932460373,0,5,0,0.12475152170179994,Low Risk
TCU-01789,Francistown,LO002,Business Loan,32,Self-Employed,12240.0,477500.0,16.36,24,23462.0,2,402392.0,2025-04-09,1.9168,786,0,8.3,3,0,0.0,Late (30–89 days),86,2,Letter Sent,123751.0,1,1,1,0,1,0,0.0,1.9168300653594772,39.01143790849673,0,1,4,0.8521277762526824,Critical
TCU-01790,Maun,LO020,Education Loan,27,Farmer,3807.0,85300.0,13.36,84,1569.0,4,77056.0,2025-02-07,0.4121,685,0,9.3,0,1,102790.0,Early (1–29 days),12,1,,0.0,0,2,0,1,0,0,1.2050410316529894,0.41213553979511425,22.40609403729971,3,2,0,0.09702563213488018,Low Risk
TCU-01791,Francistown,LO017,Vehicle Loan,32,Self-Employed,21839.0,131500.0,22.3,84,3105.0,15,99951.0,2024-03-11,0.1422,770,1,23.1,0,0,0.0,Current,0,0,,0.0,0,1,0,0,0,0,0.0,0.14217683959888272,6.021337973350428,0,5,4,0.12542889553257566,Low Risk
TCU-01792,Francistown,LO014,Vehicle Loan,61,Student,2001.0,27400.0,9.19,24,1254.0,1,25068.0,2025-05-30,0.6267,711,0,20.9,0,1,63856.0,Defaulted,343,6,Home Visit,13071.0,1,2,1,1,0,0,2.3305109489051095,0.6266866566716641,13.693153423288356,0,5,5,0.615766339140127,High Risk
TCU-01793,Francistown,LO004,Vehicle Loan,24,Student,1842.0,5800.0,16.05,60,141.0,13,4408.0,2024-05-10,0.0765,620,0,14.7,1,1,7485.0,Current,0,0,,0.0,0,3,0,1,0,0,1.2905172413793105,0.07654723127035831,3.1487513572204127,0,5,5,0.24506527674696213,Medium Risk
TCU-01794,Lobatse,LO013,Vehicle Loan,34,Private Sector,22494.0,460600.0,23.37,72,11951.0,16,327233.0,2024-02-23,0.5313,789,3,15.9,0,1,950041.0,Current,0,0,,0.0,0,1,1,0,1,0,2.0626161528441163,0.5312972348181737,20.476571530185826,2,5,3,0.06509855295826361,Low Risk
TCU-01795,Gaborone Main,LO014,Vehicle Loan,65,Farmer,9716.0,100100.0,9.17,24,4581.0,3,86723.0,2025-03-06,0.4715,786,1,10.6,2,1,198451.0,Defaulted,126,6,Letter Sent,42769.0,1,1,1,0,0,0,1.9825274725274726,0.4714903252367229,10.302593659942364,1,5,0,0.40608254723195225,Medium Risk
TCU-01796,Francistown,LO005,Home Loan,48,Private Sector,27751.0,257800.0,14.28,60,6036.0,4,206953.0,2025-02-17,0.2175,850,0,28.5,0,1,454956.0,Current,0,0,,0.0,0,0,0,0,1,0,1.7647633824670288,0.21750567547115418,9.289755324132464,0,3,3,0.05374741736319647,Low Risk
TCU-01797,Lobatse,LO016,Education Loan,66,Farmer,6650.0,148300.0,16.37,60,3636.0,4,133005.0,2025-02-22,0.5468,808,0,10.8,0,1,297291.0,Current,0,0,,0.0,0,0,1,0,0,0,2.00465947403911,0.5467669172932331,22.30075187969925,2,2,0,0.1023044588393481,Low Risk
TCU-01798,Lobatse,LO003,Vehicle Loan,33,Self-Employed,13016.0,251000.0,10.58,36,8168.0,4,209270.0,2025-02-19,0.6275,784,2,0.8,0,1,246849.0,Current,0,0,,0.0,0,1,1,0,1,1,0.9834621513944223,0.6275353411186232,19.283958205285803,2,5,4,0.23885695972335985,Medium Risk
TCU-01799,Selebi-Phikwe,LO001,Education Loan,49,Private Sector,14708.0,293100.0,8.57,84,4652.0,13,217036.0,2024-06-02,0.3163,839,1,6.6,1,1,420690.0,Current,0,0,,0.0,0,0,0,0,1,0,1.4353121801432958,0.31629045417459883,19.927930378025565,4,2,3,0.12996434506260948,Low Risk
TCU-01800,Gaborone Main,LO001,Home Loan,55,Self-Employed,35675.0,356400.0,11.86,72,6942.0,12,273334.0,2024-06-12,0.1946,850,0,22.7,0,1,714961.0,Current,0,0,,0.0,0,0,0,0,1,0,2.0060634118967453,0.19459004905395935,9.990189208128943,1,3,4,0.052601340107259906,Low Risk
TCU-01801,Francistown,LO011,Vehicle Loan,42,Private Sector,7941.0,177300.0,10.84,24,8250.0,18,42242.0,2024-01-04,1.0389,618,2,17.7,0,0,0.0,Current,0,0,,0.0,0,3,1,0,0,0,0.0,1.038911975821685,22.327162825840574,0,5,3,0.3933642779156288,Medium Risk
TCU-01802,Gaborone Main,LO004,Personal Loan,34,Student,3796.0,52900.0,15.73,84,1043.0,17,40989.0,2024-01-31,0.2748,710,0,12.0,0,1,100858.0,Current,0,0,,0.0,0,2,0,1,0,0,1.906578449905482,0.27476290832455214,13.93572181243414,1,4,5,0.07657293706962304,Low Risk
TCU-01803,Francistown,LO006,Vehicle Loan,26,Student,4831.0,61600.0,13.71,24,2949.0,11,33252.0,2024-07-24,0.6104,637,0,20.1,0,0,0.0,Current,0,0,,0.0,0,3,1,1,0,0,0.0,0.610432622645415,12.750983233285034,0,5,5,0.3684744006083146,Medium Risk
TCU-01804,Francistown,LO004,Agriculture Loan,62,Student,2203.0,62500.0,10.46,72,1172.0,2,60334.0,2025-04-03,0.532,703,0,13.8,0,0,0.0,Defaulted,217,3,Legal Notice,34156.0,1,2,1,1,0,0,0.0,0.5320018157058557,28.370403994552884,0,0,5,0.6558564085675238,High Risk
TCU-01805,Gaborone Main,LO015,Personal Loan,51,Pensioner,4755.0,84200.0,10.85,84,1435.0,8,73844.0,2024-10-26,0.3018,649,0,21.8,2,1,139329.0,Late (30–89 days),75,1,Letter Sent,13440.0,1,3,0,1,0,0,1.6547387173396675,0.3017875920084122,17.707676130389064,1,4,2,0.2524943342761728,Medium Risk
TCU-01806,Selebi-Phikwe,LO016,Vehicle Loan,59,Farmer,6219.0,40800.0,9.82,84,674.0,6,34706.0,2024-12-26,0.1084,693,2,4.6,2,1,41926.0,Current,0,0,,0.0,0,2,0,0,0,0,1.0275980392156863,0.10837755266119956,6.560540279787747,4,5,0,0.18159463570961848,Low Risk
TCU-01807,Maun,LO009,Agriculture Loan,58,Student,4751.0,8900.0,21.79,24,461.0,7,5890.0,2024-11-08,0.097,710,0,25.6,1,0,0.0,Current,0,0,,0.0,0,2,0,1,0,0,0.0,0.09703220374657967,1.873289833719217,3,0,5,0.13152452147045654,Low Risk
TCU-01808,Gaborone Main,LO008,Education Loan,48,Farmer,9433.0,165400.0,8.76,72,2962.0,17,120795.0,2024-02-04,0.314,850,1,3.2,0,1,244870.0,Current,0,0,,0.0,0,0,0,0,0,0,1.4804715840386942,0.3140040284108979,17.5341884872257,1,2,0,0.0870136889480506,Low Risk
TCU-01809,Maun,LO019,Business Loan,58,Student,2843.0,8600.0,20.59,12,799.0,12,0.0,2024-06-06,0.281,758,1,10.2,0,1,14644.0,Current,0,0,,0.0,0,1,0,1,0,0,1.7027906976744187,0.2810411537108688,3.0249736194161096,3,1,5,0.13753222181451796,Low Risk
TCU-01810,Francistown,LO001,Business Loan,22,Student,4742.0,100500.0,17.01,12,9167.0,12,0.0,2024-06-10,1.9332,658,3,18.7,0,1,247577.0,Current,0,0,,0.0,0,3,1,1,0,0,2.4634527363184078,1.9331505693800084,21.193589202867987,0,1,5,0.37283974995843505,Medium Risk
TCU-01811,Maun,LO009,Education Loan,50,Private Sector,11371.0,184000.0,15.99,48,5214.0,14,122109.0,2024-04-13,0.4585,751,1,10.1,1,0,0.0,Current,0,0,,0.0,0,1,1,0,0,0,0.0,0.4585348694046258,16.181514378682614,3,2,3,0.5348167807107945,High Risk
TCU-01812,Maun,LO013,Vehicle Loan,24,Self-Employed,11244.0,94800.0,19.75,12,8770.0,6,42214.0,2024-12-15,0.78,664,1,16.7,0,0,0.0,Current,0,0,,0.0,0,3,1,0,0,0,0.0,0.77997154037709,8.431163287086447,3,5,4,0.3088424598579451,Medium Risk
TCU-01813,Selebi-Phikwe,LO018,Personal Loan,55,Pensioner,4349.0,20400.0,9.97,60,433.0,12,14906.0,2024-06-29,0.0996,732,0,15.1,0,1,17453.0,Early (1–29 days),3,1,,0.0,0,2,0,1,0,0,0.8555392156862746,0.0995631179581513,4.6907335019544725,4,4,2,0.07794192309408862,Low Risk
TCU-01814,Gaborone Main,LO011,Education Loan,40,Farmer,12450.0,11400.0,8.9,60,236.0,16,8318.0,2024-02-26,0.019,739,3,13.8,0,0,0.0,Current,0,0,,0.0,0,2,0,0,0,0,0.0,0.01895582329317269,0.9156626506024096,1,2,0,0.09718126589875109,Low Risk
TCU-01815,Maun,LO016,Home Loan,36,Student,2354.0,37800.0,21.21,72,932.0,17,26945.0,2024-02-03,0.3959,644,1,9.9,0,1,63891.0,Early (1–29 days),10,1,,0.0,0,3,0,1,0,0,1.6902380952380953,0.3959218351741716,16.057774001699237,3,3,5,0.06712759456722003,Low Risk
TCU-01816,Lobatse,LO009,Agriculture Loan,30,Student,4275.0,51200.0,10.11,60,1091.0,16,33020.0,2024-02-12,0.2552,699,0,9.4,1,0,0.0,Early (1–29 days),6,1,,0.0,0,2,0,1,0,0,0.0,0.2552046783625731,11.976608187134502,2,0,5,0.14485927984573332,Low Risk
TCU-01817,Selebi-Phikwe,LO020,Education Loan,42,Pensioner,8430.0,205500.0,12.04,84,3632.0,13,154075.0,2024-05-22,0.4308,661,1,14.3,1,1,385453.0,Current,0,0,,0.0,0,3,1,0,0,0,1.875683698296837,0.43084223013048634,24.377224199288257,4,2,2,0.22798555856405453,Medium Risk
TCU-01818,Francistown,LO010,Personal Loan,42,Government Employee,19010.0,410000.0,15.79,24,20034.0,2,335625.0,2025-04-17,1.0539,812,1,19.7,0,1,464997.0,Current,0,0,,0.0,0,0,1,0,1,0,1.1341390243902438,1.0538663861125723,21.567596002104157,0,4,1,0.4454407921574064,Medium Risk
TCU-01819,Lobatse,LO015,Agriculture Loan,35,Student,1530.0,18200.0,16.4,12,1655.0,2,13170.0,2025-04-28,1.0817,711,1,4.0,0,0,0.0,Defaulted,330,11,Letter Sent,7727.0,1,2,1,1,0,0,0.0,1.0816993464052287,11.895424836601308,2,0,5,0.7434091004010707,Critical
TCU-01820,Selebi-Phikwe,LO015,Vehicle Loan,50,Farmer,3858.0,47400.0,22.04,72,1192.0,13,37462.0,2024-05-18,0.309,663,3,2.2,0,0,0.0,Current,0,0,,0.0,0,3,0,1,0,0,0.0,0.30896837739761535,12.28615863141524,4,5,0,0.18607862375228998,Low Risk
TCU-01821,Lobatse,LO020,Business Loan,24,Self-Employed,12576.0,108600.0,8.7,48,2687.0,1,98839.0,2025-05-15,0.2137,823,0,22.9,0,0,0.0,Current,0,0,,0.0,0,0,0,0,0,0,0.0,0.21366094147582698,8.635496183206106,2,1,4,0.07945585578855704,Low Risk
TCU-01822,Selebi-Phikwe,LO010,Education Loan,26,Private Sector,26197.0,133100.0,14.13,72,2752.0,7,107838.0,2024-11-12,0.1051,850,1,23.1,0,0,0.0,Current,0,0,,0.0,0,0,0,0,0,0,0.0,0.1050501965873955,5.080734435240676,4,2,3,0.08607658123771303,Low Risk
TCU-01823,Francistown,LO011,Business Loan,55,Pensioner,8322.0,280900.0,17.39,12,25671.0,12,0.0,2024-04-25,3.0847,730,3,24.7,0,1,651228.0,Late (30–89 days),52,1,Home Visit,0.0,1,2,1,0,1,0,2.318362406550374,2.0,33.753905311223264,0,1,2,0.9478945796153068,Critical
TCU-01824,Selebi-Phikwe,LO016,Personal Loan,40,Student,3772.0,25000.0,21.92,60,689.0,17,17838.0,2024-01-10,0.1827,694,1,15.4,0,1,44773.0,Early (1–29 days),25,1,,0.0,0,2,0,1,0,0,1.79092,0.18266171792152705,6.6277836691410394,4,4,5,0.08743817320289829,Low Risk
TCU-01825,Lobatse,LO014,Personal Loan,53,Self-Employed,12950.0,335000.0,22.45,48,10637.0,11,246150.0,2024-07-26,0.8214,850,1,7.7,0,0,0.0,Current,0,0,,0.0,0,0,1,0,1,0,0.0,0.8213899613899613,25.868725868725868,2,4,4,0.22928889020157406,Medium Risk
TCU-01826,Maun,LO011,Agriculture Loan,43,Government Employee,15999.0,474200.0,10.57,24,22007.0,17,134655.0,2024-01-08,1.3755,719,0,5.4,0,0,0.0,Late (30–89 days),35,2,Legal Notice,17172.0,1,2,1,0,1,0,0.0,1.3755234702168886,29.63935245952872,3,0,1,0.8910438373203173,Critical
TCU-01827,Francistown,LO017,Agriculture Loan,64,Farmer,7534.0,330100.0,12.39,48,8756.0,12,245818.0,2024-07-03,1.1622,844,0,20.7,0,0,0.0,Current,0,0,,0.0,0,0,1,0,1,0,0.0,1.1621980355720734,43.814706663127154,0,0,0,0.2853950648525062,Medium Risk
TCU-01828,Selebi-Phikwe,LO017,Personal Loan,66,Private Sector,19699.0,459400.0,20.85,24,23573.0,12,220187.0,2024-07-02,1.1967,850,4,3.2,1,0,0.0,Late (30–89 days),38,1,Home Visit,69746.0,1,0,1,0,1,0,0.0,1.1966597289202499,23.320980760444694,4,4,3,0.8449234756900104,Critical
TCU-01829,Francistown,LO019,Home Loan,33,Self-Employed,35231.0,253400.0,12.76,36,8509.0,8,169430.0,2024-10-11,0.2415,850,1,16.1,2,1,315274.0,Defaulted,208,8,SMS Sent,98448.0,1,0,0,0,1,0,1.2441752170481453,0.24152025205075076,7.192529306576595,0,3,4,0.6512001181470195,High Risk
TCU-01830,Lobatse,LO005,Vehicle Loan,34,Private Sector,17396.0,128600.0,17.99,36,4649.0,2,113796.0,2025-04-02,0.2672,789,2,28.6,0,1,283967.0,Current,0,0,,0.0,0,1,0,0,0,0,2.2081415241057543,0.26724534375718556,7.392504023913544,2,5,3,0.09465883527900928,Low Risk
TCU-01831,Francistown,LO012,Personal Loan,27,Private Sector,18588.0,185100.0,22.56,36,7123.0,5,142468.0,2025-01-30,0.3832,760,0,20.7,0,0,0.0,Current,0,0,,0.0,0,1,0,0,0,0,0.0,0.38320421777490854,9.958037443511943,0,4,3,0.09024790603827539,Low Risk
TCU-01832,Selebi-Phikwe,LO006,Education Loan,45,Pensioner,7588.0,81400.0,15.74,72,1754.0,10,63712.0,2024-08-06,0.2312,686,0,6.5,0,0,0.0,Current,0,0,,0.0,0,2,0,0,0,0,0.0,0.2311544544016869,10.727464417501318,4,2,2,0.11593588609680124,Low Risk
TCU-01833,Lobatse,LO001,Business Loan,47,Private Sector,28672.0,205600.0,17.93,60,5213.0,8,172384.0,2024-10-17,0.1818,850,0,3.2,1,1,462702.0,Current,0,0,,0.0,0,0,0,0,0,0,2.250496108949416,0.18181501116071427,7.170758928571429,2,1,3,0.12603342218968777,Low Risk
TCU-01834,Gaborone Main,LO004,Vehicle Loan,36,Government Employee,15005.0,218600.0,23.76,24,11531.0,8,131805.0,2024-10-07,0.7685,735,0,2.6,1,1,297994.0,Current,0,0,,0.0,0,2,1,0,0,0,1.3631930466605673,0.7684771742752415,14.568477174275241,1,5,1,0.2969291941041694,Medium Risk
TCU-01835,Lobatse,LO012,Personal Loan,31,Private Sector,24331.0,5700.0,13.34,48,154.0,15,3352.0,2024-03-22,0.0063,849,2,22.3,1,1,8334.0,Defaulted,304,12,SMS Sent,1367.0,1,0,0,0,0,0,1.4621052631578948,0.006329374049566397,0.23426903949693806,2,4,3,0.6500096551877553,High Risk
TCU-01836,Lobatse,LO011,Business Loan,50,Self-Employed,22400.0,57400.0,21.25,48,1785.0,13,41236.0,2024-05-17,0.0797,777,0,28.9,0,0,0.0,Current,0,0,,0.0,0,1,0,0,0,0,0.0,0.0796875,2.5625,2,1,4,0.11439517144733471,Low Risk
TCU-01837,Gaborone Main,LO014,Home Loan,36,Private Sector,7343.0,93900.0,10.87,24,4371.0,11,45877.0,2024-07-18,0.5953,695,0,2.7,0,0,0.0,Current,0,0,,0.0,0,2,1,0,0,0,0.0,0.5952607925915838,12.787688955467793,1,3,3,0.28675487246444864,Medium Risk
TCU-01838,Francistown,LO008,Agriculture Loan,45,Government Employee,19199.0,321200.0,20.11,84,7154.0,3,283420.0,2025-03-11,0.3726,721,0,16.5,0,1,365731.0,Current,0,0,,0.0,0,2,0,0,1,0,1.1386394769613948,0.3726235741444867,16.730038022813687,0,0,1,0.052109012287745046,Low Risk
TCU-01839,Maun,LO009,Agriculture Loan,58,Self-Employed,33174.0,460000.0,21.93,72,11539.0,12,342664.0,2024-06-18,0.3478,850,0,23.6,0,0,0.0,Current,0,0,,0.0,0,0,0,0,1,0,0.0,0.3478326400192922,13.86628082233074,3,0,4,0.09758236818816649,Low Risk
TCU-01840,Lobatse,LO012,Business Loan,25,Pensioner,4664.0,54000.0,8.56,84,857.0,12,42238.0,2024-06-10,0.1837,615,1,10.4,0,1,48437.0,Current,0,0,,0.0,0,3,0,1,0,0,0.8969814814814815,0.18374785591766724,11.578044596912521,2,1,2,0.08777757411619387,Low Risk
TCU-01841,Francistown,LO020,Home Loan,60,Government Employee,12056.0,243100.0,20.13,36,9051.0,16,129826.0,2024-02-16,0.7507,818,0,5.0,3,0,0.0,Late (30–89 days),33,1,Home Visit,28621.0,1,0,1,0,1,0,0.0,0.7507465162574651,20.164233576642335,0,3,1,0.7960397873802667,Critical
TCU-01842,Francistown,LO020,Education Loan,44,Self-Employed,25307.0,326300.0,20.24,72,7861.0,17,219013.0,2024-01-20,0.3106,850,4,15.9,0,0,0.0,Current,0,0,,0.0,0,0,0,0,1,0,0.0,0.31062551863120874,12.893665784170388,0,2,4,0.08447157259420152,Low Risk
TCU-01843,Gaborone Main,LO017,Home Loan,30,Pensioner,8873.0,16900.0,21.36,72,418.0,1,15817.0,2025-05-22,0.0471,697,0,16.9,2,1,18415.0,Defaulted,116,10,Letter Sent,8129.0,1,2,0,0,0,0,1.0896449704142013,0.047109207708779445,1.9046545700439537,1,3,2,0.6128465111623841,High Risk
TCU-01844,Francistown,LO019,Personal Loan,52,Pensioner,8151.0,117000.0,12.4,72,2312.0,17,76365.0,2024-01-11,0.2836,753,2,11.0,0,0,0.0,Current,0,0,,0.0,0,1,0,0,0,0,0.0,0.2836461783830205,14.354066985645932,0,4,2,0.08945329501066429,Low Risk
TCU-01845,Selebi-Phikwe,LO007,Vehicle Loan,43,Student,2528.0,24200.0,14.34,12,2177.0,3,15795.0,2025-03-29,0.8612,591,2,25.6,1,1,25448.0,Late (30–89 days),42,2,Called,3620.0,1,3,1,1,0,0,1.0515702479338842,0.8611550632911392,9.572784810126583,4,5,5,0.8008066900884961,Critical
TCU-01846,Francistown,LO012,Business Loan,54,Student,4267.0,93100.0,12.87,36,3131.0,10,63012.0,2024-08-09,0.7338,766,2,4.0,0,1,197006.0,Current,0,0,,0.0,0,1,1,1,0,0,2.1160687432867884,0.7337707991563159,21.818607921256152,0,1,5,0.33615051897532544,Medium Risk
TCU-01847,Selebi-Phikwe,LO018,Home Loan,66,Farmer,14366.0,112400.0,19.98,48,3419.0,11,78849.0,2024-07-20,0.238,765,0,25.1,0,1,136564.0,Current,0,0,,0.0,0,1,0,0,0,0,1.2149822064056939,0.23799248224975636,7.8240289572601975,4,3,0,0.10420266320998522,Low Risk
TCU-01848,Lobatse,LO008,Personal Loan,54,Private Sector,11021.0,371700.0,12.23,36,12387.0,13,228231.0,2024-05-18,1.1239,764,3,12.2,0,1,515821.0,Defaulted,329,6,SMS Sent,121105.0,1,1,1,0,1,0,1.3877347323110034,1.1239451955357953,33.72652209418383,2,4,3,0.8882389577867573,Critical
TCU-01849,Maun,LO020,Education Loan,27,Government Employee,16310.0,230400.0,13.6,72,4698.0,1,199994.0,2025-05-16,0.288,817,1,8.6,0,0,0.0,Current,0,0,,0.0,0,0,0,0,1,0,0.0,0.2880441446965052,14.126302881667689,3,2,1,0.05972222333174977,Low Risk
TCU-01850,Maun,LO013,Home Loan,60,Self-Employed,24699.0,120300.0,14.47,84,2286.0,17,91108.0,2024-02-02,0.0926,850,2,7.9,0,1,279689.0,Current,0,0,,0.0,0,0,0,0,0,0,2.3249293433083955,0.09255435442730475,4.870642536135066,3,3,4,0.0998169821623305,Low Risk
TCU-01851,Gaborone Main,LO010,Personal Loan,25,Pensioner,8235.0,218100.0,15.15,72,4630.0,8,190680.0,2024-10-11,0.5622,804,3,24.3,2,1,468498.0,Early (1–29 days),24,1,,0.0,0,0,1,0,0,0,2.1480880330123795,0.5622343655130541,26.484517304189435,1,4,2,0.4019281898855946,Medium Risk
TCU-01852,Lobatse,LO004,Vehicle Loan,49,Pensioner,5922.0,43100.0,12.33,84,768.0,15,30723.0,2024-03-12,0.1297,736,0,25.8,0,0,0.0,Current,0,0,,0.0,0,2,0,0,0,0,0.0,0.12968591691995948,7.277946639648767,2,5,2,0.07835211709853301,Low Risk
TCU-01853,Maun,LO016,Agriculture Loan,31,Farmer,4918.0,116400.0,10.73,84,1977.0,14,84869.0,2024-04-30,0.402,590,1,16.3,0,0,0.0,Current,0,0,,0.0,0,3,0,1,0,0,0.0,0.4019926799511997,23.668157787718584,3,0,0,0.06551359725463601,Low Risk
TCU-01854,Gaborone Main,LO017,Home Loan,61,Farmer,4199.0,107000.0,17.18,36,3824.0,5,80990.0,2025-01-11,0.9107,724,2,2.3,1,1,249165.0,Defaulted,361,8,Home Visit,45823.0,1,2,1,1,0,0,2.328644859813084,0.9106930221481305,25.482257680400096,1,3,0,0.824027572196834,Critical
TCU-01855,Selebi-Phikwe,LO004,Vehicle Loan,53,Government Employee,20773.0,131400.0,19.5,84,2878.0,14,97526.0,2024-04-07,0.1385,850,2,8.5,1,1,115202.0,Current,0,0,,0.0,0,0,0,0,0,0,0.8767275494672755,0.13854522697732632,6.325518702161459,4,5,1,0.23922285983168326,Medium Risk
TCU-01856,Maun,LO002,Vehicle Loan,68,Farmer,12225.0,70000.0,14.87,72,1475.0,12,51127.0,2024-06-14,0.1207,819,1,20.0,0,0,0.0,Current,0,0,,0.0,0,0,0,0,0,0,0.0,0.12065439672801637,5.725971370143149,3,5,0,0.10371449727515791,Low Risk
TCU-01857,Selebi-Phikwe,LO019,Agriculture Loan,38,Pensioner,7595.0,129100.0,20.85,72,3156.0,1,121381.0,2025-05-06,0.4155,731,2,10.0,0,0,0.0,Current,0,0,,0.0,0,2,0,0,0,0,0.0,0.41553653719552336,16.998025016458197,4,0,2,0.10584516604488513,Low Risk
TCU-01858,Francistown,LO016,Personal Loan,57,Student,4686.0,67200.0,23.6,72,1753.0,13,49736.0,2024-05-26,0.3741,660,2,2.1,0,0,0.0,Current,0,0,,0.0,0,3,0,1,0,0,0.0,0.3740930431071276,14.340588988476313,0,4,5,0.31816936519874683,Medium Risk
TCU-01859,Gaborone Main,LO016,Home Loan,47,Government Employee,23783.0,132300.0,23.43,24,6957.0,6,89953.0,2024-12-24,0.2925,850,0,27.1,0,1,216991.0,Current,0,0,,0.0,0,0,0,0,0,0,1.6401436130007558,0.292519867131985,5.562796955808771,1,3,1,0.08611752811786147,Low Risk
TCU-01860,Francistown,LO015,Education Loan,50,Government Employee,24879.0,237000.0,15.31,24,11526.0,7,142927.0,2024-11-29,0.4633,850,3,23.0,0,0,0.0,Current,0,0,,0.0,0,0,1,0,1,0,0.0,0.46328228626552515,9.526106354757024,0,2,1,0.19832849434090552,Low Risk
TCU-01861,Francistown,LO017,Education Loan,66,Self-Employed,26647.0,361000.0,15.66,24,17617.0,12,176390.0,2024-06-20,0.6611,850,0,7.8,0,0,0.0,Current,0,0,,0.0,0,0,1,0,1,0,0.0,0.661125079746313,13.547491274815176,0,2,4,0.23446182007113786,Medium Risk
TCU-01862,Maun,LO016,Business Loan,41,Farmer,7026.0,31300.0,21.01,60,847.0,12,24969.0,2024-06-10,0.1206,720,0,6.5,0,1,73357.0,Current,0,0,,0.0,0,2,0,0,0,0,2.343674121405751,0.12055223455735839,4.454881867349844,3,1,0,0.09424140583056849,Low Risk
TCU-01863,Selebi-Phikwe,LO003,Business Loan,64,Private Sector,12177.0,395700.0,15.8,12,35865.0,12,0.0,2024-05-18,2.9453,808,2,13.2,0,1,533820.0,Late (30–89 days),77,1,,0.0,1,0,1,0,1,0,1.3490523123578468,2.0,32.49568859324957,4,1,3,0.9637955893887604,Critical
TCU-01864,Selebi-Phikwe,LO019,Home Loan,63,Government Employee,11761.0,43500.0,23.48,72,1132.0,3,41147.0,2025-03-20,0.0963,779,1,20.1,0,0,0.0,Early (1–29 days),11,1,,0.0,0,1,0,0,0,0,0.0,0.09625031885043789,3.6986650795000426,4,3,1,0.1474009562396263,Low Risk
TCU-01865,Francistown,LO004,Business Loan,50,Private Sector,15076.0,429300.0,20.24,72,10343.0,5,357338.0,2025-01-29,0.6861,778,1,9.8,0,1,879904.0,Early (1–29 days),6,1,,0.0,0,1,1,0,1,0,2.0496249708828325,0.6860573096312019,28.47572300344919,0,1,3,0.17237330198116585,Low Risk
TCU-01866,Gaborone Main,LO018,Vehicle Loan,61,Self-Employed,23138.0,137100.0,9.94,84,2272.0,11,107417.0,2024-07-14,0.0982,850,1,17.7,1,0,0.0,Current,0,0,,0.0,0,0,0,0,0,0,0.0,0.09819344800760653,5.92531765926182,1,5,4,0.11415885816574242,Low Risk
TCU-01867,Selebi-Phikwe,LO020,Business Loan,42,Pensioner,9246.0,86000.0,9.04,72,1552.0,11,65590.0,2024-07-10,0.1679,700,1,23.0,0,0,0.0,Current,0,0,,0.0,0,2,0,0,0,0,0.0,0.16785637032230152,9.301319489508977,4,1,2,0.11172118696096982,Low Risk
TCU-01868,Lobatse,LO009,Education Loan,34,Farmer,7015.0,99100.0,15.54,24,4830.0,9,59756.0,2024-09-30,0.6885,741,0,26.1,0,1,90422.0,Current,0,0,,0.0,0,1,1,0,0,0,0.9124318869828456,0.6885245901639344,14.12687099073414,2,2,0,0.292108547418727,Medium Risk
TCU-01869,Selebi-Phikwe,LO003,Vehicle Loan,34,Self-Employed,13980.0,117700.0,23.05,84,2834.0,3,109581.0,2025-03-17,0.2027,764,0,20.4,0,0,0.0,Current,0,0,,0.0,0,1,0,0,0,0,0.0,0.20271816881258942,8.419170243204578,4,5,4,0.1269552263576844,Low Risk
TCU-01870,Maun,LO017,Agriculture Loan,22,Government Employee,9838.0,146400.0,18.04,60,3721.0,8,108677.0,2024-10-06,0.3782,808,2,18.2,3,1,228478.0,Late (30–89 days),72,1,Home Visit,32861.0,1,0,0,0,0,0,1.5606420765027322,0.37822728196787964,14.881073388900184,3,0,1,0.614147697526926,High Risk
TCU-01871,Selebi-Phikwe,LO020,Business Loan,54,Government Employee,8141.0,87500.0,13.52,60,2014.0,17,56403.0,2024-01-13,0.2474,643,0,4.1,0,1,175969.0,Current,0,0,,0.0,0,3,0,0,0,0,2.011074285714286,0.2473897555582852,10.748065348237317,4,1,1,0.1282841277725849,Low Risk
TCU-01872,Gaborone Main,LO011,Vehicle Loan,29,Student,4933.0,66500.0,18.44,72,1533.0,3,61916.0,2025-03-18,0.3108,514,1,1.6,0,1,79870.0,Defaulted,300,9,Home Visit,40603.0,1,4,0,1,0,1,1.2010526315789474,0.3107642408270829,13.48064058382323,1,5,5,0.6498075644111522,High Risk
TCU-01873,Gaborone Main,LO006,Home Loan,23,Private Sector,27737.0,415600.0,20.52,24,21258.0,14,151063.0,2024-04-27,0.7664,841,1,26.0,0,1,655386.0,Current,0,0,,0.0,0,0,1,0,1,0,1.576963426371511,0.7664130944226124,14.983595918808811,1,3,3,0.11409934363355198,Low Risk
TCU-01874,Maun,LO020,Personal Loan,38,Pensioner,9083.0,204200.0,10.8,24,9498.0,10,102661.0,2024-08-17,1.0457,633,2,22.5,0,0,0.0,Current,0,0,,0.0,0,3,1,0,0,0,0.0,1.045689750082572,22.481558956291973,3,4,2,0.44804181018712685,Medium Risk
TCU-01875,Maun,LO016,Education Loan,48,Farmer,10581.0,62800.0,17.41,36,2252.0,16,31242.0,2024-02-28,0.2128,827,2,9.1,0,1,54453.0,Current,0,0,,0.0,0,0,0,0,0,0,0.8670859872611465,0.21283432567810226,5.935166808430205,3,2,0,0.09953530400452934,Low Risk
TCU-01876,Francistown,LO005,Business Loan,58,Self-Employed,34493.0,440800.0,23.89,72,11575.0,1,394614.0,2025-05-15,0.3356,850,0,6.0,0,1,1001891.0,Current,0,0,,0.0,0,0,0,0,1,0,2.2728924682395646,0.3355753341257646,12.779404516858493,0,1,4,0.058051269044999375,Low Risk
TCU-01877,Maun,LO018,Vehicle Loan,53,Self-Employed,8269.0,222500.0,21.76,24,11517.0,9,124717.0,2024-09-08,1.3928,815,0,19.2,2,0,0.0,Late (30–89 days),63,2,Legal Notice,30075.0,1,0,1,0,0,0,0.0,1.3927923569960092,26.907727657516023,3,5,4,0.9196084483646912,Critical
TCU-01878,Francistown,LO001,Vehicle Loan,29,Pensioner,7671.0,121500.0,11.26,72,2329.0,4,111484.0,2025-02-28,0.3036,674,4,13.3,0,1,208504.0,Current,0,0,,0.0,0,2,0,0,0,0,1.716082304526749,0.3036110024768609,15.83887368009386,0,5,2,0.12928168765142242,Low Risk
TCU-01879,Lobatse,LO007,Education Loan,38,Government Employee,20572.0,499700.0,23.46,72,12992.0,2,473797.0,2025-04-26,0.6315,850,0,27.2,1,0,0.0,Early (1–29 days),28,1,,0.0,0,0,1,0,1,0,0.0,0.6315380128329768,24.29029749173634,2,2,1,0.22984600280436474,Medium Risk
TCU-01880,Gaborone Main,LO001,Vehicle Loan,51,Farmer,4559.0,90300.0,8.77,72,1617.0,5,79750.0,2025-01-30,0.3547,609,1,8.4,0,1,105022.0,Current,0,0,,0.0,0,3,0,1,0,0,1.1630343300110741,0.35468304452730864,19.80697521386269,1,5,0,0.07955436608804607,Low Risk
TCU-01881,Lobatse,LO003,Personal Loan,66,Private Sector,23832.0,110100.0,19.35,84,2402.0,3,103588.0,2025-03-17,0.1008,850,3,19.3,2,1,179111.0,Current,0,0,,0.0,0,0,0,0,0,0,1.626802906448683,0.10078885532057738,4.619838872104733,2,4,3,0.36502686861824507,Medium Risk
TCU-01882,Gaborone Main,LO003,Agriculture Loan,30,Government Employee,22832.0,277900.0,16.39,24,13659.0,2,248864.0,2025-04-24,0.5982,688,0,1.0,0,1,443784.0,Current,0,0,,0.0,0,2,1,0,1,1,1.5969197553076646,0.598239313244569,12.171513665031535,1,0,1,0.1247424753426496,Low Risk
TCU-01883,Maun,LO005,Business Loan,36,Private Sector,13788.0,432300.0,10.51,36,14053.0,13,249681.0,2024-05-11,1.0192,771,2,14.0,0,1,595031.0,Late (30–89 days),81,2,SMS Sent,36622.0,1,1,1,0,1,0,1.3764307194078187,1.0192196112561647,31.353350739773717,3,1,3,0.8358611391470409,Critical
TCU-01884,Maun,LO014,Personal Loan,40,Pensioner,5364.0,75400.0,17.53,48,2196.0,1,68757.0,2025-05-15,0.4094,621,1,9.3,1,1,156209.0,Current,0,0,,0.0,0,3,0,0,0,0,2.071737400530504,0.40939597315436244,14.056674123788218,3,4,2,0.2207336177663234,Medium Risk
TCU-01885,Lobatse,LO018,Business Loan,62,Student,2790.0,51900.0,15.43,48,1456.0,16,33980.0,2024-02-27,0.5219,576,2,20.6,0,1,53061.0,Late (30–89 days),89,2,SMS Sent,6036.0,1,4,1,1,0,0,1.0223699421965318,0.5218637992831541,18.602150537634408,2,1,5,0.4029678175229565,Medium Risk
TCU-01886,Selebi-Phikwe,LO019,Home Loan,48,Student,2940.0,91900.0,16.64,84,1859.0,15,70052.0,2024-03-10,0.6323,613,2,15.7,0,0,0.0,Late (30–89 days),44,2,Letter Sent,17835.0,1,3,1,1,0,0,0.0,0.632312925170068,31.258503401360546,4,3,5,0.7710864585749274,Critical
TCU-01887,Lobatse,LO005,Agriculture Loan,62,Self-Employed,39005.0,282300.0,20.1,24,14382.0,10,163510.0,2024-08-23,0.3687,850,0,8.8,0,1,428611.0,Current,0,0,,0.0,0,0,0,0,1,0,1.5182819695359546,0.3687219587232406,7.237533649532112,2,0,4,0.05688857448201811,Low Risk
TCU-01888,Maun,LO010,Education Loan,59,Farmer,14324.0,341100.0,17.34,72,7653.0,1,313858.0,2025-05-05,0.5343,850,1,24.4,1,1,591890.0,Late (30–89 days),31,1,Called,89634.0,1,0,1,0,1,0,1.7352389328642628,0.534278134599274,23.813180675788885,3,2,0,0.6974840610941865,High Risk
TCU-01889,Selebi-Phikwe,LO020,Personal Loan,54,Farmer,7741.0,62000.0,13.51,36,2104.0,14,33645.0,2024-04-20,0.2718,654,0,21.1,0,0,0.0,Early (1–29 days),17,1,,0.0,0,3,0,0,0,0,0.0,0.27179950910735046,8.009301123885804,4,4,0,0.10189132094961277,Low Risk
TCU-01890,Maun,LO012,Education Loan,22,Government Employee,19809.0,140100.0,18.71,48,4168.0,8,114588.0,2024-10-27,0.2104,748,2,17.9,0,1,269089.0,Current,0,0,,0.0,0,1,0,0,0,0,1.9206923625981442,0.21040940986420315,7.07254278358322,3,2,1,0.10164881594424871,Low Risk
TCU-01891,Gaborone Main,LO015,Personal Loan,24,Self-Employed,25108.0,149900.0,11.29,24,7007.0,9,82525.0,2024-09-19,0.2791,850,3,14.2,0,0,0.0,Current,0,0,,0.0,0,0,0,0,0,0,0.0,0.2790743985980564,5.970208698422813,1,4,4,0.120857290249762,Low Risk
TCU-01892,Maun,LO018,Vehicle Loan,30,Farmer,6872.0,14000.0,13.14,72,282.0,3,12610.0,2025-03-24,0.041,665,0,14.4,0,0,0.0,Current,0,0,,0.0,0,3,0,0,0,0,0.0,0.041036088474970894,2.0372526193247964,3,5,0,0.10754370828827148,Low Risk
TCU-01893,Lobatse,LO020,Personal Loan,48,Government Employee,16183.0,140300.0,22.25,48,4439.0,1,133926.0,2025-05-24,0.2743,808,2,27.5,0,1,335422.0,Current,0,0,,0.0,0,0,0,0,0,0,2.3907483962936564,0.27430019155904345,8.669591546684792,2,4,1,0.0969484142352268,Low Risk
TCU-01894,Francistown,LO002,Business Loan,54,Student,2038.0,34000.0,23.83,60,975.0,5,29835.0,2025-01-15,0.4784,718,3,10.1,0,0,0.0,Late (30–89 days),76,1,Legal Notice,6523.0,1,2,1,1,0,0,0.0,0.4784102060843965,16.683022571148186,0,1,5,0.7117779586175985,Critical
TCU-01895,Gaborone Main,LO016,Business Loan,27,Student,3329.0,41800.0,21.08,84,956.0,5,34996.0,2025-01-30,0.2872,628,4,2.6,0,1,76743.0,Current,0,0,,0.0,0,3,0,1,0,0,1.835956937799043,0.2871733253229198,12.556323220186242,1,1,5,0.20013414924210932,Medium Risk
TCU-01896,Gaborone Main,LO019,Vehicle Loan,64,Private Sector,10225.0,213300.0,14.61,36,7353.0,9,141329.0,2024-09-18,0.7191,687,3,1.6,0,0,0.0,Late (30–89 days),55,1,SMS Sent,49424.0,1,2,1,0,0,1,0.0,0.719119804400978,20.860635696821515,1,5,3,0.7215723429799842,Critical
TCU-01897,Francistown,LO013,Business Loan,63,Farmer,11532.0,185700.0,14.06,12,16679.0,4,110039.0,2025-02-02,1.4463,734,2,28.8,1,0,0.0,Current,0,0,,0.0,0,2,1,0,0,0,0.0,1.446323274366979,16.10301768990635,0,1,0,0.4418454199840279,Medium Risk
TCU-01898,Maun,LO007,Agriculture Loan,27,Private Sector,23507.0,496800.0,18.28,60,12691.0,4,419507.0,2025-03-01,0.5399,850,0,27.7,2,0,0.0,Current,0,0,,0.0,0,0,1,0,1,0,0.0,0.5398817373548305,21.134130259071767,3,0,3,0.22941687894211515,Medium Risk
TCU-01899,Selebi-Phikwe,LO002,Home Loan,50,Farmer,7327.0,133200.0,20.44,48,4085.0,15,91378.0,2024-04-01,0.5575,682,0,23.1,2,1,265929.0,Current,0,0,,0.0,0,2,1,0,0,0,1.9964639639639639,0.5575269550975843,18.179336699877165,4,3,0,0.32137946353355645,Medium Risk
TCU-01900,Francistown,LO019,Business Loan,25,Student,2259.0,13200.0,23.7,48,428.0,11,9368.0,2024-07-18,0.1895,502,0,1.1,0,1,22790.0,Late (30–89 days),61,2,Called,1133.0,1,4,0,1,0,1,1.7265151515151516,0.18946436476316955,5.843293492695883,0,1,5,0.7101346555203158,Critical
TCU-01901,Lobatse,LO009,Business Loan,60,Government Employee,19907.0,36200.0,17.65,84,753.0,4,33198.0,2025-02-27,0.0378,787,3,10.4,0,1,71590.0,Current,0,0,,0.0,0,1,0,0,0,0,1.9776243093922652,0.03782589039031496,1.8184558195609584,2,1,1,0.0888817393240095,Low Risk
TCU-01902,Gaborone Main,LO014,Business Loan,57,Farmer,3069.0,86000.0,16.98,84,1756.0,12,69384.0,2024-06-30,0.5722,715,0,7.4,2,1,132957.0,Late (30–89 days),76,1,Legal Notice,13023.0,1,2,1,1,0,0,1.5460116279069767,0.5721733463668948,28.022157054415118,1,1,0,0.7202697878657702,Critical
TCU-01903,Maun,LO016,Business Loan,63,Farmer,7926.0,242800.0,16.23,48,6910.0,8,192497.0,2024-10-10,0.8718,732,0,15.8,0,1,592514.0,Current,0,0,,0.0,0,2,1,0,1,0,2.440337726523888,0.871814282109513,30.633358566742366,3,1,0,0.47556793506269657,High Risk
TCU-01904,Lobatse,LO002,Education Loan,25,Pensioner,6881.0,60100.0,23.0,36,2326.0,17,30517.0,2024-01-27,0.338,734,0,3.8,0,1,59203.0,Current,0,0,,0.0,0,2,0,0,0,0,0.9850748752079866,0.3380322627525069,8.734195611103038,2,2,2,0.10181980507526149,Low Risk
TCU-01905,Lobatse,LO016,Home Loan,48,Farmer,6044.0,100400.0,15.42,84,1961.0,3,87766.0,2025-03-13,0.3245,763,0,23.0,0,1,131584.0,Current,0,0,,0.0,0,1,0,0,0,0,1.310597609561753,0.3244540039708802,16.61151555261416,2,3,0,0.07164039191897266,Low Risk
TCU-01906,Selebi-Phikwe,LO019,Business Loan,36,Private Sector,9749.0,292800.0,22.76,24,15300.0,1,243327.0,2025-05-29,1.5694,633,3,10.7,0,1,337145.0,Late (30–89 days),48,2,Called,27391.0,1,3,1,0,1,0,1.1514515027322405,1.5693917324853832,30.033849625602627,4,1,3,0.8889029398117906,Critical
TCU-01907,Maun,LO001,Home Loan,29,Pensioner,9450.0,56900.0,20.15,12,5275.0,1,51097.0,2025-05-04,0.5582,668,1,8.5,2,1,68372.0,Current,0,0,,0.0,0,3,1,0,0,0,1.201616871704745,0.5582010582010583,6.021164021164021,3,3,2,0.2661188613298604,Medium Risk
TCU-01908,Gaborone Main,LO020,Education Loan,42,Pensioner,4559.0,88900.0,19.67,48,2690.0,3,75403.0,2025-03-22,0.59,636,1,19.5,0,1,192967.0,Current,0,0,,0.0,0,3,1,1,0,0,2.170607424071991,0.5900416758060978,19.49989032682606,1,2,2,0.2552455322783095,Medium Risk
TCU-01909,Selebi-Phikwe,LO004,Business Loan,63,Self-Employed,8076.0,152500.0,23.37,36,5933.0,4,116534.0,2025-02-03,0.7346,656,0,10.5,0,1,193985.0,Current,0,0,,0.0,0,3,1,0,0,0,1.272032786885246,0.7346458642892522,18.883110450718178,4,1,4,0.21933150500764254,Medium Risk
TCU-01910,Lobatse,LO015,Vehicle Loan,54,Self-Employed,17291.0,41000.0,21.79,60,1127.0,15,30417.0,2024-03-24,0.0652,850,2,25.1,0,1,74106.0,Current,0,0,,0.0,0,0,0,0,0,0,1.8074634146341464,0.06517841651726332,2.371175756173732,2,5,4,0.10580164453893545,Low Risk
TCU-01911,Lobatse,LO002,Agriculture Loan,68,Private Sector,24695.0,165200.0,8.69,36,5230.0,6,132286.0,2024-12-25,0.2118,850,1,8.9,0,0,0.0,Current,0,0,,0.0,0,0,0,0,0,0,0.0,0.21178376189512046,6.689613282040899,2,0,3,0.10318790423013842,Low Risk
TCU-01912,Francistown,LO016,Personal Loan,40,Farmer,14768.0,68800.0,23.03,12,6473.0,4,41300.0,2025-02-20,0.4383,805,0,26.4,0,0,0.0,Current,0,0,,0.0,0,0,1,0,0,0,0.0,0.43831256771397614,4.658721560130011,0,4,0,0.153804238908856,Low Risk
TCU-01913,Lobatse,LO001,Education Loan,59,Student,2886.0,62400.0,19.82,12,5775.0,4,41077.0,2025-02-17,2.001,626,2,10.1,0,0,0.0,Late (30–89 days),80,2,Home Visit,14215.0,1,3,1,1,0,0,0.0,2.0,21.62162162162162,2,2,5,0.9235679125697456,Critical
TCU-01914,Gaborone Main,LO019,Vehicle Loan,49,Private Sector,16936.0,407400.0,19.73,84,8981.0,3,383748.0,2025-03-23,0.5303,811,1,17.3,0,0,0.0,Current,0,0,,0.0,0,0,1,0,1,0,0.0,0.5302905054322155,24.05526688710439,1,5,3,0.1921770434001424,Low Risk
TCU-01915,Maun,LO009,Home Loan,22,Government Employee,19250.0,74500.0,14.7,60,1761.0,17,50879.0,2024-01-28,0.0915,850,0,5.9,2,1,78308.0,Current,0,0,,0.0,0,0,0,0,0,0,1.0511140939597317,0.09148051948051948,3.8701298701298703,3,3,1,0.24961219366119253,Medium Risk
TCU-01916,Lobatse,LO010,Agriculture Loan,23,Self-Employed,6823.0,86600.0,9.55,48,2178.0,7,65131.0,2024-11-23,0.3192,677,1,23.2,1,0,0.0,Current,0,0,,0.0,0,2,0,0,0,0,0.0,0.3192144218085886,12.692364062729006,2,0,4,0.14642685931168814,Low Risk
TCU-01917,Lobatse,LO018,Vehicle Loan,27,Student,3847.0,123900.0,13.21,48,3337.0,6,103726.0,2024-12-03,0.8674,657,2,11.3,1,1,231113.0,Defaulted,357,6,Letter Sent,82119.0,1,3,1,1,0,0,1.865318805488297,0.8674291655835716,32.20691447881466,2,5,5,0.720460052643597,Critical
TCU-01918,Gaborone Main,LO012,Personal Loan,24,Farmer,12570.0,207300.0,14.94,24,10045.0,16,66814.0,2024-03-07,0.7991,638,1,9.9,0,0,0.0,Current,0,0,,0.0,0,3,1,0,0,0,0.0,0.7991249005568815,16.49164677804296,1,4,0,0.3414726180597997,Medium Risk
TCU-01919,Francistown,LO015,Education Loan,55,Self-Employed,35587.0,82000.0,12.98,72,1645.0,12,61263.0,2024-06-23,0.0462,850,0,26.2,0,1,70526.0,Current,0,0,,0.0,0,0,0,0,0,0,0.8600731707317073,0.04622474499114845,2.3042122123247255,0,2,4,0.07912807096519403,Low Risk
TCU-01920,Maun,LO017,Business Loan,48,Pensioner,9867.0,251800.0,16.5,12,22906.0,3,173073.0,2025-03-09,2.3215,778,0,12.1,0,1,601380.0,Late (30–89 days),89,2,Home Visit,41716.0,1,1,1,0,1,0,2.3883240667196186,2.0,25.51940812810378,3,1,2,0.9578869072193146,Critical
TCU-01921,Maun,LO010,Personal Loan,37,Student,4338.0,77100.0,18.4,48,2281.0,1,74364.0,2025-05-07,0.5258,785,0,5.8,0,0,0.0,Current,0,0,,0.0,0,1,1,1,0,0,0.0,0.5258183494698018,17.7731673582296,3,4,5,0.2500269338241733,Medium Risk
TCU-01922,Lobatse,LO011,Home Loan,26,Government Employee,16986.0,104800.0,16.31,84,2100.0,5,95371.0,2025-01-03,0.1236,850,1,1.9,0,1,104175.0,Early (1–29 days),15,1,,0.0,0,0,0,0,0,1,0.9940362595419847,0.12363122571529495,6.1697868833156715,2,3,1,0.10673363283037887,Low Risk
TCU-01923,Francistown,LO004,Vehicle Loan,41,Pensioner,6274.0,27400.0,20.38,84,615.0,14,19703.0,2024-04-27,0.098,644,4,3.1,0,1,34752.0,Early (1–29 days),28,1,,0.0,0,3,0,0,0,0,1.2683211678832116,0.0980235894166401,4.367229837424291,0,5,2,0.18390213566578578,Low Risk
TCU-01924,Lobatse,LO010,Personal Loan,41,Self-Employed,38163.0,73200.0,18.21,12,6718.0,4,47879.0,2025-02-19,0.176,850,1,20.6,2,1,134093.0,Late (30–89 days),57,2,,13635.0,1,0,0,0,0,0,1.8318715846994535,0.17603437884862302,1.9180882006131594,2,4,4,0.6694748700536082,High Risk
TCU-01925,Francistown,LO013,Business Loan,54,Government Employee,17561.0,229500.0,22.0,36,8765.0,5,177622.0,2025-01-06,0.4991,740,1,16.0,0,1,488833.0,Current,0,0,,0.0,0,1,1,0,1,0,2.12999128540305,0.4991173623369968,13.068731848983543,0,1,1,0.06831783745624348,Low Risk
TCU-01926,Lobatse,LO014,Vehicle Loan,38,Self-Employed,29285.0,22400.0,9.13,12,1960.0,9,5060.0,2024-09-23,0.0669,850,1,28.5,0,1,54968.0,Current,0,0,,0.0,0,0,0,0,0,0,2.4539285714285715,0.06692846166979682,0.764896704797678,2,5,4,0.09269286872612222,Low Risk
TCU-01927,Francistown,LO011,Personal Loan,48,Farmer,6619.0,94700.0,19.95,12,8770.0,1,86095.0,2025-05-29,1.325,735,0,17.9,3,0,0.0,Current,0,0,,0.0,0,2,1,0,0,0,0.0,1.3249735609608702,14.30729717479982,0,4,0,0.8117705276787508,Critical
TCU-01928,Gaborone Main,LO008,Agriculture Loan,28,Private Sector,19094.0,57700.0,11.3,12,5108.0,5,28885.0,2025-01-08,0.2675,850,0,10.1,2,1,61213.0,Late (30–89 days),85,2,SMS Sent,4470.0,1,0,0,0,0,0,1.0608838821490467,0.267518592227925,3.021891693725778,1,0,3,0.5881799378206634,High Risk
TCU-01929,Selebi-Phikwe,LO019,Education Loan,30,Farmer,8429.0,133700.0,20.69,60,3594.0,6,119028.0,2024-12-29,0.4264,722,3,14.9,0,0,0.0,Current,0,0,,0.0,0,2,0,0,0,0,0.0,0.4263850990627595,15.861905326847788,4,2,0,0.11509757136998253,Low Risk
TCU-01930,Selebi-Phikwe,LO008,Agriculture Loan,50,Government Employee,11748.0,358500.0,9.96,48,9086.0,16,235193.0,2024-02-07,0.7734,690,0,28.2,1,1,840321.0,Late (30–89 days),56,2,Letter Sent,25688.0,1,2,1,0,1,0,2.343991631799163,0.7734082397003745,30.515832482124615,4,0,1,0.6441012940342589,High Risk
TCU-01931,Maun,LO006,Vehicle Loan,38,Government Employee,12441.0,342700.0,16.25,72,7481.0,13,263957.0,2024-05-26,0.6013,781,0,29.6,0,0,0.0,Current,0,0,,0.0,0,1,1,0,1,0,0.0,0.6013182220078772,27.546017201189613,3,5,1,0.12134754114109586,Low Risk
TCU-01932,Selebi-Phikwe,LO018,Personal Loan,36,Student,2390.0,60700.0,10.59,60,1307.0,11,48163.0,2024-07-12,0.5469,556,2,13.6,0,0,0.0,Current,0,0,,0.0,0,4,1,1,0,0,0.0,0.5468619246861924,25.397489539748953,4,4,5,0.31387734067670187,Medium Risk
TCU-01933,Selebi-Phikwe,LO001,Agriculture Loan,52,Student,4306.0,66000.0,13.32,36,2234.0,9,42100.0,2024-10-03,0.5188,747,0,6.1,0,1,96040.0,Current,0,0,,0.0,0,1,1,1,0,0,1.455151515151515,0.5188109614491407,15.327450069670228,4,0,5,0.1281720450899037,Low Risk
TCU-01934,Gaborone Main,LO007,Education Loan,68,Private Sector,12140.0,138700.0,13.84,84,2587.0,17,103588.0,2024-01-10,0.2131,850,0,27.9,1,0,0.0,Current,0,0,,0.0,0,0,0,0,0,0,0.0,0.21309719934102142,11.42504118616145,1,2,3,0.10402096607184098,Low Risk
TCU-01935,Lobatse,LO017,Agriculture Loan,45,Farmer,3741.0,109700.0,16.65,24,5405.0,17,29301.0,2024-01-14,1.4448,649,0,9.6,0,1,203067.0,Current,0,0,,0.0,0,3,1,1,0,0,1.8511121239744759,1.4448008553862604,29.323710237904304,2,0,0,0.4521191136455753,High Risk
TCU-01936,Selebi-Phikwe,LO016,Business Loan,37,Private Sector,16831.0,307800.0,10.44,48,7872.0,3,264279.0,2025-03-15,0.4677,804,1,18.6,2,0,0.0,Current,0,0,,0.0,0,0,1,0,1,0,0.0,0.4677083952231002,18.28768344126909,4,1,3,0.3606785163015303,Medium Risk
TCU-01937,Selebi-Phikwe,LO015,Home Loan,46,Pensioner,7501.0,77400.0,12.66,60,1748.0,11,61194.0,2024-07-17,0.233,743,1,15.1,3,0,0.0,Late (30–89 days),62,2,Legal Notice,16971.0,1,1,0,0,0,0,0.0,0.23303559525396614,10.318624183442207,4,3,2,0.5787643486429996,High Risk
TCU-01938,Maun,LO008,Vehicle Loan,22,Student,3772.0,109800.0,11.74,24,5155.0,17,28141.0,2024-02-02,1.3666,704,0,27.1,1,1,107869.0,Late (30–89 days),45,2,Called,3104.0,1,2,1,1,0,0,0.9824134790528233,1.3666489925768823,29.109225874867445,3,5,5,0.7258639254215794,Critical
TCU-01939,Lobatse,LO008,Business Loan,57,Student,2199.0,63200.0,18.8,72,1470.0,14,47185.0,2024-04-08,0.6685,740,1,0.8,0,1,56826.0,Defaulted,203,11,,30096.0,1,1,1,1,0,1,0.8991455696202532,0.6684856753069577,28.740336516598454,2,1,5,0.7570272386027406,Critical
TCU-01940,Maun,LO007,Personal Loan,61,Student,1886.0,37200.0,22.36,60,1035.0,1,34079.0,2025-05-10,0.5488,734,0,14.8,0,1,49840.0,Late (30–89 days),54,2,Home Visit,3513.0,1,2,1,1,0,0,1.3397849462365592,0.5487804878048781,19.724284199363733,3,4,5,0.3171733106104912,Medium Risk
TCU-01941,Selebi-Phikwe,LO012,Personal Loan,33,Private Sector,12953.0,28700.0,22.65,72,732.0,12,23234.0,2024-06-27,0.0565,696,1,18.4,0,0,0.0,Current,0,0,,0.0,0,2,0,0,0,0,0.0,0.05651200494094032,2.215702925963097,4,4,3,0.10529882638757548,Low Risk
TCU-01942,Selebi-Phikwe,LO004,Business Loan,66,Private Sector,14096.0,67100.0,9.44,36,2148.0,17,30513.0,2024-02-03,0.1524,850,3,25.4,2,1,128009.0,Current,0,0,,0.0,0,0,0,0,0,0,1.9077347242921014,0.15238365493757094,4.760215664018161,4,1,3,0.2860011373854627,Medium Risk
TCU-01943,Lobatse,LO020,Vehicle Loan,26,Government Employee,18924.0,337100.0,16.73,48,9680.0,5,258935.0,2025-01-18,0.5115,736,0,12.0,2,0,0.0,Late (30–89 days),58,1,Called,56386.0,1,2,1,0,1,0,0.0,0.5115197632635806,17.813358697949692,2,5,1,0.7134843723844634,Critical
TCU-01944,Selebi-Phikwe,LO003,Home Loan,25,Pensioner,8527.0,58600.0,8.66,24,2668.0,17,16870.0,2024-01-27,0.3129,678,0,23.8,0,1,126187.0,Current,0,0,,0.0,0,2,0,0,0,0,2.1533617747440275,0.31288847191274777,6.872288026269497,4,3,2,0.07142032396410308,Low Risk
TCU-01945,Maun,LO017,Home Loan,40,Farmer,13714.0,204500.0,16.78,60,5058.0,12,140609.0,2024-06-24,0.3688,794,0,10.2,0,0,0.0,Current,0,0,,0.0,0,1,0,0,0,0,0.0,0.3688201837538282,14.9117689951874,3,3,0,0.07252160449978699,Low Risk
TCU-01946,Francistown,LO011,Home Loan,64,Student,1630.0,26400.0,18.98,60,685.0,8,21127.0,2024-10-29,0.4202,737,3,9.1,0,1,39154.0,Current,0,0,,0.0,0,2,0,1,0,0,1.4831060606060606,0.42024539877300615,16.196319018404907,0,3,5,0.14335093788194828,Low Risk
TCU-01947,Selebi-Phikwe,LO019,Business Loan,25,Government Employee,20520.0,193700.0,14.7,60,4578.0,9,151754.0,2024-09-04,0.2231,713,1,19.6,0,0,0.0,Current,0,0,,0.0,0,2,0,0,0,0,0.0,0.22309941520467835,9.439571150097466,4,1,1,0.09227136710940599,Low Risk
TCU-01948,Selebi-Phikwe,LO015,Personal Loan,22,Student,3660.0,13700.0,15.38,24,667.0,14,5392.0,2024-04-07,0.1822,770,0,7.2,0,0,0.0,Current,0,0,,0.0,0,1,0,1,0,0,0.0,0.18224043715846994,3.7431693989071038,4,4,5,0.15156821564804315,Low Risk
TCU-01949,Selebi-Phikwe,LO019,Vehicle Loan,29,Self-Employed,13527.0,22800.0,14.79,12,2056.0,11,1897.0,2024-07-23,0.152,795,0,28.1,0,1,55905.0,Early (1–29 days),13,1,,0.0,0,1,0,0,0,0,2.451973684210526,0.1519923116729504,1.685517853182524,4,5,4,0.0993769936573268,Low Risk
TCU-01950,Selebi-Phikwe,LO013,Business Loan,39,Private Sector,11546.0,90300.0,22.51,24,4707.0,11,42349.0,2024-07-13,0.4077,723,0,3.0,0,0,0.0,Current,0,0,,0.0,0,2,0,0,0,0,0.0,0.407673653213234,7.820890351636931,4,1,3,0.09623553270073955,Low Risk
TCU-01951,Maun,LO004,Education Loan,38,Government Employee,19320.0,19300.0,9.64,72,354.0,17,12544.0,2024-01-12,0.0183,850,1,13.5,1,0,0.0,Current,0,0,,0.0,0,0,0,0,0,0,0.0,0.01832298136645963,0.9989648033126294,3,2,1,0.16386018186811846,Low Risk
TCU-01952,Gaborone Main,LO016,Vehicle Loan,60,Self-Employed,12591.0,30000.0,18.61,12,2759.0,12,0.0,2024-06-02,0.2191,705,2,29.2,1,1,74707.0,Current,0,0,,0.0,0,2,0,0,0,0,2.4902333333333333,0.21912477166229846,2.382654276864427,1,5,4,0.13354923025520327,Low Risk
TCU-01953,Maun,LO019,Business Loan,23,Private Sector,29205.0,225600.0,15.38,12,20403.0,7,88078.0,2024-11-04,0.6986,850,0,5.0,1,0,0.0,Current,0,0,,0.0,0,0,1,0,0,0,0.0,0.698613251155624,7.724704673857216,3,1,3,0.4671908925832695,High Risk
TCU-01954,Maun,LO006,Vehicle Loan,66,Student,4948.0,56400.0,22.65,60,1579.0,14,39355.0,2024-04-28,0.3191,756,2,25.9,0,0,0.0,Current,0,0,,0.0,0,1,0,1,0,0,0.0,0.3191188358932902,11.398544866612772,3,5,5,0.12844232906148043,Low Risk
TCU-01955,Maun,LO004,Business Loan,38,Private Sector,13026.0,159300.0,14.15,36,5456.0,4,129697.0,2025-03-02,0.4189,842,0,2.7,1,0,0.0,Current,0,0,,0.0,0,0,0,0,0,0,0.0,0.41885459849531703,12.229387379087978,3,1,3,0.14312369860509394,Low Risk
TCU-01956,Selebi-Phikwe,LO013,Education Loan,22,Student,2624.0,40500.0,9.33,36,1294.0,1,37841.0,2025-05-02,0.4931,666,0,8.0,2,0,0.0,Current,0,0,,0.0,0,3,1,1,0,0,0.0,0.49314024390243905,15.434451219512194,4,2,5,0.31296575811163935,Medium Risk
TCU-01957,Gaborone Main,LO013,Personal Loan,27,Farmer,5476.0,31500.0,18.92,48,941.0,10,23188.0,2024-08-06,0.1718,720,1,24.9,0,1,75404.0,Current,0,0,,0.0,0,2,0,0,0,0,2.393777777777778,0.17184075967859752,5.752373995617239,1,4,0,0.06454935388296731,Low Risk
TCU-01958,Gaborone Main,LO001,Personal Loan,49,Self-Employed,24511.0,426800.0,22.91,36,16501.0,8,324775.0,2024-10-24,0.6732,829,2,21.8,1,0,0.0,Current,0,0,,0.0,0,0,1,0,1,0,0.0,0.6732079474521643,17.41259026559504,1,4,4,0.42836810993220065,Medium Risk
TCU-01959,Selebi-Phikwe,LO009,Business Loan,26,Government Employee,12611.0,144000.0,18.74,84,3089.0,15,115380.0,2024-03-12,0.2449,729,0,9.1,0,1,182459.0,Current,0,0,,0.0,0,2,0,0,0,0,1.267076388888889,0.2449448893822853,11.41860280707319,4,1,1,0.09540519047896164,Low Risk
TCU-01960,Selebi-Phikwe,LO010,Business Loan,25,Student,4098.0,73400.0,16.42,48,2096.0,16,43240.0,2024-02-26,0.5115,850,2,28.3,1,1,146277.0,Late (30–89 days),88,2,Called,8550.0,1,0,1,1,0,0,1.9928746594005449,0.511469009272816,17.91117618350415,4,1,5,0.7426924469858284,Critical
TCU-01961,Maun,LO014,Home Loan,26,Farmer,6897.0,67300.0,23.17,84,1626.0,9,56308.0,2024-10-03,0.2358,651,2,19.5,0,1,154710.0,Current,0,0,,0.0,0,3,0,0,0,0,2.2988112927191677,0.2357546759460635,9.757865738726982,3,3,0,0.13248879063836153,Low Risk
TCU-01962,Maun,LO014,Agriculture Loan,36,Student,4597.0,14500.0,19.1,48,434.0,16,9143.0,2024-02-16,0.0944,732,1,17.5,0,1,30031.0,Current,0,0,,0.0,0,2,0,1,0,0,2.071103448275862,0.09440939743310856,3.154231020230585,3,0,5,0.1113077213405635,Low Risk
TCU-01963,Maun,LO004,Agriculture Loan,36,Government Employee,19453.0,483600.0,18.4,48,14307.0,7,403026.0,2024-11-09,0.7355,825,0,29.6,1,0,0.0,Current,0,0,,0.0,0,0,1,0,1,0,0.0,0.7354649668431604,24.85991877859456,3,0,1,0.373998818085126,Medium Risk
TCU-01964,Selebi-Phikwe,LO017,Home Loan,24,Government Employee,10656.0,413100.0,9.69,84,6792.0,1,395754.0,2025-05-10,0.6374,757,0,8.0,0,0,0.0,Late (30–89 days),77,1,Legal Notice,90859.0,1,1,1,0,1,0,0.0,0.6373873873873874,38.766891891891895,4,3,1,0.64143626531155,High Risk
TCU-01965,Lobatse,LO015,Home Loan,47,Pensioner,7866.0,111900.0,17.25,36,4003.0,6,79717.0,2024-12-28,0.5089,648,0,2.5,0,0,0.0,Current,0,0,,0.0,0,3,1,0,0,0,0.0,0.5088990592423087,14.225781845919146,2,3,2,0.22261195485038784,Medium Risk
TCU-01966,Lobatse,LO020,Agriculture Loan,35,Student,4621.0,46900.0,18.35,12,4308.0,6,22964.0,2024-12-20,0.9323,781,0,20.9,1,0,0.0,Current,0,0,,0.0,0,1,1,1,0,0,0.0,0.9322657433455962,10.149318329365938,2,0,5,0.6513326520480966,High Risk
TCU-01967,Lobatse,LO001,Education Loan,53,Pensioner,9862.0,353200.0,9.34,60,7390.0,11,249032.0,2024-07-25,0.7493,850,2,14.1,0,0,0.0,Late (30–89 days),82,1,SMS Sent,37957.0,1,0,1,0,1,0,0.0,0.7493409044818495,35.81423646319205,2,2,2,0.31689254901897235,Medium Risk
TCU-01968,Selebi-Phikwe,LO016,Vehicle Loan,33,Self-Employed,8932.0,76000.0,21.42,60,2074.0,6,67814.0,2024-12-18,0.2322,817,3,4.1,0,1,75804.0,Current,0,0,,0.0,0,0,0,0,0,0,0.997421052631579,0.2321988356471115,8.508732646663681,4,5,4,0.16203856745531828,Low Risk
TCU-01969,Selebi-Phikwe,LO007,Business Loan,33,Farmer,5419.0,48500.0,16.1,36,1708.0,12,31888.0,2024-07-03,0.3152,778,2,0.9,0,1,87769.0,Current,0,0,,0.0,0,1,0,0,0,1,1.8096701030927835,0.3151873039306145,8.94999077320539,4,1,0,0.14180124504669123,Low Risk
TCU-01970,Gaborone Main,LO020,Agriculture Loan,54,Farmer,10397.0,13700.0,21.82,36,522.0,13,8310.0,2024-05-19,0.0502,843,2,10.2,2,0,0.0,Late (30–89 days),79,2,,1577.0,1,0,0,0,0,0,0.0,0.05020679042031355,1.317687794556122,1,0,0,0.6425692892144869,High Risk
TCU-01971,Selebi-Phikwe,LO016,Education Loan,65,Pensioner,8804.0,77600.0,13.08,84,1415.0,12,61412.0,2024-07-05,0.1607,720,0,15.9,0,1,151920.0,Current,0,0,,0.0,0,2,0,0,0,0,1.9577319587628865,0.16072239890958656,8.814175374829622,4,2,2,0.12127753727149557,Low Risk
TCU-01972,Gaborone Main,LO004,Agriculture Loan,37,Self-Employed,35973.0,329500.0,9.29,12,28860.0,2,246912.0,2025-05-01,0.8023,850,0,23.1,0,0,0.0,Current,0,0,,0.0,0,0,1,0,1,0,0.0,0.8022683679426237,9.159647513412837,1,0,4,0.17838004552425815,Low Risk
TCU-01973,Gaborone Main,LO006,Business Loan,40,Student,1988.0,17900.0,21.77,12,1673.0,1,15880.0,2025-05-10,0.8415,603,2,24.3,0,0,0.0,Current,0,0,,0.0,0,3,1,1,0,0,0.0,0.8415492957746479,9.004024144869215,1,1,5,0.296993120273401,Medium Risk
TCU-01974,Selebi-Phikwe,LO001,Education Loan,28,Private Sector,29399.0,222600.0,16.55,48,6371.0,12,145010.0,2024-06-22,0.2167,850,3,3.8,1,0,0.0,Early (1–29 days),1,1,,0.0,0,0,0,0,0,0,0.0,0.2167080512942617,7.571686111772509,4,2,3,0.20353452523797066,Medium Risk
TCU-01975,Francistown,LO015,Personal Loan,61,Pensioner,6234.0,20600.0,15.46,60,495.0,7,16204.0,2024-11-04,0.0794,677,2,7.8,0,1,26226.0,Current,0,0,,0.0,0,2,0,0,0,0,1.2731067961165048,0.07940327237728585,3.3044594161052294,0,4,2,0.11597658561870626,Low Risk
TCU-01976,Gaborone Main,LO008,Business Loan,56,Government Employee,15572.0,289600.0,14.63,36,9987.0,5,223685.0,2025-01-10,0.6413,779,0,25.8,2,1,389652.0,Late (30–89 days),71,1,Letter Sent,70128.0,1,1,1,0,1,0,1.3454834254143646,0.641343436938094,18.597482661186746,1,1,1,0.4922002452688723,High Risk
TCU-01977,Gaborone Main,LO004,Education Loan,57,Student,1596.0,13300.0,18.6,24,668.0,7,8090.0,2024-11-25,0.4185,773,1,15.0,0,0,0.0,Current,0,0,,0.0,0,1,0,1,0,0,0.0,0.41854636591478694,8.333333333333334,1,2,5,0.15821416002822228,Low Risk
TCU-01978,Selebi-Phikwe,LO003,Home Loan,44,Private Sector,16228.0,121200.0,21.67,24,6268.0,10,67980.0,2024-08-09,0.3862,765,1,1.0,0,0,0.0,Current,0,0,,0.0,0,1,0,0,0,1,0.0,0.3862459945772738,7.4685728370717275,4,3,3,0.11028013275138368,Low Risk
TCU-01979,Francistown,LO003,Personal Loan,47,Private Sector,19754.0,360700.0,19.3,12,33293.0,6,162413.0,2024-12-06,1.6854,850,1,21.9,1,1,323556.0,Late (30–89 days),59,1,Called,47666.0,1,0,1,0,1,0,0.8970224563349044,1.6853801761668523,18.259592993824036,0,4,3,0.9730991622507221,Critical
TCU-01980,Francistown,LO001,Vehicle Loan,53,Pensioner,4585.0,24000.0,9.29,12,2102.0,8,7982.0,2024-10-20,0.4585,787,0,4.3,0,0,0.0,Current,0,0,,0.0,0,1,1,1,0,0,0.0,0.4584514721919302,5.2344601962922575,0,5,2,0.1812532201985408,Low Risk
TCU-01981,Francistown,LO010,Vehicle Loan,66,Self-Employed,24120.0,125700.0,14.08,84,2361.0,7,98989.0,2024-11-24,0.0979,850,0,20.0,0,0,0.0,Current,0,0,,0.0,0,0,0,0,0,0,0.0,0.09788557213930349,5.211442786069652,0,5,4,0.08087771830228385,Low Risk
TCU-01982,Gaborone Main,LO005,Personal Loan,61,Student,4351.0,187900.0,20.09,12,17414.0,6,86575.0,2024-12-19,4.0023,745,2,29.1,0,1,372427.0,Late (30–89 days),64,1,Home Visit,20959.0,1,1,1,1,0,0,1.9820489622139437,2.0,43.18547460353942,1,4,5,0.9068612752467955,Critical
TCU-01983,Maun,LO009,Home Loan,56,Student,3024.0,65200.0,23.95,72,1715.0,15,50257.0,2024-03-22,0.5671,650,0,29.1,0,0,0.0,Current,0,0,,0.0,0,3,1,1,0,0,0.0,0.5671296296296297,21.56084656084656,3,3,5,0.2053014015976904,Medium Risk
TCU-01984,Maun,LO014,Vehicle Loan,45,Student,4291.0,55700.0,11.2,12,4928.0,4,35161.0,2025-02-07,1.1485,705,2,18.2,0,1,132125.0,Defaulted,204,7,SMS Sent,27737.0,1,2,1,1,0,0,2.3720825852782763,1.1484502446982054,12.980657189466324,3,5,5,0.8724457704304863,Critical
TCU-01985,Maun,LO018,Personal Loan,41,Government Employee,14589.0,245600.0,21.57,84,5688.0,8,220657.0,2024-10-05,0.3899,737,0,1.9,0,1,205874.0,Current,0,0,,0.0,0,2,0,0,1,1,0.8382491856677524,0.38988278840222085,16.834601412022757,3,4,1,0.10786808956453241,Low Risk
TCU-01986,Selebi-Phikwe,LO017,Business Loan,61,Farmer,6548.0,249300.0,13.94,36,8513.0,4,188989.0,2025-02-20,1.3001,799,4,16.8,0,0,0.0,Late (30–89 days),58,2,Called,21758.0,1,1,1,0,1,0,0.0,1.3000916310323762,38.07269395235186,4,1,0,0.832742285425222,Critical
TCU-01987,Selebi-Phikwe,LO020,Home Loan,55,Government Employee,20554.0,161000.0,11.14,12,14240.0,5,84801.0,2025-01-28,0.6928,847,1,4.0,0,0,0.0,Late (30–89 days),31,2,SMS Sent,26882.0,1,0,1,0,0,0,0.0,0.6928091855599883,7.833025201907171,4,3,1,0.6211787354997592,High Risk
TCU-01988,Gaborone Main,LO014,Agriculture Loan,53,Self-Employed,13883.0,244700.0,20.38,72,5915.0,5,223543.0,2025-01-31,0.4261,748,2,25.1,0,1,596117.0,Current,0,0,,0.0,0,1,0,0,1,0,2.436113608500204,0.42606064971547936,17.625873370309012,1,0,4,0.11274288931319405,Low Risk
TCU-01989,Selebi-Phikwe,LO013,Vehicle Loan,29,Pensioner,4347.0,105000.0,10.04,60,2233.0,9,88187.0,2024-09-17,0.5137,643,0,23.0,0,0,0.0,Current,0,0,,0.0,0,3,1,1,0,0,0.0,0.5136876006441223,24.154589371980677,4,5,2,0.12633055877441376,Low Risk
TCU-01990,Francistown,LO006,Education Loan,64,Pensioner,9368.0,16500.0,20.88,24,847.0,3,13642.0,2025-03-30,0.0904,850,0,22.5,0,0,0.0,Current,0,0,,0.0,0,0,0,0,0,0,0.0,0.09041417591801879,1.7613151152860802,0,2,2,0.09288000165884261,Low Risk
TCU-01991,Maun,LO019,Personal Loan,59,Farmer,11611.0,209900.0,23.56,60,5985.0,7,158157.0,2024-11-09,0.5155,850,0,25.6,1,1,312499.0,Current,0,0,,0.0,0,0,1,0,0,0,1.48879942829919,0.51545947808113,18.077684953923004,3,4,0,0.4975298774203079,High Risk
TCU-01992,Lobatse,LO016,Education Loan,40,Pensioner,4110.0,144900.0,15.92,72,3137.0,1,130415.0,2025-05-03,0.7633,679,0,17.4,2,1,127075.0,Current,0,0,,0.0,0,2,1,1,0,0,0.876984126984127,0.7632603406326034,35.25547445255474,2,2,2,0.3443848397875112,Medium Risk
TCU-01993,Lobatse,LO015,Personal Loan,58,Government Employee,15199.0,288000.0,13.25,48,7762.0,2,252507.0,2025-04-13,0.5107,803,0,18.5,0,0,0.0,Current,0,0,,0.0,0,0,1,0,1,0,0.0,0.5106914928613725,18.94861504046319,2,4,1,0.1729998563970572,Low Risk
TCU-01994,Lobatse,LO020,Business Loan,30,Self-Employed,8076.0,131600.0,21.6,84,3050.0,17,97581.0,2024-01-16,0.3777,639,0,22.7,0,0,0.0,Current,0,0,,0.0,0,3,0,0,0,0,0.0,0.37766220901436354,16.295195641406636,2,1,4,0.08669715033231702,Low Risk
TCU-01995,Lobatse,LO014,Vehicle Loan,68,Private Sector,7114.0,48800.0,15.4,48,1368.0,14,30790.0,2024-04-23,0.1923,722,2,28.4,0,0,0.0,Current,0,0,,0.0,0,2,0,0,0,0,0.0,0.1922968793927467,6.859713241495642,2,5,3,0.09764691649297642,Low Risk
TCU-01996,Maun,LO009,Education Loan,45,Self-Employed,14158.0,390100.0,19.23,60,10169.0,7,316588.0,2024-11-24,0.7183,839,0,11.4,3,1,483401.0,Current,0,0,,0.0,0,0,1,0,1,0,1.2391720071776469,0.7182511654188445,27.55332674106512,3,2,4,0.3480105305714023,Medium Risk
TCU-01997,Maun,LO016,Vehicle Loan,44,Self-Employed,37920.0,338200.0,11.76,84,5927.0,6,299433.0,2024-12-12,0.1563,850,3,10.4,3,0,0.0,Current,0,0,,0.0,0,0,0,0,1,0,0.0,0.15630274261603375,8.918776371308017,3,5,4,0.30429533067105125,Medium Risk
TCU-01998,Selebi-Phikwe,LO005,Education Loan,32,Farmer,10500.0,59900.0,14.53,36,2063.0,1,50026.0,2025-05-24,0.1965,724,2,17.6,0,0,0.0,Current,0,0,,0.0,0,2,0,0,0,0,0.0,0.19647619047619047,5.704761904761905,4,2,0,0.11564636544088959,Low Risk
TCU-01999,Francistown,LO014,Vehicle Loan,47,Government Employee,21786.0,395000.0,11.4,48,10286.0,3,352612.0,2025-03-21,0.4721,841,1,23.2,3,0,0.0,Early (1–29 days),16,1,,0.0,0,0,1,0,1,0,0.0,0.47213807032038924,18.130909758560545,0,5,1,0.38967199779458667,Medium Risk
TCU-02000,Gaborone Main,LO014,Home Loan,60,Farmer,5687.0,133600.0,19.05,36,4901.0,13,76114.0,2024-05-22,0.8618,803,0,29.8,0,1,132248.0,Current,0,0,,0.0,0,0,1,0,0,0,0.989880239520958,0.8617900474767013,23.492175136275716,1,3,0,0.2884639435701498,Medium Risk
TCU-02001,Selebi-Phikwe,LO006,Home Loan,23,Student,3626.0,13300.0,17.9,36,480.0,3,11484.0,2025-03-13,0.1324,570,1,6.6,0,1,22485.0,Current,0,0,,0.0,0,4,0,1,0,0,1.6906015037593984,0.13237727523441808,3.667953667953668,4,3,5,0.15593458899864435,Low Risk
TCU-02002,Francistown,LO007,Vehicle Loan,59,Government Employee,13094.0,237900.0,17.4,72,5346.0,12,191050.0,2024-06-28,0.4083,792,0,8.8,0,1,343734.0,Current,0,0,,0.0,0,1,0,0,1,0,1.4448675914249685,0.40827860088590195,18.16862685199328,0,5,1,0.06461891972755382,Low Risk
TCU-02003,Francistown,LO019,Home Loan,29,Government Employee,15149.0,84200.0,23.86,60,2415.0,12,62847.0,2024-06-08,0.1594,850,0,27.5,0,1,79113.0,Current,0,0,,0.0,0,0,0,0,0,0,0.9395843230403801,0.15941646313288005,5.558122648359627,0,3,1,0.11902192582933097,Low Risk
TCU-02004,Gaborone Main,LO012,Education Loan,58,Student,4832.0,157400.0,18.52,36,5732.0,12,92606.0,2024-06-06,1.1863,714,3,9.1,0,0,0.0,Late (30–89 days),85,2,Legal Notice,29787.0,1,2,1,1,0,0,0.0,1.1862582781456954,32.574503311258276,1,2,5,0.9139458321901394,Critical
TCU-02005,Selebi-Phikwe,LO008,Vehicle Loan,54,Self-Employed,29902.0,315800.0,18.26,36,11458.0,16,168473.0,2024-02-24,0.3832,850,0,13.7,1,0,0.0,Current,0,0,,0.0,0,0,0,0,1,0,0.0,0.38318507123269346,10.561166477158718,4,5,4,0.1220677480613679,Low Risk
TCU-02006,Francistown,LO012,Personal Loan,26,Farmer,14385.0,72000.0,15.08,60,1716.0,13,50291.0,2024-05-29,0.1193,762,2,19.2,0,0,0.0,Current,0,0,,0.0,0,1,0,0,0,0,0.0,0.11929092805005213,5.005213764337852,0,4,0,0.10840416490242194,Low Risk
TCU-02007,Selebi-Phikwe,LO016,Education Loan,57,Student,4598.0,156000.0,16.66,84,3157.0,9,136374.0,2024-10-01,0.6866,748,1,13.4,0,1,192986.0,Current,0,0,,0.0,0,1,1,1,0,0,1.2370897435897437,0.6866028708133971,33.927794693344936,4,2,5,0.16410909225127038,Low Risk
TCU-02008,Gaborone Main,LO015,Vehicle Loan,25,Self-Employed,29379.0,86900.0,14.35,60,2038.0,5,71455.0,2025-01-25,0.0694,850,2,8.8,1,1,80498.0,Late (30–89 days),48,1,,11859.0,1,0,0,0,0,0,0.9263291139240506,0.06936927737499575,2.9578950951359815,1,5,4,0.49466038077758756,High Risk
TCU-02009,Gaborone Main,LO019,Personal Loan,22,Farmer,4616.0,55200.0,20.69,24,2828.0,2,43437.0,2025-04-12,0.6127,702,1,27.7,0,1,119266.0,Late (30–89 days),43,2,SMS Sent,6614.0,1,2,1,1,0,0,2.1606159420289854,0.6126516464471404,11.95840554592721,1,4,0,0.2419567995999371,Medium Risk
TCU-02010,Gaborone Main,LO004,Agriculture Loan,64,Government Employee,13496.0,125200.0,21.57,12,11692.0,10,19230.0,2024-08-12,0.8663,790,1,21.9,1,0,0.0,Late (30–89 days),42,1,Home Visit,6275.0,1,1,1,0,0,0,0.0,0.8663307646710137,9.276822762299942,1,0,1,0.783621905326099,Critical
TCU-02011,Gaborone Main,LO016,Business Loan,45,Farmer,3082.0,101500.0,19.35,84,2214.0,3,86322.0,2025-03-31,0.7184,702,1,19.2,0,0,0.0,Late (30–89 days),86,2,Home Visit,20840.0,1,2,1,1,0,0,0.0,0.718364698247891,32.93316028552888,1,1,0,0.8106475727957414,Critical
TCU-02012,Lobatse,LO020,Business Loan,32,Government Employee,23629.0,305600.0,22.4,12,28661.0,12,0.0,2024-01-01,1.213,850,0,11.7,0,0,0.0,Late (30–89 days),40,2,Letter Sent,0.0,1,0,1,0,1,0,0.0,1.2129586525032798,12.933259977146726,2,1,1,0.874672416624162,Critical
TCU-02013,Lobatse,LO002,Home Loan,37,Self-Employed,33832.0,415900.0,19.52,12,38431.0,12,0.0,2024-02-03,1.1359,850,0,7.7,0,1,999964.0,Current,0,0,,0.0,0,0,1,0,1,0,2.404337581149315,1.1359363915819343,12.293095294395838,2,3,4,0.5698346769270378,High Risk
TCU-02014,Gaborone Main,LO005,Vehicle Loan,62,Farmer,7875.0,253200.0,19.39,36,9331.0,1,246044.0,2025-05-21,1.1849,779,1,12.8,1,1,418824.0,Late (30–89 days),50,2,Letter Sent,46129.0,1,1,1,0,1,0,1.6541232227488152,1.1848888888888889,32.15238095238095,1,5,0,0.8742713832663582,Critical
TCU-02015,Maun,LO013,Home Loan,32,Private Sector,24171.0,439000.0,18.78,72,10207.0,1,394918.0,2025-05-27,0.4223,850,1,25.7,1,0,0.0,Current,0,0,,0.0,0,0,0,0,1,0,0.0,0.4222829009970626,18.162260560175415,3,3,3,0.40693119651990833,Medium Risk
TCU-02016,Lobatse,LO018,Personal Loan,29,Self-Employed,17777.0,252300.0,23.18,60,7139.0,1,235858.0,2025-05-26,0.4016,850,3,10.9,0,0,0.0,Current,0,0,,0.0,0,0,0,0,1,0,0.0,0.4015863194014738,14.192495921696574,2,4,4,0.11579123791780731,Low Risk
TCU-02017,Maun,LO009,Agriculture Loan,42,Government Employee,12925.0,453500.0,12.82,24,21522.0,9,273478.0,2024-09-23,1.6651,768,1,16.1,0,1,396434.0,Late (30–89 days),58,2,Called,94312.0,1,1,1,0,1,0,0.8741653803748621,1.665145067698259,35.08704061895551,3,0,1,0.9764998432767742,Critical
TCU-02018,Maun,LO020,Vehicle Loan,48,Pensioner,4258.0,9300.0,19.75,72,221.0,14,6699.0,2024-04-29,0.0519,624,3,27.8,0,1,15961.0,Late (30–89 days),57,1,Called,2180.0,1,3,0,1,0,0,1.716236559139785,0.05190230155002348,2.1841240018788164,3,5,2,0.557868437324535,High Risk
TCU-02019,Lobatse,LO016,Business Loan,49,Self-Employed,28181.0,375400.0,20.7,48,11564.0,4,330552.0,2025-02-24,0.4103,850,0,14.0,0,1,808652.0,Current,0,0,,0.0,0,0,0,0,1,0,2.1541076185402237,0.41034739718249885,13.321031900926156,2,1,4,0.044434966663982015,Low Risk
TCU-02020,Gaborone Main,LO018,Personal Loan,51,Self-Employed,4196.0,58500.0,12.38,60,1313.0,8,50502.0,2024-10-17,0.3129,652,0,13.4,0,1,94854.0,Current,0,0,,0.0,0,3,0,1,0,0,1.6214358974358973,0.31291706387035273,13.94184938036225,1,4,4,0.08731929423895851,Low Risk
TCU-02021,Lobatse,LO006,Business Loan,66,Government Employee,17405.0,209900.0,10.32,24,9717.0,17,60768.0,2024-01-11,0.5583,833,0,13.8,0,1,341081.0,Current,0,0,,0.0,0,0,1,0,0,0,1.6249690328727966,0.5582878483194484,12.059752944556163,2,1,1,0.08958207662852544,Low Risk
TCU-02022,Gaborone Main,LO017,Agriculture Loan,39,Student,3517.0,50300.0,13.85,60,1166.0,9,41525.0,2024-10-01,0.3315,650,1,19.0,1,0,0.0,Current,0,0,,0.0,0,3,0,1,0,0,0.0,0.3315325561558146,14.301961899346033,1,0,5,0.2754622306370433,Medium Risk
TCU-02023,Francistown,LO011,Vehicle Loan,27,Private Sector,25142.0,81000.0,9.99,12,7121.0,12,0.0,2024-02-09,0.2832,773,2,25.6,1,1,71308.0,Current,0,0,,0.0,0,1,0,0,0,0,0.8803456790123457,0.2832312465197677,3.2217007397979476,0,5,3,0.25664790614644256,Medium Risk
TCU-02024,Maun,LO020,Home Loan,36,Self-Employed,35860.0,162400.0,14.57,48,4484.0,15,102198.0,2024-03-19,0.125,850,1,29.5,0,0,0.0,Current,0,0,,0.0,0,0,0,0,0,0,0.0,0.12504182933630786,4.5287228109313995,3,3,4,0.1114117036976576,Low Risk
TCU-02025,Gaborone Main,LO005,Home Loan,34,Farmer,5922.0,133200.0,11.41,24,6234.0,16,41861.0,2024-03-03,1.0527,736,0,24.2,3,0,0.0,Late (30–89 days),69,2,Home Visit,10038.0,1,2,1,0,0,0,0.0,1.0526849037487336,22.492401215805472,1,3,0,0.8161211207632155,Critical
TCU-02026,Lobatse,LO016,Personal Loan,35,Student,4360.0,31300.0,22.28,12,2934.0,12,0.0,2024-02-27,0.6729,779,1,13.4,0,1,40322.0,Current,0,0,,0.0,0,1,1,1,0,0,1.2882428115015974,0.6729357798165138,7.178899082568807,2,4,5,0.1140716010639308,Low Risk
TCU-02027,Gaborone Main,LO001,Home Loan,58,Private Sector,16334.0,267600.0,21.47,72,6640.0,4,214873.0,2025-02-28,0.4065,744,4,15.1,0,1,606313.0,Current,0,0,,0.0,0,1,0,0,1,0,2.265743647234679,0.40651401983592506,16.383004775315293,1,3,3,0.08128169350858229,Low Risk
TCU-02028,Maun,LO015,Education Loan,22,Self-Employed,39191.0,473900.0,20.09,84,10549.0,9,363317.0,2024-09-05,0.2692,850,1,4.2,0,0,0.0,Current,0,0,,0.0,0,0,0,0,1,0,0.0,0.2691689418488939,12.092061952999414,3,2,4,0.11350049032541339,Low Risk
TCU-02029,Gaborone Main,LO002,Home Loan,29,Private Sector,28107.0,449100.0,10.33,60,9615.0,7,391680.0,2024-12-01,0.3421,850,3,15.5,0,1,729345.0,Current,0,0,,0.0,0,0,0,0,1,0,1.6240146960587842,0.34208560145159567,15.978226064681396,1,3,3,0.0647350847578524,Low Risk
TCU-02030,Selebi-Phikwe,LO006,Home Loan,42,Government Employee,13350.0,95200.0,10.67,60,2054.0,5,75132.0,2025-01-04,0.1539,834,2,27.0,0,1,117088.0,Current,0,0,,0.0,0,0,0,0,0,0,1.2299159663865546,0.15385767790262173,7.131086142322097,4,3,1,0.11856291055114555,Low Risk
TCU-02031,Maun,LO001,Agriculture Loan,52,Student,2765.0,47300.0,20.07,12,4383.0,9,10207.0,2024-09-30,1.5852,786,2,3.5,0,0,0.0,Late (30–89 days),70,1,,3515.0,1,1,1,1,0,0,0.0,1.5851717902350815,17.106690777576855,3,0,5,0.8622111077849162,Critical
TCU-02032,Maun,LO014,Education Loan,45,Government Employee,18263.0,112100.0,20.46,48,3439.0,4,98137.0,2025-02-20,0.1883,843,0,23.3,0,0,0.0,Current,0,0,,0.0,0,0,0,0,0,0,0.0,0.18830422165033128,6.138093412911351,3,2,1,0.08673782824386507,Low Risk
TCU-02033,Gaborone Main,LO019,Business Loan,61,Private Sector,22185.0,87200.0,9.25,12,7636.0,5,46386.0,2025-01-10,0.3442,850,0,9.4,1,1,140497.0,Current,0,0,,0.0,0,0,0,0,0,0,1.6112041284403669,0.3441965291863872,3.9305837277439712,1,1,3,0.14343261463087692,Low Risk
TCU-02034,Lobatse,LO003,Education Loan,63,Self-Employed,11986.0,192700.0,21.98,48,6069.0,8,141495.0,2024-10-31,0.5063,811,1,20.5,0,0,0.0,Current,0,0,,0.0,0,0,1,0,0,0,0.0,0.5063407308526614,16.077089938261306,2,2,4,0.18305396222047635,Low Risk
TCU-02035,Maun,LO014,Education Loan,60,Self-Employed,31383.0,378300.0,17.55,12,34602.0,8,114401.0,2024-10-27,1.1026,850,4,16.3,0,0,0.0,Current,0,0,,0.0,0,0,1,0,1,0,0.0,1.1025714558837587,12.054296912341076,3,2,4,0.5702205714325015,High Risk
TCU-02036,Francistown,LO007,Personal Loan,65,Government Employee,12780.0,109000.0,21.1,72,2681.0,10,81241.0,2024-09-02,0.2098,850,1,0.6,0,1,221780.0,Current,0,0,,0.0,0,0,0,0,0,1,2.034678899082569,0.20978090766823163,8.528951486697965,0,4,1,0.1057653417446475,Low Risk
TCU-02037,Francistown,LO018,Vehicle Loan,23,Self-Employed,37440.0,155100.0,9.12,48,3869.0,13,102724.0,2024-06-05,0.1033,850,1,15.4,0,1,233062.0,Current,0,0,,0.0,0,0,0,0,0,0,1.5026563507414572,0.10333867521367521,4.142628205128205,0,5,4,0.10734789615167639,Low Risk
TCU-02038,Gaborone Main,LO018,Education Loan,34,Pensioner,9857.0,36400.0,21.74,60,1000.0,2,30065.0,2025-04-16,0.1015,655,1,29.8,0,1,60059.0,Current,0,0,,0.0,0,3,0,0,0,0,1.6499725274725274,0.10145074566298062,3.692807142132495,1,2,2,0.09428780456424268,Low Risk
TCU-02039,Francistown,LO004,Personal Loan,66,Farmer,9761.0,306600.0,18.67,48,9114.0,11,215201.0,2024-07-11,0.9337,614,0,19.6,0,1,739102.0,Late (30–89 days),79,2,Legal Notice,67440.0,1,3,1,0,1,0,2.4106392694063925,0.9337158078065771,31.410716115152137,0,4,0,0.7342876484714982,Critical
TCU-02040,Gaborone Main,LO006,Vehicle Loan,65,Pensioner,7528.0,152000.0,14.23,60,3555.0,9,117135.0,2024-09-29,0.4722,731,1,1.2,0,1,237773.0,Current,0,0,,0.0,0,2,1,0,0,1,1.564296052631579,0.4722369819341126,20.191285866099893,1,5,2,0.0965417366195705,Low Risk
TCU-02041,Selebi-Phikwe,LO020,Vehicle Loan,61,Pensioner,4050.0,39300.0,16.73,36,1396.0,18,18523.0,2024-01-05,0.3447,765,2,8.1,0,1,69757.0,Current,0,0,,0.0,0,1,0,1,0,0,1.7749872773536897,0.34469135802469136,9.703703703703704,4,5,2,0.1435956509708478,Low Risk
TCU-02042,Francistown,LO009,Vehicle Loan,56,Private Sector,27602.0,191700.0,19.23,72,4507.0,13,142641.0,2024-05-18,0.1633,850,0,6.9,0,1,162991.0,Current,0,0,,0.0,0,0,0,0,0,0,0.8502399582681273,0.1632852691833925,6.94514890225346,0,5,3,0.08744461543813045,Low Risk
TCU-02043,Lobatse,LO019,Vehicle Loan,25,Self-Employed,26875.0,322000.0,16.73,72,7115.0,17,240138.0,2024-01-09,0.2647,850,3,19.5,0,0,0.0,Current,0,0,,0.0,0,0,0,0,1,0,0.0,0.2647441860465116,11.981395348837209,2,5,4,0.10715541834082738,Low Risk
TCU-02044,Selebi-Phikwe,LO001,Home Loan,55,Pensioner,9958.0,117700.0,13.46,60,2706.0,14,79881.0,2024-04-10,0.2717,836,2,6.4,0,0,0.0,Current,0,0,,0.0,0,0,0,0,0,0,0.0,0.27174131351677044,11.819642498493673,4,3,2,0.10249255987078264,Low Risk
TCU-02045,Francistown,LO009,Vehicle Loan,43,Farmer,10130.0,161800.0,12.32,84,2884.0,14,124656.0,2024-04-23,0.2847,680,2,1.7,0,0,0.0,Late (30–89 days),63,2,Home Visit,38173.0,1,2,0,0,0,1,0.0,0.2846989141164857,15.972359328726554,0,5,0,0.5104724607465205,High Risk
TCU-02046,Selebi-Phikwe,LO009,Personal Loan,55,Self-Employed,31503.0,227300.0,14.8,48,6303.0,13,143784.0,2024-05-22,0.2001,850,1,14.8,0,0,0.0,Current,0,0,,0.0,0,0,0,0,1,0,0.0,0.20007618322064566,7.215185855315367,4,4,4,0.08410212081660598,Low Risk
TCU-02047,Francistown,LO009,Home Loan,64,Self-Employed,24240.0,229900.0,17.96,60,5833.0,16,168441.0,2024-02-26,0.2406,850,1,18.7,0,0,0.0,Current,0,0,,0.0,0,0,0,0,1,0,0.0,0.24063531353135315,9.484323432343235,0,3,4,0.07837051121341326,Low Risk
TCU-02048,Francistown,LO015,Agriculture Loan,36,Pensioner,9545.0,82300.0,16.83,24,4062.0,10,45244.0,2024-08-30,0.4256,850,2,25.1,0,0,0.0,Current,0,0,,0.0,0,0,0,0,0,0,0.0,0.4255631220534311,8.622315348349922,0,0,2,0.09721320256178047,Low Risk
TCU-02049,Lobatse,LO014,Business Loan,38,Farmer,9756.0,423600.0,9.44,36,13557.0,4,341116.0,2025-02-15,1.3896,720,1,9.7,0,0,0.0,Current,0,0,,0.0,0,2,1,0,1,0,0.0,1.3896063960639606,43.419434194341946,2,1,0,0.33538401546721275,Medium Risk
TCU-02050,Selebi-Phikwe,LO008,Agriculture Loan,48,Private Sector,14775.0,20600.0,19.81,24,1047.0,3,16437.0,2025-03-14,0.0709,850,0,12.0,1,0,0.0,Current,0,0,,0.0,0,0,0,0,0,0,0.0,0.07086294416243655,1.3942470389170898,4,0,3,0.135022258601947,Low Risk
TCU-02051,Gaborone Main,LO002,Education Loan,58,Government Employee,9808.0,214600.0,17.69,36,7725.0,7,155753.0,2024-11-12,0.7876,734,0,3.3,2,0,0.0,Late (30–89 days),77,2,,43890.0,1,2,1,0,0,0,0.0,0.7876223491027733,21.880097879282218,1,2,1,0.6257362089253362,High Risk
TCU-02052,Gaborone Main,LO011,Business Loan,66,Private Sector,25712.0,287300.0,17.02,60,7143.0,2,264664.0,2025-04-13,0.2778,850,2,2.2,1,1,283080.0,Current,0,0,,0.0,0,0,0,0,1,0,0.9853115210581274,0.2778080273802116,11.173771001866832,1,1,3,0.25258642960201605,Medium Risk
TCU-02053,Gaborone Main,LO002,Agriculture Loan,47,Pensioner,6685.0,158500.0,14.76,12,14288.0,12,0.0,2024-04-30,2.1373,791,0,19.4,0,0,0.0,Late (30–89 days),59,2,Letter Sent,0.0,1,1,1,0,0,0,0.0,2.0,23.709798055347793,1,0,2,0.9685776000622833,Critical
TCU-02054,Lobatse,LO010,Agriculture Loan,37,Self-Employed,18900.0,141700.0,19.13,36,5203.0,16,76920.0,2024-03-03,0.2753,850,4,8.9,2,0,0.0,Late (30–89 days),56,1,Letter Sent,10710.0,1,0,0,0,0,0,0.0,0.2752910052910053,7.497354497354498,2,0,4,0.685064009171276,High Risk
TCU-02055,Maun,LO007,Agriculture Loan,66,Pensioner,9031.0,223100.0,19.68,36,8255.0,5,180573.0,2025-01-02,0.9141,834,0,28.0,0,1,204935.0,Current,0,0,,0.0,0,0,1,0,0,0,0.9185791125056029,0.9140737459860481,24.703798029011185,3,0,2,0.2960638003273961,Medium Risk
TCU-02056,Francistown,LO008,Personal Loan,55,Student,4320.0,62500.0,12.74,24,2964.0,17,17984.0,2024-01-21,0.6861,668,0,29.0,0,0,0.0,Current,0,0,,0.0,0,3,1,1,0,0,0.0,0.6861111111111111,14.467592592592593,0,4,5,0.2696710245575944,Medium Risk
TCU-02057,Francistown,LO005,Education Loan,40,Private Sector,22853.0,231000.0,15.14,48,6445.0,8,188982.0,2024-10-16,0.282,850,3,28.3,0,0,0.0,Current,0,0,,0.0,0,0,0,0,1,0,0.0,0.28201986610073077,10.10808208987879,0,2,3,0.0837957154184527,Low Risk
TCU-02058,Lobatse,LO007,Agriculture Loan,52,Private Sector,24565.0,307700.0,14.86,72,6483.0,15,207852.0,2024-03-17,0.2639,850,1,13.5,0,0,0.0,Current,0,0,,0.0,0,0,0,0,1,0,0.0,0.26391207001831873,12.525951557093425,2,0,3,0.0810794070529132,Low Risk
TCU-02059,Maun,LO005,Personal Loan,26,Farmer,4544.0,30000.0,13.9,60,696.0,2,28868.0,2025-04-26,0.1532,781,2,8.9,0,1,56806.0,Current,0,0,,0.0,0,1,0,1,0,0,1.8935333333333333,0.15316901408450703,6.602112676056338,3,4,0,0.12390969860698119,Low Risk
TCU-02060,Maun,LO008,Home Loan,55,Student,3875.0,39300.0,23.4,72,1020.0,13,32175.0,2024-05-30,0.2632,746,0,6.5,0,1,89509.0,Early (1–29 days),28,1,,0.0,0,1,0,1,0,0,2.277582697201018,0.2632258064516129,10.141935483870968,3,3,5,0.12726366253806978,Low Risk
TCU-02061,Gaborone Main,LO008,Education Loan,63,Private Sector,13891.0,121000.0,22.96,60,3408.0,9,100642.0,2024-10-02,0.2453,748,0,20.9,1,1,130440.0,Current,0,0,,0.0,0,1,0,0,0,0,1.0780165289256198,0.24533870851630551,8.710675977251459,1,2,3,0.1652105943296676,Low Risk
TCU-02062,Francistown,LO004,Agriculture Loan,41,Student,3288.0,24000.0,16.18,60,586.0,10,19302.0,2024-08-10,0.1782,603,1,13.9,0,1,20353.0,Current,0,0,,0.0,0,3,0,1,0,0,0.8480416666666667,0.17822384428223845,7.299270072992701,0,0,5,0.14278890426068108,Low Risk
TCU-02063,Selebi-Phikwe,LO005,Vehicle Loan,23,Student,3841.0,32000.0,22.94,72,822.0,11,23573.0,2024-07-26,0.214,622,4,15.1,0,1,52315.0,Current,0,0,,0.0,0,3,0,1,0,0,1.63484375,0.21400676907055455,8.331163759437647,4,5,5,0.09352852486570827,Low Risk
TCU-02064,Selebi-Phikwe,LO020,Education Loan,63,Private Sector,17970.0,85700.0,23.54,24,4511.0,3,73141.0,2025-03-21,0.251,850,0,17.2,0,1,121292.0,Current,0,0,,0.0,0,0,0,0,0,0,1.4153092182030338,0.2510294936004452,4.769059543683918,4,2,3,0.12970968071980107,Low Risk
TCU-02065,Francistown,LO017,Home Loan,56,Student,3083.0,68500.0,16.67,48,1965.0,13,48018.0,2024-05-30,0.6374,761,3,3.6,0,0,0.0,Defaulted,235,10,Legal Notice,37623.0,1,1,1,1,0,0,0.0,0.6373662017515407,22.21861822899773,0,3,5,0.818791036048325,Critical
TCU-02066,Maun,LO011,Agriculture Loan,53,Government Employee,11806.0,40000.0,18.54,60,1028.0,10,28689.0,2024-08-21,0.0871,787,1,19.4,1,1,58039.0,Current,0,0,,0.0,0,1,0,0,0,0,1.450975,0.08707436896493309,3.38810774182619,3,0,1,0.2575509790300856,Medium Risk
TCU-02067,Maun,LO002,Business Loan,51,Farmer,4351.0,6000.0,9.17,48,150.0,3,5041.0,2025-03-10,0.0345,642,3,24.7,0,0,0.0,Late (30–89 days),30,2,Called,656.0,1,3,0,1,0,0,0.0,0.0344748333716387,1.378993334865548,3,1,0,0.6155449999805087,High Risk
TCU-02068,Lobatse,LO002,Agriculture Loan,42,Private Sector,24854.0,291300.0,8.54,24,13247.0,1,272240.0,2025-05-22,0.533,839,0,18.1,0,0,0.0,Current,0,0,,0.0,0,0,1,0,1,0,0.0,0.5329926772350527,11.720447412891286,2,0,3,0.11874474735151304,Low Risk
TCU-02069,Maun,LO013,Business Loan,67,Farmer,5148.0,157600.0,15.87,24,7707.0,15,50915.0,2024-03-31,1.4971,767,0,23.9,0,1,301924.0,Late (30–89 days),42,1,,9044.0,1,1,1,0,0,0,1.9157614213197969,1.4970862470862472,30.613830613830615,3,1,0,0.8494183147586521,Critical
TCU-02070,Lobatse,LO009,Personal Loan,41,Self-Employed,25374.0,331600.0,13.39,72,6725.0,5,270424.0,2025-01-28,0.265,850,0,6.5,0,0,0.0,Current,0,0,,0.0,0,0,0,0,1,0,0.0,0.2650350752739024,13.068495310160007,2,4,4,0.07475636064352362,Low Risk
TCU-02071,Gaborone Main,LO012,Vehicle Loan,53,Farmer,13245.0,172200.0,16.68,12,15679.0,3,110916.0,2025-03-31,1.1838,735,0,3.1,2,0,0.0,Late (30–89 days),64,2,SMS Sent,23651.0,1,2,1,0,0,0,0.0,1.1837674594186485,13.001132502831258,1,5,0,0.7860767179998852,Critical
TCU-02072,Lobatse,LO004,Home Loan,52,Self-Employed,14002.0,210100.0,23.24,12,19790.0,4,135991.0,2025-02-21,1.4134,686,2,20.7,1,0,0.0,Late (30–89 days),47,1,SMS Sent,22850.0,1,2,1,0,0,0,0.0,1.4133695186401942,15.004999285816313,2,3,4,0.905632515953006,Critical
TCU-02073,Francistown,LO013,Agriculture Loan,27,Government Employee,14325.0,283300.0,15.65,48,7978.0,4,234869.0,2025-02-08,0.5569,715,0,19.5,0,1,594838.0,Current,0,0,,0.0,0,2,1,0,1,0,2.09967525591246,0.5569284467713788,19.776614310645723,0,0,1,0.08304853353335309,Low Risk
TCU-02074,Francistown,LO008,Business Loan,23,Student,1691.0,61100.0,15.11,72,1296.0,11,44911.0,2024-07-09,0.7664,629,2,19.3,1,0,0.0,Current,0,0,,0.0,0,3,1,1,0,0,0.0,0.7664104080425783,36.132465996451806,0,1,5,0.25880097427409643,Medium Risk
TCU-02075,Gaborone Main,LO011,Business Loan,51,Private Sector,24625.0,86600.0,17.74,48,2532.0,15,56277.0,2024-03-12,0.1028,850,0,28.1,1,1,121045.0,Current,0,0,,0.0,0,0,0,0,0,0,1.3977482678983835,0.10282233502538071,3.516751269035533,1,1,3,0.12629140392415375,Low Risk
TCU-02076,Gaborone Main,LO013,Education Loan,49,Farmer,3655.0,88400.0,9.39,60,1852.0,16,57720.0,2024-03-01,0.5067,660,0,19.9,0,0,0.0,Current,0,0,,0.0,0,3,1,1,0,0,0.0,0.506703146374829,24.186046511627907,1,2,0,0.1703064656695325,Low Risk
TCU-02077,Lobatse,LO010,Vehicle Loan,28,Pensioner,6659.0,136200.0,18.93,60,3528.0,2,117266.0,2025-04-17,0.5298,658,0,18.4,2,1,227767.0,Current,0,0,,0.0,0,3,1,0,0,0,1.6722980910425844,0.5298092806727737,20.45352154978225,2,5,2,0.4684147907677827,High Risk
TCU-02078,Lobatse,LO018,Education Loan,52,Farmer,13876.0,190100.0,15.56,60,4579.0,4,177060.0,2025-02-16,0.33,809,2,16.4,0,1,470891.0,Current,0,0,,0.0,0,0,0,0,0,0,2.477069963177275,0.32999423464975497,13.699913519746325,2,2,0,0.11312205396703763,Low Risk
TCU-02079,Lobatse,LO015,Personal Loan,22,Government Employee,23289.0,404200.0,17.65,36,14542.0,17,185030.0,2024-01-17,0.6244,850,2,6.9,0,1,775407.0,Current,0,0,,0.0,0,0,1,0,1,0,1.9183745670460168,0.6244149598522908,17.35583322598652,2,4,1,0.22623167797579682,Medium Risk
TCU-02080,Gaborone Main,LO009,Personal Loan,68,Pensioner,7214.0,62800.0,13.05,84,1144.0,4,53607.0,2025-02-19,0.1586,759,1,25.0,1,0,0.0,Current,0,0,,0.0,0,1,0,0,0,0,0.0,0.1585805378430829,8.705295259218186,1,4,2,0.23472771226913536,Medium Risk
TCU-02081,Lobatse,LO009,Agriculture Loan,42,Government Employee,18878.0,392400.0,18.74,36,14332.0,4,329896.0,2025-02-22,0.7592,755,2,4.0,0,0,0.0,Early (1–29 days),8,1,,0.0,0,1,1,0,1,0,0.0,0.7591905922237525,20.786100222481195,2,0,1,0.3011771306671696,Medium Risk
TCU-02082,Gaborone Main,LO001,Home Loan,46,Pensioner,9416.0,99000.0,19.87,36,3673.0,9,63781.0,2024-09-25,0.3901,756,0,24.3,0,1,207206.0,Current,0,0,,0.0,0,1,0,0,0,0,2.092989898989899,0.3900807136788445,10.514018691588785,1,3,2,0.11611842901012669,Low Risk
TCU-02083,Gaborone Main,LO020,Agriculture Loan,58,Government Employee,10729.0,234300.0,9.34,60,4902.0,1,225000.0,2025-05-27,0.4569,698,1,24.9,0,0,0.0,Current,0,0,,0.0,0,2,1,0,1,0,0.0,0.4568925342529593,21.838009134122473,1,0,1,0.12241645352586145,Low Risk
TCU-02084,Selebi-Phikwe,LO004,Personal Loan,62,Farmer,8723.0,42500.0,17.94,24,2121.0,18,9683.0,2024-01-03,0.2432,807,3,2.0,3,1,71489.0,Late (30–89 days),47,1,,1585.0,1,0,0,0,0,0,1.6820941176470587,0.2431502923306202,4.872177003324544,4,4,0,0.37982793185667224,Medium Risk
TCU-02085,Lobatse,LO011,Agriculture Loan,52,Farmer,8810.0,6300.0,12.07,24,297.0,15,2138.0,2024-03-26,0.0337,746,1,13.7,0,0,0.0,Current,0,0,,0.0,0,1,0,0,0,0,0.0,0.0337116912599319,0.7150964812712827,2,0,0,0.29212635796416564,Medium Risk
TCU-02086,Selebi-Phikwe,LO014,Home Loan,41,Student,3758.0,19500.0,23.46,36,760.0,11,11878.0,2024-08-04,0.2022,602,0,18.2,0,1,44138.0,Current,0,0,,0.0,0,3,0,1,0,0,2.2634871794871794,0.20223523150612027,5.188930282064928,4,3,5,0.09651423394440291,Low Risk
TCU-02087,Francistown,LO015,Vehicle Loan,61,Private Sector,22737.0,268100.0,17.45,84,5549.0,12,209899.0,2024-06-18,0.2441,850,2,22.4,0,0,0.0,Current,0,0,,0.0,0,0,0,0,1,0,0.0,0.2440515459383384,11.791353300787263,0,5,3,0.09780388952044047,Low Risk
TCU-02088,Gaborone Main,LO004,Personal Loan,55,Student,2597.0,55800.0,17.83,84,1167.0,14,44214.0,2024-04-12,0.4494,765,0,29.2,0,1,129342.0,Current,0,0,,0.0,0,1,1,1,0,0,2.3179569892473117,0.44936465152098576,21.486330381209086,1,4,5,0.10139907553138766,Low Risk
TCU-02089,Maun,LO001,Education Loan,35,Farmer,12097.0,103300.0,15.67,24,5042.0,7,63838.0,2024-11-23,0.4168,788,0,7.9,0,0,0.0,Current,0,0,,0.0,0,1,0,0,0,0,0.0,0.4167975531123419,8.539307266264363,3,2,0,0.08518158554602306,Low Risk
TCU-02090,Maun,LO014,Business Loan,58,Farmer,9620.0,253600.0,14.29,12,22805.0,3,181911.0,2025-03-06,2.3706,763,3,10.1,0,1,633576.0,Defaulted,355,5,Letter Sent,122953.0,1,1,1,0,1,0,2.498328075709779,2.0,26.361746361746363,3,1,0,0.9625127974736272,Critical
TCU-02091,Lobatse,LO006,Education Loan,24,Farmer,7549.0,69200.0,15.33,24,3366.0,11,36737.0,2024-07-12,0.4459,679,1,22.7,0,1,114961.0,Early (1–29 days),2,1,,0.0,0,2,1,0,0,0,1.66128612716763,0.4458868724334349,9.166777056563783,2,2,0,0.11237292221582797,Low Risk
TCU-02092,Lobatse,LO005,Agriculture Loan,45,Self-Employed,8892.0,35000.0,19.45,12,3233.0,4,23311.0,2025-02-22,0.3636,721,0,1.1,0,1,36073.0,Current,0,0,,0.0,0,2,0,0,0,1,1.030657142857143,0.36358524516419255,3.936122357174989,2,0,4,0.1028884558588908,Low Risk
TCU-02093,Gaborone Main,LO010,Vehicle Loan,35,Self-Employed,21165.0,193000.0,19.32,60,5041.0,3,161665.0,2025-03-07,0.2382,793,1,17.9,0,1,164579.0,Current,0,0,,0.0,0,1,0,0,0,0,0.8527409326424871,0.23817623434916135,9.118828254193243,1,5,4,0.09025792534171369,Low Risk
TCU-02094,Lobatse,LO019,Education Loan,54,Private Sector,23726.0,65500.0,10.83,84,1116.0,10,57568.0,2024-08-16,0.047,850,3,12.0,1,1,135662.0,Current,0,0,,0.0,0,0,0,0,0,0,2.071175572519084,0.047037005816403944,2.760684481159909,2,2,3,0.27442893429876614,Medium Risk
TCU-02095,Maun,LO011,Personal Loan,46,Self-Employed,9707.0,91700.0,23.06,24,4805.0,17,24907.0,2024-01-13,0.495,774,0,12.5,0,1,226534.0,Current,0,0,,0.0,0,1,1,0,0,0,2.470381679389313,0.4950036056454105,9.44679097558463,3,4,4,0.07519263765701077,Low Risk
TCU-02096,Gaborone Main,LO015,Personal Loan,35,Pensioner,7354.0,124200.0,22.7,48,3960.0,11,90068.0,2024-07-26,0.5385,671,0,2.7,2,0,0.0,Current,0,0,,0.0,0,2,1,0,0,0,0.0,0.5384824585259722,16.888768017405493,1,4,2,0.41265026197663507,Medium Risk
TCU-02097,Selebi-Phikwe,LO005,Education Loan,31,Government Employee,16777.0,12300.0,19.26,48,369.0,5,10525.0,2025-01-17,0.022,793,0,12.9,0,1,17715.0,Current,0,0,,0.0,0,1,0,0,0,0,1.4402439024390243,0.021994397091255887,0.7331465697085295,4,2,1,0.10553956771125307,Low Risk
TCU-02098,Gaborone Main,LO019,Vehicle Loan,33,Self-Employed,26086.0,85800.0,11.11,60,1870.0,18,57153.0,2024-01-02,0.0717,850,3,26.7,1,1,124592.0,Defaulted,125,4,SMS Sent,45607.0,1,0,0,0,0,0,1.4521212121212121,0.07168596181860001,3.2891206010887064,1,5,4,0.6497127884119195,High Risk
TCU-02099,Maun,LO020,Agriculture Loan,51,Government Employee,10965.0,353500.0,8.9,84,5670.0,4,311989.0,2025-02-27,0.5171,713,1,15.4,0,0,0.0,Current,0,0,,0.0,0,2,1,0,1,0,0.0,0.5170998632010944,32.23894208846329,3,0,1,0.17509521302225942,Low Risk
TCU-02100,Francistown,LO014,Agriculture Loan,29,Private Sector,23060.0,427600.0,11.79,60,9466.0,10,344349.0,2024-08-17,0.4105,842,0,17.8,0,1,924366.0,Current,0,0,,0.0,0,0,0,0,1,0,2.161753975678204,0.41049436253252386,18.542931483087596,0,0,3,0.04017378094200716,Low Risk
TCU-02101,Selebi-Phikwe,LO019,Vehicle Loan,24,Pensioner,5977.0,124300.0,20.7,24,6369.0,14,48337.0,2024-04-30,1.0656,520,0,16.0,1,1,134545.0,Defaulted,206,4,Home Visit,22011.0,1,4,1,0,0,0,1.0824215607401448,1.0655847415091182,20.796386146896435,4,5,2,0.8079614311115075,Critical
TCU-02102,Selebi-Phikwe,LO010,Vehicle Loan,44,Pensioner,4044.0,40600.0,10.16,12,3572.0,1,34581.0,2025-05-16,0.8833,631,1,22.7,0,0,0.0,Current,0,0,,0.0,0,3,1,1,0,0,0.0,0.8832838773491593,10.039564787339268,4,5,2,0.29847711147423606,Medium Risk
TCU-02103,Gaborone Main,LO003,Education Loan,56,Pensioner,5905.0,10800.0,11.89,84,190.0,9,8365.0,2024-09-24,0.0322,660,0,12.2,0,0,0.0,Defaulted,266,6,SMS Sent,3711.0,1,3,0,0,0,0,0.0,0.03217612193056731,1.8289585097375105,1,2,2,0.13854085676016523,Low Risk
TCU-02104,Selebi-Phikwe,LO020,Agriculture Loan,23,Government Employee,22261.0,36900.0,14.65,72,773.0,12,26858.0,2024-06-22,0.0347,850,1,1.0,0,1,31527.0,Current,0,0,,0.0,0,0,0,0,0,1,0.854390243902439,0.03472440591168411,1.6576074749562015,4,0,1,0.07703558621084595,Low Risk
TCU-02105,Maun,LO001,Personal Loan,27,Pensioner,9193.0,142900.0,14.51,84,2718.0,10,122413.0,2024-08-29,0.2957,767,0,15.0,0,0,0.0,Current,0,0,,0.0,0,1,0,0,0,0,0.0,0.2956597411073643,15.544435983900794,3,4,2,0.05424321912684632,Low Risk
TCU-02106,Selebi-Phikwe,LO007,Agriculture Loan,57,Government Employee,19648.0,118200.0,23.39,36,4600.0,17,54074.0,2024-01-28,0.2341,850,1,6.0,0,0,0.0,Current,0,0,,0.0,0,0,0,0,0,0,0.0,0.23412052117263843,6.015879478827362,4,0,1,0.14006929104392557,Low Risk
TCU-02107,Selebi-Phikwe,LO008,Personal Loan,46,Government Employee,22934.0,41900.0,19.8,36,1553.0,14,22560.0,2024-04-12,0.0677,850,0,6.5,1,0,0.0,Current,0,0,,0.0,0,0,0,0,0,0,0.0,0.06771605476584983,1.8269817737856457,4,4,1,0.13162557081367102,Low Risk
TCU-02108,Maun,LO003,Agriculture Loan,22,Farmer,13110.0,202000.0,15.0,36,7002.0,10,129181.0,2024-09-01,0.5341,718,0,24.0,0,0,0.0,Current,0,0,,0.0,0,2,1,0,0,0,0.0,0.5340961098398169,15.408085430968725,3,0,0,0.09859513983712276,Low Risk
TCU-02109,Gaborone Main,LO019,Home Loan,36,Pensioner,9242.0,6300.0,20.83,36,237.0,14,3499.0,2024-04-14,0.0256,691,0,21.5,0,1,6339.0,Late (30–89 days),83,1,Letter Sent,547.0,1,2,0,0,0,0,1.006190476190476,0.025643800043280675,0.6816706340618913,1,3,2,0.5775223596235358,High Risk
TCU-02110,Maun,LO017,Agriculture Loan,62,Self-Employed,28319.0,148800.0,21.84,36,5670.0,12,85193.0,2024-06-14,0.2002,850,1,23.0,2,1,173075.0,Defaulted,282,8,Legal Notice,38109.0,1,0,0,0,0,0,1.163138440860215,0.2002189342844027,5.254422825664748,3,0,4,0.5895545612100817,High Risk
TCU-02111,Gaborone Main,LO013,Agriculture Loan,57,Pensioner,4095.0,117100.0,20.37,12,10868.0,2,97130.0,2025-04-12,2.654,835,1,5.3,1,1,219890.0,Late (30–89 days),36,2,,25436.0,1,0,1,1,0,0,1.8777967549103332,2.0,28.595848595848597,1,0,2,0.9309825733065302,Critical
TCU-02112,Lobatse,LO010,Business Loan,31,Student,4067.0,54300.0,16.84,72,1203.0,1,51816.0,2025-05-26,0.2958,776,0,4.7,0,0,0.0,Current,0,0,,0.0,0,1,0,1,0,0,0.0,0.2957954266043767,13.351364642242439,2,1,5,0.1301820004270323,Low Risk
TCU-02113,Selebi-Phikwe,LO011,Business Loan,23,Private Sector,12823.0,100300.0,12.41,84,1793.0,13,81250.0,2024-05-26,0.1398,705,0,27.3,2,0,0.0,Late (30–89 days),48,2,Letter Sent,19916.0,1,2,0,0,0,0,0.0,0.1398268735865242,7.821882554784372,4,1,3,0.6176361286530788,High Risk
TCU-02114,Gaborone Main,LO002,Business Loan,22,Pensioner,7769.0,337500.0,19.64,36,12481.0,7,250280.0,2024-11-08,1.6065,581,4,13.0,2,1,527659.0,Defaulted,220,6,SMS Sent,146608.0,1,3,1,0,1,0,1.563434074074074,1.6065130647444974,43.44188441240829,1,1,2,0.5281171872631867,High Risk
TCU-02115,Gaborone Main,LO019,Education Loan,24,Pensioner,9642.0,16400.0,16.58,36,581.0,3,14278.0,2025-03-16,0.0603,668,0,0.7,0,1,34988.0,Current,0,0,,0.0,0,3,0,0,0,1,2.1334146341463414,0.0602572080481228,1.7008919311346193,1,2,2,0.09590049907520973,Low Risk
TCU-02116,Gaborone Main,LO007,Home Loan,42,Private Sector,23832.0,97300.0,11.39,12,8617.0,6,43536.0,2024-12-20,0.3616,850,0,11.4,0,1,118750.0,Current,0,0,,0.0,0,0,0,0,0,0,1.2204522096608428,0.36157267539442767,4.082745887881839,1,3,3,0.1155333284579743,Low Risk
TCU-02117,Lobatse,LO006,Education Loan,57,Self-Employed,8090.0,35000.0,20.2,60,931.0,4,30797.0,2025-02-19,0.1151,762,3,23.0,2,1,62810.0,Current,0,0,,0.0,0,1,0,0,0,0,1.7945714285714285,0.11508034610630408,4.326328800988875,2,2,4,0.2673173130136904,Medium Risk
TCU-02118,Gaborone Main,LO013,Home Loan,28,Private Sector,15275.0,419200.0,24.0,48,13667.0,9,313192.0,2024-09-22,0.8947,756,2,11.8,0,1,521704.0,Early (1–29 days),28,1,,0.0,0,1,1,0,1,0,1.2445229007633587,0.8947299509001637,27.44353518821604,1,3,3,0.27058894758655816,Medium Risk
TCU-02119,Lobatse,LO019,Education Loan,41,Private Sector,9726.0,9300.0,17.49,24,462.0,3,7063.0,2025-03-18,0.0475,769,0,25.1,0,1,21010.0,Early (1–29 days),6,1,,0.0,0,1,0,0,0,0,2.2591397849462367,0.047501542257865514,0.9561998766193708,2,2,3,0.0896745875643411,Low Risk
TCU-02120,Lobatse,LO014,Home Loan,65,Student,4415.0,55900.0,10.39,84,939.0,17,43109.0,2024-02-06,0.2127,773,0,25.8,1,0,0.0,Current,0,0,,0.0,0,1,0,1,0,0,0.0,0.21268403171007927,12.661381653454134,2,3,5,0.11185229127743906,Low Risk
TCU-02121,Selebi-Phikwe,LO008,Personal Loan,22,Farmer,11807.0,302700.0,12.02,60,6736.0,8,223719.0,2024-10-23,0.5705,711,1,12.4,0,0,0.0,Defaulted,152,3,Home Visit,122547.0,1,2,1,0,1,0,0.0,0.5705090200728381,25.63733378504277,4,4,0,0.5516182260277788,High Risk
TCU-02122,Selebi-Phikwe,LO002,Education Loan,28,Pensioner,6124.0,175400.0,20.27,36,6543.0,8,116460.0,2024-10-11,1.0684,588,1,28.3,3,0,0.0,Defaulted,322,9,Legal Notice,71258.0,1,3,1,0,0,0,0.0,1.0684193337687786,28.641410842586545,4,2,2,0.7331810559018486,Critical
TCU-02123,Francistown,LO004,Agriculture Loan,63,Self-Employed,37327.0,401500.0,14.9,48,11154.0,7,322343.0,2024-11-18,0.2988,850,0,22.2,0,0,0.0,Current,0,0,,0.0,0,0,0,0,1,0,0.0,0.2988185495753744,10.756289013314758,0,0,4,0.06393577926155988,Low Risk
TCU-02124,Francistown,LO020,Personal Loan,53,Government Employee,17707.0,166600.0,14.79,36,5758.0,14,100649.0,2024-04-21,0.3252,847,0,20.7,0,1,260256.0,Current,0,0,,0.0,0,0,0,0,0,0,1.5621608643457383,0.3251821313604789,9.408708420398712,0,4,1,0.07420421850040167,Low Risk
TCU-02125,Selebi-Phikwe,LO013,Agriculture Loan,58,Pensioner,7284.0,192500.0,9.02,36,6123.0,15,105268.0,2024-03-29,0.8406,737,1,6.0,0,0,0.0,Current,0,0,,0.0,0,2,1,0,0,0,0.0,0.8406095551894563,26.4277869302581,4,0,2,0.3359363922935898,Medium Risk
TCU-02126,Gaborone Main,LO003,Business Loan,37,Pensioner,9820.0,83500.0,12.95,24,3968.0,6,61305.0,2024-12-18,0.4041,729,1,4.0,0,0,0.0,Current,0,0,,0.0,0,2,0,0,0,0,0.0,0.4040733197556008,8.5030549898167,1,1,2,0.09585220491600778,Low Risk
TCU-02127,Selebi-Phikwe,LO006,Personal Loan,40,Farmer,8343.0,97500.0,22.23,84,2298.0,10,82453.0,2024-08-22,0.2754,700,4,28.0,1,1,128607.0,Early (1–29 days),4,1,,0.0,0,2,0,0,0,0,1.3190461538461538,0.27544048903272206,11.686443725278677,4,4,0,0.25487210262840254,Medium Risk
TCU-02128,Lobatse,LO011,Education Loan,47,Pensioner,5057.0,66000.0,19.76,12,6106.0,9,14578.0,2024-10-01,1.2074,745,0,4.2,0,1,109697.0,Late (30–89 days),53,2,Legal Notice,1493.0,1,1,1,0,0,0,1.6620757575757577,1.2074352382835674,13.05121613604904,2,2,2,0.7515888862225759,Critical
TCU-02129,Maun,LO003,Education Loan,25,Student,3893.0,49600.0,10.51,36,1612.0,4,42809.0,2025-02-15,0.4141,674,0,2.4,0,0,0.0,Defaulted,324,6,Home Visit,31843.0,1,2,0,1,0,0,0.0,0.41407654764962754,12.74081685075777,3,2,5,0.5817642823402573,High Risk
TCU-02130,Maun,LO019,Business Loan,34,Government Employee,19722.0,99000.0,22.62,84,2357.0,13,78526.0,2024-06-04,0.1195,850,0,22.5,0,1,188584.0,Defaulted,358,6,SMS Sent,41205.0,1,0,0,0,0,0,1.9048888888888889,0.1195112057600649,5.0197748707027685,3,1,1,0.318179461647306,Medium Risk
TCU-02131,Selebi-Phikwe,LO010,Vehicle Loan,63,Government Employee,15011.0,359600.0,11.56,72,6948.0,4,316952.0,2025-02-20,0.4629,850,3,14.5,0,0,0.0,Current,0,0,,0.0,0,0,1,0,1,0,0.0,0.46286056891612815,23.95576577176737,4,5,1,0.16222618144447687,Low Risk
TCU-02132,Gaborone Main,LO012,Home Loan,28,Pensioner,9388.0,66300.0,19.17,60,1726.0,9,48191.0,2024-09-12,0.1839,775,0,6.4,0,1,126489.0,Current,0,0,,0.0,0,1,0,0,0,0,1.9078280542986426,0.18385172560715807,7.0622070728589685,1,3,2,0.10213981057506782,Low Risk
TCU-02133,Selebi-Phikwe,LO013,Personal Loan,52,Pensioner,4927.0,89600.0,8.72,24,4082.0,4,73696.0,2025-02-27,0.8285,680,0,10.5,0,0,0.0,Current,0,0,,0.0,0,2,1,1,0,0,0.0,0.8284960422163589,18.185508422975442,4,4,2,0.3512799629302111,Medium Risk
TCU-02134,Francistown,LO015,Education Loan,54,Student,3718.0,69900.0,22.54,60,1952.0,10,57741.0,2024-08-16,0.525,633,4,23.4,2,0,0.0,Current,0,0,,0.0,0,3,1,1,0,0,0.0,0.5250134480903712,18.80043033889188,0,2,5,0.42099219651416275,Medium Risk
TCU-02135,Maun,LO014,Education Loan,55,Government Employee,13922.0,117600.0,20.5,60,3148.0,13,81659.0,2024-06-01,0.2261,841,1,19.2,1,1,265974.0,Current,0,0,,0.0,0,0,0,0,0,0,2.261683673469388,0.22611693722166357,8.447062203706365,3,2,1,0.1997116632735547,Low Risk
TCU-02136,Gaborone Main,LO013,Vehicle Loan,32,Private Sector,19261.0,161000.0,14.48,12,14492.0,12,0.0,2024-03-27,0.7524,804,4,25.5,0,0,0.0,Current,0,0,,0.0,0,0,1,0,0,0,0.0,0.7524012252738694,8.358859872280775,1,5,3,0.28278695851894775,Medium Risk
TCU-02137,Lobatse,LO007,Vehicle Loan,32,Government Employee,10179.0,102900.0,13.61,24,4922.0,10,58371.0,2024-08-07,0.4835,565,1,2.6,2,0,0.0,Defaulted,321,10,SMS Sent,48797.0,1,4,1,0,0,0,0.0,0.4835445525100697,10.109048040082524,2,5,1,0.7299058196655785,Critical
TCU-02138,Francistown,LO020,Agriculture Loan,67,Farmer,11239.0,279600.0,14.82,60,6625.0,16,187406.0,2024-02-20,0.5895,757,2,9.1,0,0,0.0,Late (30–89 days),86,2,,37700.0,1,1,1,0,1,0,0.0,0.5894652549159178,24.87765815464009,0,0,0,0.5375997193578432,High Risk
TCU-02139,Francistown,LO016,Agriculture Loan,37,Student,4420.0,88700.0,22.55,60,2478.0,8,69419.0,2024-10-05,0.5606,637,2,26.7,0,1,162849.0,Current,0,0,,0.0,0,3,1,1,0,0,1.8359526493799323,0.5606334841628959,20.06787330316742,0,0,5,0.13555764912037419,Low Risk
TCU-02140,Lobatse,LO007,Vehicle Loan,56,Student,2521.0,47100.0,11.08,84,808.0,5,37901.0,2025-01-21,0.3205,748,0,8.4,0,1,105518.0,Current,0,0,,0.0,0,1,0,1,0,0,2.2402972399150745,0.32050773502578345,18.683062276874256,2,5,5,0.07151489192649234,Low Risk
TCU-02141,Francistown,LO020,Home Loan,52,Pensioner,8737.0,160600.0,9.61,48,4043.0,14,109037.0,2024-04-21,0.4627,810,1,23.0,0,1,356188.0,Current,0,0,,0.0,0,0,1,0,0,0,2.2178580323785804,0.4627446491930869,18.381595513334098,0,3,2,0.06023457674595158,Low Risk
TCU-02142,Selebi-Phikwe,LO009,Personal Loan,41,Private Sector,21003.0,446500.0,17.01,12,40725.0,5,233846.0,2025-01-19,1.939,833,3,0.9,0,0,0.0,Late (30–89 days),88,1,,74049.0,1,0,1,0,1,1,0.0,1.939008713040994,21.25886778079322,4,4,3,0.9301166093877121,Critical
TCU-02143,Lobatse,LO007,Agriculture Loan,54,Private Sector,7922.0,43500.0,11.08,48,1126.0,5,36561.0,2025-01-10,0.1421,797,0,28.2,0,1,58415.0,Current,0,0,,0.0,0,1,0,0,0,0,1.3428735632183908,0.14213582428679628,5.491037616763443,2,0,3,0.0786633593811044,Low Risk
TCU-02144,Gaborone Main,LO016,Agriculture Loan,57,Government Employee,20720.0,88900.0,9.42,36,2844.0,7,66016.0,2024-11-18,0.1373,850,1,19.0,2,1,78796.0,Current,0,0,,0.0,0,0,0,0,0,0,0.8863442069741282,0.13725868725868726,4.29054054054054,1,0,1,0.20580338258827724,Medium Risk
TCU-02145,Selebi-Phikwe,LO003,Agriculture Loan,46,Government Employee,13829.0,223100.0,14.79,84,4279.0,12,170957.0,2024-06-17,0.3094,766,1,17.9,0,1,265766.0,Current,0,0,,0.0,0,1,0,0,0,0,1.1912415956969968,0.3094222286499385,16.132764480439654,4,0,1,0.07722350932753322,Low Risk
TCU-02146,Maun,LO015,Home Loan,61,Farmer,13163.0,132600.0,8.76,60,2737.0,11,96405.0,2024-07-14,0.2079,754,4,12.8,0,1,224401.0,Current,0,0,,0.0,0,1,0,0,0,0,1.692315233785822,0.20793132264681305,10.073691407733799,3,3,0,0.1064287453130035,Low Risk
TCU-02147,Lobatse,LO013,Vehicle Loan,59,Farmer,11711.0,291000.0,23.03,84,7003.0,14,224818.0,2024-04-28,0.598,794,0,3.7,0,1,718164.0,Current,0,0,,0.0,0,1,1,0,1,0,2.467917525773196,0.5979848006148066,24.848433097088208,2,5,0,0.28751074804515897,Medium Risk
TCU-02148,Selebi-Phikwe,LO004,Education Loan,28,Private Sector,27116.0,308200.0,21.92,24,15977.0,11,163916.0,2024-08-01,0.5892,810,1,20.8,0,0,0.0,Current,0,0,,0.0,0,0,1,0,1,0,0.0,0.5892093229089836,11.365983183360377,4,2,3,0.13102357813856016,Low Risk
TCU-02149,Maun,LO011,Vehicle Loan,39,Student,3623.0,111900.0,15.87,36,3927.0,4,90326.0,2025-02-14,1.0839,730,1,28.2,0,0,0.0,Late (30–89 days),85,1,SMS Sent,19015.0,1,2,1,1,0,0,0.0,1.0839083632348883,30.88600607231576,3,5,5,0.8514494668923951,Critical
TCU-02150,Maun,LO004,Personal Loan,63,Student,2497.0,27400.0,15.99,48,776.0,1,25244.0,2025-05-13,0.3108,626,2,19.9,0,0,0.0,Late (30–89 days),85,2,Home Visit,5550.0,1,3,0,1,0,0,0.0,0.3107729275130156,10.973167801361633,3,4,5,0.5018463556074833,High Risk
TCU-02151,Selebi-Phikwe,LO016,Home Loan,27,Pensioner,5971.0,165700.0,21.04,12,15432.0,7,62149.0,2024-11-09,2.5845,604,1,18.9,0,0,0.0,Defaulted,360,5,Legal Notice,35405.0,1,3,1,0,0,0,0.0,2.0,27.75079551163959,4,3,2,0.9080425062841903,Critical
TCU-02152,Lobatse,LO009,Personal Loan,50,Farmer,5827.0,76300.0,20.38,60,2038.0,3,70758.0,2025-03-12,0.3498,595,1,17.7,0,1,160399.0,Current,0,0,,0.0,0,3,0,0,0,0,2.1022149410222806,0.34975115840054916,13.09421657799897,2,4,0,0.1101732562837377,Low Risk
TCU-02153,Lobatse,LO008,Home Loan,41,Government Employee,17929.0,450100.0,12.92,12,40185.0,8,145306.0,2024-10-15,2.2413,814,1,13.9,0,1,915855.0,Late (30–89 days),33,2,,23705.0,1,0,1,0,1,0,2.0347811597422796,2.0,25.104579173406215,2,3,1,0.9437427672575878,Critical
TCU-02154,Selebi-Phikwe,LO009,Personal Loan,32,Pensioner,6738.0,278500.0,12.31,12,24785.0,9,63169.0,2024-09-15,3.6784,735,0,13.7,0,0,0.0,Late (30–89 days),56,1,SMS Sent,16992.0,1,2,1,0,1,0,0.0,2.0,41.332739685366576,4,4,2,0.963848010648156,Critical
TCU-02155,Maun,LO018,Vehicle Loan,57,Student,3181.0,28900.0,14.05,12,2596.0,11,2255.0,2024-07-14,0.8161,682,2,19.0,3,1,69724.0,Current,0,0,,0.0,0,2,1,1,0,0,2.4125951557093424,0.8160955674316253,9.08519333542911,3,5,5,0.2671493844953806,Medium Risk
TCU-02156,Maun,LO013,Business Loan,52,Student,1822.0,68200.0,9.54,48,1715.0,12,46595.0,2024-07-04,0.9413,641,2,22.2,1,1,101371.0,Defaulted,205,11,Legal Notice,26864.0,1,3,1,1,0,0,1.4863782991202346,0.9412733260153677,37.43139407244786,3,1,5,0.8476714873528156,Critical
TCU-02157,Gaborone Main,LO007,Business Loan,29,Private Sector,23861.0,155000.0,21.2,60,4211.0,3,131859.0,2025-03-07,0.1765,805,0,24.8,0,1,328932.0,Current,0,0,,0.0,0,0,0,0,0,0,2.122141935483871,0.17648044926868112,6.495955743682159,1,1,3,0.09229712883713387,Low Risk
TCU-02158,Lobatse,LO011,Home Loan,37,Self-Employed,7715.0,59800.0,11.14,60,1304.0,17,41879.0,2024-02-02,0.169,668,2,26.0,0,0,0.0,Early (1–29 days),1,1,,0.0,0,3,0,0,0,0,0.0,0.16902138690861956,7.751134154244977,2,3,4,0.12379567509403316,Low Risk
TCU-02159,Francistown,LO001,Home Loan,65,Pensioner,5477.0,8500.0,18.31,48,251.0,3,7513.0,2025-03-12,0.0458,727,0,5.5,0,1,19894.0,Current,0,0,,0.0,0,2,0,0,0,0,2.340470588235294,0.04582800803359503,1.5519444951615848,0,3,2,0.18883618058170384,Low Risk
TCU-02160,Selebi-Phikwe,LO011,Education Loan,29,Self-Employed,28822.0,77000.0,15.06,48,2145.0,15,50171.0,2024-04-05,0.0744,850,0,13.7,2,0,0.0,Current,0,0,,0.0,0,0,0,0,0,0,0.0,0.07442231628617028,2.6715703282214975,4,2,4,0.3067284037777349,Medium Risk
TCU-02161,Maun,LO014,Education Loan,36,Private Sector,13457.0,26700.0,12.65,84,481.0,7,22448.0,2024-11-24,0.0357,787,3,21.7,2,0,0.0,Current,0,0,,0.0,0,1,0,0,0,0,0.0,0.03574347923014045,1.984097495727131,3,2,3,0.3645750146713673,Medium Risk
TCU-02162,Selebi-Phikwe,LO010,Personal Loan,25,Student,1549.0,10500.0,18.36,48,310.0,9,8107.0,2024-09-08,0.2001,615,1,11.4,0,1,26235.0,Current,0,0,,0.0,0,3,0,1,0,0,2.4985714285714287,0.2001291155584248,6.778566817301485,4,4,5,0.11075247692661773,Low Risk
TCU-02163,Gaborone Main,LO005,Agriculture Loan,49,Student,4301.0,66300.0,12.85,48,1774.0,2,60444.0,2025-04-10,0.4125,650,0,26.2,2,0,0.0,Current,0,0,,0.0,0,3,0,1,0,0,0.0,0.41246221808881656,15.41501976284585,1,0,5,0.42971802108549584,Medium Risk
TCU-02164,Maun,LO007,Home Loan,60,Government Employee,24695.0,408600.0,12.56,24,19341.0,6,289423.0,2024-12-17,0.7832,850,4,13.2,1,1,926684.0,Current,0,0,,0.0,0,0,1,0,1,0,2.2679490944689182,0.7831949787406357,16.545859485725856,3,3,1,0.28900528157779254,Medium Risk
TCU-02165,Francistown,LO017,Home Loan,54,Government Employee,24470.0,169900.0,9.63,72,3116.0,9,143637.0,2024-09-20,0.1273,850,0,26.1,0,1,389206.0,Current,0,0,,0.0,0,0,0,0,0,0,2.2907945850500293,0.1273395995096036,6.943195749897834,0,3,1,0.05810635378782036,Low Risk
TCU-02166,Maun,LO009,Vehicle Loan,44,Student,3993.0,8200.0,18.06,72,187.0,3,6808.0,2025-03-17,0.0468,694,1,23.6,0,0,0.0,Current,0,0,,0.0,0,2,0,1,0,0,0.0,0.046831955922865015,2.053593789130979,3,5,5,0.2002574298686496,Medium Risk
TCU-02167,Gaborone Main,LO011,Education Loan,22,Private Sector,12549.0,280600.0,17.74,36,10108.0,8,214710.0,2024-10-04,0.8055,729,1,8.0,0,0,0.0,Current,0,0,,0.0,0,2,1,0,1,0,0.0,0.8054825085664197,22.360347438042872,1,2,3,0.2571284652743927,Medium Risk
TCU-02168,Maun,LO002,Vehicle Loan,28,Pensioner,7361.0,135100.0,13.81,24,6474.0,17,38512.0,2024-01-28,0.8795,610,0,8.5,1,0,0.0,Current,0,0,,0.0,0,3,1,0,0,0,0.0,0.8795000679255536,18.353484580899334,3,5,2,0.43323659729298636,Medium Risk
TCU-02169,Gaborone Main,LO011,Agriculture Loan,46,Private Sector,14743.0,354900.0,23.06,72,9142.0,5,321286.0,2025-01-26,0.6201,834,1,11.8,0,0,0.0,Current,0,0,,0.0,0,0,1,0,1,0,0.0,0.6200908905921454,24.072441158515907,1,0,3,0.24404301468995793,Medium Risk
TCU-02170,Francistown,LO020,Education Loan,36,Pensioner,8637.0,9800.0,19.07,12,903.0,1,8321.0,2025-05-31,0.1046,681,2,16.6,0,1,22512.0,Late (30–89 days),84,2,,1835.0,1,2,0,0,0,0,2.297142857142857,0.10455019103855505,1.1346532360773416,0,2,2,0.5205639257104357,High Risk
TCU-02171,Lobatse,LO015,Education Loan,54,Private Sector,10766.0,32700.0,17.84,48,958.0,5,27673.0,2025-01-05,0.089,684,1,12.4,1,0,0.0,Defaulted,320,7,Home Visit,15322.0,1,2,0,0,0,0,0.0,0.08898383800854542,3.03733977336058,2,2,3,0.4307571343432685,Medium Risk
TCU-02172,Maun,LO013,Agriculture Loan,32,Student,3137.0,127100.0,15.44,60,3053.0,2,111007.0,2025-04-02,0.9732,597,1,10.2,1,0,0.0,Defaulted,157,3,,68662.0,1,3,1,1,0,0,0.0,0.9732228243544788,40.51641695887791,3,0,5,0.8733940158546402,Critical
TCU-02173,Maun,LO013,Education Loan,30,Government Employee,23491.0,490500.0,11.73,12,43518.0,4,318460.0,2025-02-12,1.8525,850,4,6.1,0,1,916992.0,Defaulted,227,3,Called,225129.0,1,0,1,0,1,0,1.8695045871559632,1.8525392703588608,20.880337150398024,3,2,1,0.8170644706458862,Critical
TCU-02174,Lobatse,LO016,Personal Loan,62,Government Employee,23452.0,375800.0,8.51,12,32779.0,12,0.0,2024-07-04,1.3977,850,0,12.2,2,0,0.0,Late (30–89 days),55,2,Home Visit,0.0,1,0,1,0,1,0,0.0,1.3977059525840014,16.024219682756268,2,4,1,0.735316963296759,Critical
TCU-02175,Selebi-Phikwe,LO014,Agriculture Loan,27,Student,2971.0,86600.0,16.08,60,2110.0,10,65093.0,2024-08-13,0.7102,581,0,21.2,0,1,209684.0,Current,0,0,,0.0,0,3,1,1,0,0,2.4212933025404157,0.7101985863345674,29.148434870414,4,0,5,0.23753942703389902,Medium Risk
TCU-02176,Gaborone Main,LO013,Personal Loan,63,Government Employee,18804.0,93300.0,13.62,60,2153.0,16,58767.0,2024-02-17,0.1145,850,4,9.2,1,1,134523.0,Late (30–89 days),32,2,Letter Sent,6232.0,1,0,0,0,0,0,1.4418327974276528,0.114496915549883,4.9617102744097,1,4,1,0.5604654254702632,High Risk
TCU-02177,Francistown,LO004,Vehicle Loan,31,Pensioner,6944.0,116900.0,13.16,84,2137.0,9,104148.0,2024-09-15,0.3077,670,0,12.1,0,0,0.0,Current,0,0,,0.0,0,2,0,0,0,0,0.0,0.3077476958525346,16.83467741935484,0,5,2,0.07836722452141004,Low Risk
TCU-02178,Gaborone Main,LO009,Personal Loan,61,Private Sector,19041.0,120000.0,21.0,12,11174.0,1,104402.0,2025-05-30,0.5868,850,1,24.4,1,0,0.0,Current,0,0,,0.0,0,0,1,0,0,0,0.0,0.5868389265269681,6.3021900110288325,1,4,3,0.3710650870723896,Medium Risk
TCU-02179,Maun,LO015,Agriculture Loan,44,Farmer,13439.0,125400.0,18.26,48,3701.0,5,103067.0,2025-01-08,0.2754,820,2,12.3,0,0,0.0,Current,0,0,,0.0,0,0,0,0,0,0,0.0,0.27539251432398243,9.331051417516184,3,0,0,0.10649540247568727,Low Risk
TCU-02180,Gaborone Main,LO001,Education Loan,53,Pensioner,8566.0,191100.0,18.2,72,4380.0,1,175139.0,2025-05-09,0.5113,753,1,25.7,0,1,166844.0,Defaulted,251,6,Called,85313.0,1,1,1,0,0,0,0.8730716902145473,0.5113238384310063,22.309129115106234,1,2,2,0.1121651027451536,Low Risk
TCU-02181,Lobatse,LO018,Business Loan,23,Self-Employed,4937.0,9400.0,8.86,48,233.0,2,8129.0,2025-04-24,0.0472,647,2,23.4,0,1,18889.0,Current,0,0,,0.0,0,3,0,1,0,0,2.009468085106383,0.047194652623050434,1.9039902774964554,2,1,4,0.15034888669193847,Low Risk
TCU-02182,Selebi-Phikwe,LO005,Agriculture Loan,27,Government Employee,11439.0,176200.0,16.36,12,16017.0,2,142462.0,2025-05-01,1.4002,779,0,12.0,0,1,149702.0,Late (30–89 days),77,2,,33955.0,1,1,1,0,0,0,0.8496140749148695,1.4002098085496983,15.403444357024215,4,0,1,0.7804660605111805,Critical
TCU-02183,Lobatse,LO017,Agriculture Loan,62,Government Employee,15297.0,58100.0,20.46,60,1554.0,17,37282.0,2024-01-22,0.1016,820,0,9.9,1,1,94256.0,Current,0,0,,0.0,0,0,0,0,0,0,1.6223063683304648,0.10158854677387723,3.7981303523566714,2,0,1,0.16360009403471992,Low Risk
TCU-02184,Gaborone Main,LO001,Education Loan,47,Pensioner,7185.0,109000.0,18.72,48,3243.0,4,98422.0,2025-03-01,0.4514,680,4,27.4,0,1,259920.0,Current,0,0,,0.0,0,2,1,0,0,0,2.384587155963303,0.451356993736952,15.170494084899095,1,2,2,0.1391642503969205,Low Risk
TCU-02185,Selebi-Phikwe,LO001,Vehicle Loan,26,Government Employee,17080.0,219400.0,15.0,72,4639.0,7,171355.0,2024-11-10,0.2716,735,3,25.3,0,0,0.0,Current,0,0,,0.0,0,2,0,0,0,0,0.0,0.27160421545667446,12.84543325526932,4,5,1,0.11607481968980844,Low Risk
TCU-02186,Maun,LO015,Vehicle Loan,43,Private Sector,28209.0,418100.0,18.42,48,12374.0,1,397798.0,2025-05-08,0.4387,850,0,25.0,0,1,974536.0,Current,0,0,,0.0,0,0,1,0,1,0,2.3308682133460894,0.4386543301783119,14.821510865326669,3,5,3,0.042539339928031564,Low Risk
TCU-02187,Selebi-Phikwe,LO001,Personal Loan,63,Private Sector,12361.0,415700.0,13.97,72,8559.0,16,307749.0,2024-03-04,0.6924,836,0,29.9,0,0,0.0,Current,0,0,,0.0,0,0,1,0,1,0,0.0,0.692419707143435,33.62996521317046,4,4,3,0.1515844491765942,Low Risk
TCU-02188,Gaborone Main,LO010,Vehicle Loan,31,Private Sector,27861.0,350000.0,14.99,72,7399.0,15,250541.0,2024-04-03,0.2656,791,4,18.5,1,0,0.0,Late (30–89 days),81,2,Called,30793.0,1,1,0,0,1,0,0.0,0.2655683572018233,12.562363159972723,1,5,3,0.5953946317485227,High Risk
TCU-02189,Gaborone Main,LO014,Business Loan,65,Pensioner,7285.0,29600.0,19.65,72,703.0,4,25430.0,2025-02-22,0.0965,702,0,29.1,0,1,71064.0,Current,0,0,,0.0,0,2,0,0,0,0,2.400810810810811,0.09649965682910089,4.063143445435827,1,1,2,0.08103182123796451,Low Risk
TCU-02190,Francistown,LO014,Business Loan,39,Pensioner,5930.0,128800.0,22.96,48,4125.0,3,113786.0,2025-03-29,0.6956,603,3,29.0,0,1,167588.0,Late (30–89 days),57,2,SMS Sent,22406.0,1,3,1,0,0,0,1.3011490683229814,0.6956155143338955,21.72006745362563,0,1,2,0.6225130252403571,High Risk
TCU-02191,Maun,LO008,Personal Loan,56,Farmer,10407.0,73400.0,17.84,24,3659.0,13,30568.0,2024-05-23,0.3516,776,1,18.3,2,1,164600.0,Defaulted,176,11,SMS Sent,21988.0,1,1,0,0,0,0,2.242506811989101,0.35159027577592006,7.052945133083502,3,4,0,0.3265798821546278,Medium Risk
TCU-02192,Maun,LO009,Education Loan,57,Self-Employed,32426.0,221800.0,22.54,24,11566.0,14,90497.0,2024-04-14,0.3567,850,0,15.9,0,0,0.0,Current,0,0,,0.0,0,0,0,0,0,0,0.0,0.3566890766668723,6.8401899710109175,3,2,4,0.07900612996369243,Low Risk
TCU-02193,Maun,LO001,Home Loan,47,Private Sector,25139.0,487500.0,20.01,36,18120.0,2,420728.0,2025-04-23,0.7208,850,0,12.3,0,1,664376.0,Current,0,0,,0.0,0,0,1,0,1,0,1.3628225641025642,0.7207923942877601,19.392179482079637,3,3,3,0.15229037284955166,Low Risk
TCU-02194,Gaborone Main,LO015,Personal Loan,52,Self-Employed,12911.0,72400.0,17.08,36,2584.0,9,51387.0,2024-09-23,0.2001,675,0,19.0,0,0,0.0,Current,0,0,,0.0,0,2,0,0,0,0,0.0,0.2001394160018589,5.607621408101619,1,4,4,0.1213004660309816,Low Risk
TCU-02195,Lobatse,LO002,Vehicle Loan,43,Student,2956.0,34300.0,13.12,24,1633.0,9,18604.0,2024-09-12,0.5524,653,1,7.4,0,1,37729.0,Current,0,0,,0.0,0,3,1,1,0,0,1.0999708454810495,0.5524357239512855,11.603518267929635,2,5,5,0.29041485619472557,Medium Risk
TCU-02196,Maun,LO018,Education Loan,45,Private Sector,8849.0,256500.0,22.14,84,6031.0,9,205288.0,2024-09-11,0.6815,739,1,21.2,0,1,557272.0,Current,0,0,,0.0,0,2,1,0,1,0,2.1726003898635478,0.6815459373940558,28.98632613854673,3,2,3,0.1514228769394034,Low Risk
TCU-02197,Gaborone Main,LO010,Agriculture Loan,28,Government Employee,21190.0,286200.0,18.74,12,26340.0,12,0.0,2024-06-22,1.243,736,3,9.7,0,0,0.0,Late (30–89 days),36,1,SMS Sent,0.0,1,2,1,0,1,0,0.0,1.2430391694195375,13.506370929683813,1,0,1,0.8585029457497193,Critical
TCU-02198,Selebi-Phikwe,LO004,Home Loan,30,Farmer,7622.0,80800.0,21.33,60,2201.0,18,55144.0,2024-01-05,0.2888,688,0,13.8,0,0,0.0,Late (30–89 days),63,1,SMS Sent,14572.0,1,2,0,0,0,0,0.0,0.288769351876148,10.600892154290213,4,3,0,0.3957840945270536,Medium Risk
TCU-02199,Francistown,LO006,Education Loan,56,Pensioner,7811.0,91600.0,10.0,60,1946.0,4,76847.0,2025-02-02,0.2491,745,1,7.7,0,1,201193.0,Current,0,0,,0.0,0,1,0,0,0,0,2.196430131004367,0.2491358340801434,11.72705159390603,0,2,2,0.08922538895007237,Low Risk
TCU-02200,Francistown,LO008,Education Loan,55,Government Employee,22936.0,93300.0,14.92,12,8418.0,12,0.0,2024-01-09,0.367,850,1,20.2,0,1,162147.0,Early (1–29 days),11,1,,0.0,0,0,0,0,0,0,1.737909967845659,0.3670212765957447,4.067840948726892,0,2,1,0.08723423661896515,Low Risk
TCU-02201,Lobatse,LO005,Education Loan,34,Farmer,14665.0,369400.0,18.26,84,7820.0,12,271562.0,2024-06-07,0.5332,772,1,2.3,1,1,775041.0,Late (30–89 days),40,1,Legal Notice,86431.0,1,1,1,0,1,0,2.0981077422847862,0.5332424139106716,25.189226048414593,2,2,0,0.6897945121986608,High Risk
TCU-02202,Selebi-Phikwe,LO006,Personal Loan,51,Farmer,7395.0,91900.0,19.3,60,2399.0,16,61786.0,2024-03-01,0.3244,692,2,20.5,0,0,0.0,Current,0,0,,0.0,0,2,0,0,0,0,0.0,0.3244083840432725,12.427315753887761,4,4,0,0.12599467593194608,Low Risk
TCU-02203,Francistown,LO018,Vehicle Loan,60,Self-Employed,11800.0,316100.0,13.25,24,15065.0,4,231816.0,2025-02-03,1.2767,683,2,14.9,0,0,0.0,Late (30–89 days),69,1,,67879.0,1,2,1,0,1,0,0.0,1.2766949152542373,26.78813559322034,0,5,4,0.8778108818984238,Critical
TCU-02204,Maun,LO012,Education Loan,36,Private Sector,18100.0,483300.0,22.33,72,12238.0,10,370138.0,2024-08-14,0.6761,745,1,19.6,1,1,743774.0,Late (30–89 days),50,2,SMS Sent,70852.0,1,1,1,0,1,0,1.5389488930271054,0.6761325966850829,26.701657458563535,3,2,3,0.6033322816385911,High Risk
TCU-02205,Francistown,LO019,Vehicle Loan,66,Student,1802.0,43100.0,20.25,84,964.0,8,33523.0,2024-10-31,0.535,653,1,19.7,0,0,0.0,Current,0,0,,0.0,0,3,1,1,0,0,0.0,0.5349611542730299,23.917869034406216,0,5,5,0.254732636908501,Medium Risk
TCU-02206,Maun,LO009,Education Loan,28,Self-Employed,6912.0,96100.0,23.36,48,3099.0,12,66813.0,2024-06-14,0.4484,691,0,15.7,0,1,172763.0,Current,0,0,,0.0,0,2,1,0,0,0,1.797741935483871,0.4483506944444444,13.903356481481481,3,2,4,0.09027844627122905,Low Risk
TCU-02207,Lobatse,LO017,Vehicle Loan,48,Private Sector,14318.0,14800.0,22.22,72,374.0,11,12515.0,2024-07-08,0.0261,831,1,11.0,1,1,34571.0,Current,0,0,,0.0,0,0,0,0,0,0,2.3358783783783785,0.026120966615449086,1.0336639195418353,2,5,3,0.14340852512241012,Low Risk
TCU-02208,Selebi-Phikwe,LO011,Agriculture Loan,64,Self-Employed,9287.0,57800.0,13.83,84,1078.0,5,53326.0,2025-01-17,0.1161,709,1,1.2,0,1,126612.0,Late (30–89 days),51,1,Called,7035.0,1,2,0,0,0,1,2.1905190311418683,0.11607623559814795,6.2237536341121995,4,0,4,0.19063939295654314,Low Risk
TCU-02209,Maun,LO006,Home Loan,46,Private Sector,20896.0,146300.0,15.99,12,13273.0,12,0.0,2024-01-05,0.6352,850,1,12.1,0,0,0.0,Current,0,0,,0.0,0,0,1,0,0,0,0.0,0.6351933384379785,7.001339969372129,3,3,3,0.24994371676151897,Medium Risk
TCU-02210,Selebi-Phikwe,LO016,Business Loan,61,Self-Employed,34155.0,244800.0,15.6,24,11939.0,16,80914.0,2024-02-25,0.3496,850,1,10.3,0,1,208165.0,Current,0,0,,0.0,0,0,0,0,1,0,0.8503472222222223,0.3495535060752452,7.167325428194993,4,1,4,0.10199960773261856,Low Risk
TCU-02211,Selebi-Phikwe,LO008,Home Loan,24,Student,3743.0,67700.0,9.75,12,5944.0,9,16644.0,2024-09-27,1.588,701,0,1.0,1,0,0.0,Late (30–89 days),43,2,,5795.0,1,2,1,1,0,1,0.0,1.5880309911835426,18.087095912369758,4,3,5,0.9283093809715497,Critical
TCU-02212,Selebi-Phikwe,LO013,Home Loan,33,Pensioner,9745.0,90100.0,10.65,60,1943.0,4,78511.0,2025-02-27,0.1994,787,3,26.4,0,0,0.0,Current,0,0,,0.0,0,1,0,0,0,0,0.0,0.19938429964084145,9.245767060030785,4,3,2,0.09345524205904696,Low Risk
TCU-02213,Lobatse,LO006,Agriculture Loan,54,Farmer,7810.0,175700.0,10.23,12,15466.0,12,0.0,2024-02-22,1.9803,716,1,10.5,0,1,326257.0,Late (30–89 days),70,2,SMS Sent,0.0,1,2,1,0,0,0,1.85689812179852,1.980281690140845,22.496798975672217,2,0,0,0.9806227044321407,Critical
TCU-02214,Maun,LO012,Personal Loan,40,Government Employee,13592.0,109900.0,11.54,12,9741.0,3,77521.0,2025-03-13,0.7167,810,0,3.6,0,1,161513.0,Current,0,0,,0.0,0,0,1,0,0,0,1.469636032757052,0.7166715715126545,8.085638610947615,3,4,1,0.2593849493612122,Medium Risk
TCU-02215,Lobatse,LO012,Home Loan,45,Student,3473.0,37800.0,23.06,72,974.0,11,28404.0,2024-07-14,0.2804,711,0,20.2,0,0,0.0,Current,0,0,,0.0,0,2,0,1,0,0,0.0,0.280449179383818,10.883961992513678,2,3,5,0.11095183023901935,Low Risk
TCU-02216,Selebi-Phikwe,LO015,Agriculture Loan,28,Student,4243.0,79400.0,14.37,84,1504.0,9,66060.0,2024-09-27,0.3545,639,4,26.0,0,0,0.0,Current,0,0,,0.0,0,3,0,1,0,0,0.0,0.3544661795899128,18.71317464058449,4,0,5,0.10677469972140619,Low Risk
TCU-02217,Maun,LO016,Home Loan,48,Pensioner,9993.0,125100.0,20.52,48,3842.0,10,94809.0,2024-08-05,0.3845,699,2,21.2,0,1,197782.0,Current,0,0,,0.0,0,2,0,0,0,0,1.5809912070343726,0.3844691283898729,12.518763134193936,3,3,2,0.08015057701410329,Low Risk
TCU-02218,Maun,LO007,Personal Loan,25,Pensioner,8736.0,78200.0,19.75,72,1862.0,2,74171.0,2025-04-02,0.2131,722,2,19.4,0,1,150733.0,Current,0,0,,0.0,0,2,0,0,0,0,1.927531969309463,0.21314102564102563,8.9514652014652,3,4,2,0.09399321697258735,Low Risk
TCU-02219,Maun,LO002,Business Loan,66,Farmer,13880.0,268100.0,22.91,36,10366.0,5,214856.0,2025-01-11,0.7468,850,1,11.5,1,1,292221.0,Late (30–89 days),61,1,Called,45712.0,1,0,1,0,1,0,1.089970160387915,0.7468299711815563,19.31556195965418,3,1,0,0.752490877787284,Critical
TCU-02220,Francistown,LO012,Education Loan,28,Pensioner,9512.0,112900.0,20.36,36,4217.0,7,85258.0,2024-12-01,0.4433,694,0,5.7,0,1,275460.0,Current,0,0,,0.0,0,2,1,0,0,0,2.4398582816651904,0.44333473507148863,11.869217830109335,0,2,2,0.08193462456175452,Low Risk
TCU-02221,Selebi-Phikwe,LO006,Agriculture Loan,26,Government Employee,15909.0,169800.0,22.61,36,6538.0,13,100580.0,2024-05-08,0.411,739,2,5.0,0,1,396435.0,Early (1–29 days),13,1,,0.0,0,2,0,0,0,0,2.3347173144876323,0.4109623483562763,10.673203846879124,4,0,1,0.11294352517374358,Low Risk
TCU-02222,Selebi-Phikwe,LO013,Business Loan,22,Student,4406.0,24000.0,19.04,12,2212.0,12,0.0,2024-07-04,0.502,661,4,22.5,3,1,48762.0,Late (30–89 days),55,1,Legal Notice,0.0,1,3,1,1,0,0,2.03175,0.5020426690876079,5.447117566954153,4,1,5,0.7535547169513468,Critical
TCU-02223,Gaborone Main,LO006,Home Loan,64,Farmer,4809.0,88100.0,9.87,72,1626.0,10,75262.0,2024-08-21,0.3381,748,0,6.3,0,1,77004.0,Current,0,0,,0.0,0,1,0,1,0,0,0.8740522133938706,0.33811603243917654,18.31981700977334,1,3,0,0.06331560342065791,Low Risk
TCU-02224,Selebi-Phikwe,LO002,Agriculture Loan,45,Private Sector,27207.0,337500.0,12.31,36,11260.0,2,278289.0,2025-04-26,0.4139,850,0,1.5,0,0,0.0,Current,0,0,,0.0,0,0,0,0,1,1,0.0,0.4138640790972911,12.40489579887529,4,0,3,0.07568221532902926,Low Risk
TCU-02225,Gaborone Main,LO008,Education Loan,47,Government Employee,8289.0,119100.0,22.65,24,6217.0,2,98756.0,2025-04-29,0.75,706,0,15.0,1,1,256185.0,Current,0,0,,0.0,0,2,1,0,0,0,2.151007556675063,0.7500301604536133,14.368440101339123,1,2,1,0.28069085814840966,Medium Risk
TCU-02226,Selebi-Phikwe,LO008,Education Loan,45,Self-Employed,17343.0,265300.0,10.88,36,8671.0,11,173528.0,2024-08-02,0.5,789,2,9.3,1,0,0.0,Defaulted,266,8,Called,107544.0,1,1,1,0,1,0,0.0,0.4999711699244652,15.297238078763767,4,2,4,0.7471353305935058,Critical
TCU-02227,Gaborone Main,LO015,Education Loan,34,Pensioner,9842.0,190400.0,14.52,60,4482.0,8,140510.0,2024-10-22,0.4554,720,0,3.5,1,1,285797.0,Current,0,0,,0.0,0,2,1,0,0,0,1.5010346638655463,0.45539524486892907,19.34566145092461,1,2,2,0.3788516489590327,Medium Risk
TCU-02228,Gaborone Main,LO013,Home Loan,60,Pensioner,7209.0,114000.0,21.91,72,2858.0,13,81699.0,2024-05-16,0.3964,850,0,5.9,0,1,168584.0,Current,0,0,,0.0,0,0,0,0,0,0,1.4788070175438597,0.3964488833402691,15.813566375364129,1,3,2,0.11174616181179228,Low Risk
TCU-02229,Selebi-Phikwe,LO004,Agriculture Loan,49,Pensioner,9086.0,60400.0,17.67,84,1258.0,15,48462.0,2024-04-03,0.1385,778,0,25.2,0,1,132079.0,Current,0,0,,0.0,0,1,0,0,0,0,2.1867384105960266,0.13845476557340963,6.647589698437156,4,0,2,0.16702699367801255,Low Risk
TCU-02230,Gaborone Main,LO005,Agriculture Loan,29,Self-Employed,14352.0,51000.0,12.55,60,1149.0,12,35725.0,2024-06-08,0.0801,753,0,4.9,0,0,0.0,Late (30–89 days),42,1,Legal Notice,7570.0,1,1,0,0,0,0,0.0,0.08005852842809365,3.5535117056856187,1,0,4,0.3108896442774282,Medium Risk
TCU-02231,Francistown,LO009,Agriculture Loan,32,Pensioner,5415.0,47200.0,16.07,12,4284.0,10,7083.0,2024-08-26,0.7911,678,4,3.9,2,0,0.0,Defaulted,233,11,,3709.0,1,2,1,0,0,0,0.0,0.7911357340720222,8.716528162511542,0,0,2,0.5764116033223784,High Risk
TCU-02232,Maun,LO002,Education Loan,53,Farmer,12043.0,300100.0,15.54,60,7225.0,5,242722.0,2025-01-06,0.5999,700,0,8.6,0,1,477276.0,Current,0,0,,0.0,0,2,1,0,1,0,1.590389870043319,0.5999335713692602,24.91904010628581,3,2,0,0.18912803700855815,Low Risk
TCU-02233,Gaborone Main,LO005,Vehicle Loan,37,Farmer,14381.0,362100.0,13.68,48,9837.0,12,248005.0,2024-06-16,0.684,634,2,13.2,0,1,789309.0,Current,0,0,,0.0,0,3,1,0,1,0,2.1798094449047225,0.6840275363326611,25.179055698491066,1,5,0,0.1458775596364287,Low Risk
TCU-02234,Lobatse,LO006,Agriculture Loan,51,Private Sector,13217.0,82300.0,12.83,24,3906.0,12,36001.0,2024-06-12,0.2955,799,4,28.4,1,1,166676.0,Defaulted,346,8,Called,17261.0,1,1,0,0,0,0,2.025224787363305,0.29552848604070514,6.226829083755769,2,0,3,0.5718013512979903,High Risk
TCU-02235,Lobatse,LO001,Vehicle Loan,35,Self-Employed,9204.0,260600.0,21.86,36,9934.0,16,142116.0,2024-02-13,1.0793,634,0,5.6,0,1,469978.0,Current,0,0,,0.0,0,3,1,0,1,0,1.8034458940905602,1.0793133420252063,28.313776618861365,2,5,4,0.6137885916104715,High Risk
TCU-02236,Lobatse,LO019,Business Loan,65,Government Employee,17780.0,314100.0,18.48,12,28868.0,8,95512.0,2024-10-13,1.6236,662,0,29.0,0,1,760931.0,Late (30–89 days),42,2,,22751.0,1,3,1,0,1,0,2.4225756128621456,1.6236220472440945,17.66591676040495,2,1,1,0.912240921576304,Critical
TCU-02237,Lobatse,LO015,Education Loan,36,Private Sector,21454.0,394900.0,9.74,84,6503.0,17,283813.0,2024-01-23,0.3031,848,2,10.5,0,0,0.0,Current,0,0,,0.0,0,0,0,0,1,0,0.0,0.3031136384823343,18.4068239023026,2,2,3,0.07680836100761525,Low Risk
TCU-02238,Francistown,LO006,Agriculture Loan,52,Private Sector,22755.0,7400.0,8.57,48,183.0,15,4750.0,2024-03-12,0.008,808,1,9.5,1,1,11661.0,Current,0,0,,0.0,0,0,0,0,0,0,1.5758108108108109,0.008042188529993407,0.3252032520325203,0,0,3,0.3444316749825105,Medium Risk
TCU-02239,Maun,LO018,Business Loan,61,Government Employee,20579.0,193500.0,14.13,60,4515.0,5,165971.0,2025-01-25,0.2194,850,2,26.0,0,0,0.0,Current,0,0,,0.0,0,0,0,0,0,0,0.0,0.219398415860829,9.402789251178385,3,1,1,0.1131456712260542,Low Risk
TCU-02240,Maun,LO004,Personal Loan,62,Student,4111.0,45200.0,14.2,72,936.0,4,37425.0,2025-02-24,0.2277,692,0,2.6,0,1,68500.0,Late (30–89 days),71,2,,12628.0,1,2,0,1,0,0,1.5154867256637168,0.22768182923862806,10.994891753831185,3,4,5,0.5085484297135219,High Risk
TCU-02241,Selebi-Phikwe,LO010,Vehicle Loan,42,Pensioner,4212.0,67400.0,11.14,36,2211.0,7,52338.0,2024-11-28,0.5249,716,1,8.5,1,1,166016.0,Current,0,0,,0.0,0,2,1,1,0,0,2.4631454005934716,0.5249287749287749,16.001899335232668,4,5,2,0.1984244438042646,Low Risk
TCU-02242,Francistown,LO016,Personal Loan,25,Student,2708.0,86200.0,11.45,12,7637.0,12,0.0,2024-02-14,2.8202,628,0,25.4,0,1,202363.0,Current,0,0,,0.0,0,3,1,1,0,0,2.347598607888631,2.0,31.831610044313145,0,4,5,0.46051847432900944,High Risk
TCU-02243,Francistown,LO006,Home Loan,68,Government Employee,10778.0,189000.0,17.59,36,6794.0,3,161530.0,2025-03-24,0.6304,850,1,11.7,0,1,352737.0,Late (30–89 days),72,1,SMS Sent,34737.0,1,0,1,0,0,0,1.8663333333333334,0.63035813694563,17.535720912970866,0,3,1,0.5318408492112094,High Risk
TCU-02244,Gaborone Main,LO002,Personal Loan,24,Student,1973.0,92000.0,16.62,12,8374.0,5,48770.0,2025-01-15,4.2443,648,1,28.3,0,0,0.0,Late (30–89 days),71,1,Letter Sent,5188.0,1,3,1,1,0,0,0.0,2.0,46.629498226051695,1,4,5,0.8712921594240676,Critical
TCU-02245,Gaborone Main,LO002,Vehicle Loan,59,Government Employee,10882.0,19300.0,21.52,36,732.0,12,12865.0,2024-06-26,0.0673,765,0,28.7,0,0,0.0,Current,0,0,,0.0,0,1,0,0,0,0,0.0,0.06726704649880537,1.7735710347362617,1,5,1,0.08392009344249755,Low Risk
TCU-02246,Francistown,LO003,Personal Loan,64,Self-Employed,32826.0,9600.0,9.87,72,177.0,2,8703.0,2025-04-11,0.0054,850,0,12.8,1,1,20897.0,Current,0,0,,0.0,0,0,0,0,0,0,2.1767708333333333,0.005392067263754341,0.2924511058307439,0,4,4,0.22656181458735436,Medium Risk
TCU-02247,Gaborone Main,LO011,Vehicle Loan,36,Self-Employed,4757.0,34800.0,10.54,48,892.0,2,28606.0,2025-04-30,0.1875,706,0,12.0,0,1,34790.0,Current,0,0,,0.0,0,2,0,1,0,0,0.9997126436781609,0.18751313853268867,7.3155350010510825,1,5,4,0.07345492615872658,Low Risk
TCU-02248,Maun,LO007,Home Loan,52,Government Employee,18478.0,19000.0,10.13,84,317.0,3,18221.0,2025-03-07,0.0172,850,0,8.0,0,1,45790.0,Current,0,0,,0.0,0,0,0,0,0,0,2.41,0.01715553631345384,1.0282498105855613,3,3,1,0.05986726647446697,Low Risk
TCU-02249,Selebi-Phikwe,LO003,Business Loan,53,Private Sector,9495.0,88300.0,8.99,72,1591.0,7,71595.0,2024-11-09,0.1676,751,3,16.7,0,0,0.0,Current,0,0,,0.0,0,1,0,0,0,0,0.0,0.1675618746708794,9.299631384939442,4,1,3,0.11032862737867587,Low Risk
TCU-02250,Francistown,LO014,Personal Loan,42,Private Sector,8379.0,98100.0,19.9,60,2594.0,10,79078.0,2024-08-31,0.3096,686,2,17.9,0,0,0.0,Early (1–29 days),20,1,,0.0,0,2,0,0,0,0,0.0,0.30958348251581336,11.707841031149302,0,4,3,0.08959594254382443,Low Risk
TCU-02251,Lobatse,LO004,Business Loan,61,Student,4421.0,88600.0,19.46,84,1939.0,13,71089.0,2024-05-18,0.4386,770,1,13.7,2,0,0.0,Current,0,0,,0.0,0,1,1,1,0,0,0.0,0.43858855462565033,20.040714770413935,2,1,5,0.4469442774250924,Medium Risk
TCU-02252,Maun,LO009,Agriculture Loan,61,Private Sector,10601.0,327000.0,10.8,48,8420.0,9,251531.0,2024-09-23,0.7943,712,1,16.2,1,0,0.0,Current,0,0,,0.0,0,2,1,0,1,0,0.0,0.7942646920101877,30.846146589944343,3,0,3,0.3269348581504602,Medium Risk
TCU-02253,Gaborone Main,LO002,Home Loan,57,Government Employee,9191.0,207900.0,19.81,72,4957.0,2,176306.0,2025-04-24,0.5393,760,1,14.4,0,1,302537.0,Current,0,0,,0.0,0,1,1,0,0,0,1.4552044252044252,0.5393319551735394,22.61995430312262,1,3,1,0.10548257337460881,Low Risk
TCU-02254,Francistown,LO009,Personal Loan,54,Student,3262.0,85500.0,9.79,72,1575.0,10,64691.0,2024-08-12,0.4828,708,2,29.8,0,1,150076.0,Current,0,0,,0.0,0,2,1,1,0,0,1.7552748538011695,0.48283261802575106,26.210913549969344,0,4,5,0.1000049415168785,Low Risk
TCU-02255,Francistown,LO001,Personal Loan,67,Farmer,8355.0,63700.0,21.08,36,2403.0,14,37055.0,2024-04-29,0.2876,688,1,26.5,0,0,0.0,Current,0,0,,0.0,0,2,0,0,0,0,0.0,0.28761220825852785,7.624177139437463,0,4,0,0.1117139369712962,Low Risk
TCU-02256,Lobatse,LO009,Personal Loan,27,Government Employee,19448.0,372400.0,11.3,72,7146.0,1,333686.0,2025-05-03,0.3674,850,1,22.8,0,1,442596.0,Current,0,0,,0.0,0,0,0,0,1,0,1.1884962406015038,0.3674413821472645,19.148498560263267,2,4,1,0.05008565670840753,Low Risk
TCU-02257,Gaborone Main,LO013,Vehicle Loan,63,Self-Employed,29280.0,249100.0,8.63,72,4445.0,6,206223.0,2024-12-14,0.1518,850,0,25.0,0,0,0.0,Current,0,0,,0.0,0,0,0,0,1,0,0.0,0.1518101092896175,8.507513661202186,1,5,4,0.08649914782605844,Low Risk
TCU-02258,Gaborone Main,LO019,Education Loan,33,Self-Employed,33860.0,488200.0,14.25,48,13402.0,8,364826.0,2024-10-29,0.3958,850,0,17.4,0,1,495800.0,Early (1–29 days),1,1,,0.0,0,0,0,0,1,0,1.0155673904137648,0.39580626107501476,14.418192557590077,1,2,4,0.03685480565873001,Low Risk
TCU-02259,Lobatse,LO019,Education Loan,66,Private Sector,29248.0,50600.0,10.32,72,946.0,1,43233.0,2025-05-31,0.0323,850,3,6.7,0,1,41714.0,Current,0,0,,0.0,0,0,0,0,0,0,0.8243873517786561,0.03234409190371991,1.7300328227571116,2,2,3,0.09455433799429054,Low Risk
TCU-02260,Gaborone Main,LO004,Vehicle Loan,39,Pensioner,6613.0,8600.0,19.24,72,202.0,16,5966.0,2024-02-11,0.0305,669,2,10.5,1,0,0.0,Current,0,0,,0.0,0,3,0,0,0,0,0.0,0.030545894450325118,1.300468773627703,1,5,2,0.19785862941798002,Low Risk
TCU-02261,Francistown,LO020,Home Loan,64,Private Sector,7258.0,188400.0,14.6,24,9099.0,16,55386.0,2024-03-01,1.2537,680,1,11.1,0,0,0.0,Current,0,0,,0.0,0,2,1,0,0,0,0.0,1.2536511435657205,25.957564067236152,0,3,3,0.5382455471670087,High Risk
TCU-02262,Francistown,LO009,Agriculture Loan,26,Self-Employed,29154.0,145800.0,17.78,24,7263.0,1,118788.0,2025-05-23,0.2491,850,0,2.2,0,0,0.0,Current,0,0,,0.0,0,0,0,0,0,0,0.0,0.24912533443095286,5.001029018316526,0,0,4,0.08583035302749176,Low Risk
TCU-02263,Gaborone Main,LO008,Agriculture Loan,22,Government Employee,10436.0,228900.0,21.63,36,8698.0,14,135954.0,2024-04-09,0.8335,637,1,17.5,0,0,0.0,Current,0,0,,0.0,0,3,1,0,1,0,0.0,0.8334610962054427,21.93369106937524,1,0,1,0.2608892843406965,Medium Risk
TCU-02264,Gaborone Main,LO019,Personal Loan,47,Farmer,8984.0,77200.0,22.38,12,7240.0,8,22736.0,2024-10-14,0.8059,785,1,22.5,1,0,0.0,Late (30–89 days),71,1,Called,2985.0,1,1,1,0,0,0,0.0,0.8058771148708815,8.593054318788958,1,4,0,0.76358929748382,Critical
TCU-02265,Selebi-Phikwe,LO005,Vehicle Loan,51,Student,1866.0,36400.0,20.77,12,3385.0,12,0.0,2024-06-22,1.814,792,1,9.4,1,1,49608.0,Defaulted,136,11,Home Visit,0.0,1,1,1,1,0,0,1.3628571428571428,1.8140407288317255,19.506966773847804,4,5,5,0.8498722956453949,Critical
TCU-02266,Selebi-Phikwe,LO009,Education Loan,56,Pensioner,7457.0,32400.0,17.57,36,1164.0,6,23720.0,2024-12-26,0.1561,756,1,2.4,0,1,42116.0,Current,0,0,,0.0,0,1,0,0,0,0,1.2998765432098764,0.15609494434759286,4.3449108220463994,4,2,2,0.1107370432761291,Low Risk
TCU-02267,Francistown,LO008,Agriculture Loan,41,Self-Employed,28331.0,119800.0,20.45,72,2901.0,16,87873.0,2024-02-07,0.1024,850,1,7.1,1,0,0.0,Current,0,0,,0.0,0,0,0,0,0,0,0.0,0.10239666796089089,4.228583530408387,0,0,4,0.20197661110210963,Medium Risk
TCU-02268,Maun,LO006,Agriculture Loan,67,Private Sector,19738.0,73800.0,17.7,72,1671.0,1,67723.0,2025-05-13,0.0847,828,2,5.1,0,1,178291.0,Current,0,0,,0.0,0,0,0,0,0,0,2.4158672086720867,0.08465903333671092,3.7389806464687405,3,0,3,0.1804729489244416,Low Risk
TCU-02269,Selebi-Phikwe,LO016,Vehicle Loan,32,Government Employee,20498.0,466000.0,14.84,12,42025.0,12,0.0,2024-01-21,2.0502,850,1,18.8,0,1,618725.0,Current,0,0,,0.0,0,0,1,0,1,0,1.327736051502146,2.0,22.733925261001072,4,5,1,0.44063457771687387,Medium Risk
TCU-02270,Francistown,LO018,Home Loan,30,Pensioner,5503.0,12800.0,18.71,72,297.0,8,10739.0,2024-10-28,0.054,594,0,7.4,0,1,21708.0,Current,0,0,,0.0,0,3,0,0,0,0,1.6959375,0.0539705615119026,2.326003997819371,0,3,2,0.09679031519264707,Low Risk
TCU-02271,Gaborone Main,LO017,Personal Loan,46,Pensioner,9994.0,122200.0,23.94,24,6457.0,4,98681.0,2025-02-18,0.6461,786,1,26.8,1,1,292114.0,Defaulted,98,10,SMS Sent,79084.0,1,1,1,0,0,0,2.390458265139116,0.646087652591555,12.227336401841105,1,4,2,0.6521117745075022,High Risk
TCU-02272,Maun,LO017,Agriculture Loan,61,Government Employee,16435.0,15100.0,14.06,60,352.0,10,12417.0,2024-08-19,0.0214,839,0,29.9,1,1,27641.0,Current,0,0,,0.0,0,0,0,0,0,0,1.8305298013245033,0.021417706114998478,0.9187709157286279,3,0,1,0.14227887744676285,Low Risk
TCU-02273,Gaborone Main,LO017,Business Loan,44,Self-Employed,11175.0,176200.0,13.22,48,4746.0,7,131195.0,2024-11-10,0.4247,716,3,7.1,1,1,200868.0,Current,0,0,,0.0,0,2,0,0,0,0,1.14,0.4246979865771812,15.767337807606264,1,1,4,0.3029350798639233,Medium Risk
TCU-02274,Lobatse,LO014,Vehicle Loan,25,Farmer,8358.0,5100.0,20.55,24,261.0,7,3333.0,2024-11-22,0.0312,743,3,19.3,2,1,4597.0,Current,0,0,,0.0,0,1,0,0,0,0,0.9013725490196078,0.0312275664034458,0.6101938262742282,2,5,0,0.22433928708319414,Medium Risk
TCU-02275,Maun,LO006,Home Loan,46,Government Employee,16020.0,89100.0,21.34,84,2051.0,3,82497.0,2025-03-20,0.128,838,1,2.4,0,0,0.0,Current,0,0,,0.0,0,0,0,0,0,0,0.0,0.12802746566791512,5.561797752808989,3,3,1,0.13990965224167928,Low Risk
TCU-02276,Francistown,LO014,Home Loan,38,Student,3410.0,28800.0,19.28,72,678.0,5,25773.0,2025-01-05,0.1988,708,1,2.3,0,1,67712.0,Defaulted,342,7,Legal Notice,19192.0,1,2,0,1,0,0,2.351111111111111,0.19882697947214076,8.44574780058651,0,3,5,0.5252957600685491,High Risk
TCU-02277,Gaborone Main,LO002,Personal Loan,46,Self-Employed,33707.0,167100.0,18.99,84,3610.0,11,143147.0,2024-07-26,0.1071,850,1,13.1,0,1,311471.0,Current,0,0,,0.0,0,0,0,0,0,0,1.8639796529024537,0.10709941555166583,4.9574272406325095,1,4,4,0.12550549475546197,Low Risk
TCU-02278,Gaborone Main,LO005,Business Loan,43,Self-Employed,14716.0,382100.0,12.89,12,34108.0,11,29223.0,2024-07-16,2.3177,666,1,0.7,0,0,0.0,Defaulted,272,9,Called,24368.0,1,3,1,0,1,1,0.0,2.0,25.964936123946725,1,1,4,0.9337419315298513,Critical
TCU-02279,Selebi-Phikwe,LO016,Home Loan,58,Private Sector,15324.0,332100.0,13.79,84,6185.0,9,252657.0,2024-09-21,0.4036,839,4,22.8,3,1,519139.0,Late (30–89 days),55,2,Called,64957.0,1,0,0,0,1,0,1.5632008431195423,0.4036152440616027,21.67188723570869,4,3,3,0.7013289247688057,Critical
TCU-02280,Gaborone Main,LO019,Home Loan,33,Student,3033.0,64900.0,16.17,48,1845.0,6,52565.0,2025-01-01,0.6083,574,2,6.4,0,0,0.0,Late (30–89 days),65,2,,10317.0,1,4,1,1,0,0,0.0,0.6083086053412463,21.397955819320803,1,3,5,0.7729566755525761,Critical
TCU-02281,Selebi-Phikwe,LO002,Home Loan,60,Private Sector,26583.0,168900.0,19.7,84,3720.0,2,141699.0,2025-04-06,0.1399,850,1,8.5,3,0,0.0,Late (30–89 days),67,2,Called,46002.0,1,0,0,0,0,0,0.0,0.13993905879697552,6.3536846857013884,4,3,3,0.6432748319693407,High Risk
TCU-02282,Maun,LO009,Business Loan,57,Self-Employed,32913.0,289200.0,23.93,36,11336.0,17,136642.0,2024-01-08,0.3444,850,1,16.0,1,0,0.0,Current,0,0,,0.0,0,0,0,0,1,0,0.0,0.3444231762525446,8.786801567769574,3,1,4,0.1746205445954821,Low Risk
TCU-02283,Selebi-Phikwe,LO013,Business Loan,24,Pensioner,9330.0,370200.0,11.2,24,17289.0,7,240166.0,2024-11-10,1.8531,668,1,14.0,0,0,0.0,Defaulted,298,4,Home Visit,186730.0,1,3,1,0,1,0,0.0,1.8530546623794213,39.67845659163987,4,1,2,0.9281859751110789,Critical
TCU-02284,Selebi-Phikwe,LO007,Vehicle Loan,32,Government Employee,23851.0,121100.0,16.68,48,3474.0,11,80229.0,2024-07-21,0.1457,850,0,19.4,0,1,239103.0,Current,0,0,,0.0,0,0,0,0,0,0,1.9744260941370768,0.14565427026120498,5.077355247159448,4,5,1,0.09642681635097189,Low Risk
TCU-02285,Selebi-Phikwe,LO006,Home Loan,67,Government Employee,20694.0,310600.0,16.96,72,6903.0,3,274419.0,2025-03-17,0.3336,850,2,15.3,0,1,762590.0,Current,0,0,,0.0,0,0,0,0,1,0,2.4552157115260784,0.3335749492606553,15.009181405238234,4,3,1,0.08108324995901382,Low Risk
TCU-02286,Selebi-Phikwe,LO015,Personal Loan,63,Pensioner,9921.0,113600.0,15.37,72,2425.0,9,92225.0,2024-10-01,0.2444,763,1,14.1,0,1,162451.0,Current,0,0,,0.0,0,1,0,0,0,0,1.4300264084507042,0.24443100493901823,11.45045862312267,4,4,2,0.07760835809333666,Low Risk
TCU-02287,Gaborone Main,LO001,Education Loan,60,Pensioner,5135.0,48800.0,15.34,36,1700.0,6,36210.0,2024-12-15,0.3311,795,3,22.8,3,1,65147.0,Current,0,0,,0.0,0,1,0,0,0,0,1.3349795081967213,0.3310613437195716,9.503407984420642,1,2,2,0.5318862501518328,High Risk
TCU-02288,Lobatse,LO011,Personal Loan,57,Government Employee,15558.0,484100.0,15.49,12,43806.0,3,333460.0,2025-03-21,2.8157,823,1,29.3,0,0,0.0,Defaulted,139,9,Letter Sent,268697.0,1,0,1,0,1,0,0.0,2.0,31.115824656125465,2,4,1,0.7367261112981403,Critical
TCU-02289,Lobatse,LO007,Business Loan,42,Private Sector,15606.0,126600.0,23.81,84,3109.0,10,110876.0,2024-08-16,0.1992,799,2,21.9,0,0,0.0,Current,0,0,,0.0,0,1,0,0,0,0,0.0,0.19921824939125976,8.112264513648597,2,1,3,0.09714142632298879,Low Risk
TCU-02290,Selebi-Phikwe,LO011,Education Loan,66,Farmer,3828.0,85700.0,14.05,60,1996.0,2,76273.0,2025-04-04,0.5214,818,0,21.2,0,1,146192.0,Current,0,0,,0.0,0,0,1,1,0,0,1.7058576429404901,0.5214211076280042,22.387669801462906,4,2,0,0.08587466212986548,Low Risk
TCU-02291,Maun,LO007,Home Loan,24,Government Employee,13212.0,314300.0,11.49,48,8198.0,2,283858.0,2025-04-27,0.6205,628,4,13.4,0,1,706523.0,Current,0,0,,0.0,0,3,1,0,1,0,2.247925548838689,0.6204965183166818,23.788979715410232,3,3,1,0.27397388877695306,Medium Risk
TCU-02292,Gaborone Main,LO001,Agriculture Loan,59,Pensioner,6423.0,225100.0,20.65,84,5087.0,2,211875.0,2025-04-04,0.792,727,1,19.2,0,0,0.0,Defaulted,161,12,Legal Notice,112831.0,1,2,1,0,0,0,0.0,0.791997508952203,35.045928693756814,1,0,2,0.6574255929967356,High Risk
TCU-02293,Gaborone Main,LO003,Education Loan,61,Private Sector,25908.0,135000.0,11.79,84,2368.0,6,107496.0,2024-12-15,0.0914,850,3,2.3,0,1,218190.0,Late (30–89 days),89,1,Called,16542.0,1,0,0,0,0,0,1.6162222222222222,0.09140033966342442,5.210745715609078,1,2,3,0.1614303645653013,Low Risk
TCU-02294,Lobatse,LO017,Business Loan,68,Pensioner,7525.0,188300.0,21.43,12,17572.0,12,0.0,2024-04-17,2.3351,726,0,20.2,1,0,0.0,Current,0,0,,0.0,0,2,1,0,0,0,0.0,2.0,25.023255813953487,2,1,2,0.5600480577775074,High Risk
TCU-02295,Selebi-Phikwe,LO018,Personal Loan,49,Government Employee,20293.0,258900.0,23.23,12,24385.0,7,103464.0,2024-11-13,1.2016,850,4,20.6,0,0,0.0,Late (30–89 days),74,1,Letter Sent,13412.0,1,0,1,0,1,0,0.0,1.2016458877445424,12.758093924013206,4,4,1,0.8491818414930346,Critical
TCU-02296,Selebi-Phikwe,LO001,Home Loan,35,Private Sector,17846.0,39300.0,22.18,12,3682.0,6,17487.0,2024-12-18,0.2063,799,0,19.1,0,0,0.0,Current,0,0,,0.0,0,1,0,0,0,0,0.0,0.20632074414434606,2.2021741566737645,4,3,3,0.11829201382514692,Low Risk
TCU-02297,Selebi-Phikwe,LO020,Agriculture Loan,28,Pensioner,4283.0,47200.0,13.04,48,1267.0,4,38834.0,2025-03-02,0.2958,644,3,24.9,3,1,88671.0,Late (30–89 days),66,1,SMS Sent,12523.0,1,3,0,1,0,0,1.8786228813559323,0.295820686434742,11.020312864814382,4,0,2,0.6901384399487225,High Risk
TCU-02298,Gaborone Main,LO004,Personal Loan,48,Pensioner,6042.0,191000.0,23.85,48,6211.0,17,116398.0,2024-01-19,1.028,682,0,18.4,0,0,0.0,Late (30–89 days),68,2,SMS Sent,17680.0,1,2,1,0,0,0,0.0,1.027970870572658,31.61204899040053,1,4,2,0.7934165217219769,Critical
TCU-02299,Selebi-Phikwe,LO002,Personal Loan,22,Pensioner,6230.0,121500.0,23.76,84,2980.0,17,87590.0,2024-01-30,0.4783,706,4,22.5,2,0,0.0,Current,0,0,,0.0,0,2,1,0,0,0,0.0,0.478330658105939,19.502407704654896,4,4,2,0.27608953116951085,Medium Risk
TCU-02300,Lobatse,LO001,Home Loan,63,Student,4980.0,43000.0,12.78,72,858.0,6,35412.0,2024-12-04,0.1723,824,4,3.4,0,0,0.0,Late (30–89 days),83,2,,11440.0,1,0,0,1,0,0,0.0,0.172289156626506,8.634538152610443,2,3,5,0.2970698354883148,Medium Risk
TCU-02301,Maun,LO004,Personal Loan,50,Student,4691.0,59300.0,17.29,72,1329.0,18,39368.0,2024-01-02,0.2833,654,1,24.5,0,1,50117.0,Current,0,0,,0.0,0,3,0,1,0,0,0.8451433389544688,0.2833084630142827,12.641227883180559,3,4,5,0.15291662568663178,Low Risk
TCU-02302,Lobatse,LO013,Education Loan,54,Self-Employed,35512.0,335800.0,11.43,36,11062.0,13,201342.0,2024-05-27,0.3115,850,0,23.9,0,1,832130.0,Current,0,0,,0.0,0,0,0,0,1,0,2.4780524121500895,0.3115003379139446,9.455958549222798,2,2,4,0.07343575165573302,Low Risk
TCU-02303,Selebi-Phikwe,LO017,Business Loan,62,Self-Employed,25915.0,274400.0,11.47,12,24312.0,10,41975.0,2024-08-07,0.9381,850,0,29.0,1,1,519214.0,Late (30–89 days),74,1,Legal Notice,8992.0,1,0,1,0,1,0,1.8921793002915452,0.9381439320856647,10.58846228053251,4,1,4,0.7962389285387245,Critical
TCU-02304,Gaborone Main,LO007,Home Loan,51,Pensioner,9850.0,134000.0,18.63,36,4887.0,17,63502.0,2024-01-15,0.4961,780,2,16.8,0,0,0.0,Early (1–29 days),2,1,,0.0,0,1,1,0,0,0,0.0,0.4961421319796954,13.604060913705585,1,3,2,0.1575206001709781,Low Risk
TCU-02305,Maun,LO010,Agriculture Loan,39,Pensioner,7943.0,234200.0,19.99,72,5608.0,11,188462.0,2024-07-15,0.706,685,3,17.7,0,1,317483.0,Current,0,0,,0.0,0,2,1,0,1,0,1.3556063193851409,0.7060304670779303,29.485081203575476,3,0,2,0.2836214364774327,Medium Risk
TCU-02306,Gaborone Main,LO009,Home Loan,45,Farmer,4214.0,71400.0,20.33,84,1600.0,3,59155.0,2025-04-01,0.3797,687,3,2.2,0,1,97579.0,Late (30–89 days),81,2,SMS Sent,7536.0,1,2,0,1,0,0,1.3666526610644258,0.37968675842429994,16.943521594684384,1,3,0,0.6216790106888651,High Risk
TCU-02307,Francistown,LO006,Home Loan,41,Pensioner,8501.0,49100.0,13.81,84,915.0,13,41074.0,2024-05-18,0.1076,702,0,24.6,0,0,0.0,Current,0,0,,0.0,0,2,0,0,0,0,0.0,0.10763439595341724,5.775791083401953,0,3,2,0.095455438026997,Low Risk
TCU-02308,Gaborone Main,LO003,Personal Loan,62,Government Employee,10800.0,205400.0,8.86,48,5098.0,2,184432.0,2025-04-10,0.472,800,0,29.5,0,1,326584.0,Current,0,0,,0.0,0,0,1,0,0,0,1.5899902629016553,0.47203703703703703,19.01851851851852,1,4,1,0.06968670483798449,Low Risk
TCU-02309,Lobatse,LO010,Personal Loan,34,Farmer,6521.0,62100.0,11.13,84,1068.0,17,47674.0,2024-01-24,0.1638,682,0,29.5,0,0,0.0,Early (1–29 days),24,1,,0.0,0,2,0,0,0,0,0.0,0.16377856157031132,9.523079282318664,2,4,0,0.12354171396567454,Low Risk
TCU-02310,Gaborone Main,LO020,Agriculture Loan,61,Self-Employed,38924.0,322300.0,15.26,24,15667.0,4,234436.0,2025-02-10,0.4025,850,4,15.0,0,0,0.0,Current,0,0,,0.0,0,0,0,0,1,0,0.0,0.4025023121981297,8.280238413318262,1,0,4,0.08662432766591277,Low Risk
TCU-02311,Maun,LO019,Personal Loan,29,Government Employee,23578.0,371900.0,22.53,60,10384.0,15,252697.0,2024-03-27,0.4404,810,1,21.7,1,1,565697.0,Current,0,0,,0.0,0,0,1,0,1,0,1.5210997579994623,0.440410552209687,15.773178386631606,3,4,1,0.24828409793989437,Medium Risk
TCU-02312,Francistown,LO018,Home Loan,52,Private Sector,9397.0,182700.0,18.47,24,9163.0,16,57823.0,2024-03-02,0.9751,819,0,5.1,0,0,0.0,Current,0,0,,0.0,0,0,1,0,0,0,0.0,0.9750984356709588,19.442375226136,0,3,3,0.43252909958525865,Medium Risk
TCU-02313,Francistown,LO009,Business Loan,63,Student,1615.0,47700.0,16.49,12,4339.0,9,10327.0,2024-09-07,2.6867,631,0,21.8,0,1,109820.0,Defaulted,123,6,SMS Sent,4204.0,1,3,1,1,0,0,2.3023060796645702,2.0,29.53560371517028,0,1,5,0.7298092452092864,Critical
TCU-02314,Gaborone Main,LO010,Vehicle Loan,29,Private Sector,13257.0,30200.0,12.35,72,596.0,1,27557.0,2025-05-04,0.045,823,3,1.3,1,1,70794.0,Late (30–89 days),60,2,,2918.0,1,0,0,0,0,1,2.344172185430464,0.044957381006260844,2.2780417892434186,1,5,3,0.6331885054053571,High Risk
TCU-02315,Gaborone Main,LO010,Education Loan,30,Farmer,8597.0,194300.0,17.99,72,4430.0,2,180284.0,2025-04-05,0.5153,648,1,23.5,0,1,160533.0,Current,0,0,,0.0,0,3,1,0,0,0,0.8262120432321153,0.5152960335000581,22.60090729324183,1,2,0,0.12969895890131994,Low Risk
TCU-02316,Selebi-Phikwe,LO006,Agriculture Loan,61,Farmer,8367.0,52200.0,14.87,12,4708.0,12,0.0,2024-02-11,0.5627,833,3,18.7,0,1,100165.0,Current,0,0,,0.0,0,0,1,0,0,0,1.9188697318007664,0.5626867455479861,6.238795267120832,4,0,0,0.32995469557589274,Medium Risk
TCU-02317,Francistown,LO016,Personal Loan,28,Government Employee,20448.0,335100.0,14.22,60,7835.0,10,247226.0,2024-08-16,0.3832,809,2,3.0,0,1,499526.0,Current,0,0,,0.0,0,0,0,0,1,0,1.4906774097284392,0.3831670579029734,16.387910798122064,0,4,1,0.08565186361859296,Low Risk
TCU-02318,Selebi-Phikwe,LO010,Agriculture Loan,61,Student,2576.0,67500.0,9.11,12,5906.0,12,0.0,2024-04-24,2.2927,671,1,21.7,0,1,66616.0,Late (30–89 days),59,1,SMS Sent,0.0,1,2,1,1,0,0,0.9869037037037037,2.0,26.203416149068325,4,0,5,0.9185403674897692,Critical
TCU-02319,Gaborone Main,LO011,Agriculture Loan,34,Farmer,7427.0,137500.0,11.32,36,4522.0,13,77440.0,2024-05-13,0.6089,764,0,24.0,0,0,0.0,Current,0,0,,0.0,0,1,1,0,0,0,0.0,0.6088595664467483,18.513531708630673,1,0,0,0.18813909646558674,Low Risk
TCU-02320,Maun,LO015,Agriculture Loan,50,Government Employee,17374.0,15800.0,18.89,36,578.0,2,14087.0,2025-04-15,0.0333,759,0,29.3,1,1,29619.0,Current,0,0,,0.0,0,1,0,0,0,0,1.874620253164557,0.033268101761252444,0.9094048578335444,3,0,1,0.1455684559909192,Low Risk
TCU-02321,Lobatse,LO009,Business Loan,38,Pensioner,5657.0,117000.0,21.3,48,3642.0,4,98044.0,2025-02-03,0.6438,737,2,23.7,1,1,200721.0,Defaulted,124,11,Home Visit,46665.0,1,2,1,0,0,0,1.7155641025641026,0.6438041364680926,20.68234046314301,2,1,2,0.7153853779629921,Critical
TCU-02322,Francistown,LO010,Vehicle Loan,67,Farmer,8564.0,127300.0,16.53,36,4509.0,5,104691.0,2025-01-18,0.5265,792,1,7.4,3,0,0.0,Late (30–89 days),83,1,Home Visit,18783.0,1,1,1,0,0,0,0.0,0.5265063054647361,14.864549276039234,0,5,0,0.758572985977171,Critical
TCU-02323,Gaborone Main,LO007,Home Loan,42,Self-Employed,13982.0,318300.0,13.82,48,8669.0,2,288418.0,2025-04-12,0.62,845,2,2.3,2,0,0.0,Late (30–89 days),53,2,SMS Sent,98690.0,1,0,1,0,1,0,0.0,0.6200114432842225,22.76498355027893,1,3,4,0.7911886948816296,Critical
TCU-02324,Selebi-Phikwe,LO007,Personal Loan,23,Government Employee,21196.0,73000.0,11.17,36,2396.0,12,42158.0,2024-06-28,0.113,826,0,19.0,0,1,74183.0,Current,0,0,,0.0,0,0,0,0,0,0,1.0162054794520547,0.11304019626344593,3.4440460464238534,4,4,1,0.09258539299598496,Low Risk
TCU-02325,Maun,LO004,Vehicle Loan,62,Private Sector,17260.0,180800.0,13.47,72,3674.0,4,153032.0,2025-02-17,0.2129,850,0,13.4,0,0,0.0,Late (30–89 days),38,1,SMS Sent,25832.0,1,0,0,0,0,0,0.0,0.21286210892236385,10.475086906141367,3,5,3,0.07587047910601609,Low Risk
TCU-02326,Lobatse,LO013,Personal Loan,48,Self-Employed,20474.0,82400.0,9.46,84,1345.0,14,65826.0,2024-04-19,0.0657,850,1,12.9,0,1,98401.0,Current,0,0,,0.0,0,0,0,0,0,0,1.1941868932038835,0.06569307414281528,4.024616586890691,2,4,4,0.11297676522142314,Low Risk
TCU-02327,Lobatse,LO011,Vehicle Loan,32,Government Employee,20251.0,101600.0,11.28,36,3340.0,18,46399.0,2024-01-02,0.1649,787,1,27.4,0,0,0.0,Current,0,0,,0.0,0,1,0,0,0,0,0.0,0.1649301269073132,5.01703619574342,2,5,1,0.17177224700303317,Low Risk
TCU-02328,Maun,LO005,Business Loan,39,Student,2889.0,28800.0,10.1,72,535.0,17,21341.0,2024-01-28,0.1852,712,2,20.5,0,0,0.0,Current,0,0,,0.0,0,2,0,1,0,0,0.0,0.18518518518518517,9.968847352024921,3,1,5,0.14593465330315,Low Risk
TCU-02329,Francistown,LO006,Personal Loan,48,Private Sector,26076.0,409900.0,15.73,12,37138.0,5,220199.0,2025-01-20,1.4242,850,1,10.5,0,1,989435.0,Late (30–89 days),87,1,Home Visit,31901.0,1,0,1,0,1,0,2.413844840204928,1.424221506366007,15.719435496241754,0,4,3,0.8547409625293781,Critical
TCU-02330,Francistown,LO003,Agriculture Loan,24,Self-Employed,5629.0,31100.0,10.72,48,800.0,9,23820.0,2024-09-16,0.1421,538,3,26.2,2,0,0.0,Current,0,0,,0.0,0,4,0,0,0,0,0.0,0.14212115828744004,5.524960028424232,0,0,4,0.27467191123795687,Medium Risk
TCU-02331,Selebi-Phikwe,LO002,Personal Loan,56,Student,3202.0,74700.0,18.44,72,1722.0,2,72139.0,2025-04-06,0.5378,784,1,4.0,0,1,142674.0,Current,0,0,,0.0,0,1,1,1,0,0,1.9099598393574297,0.537788881948782,23.329169269206744,4,4,5,0.16549758652507257,Low Risk
TCU-02332,Francistown,LO012,Business Loan,35,Pensioner,4888.0,50500.0,12.68,84,910.0,17,36640.0,2024-01-31,0.1862,617,0,6.0,0,0,0.0,Early (1–29 days),28,1,,0.0,0,3,0,1,0,0,0.0,0.18617021276595744,10.331423895253682,0,1,2,0.13072278913780835,Low Risk
TCU-02333,Francistown,LO014,Personal Loan,29,Student,2886.0,39700.0,13.32,48,1071.0,9,28368.0,2024-09-10,0.3711,585,0,26.7,0,1,81788.0,Early (1–29 days),16,1,,0.0,0,3,0,1,0,0,2.0601511335012592,0.3711018711018711,13.756063756063757,0,4,5,0.08167585851875181,Low Risk
TCU-02334,Gaborone Main,LO002,Business Loan,64,Farmer,14582.0,332700.0,18.55,36,12120.0,9,223091.0,2024-09-26,0.8312,794,1,1.8,1,1,529113.0,Defaulted,302,10,SMS Sent,182061.0,1,1,1,0,1,1,1.590360685302074,0.8311617062131395,22.815800301741874,1,1,0,0.8063154635933334,Critical
TCU-02335,Francistown,LO011,Vehicle Loan,43,Government Employee,21235.0,122600.0,15.49,24,5973.0,8,74340.0,2024-10-07,0.2813,848,4,12.2,0,0,0.0,Current,0,0,,0.0,0,0,0,0,0,0,0.0,0.2812809041676477,5.773487167412291,0,5,1,0.13839887437166434,Low Risk
TCU-02336,Selebi-Phikwe,LO011,Vehicle Loan,59,Government Employee,20445.0,73800.0,14.77,60,1747.0,15,53362.0,2024-03-13,0.0854,850,0,15.0,0,1,134665.0,Current,0,0,,0.0,0,0,0,0,0,0,1.824728997289973,0.08544876497921253,3.6096845194424065,4,5,1,0.1089844382348943,Low Risk
TCU-02337,Selebi-Phikwe,LO020,Home Loan,59,Government Employee,24050.0,69700.0,21.65,24,3604.0,6,46369.0,2024-12-22,0.1499,850,0,25.9,3,1,113815.0,Current,0,0,,0.0,0,0,0,0,0,0,1.6329268292682926,0.14985446985446985,2.898128898128898,4,3,1,0.3820777914421037,Medium Risk
TCU-02338,Lobatse,LO017,Business Loan,38,Self-Employed,19696.0,146200.0,11.85,72,2847.0,8,111391.0,2024-10-16,0.1445,850,0,24.5,0,1,214478.0,Current,0,0,,0.0,0,0,0,0,0,0,1.4670177838577292,0.14454711616571891,7.422826969943135,2,1,4,0.10292197849672607,Low Risk
TCU-02339,Selebi-Phikwe,LO017,Vehicle Loan,33,Farmer,7591.0,128400.0,8.84,60,2655.0,5,107409.0,2025-01-13,0.3498,698,0,4.7,3,1,146750.0,Current,0,0,,0.0,0,2,0,0,0,0,1.1429127725856698,0.3497562903438282,16.91476748781452,4,5,0,0.1554019558198967,Low Risk
TCU-02340,Francistown,LO018,Personal Loan,22,Pensioner,5409.0,87700.0,12.61,72,1742.0,14,62338.0,2024-04-24,0.3221,667,1,13.8,0,0,0.0,Current,0,0,,0.0,0,3,0,0,0,0,0.0,0.3220558328711407,16.213717877611387,0,4,2,0.08924094251886125,Low Risk
TCU-02341,Lobatse,LO020,Home Loan,48,Student,4559.0,21300.0,21.26,72,526.0,13,16435.0,2024-05-08,0.1154,684,3,22.1,1,1,22157.0,Current,0,0,,0.0,0,2,0,1,0,0,1.0402347417840376,0.11537617898661988,4.6720772099144545,2,3,5,0.21376652771514856,Medium Risk
TCU-02342,Lobatse,LO012,Education Loan,54,Government Employee,16540.0,335200.0,22.76,72,8574.0,1,282225.0,2025-05-28,0.5184,728,2,24.7,0,1,680628.0,Current,0,0,,0.0,0,2,1,0,1,0,2.030513126491647,0.5183796856106409,20.26602176541717,2,2,1,0.07460632346974849,Low Risk
TCU-02343,Selebi-Phikwe,LO005,Home Loan,68,Private Sector,24665.0,67900.0,16.0,60,1651.0,9,50236.0,2024-09-22,0.0669,831,1,21.5,0,1,71369.0,Current,0,0,,0.0,0,0,0,0,0,0,1.0510898379970546,0.06693695519967566,2.7528887086965335,4,3,3,0.09375096862789356,Low Risk
TCU-02344,Gaborone Main,LO013,Education Loan,42,Government Employee,22707.0,372700.0,17.28,48,10808.0,9,273816.0,2024-09-16,0.476,850,0,20.1,0,0,0.0,Early (1–29 days),13,1,,0.0,0,0,1,0,1,0,0.0,0.4759765711014225,16.41344078918395,1,2,1,0.13533832869499085,Low Risk
TCU-02345,Lobatse,LO011,Personal Loan,33,Self-Employed,12091.0,172500.0,19.68,72,4100.0,6,154044.0,2024-12-15,0.3391,727,1,12.2,0,0,0.0,Current,0,0,,0.0,0,2,0,0,0,0,0.0,0.3390951947729716,14.266810023984782,2,4,4,0.07889943552208778,Low Risk
TCU-02346,Gaborone Main,LO015,Business Loan,35,Private Sector,10639.0,204500.0,9.85,36,6584.0,4,163499.0,2025-02-13,0.6189,762,0,2.1,0,1,365341.0,Current,0,0,,0.0,0,1,1,0,0,0,1.7865085574572128,0.618855155559733,19.221731365729863,1,1,3,0.1974885491662476,Low Risk
TCU-02347,Selebi-Phikwe,LO014,Agriculture Loan,26,Farmer,13488.0,208700.0,20.16,12,19349.0,5,121709.0,2025-01-23,1.4345,687,0,5.9,0,1,275649.0,Current,0,0,,0.0,0,2,1,0,0,0,1.3207906085289889,1.4345344009489918,15.473013048635824,4,0,0,0.566619409010348,High Risk
TCU-02348,Francistown,LO015,Agriculture Loan,28,Self-Employed,4163.0,80700.0,12.41,24,3814.0,8,50629.0,2024-10-30,0.9162,687,3,5.1,0,1,128954.0,Current,0,0,,0.0,0,2,1,1,0,0,1.5979429987608427,0.9161662262791256,19.385058851789577,0,0,4,0.3912016128105967,Medium Risk
TCU-02349,Francistown,LO010,Business Loan,31,Government Employee,24440.0,279500.0,17.65,48,8159.0,11,214585.0,2024-07-15,0.3338,850,2,17.5,2,1,320532.0,Late (30–89 days),72,1,Letter Sent,53159.0,1,0,0,0,1,0,1.1468050089445438,0.3338379705400982,11.436170212765957,0,1,1,0.460102386849118,High Risk
TCU-02350,Lobatse,LO011,Personal Loan,56,Private Sector,18147.0,63400.0,10.07,36,2048.0,7,44999.0,2024-11-17,0.1129,850,4,3.1,0,0,0.0,Current,0,0,,0.0,0,0,0,0,0,0,0.0,0.11285611946878273,3.49369041714884,2,4,3,0.1916277704210096,Low Risk
TCU-02351,Selebi-Phikwe,LO003,Education Loan,36,Government Employee,19453.0,36900.0,24.0,24,1951.0,11,19267.0,2024-07-19,0.1003,816,2,26.2,1,1,88285.0,Current,0,0,,0.0,0,0,0,0,0,0,2.392547425474255,0.10029301393101321,1.8968796586644734,4,2,1,0.18322865969264296,Low Risk
TCU-02352,Selebi-Phikwe,LO014,Education Loan,41,Government Employee,17715.0,205400.0,9.01,60,4265.0,13,150509.0,2024-05-16,0.2408,850,1,27.1,0,0,0.0,Current,0,0,,0.0,0,0,0,0,0,0,0.0,0.24075642111205192,11.594693762348292,4,2,1,0.07532229664738908,Low Risk
TCU-02353,Selebi-Phikwe,LO004,Agriculture Loan,41,Self-Employed,24040.0,344900.0,10.05,60,7337.0,15,236450.0,2024-03-28,0.3052,850,1,6.3,2,1,703736.0,Late (30–89 days),88,2,Called,30205.0,1,0,0,0,1,0,2.040405914757901,0.3051996672212978,14.346921797004992,4,0,4,0.34609425461730964,Medium Risk
TCU-02354,Maun,LO013,Personal Loan,48,Farmer,8173.0,7400.0,12.73,24,351.0,2,6460.0,2025-04-08,0.0429,850,1,20.2,0,1,11828.0,Current,0,0,,0.0,0,0,0,0,0,0,1.5983783783783785,0.04294628655328521,0.9054202863085771,3,4,0,0.19069600714835908,Low Risk
TCU-02355,Maun,LO008,Personal Loan,48,Pensioner,5044.0,77900.0,20.37,36,2910.0,18,36981.0,2024-01-01,0.5769,624,0,18.0,0,1,69289.0,Current,0,0,,0.0,0,3,1,0,0,0,0.8894608472400514,0.5769230769230769,15.444091990483743,3,4,2,0.1400778403529486,Low Risk
TCU-02356,Gaborone Main,LO013,Vehicle Loan,26,Pensioner,7312.0,147800.0,20.02,60,3917.0,5,129188.0,2025-01-29,0.5357,747,1,8.1,2,0,0.0,Late (30–89 days),53,2,SMS Sent,20889.0,1,1,1,0,0,0,0.0,0.5356947483588621,20.213347921225385,1,5,2,0.7366488166588242,Critical
TCU-02357,Maun,LO001,Home Loan,50,Self-Employed,18079.0,36300.0,19.44,60,950.0,8,26972.0,2024-10-05,0.0525,783,2,14.6,0,1,79551.0,Current,0,0,,0.0,0,1,0,0,0,0,2.1914876033057853,0.05254715415675646,2.007854416726589,3,3,4,0.07417211922308589,Low Risk
TCU-02358,Gaborone Main,LO020,Home Loan,30,Self-Employed,18123.0,355300.0,11.88,36,11781.0,7,250171.0,2024-11-25,0.6501,756,2,6.0,0,1,657362.0,Current,0,0,,0.0,0,1,1,0,1,0,1.8501604278074866,0.6500579374275782,19.604921922419024,1,3,4,0.13024639423621295,Low Risk
TCU-02359,Maun,LO018,Agriculture Loan,41,Private Sector,22395.0,291600.0,22.01,48,9189.0,2,254689.0,2025-04-22,0.4103,790,0,24.1,0,1,586543.0,Current,0,0,,0.0,0,1,0,0,1,0,2.0114643347050754,0.4103148024112525,13.020763563295379,3,0,3,0.06303717819871564,Low Risk
TCU-02360,Selebi-Phikwe,LO013,Business Loan,48,Private Sector,18062.0,131800.0,10.3,84,2209.0,3,115100.0,2025-03-23,0.1223,827,0,19.3,0,1,324398.0,Current,0,0,,0.0,0,0,0,0,0,0,2.461289833080425,0.1223009633484664,7.297087808659064,4,1,3,0.0987750400260184,Low Risk
TCU-02361,Lobatse,LO017,Education Loan,49,Student,2679.0,18100.0,12.59,48,482.0,10,13860.0,2024-08-29,0.1799,753,1,4.9,0,0,0.0,Current,0,0,,0.0,0,1,0,1,0,0,0.0,0.1799178798058977,6.7562523329600594,2,2,5,0.1506930330211017,Low Risk
TCU-02362,Francistown,LO003,Home Loan,61,Self-Employed,36295.0,135300.0,22.62,36,5211.0,9,90973.0,2024-09-15,0.1436,850,3,26.3,0,1,197800.0,Current,0,0,,0.0,0,0,0,0,0,0,1.4619364375461936,0.1435734949717592,3.7277861964457912,0,3,4,0.19958805196061488,Low Risk
TCU-02363,Maun,LO002,Home Loan,45,Farmer,3271.0,25000.0,18.88,48,746.0,2,23929.0,2025-04-21,0.2281,688,0,14.1,0,0,0.0,Current,0,0,,0.0,0,2,0,1,0,0,0.0,0.22806481198410272,7.642922653622746,3,3,0,0.1273887647678114,Low Risk
TCU-02364,Lobatse,LO020,Vehicle Loan,64,Farmer,6846.0,5100.0,8.94,72,92.0,6,4511.0,2024-12-28,0.0134,713,4,3.4,1,1,5550.0,Late (30–89 days),81,2,,567.0,1,2,0,0,0,0,1.088235294117647,0.013438504236050247,0.7449605609114811,2,5,0,0.33929552057582085,Medium Risk
TCU-02365,Gaborone Main,LO003,Vehicle Loan,24,Self-Employed,5795.0,19600.0,9.32,24,898.0,7,11984.0,2024-11-21,0.155,636,0,17.8,0,1,40206.0,Current,0,0,,0.0,0,3,0,0,0,0,2.051326530612245,0.1549611734253667,3.3822260569456426,1,5,4,0.06904242857558236,Low Risk
TCU-02366,Lobatse,LO019,Personal Loan,50,Private Sector,22999.0,164400.0,12.23,60,3676.0,11,128102.0,2024-07-11,0.1598,806,0,18.6,2,1,327784.0,Current,0,0,,0.0,0,0,0,0,0,0,1.9938199513381996,0.15983303621896605,7.148136875516327,2,4,3,0.3232614920180486,Medium Risk
TCU-02367,Selebi-Phikwe,LO008,Business Loan,40,Private Sector,11058.0,389500.0,21.69,60,10689.0,7,338088.0,2024-11-10,0.9666,783,1,1.7,1,0,0.0,Late (30–89 days),48,1,SMS Sent,51428.0,1,1,1,0,1,1,0.0,0.9666304937601736,35.223367697594504,4,1,3,0.799523690181269,Critical
TCU-02368,Selebi-Phikwe,LO009,Agriculture Loan,49,Government Employee,22581.0,284000.0,11.62,72,5496.0,9,243819.0,2024-09-05,0.2434,838,0,28.0,3,0,0.0,Current,0,0,,0.0,0,0,0,0,1,0,0.0,0.24339046100704131,12.576945219432266,4,0,1,0.44770597326310246,Medium Risk
TCU-02369,Francistown,LO002,Agriculture Loan,40,Student,4420.0,26500.0,19.66,24,1344.0,14,10421.0,2024-04-12,0.3041,654,0,1.0,0,1,28632.0,Current,0,0,,0.0,0,3,0,1,0,1,1.0804528301886793,0.3040723981900452,5.995475113122172,0,0,5,0.30636458582656784,Medium Risk
TCU-02370,Lobatse,LO004,Agriculture Loan,62,Student,1797.0,6900.0,20.94,12,642.0,12,0.0,2024-06-06,0.3573,692,0,16.5,0,1,12290.0,Late (30–89 days),73,1,,0.0,1,2,0,1,0,0,1.781159420289855,0.3572621035058431,3.8397328881469117,2,0,5,0.6325981980124352,High Risk
TCU-02371,Lobatse,LO011,Business Loan,44,Farmer,12388.0,94900.0,9.49,12,8321.0,11,7136.0,2024-07-12,0.6717,823,0,12.0,0,0,0.0,Early (1–29 days),6,1,,0.0,0,0,1,0,0,0,0.0,0.6716984178237003,7.660639328382305,2,1,0,0.21283003764886088,Medium Risk
TCU-02372,Maun,LO020,Business Loan,36,Pensioner,4345.0,41800.0,18.16,36,1515.0,7,28672.0,2024-11-24,0.3487,636,0,19.5,0,0,0.0,Current,0,0,,0.0,0,3,0,1,0,0,0.0,0.3486766398158803,9.620253164556962,3,1,2,0.10935442594473276,Low Risk
TCU-02373,Francistown,LO020,Home Loan,46,Pensioner,5413.0,196800.0,22.1,12,18429.0,12,0.0,2024-01-26,3.4046,693,0,15.8,0,0,0.0,Defaulted,200,7,SMS Sent,0.0,1,2,1,0,0,0,0.0,2.0,36.3569185294661,0,3,2,0.9570497306126711,Critical
TCU-02374,Maun,LO019,Vehicle Loan,33,Student,2869.0,70500.0,12.15,60,1574.0,5,60242.0,2025-01-05,0.5486,608,2,22.3,0,1,167001.0,Current,0,0,,0.0,0,3,1,1,0,0,2.368808510638298,0.5486232136632974,24.573021958870687,3,5,5,0.1716535203177058,Low Risk
TCU-02375,Maun,LO010,Home Loan,65,Self-Employed,23820.0,299300.0,8.56,36,9456.0,16,150476.0,2024-02-28,0.397,850,1,29.1,0,1,307960.0,Current,0,0,,0.0,0,0,0,0,1,0,1.0289341797527565,0.3969773299748111,12.565071368597817,3,3,4,0.07663045073299758,Low Risk
TCU-02376,Gaborone Main,LO005,Home Loan,61,Pensioner,8664.0,213400.0,23.04,60,6021.0,10,166474.0,2024-09-03,0.6949,658,0,29.6,0,0,0.0,Late (30–89 days),70,2,SMS Sent,22109.0,1,3,1,0,0,0,0.0,0.6949445983379502,24.630655586334257,1,3,2,0.2369455842530168,Medium Risk
TCU-02377,Lobatse,LO015,Business Loan,25,Private Sector,20291.0,226800.0,23.9,12,21435.0,12,0.0,2024-06-08,1.0564,725,1,18.4,1,0,0.0,Late (30–89 days),31,1,SMS Sent,0.0,1,2,1,0,0,0,0.0,1.0563796757182988,11.177369277019368,2,1,3,0.8067870504856007,Critical
TCU-02378,Selebi-Phikwe,LO014,Education Loan,51,Farmer,10476.0,173900.0,16.08,48,4936.0,12,112791.0,2024-06-13,0.4712,782,0,9.4,0,0,0.0,Current,0,0,,0.0,0,1,1,0,0,0,0.0,0.471172203130966,16.599847269950363,4,2,0,0.14570655250726655,Low Risk
TCU-02379,Selebi-Phikwe,LO006,Personal Loan,47,Self-Employed,24882.0,422800.0,13.56,60,9742.0,17,284075.0,2024-02-03,0.3915,850,0,22.6,0,0,0.0,Current,0,0,,0.0,0,0,0,0,1,0,0.0,0.39152801221766736,16.99220319909975,4,4,4,0.06899094861894714,Low Risk
TCU-02380,Francistown,LO012,Vehicle Loan,50,Pensioner,9611.0,138300.0,15.14,36,4804.0,1,123103.0,2025-05-24,0.4998,701,1,27.0,0,1,280604.0,Current,0,0,,0.0,0,2,1,0,0,0,2.028951554591468,0.4998439288315472,14.389761731349495,0,5,2,0.07253444316375739,Low Risk
TCU-02381,Selebi-Phikwe,LO020,Agriculture Loan,25,Farmer,12289.0,96100.0,13.73,12,8616.0,5,52576.0,2025-01-18,0.7011,811,3,25.4,0,1,127591.0,Late (30–89 days),69,2,SMS Sent,13372.0,1,0,1,0,0,0,1.3276899063475547,0.701114818130035,7.820001627471723,4,0,0,0.6168772613855376,High Risk
TCU-02382,Gaborone Main,LO010,Agriculture Loan,68,Pensioner,6385.0,188200.0,18.24,24,9418.0,11,94365.0,2024-07-06,1.475,758,0,9.2,0,0,0.0,Current,0,0,,0.0,0,1,1,0,0,0,0.0,1.4750195771339076,29.47533281127643,1,0,2,0.5433440167047832,High Risk
TCU-02383,Lobatse,LO006,Business Loan,32,Government Employee,13689.0,168500.0,21.11,60,4569.0,17,105806.0,2024-01-13,0.3338,796,0,24.7,3,0,0.0,Defaulted,342,9,,53915.0,1,1,0,0,0,0,0.0,0.33377164146394916,12.30915333479436,2,1,1,0.6320799636349322,High Risk
TCU-02384,Lobatse,LO015,Home Loan,28,Self-Employed,25244.0,50300.0,18.89,24,2533.0,7,31759.0,2024-12-02,0.1003,776,2,17.0,0,0,0.0,Current,0,0,,0.0,0,1,0,0,0,0,0.0,0.10034067501188401,1.9925526857867215,2,3,4,0.11819703230595487,Low Risk
TCU-02385,Lobatse,LO010,Education Loan,36,Self-Employed,25928.0,342800.0,21.57,12,32013.0,3,241303.0,2025-03-19,1.2347,850,2,19.6,1,1,594831.0,Late (30–89 days),35,1,Legal Notice,83939.0,1,0,1,0,1,0,1.7352129521586932,1.2346883677877198,13.221228016044432,2,2,4,0.9044832879010923,Critical
TCU-02386,Gaborone Main,LO018,Personal Loan,66,Government Employee,16441.0,218400.0,12.37,12,19442.0,12,0.0,2024-05-05,1.1825,850,3,13.0,0,0,0.0,Late (30–89 days),36,1,SMS Sent,0.0,1,0,1,0,0,0,0.0,1.1825314761875798,13.283863511951827,1,4,1,0.7733068354317427,Critical
TCU-02387,Maun,LO020,Vehicle Loan,40,Student,3723.0,39900.0,22.45,36,1533.0,16,18935.0,2024-03-04,0.4118,649,0,15.8,0,0,0.0,Current,0,0,,0.0,0,3,0,1,0,0,0.0,0.4117647058823529,10.717163577759871,3,5,5,0.12300545560384095,Low Risk
TCU-02388,Maun,LO006,Personal Loan,27,Government Employee,19490.0,407800.0,22.08,24,21172.0,4,305198.0,2025-02-20,1.0863,725,1,25.1,0,1,554288.0,Late (30–89 days),51,1,Legal Notice,76774.0,1,2,1,0,1,0,1.3592153016184405,1.0863006670087225,20.923550538737814,3,4,1,0.7926740548466819,Critical
TCU-02389,Maun,LO015,Vehicle Loan,35,Farmer,14777.0,428200.0,21.34,60,11666.0,5,372343.0,2025-01-23,0.7895,850,1,27.3,0,1,496341.0,Late (30–89 days),82,2,Legal Notice,110603.0,1,0,1,0,1,0,1.159133582438113,0.7894701224876497,28.977464979359816,3,5,0,0.6023140211789333,High Risk
TCU-02390,Lobatse,LO011,Home Loan,35,Farmer,10056.0,245000.0,16.01,72,5316.0,16,181785.0,2024-03-04,0.5286,748,1,25.5,2,1,545362.0,Defaulted,281,9,,118798.0,1,1,1,0,1,0,2.2259673469387753,0.5286396181384249,24.36356404136834,2,3,0,0.7271096928356916,Critical
TCU-02391,Gaborone Main,LO014,Personal Loan,38,Pensioner,9106.0,162000.0,10.43,12,14275.0,12,0.0,2024-06-22,1.5676,708,0,27.7,1,1,402988.0,Late (30–89 days),37,2,Home Visit,0.0,1,2,1,0,0,0,2.48758024691358,1.5676477048100155,17.790467823413135,1,4,2,0.9229588976110243,Critical
TCU-02392,Maun,LO020,Home Loan,35,Student,4583.0,137400.0,18.74,24,6909.0,11,68583.0,2024-07-28,1.5075,690,1,15.6,1,0,0.0,Defaulted,332,11,SMS Sent,42803.0,1,2,1,1,0,0,0.0,1.507527820205106,29.980362208160592,3,3,5,0.9571329616060267,Critical
TCU-02393,Lobatse,LO003,Agriculture Loan,29,Pensioner,8701.0,227100.0,9.85,72,4190.0,10,173078.0,2024-08-24,0.4816,648,1,5.2,0,1,245932.0,Early (1–29 days),15,1,,0.0,0,3,1,0,0,0,1.0829238221047996,0.4815538443857028,26.10044822434203,2,0,2,0.08530287702502028,Low Risk
TCU-02394,Selebi-Phikwe,LO017,Vehicle Loan,28,Private Sector,24525.0,126600.0,16.4,84,2543.0,16,100052.0,2024-02-11,0.1037,850,2,6.2,2,1,112151.0,Late (30–89 days),86,1,Legal Notice,17640.0,1,0,0,0,0,0,0.88586887835703,0.1036901121304791,5.162079510703364,4,5,3,0.3528060702682012,Medium Risk
TCU-02395,Francistown,LO011,Personal Loan,40,Student,3613.0,97300.0,17.21,48,2818.0,9,74148.0,2024-09-18,0.78,565,0,9.1,0,0,0.0,Early (1–29 days),26,1,,0.0,0,4,1,1,0,0,0.0,0.7799612510379186,26.93052864655411,0,4,5,0.4335614520715463,Medium Risk
TCU-02396,Lobatse,LO010,Business Loan,62,Private Sector,9195.0,183700.0,19.45,60,4811.0,10,149681.0,2024-08-16,0.5232,788,2,7.5,0,1,227357.0,Early (1–29 days),11,1,,0.0,0,1,1,0,0,0,1.2376537833424062,0.5232191408374116,19.978249048395867,2,1,3,0.07511776890716088,Low Risk
TCU-02397,Lobatse,LO006,Home Loan,64,Farmer,11487.0,202800.0,11.96,36,6732.0,14,109668.0,2024-04-27,0.5861,697,0,19.0,0,1,491823.0,Current,0,0,,0.0,0,2,1,0,0,0,2.425162721893491,0.5860537999477671,17.654740141028988,2,3,0,0.14404603130780227,Low Risk
TCU-02398,Francistown,LO003,Personal Loan,40,Farmer,7625.0,138400.0,14.96,12,12489.0,12,0.0,2024-05-20,1.6379,711,2,8.4,0,0,0.0,Late (30–89 days),70,2,Called,0.0,1,2,1,0,0,0,0.0,1.6379016393442623,18.15081967213115,0,4,0,0.9472537412241836,Critical
TCU-02399,Lobatse,LO005,Personal Loan,46,Private Sector,24153.0,363300.0,9.18,84,5878.0,14,262100.0,2024-04-12,0.2434,850,0,27.6,3,0,0.0,Late (30–89 days),38,1,Legal Notice,81372.0,1,0,0,0,1,0,0.0,0.24336521343104375,15.041609737920755,2,4,3,0.3480704132066786,Medium Risk
TCU-02400,Lobatse,LO019,Home Loan,40,Pensioner,6136.0,161100.0,12.81,60,3650.0,3,133321.0,2025-03-25,0.5949,832,0,25.4,0,0,0.0,Current,0,0,,0.0,0,0,1,0,0,0,0.0,0.5948500651890483,26.254889178617994,2,3,2,0.1647082381444168,Low Risk
TCU-02401,Gaborone Main,LO015,Home Loan,30,Student,2942.0,58100.0,23.09,84,1400.0,5,49114.0,2025-01-28,0.4759,680,0,21.0,0,1,53218.0,Current,0,0,,0.0,0,2,1,1,0,0,0.915972461273666,0.47586675730795375,19.748470428280083,1,3,5,0.14545156670320125,Low Risk
TCU-02402,Lobatse,LO018,Agriculture Loan,67,Pensioner,8783.0,66900.0,8.77,60,1381.0,10,54873.0,2024-08-22,0.1572,741,0,29.4,0,0,0.0,Current,0,0,,0.0,0,1,0,0,0,0,0.0,0.15723556871228508,7.61698736194922,2,0,2,0.10389508866806403,Low Risk
TCU-02403,Lobatse,LO020,Vehicle Loan,36,Farmer,7083.0,136900.0,16.06,48,3884.0,13,96056.0,2024-05-15,0.5484,796,4,7.9,0,1,147727.0,Current,0,0,,0.0,0,1,1,0,0,0,1.0790869247626005,0.5483552167160808,19.32796837498235,2,5,0,0.129527701039692,Low Risk
TCU-02404,Lobatse,LO007,Home Loan,67,Private Sector,24174.0,217200.0,11.3,84,3753.0,2,209286.0,2025-04-11,0.1552,850,0,9.3,0,1,253713.0,Early (1–29 days),14,1,,0.0,0,0,0,0,0,0,1.1681077348066298,0.1552494415487714,8.984859766691487,2,3,3,0.06513065970076297,Low Risk
TCU-02405,Francistown,LO020,Education Loan,37,Private Sector,19369.0,451800.0,23.04,24,23671.0,10,261812.0,2024-08-19,1.2221,850,1,27.5,0,0,0.0,Current,0,0,,0.0,0,0,1,0,1,0,0.0,1.2221074913521606,23.325933192214364,0,2,3,0.40129251121461157,Medium Risk
TCU-02406,Francistown,LO006,Personal Loan,33,Farmer,9329.0,203900.0,20.37,12,18924.0,12,0.0,2024-03-03,2.0285,850,0,15.5,1,0,0.0,Late (30–89 days),63,1,Legal Notice,0.0,1,0,1,0,0,0,0.0,2.0,21.856576267552793,0,4,0,0.9413321670663745,Critical
TCU-02407,Francistown,LO018,Personal Loan,61,Self-Employed,21889.0,282300.0,12.92,84,5123.0,18,202235.0,2024-01-03,0.234,850,1,19.8,3,1,614930.0,Late (30–89 days),73,2,Legal Notice,56236.0,1,0,0,0,1,0,2.1782855118668083,0.23404449723605464,12.896888848279959,0,4,4,0.6888123217337275,High Risk
TCU-02408,Gaborone Main,LO009,Personal Loan,50,Private Sector,25888.0,339100.0,11.84,36,11237.0,13,193153.0,2024-05-31,0.4341,850,0,19.0,1,0,0.0,Current,0,0,,0.0,0,0,1,0,1,0,0.0,0.4340621137206428,13.098733003708281,1,4,3,0.2822878085431797,Medium Risk
TCU-02409,Gaborone Main,LO013,Business Loan,51,Private Sector,11317.0,61900.0,18.69,72,1436.0,1,58888.0,2025-05-24,0.1269,793,1,25.3,1,0,0.0,Late (30–89 days),88,1,Legal Notice,11274.0,1,1,0,0,0,0,0.0,0.1268887514358929,5.4696474330653,1,1,3,0.4491961517856728,Medium Risk
TCU-02410,Selebi-Phikwe,LO020,Personal Loan,56,Pensioner,4299.0,15400.0,23.83,84,378.0,12,12152.0,2024-07-02,0.0879,751,0,8.8,0,1,38489.0,Current,0,0,,0.0,0,1,0,1,0,0,2.499285714285714,0.08792742498255408,3.5822284252151664,4,4,2,0.09765945434659416,Low Risk
TCU-02411,Francistown,LO018,Business Loan,26,Self-Employed,7069.0,184500.0,16.14,60,4500.0,6,143801.0,2024-12-31,0.6366,580,0,3.6,0,1,234182.0,Current,0,0,,0.0,0,3,1,0,0,0,1.269279132791328,0.6365822605743386,26.099872683547886,0,1,4,0.2868865286913101,Medium Risk
TCU-02412,Gaborone Main,LO005,Business Loan,46,Government Employee,9654.0,138900.0,14.2,12,12485.0,12,0.0,2024-02-04,1.2932,810,0,12.6,0,1,184853.0,Current,0,0,,0.0,0,0,1,0,0,0,1.3308351331893449,1.2932463227677646,14.387818520820385,1,1,1,0.6935205266924727,High Risk
TCU-02413,Lobatse,LO009,Vehicle Loan,63,Private Sector,29317.0,50100.0,19.24,36,1843.0,5,39925.0,2025-01-09,0.0629,850,0,5.7,0,0,0.0,Current,0,0,,0.0,0,0,0,0,0,0,0.0,0.06286454957874271,1.7089060954395061,2,5,3,0.10311047677535289,Low Risk
TCU-02414,Maun,LO004,Personal Loan,52,Private Sector,9344.0,313700.0,20.03,24,15971.0,15,100922.0,2024-03-29,1.7092,721,0,7.4,0,1,668168.0,Late (30–89 days),89,1,Called,27160.0,1,2,1,0,1,0,2.1299585591329295,1.7092251712328768,33.57234589041096,3,4,3,0.9470927541022769,Critical
TCU-02415,Francistown,LO011,Home Loan,31,Pensioner,9093.0,128400.0,21.16,72,3162.0,8,105476.0,2024-10-12,0.3477,713,1,9.3,0,0,0.0,Current,0,0,,0.0,0,2,0,0,0,0,0.0,0.34774001979544705,14.120752226987793,0,3,2,0.07786534913998942,Low Risk
TCU-02416,Maun,LO006,Business Loan,44,Student,3043.0,40700.0,15.07,84,787.0,5,36815.0,2025-01-28,0.2586,698,0,12.6,0,1,66671.0,Current,0,0,,0.0,0,2,0,1,0,0,1.6381081081081081,0.258626355570161,13.374958922116333,3,1,5,0.09491482745484019,Low Risk
TCU-02417,Francistown,LO005,Home Loan,44,Self-Employed,30066.0,26400.0,17.76,48,772.0,9,21354.0,2024-09-23,0.0257,850,1,2.1,0,1,48828.0,Current,0,0,,0.0,0,0,0,0,0,0,1.8495454545454546,0.025676844275926296,0.8780682498503293,0,3,4,0.06978277520655968,Low Risk
TCU-02418,Francistown,LO010,Education Loan,66,Student,3678.0,40500.0,10.18,12,3564.0,12,0.0,2024-05-05,0.969,764,2,7.4,2,0,0.0,Defaulted,137,4,,0.0,1,1,1,1,0,0,0.0,0.9690048939641109,11.01141924959217,0,2,5,0.5425425237794247,High Risk
TCU-02419,Maun,LO009,Business Loan,68,Student,2393.0,5700.0,19.99,24,290.0,2,4920.0,2025-04-21,0.1212,738,1,16.7,0,1,7839.0,Current,0,0,,0.0,0,2,0,1,0,0,1.3752631578947367,0.12118679481821981,2.381947346427079,3,1,5,0.11873443225760395,Low Risk
TCU-02420,Francistown,LO014,Home Loan,54,Student,2622.0,43700.0,20.37,48,1338.0,1,38040.0,2025-05-09,0.5103,599,0,9.1,0,0,0.0,Current,0,0,,0.0,0,3,1,1,0,0,0.0,0.5102974828375286,16.666666666666668,0,3,5,0.3778572644450105,Medium Risk
TCU-02421,Lobatse,LO006,Vehicle Loan,35,Farmer,6919.0,125700.0,16.17,72,2738.0,7,97508.0,2024-12-01,0.3957,647,1,19.4,0,0,0.0,Current,0,0,,0.0,0,3,0,0,0,0,0.0,0.39572192513368987,18.167365226188757,2,5,0,0.09487148740475508,Low Risk
TCU-02422,Maun,LO017,Personal Loan,54,Government Employee,17237.0,203700.0,18.96,60,5280.0,9,156864.0,2024-09-24,0.3063,709,0,28.6,0,1,476561.0,Current,0,0,,0.0,0,2,0,0,0,0,2.3395238095238096,0.3063178047223995,11.81760167082439,3,4,1,0.05915681585907529,Low Risk
TCU-02423,Lobatse,LO020,Education Loan,63,Student,2040.0,14600.0,22.45,12,1370.0,12,0.0,2024-01-09,0.6716,690,2,26.1,0,1,13510.0,Current,0,0,,0.0,0,2,1,1,0,0,0.9253424657534246,0.6715686274509803,7.1568627450980395,2,2,5,0.19786220591356687,Low Risk
TCU-02424,Francistown,LO006,Personal Loan,25,Self-Employed,24258.0,42800.0,19.1,12,3946.0,12,0.0,2024-03-07,0.1627,765,2,8.6,3,0,0.0,Current,0,0,,0.0,0,1,0,0,0,0,0.0,0.1626679858191112,1.764366394591475,0,4,4,0.3951923986290397,Medium Risk
TCU-02425,Gaborone Main,LO002,Business Loan,64,Self-Employed,19385.0,440100.0,14.51,84,8372.0,10,338489.0,2024-08-15,0.4319,850,1,17.9,0,0,0.0,Current,0,0,,0.0,0,0,1,0,1,0,0.0,0.4318803198349239,22.703120969822027,1,1,4,0.11613660016891968,Low Risk
TCU-02426,Selebi-Phikwe,LO001,Education Loan,37,Student,3110.0,42700.0,15.61,12,3866.0,2,32787.0,2025-04-21,1.2431,558,1,14.5,3,1,64368.0,Late (30–89 days),52,1,Home Visit,7298.0,1,4,1,1,0,0,1.507447306791569,1.2430868167202573,13.729903536977492,4,2,5,0.7371259870590378,Critical
TCU-02427,Gaborone Main,LO001,Vehicle Loan,25,Government Employee,18834.0,408400.0,15.8,12,37016.0,12,0.0,2024-01-02,1.9654,773,0,11.4,0,0,0.0,Current,0,0,,0.0,0,1,1,0,1,0,0.0,1.9653817563980036,21.684188170330255,1,5,1,0.5014998342419614,High Risk
TCU-02428,Gaborone Main,LO017,Home Loan,46,Government Employee,21370.0,25300.0,16.24,84,506.0,17,17456.0,2024-01-22,0.0237,850,3,22.6,0,1,50443.0,Current,0,0,,0.0,0,0,0,0,0,0,1.9937944664031622,0.023678053345811887,1.1839026672905943,1,3,1,0.07629021567246339,Low Risk
TCU-02429,Maun,LO004,Agriculture Loan,61,Government Employee,8608.0,324800.0,20.3,60,8660.0,15,233878.0,2024-03-10,1.006,667,2,3.8,1,0,0.0,Late (30–89 days),60,1,SMS Sent,25707.0,1,3,1,0,1,0,0.0,1.0060408921933086,37.732342007434944,3,0,1,0.6659393124949591,High Risk
TCU-02430,Maun,LO003,Personal Loan,40,Pensioner,8749.0,398100.0,12.06,24,18751.0,13,175447.0,2024-06-02,2.1432,680,0,17.2,0,1,974907.0,Late (30–89 days),70,2,Home Visit,22876.0,1,2,1,0,1,0,2.4488997739261493,2.0,45.502343124928565,3,4,2,0.8361883504067,Critical
TCU-02431,Gaborone Main,LO016,Personal Loan,31,Government Employee,22750.0,134300.0,21.73,84,3124.0,4,114785.0,2025-02-03,0.1373,850,0,22.3,2,1,225763.0,Late (30–89 days),50,2,SMS Sent,29744.0,1,0,0,0,0,0,1.6810349962769917,0.13731868131868133,5.903296703296704,1,4,1,0.6287718957694018,High Risk
TCU-02432,Selebi-Phikwe,LO012,Education Loan,43,Student,4430.0,103900.0,11.14,24,4849.0,9,61537.0,2024-09-14,1.0946,694,0,6.9,3,1,103498.0,Late (30–89 days),62,2,SMS Sent,13811.0,1,2,1,1,0,0,0.996130895091434,1.0945823927765237,23.45372460496614,4,2,5,0.9323293264899292,Critical
TCU-02433,Francistown,LO001,Business Loan,65,Private Sector,6399.0,24100.0,20.93,24,1238.0,17,6223.0,2024-01-15,0.1935,760,1,22.1,1,1,40505.0,Current,0,0,,0.0,0,1,0,0,0,0,1.6807053941908714,0.19346772933270823,3.766213470854821,0,1,3,0.14503621596460226,Low Risk
TCU-02434,Francistown,LO020,Personal Loan,22,Farmer,3527.0,47900.0,15.2,12,4328.0,5,25500.0,2025-01-30,1.2271,574,3,22.9,0,0,0.0,Defaulted,170,12,,19942.0,1,4,1,1,0,0,0.0,1.227105188545506,13.580946980436632,0,4,0,0.5580446434610377,High Risk
TCU-02435,Lobatse,LO003,Agriculture Loan,41,Pensioner,4249.0,87400.0,23.75,36,3417.0,7,68979.0,2024-12-01,0.8042,838,1,25.5,1,0,0.0,Current,0,0,,0.0,0,0,1,1,0,0,0.0,0.8041892209931749,20.569545775476584,2,0,2,0.35098113369829437,Medium Risk
TCU-02436,Selebi-Phikwe,LO004,Home Loan,37,Student,2191.0,22300.0,17.52,72,503.0,12,17248.0,2024-06-27,0.2296,639,2,23.2,0,0,0.0,Current,0,0,,0.0,0,3,0,1,0,0,0.0,0.22957553628480146,10.178000912825194,4,3,5,0.16629425352686422,Low Risk
TCU-02437,Lobatse,LO010,Business Loan,42,Self-Employed,21986.0,299100.0,20.88,48,9243.0,7,230294.0,2024-11-08,0.4204,850,3,1.4,0,0,0.0,Late (30–89 days),56,2,Legal Notice,66601.0,1,0,0,0,1,1,0.0,0.42040389338670064,13.604111707450196,2,1,4,0.2026950980581949,Medium Risk
TCU-02438,Francistown,LO018,Education Loan,40,Self-Employed,10199.0,70000.0,12.36,84,1249.0,6,62302.0,2024-12-06,0.1225,758,0,11.9,0,1,71768.0,Current,0,0,,0.0,0,1,0,0,0,0,1.0252571428571429,0.12246298656731051,6.863417982155113,0,2,4,0.09561810069526556,Low Risk
TCU-02439,Selebi-Phikwe,LO012,Home Loan,48,Self-Employed,25773.0,333900.0,23.58,24,17584.0,18,72369.0,2024-01-01,0.6823,850,1,2.7,0,0,0.0,Early (1–29 days),10,1,,0.0,0,0,1,0,1,0,0.0,0.6822643852093276,12.955418461180304,4,3,4,0.21537957259846927,Medium Risk
TCU-02440,Gaborone Main,LO012,Agriculture Loan,27,Government Employee,21125.0,130800.0,10.88,12,11553.0,6,57977.0,2024-12-28,0.5469,850,0,16.7,0,1,299273.0,Current,0,0,,0.0,0,0,1,0,0,0,2.288019877675841,0.546887573964497,6.191715976331361,1,0,1,0.11323674073868968,Low Risk
TCU-02441,Francistown,LO020,Vehicle Loan,26,Farmer,13566.0,128900.0,15.31,72,2747.0,13,91696.0,2024-05-20,0.2025,750,1,18.3,1,1,244341.0,Early (1–29 days),5,1,,0.0,0,1,0,0,0,0,1.8955857253685027,0.20249152292495945,9.501695415008108,0,5,0,0.15032948905186264,Low Risk
TCU-02442,Francistown,LO005,Personal Loan,51,Farmer,11128.0,153900.0,10.76,72,2910.0,4,137251.0,2025-02-26,0.2615,748,1,25.1,0,1,174837.0,Current,0,0,,0.0,0,1,0,0,0,0,1.1360428849902535,0.26150251617541337,13.829978432782172,0,4,0,0.08804694656657591,Low Risk
TCU-02443,Gaborone Main,LO003,Home Loan,36,Student,2363.0,44900.0,12.04,60,1000.0,1,43255.0,2025-05-30,0.4232,701,0,3.7,1,0,0.0,Current,0,0,,0.0,0,2,0,1,0,0,0.0,0.4231908590774439,19.001269572577232,1,3,5,0.2289006435538511,Medium Risk
TCU-02444,Selebi-Phikwe,LO009,Agriculture Loan,36,Government Employee,14485.0,218700.0,16.35,24,10745.0,16,66481.0,2024-03-05,0.7418,726,0,21.9,0,0,0.0,Current,0,0,,0.0,0,2,1,0,0,0,0.0,0.7418018639972386,15.098377632033138,4,0,1,0.28673298153547416,Medium Risk
TCU-02445,Maun,LO016,Home Loan,44,Pensioner,5477.0,68400.0,22.1,24,3552.0,1,63595.0,2025-05-10,0.6485,725,2,14.0,0,0,0.0,Late (30–89 days),81,2,,11763.0,1,2,1,0,0,0,0.0,0.6485302172722294,12.488588643417929,3,3,2,0.6987496163695274,High Risk
TCU-02446,Maun,LO005,Personal Loan,40,Government Employee,8363.0,87300.0,17.97,12,8002.0,12,0.0,2024-04-22,0.9568,763,2,13.6,0,1,100820.0,Current,0,0,,0.0,0,1,1,0,0,0,1.1548682703321878,0.956833672127227,10.438837737653952,3,4,1,0.3433982300849224,Medium Risk
TCU-02447,Lobatse,LO018,Vehicle Loan,50,Student,2845.0,36400.0,17.72,84,759.0,10,28396.0,2024-08-08,0.2668,660,3,25.1,0,0,0.0,Current,0,0,,0.0,0,3,0,1,0,0,0.0,0.2667838312829525,12.794376098418278,2,5,5,0.22144132632776561,Medium Risk
TCU-02448,Maun,LO006,Agriculture Loan,34,Pensioner,6215.0,107100.0,21.25,72,2644.0,10,79851.0,2024-08-11,0.4254,724,2,5.2,0,0,0.0,Late (30–89 days),44,1,SMS Sent,22719.0,1,2,0,0,0,0,0.0,0.4254223652453741,17.232502011263072,3,0,2,0.1381086398773313,Low Risk
TCU-02449,Maun,LO004,Vehicle Loan,26,Farmer,5851.0,65500.0,14.87,36,2266.0,12,37931.0,2024-06-29,0.3873,720,0,7.0,0,1,60185.0,Current,0,0,,0.0,0,2,0,0,0,0,0.9188549618320611,0.3872842249188173,11.194667578191762,3,5,0,0.07567410974505676,Low Risk
TCU-02450,Maun,LO017,Agriculture Loan,60,Private Sector,20028.0,457400.0,20.64,36,17148.0,12,274324.0,2024-06-27,0.8562,850,0,27.3,0,1,584125.0,Current,0,0,,0.0,0,0,1,0,1,0,1.2770550940096197,0.8562013181545836,22.838026762532454,3,0,3,0.271992369960022,Medium Risk
TCU-02451,Gaborone Main,LO020,Education Loan,27,Private Sector,9389.0,198900.0,18.75,72,4621.0,1,183144.0,2025-05-02,0.4922,756,1,3.5,0,0,0.0,Late (30–89 days),67,2,,57751.0,1,1,1,0,0,0,0.0,0.4921716902758547,21.18436468207477,1,2,3,0.6223213900265402,High Risk
TCU-02452,Selebi-Phikwe,LO013,Education Loan,44,Government Employee,18077.0,322600.0,23.95,60,9271.0,7,283502.0,2024-11-17,0.5129,850,2,15.8,0,1,301252.0,Current,0,0,,0.0,0,0,1,0,1,0,0.9338251704897707,0.5128616473972452,17.845881506887206,4,2,1,0.08721969257743531,Low Risk
TCU-02453,Maun,LO013,Agriculture Loan,27,Government Employee,20028.0,452800.0,11.14,72,8651.0,13,320919.0,2024-05-08,0.4319,850,1,0.8,0,0,0.0,Current,0,0,,0.0,0,0,1,0,1,1,0.0,0.4319452766127422,22.608348312362693,3,0,1,0.24318973930460647,Medium Risk
TCU-02454,Maun,LO006,Business Loan,29,Pensioner,7568.0,95200.0,14.68,24,4601.0,16,30955.0,2024-03-04,0.608,714,2,7.6,0,0,0.0,Current,0,0,,0.0,0,2,1,0,0,0,0.0,0.6079545454545454,12.579281183932347,3,1,2,0.27772767704331963,Medium Risk
TCU-02455,Maun,LO010,Business Loan,65,Self-Employed,5068.0,46100.0,13.72,72,943.0,2,43059.0,2025-04-06,0.1861,687,1,9.2,0,0,0.0,Current,0,0,,0.0,0,2,0,0,0,0,0.0,0.186069455406472,9.09629044988161,3,1,4,0.125653592732141,Low Risk
TCU-02456,Selebi-Phikwe,LO008,Business Loan,35,Government Employee,20882.0,114700.0,20.67,24,5875.0,3,88272.0,2025-03-19,0.2813,844,0,22.2,0,1,165807.0,Early (1–29 days),27,1,,0.0,0,0,0,0,0,0,1.4455710549258936,0.2813427832583086,5.492768891868595,4,1,1,0.11390482277284023,Low Risk
TCU-02457,Selebi-Phikwe,LO013,Vehicle Loan,43,Government Employee,15255.0,289900.0,18.94,12,26708.0,5,161799.0,2025-01-04,1.7508,663,1,18.7,0,0,0.0,Late (30–89 days),78,2,SMS Sent,36261.0,1,3,1,0,1,0,0.0,1.7507702392658144,19.003605375286792,4,5,1,0.9508032422124597,Critical
TCU-02458,Maun,LO003,Business Loan,63,Student,3854.0,37500.0,12.53,60,844.0,3,33062.0,2025-03-22,0.219,785,1,6.7,0,0,0.0,Late (30–89 days),34,1,Legal Notice,3370.0,1,1,0,1,0,0,0.0,0.21899325376232487,9.73015049299429,3,1,5,0.399018268571167,Medium Risk
TCU-02459,Selebi-Phikwe,LO007,Education Loan,53,Government Employee,23086.0,85400.0,18.99,72,1996.0,13,64488.0,2024-05-28,0.0865,827,1,7.0,1,1,156931.0,Current,0,0,,0.0,0,0,0,0,0,0,1.837599531615925,0.08645932599844061,3.699211643420255,4,2,1,0.18855479965424085,Low Risk
TCU-02460,Gaborone Main,LO017,Personal Loan,43,Government Employee,15911.0,170600.0,8.62,60,3510.0,17,121625.0,2024-02-02,0.2206,772,1,13.5,1,0,0.0,Current,0,0,,0.0,0,1,0,0,0,0,0.0,0.22060209917667023,10.722141914398843,1,4,1,0.10964701477678157,Low Risk
TCU-02461,Francistown,LO017,Education Loan,27,Self-Employed,12094.0,333600.0,23.8,48,10839.0,3,281647.0,2025-03-22,0.8962,730,1,2.8,0,0,0.0,Current,0,0,,0.0,0,2,1,0,1,0,0.0,0.8962295353067636,27.583925913676204,0,2,4,0.2598639539775147,Medium Risk
TCU-02462,Maun,LO005,Agriculture Loan,29,Private Sector,29314.0,339800.0,15.11,24,16494.0,6,229723.0,2024-12-18,0.5627,837,0,15.0,0,1,769417.0,Current,0,0,,0.0,0,0,1,0,1,0,2.2643231312536787,0.5626663027904756,11.591730913556662,3,0,3,0.08880563109487262,Low Risk
TCU-02463,Maun,LO004,Vehicle Loan,49,Student,2251.0,10200.0,9.98,36,329.0,9,7116.0,2024-09-14,0.1462,689,0,22.3,2,1,12222.0,Late (30–89 days),48,2,Home Visit,734.0,1,2,0,1,0,0,1.198235294117647,0.1461572634384718,4.531319413593958,3,5,5,0.7474417099915084,Critical
TCU-02464,Selebi-Phikwe,LO017,Vehicle Loan,41,Pensioner,5955.0,102700.0,15.13,36,3567.0,7,79118.0,2024-11-07,0.599,732,1,3.9,1,0,0.0,Current,0,0,,0.0,0,2,1,0,0,0,0.0,0.5989924433249371,17.246011754827876,4,5,2,0.40553512853638024,Medium Risk
TCU-02465,Francistown,LO011,Home Loan,33,Government Employee,16672.0,479400.0,12.83,12,42780.0,6,205833.0,2024-12-25,2.566,795,0,23.0,0,1,957774.0,Late (30–89 days),69,2,Called,56076.0,1,1,1,0,1,0,1.9978598247809762,2.0,28.754798464491362,0,3,1,0.8945654084580051,Critical
TCU-02466,Maun,LO010,Vehicle Loan,56,Farmer,13615.0,65600.0,11.06,72,1251.0,10,53449.0,2024-09-01,0.0919,749,1,21.0,2,0,0.0,Early (1–29 days),12,1,,0.0,0,1,0,0,0,0,0.0,0.09188395152405435,4.818215203819317,3,5,0,0.39535322995417665,Medium Risk
TCU-02467,Lobatse,LO020,Vehicle Loan,51,Private Sector,16118.0,178100.0,10.93,72,3384.0,16,135960.0,2024-02-13,0.21,850,3,26.8,0,0,0.0,Current,0,0,,0.0,0,0,0,0,0,0,0.0,0.209951606899119,11.049758034495595,2,5,3,0.10443751363103068,Low Risk
TCU-02468,Gaborone Main,LO018,Home Loan,41,Government Employee,11451.0,44700.0,20.47,12,4151.0,11,3717.0,2024-07-09,0.3625,675,0,0.9,0,0,0.0,Current,0,0,,0.0,0,2,0,0,0,1,0.0,0.36250109160771987,3.903589206182866,1,3,1,0.1080790973067576,Low Risk
TCU-02469,Selebi-Phikwe,LO004,Vehicle Loan,54,Private Sector,10754.0,60000.0,23.37,12,5655.0,11,4310.0,2024-08-04,0.5259,831,0,13.3,0,0,0.0,Current,0,0,,0.0,0,0,1,0,0,0,0.0,0.525850846196764,5.579319323042589,4,5,3,0.260749756932659,Medium Risk
TCU-02470,Lobatse,LO015,Education Loan,54,Farmer,9589.0,162700.0,16.26,72,3553.0,1,151276.0,2025-05-18,0.3705,763,3,14.2,0,1,211000.0,Current,0,0,,0.0,0,1,0,0,0,0,1.2968653964351566,0.3705287308374179,16.967358431536134,2,2,0,0.09504715144038457,Low Risk
TCU-02471,Gaborone Main,LO020,Personal Loan,40,Farmer,14172.0,427600.0,11.24,24,19977.0,6,277234.0,2024-12-28,1.4096,693,3,23.5,2,0,0.0,Late (30–89 days),55,2,Home Visit,63779.0,1,2,1,0,1,0,0.0,1.4096104995766299,30.172170476996897,1,4,0,0.87313404101172,Critical
TCU-02472,Lobatse,LO019,Education Loan,56,Student,2556.0,11300.0,23.1,84,272.0,6,9014.0,2024-12-04,0.1064,672,0,2.0,0,1,10842.0,Current,0,0,,0.0,0,2,0,1,0,0,0.9594690265486726,0.10641627543035993,4.420970266040689,2,2,5,0.17214045894204158,Low Risk
TCU-02473,Gaborone Main,LO008,Business Loan,48,Self-Employed,16143.0,144700.0,14.29,48,3975.0,16,85595.0,2024-02-24,0.2462,850,1,20.8,3,1,309245.0,Current,0,0,,0.0,0,0,0,0,0,0,2.1371458189357293,0.2462367589667348,8.963637489933717,1,1,4,0.45814937912037057,High Risk
TCU-02474,Selebi-Phikwe,LO002,Home Loan,67,Pensioner,8637.0,160700.0,16.91,48,4630.0,15,96287.0,2024-03-12,0.5361,769,2,13.7,0,1,388046.0,Current,0,0,,0.0,0,1,1,0,0,0,2.4147230864965774,0.5360657635753155,18.605997452819267,4,3,2,0.0980959015907177,Low Risk
TCU-02475,Gaborone Main,LO009,Agriculture Loan,42,Farmer,5720.0,87300.0,11.56,72,1687.0,11,70456.0,2024-07-14,0.2949,659,1,26.1,1,1,215261.0,Current,0,0,,0.0,0,3,0,0,0,0,2.465761741122566,0.2949300699300699,15.262237762237762,1,0,0,0.16433256464621926,Low Risk
TCU-02476,Maun,LO019,Personal Loan,24,Pensioner,5871.0,13000.0,11.22,12,1150.0,2,9260.0,2025-04-06,0.1959,767,1,7.9,2,0,0.0,Late (30–89 days),43,2,Called,2818.0,1,1,0,0,0,0,0.0,0.19587804462612843,2.214273547947539,3,4,2,0.5986980347914248,High Risk
TCU-02477,Maun,LO015,Personal Loan,41,Government Employee,21632.0,243800.0,21.31,24,12565.0,15,88129.0,2024-03-17,0.5809,850,3,19.9,1,0,0.0,Current,0,0,,0.0,0,0,1,0,1,0,0.0,0.5808524408284024,11.27034023668639,3,4,1,0.3589806208494339,Medium Risk
TCU-02478,Gaborone Main,LO004,Vehicle Loan,33,Government Employee,10308.0,248800.0,10.57,72,4681.0,6,224419.0,2024-12-14,0.4541,659,3,23.1,3,0,0.0,Late (30–89 days),45,1,Letter Sent,35061.0,1,3,1,0,1,0,0.0,0.45411331005044625,24.136592937524252,1,5,1,0.8181661533820669,Critical
TCU-02479,Maun,LO019,Vehicle Loan,65,Government Employee,21880.0,212800.0,18.48,72,4911.0,7,165947.0,2024-11-22,0.2245,850,0,10.9,0,1,505236.0,Current,0,0,,0.0,0,0,0,0,0,0,2.3742293233082705,0.22445155393053015,9.725776965265082,3,5,1,0.08630444501369874,Low Risk
TCU-02480,Francistown,LO015,Education Loan,49,Private Sector,14929.0,233900.0,18.98,48,6991.0,14,145249.0,2024-05-05,0.4683,825,1,17.3,0,0,0.0,Current,0,0,,0.0,0,0,1,0,1,0,0.0,0.4682832071806551,15.667492799249782,0,2,3,0.1727834384560078,Low Risk
TCU-02481,Selebi-Phikwe,LO001,Agriculture Loan,68,Student,4519.0,138000.0,8.52,24,6274.0,3,113096.0,2025-03-25,1.3884,705,0,10.4,0,0,0.0,Late (30–89 days),74,1,Legal Notice,17513.0,1,2,1,1,0,0,0.0,1.3883602566939588,30.537729586191634,4,0,5,0.6748018069083018,High Risk
TCU-02482,Gaborone Main,LO014,Home Loan,53,Pensioner,6542.0,253000.0,13.27,60,5792.0,15,180035.0,2024-03-30,0.8854,743,3,12.7,0,0,0.0,Current,0,0,,0.0,0,1,1,0,1,0,0.0,0.8853561601956588,38.67318862733109,1,3,2,0.3816420681337201,Medium Risk
TCU-02483,Francistown,LO006,Personal Loan,39,Pensioner,5257.0,33000.0,17.07,48,953.0,1,29748.0,2025-05-28,0.1813,662,0,29.1,1,1,47047.0,Current,0,0,,0.0,0,3,0,0,0,0,1.4256666666666666,0.18128210005706677,6.2773444930568765,0,4,2,0.13155023392986423,Low Risk
TCU-02484,Francistown,LO001,Education Loan,46,Self-Employed,9159.0,152000.0,11.68,60,3357.0,14,102943.0,2024-04-24,0.3665,706,0,10.7,0,1,141245.0,Current,0,0,,0.0,0,2,0,0,0,0,0.9292434210526316,0.3665247297739928,16.59569822032973,0,2,4,0.0610972085432389,Low Risk
TCU-02485,Gaborone Main,LO019,Home Loan,66,Self-Employed,34179.0,484000.0,18.53,48,14352.0,10,331327.0,2024-08-25,0.4199,850,4,12.9,0,0,0.0,Current,0,0,,0.0,0,0,0,0,1,0,0.0,0.4199069604142895,14.160741976067175,1,3,4,0.09776316092144904,Low Risk
TCU-02486,Lobatse,LO002,Vehicle Loan,57,Private Sector,29083.0,63900.0,13.4,84,1176.0,3,54897.0,2025-03-14,0.0404,850,1,19.8,0,0,0.0,Current,0,0,,0.0,0,0,0,0,0,0,0.0,0.04043599353574253,2.1971598528349894,2,5,3,0.08948220743885446,Low Risk
TCU-02487,Lobatse,LO007,Business Loan,62,Private Sector,18131.0,265900.0,21.19,60,7222.0,11,202549.0,2024-08-03,0.3983,850,2,4.9,0,0,0.0,Current,0,0,,0.0,0,0,0,0,1,0,0.0,0.3983233136616844,14.665490044674867,2,1,3,0.13483024093469054,Low Risk
TCU-02488,Selebi-Phikwe,LO012,Business Loan,56,Government Employee,20627.0,20900.0,21.03,72,513.0,10,16593.0,2024-08-29,0.0249,804,4,7.4,0,1,37319.0,Current,0,0,,0.0,0,0,0,0,0,0,1.7855980861244019,0.024870315605759443,1.013235080234644,4,1,1,0.08916927195974178,Low Risk
TCU-02489,Gaborone Main,LO007,Business Loan,60,Farmer,14150.0,236500.0,20.59,72,5746.0,6,186143.0,2024-12-25,0.4061,790,2,12.5,0,1,224651.0,Current,0,0,,0.0,0,1,0,0,1,0,0.9498985200845665,0.40607773851590107,16.713780918727917,1,1,0,0.11944922884212168,Low Risk
TCU-02490,Selebi-Phikwe,LO015,Agriculture Loan,50,Pensioner,8272.0,151100.0,16.76,12,13764.0,12,0.0,2024-02-16,1.6639,760,1,8.3,0,0,0.0,Late (30–89 days),43,1,,0.0,1,1,1,0,0,0,0.0,1.663926499032882,18.266441005802708,4,0,2,0.9652802854823845,Critical
TCU-02491,Gaborone Main,LO014,Business Loan,53,Self-Employed,39084.0,63100.0,19.49,24,3196.0,13,25796.0,2024-06-04,0.0818,850,0,10.8,0,1,115448.0,Current,0,0,,0.0,0,0,0,0,0,0,1.8296038034865294,0.08177259236516221,1.6144713949442226,1,1,4,0.11756222875541704,Low Risk
TCU-02492,Francistown,LO019,Home Loan,27,Private Sector,6515.0,52000.0,15.82,36,1824.0,2,44713.0,2025-04-23,0.28,651,0,16.7,0,1,76672.0,Early (1–29 days),5,1,,0.0,0,3,0,0,0,0,1.4744615384615385,0.2799693016116654,7.981580966999233,0,3,3,0.07426927546389943,Low Risk
TCU-02493,Maun,LO008,Education Loan,57,Student,3769.0,75600.0,22.03,12,7077.0,12,0.0,2024-01-28,1.8777,757,1,27.0,2,0,0.0,Current,0,0,,0.0,0,1,1,1,0,0,0.0,1.8776863889625894,20.05837092066861,3,2,5,0.49983620963948083,High Risk
TCU-02494,Gaborone Main,LO011,Personal Loan,42,Student,4549.0,51700.0,20.21,72,1245.0,10,40144.0,2024-08-16,0.2737,562,1,11.6,0,1,111219.0,Current,0,0,,0.0,0,4,0,1,0,0,2.151237911025145,0.2736865245108815,11.365135194548252,1,4,5,0.12388097098504476,Low Risk
TCU-02495,Gaborone Main,LO002,Vehicle Loan,58,Farmer,8994.0,247200.0,15.39,24,12032.0,13,99036.0,2024-06-02,1.3378,745,3,22.0,0,0,0.0,Late (30–89 days),32,1,SMS Sent,13562.0,1,1,1,0,1,0,0.0,1.3377807427173671,27.484989993328885,1,5,0,0.9055283211067993,Critical
TCU-02496,Maun,LO002,Vehicle Loan,30,Farmer,13108.0,491900.0,17.98,84,10333.0,3,452546.0,2025-03-23,0.7883,698,0,16.4,0,1,604370.0,Current,0,0,,0.0,0,2,1,0,1,0,1.2286440333401099,0.788297223069881,37.52670125114434,3,5,0,0.26986741556664245,Medium Risk
TCU-02497,Gaborone Main,LO014,Education Loan,65,Government Employee,23145.0,257400.0,22.23,48,8142.0,6,220913.0,2024-12-16,0.3518,850,3,27.2,0,0,0.0,Current,0,0,,0.0,0,0,0,0,1,0,0.0,0.35178224238496436,11.121192482177577,1,2,1,0.11664849295535477,Low Risk
TCU-02498,Lobatse,LO006,Business Loan,58,Private Sector,26799.0,181200.0,15.26,24,8808.0,10,92723.0,2024-08-05,0.3287,850,0,22.4,0,0,0.0,Current,0,0,,0.0,0,0,0,0,0,0,0.0,0.32866898018582785,6.7614463226239785,2,1,3,0.06965022368542549,Low Risk
TCU-02499,Maun,LO003,Vehicle Loan,58,Pensioner,6412.0,48900.0,9.3,60,1022.0,15,32917.0,2024-03-22,0.1594,667,0,0.9,1,0,0.0,Early (1–29 days),27,1,,0.0,0,3,0,0,0,1,0.0,0.15938864628820962,7.626325639426076,3,5,2,0.14609338833679433,Low Risk
TCU-02500,Selebi-Phikwe,LO004,Agriculture Loan,49,Private Sector,24847.0,261900.0,16.01,12,23764.0,1,227404.0,2025-05-29,0.9564,850,0,24.9,3,0,0.0,Late (30–89 days),83,1,Letter Sent,26677.0,1,0,1,0,1,0,0.0,0.9564132490843965,10.540507908399404,4,0,3,0.5845949328848148,High Risk
TCU-02501,Selebi-Phikwe,LO017,Education Loan,30,Pensioner,7615.0,143700.0,10.59,60,3095.0,10,101921.0,2024-08-28,0.4064,644,0,4.8,0,1,208602.0,Current,0,0,,0.0,0,3,0,0,0,0,1.4516492693110647,0.40643466841759684,18.87065003282994,4,2,2,0.09926234346526001,Low Risk
TCU-02502,Francistown,LO014,Personal Loan,58,Government Employee,12465.0,172000.0,23.98,60,4946.0,3,146879.0,2025-03-07,0.3968,737,1,16.8,0,1,418693.0,Current,0,0,,0.0,0,2,0,0,0,0,2.434261627906977,0.3967910148415564,13.79863618130766,0,4,1,0.0843759133586591,Low Risk
TCU-02503,Maun,LO015,Personal Loan,49,Self-Employed,26399.0,249400.0,21.59,12,23293.0,5,129193.0,2025-01-16,0.8823,846,0,12.3,0,1,532713.0,Current,0,0,,0.0,0,0,1,0,1,0,2.1359783480352847,0.8823440281828857,9.447327550285996,3,4,4,0.2725803730347794,Medium Risk
TCU-02504,Maun,LO009,Agriculture Loan,22,Pensioner,6348.0,6000.0,10.01,84,100.0,10,5220.0,2024-08-14,0.0158,682,0,12.1,0,1,13331.0,Early (1–29 days),12,1,,0.0,0,2,0,0,0,0,2.2218333333333335,0.01575299306868305,0.945179584120983,3,0,2,0.16852429553965909,Low Risk
TCU-02505,Lobatse,LO012,Agriculture Loan,61,Government Employee,14334.0,138000.0,16.84,60,3418.0,10,112000.0,2024-08-05,0.2385,729,0,3.3,0,1,163361.0,Current,0,0,,0.0,0,2,0,0,0,0,1.1837753623188405,0.2384540253941677,9.627459187944746,2,0,1,0.09828723797890898,Low Risk
TCU-02506,Maun,LO005,Personal Loan,67,Private Sector,22654.0,285400.0,22.88,48,9129.0,17,173054.0,2024-01-19,0.403,850,0,13.9,2,1,262887.0,Current,0,0,,0.0,0,0,0,0,1,0,0.9211177295024527,0.4029751920190695,12.59821665048115,3,4,3,0.20272964149463582,Medium Risk
TCU-02507,Francistown,LO006,Personal Loan,65,Student,1852.0,46500.0,10.53,72,874.0,4,42348.0,2025-03-02,0.4719,750,0,19.2,0,0,0.0,Early (1–29 days),29,1,,0.0,0,1,1,1,0,0,0.0,0.4719222462203024,25.107991360691145,0,4,5,0.20184081516150165,Medium Risk
TCU-02508,Gaborone Main,LO009,Home Loan,56,Private Sector,29478.0,269300.0,20.41,12,24999.0,11,20115.0,2024-07-31,0.8481,850,0,6.3,2,1,336425.0,Defaulted,276,9,Legal Notice,10942.0,1,0,1,0,1,0,1.249257333828444,0.8480561774882963,9.135626568966687,1,3,3,0.834816144174721,Critical
TCU-02509,Lobatse,LO002,Agriculture Loan,47,Farmer,10901.0,147200.0,8.99,72,2653.0,5,135076.0,2025-01-03,0.2434,709,3,22.7,0,1,326003.0,Late (30–89 days),35,2,,22610.0,1,2,0,0,0,0,2.214694293478261,0.24337216769103753,13.503348316668196,2,0,0,0.39870237275545783,Medium Risk
TCU-02510,Maun,LO015,Education Loan,56,Student,1873.0,63000.0,15.54,72,1351.0,8,52801.0,2024-10-07,0.7213,661,2,3.6,0,1,106051.0,Late (30–89 days),78,1,Letter Sent,17889.0,1,3,1,1,0,0,1.6833492063492064,0.7213027229044314,33.635878270154834,3,2,5,0.8098279110167068,Critical
TCU-02511,Gaborone Main,LO020,Agriculture Loan,49,Farmer,10127.0,99700.0,9.05,84,1607.0,4,93795.0,2025-02-20,0.1587,726,0,13.1,0,1,212601.0,Current,0,0,,0.0,0,2,0,0,0,0,2.132407221664995,0.15868470425594944,9.84496889503308,1,0,0,0.10978700636776523,Low Risk
TCU-02512,Francistown,LO016,Vehicle Loan,65,Farmer,8107.0,127600.0,13.96,60,2966.0,16,81905.0,2024-02-16,0.3659,783,0,8.8,1,1,296020.0,Current,0,0,,0.0,0,1,0,0,0,0,2.3199059561128528,0.365856667077834,15.739484396200814,0,5,0,0.10666102064491906,Low Risk
TCU-02513,Maun,LO017,Home Loan,46,Farmer,10367.0,108400.0,10.0,48,2749.0,12,75796.0,2024-06-13,0.2652,755,0,28.2,0,0,0.0,Current,0,0,,0.0,0,1,0,0,0,0,0.0,0.2651683225619755,10.45625542587055,3,3,0,0.08998544089133624,Low Risk
TCU-02514,Francistown,LO012,Vehicle Loan,34,Government Employee,9933.0,73100.0,8.57,48,1804.0,8,56118.0,2024-10-23,0.1816,765,0,14.0,1,0,0.0,Current,0,0,,0.0,0,1,0,0,0,0,0.0,0.18161683277962348,7.359307359307359,0,5,1,0.12123710772973491,Low Risk
TCU-02515,Gaborone Main,LO016,Vehicle Loan,61,Student,1767.0,57600.0,17.14,24,2852.0,6,40104.0,2024-12-20,1.614,616,4,28.0,0,1,67179.0,Late (30–89 days),73,2,Legal Notice,7062.0,1,3,1,1,0,0,1.1663020833333333,1.6140350877192982,32.597623089983024,1,5,5,0.8634157145838589,Critical
TCU-02516,Selebi-Phikwe,LO009,Personal Loan,50,Self-Employed,35149.0,241000.0,17.41,48,7005.0,14,164201.0,2024-04-16,0.1993,850,0,10.6,0,0,0.0,Current,0,0,,0.0,0,0,0,0,1,0,0.0,0.1992944322740334,6.856525078949614,4,4,4,0.06223355571127421,Low Risk
TCU-02517,Maun,LO009,Business Loan,37,Student,2651.0,6300.0,13.4,36,213.0,7,4373.0,2024-11-16,0.0803,727,0,11.4,0,0,0.0,Early (1–29 days),14,1,,0.0,0,2,0,1,0,0,0.0,0.08034703885326291,2.3764617125612975,3,1,5,0.18375963550185923,Low Risk
TCU-02518,Selebi-Phikwe,LO002,Agriculture Loan,27,Student,3836.0,74000.0,13.22,36,2501.0,10,53439.0,2024-08-05,0.652,595,1,28.8,1,1,162230.0,Late (30–89 days),57,1,Letter Sent,10415.0,1,3,1,1,0,0,2.1922972972972974,0.6519812304483837,19.290928050052138,4,0,5,0.750146610188445,Critical
TCU-02519,Selebi-Phikwe,LO008,Business Loan,26,Self-Employed,21106.0,261300.0,8.61,60,5375.0,15,172505.0,2024-03-31,0.2547,850,0,18.8,0,0,0.0,Current,0,0,,0.0,0,0,0,0,1,0,0.0,0.25466691935942387,12.380365772766037,4,1,4,0.08752149955399548,Low Risk
TCU-02520,Maun,LO019,Home Loan,44,Government Employee,9677.0,221900.0,14.07,60,5171.0,11,168786.0,2024-07-12,0.5344,771,3,11.8,0,0,0.0,Current,0,0,,0.0,0,1,1,0,0,0,0.0,0.5343598222589645,22.93066032861424,3,3,1,0.19160370946429847,Low Risk
TCU-02521,Lobatse,LO009,Business Loan,55,Government Employee,23212.0,38900.0,21.33,36,1472.0,13,24322.0,2024-05-23,0.0634,850,1,1.2,0,1,92492.0,Current,0,0,,0.0,0,0,0,0,0,1,2.377686375321337,0.06341547475443736,1.6758573151818026,2,1,1,0.11487925331360968,Low Risk
TCU-02522,Gaborone Main,LO008,Personal Loan,38,Self-Employed,27868.0,6300.0,14.04,72,130.0,13,4910.0,2024-05-07,0.0047,748,1,15.6,1,1,7300.0,Current,0,0,,0.0,0,1,0,0,0,0,1.1587301587301588,0.004664848571838668,0.22606573848141237,1,4,4,0.24115005972503856,Medium Risk
TCU-02523,Francistown,LO015,Business Loan,37,Student,2082.0,22400.0,15.11,84,434.0,7,17636.0,2024-11-27,0.2085,667,1,26.8,0,1,35602.0,Current,0,0,,0.0,0,3,0,1,0,0,1.589375,0.2084534101825168,10.758885686839577,0,1,5,0.13880196947833232,Low Risk
TCU-02524,Maun,LO009,Education Loan,48,Student,2221.0,85700.0,13.83,24,4108.0,2,77246.0,2025-04-24,1.8496,644,2,25.4,0,0,0.0,Late (30–89 days),57,2,SMS Sent,10526.0,1,3,1,1,0,0,0.0,1.84961728950923,38.586222422332284,3,2,5,0.7297450884236893,Critical
TCU-02525,Gaborone Main,LO001,Education Loan,62,Farmer,9740.0,61200.0,12.46,12,5451.0,7,22018.0,2024-11-17,0.5597,752,3,11.9,0,1,112937.0,Late (30–89 days),53,2,SMS Sent,3911.0,1,1,1,0,0,0,1.845375816993464,0.5596509240246407,6.283367556468172,1,2,0,0.5691396569750554,High Risk
TCU-02526,Maun,LO010,Business Loan,63,Private Sector,16272.0,32300.0,20.16,60,859.0,11,23083.0,2024-07-06,0.0528,807,1,6.5,1,0,0.0,Current,0,0,,0.0,0,0,0,0,0,0,0.0,0.05279006882989184,1.9850049164208456,3,1,3,0.18290719750701764,Low Risk
TCU-02527,Maun,LO018,Education Loan,58,Self-Employed,10020.0,154200.0,12.82,48,4123.0,7,115432.0,2024-11-25,0.4115,763,0,11.3,0,1,327029.0,Current,0,0,,0.0,0,1,0,0,0,0,2.120810635538262,0.4114770459081836,15.389221556886227,3,2,4,0.06064177181202591,Low Risk
TCU-02528,Lobatse,LO007,Vehicle Loan,49,Private Sector,17771.0,375100.0,9.4,12,32873.0,12,0.0,2024-01-04,1.8498,850,0,2.6,0,0,0.0,Late (30–89 days),52,1,,0.0,1,0,1,0,1,0,0.0,1.849811490630803,21.107422204715547,2,5,3,0.9466566299263919,Critical
TCU-02529,Gaborone Main,LO010,Home Loan,38,Private Sector,23690.0,371400.0,12.97,84,6750.0,6,332173.0,2024-12-05,0.2849,794,1,19.0,0,0,0.0,Current,0,0,,0.0,0,1,0,0,1,0,0.0,0.28493035035880115,15.677501055297594,1,3,3,0.07590888840514673,Low Risk
TCU-02530,Maun,LO007,Personal Loan,31,Self-Employed,26437.0,174100.0,12.36,84,3107.0,6,141607.0,2024-12-13,0.1175,850,0,2.4,0,0,0.0,Current,0,0,,0.0,0,0,0,0,0,0,0.0,0.11752468131784999,6.585467337443734,3,4,4,0.0979778430903627,Low Risk
TCU-02531,Lobatse,LO019,Agriculture Loan,49,Pensioner,8409.0,111200.0,15.79,36,3898.0,1,104536.0,2025-05-02,0.4636,713,1,20.1,0,0,0.0,Current,0,0,,0.0,0,2,1,0,0,0,0.0,0.46355095730764656,13.223926745154001,2,0,2,0.12208962803838634,Low Risk
TCU-02532,Francistown,LO019,Home Loan,67,Private Sector,29068.0,49000.0,21.1,60,1328.0,10,35544.0,2024-08-17,0.0457,850,0,11.0,0,1,49743.0,Current,0,0,,0.0,0,0,0,0,0,0,1.0151632653061224,0.04568597770744461,1.6857024907114353,0,3,3,0.06649504347983418,Low Risk
TCU-02533,Francistown,LO004,Home Loan,48,Student,2424.0,24800.0,13.71,12,2223.0,9,5569.0,2024-09-30,0.9171,706,1,13.5,0,0,0.0,Current,0,0,,0.0,0,2,1,1,0,0,0.0,0.9170792079207921,10.231023102310232,0,3,5,0.2390675925720264,Medium Risk
TCU-02534,Lobatse,LO004,Business Loan,62,Self-Employed,10430.0,64900.0,22.55,72,1652.0,4,53849.0,2025-02-06,0.1584,732,0,8.4,0,1,73131.0,Current,0,0,,0.0,0,2,0,0,0,0,1.1268258859784284,0.15838926174496645,6.222435282837967,2,1,4,0.11958349698412393,Low Risk
TCU-02535,Maun,LO015,Personal Loan,27,Government Employee,17649.0,77900.0,17.0,36,2777.0,8,54597.0,2024-10-27,0.1573,850,3,22.0,0,0,0.0,Late (30–89 days),41,1,Letter Sent,9960.0,1,0,0,0,0,0,0.0,0.15734602527055358,4.413847810074225,3,4,1,0.3404271930436538,Medium Risk
TCU-02536,Lobatse,LO008,Personal Loan,23,Student,3679.0,79700.0,16.39,12,7246.0,5,39605.0,2025-01-17,1.9696,758,1,13.4,2,0,0.0,Late (30–89 days),43,1,,13848.0,1,1,1,1,0,0,0.0,1.9695569448219625,21.66349551508562,2,4,5,0.8087803759208554,Critical
TCU-02537,Lobatse,LO010,Education Loan,29,Student,4895.0,103600.0,14.53,24,5000.0,10,60100.0,2024-08-28,1.0215,743,0,4.7,0,1,169961.0,Current,0,0,,0.0,0,1,1,1,0,0,1.6405501930501931,1.0214504596527068,21.164453524004085,2,2,5,0.46543470297072403,High Risk
TCU-02538,Francistown,LO011,Business Loan,35,Farmer,5432.0,13000.0,16.32,84,261.0,4,11282.0,2025-02-15,0.048,726,1,13.3,2,1,28377.0,Late (30–89 days),34,1,SMS Sent,2215.0,1,2,0,0,0,0,2.1828461538461537,0.04804860088365243,2.393225331369661,0,1,0,0.34385712743418906,Medium Risk
TCU-02539,Selebi-Phikwe,LO012,Personal Loan,25,Student,2566.0,74600.0,11.7,60,1648.0,4,66849.0,2025-02-16,0.6422,611,0,1.0,0,1,143763.0,Current,0,0,,0.0,0,3,1,1,0,1,1.927117962466488,0.642244738893219,29.07248636009353,4,4,5,0.29596150210548655,Medium Risk
TCU-02540,Maun,LO019,Vehicle Loan,31,Farmer,3498.0,88500.0,17.46,36,3176.0,5,71748.0,2025-01-27,0.9079,607,1,29.7,1,1,109293.0,Defaulted,141,7,Letter Sent,47018.0,1,3,1,1,0,0,1.2349491525423728,0.9079473985134362,25.30017152658662,3,5,0,0.8874666114952674,Critical
TCU-02541,Gaborone Main,LO006,Home Loan,32,Student,3975.0,104100.0,9.2,24,4765.0,18,25075.0,2024-01-06,1.1987,682,0,8.5,0,0,0.0,Current,0,0,,0.0,0,2,1,1,0,0,0.0,1.1987421383647798,26.18867924528302,1,3,5,0.7440050166184555,Critical
TCU-02542,Gaborone Main,LO010,Agriculture Loan,29,Self-Employed,7738.0,74700.0,17.15,12,6818.0,12,0.0,2024-03-22,0.8811,673,1,14.6,0,1,136133.0,Late (30–89 days),56,2,Called,0.0,1,2,1,0,0,0,1.82239625167336,0.8811062289997416,9.653657275781855,1,0,4,0.6431790147849893,High Risk
TCU-02543,Maun,LO015,Business Loan,32,Farmer,6843.0,36300.0,17.41,84,750.0,12,27779.0,2024-07-01,0.1096,721,0,25.5,0,1,87933.0,Current,0,0,,0.0,0,2,0,0,0,0,2.4223966942148762,0.10960105217010083,5.30469092503288,3,1,0,0.08512839209188595,Low Risk
TCU-02544,Francistown,LO019,Agriculture Loan,45,Student,3956.0,129800.0,16.68,36,4607.0,11,82732.0,2024-07-09,1.1646,819,2,29.9,0,1,229261.0,Late (30–89 days),40,1,Home Visit,14616.0,1,0,1,1,0,0,1.7662634822804315,1.1645601617795753,32.81092012133468,0,0,5,0.7290708469356184,Critical
TCU-02545,Maun,LO006,Education Loan,46,Government Employee,8665.0,5600.0,8.62,84,89.0,2,5128.0,2025-04-24,0.0103,798,0,26.1,0,0,0.0,Current,0,0,,0.0,0,1,0,0,0,0,0.0,0.010271206001154068,0.6462781304096942,3,2,1,0.14018315894305963,Low Risk
TCU-02546,Francistown,LO004,Vehicle Loan,63,Private Sector,7317.0,95900.0,11.66,48,2509.0,2,78142.0,2025-04-30,0.3429,761,0,9.6,0,1,154746.0,Current,0,0,,0.0,0,1,0,0,0,0,1.6136183524504693,0.34290009566762336,13.106464397977312,0,5,3,0.06994931282856029,Low Risk
TCU-02547,Gaborone Main,LO016,Business Loan,34,Farmer,3426.0,16600.0,12.02,12,1475.0,11,1368.0,2024-07-23,0.4305,715,1,24.3,0,0,0.0,Current,0,0,,0.0,0,2,1,1,0,0,0.0,0.4305312317571512,4.845300642148278,1,1,0,0.1340796993003843,Low Risk
TCU-02548,Gaborone Main,LO012,Personal Loan,37,Government Employee,18112.0,307000.0,23.8,84,7537.0,7,245869.0,2024-11-04,0.4161,850,1,13.3,0,1,356382.0,Early (1–29 days),7,1,,0.0,0,0,0,0,1,0,1.1608534201954397,0.41613295053003535,16.950088339222614,1,4,1,0.08347650851961251,Low Risk
TCU-02549,Maun,LO019,Personal Loan,63,Student,2364.0,25400.0,13.81,84,473.0,5,21853.0,2025-01-23,0.2001,757,1,27.3,0,1,60382.0,Current,0,0,,0.0,0,1,0,1,0,0,2.377244094488189,0.20008460236886633,10.744500846023689,3,4,5,0.10882819574225314,Low Risk
TCU-02550,Francistown,LO011,Agriculture Loan,30,Private Sector,11192.0,172400.0,19.74,84,3801.0,2,162293.0,2025-04-02,0.3396,759,1,21.5,0,1,423240.0,Current,0,0,,0.0,0,1,0,0,0,0,2.454988399071926,0.33961758398856323,15.40385989992852,0,0,3,0.09164171298141803,Low Risk
TCU-02551,Francistown,LO004,Agriculture Loan,36,Self-Employed,25867.0,213800.0,13.06,48,5742.0,8,153802.0,2024-10-22,0.222,850,2,19.4,0,1,283048.0,Early (1–29 days),15,1,,0.0,0,0,0,0,0,0,1.3238914873713752,0.2219816754938725,8.265357405188077,0,0,4,0.13302327668228986,Low Risk
TCU-02552,Gaborone Main,LO013,Business Loan,43,Government Employee,10410.0,347900.0,18.59,60,8946.0,14,236825.0,2024-04-27,0.8594,832,3,20.4,0,0,0.0,Late (30–89 days),89,2,Called,79001.0,1,0,1,0,1,0,0.0,0.8593659942363112,33.41978866474544,1,1,1,0.37246932923444787,Medium Risk
TCU-02553,Gaborone Main,LO006,Vehicle Loan,51,Private Sector,28733.0,160100.0,12.92,48,4289.0,1,143083.0,2025-05-13,0.1493,850,1,13.3,0,1,299432.0,Current,0,0,,0.0,0,0,0,0,0,0,1.8702810743285447,0.1492708732119862,5.57199039432012,1,5,3,0.0943117728387976,Low Risk
TCU-02554,Gaborone Main,LO003,Agriculture Loan,67,Private Sector,11579.0,115300.0,20.51,72,2796.0,13,91814.0,2024-05-18,0.2415,723,2,0.5,0,1,260996.0,Early (1–29 days),28,1,,0.0,0,2,0,0,0,1,2.2636253252385083,0.24147162967441058,9.957682010536315,1,0,3,0.16443351042612714,Low Risk
TCU-02555,Lobatse,LO004,Education Loan,60,Self-Employed,16666.0,179600.0,15.05,12,16215.0,4,115046.0,2025-03-01,0.9729,850,1,10.1,0,1,393776.0,Late (30–89 days),40,2,,27793.0,1,0,1,0,0,0,2.1925167037861915,0.9729389175567023,10.77643105724229,2,2,4,0.7605043041796674,Critical
TCU-02556,Maun,LO003,Personal Loan,47,Government Employee,17615.0,36300.0,23.0,60,1023.0,12,27388.0,2024-06-22,0.0581,754,0,22.1,2,1,66010.0,Current,0,0,,0.0,0,1,0,0,0,0,1.818457300275482,0.058075503831961396,2.0607436843599207,3,4,1,0.2849705218230058,Medium Risk
TCU-02557,Lobatse,LO001,Business Loan,24,Farmer,3658.0,106300.0,12.93,72,2130.0,1,100684.0,2025-05-09,0.5823,703,2,2.8,0,1,89470.0,Late (30–89 days),44,2,Letter Sent,26138.0,1,2,1,1,0,0,0.8416745061147696,0.5822854018589393,29.05959540732641,2,1,0,0.7494969810901146,Critical
TCU-02558,Francistown,LO019,Agriculture Loan,66,Government Employee,10619.0,231100.0,10.78,12,20401.0,11,17070.0,2024-07-28,1.9212,655,2,4.9,0,1,450360.0,Defaulted,151,6,Legal Notice,11640.0,1,3,1,0,1,0,1.9487667676330593,1.9211790187399944,21.762877860438834,0,0,1,0.9318768285941827,Critical
TCU-02559,Selebi-Phikwe,LO008,Education Loan,59,Farmer,12884.0,61900.0,17.05,48,1788.0,4,56574.0,2025-02-03,0.1388,850,0,0.7,0,1,63225.0,Current,0,0,,0.0,0,0,0,0,0,1,1.02140549273021,0.1387767773983235,4.804408568767464,4,2,0,0.10617633653325846,Low Risk
TCU-02560,Gaborone Main,LO010,Home Loan,48,Self-Employed,28707.0,191500.0,15.62,24,9342.0,17,55003.0,2024-01-25,0.3254,850,0,1.2,0,1,373352.0,Current,0,0,,0.0,0,0,0,0,0,1,1.9496187989556135,0.3254258543212457,6.670846831783189,1,3,4,0.09332015021855083,Low Risk
TCU-02561,Gaborone Main,LO019,Education Loan,61,Student,3961.0,15900.0,17.65,12,1455.0,12,0.0,2024-03-05,0.3673,721,0,19.6,0,0,0.0,Current,0,0,,0.0,0,2,0,1,0,0,0.0,0.3673314819490028,4.014137843978793,1,2,5,0.14853301901961552,Low Risk
TCU-02562,Selebi-Phikwe,LO019,Vehicle Loan,26,Student,2372.0,30100.0,23.93,48,980.0,8,23471.0,2024-10-13,0.4132,559,0,26.1,0,0,0.0,Current,0,0,,0.0,0,4,0,1,0,0,0.0,0.4131534569983137,12.689713322091063,4,5,5,0.1327463765406019,Low Risk
TCU-02563,Lobatse,LO001,Business Loan,32,Pensioner,8237.0,173600.0,12.59,12,15472.0,4,99874.0,2025-02-23,1.8784,672,1,12.5,0,0,0.0,Late (30–89 days),51,1,,33569.0,1,2,1,0,0,0,0.0,1.878353769576302,21.07563433288819,2,1,2,0.9604451775584759,Critical
TCU-02564,Francistown,LO005,Business Loan,63,Farmer,9071.0,7300.0,22.45,36,280.0,1,6791.0,2025-05-09,0.0309,801,0,1.6,0,0,0.0,Current,0,0,,0.0,0,0,0,0,0,1,0.0,0.030867600044096572,0.8047624297210891,0,1,0,0.15825815659617243,Low Risk
TCU-02565,Maun,LO005,Home Loan,39,Government Employee,23829.0,109100.0,13.92,84,2040.0,3,93120.0,2025-03-17,0.0856,848,2,12.6,1,1,167723.0,Current,0,0,,0.0,0,0,0,0,0,0,1.5373327222731439,0.08560997104368627,4.578454823954005,3,3,1,0.2331966246287953,Medium Risk
TCU-02566,Lobatse,LO002,Personal Loan,34,Private Sector,24625.0,416900.0,18.56,36,15189.0,6,331009.0,2024-12-15,0.6168,850,2,16.8,0,0,0.0,Late (30–89 days),48,2,Called,36878.0,1,0,1,0,1,0,0.0,0.6168121827411167,16.92994923857868,2,4,3,0.6191798108359106,High Risk
TCU-02567,Maun,LO019,Vehicle Loan,45,Private Sector,18225.0,12300.0,20.66,12,1143.0,12,0.0,2024-04-26,0.0627,809,0,2.9,0,1,10866.0,Current,0,0,,0.0,0,0,0,0,0,0,0.8834146341463415,0.06271604938271605,0.6748971193415638,3,5,3,0.11800238668438393,Low Risk
TCU-02568,Lobatse,LO018,Home Loan,51,Pensioner,9225.0,194400.0,15.63,12,17604.0,12,0.0,2024-03-19,1.9083,699,0,28.7,0,1,452344.0,Late (30–89 days),35,1,,0.0,1,2,1,0,0,0,2.326872427983539,1.9082926829268292,21.073170731707318,2,3,2,0.9191511676604676,Critical
TCU-02569,Selebi-Phikwe,LO008,Personal Loan,67,Self-Employed,39635.0,96500.0,16.52,12,8779.0,10,13945.0,2024-08-08,0.2215,850,1,9.7,2,1,198505.0,Late (30–89 days),78,2,Legal Notice,2472.0,1,0,0,0,0,0,2.057046632124352,0.2214961523905639,2.4347167907152767,4,4,4,0.6990686667659071,High Risk
TCU-02570,Lobatse,LO010,Business Loan,51,Pensioner,8778.0,66500.0,17.48,84,1377.0,17,51138.0,2024-01-17,0.1569,769,3,17.9,0,0,0.0,Current,0,0,,0.0,0,1,0,0,0,0,0.0,0.15686944634313055,7.575757575757576,2,1,2,0.13284081682268634,Low Risk
TCU-02571,Gaborone Main,LO020,Home Loan,25,Self-Employed,7214.0,70500.0,11.82,48,1850.0,4,63257.0,2025-02-02,0.2564,683,2,3.6,0,1,144336.0,Current,0,0,,0.0,0,2,0,0,0,0,2.0473191489361704,0.2564457998336568,9.772664263931246,1,3,4,0.16218216640943964,Low Risk
TCU-02572,Gaborone Main,LO020,Education Loan,65,Private Sector,17730.0,385300.0,22.74,12,36199.0,12,0.0,2024-04-18,2.0417,850,1,18.3,0,1,895642.0,Defaulted,279,10,Letter Sent,0.0,1,0,1,0,1,0,2.324531533869712,2.0,21.73152848279752,1,2,3,0.9638787855599434,Critical
TCU-02573,Francistown,LO003,Business Loan,53,Farmer,12366.0,68900.0,23.46,24,3624.0,17,19213.0,2024-01-27,0.2931,732,4,29.1,0,0,0.0,Current,0,0,,0.0,0,2,0,0,0,0,0.0,0.2930616205725376,5.571728934174349,0,1,0,0.14963127786795216,Low Risk
TCU-02574,Lobatse,LO001,Personal Loan,34,Government Employee,15461.0,198200.0,23.82,60,5681.0,5,161047.0,2025-01-19,0.3674,748,1,3.4,0,1,345484.0,Current,0,0,,0.0,0,1,0,0,0,0,1.7431079717457114,0.3674406571373132,12.819351917728477,2,4,1,0.11201132926918987,Low Risk
TCU-02575,Gaborone Main,LO010,Vehicle Loan,68,Student,1638.0,29000.0,15.58,84,569.0,12,24230.0,2024-06-11,0.3474,645,0,27.3,0,0,0.0,Current,0,0,,0.0,0,3,0,1,0,0,0.0,0.34737484737484736,17.704517704517706,1,5,5,0.32505373129152326,Medium Risk
TCU-02576,Gaborone Main,LO003,Personal Loan,43,Farmer,4684.0,8800.0,16.6,72,194.0,17,6412.0,2024-01-19,0.0414,828,1,23.2,0,1,13365.0,Current,0,0,,0.0,0,0,0,1,0,0,1.51875,0.041417591801878734,1.878736122971819,1,4,0,0.13893707113231837,Low Risk
TCU-02577,Maun,LO011,Business Loan,48,Private Sector,14285.0,138800.0,19.53,84,3043.0,10,107374.0,2024-08-31,0.213,850,1,19.5,0,0,0.0,Current,0,0,,0.0,0,0,0,0,0,0,0.0,0.21302065103255163,9.716485824291215,3,1,3,0.09115694416415376,Low Risk
TCU-02578,Lobatse,LO007,Personal Loan,64,Student,4367.0,80800.0,11.0,60,1757.0,1,73973.0,2025-05-22,0.4023,668,0,24.9,0,0,0.0,Current,0,0,,0.0,0,3,0,1,0,0,0.0,0.4023356995649187,18.502404396610945,2,4,5,0.10122285945938746,Low Risk
TCU-02579,Francistown,LO001,Education Loan,56,Pensioner,4082.0,16100.0,22.95,84,387.0,3,13999.0,2025-03-06,0.0948,673,3,17.2,1,1,21202.0,Current,0,0,,0.0,0,2,0,1,0,0,1.316894409937888,0.09480646741793239,3.9441450269475746,0,2,2,0.27344032037062205,Medium Risk
TCU-02580,Selebi-Phikwe,LO018,Vehicle Loan,31,Self-Employed,5342.0,166200.0,9.22,36,5302.0,16,80464.0,2024-02-27,0.9925,762,3,22.2,0,1,187463.0,Late (30–89 days),68,1,Called,18433.0,1,1,1,0,0,0,1.127936221419976,0.9925121677274429,31.11194309247473,4,5,4,0.6245777024702405,High Risk
TCU-02581,Maun,LO017,Education Loan,55,Farmer,5252.0,53800.0,23.21,12,5067.0,4,34255.0,2025-02-26,0.9648,668,4,26.6,0,0,0.0,Late (30–89 days),75,2,Called,11419.0,1,3,1,0,0,0,0.0,0.9647753236862148,10.243716679360244,3,2,0,0.7895623342294463,Critical
TCU-02582,Lobatse,LO004,Home Loan,66,Farmer,13255.0,315900.0,15.66,60,7625.0,15,225255.0,2024-03-31,0.5753,850,0,20.9,0,0,0.0,Current,0,0,,0.0,0,0,1,0,1,0,0.0,0.5752546208977745,23.832516031686158,2,3,0,0.19576364964440376,Low Risk
TCU-02583,Lobatse,LO016,Home Loan,45,Government Employee,23844.0,141000.0,12.62,84,2536.0,15,107890.0,2024-03-23,0.1064,850,3,29.4,0,0,0.0,Current,0,0,,0.0,0,0,0,0,0,0,0.0,0.10635799362523067,5.91343734272773,2,3,1,0.1062131093624585,Low Risk
TCU-02584,Gaborone Main,LO008,Education Loan,45,Government Employee,9919.0,173200.0,9.46,36,5545.0,15,90407.0,2024-03-23,0.559,709,0,3.5,0,0,0.0,Current,0,0,,0.0,0,2,1,0,0,0,0.0,0.5590281278354673,17.461437644923883,1,2,1,0.2707969572599687,Medium Risk
TCU-02585,Francistown,LO018,Agriculture Loan,57,Student,4175.0,55600.0,8.76,48,1377.0,12,37396.0,2024-06-30,0.3298,622,0,11.1,0,0,0.0,Current,0,0,,0.0,0,3,0,1,0,0,0.0,0.3298203592814371,13.317365269461078,0,0,5,0.11210418713612928,Low Risk
TCU-02586,Gaborone Main,LO017,Agriculture Loan,36,Private Sector,19691.0,133300.0,13.1,48,3583.0,1,116491.0,2025-05-27,0.182,806,3,28.9,0,1,275999.0,Current,0,0,,0.0,0,0,0,0,0,0,2.070510127531883,0.18196130211771874,6.7695901680971,1,0,3,0.13500244835227665,Low Risk
TCU-02587,Selebi-Phikwe,LO018,Vehicle Loan,40,Pensioner,4610.0,96000.0,11.42,84,1665.0,2,87617.0,2025-04-28,0.3612,765,1,21.8,0,0,0.0,Current,0,0,,0.0,0,1,0,1,0,0,0.0,0.3611713665943601,20.824295010845987,4,5,2,0.07442114976613619,Low Risk
TCU-02588,Selebi-Phikwe,LO014,Personal Loan,39,Farmer,8584.0,110100.0,9.94,12,9676.0,10,17565.0,2024-08-08,1.1272,721,0,22.0,0,1,162543.0,Defaulted,107,5,Letter Sent,11189.0,1,2,1,0,0,0,1.4763215258855586,1.1272134203168687,12.82618825722274,4,4,0,0.8410030870117063,Critical
TCU-02589,Maun,LO012,Personal Loan,51,Pensioner,4144.0,18600.0,12.75,36,624.0,3,16670.0,2025-03-12,0.1506,728,0,28.4,0,1,19825.0,Current,0,0,,0.0,0,2,0,1,0,0,1.0658602150537635,0.15057915057915058,4.488416988416988,3,4,2,0.06435570091338606,Low Risk
TCU-02590,Francistown,LO004,Vehicle Loan,33,Government Employee,13428.0,359300.0,17.2,60,8968.0,17,231250.0,2024-01-23,0.6679,705,1,4.0,0,1,527133.0,Current,0,0,,0.0,0,2,1,0,1,0,1.4671110492624548,0.6678582067322014,26.757521596663686,0,5,1,0.15015202688613308,Low Risk
TCU-02591,Francistown,LO005,Agriculture Loan,33,Government Employee,12747.0,100700.0,20.53,24,5151.0,2,90801.0,2025-04-21,0.4041,692,1,18.5,0,1,228700.0,Current,0,0,,0.0,0,2,0,0,0,0,2.2711022840119166,0.4040950811955754,7.899898015219267,0,0,1,0.08884495033266719,Low Risk
TCU-02592,Maun,LO005,Vehicle Loan,40,Pensioner,7897.0,131800.0,17.03,12,12023.0,1,110692.0,2025-05-13,1.5225,721,1,19.2,0,0,0.0,Late (30–89 days),58,2,Letter Sent,21986.0,1,2,1,0,0,0,0.0,1.522476889958212,16.689882233759654,3,5,2,0.9321043533201552,Critical
TCU-02593,Lobatse,LO006,Home Loan,45,Government Employee,10338.0,92700.0,16.84,24,4576.0,5,63383.0,2025-01-06,0.4426,727,1,29.3,0,1,160955.0,Current,0,0,,0.0,0,2,1,0,0,0,1.736299892125135,0.4426388082801316,8.966918165989552,2,3,1,0.09798352314111057,Low Risk
TCU-02594,Maun,LO010,Education Loan,62,Government Employee,23339.0,223500.0,15.4,48,6266.0,11,161536.0,2024-07-20,0.2685,850,1,2.8,3,1,204376.0,Current,0,0,,0.0,0,0,0,0,0,0,0.9144340044742729,0.2684776554265393,9.5762457688847,3,2,1,0.2794494238737464,Medium Risk
TCU-02595,Selebi-Phikwe,LO019,Vehicle Loan,33,Farmer,14624.0,335300.0,16.34,60,8215.0,5,281452.0,2025-01-26,0.5617,757,3,28.6,0,0,0.0,Current,0,0,,0.0,0,1,1,0,1,0,0.0,0.5617478118161926,22.928063457330417,4,5,0,0.12703742738856783,Low Risk
TCU-02596,Francistown,LO005,Personal Loan,40,Farmer,7863.0,71500.0,9.94,72,1322.0,4,66085.0,2025-02-18,0.1681,666,2,10.7,0,1,165643.0,Current,0,0,,0.0,0,3,0,0,0,0,2.316685314685315,0.16812921276866336,9.09322141676205,0,4,0,0.1247099365427931,Low Risk
TCU-02597,Lobatse,LO016,Education Loan,62,Pensioner,4281.0,123400.0,18.74,48,3673.0,7,102050.0,2024-11-18,0.858,763,2,24.3,1,1,101673.0,Late (30–89 days),45,2,SMS Sent,22020.0,1,1,1,1,0,0,0.8239303079416531,0.8579771081523009,28.82504087829946,2,2,2,0.8071705740414359,Critical
TCU-02598,Maun,LO006,Business Loan,66,Self-Employed,17956.0,39900.0,23.92,36,1564.0,6,29031.0,2024-12-08,0.0871,845,1,22.2,0,1,62602.0,Current,0,0,,0.0,0,0,0,0,0,0,1.5689724310776942,0.08710180441078191,2.222098462909334,3,1,4,0.11871397075291862,Low Risk
TCU-02599,Lobatse,LO008,Business Loan,29,Farmer,3068.0,24400.0,22.2,72,616.0,13,17243.0,2024-05-07,0.2008,604,0,2.9,0,1,20842.0,Current,0,0,,0.0,0,3,0,1,0,0,0.8541803278688525,0.20078226857887874,7.953063885267275,2,1,0,0.10310707762928054,Low Risk
TCU-02600,Maun,LO012,Vehicle Loan,65,Self-Employed,28640.0,344900.0,11.86,60,7648.0,12,244005.0,2024-07-03,0.267,850,1,6.1,3,0,0.0,Defaulted,213,9,,140450.0,1,0,0,0,1,0,0.0,0.2670391061452514,12.042597765363128,3,5,4,0.7227190247999453,Critical
TCU-02601,Lobatse,LO008,Home Loan,38,Pensioner,7526.0,140800.0,14.55,60,3316.0,1,121970.0,2025-05-24,0.4406,614,3,15.6,1,1,226141.0,Late (30–89 days),33,1,Letter Sent,20107.0,1,3,1,0,0,0,1.606115056818182,0.4406058995482328,18.708477278766942,2,3,2,0.6751082203196233,High Risk
TCU-02602,Lobatse,LO009,Home Loan,47,Pensioner,7384.0,254400.0,17.83,48,7450.0,4,230751.0,2025-02-12,1.0089,674,0,9.3,0,0,0.0,Late (30–89 days),84,2,,39863.0,1,2,1,0,1,0,0.0,1.0089382448537378,34.45287107258938,2,3,2,0.8162644608910662,Critical
TCU-02603,Lobatse,LO019,Education Loan,43,Pensioner,7320.0,39700.0,20.27,48,1214.0,9,27815.0,2024-09-05,0.1658,702,2,20.8,0,0,0.0,Current,0,0,,0.0,0,2,0,0,0,0,0.0,0.16584699453551913,5.423497267759563,2,2,2,0.12725166307578437,Low Risk
TCU-02604,Lobatse,LO003,Agriculture Loan,24,Pensioner,4480.0,17900.0,20.15,36,667.0,14,10919.0,2024-04-08,0.1489,558,1,15.5,0,1,22807.0,Current,0,0,,0.0,0,4,0,1,0,0,1.2741340782122905,0.14888392857142857,3.9955357142857144,2,0,2,0.09221251082119812,Low Risk
TCU-02605,Francistown,LO008,Vehicle Loan,64,Self-Employed,4283.0,146500.0,15.51,48,4115.0,5,113076.0,2025-01-15,0.9608,744,0,28.9,0,1,188662.0,Current,0,0,,0.0,0,1,1,1,0,0,1.2877952218430033,0.9607751575998132,34.20499649778193,0,5,4,0.3698336093751912,Medium Risk
TCU-02606,Selebi-Phikwe,LO009,Education Loan,32,Farmer,6715.0,94900.0,9.7,12,8330.0,11,6889.0,2024-08-01,1.2405,693,4,16.6,0,1,117469.0,Late (30–89 days),86,2,,1096.0,1,2,1,0,0,0,1.2378187565858798,1.240506329113924,14.132539091586002,4,2,0,0.6669303948685641,High Risk
TCU-02607,Maun,LO018,Business Loan,44,Pensioner,4463.0,91600.0,20.31,60,2443.0,3,81088.0,2025-03-05,0.5474,714,3,20.6,1,1,221626.0,Current,0,0,,0.0,0,2,1,1,0,0,2.4194978165938865,0.547389648218687,20.524311001568453,3,1,2,0.2932845027269295,Medium Risk
TCU-02608,Lobatse,LO006,Agriculture Loan,34,Student,2221.0,12100.0,10.22,84,202.0,6,10338.0,2024-12-03,0.091,677,1,13.8,0,1,22429.0,Current,0,0,,0.0,0,2,0,1,0,0,1.8536363636363635,0.09095002251238181,5.44799639801891,2,0,5,0.28063750344549543,Medium Risk
TCU-02609,Maun,LO009,Agriculture Loan,63,Private Sector,25635.0,413700.0,15.77,72,8922.0,3,341120.0,2025-03-24,0.348,850,2,21.0,0,1,673085.0,Current,0,0,,0.0,0,0,0,0,1,0,1.6269881556683587,0.34803978935049734,16.138092451726155,3,0,3,0.09918515703397651,Low Risk
TCU-02610,Maun,LO020,Agriculture Loan,46,Self-Employed,32886.0,288100.0,12.84,48,7706.0,8,217438.0,2024-10-20,0.2343,850,0,3.4,0,0,0.0,Current,0,0,,0.0,0,0,0,0,1,0,0.0,0.2343246366234872,8.760566806543817,3,0,4,0.09043580107079281,Low Risk
TCU-02611,Selebi-Phikwe,LO005,Vehicle Loan,54,Student,2166.0,33600.0,13.92,84,628.0,11,26970.0,2024-07-10,0.2899,717,0,3.8,0,1,71505.0,Current,0,0,,0.0,0,2,0,1,0,0,2.128125,0.2899353647276085,15.512465373961218,4,5,5,0.07726819214518843,Low Risk
TCU-02612,Selebi-Phikwe,LO008,Vehicle Loan,57,Government Employee,24590.0,446000.0,19.57,36,16477.0,1,371292.0,2025-05-20,0.6701,850,1,24.8,0,0,0.0,Current,0,0,,0.0,0,0,1,0,1,0,0.0,0.6700691337942253,18.137454249694997,4,5,1,0.2650107675239154,Medium Risk
TCU-02613,Maun,LO008,Agriculture Loan,47,Student,3817.0,52900.0,10.72,60,1143.0,6,46097.0,2024-12-07,0.2994,747,3,26.5,3,1,104054.0,Late (30–89 days),85,1,SMS Sent,6670.0,1,1,0,1,0,0,1.9669943289224954,0.2994498297091957,13.859051611212994,3,0,5,0.6982642034483847,High Risk
TCU-02614,Francistown,LO006,Personal Loan,44,Private Sector,19003.0,280800.0,14.44,84,5331.0,16,211259.0,2024-02-20,0.2805,850,1,9.1,0,0,0.0,Current,0,0,,0.0,0,0,0,0,1,0,0.0,0.2805346524233016,14.776614218807557,0,4,3,0.078573779959398,Low Risk
TCU-02615,Lobatse,LO006,Home Loan,40,Farmer,12706.0,449000.0,18.01,12,41166.0,12,0.0,2024-05-04,3.2399,769,0,10.1,1,1,839764.0,Late (30–89 days),57,1,Called,0.0,1,1,1,0,1,0,1.8702984409799555,2.0,35.33763576263183,2,3,0,0.923512592410964,Critical
TCU-02616,Gaborone Main,LO008,Home Loan,29,Farmer,3638.0,120900.0,13.77,48,3290.0,11,80985.0,2024-07-23,0.9043,667,1,25.1,0,0,0.0,Late (30–89 days),88,2,,26622.0,1,3,1,1,0,0,0.0,0.9043430456294668,33.232545354590435,1,3,0,0.8313028362873536,Critical
TCU-02617,Maun,LO011,Vehicle Loan,49,Pensioner,9384.0,103300.0,15.74,84,2036.0,9,84094.0,2024-09-17,0.217,766,0,15.4,0,1,241391.0,Current,0,0,,0.0,0,1,0,0,0,0,2.3367957405614717,0.21696504688832055,11.008098891730604,3,5,2,0.07137754441603775,Low Risk
TCU-02618,Francistown,LO015,Education Loan,50,Self-Employed,13764.0,13500.0,15.86,60,327.0,12,9489.0,2024-07-01,0.0238,769,0,10.1,1,0,0.0,Current,0,0,,0.0,0,1,0,0,0,0,0.0,0.023757628596338273,0.980819529206626,0,2,4,0.1632658024189383,Low Risk
TCU-02619,Francistown,LO007,Agriculture Loan,32,Student,2324.0,10800.0,12.78,48,289.0,1,9631.0,2025-05-20,0.1244,422,4,13.4,0,0,0.0,Defaulted,269,12,SMS Sent,4226.0,1,4,0,1,0,0,0.0,0.12435456110154905,4.647160068846816,0,0,5,0.5405839990070187,High Risk
TCU-02620,Francistown,LO009,Vehicle Loan,55,Farmer,10301.0,49600.0,23.3,36,1928.0,15,25831.0,2024-03-28,0.1872,822,0,29.1,0,1,117162.0,Current,0,0,,0.0,0,0,0,0,0,0,2.3621370967741937,0.18716629453451122,4.815066498398214,0,5,0,0.07777976712066752,Low Risk
TCU-02621,Maun,LO017,Personal Loan,44,Student,3770.0,45200.0,20.47,48,1387.0,7,33388.0,2024-12-02,0.3679,670,3,7.1,1,1,50958.0,Defaulted,365,7,Home Visit,17481.0,1,2,0,1,0,0,1.1273893805309734,0.3679045092838196,11.989389920424403,3,4,5,0.6436481266625195,High Risk
TCU-02622,Maun,LO001,Personal Loan,56,Student,3837.0,16200.0,16.35,72,355.0,8,14082.0,2024-11-01,0.0925,679,1,9.6,0,1,24057.0,Early (1–29 days),16,1,,0.0,0,2,0,1,0,0,1.485,0.09252019807140996,4.222048475371384,3,4,5,0.1195505587764159,Low Risk
TCU-02623,Francistown,LO016,Agriculture Loan,50,Private Sector,6912.0,37400.0,14.73,36,1292.0,8,28172.0,2024-10-28,0.1869,757,0,17.5,0,1,39825.0,Current,0,0,,0.0,0,1,0,0,0,0,1.0648395721925135,0.1869212962962963,5.41087962962963,0,0,3,0.06645039982294115,Low Risk
TCU-02624,Lobatse,LO020,Agriculture Loan,42,Farmer,10370.0,88100.0,13.16,60,2012.0,3,78877.0,2025-03-20,0.194,682,0,18.5,0,1,196405.0,Current,0,0,,0.0,0,2,0,0,0,0,2.2293416572077187,0.1940212150433944,8.495660559305689,2,0,0,0.1266263780315611,Low Risk
TCU-02625,Francistown,LO003,Agriculture Loan,57,Pensioner,4104.0,62900.0,13.22,36,2126.0,10,38766.0,2024-08-31,0.518,668,0,11.6,0,1,142799.0,Current,0,0,,0.0,0,3,1,1,0,0,2.2702543720190778,0.5180311890838206,15.326510721247564,0,0,2,0.1359790227849173,Low Risk
TCU-02626,Lobatse,LO013,Personal Loan,59,Government Employee,19208.0,181300.0,15.2,36,6303.0,7,138590.0,2024-11-20,0.3281,850,2,28.8,2,0,0.0,Late (30–89 days),81,1,Letter Sent,25581.0,1,0,0,0,0,0,0.0,0.32814452311536857,9.438775510204081,2,4,1,0.6384013293745321,High Risk
TCU-02627,Gaborone Main,LO001,Business Loan,55,Private Sector,25194.0,34200.0,19.39,60,895.0,2,29927.0,2025-04-16,0.0355,813,0,9.1,0,0,0.0,Current,0,0,,0.0,0,0,0,0,0,0,0.0,0.03552433118996586,1.3574660633484164,1,1,3,0.08210792361361921,Low Risk
TCU-02628,Lobatse,LO008,Personal Loan,40,Pensioner,9362.0,355700.0,15.33,24,17303.0,2,318510.0,2025-04-08,1.8482,623,2,13.6,1,1,584910.0,Late (30–89 days),42,1,Legal Notice,106681.0,1,3,1,0,1,0,1.6443913410177116,1.848216193121128,37.994018372142705,2,4,2,0.8635811239029657,Critical
TCU-02629,Gaborone Main,LO013,Agriculture Loan,27,Pensioner,6843.0,151600.0,18.81,12,13957.0,12,0.0,2024-01-07,2.0396,697,3,26.2,0,1,203582.0,Late (30–89 days),60,1,,0.0,1,2,1,0,0,0,1.3428891820580475,2.0,22.15402601198305,1,0,2,0.9401073681081357,Critical
TCU-02630,Gaborone Main,LO002,Personal Loan,55,Government Employee,20778.0,49700.0,12.2,84,883.0,12,40820.0,2024-06-21,0.0425,850,0,16.7,0,0,0.0,Current,0,0,,0.0,0,0,0,0,0,0,0.0,0.04249687169121186,2.3919530272403504,1,4,1,0.0807959519102701,Low Risk
TCU-02631,Francistown,LO004,Home Loan,63,Pensioner,7963.0,187100.0,9.71,24,8609.0,2,165536.0,2025-04-22,1.0811,805,0,13.7,0,1,269725.0,Current,0,0,,0.0,0,0,1,0,0,0,1.4416087653661145,1.0811252040688182,23.496169785256814,0,3,2,0.5117798242694159,High Risk
TCU-02632,Lobatse,LO019,Personal Loan,41,Farmer,7480.0,152300.0,21.34,24,7851.0,4,125851.0,2025-02-10,1.0496,695,1,13.6,0,1,380169.0,Late (30–89 days),62,2,,35935.0,1,2,1,0,0,0,2.4961851608667103,1.0495989304812834,20.36096256684492,2,4,0,0.7446323215512684,Critical
TCU-02633,Francistown,LO020,Personal Loan,29,Pensioner,9194.0,86600.0,16.59,24,4265.0,5,61849.0,2025-01-19,0.4639,754,1,23.5,0,0,0.0,Current,0,0,,0.0,0,1,1,0,0,0,0.0,0.463889493147705,9.419186425929954,0,4,2,0.14810898760864702,Low Risk
TCU-02634,Selebi-Phikwe,LO019,Education Loan,59,Government Employee,22829.0,489200.0,21.97,72,12283.0,17,355481.0,2024-01-28,0.538,850,1,19.2,0,1,770547.0,Current,0,0,,0.0,0,0,1,0,1,0,1.5751165167620604,0.538043716325726,21.42888431381138,4,2,1,0.10592241578204833,Low Risk
TCU-02635,Lobatse,LO015,Vehicle Loan,49,Self-Employed,27890.0,454800.0,15.69,48,12817.0,1,392817.0,2025-05-08,0.4596,850,1,1.7,0,1,993937.0,Current,0,0,,0.0,0,0,1,0,1,1,2.185437554969217,0.4595553961993546,16.306920043026174,2,5,4,0.11129326087658635,Low Risk
TCU-02636,Francistown,LO019,Business Loan,52,Private Sector,12697.0,347100.0,22.86,72,8899.0,12,264693.0,2024-06-28,0.7009,693,1,12.4,0,1,422769.0,Current,0,0,,0.0,0,2,1,0,1,0,1.2180034572169403,0.7008742222572261,27.337166259746397,0,1,3,0.15312343046388624,Low Risk
TCU-02637,Maun,LO005,Personal Loan,47,Government Employee,24542.0,469700.0,10.6,24,21805.0,10,233018.0,2024-08-11,0.8885,842,1,17.7,1,1,1084231.0,Current,0,0,,0.0,0,0,1,0,1,0,2.3083478816265703,0.8884768967484312,19.138619509412436,3,4,1,0.549296380412737,High Risk
TCU-02638,Maun,LO011,Vehicle Loan,32,Pensioner,6390.0,18600.0,16.6,24,916.0,1,17328.0,2025-05-25,0.1433,777,0,18.2,0,1,36855.0,Current,0,0,,0.0,0,1,0,0,0,0,1.9814516129032258,0.1433489827856025,2.9107981220657275,3,5,2,0.08228525360553292,Low Risk
TCU-02639,Gaborone Main,LO012,Agriculture Loan,34,Student,2487.0,32600.0,9.72,84,536.0,1,28879.0,2025-05-18,0.2155,651,1,26.7,0,1,32955.0,Current,0,0,,0.0,0,3,0,1,0,0,1.0108895705521472,0.21552070767993567,13.108162444712505,1,0,5,0.1309699729374409,Low Risk
TCU-02640,Maun,LO019,Vehicle Loan,61,Pensioner,5438.0,42300.0,20.71,72,1031.0,16,32752.0,2024-02-18,0.1896,728,0,12.8,0,0,0.0,Current,0,0,,0.0,0,2,0,0,0,0,0.0,0.18959176167708716,7.778595071717543,3,5,2,0.07069926236827948,Low Risk
TCU-02641,Lobatse,LO020,Vehicle Loan,39,Government Employee,10787.0,26700.0,22.3,24,1389.0,13,11957.0,2024-05-26,0.1288,660,1,2.3,0,0,0.0,Current,0,0,,0.0,0,3,0,0,0,0,0.0,0.12876610735144156,2.4752016315935848,2,5,1,0.1242201557894131,Low Risk
TCU-02642,Lobatse,LO019,Education Loan,39,Self-Employed,9713.0,206400.0,9.72,60,4357.0,17,129057.0,2024-01-23,0.4486,815,0,3.6,0,0,0.0,Late (30–89 days),88,2,,25321.0,1,0,1,0,0,0,0.0,0.44857407598064447,21.24987130649645,2,2,4,0.5762912361317393,High Risk
TCU-02643,Francistown,LO010,Personal Loan,27,Farmer,14259.0,297400.0,22.62,36,11453.0,4,257829.0,2025-02-21,0.8032,723,0,29.6,2,0,0.0,Late (30–89 days),67,1,Letter Sent,52535.0,1,2,1,0,1,0,0.0,0.8032120064520654,20.857002594852375,0,4,0,0.4915063277426792,High Risk
TCU-02644,Maun,LO014,Vehicle Loan,61,Government Employee,11288.0,161900.0,12.11,48,4272.0,7,128104.0,2024-11-11,0.3785,832,0,2.1,2,1,219128.0,Current,0,0,,0.0,0,0,0,0,0,0,1.3534774552192712,0.3784549964564139,14.342664776754075,3,5,1,0.18823779484923459,Low Risk
TCU-02645,Gaborone Main,LO014,Home Loan,26,Pensioner,5386.0,7200.0,14.59,48,199.0,3,6592.0,2025-03-13,0.0369,598,1,18.9,1,1,6550.0,Current,0,0,,0.0,0,3,0,0,0,0,0.9097222222222222,0.03694764203490531,1.3367991088005942,1,3,2,0.1796675015419381,Low Risk
TCU-02646,Selebi-Phikwe,LO009,Education Loan,39,Pensioner,4389.0,43300.0,22.72,60,1214.0,17,29489.0,2024-01-18,0.2766,613,0,10.9,1,0,0.0,Current,0,0,,0.0,0,3,0,1,0,0,0.0,0.27660059239006607,9.86557302346776,4,2,2,0.14654882550317555,Low Risk
TCU-02647,Francistown,LO020,Agriculture Loan,35,Pensioner,5545.0,80600.0,20.58,24,4125.0,13,36485.0,2024-05-28,0.7439,695,1,17.7,1,1,195140.0,Current,0,0,,0.0,0,2,1,0,0,0,2.4210918114143922,0.7439134355275022,14.535617673579802,0,0,2,0.15419571760268166,Low Risk
TCU-02648,Selebi-Phikwe,LO001,Agriculture Loan,55,Self-Employed,25960.0,323800.0,18.53,36,11792.0,16,177995.0,2024-02-19,0.4542,850,0,11.8,0,0,0.0,Current,0,0,,0.0,0,0,1,0,1,0,0.0,0.4542372881355932,12.473035439137133,4,0,4,0.11781436281511493,Low Risk
TCU-02649,Maun,LO019,Business Loan,47,Private Sector,9218.0,109400.0,20.08,12,10138.0,12,0.0,2024-04-23,1.0998,795,2,29.4,1,1,230595.0,Late (30–89 days),86,1,Called,0.0,1,1,1,0,0,0,2.107815356489945,1.099804729876329,11.868084183119983,3,1,3,0.528209537722917,High Risk
TCU-02650,Lobatse,LO007,Agriculture Loan,56,Government Employee,18584.0,51100.0,16.16,12,4640.0,1,42978.0,2025-05-20,0.2497,791,0,21.6,0,1,111222.0,Current,0,0,,0.0,0,1,0,0,0,0,2.176555772994129,0.2496771416272062,2.749677141627206,2,0,1,0.09723415179471802,Low Risk
TCU-02651,Francistown,LO011,Education Loan,31,Private Sector,8949.0,127200.0,9.78,36,4091.0,9,86130.0,2024-09-10,0.4571,757,3,21.7,1,0,0.0,Current,0,0,,0.0,0,1,1,0,0,0,0.0,0.45714604983797075,14.213878645658733,0,2,3,0.4419420142575894,Medium Risk
TCU-02652,Gaborone Main,LO019,Home Loan,67,Student,1862.0,51900.0,9.9,84,859.0,3,46673.0,2025-03-15,0.4613,795,1,18.5,0,1,52865.0,Current,0,0,,0.0,0,1,1,1,0,0,1.0185934489402697,0.46133190118152523,27.87325456498389,1,3,5,0.17541950301721587,Low Risk
TCU-02653,Francistown,LO013,Business Loan,28,Farmer,10175.0,67000.0,21.73,36,2549.0,3,60294.0,2025-03-25,0.2505,773,0,4.6,0,1,102896.0,Current,0,0,,0.0,0,1,0,0,0,0,1.5357611940298508,0.2505159705159705,6.584766584766585,0,1,0,0.13928001372311544,Low Risk
TCU-02654,Gaborone Main,LO006,Home Loan,47,Pensioner,5508.0,124200.0,22.97,84,2984.0,1,121643.0,2025-05-11,0.5418,779,1,14.6,0,1,197666.0,Current,0,0,,0.0,0,1,1,0,0,0,1.5915136876006442,0.541757443718228,22.54901960784314,1,3,2,0.1084909162509895,Low Risk
TCU-02655,Gaborone Main,LO001,Home Loan,39,Self-Employed,20497.0,343200.0,14.49,36,11812.0,12,220414.0,2024-07-05,0.5763,850,1,8.4,1,0,0.0,Late (30–89 days),53,1,Legal Notice,53823.0,1,0,1,0,1,0,0.0,0.5762794555300775,16.743913743474653,1,3,4,0.7760907621663268,Critical
TCU-02656,Gaborone Main,LO018,Agriculture Loan,45,Self-Employed,29105.0,162500.0,21.04,48,5035.0,13,113460.0,2024-05-19,0.173,850,2,22.4,0,1,248217.0,Early (1–29 days),23,1,,0.0,0,0,0,0,0,0,1.5274892307692307,0.17299433087098437,5.583233121456795,1,0,4,0.13330190608094517,Low Risk
TCU-02657,Francistown,LO001,Home Loan,49,Private Sector,10685.0,201700.0,10.44,60,4329.0,8,162953.0,2024-10-19,0.4051,712,0,29.0,0,1,478756.0,Current,0,0,,0.0,0,2,0,0,0,0,2.373604362915221,0.40514740290126344,18.876930276087975,0,3,3,0.06278415431181333,Low Risk
TCU-02658,Selebi-Phikwe,LO018,Business Loan,22,Self-Employed,30213.0,282000.0,9.23,24,12913.0,17,78852.0,2024-01-22,0.4274,850,1,25.7,0,1,313066.0,Current,0,0,,0.0,0,0,0,0,1,0,1.1101631205673759,0.42739880184026746,9.333730513355178,4,1,4,0.12046187733695016,Low Risk
TCU-02659,Gaborone Main,LO001,Agriculture Loan,33,Student,3962.0,102600.0,11.53,36,3385.0,9,71076.0,2024-09-22,0.8544,678,0,26.0,0,0,0.0,Late (30–89 days),50,1,,7512.0,1,2,1,1,0,0,0.0,0.8543664815749621,25.896012115093388,1,0,5,0.6960500468287522,High Risk
TCU-02660,Selebi-Phikwe,LO020,Education Loan,32,Private Sector,28188.0,175300.0,15.69,84,3451.0,9,140857.0,2024-09-10,0.1224,850,1,24.4,0,0,0.0,Current,0,0,,0.0,0,0,0,0,0,0,0.0,0.12242798353909465,6.218958422023556,4,2,3,0.08068622529611698,Low Risk
TCU-02661,Gaborone Main,LO018,Personal Loan,32,Self-Employed,34804.0,322700.0,8.69,48,7983.0,14,211118.0,2024-04-16,0.2294,850,0,10.2,0,1,537992.0,Current,0,0,,0.0,0,0,0,0,1,0,1.6671583514099784,0.22937018733478912,9.271922767497989,1,4,4,0.06321302991003247,Low Risk
TCU-02662,Gaborone Main,LO018,Home Loan,58,Private Sector,8810.0,172300.0,10.67,84,2920.0,4,162037.0,2025-03-02,0.3314,741,4,1.1,0,0,0.0,Current,0,0,,0.0,0,1,0,0,0,1,0.0,0.3314415437003405,19.557321225879683,1,3,3,0.14311126166014898,Low Risk
TCU-02663,Selebi-Phikwe,LO004,Home Loan,29,Government Employee,24871.0,121200.0,13.08,60,2763.0,1,105738.0,2025-05-15,0.1111,850,1,20.1,0,1,162087.0,Current,0,0,,0.0,0,0,0,0,0,0,1.3373514851485149,0.11109324112420088,4.873145430420972,4,3,1,0.09872364651029863,Low Risk
TCU-02664,Francistown,LO005,Education Loan,35,Self-Employed,37525.0,272800.0,18.74,72,6337.0,1,231662.0,2025-05-17,0.1689,850,0,28.2,0,1,599759.0,Current,0,0,,0.0,0,0,0,0,1,0,2.1985300586510266,0.1688740839440373,7.269820119920054,0,2,4,0.05591142443950831,Low Risk
TCU-02665,Lobatse,LO011,Vehicle Loan,65,Pensioner,4490.0,67800.0,21.98,48,2135.0,16,38721.0,2024-02-22,0.4755,811,0,19.5,1,1,96483.0,Current,0,0,,0.0,0,0,1,1,0,0,1.4230530973451327,0.4755011135857461,15.10022271714922,2,5,2,0.24224740156469443,Medium Risk
TCU-02666,Gaborone Main,LO016,Business Loan,61,Private Sector,10848.0,48800.0,18.29,36,1771.0,7,36558.0,2024-11-24,0.1633,778,2,16.5,3,1,106904.0,Defaulted,229,6,SMS Sent,23539.0,1,1,0,0,0,0,2.190655737704918,0.16325589970501475,4.498525073746313,1,1,3,0.5985222065884259,High Risk
TCU-02667,Gaborone Main,LO011,Home Loan,46,Government Employee,10478.0,58400.0,21.58,72,1453.0,1,54312.0,2025-05-27,0.1387,728,2,3.9,0,0,0.0,Current,0,0,,0.0,0,2,0,0,0,0,0.0,0.1386715021950754,5.5735827447986255,1,3,1,0.2366699750748653,Medium Risk
TCU-02668,Selebi-Phikwe,LO013,Vehicle Loan,35,Private Sector,13331.0,52400.0,11.88,48,1377.0,9,36337.0,2024-09-27,0.1033,798,2,0.5,0,1,121253.0,Late (30–89 days),56,1,Called,8678.0,1,1,0,0,0,1,2.313988549618321,0.10329307628835047,3.930687870377316,4,5,3,0.5011059188491733,High Risk
TCU-02669,Francistown,LO006,Vehicle Loan,39,Self-Employed,16504.0,327600.0,21.26,36,12386.0,15,181527.0,2024-03-23,0.7505,730,0,17.6,0,0,0.0,Late (30–89 days),58,1,Called,33871.0,1,2,1,0,1,0,0.0,0.7504847309743092,19.84973339796413,0,5,4,0.5757252305058741,High Risk
TCU-02670,Lobatse,LO002,Agriculture Loan,47,Pensioner,9389.0,124800.0,12.48,60,2806.0,11,87070.0,2024-07-28,0.2989,688,4,18.7,0,1,286209.0,Late (30–89 days),67,2,Legal Notice,17430.0,1,2,0,0,0,0,2.2933413461538463,0.2988603685163489,13.292150388752797,2,0,2,0.1747209139444153,Low Risk
TCU-02671,Lobatse,LO007,Business Loan,27,Pensioner,9607.0,91400.0,14.66,60,2158.0,12,66422.0,2024-06-21,0.2246,697,3,21.1,1,1,73573.0,Early (1–29 days),14,1,,0.0,0,2,0,0,0,0,0.8049562363238512,0.22462787550744248,9.513896117414385,2,1,2,0.2487476426679468,Medium Risk
TCU-02672,Lobatse,LO004,Personal Loan,39,Government Employee,14384.0,134300.0,15.34,48,3761.0,5,104032.0,2025-01-13,0.2615,785,2,29.8,0,0,0.0,Current,0,0,,0.0,0,1,0,0,0,0,0.0,0.26147107897664074,9.336763070077865,2,4,1,0.08042390829796844,Low Risk
TCU-02673,Lobatse,LO009,Home Loan,53,Self-Employed,28861.0,101900.0,11.42,60,2237.0,5,91555.0,2025-01-08,0.0775,850,2,8.1,0,1,240660.0,Current,0,0,,0.0,0,0,0,0,0,0,2.3617271835132483,0.07750944180728318,3.5307161914001592,2,3,4,0.11260303423546182,Low Risk
TCU-02674,Lobatse,LO017,Agriculture Loan,48,Pensioner,4745.0,126800.0,18.27,60,3239.0,5,116116.0,2025-01-19,0.6826,640,2,20.3,0,1,201536.0,Current,0,0,,0.0,0,3,1,1,0,0,1.5894006309148265,0.682613277133825,26.72286617492097,2,0,2,0.20597001618925825,Medium Risk
TCU-02675,Selebi-Phikwe,LO014,Business Loan,55,Government Employee,12243.0,155000.0,22.73,60,4346.0,14,102521.0,2024-04-26,0.355,781,1,5.4,0,1,356590.0,Current,0,0,,0.0,0,1,0,0,0,0,2.3005806451612902,0.354978354978355,12.660295679163603,4,1,1,0.11280771144712935,Low Risk
TCU-02676,Maun,LO005,Home Loan,54,Self-Employed,18005.0,349900.0,23.55,12,33010.0,9,85767.0,2024-09-17,1.8334,730,3,24.2,0,1,524570.0,Late (30–89 days),46,2,Legal Notice,27328.0,1,2,1,0,1,0,1.4991997713632466,1.8333796167731187,19.433490697028603,3,3,4,0.9519039618138848,Critical
TCU-02677,Lobatse,LO012,Personal Loan,41,Farmer,10141.0,85300.0,22.48,12,8003.0,12,0.0,2024-03-09,0.7892,714,1,17.8,0,1,161753.0,Current,0,0,,0.0,0,2,1,0,0,0,1.8962837045720984,0.7891726654176117,8.411399270288927,2,4,0,0.2077083441272398,Medium Risk
TCU-02678,Gaborone Main,LO014,Home Loan,45,Private Sector,11908.0,309400.0,21.16,84,7088.0,10,264151.0,2024-08-10,0.5952,725,4,23.9,0,1,459858.0,Current,0,0,,0.0,0,2,1,0,1,0,1.486289592760181,0.5952300974135035,25.982532751091703,1,3,3,0.10128205710761427,Low Risk
TCU-02679,Maun,LO006,Personal Loan,38,Student,4886.0,85400.0,20.38,48,2616.0,1,71191.0,2025-05-20,0.5354,729,1,3.5,0,1,76797.0,Current,0,0,,0.0,0,2,1,1,0,0,0.8992622950819672,0.5354072861236185,17.478510028653297,3,4,5,0.2112202158390181,Medium Risk
TCU-02680,Lobatse,LO014,Agriculture Loan,42,Government Employee,16697.0,286600.0,23.87,48,9323.0,14,195822.0,2024-05-02,0.5584,780,1,5.6,1,0,0.0,Late (30–89 days),56,1,,23737.0,1,1,1,0,1,0,0.0,0.558363777924178,17.164760136551475,2,0,1,0.7220116702789967,Critical
TCU-02681,Selebi-Phikwe,LO011,Home Loan,50,Private Sector,18118.0,106000.0,20.79,48,3270.0,14,65960.0,2024-04-10,0.1805,811,0,13.8,1,1,205807.0,Current,0,0,,0.0,0,0,0,0,0,0,1.9415754716981133,0.18048349707473232,5.850535379180925,4,3,3,0.14675449107790783,Low Risk
TCU-02682,Francistown,LO002,Personal Loan,34,Student,2081.0,62800.0,9.17,84,1016.0,4,55064.0,2025-02-12,0.4882,606,0,23.5,0,0,0.0,Current,0,0,,0.0,0,3,1,1,0,0,0.0,0.48822681403171553,30.177799135031236,0,4,5,0.33686600560796415,Medium Risk
TCU-02683,Maun,LO013,Home Loan,29,Government Employee,19850.0,336900.0,11.25,84,5813.0,2,296294.0,2025-04-16,0.2928,772,0,28.0,1,1,434288.0,Current,0,0,,0.0,0,1,0,0,1,0,1.2890709409320273,0.2928463476070529,16.97229219143577,3,3,1,0.102612128874863,Low Risk
TCU-02684,Maun,LO012,Education Loan,59,Farmer,8602.0,50200.0,18.57,24,2520.0,16,14744.0,2024-02-18,0.293,664,0,3.3,1,0,0.0,Late (30–89 days),30,1,SMS Sent,3361.0,1,3,0,0,0,0,0.0,0.2929551267147175,5.83585212741223,3,2,0,0.2099953993522568,Medium Risk
TCU-02685,Maun,LO016,Home Loan,66,Self-Employed,38880.0,48400.0,10.57,84,818.0,5,39377.0,2025-01-11,0.021,850,4,20.9,0,0,0.0,Early (1–29 days),29,1,,0.0,0,0,0,0,0,0,0.0,0.021039094650205762,1.2448559670781894,3,3,4,0.11970281659817525,Low Risk
TCU-02686,Maun,LO012,Vehicle Loan,41,Self-Employed,36238.0,464300.0,20.21,48,14181.0,13,305230.0,2024-06-03,0.3913,850,1,25.1,0,1,479052.0,Current,0,0,,0.0,0,0,0,0,1,0,1.0317725608442818,0.3913295435730449,12.81251724708869,3,5,4,0.05498477716857783,Low Risk
TCU-02687,Maun,LO004,Agriculture Loan,52,Student,4928.0,55600.0,23.68,84,1361.0,12,41997.0,2024-06-25,0.2762,849,0,29.4,0,0,0.0,Current,0,0,,0.0,0,0,0,1,0,0,0.0,0.27617694805194803,11.282467532467532,3,0,5,0.08785044865028596,Low Risk
TCU-02688,Francistown,LO012,Personal Loan,36,Private Sector,25466.0,228600.0,20.03,12,21180.0,12,0.0,2024-03-08,0.8317,850,0,29.7,0,0,0.0,Defaulted,198,3,Home Visit,0.0,1,0,1,0,1,0,0.0,0.8316971648472473,8.976674782062357,0,4,3,0.7014680495547022,Critical
TCU-02689,Maun,LO005,Personal Loan,49,Student,3720.0,111700.0,19.78,12,10336.0,1,101166.0,2025-05-25,2.7785,752,0,1.7,0,0,0.0,Defaulted,224,9,Letter Sent,42099.0,1,1,1,1,0,1,0.0,2.0,30.026881720430108,3,4,5,0.9481950929297398,Critical
TCU-02690,Gaborone Main,LO010,Education Loan,33,Student,2691.0,32100.0,21.07,72,789.0,6,25404.0,2024-12-20,0.2932,545,0,25.3,0,1,60218.0,Current,0,0,,0.0,0,4,0,1,0,0,1.8759501557632399,0.2931995540691193,11.928651059085842,1,2,5,0.09845245195865307,Low Risk
TCU-02691,Francistown,LO020,Personal Loan,36,Pensioner,4999.0,40700.0,12.65,60,919.0,17,26944.0,2024-01-23,0.1838,759,2,13.4,0,0,0.0,Current,0,0,,0.0,0,1,0,1,0,0,0.0,0.18383676735347068,8.141628325665133,0,4,2,0.13444070633338778,Low Risk
TCU-02692,Lobatse,LO019,Personal Loan,60,Private Sector,12151.0,22800.0,22.04,84,535.0,8,18594.0,2024-10-29,0.044,796,0,13.9,0,0,0.0,Early (1–29 days),2,1,,0.0,0,1,0,0,0,0,0.0,0.0440292980001646,1.8763887745864538,2,4,3,0.0872151187793399,Low Risk
TCU-02693,Maun,LO015,Education Loan,68,Pensioner,8084.0,25100.0,11.03,72,478.0,9,20905.0,2024-09-29,0.0591,701,0,23.8,0,1,33042.0,Current,0,0,,0.0,0,2,0,0,0,0,1.316414342629482,0.05912914398812469,3.1048985650667986,3,2,2,0.08205965169619849,Low Risk
TCU-02694,Maun,LO003,Agriculture Loan,41,Self-Employed,13449.0,83600.0,10.68,72,1578.0,15,58804.0,2024-04-05,0.1173,692,0,2.1,0,1,149215.0,Current,0,0,,0.0,0,2,0,0,0,0,1.7848684210526315,0.11733214365380326,6.21607554465016,3,0,4,0.1529612599069397,Low Risk
TCU-02695,Selebi-Phikwe,LO004,Business Loan,47,Self-Employed,11616.0,129400.0,14.19,72,2680.0,13,104387.0,2024-05-30,0.2307,749,2,13.5,1,1,194428.0,Current,0,0,,0.0,0,1,0,0,0,0,1.502534775888717,0.23071625344352617,11.139807162534435,4,1,4,0.31228974032455725,Medium Risk
TCU-02696,Selebi-Phikwe,LO018,Personal Loan,25,Pensioner,5447.0,135700.0,12.46,60,3050.0,4,110712.0,2025-02-08,0.5599,557,2,10.6,2,1,135263.0,Current,0,0,,0.0,0,4,1,0,0,0,0.9967796610169491,0.559941252065357,24.91279603451441,4,4,2,0.34337488957178913,Medium Risk
TCU-02697,Lobatse,LO006,Education Loan,59,Private Sector,28436.0,46500.0,21.53,24,2402.0,7,28062.0,2024-11-24,0.0845,850,1,28.2,0,1,68125.0,Current,0,0,,0.0,0,0,0,0,0,0,1.4650537634408602,0.08447038964692644,1.6352510901673933,2,2,3,0.0659132530609103,Low Risk
TCU-02698,Selebi-Phikwe,LO017,Home Loan,48,Private Sector,15487.0,206500.0,9.61,72,3785.0,4,192862.0,2025-02-06,0.2444,850,1,26.3,0,1,342620.0,Current,0,0,,0.0,0,0,0,0,0,0,1.659176755447942,0.2443985277975076,13.333763801898366,4,3,3,0.0812173272670673,Low Risk
TCU-02699,Maun,LO003,Agriculture Loan,45,Farmer,13151.0,173700.0,13.82,72,3562.0,17,114171.0,2024-02-05,0.2709,771,0,8.2,0,1,139935.0,Early (1–29 days),20,1,,0.0,0,1,0,0,0,0,0.8056131260794474,0.270853927457988,13.208121055433047,3,0,0,0.08281160466442797,Low Risk
TCU-02700,Lobatse,LO010,Education Loan,65,Pensioner,4601.0,66500.0,23.37,60,1889.0,9,48520.0,2024-09-07,0.4106,831,1,18.7,0,0,0.0,Current,0,0,,0.0,0,0,0,1,0,0,0.0,0.4105629211041078,14.453379700065204,2,2,2,0.13710123860007553,Low Risk
TCU-02701,Francistown,LO010,Personal Loan,67,Government Employee,21760.0,458200.0,17.68,12,41938.0,4,299546.0,2025-02-17,1.9273,850,1,11.7,0,1,899105.0,Defaulted,93,12,,247207.0,1,0,1,0,1,0,1.9622544740288084,1.927297794117647,21.05698529411765,0,4,1,0.8934469362744366,Critical
TCU-02702,Francistown,LO011,Agriculture Loan,52,Farmer,13228.0,181100.0,14.16,84,3410.0,6,157853.0,2024-12-24,0.2578,850,2,4.7,0,1,203037.0,Current,0,0,,0.0,0,0,0,0,0,0,1.121131971286582,0.2577865134563048,13.690656183852434,0,0,0,0.15372285109122605,Low Risk
TCU-02703,Maun,LO013,Vehicle Loan,34,Farmer,9978.0,125100.0,18.34,48,3697.0,8,93155.0,2024-11-01,0.3705,730,1,5.9,0,0,0.0,Current,0,0,,0.0,0,2,0,0,0,0,0.0,0.37051513329324515,12.537582681900181,3,5,0,0.0800667477331435,Low Risk
TCU-02704,Francistown,LO001,Home Loan,66,Farmer,7500.0,61900.0,14.65,72,1297.0,7,54870.0,2024-11-28,0.1729,787,0,0.5,0,0,0.0,Current,0,0,,0.0,0,1,0,0,0,1,0.0,0.17293333333333333,8.253333333333334,0,3,0,0.08581989545735286,Low Risk
TCU-02705,Selebi-Phikwe,LO002,Vehicle Loan,55,Private Sector,9815.0,236800.0,20.62,60,6356.0,11,192251.0,2024-07-23,0.6476,670,2,19.2,0,0,0.0,Current,0,0,,0.0,0,2,1,0,1,0,0.0,0.6475802343352012,24.12633723892002,4,5,3,0.3348853908762292,Medium Risk
TCU-02706,Gaborone Main,LO013,Agriculture Loan,22,Government Employee,19533.0,445200.0,19.72,60,11726.0,6,357713.0,2024-12-18,0.6003,744,0,6.3,0,0,0.0,Current,0,0,,0.0,0,1,1,0,1,0,0.0,0.6003174115599242,22.79219781907541,1,0,1,0.1943274263329972,Low Risk
TCU-02707,Francistown,LO015,Personal Loan,28,Farmer,8526.0,139100.0,19.43,12,12848.0,12,0.0,2024-02-16,1.5069,637,3,2.1,0,1,297255.0,Late (30–89 days),69,1,Home Visit,0.0,1,3,1,0,0,0,2.1369877785765636,1.5069200093830635,16.314801782782077,0,4,0,0.8816314853558689,Critical
TCU-02708,Lobatse,LO017,Personal Loan,52,Student,1665.0,16300.0,10.05,36,526.0,17,8269.0,2024-01-26,0.3159,583,3,5.5,1,0,0.0,Late (30–89 days),32,2,Letter Sent,1043.0,1,3,0,1,0,0,0.0,0.3159159159159159,9.78978978978979,2,4,5,0.6891618726938255,High Risk
TCU-02709,Maun,LO001,Agriculture Loan,53,Government Employee,16708.0,393000.0,15.68,84,7734.0,6,356559.0,2024-12-23,0.4629,850,1,17.9,0,0,0.0,Current,0,0,,0.0,0,0,1,0,1,0,0.0,0.4628920277711276,23.52166626765621,3,0,1,0.10477944577892194,Low Risk
TCU-02710,Gaborone Main,LO013,Education Loan,59,Government Employee,16899.0,157500.0,15.9,48,4456.0,10,110282.0,2024-08-29,0.2637,850,2,20.9,2,1,333365.0,Current,0,0,,0.0,0,0,0,0,0,0,2.1166031746031746,0.2636842416711048,9.320078111130837,1,2,1,0.39651750388527246,Medium Risk
TCU-02711,Francistown,LO017,Home Loan,63,Pensioner,4832.0,210900.0,16.1,84,4201.0,2,183587.0,2025-04-12,0.8694,689,1,27.6,1,0,0.0,Late (30–89 days),56,1,SMS Sent,49746.0,1,2,1,1,0,0,0.0,0.8694122516556292,43.646523178807946,0,3,2,0.7028150890927859,Critical
TCU-02712,Francistown,LO013,Personal Loan,46,Self-Employed,27510.0,51700.0,14.77,60,1224.0,5,44460.0,2025-01-12,0.0445,850,0,26.4,0,0,0.0,Current,0,0,,0.0,0,0,0,0,0,0,0.0,0.04449291166848419,1.8793166121410396,0,4,4,0.06668789535882332,Low Risk
TCU-02713,Maun,LO014,Agriculture Loan,57,Private Sector,11952.0,97500.0,13.53,12,8733.0,12,0.0,2024-05-05,0.7307,850,2,16.9,0,1,122410.0,Late (30–89 days),34,1,,0.0,1,0,1,0,0,0,1.2554871794871796,0.7306726907630522,8.157630522088354,3,0,3,0.6766111710873184,High Risk
TCU-02714,Gaborone Main,LO015,Home Loan,30,Government Employee,15946.0,51200.0,13.36,48,1383.0,3,41495.0,2025-03-22,0.0867,790,1,24.4,2,1,84536.0,Late (30–89 days),46,2,Legal Notice,12487.0,1,1,0,0,0,0,1.65109375,0.08673021447384924,3.210836573435344,1,3,1,0.5926038582729181,High Risk
TCU-02715,Selebi-Phikwe,LO001,Education Loan,31,Self-Employed,38865.0,26400.0,11.3,60,578.0,5,22198.0,2025-01-06,0.0149,850,0,10.2,0,1,41846.0,Current,0,0,,0.0,0,0,0,0,0,0,1.5850757575757575,0.014871992795574425,0.6792744114241606,4,2,4,0.05609676957385318,Low Risk
TCU-02716,Maun,LO013,Vehicle Loan,62,Self-Employed,19709.0,461300.0,8.52,84,7310.0,12,369998.0,2024-06-27,0.3709,815,0,23.6,1,0,0.0,Current,0,0,,0.0,0,0,0,0,1,0,0.0,0.3708965447257598,23.405550763610535,3,5,4,0.1094884242976983,Low Risk
TCU-02717,Selebi-Phikwe,LO008,Business Loan,23,Pensioner,8967.0,151800.0,13.93,60,3527.0,3,143042.0,2025-03-26,0.3933,704,0,26.9,0,1,253979.0,Current,0,0,,0.0,0,2,0,0,0,0,1.6731159420289856,0.39333110293297646,16.928738708598193,4,1,2,0.0752190161212674,Low Risk
TCU-02718,Francistown,LO018,Home Loan,54,Government Employee,12735.0,81000.0,16.52,48,2317.0,13,56042.0,2024-05-15,0.1819,778,1,27.3,2,0,0.0,Current,0,0,,0.0,0,1,0,0,0,0,0.0,0.18193953670985474,6.360424028268551,0,3,1,0.3111852598351464,Medium Risk
TCU-02719,Lobatse,LO002,Home Loan,40,Farmer,6436.0,56200.0,22.38,72,1425.0,12,42624.0,2024-06-19,0.2214,626,1,26.9,1,0,0.0,Early (1–29 days),22,1,,0.0,0,3,0,0,0,0,0.0,0.2214108141702921,8.732131758856433,2,3,0,0.17870010163667702,Low Risk
TCU-02720,Francistown,LO020,Vehicle Loan,23,Government Employee,17118.0,226600.0,20.78,24,11620.0,9,129345.0,2024-10-01,0.6788,686,1,6.5,0,1,548237.0,Current,0,0,,0.0,0,2,1,0,0,0,2.4194042365401587,0.6788176188807103,13.237527748568757,0,5,1,0.10468682232742742,Low Risk
TCU-02721,Francistown,LO011,Education Loan,61,Government Employee,21928.0,453000.0,19.61,24,22970.0,10,231209.0,2024-08-21,1.0475,850,0,2.6,1,1,406989.0,Defaulted,358,4,Legal Notice,118941.0,1,0,1,0,1,0,0.898430463576159,1.047519153593579,20.658518788763224,0,2,1,0.8211486095958302,Critical
TCU-02722,Lobatse,LO009,Education Loan,59,Student,4782.0,59400.0,11.83,24,2791.0,13,23862.0,2024-05-09,0.5836,761,3,9.4,1,0,0.0,Defaulted,317,4,,10032.0,1,1,1,1,0,0,0.0,0.5836470096194061,12.421580928481808,2,2,5,0.821428394685978,Critical
TCU-02723,Selebi-Phikwe,LO007,Business Loan,28,Pensioner,9620.0,106800.0,12.02,84,1886.0,7,93725.0,2024-11-21,0.196,692,2,10.7,0,1,166525.0,Late (30–89 days),33,2,Legal Notice,32582.0,1,2,0,0,0,0,1.5592228464419475,0.19604989604989606,11.101871101871103,4,1,2,0.3433683646588151,Medium Risk
TCU-02724,Lobatse,LO016,Home Loan,65,Student,4203.0,17300.0,13.82,72,355.0,2,14803.0,2025-04-08,0.0845,693,0,8.0,1,1,15375.0,Current,0,0,,0.0,0,2,0,1,0,0,0.888728323699422,0.08446347846776112,4.116107542231739,2,3,5,0.1635659331072233,Low Risk
TCU-02725,Gaborone Main,LO002,Vehicle Loan,36,Private Sector,21810.0,392000.0,12.32,72,7729.0,2,351814.0,2025-04-10,0.3544,850,0,22.9,2,1,659335.0,Current,0,0,,0.0,0,0,0,0,1,0,1.6819770408163266,0.3543787253553416,17.973406694176983,1,5,3,0.24492383264659584,Medium Risk
TCU-02726,Francistown,LO008,Business Loan,42,Farmer,6989.0,33600.0,20.37,60,897.0,16,21625.0,2024-02-08,0.1283,682,1,27.9,1,0,0.0,Current,0,0,,0.0,0,2,0,0,0,0,0.0,0.12834454142223495,4.807554728859636,0,1,0,0.23748399699477904,Medium Risk
TCU-02727,Maun,LO015,Vehicle Loan,60,Student,4167.0,36700.0,23.06,60,1036.0,14,24564.0,2024-05-02,0.2486,709,1,12.3,0,1,65199.0,Current,0,0,,0.0,0,2,0,1,0,0,1.7765395095367846,0.2486201103911687,8.80729541636669,3,5,5,0.11423554649114617,Low Risk
TCU-02728,Maun,LO014,Personal Loan,30,Farmer,13441.0,449500.0,15.42,12,40660.0,12,0.0,2024-03-21,3.0251,734,2,25.0,0,1,605029.0,Late (30–89 days),59,2,Home Visit,0.0,1,2,1,0,1,0,1.346004449388209,2.0,33.442452198497136,3,4,0,0.8988965782154213,Critical
TCU-02729,Gaborone Main,LO002,Vehicle Loan,37,Self-Employed,20319.0,141900.0,19.22,84,3085.0,16,111175.0,2024-02-13,0.1518,802,0,19.0,0,0,0.0,Early (1–29 days),6,1,,0.0,0,0,0,0,0,0,0.0,0.15182833800876028,6.983611398198731,1,5,4,0.09567134326833429,Low Risk
TCU-02730,Francistown,LO008,Agriculture Loan,40,Pensioner,8058.0,89900.0,17.18,24,4453.0,7,55280.0,2024-11-05,0.5526,718,1,24.3,0,1,119753.0,Current,0,0,,0.0,0,2,1,0,0,0,1.3320689655172413,0.5526185157607346,11.156614544551998,0,0,2,0.07595119900847569,Low Risk
TCU-02731,Gaborone Main,LO008,Education Loan,62,Private Sector,28637.0,99200.0,14.22,24,4773.0,14,40260.0,2024-04-17,0.1667,850,0,28.0,0,0,0.0,Current,0,0,,0.0,0,0,0,0,0,0,0.0,0.16667248664315396,3.464050005237979,1,2,3,0.08152915309332498,Low Risk
TCU-02732,Lobatse,LO004,Education Loan,54,Student,3394.0,73700.0,23.83,48,2396.0,10,50803.0,2024-08-21,0.706,795,0,17.7,1,1,63846.0,Current,0,0,,0.0,0,1,1,1,0,0,0.8662957937584803,0.7059516794342958,21.71479080730701,2,2,5,0.2928949455093885,Medium Risk
TCU-02733,Lobatse,LO018,Vehicle Loan,66,Student,2237.0,48000.0,15.0,12,4332.0,8,15883.0,2024-10-10,1.9365,747,3,27.3,1,1,107891.0,Current,0,0,,0.0,0,1,1,1,0,0,2.247729166666667,1.9365221278497988,21.457308895842647,2,5,5,0.3719547009691112,Medium Risk
TCU-02734,Selebi-Phikwe,LO002,Vehicle Loan,56,Farmer,10788.0,380500.0,20.12,84,8477.0,9,302662.0,2024-09-19,0.7858,708,0,2.4,0,1,372831.0,Late (30–89 days),79,1,Home Visit,54701.0,1,2,1,0,1,0,0.9798449408672799,0.78578049684835,35.27067111605488,4,5,0,0.6963929309133968,High Risk
TCU-02735,Gaborone Main,LO017,Agriculture Loan,36,Government Employee,8790.0,91700.0,13.17,84,1677.0,10,68866.0,2024-08-17,0.1908,767,3,27.8,0,0,0.0,Current,0,0,,0.0,0,1,0,0,0,0,0.0,0.19078498293515359,10.43230944254835,1,0,1,0.10143074988321865,Low Risk
TCU-02736,Francistown,LO008,Personal Loan,32,Farmer,13383.0,114300.0,9.55,48,2874.0,5,101751.0,2025-01-27,0.2148,836,0,5.2,0,0,0.0,Current,0,0,,0.0,0,0,0,0,0,0,0.0,0.21475005604124636,8.540685944855413,0,4,0,0.06878134638656609,Low Risk
TCU-02737,Lobatse,LO017,Agriculture Loan,51,Government Employee,12677.0,35000.0,22.84,48,1119.0,6,28964.0,2024-12-05,0.0883,665,2,18.6,1,1,69095.0,Current,0,0,,0.0,0,3,0,0,0,0,1.9741428571428572,0.08827009544844995,2.7609055770292654,2,0,1,0.20833944591907685,Medium Risk
TCU-02738,Gaborone Main,LO014,Agriculture Loan,54,Farmer,6483.0,242300.0,18.02,60,6155.0,15,175272.0,2024-04-05,0.9494,775,1,6.2,1,1,505299.0,Current,0,0,,0.0,0,1,1,0,1,0,2.085427156417664,0.9494061391331173,37.374672219651394,1,0,0,0.40828144543727746,Medium Risk
TCU-02739,Gaborone Main,LO001,Personal Loan,26,Government Employee,16196.0,272500.0,23.58,12,25712.0,12,0.0,2024-06-09,1.5876,794,0,16.4,0,1,640277.0,Defaulted,118,11,Called,0.0,1,1,1,0,1,0,2.3496403669724772,1.5875524820943443,16.825142010372932,1,4,1,0.8146798038473315,Critical
TCU-02740,Francistown,LO006,Vehicle Loan,36,Pensioner,9837.0,64500.0,14.22,72,1337.0,6,56699.0,2024-12-24,0.1359,808,0,8.9,0,1,108475.0,Current,0,0,,0.0,0,0,0,0,0,0,1.6817829457364342,0.13591542136830334,6.556877096675816,0,5,2,0.09455220394219899,Low Risk
TCU-02741,Selebi-Phikwe,LO003,Vehicle Loan,40,Farmer,6742.0,73600.0,14.51,60,1732.0,9,54355.0,2024-09-24,0.2569,806,0,14.4,0,1,79562.0,Current,0,0,,0.0,0,0,0,0,0,0,1.0810054347826088,0.2568970631859982,10.916641946010087,4,5,0,0.071836628054427,Low Risk
TCU-02742,Lobatse,LO007,Personal Loan,42,Student,3406.0,81700.0,17.24,60,2041.0,15,53709.0,2024-03-12,0.5992,677,4,5.7,0,1,121728.0,Current,0,0,,0.0,0,2,1,1,0,0,1.4899388004895961,0.5992366412213741,23.987081620669407,2,4,5,0.45917473749134863,High Risk
TCU-02743,Maun,LO014,Vehicle Loan,57,Government Employee,9274.0,153200.0,11.16,72,2929.0,7,133242.0,2024-11-28,0.3158,755,0,12.9,1,0,0.0,Current,0,0,,0.0,0,1,0,0,0,0,0.0,0.3158291999137373,16.51930127237438,3,5,1,0.1014759367944638,Low Risk
TCU-02744,Francistown,LO017,Home Loan,33,Pensioner,4168.0,160400.0,14.0,72,3305.0,13,112874.0,2024-05-15,0.7929,581,0,6.0,0,1,171034.0,Late (30–89 days),48,2,Home Visit,37087.0,1,3,1,1,0,0,1.0662967581047382,0.7929462571976967,38.48368522072936,0,3,2,0.7406669467638609,Critical
TCU-02745,Selebi-Phikwe,LO015,Education Loan,64,Farmer,5475.0,14600.0,11.13,72,279.0,9,10955.0,2024-09-29,0.051,644,1,2.9,0,0,0.0,Current,0,0,,0.0,0,3,0,0,0,0,0.0,0.05095890410958904,2.6666666666666665,4,2,0,0.18312350752166637,Low Risk
TCU-02746,Gaborone Main,LO020,Agriculture Loan,29,Self-Employed,17709.0,429800.0,23.54,60,12250.0,8,362053.0,2024-10-24,0.6917,713,0,5.0,0,0,0.0,Current,0,0,,0.0,0,2,1,0,1,0,0.0,0.6917386639561804,24.270145123948275,1,0,4,0.28884870639335564,Medium Risk
TCU-02747,Gaborone Main,LO019,Home Loan,54,Self-Employed,5411.0,135700.0,20.18,36,5056.0,10,93507.0,2024-08-07,0.9344,834,0,14.1,1,1,271850.0,Current,0,0,,0.0,0,0,1,0,0,0,2.003316138540899,0.9343929033450379,25.078543707262984,1,3,4,0.42273052967924696,Medium Risk
TCU-02748,Maun,LO002,Business Loan,43,Farmer,13911.0,87100.0,19.63,12,8053.0,12,0.0,2024-06-09,0.5789,822,0,14.5,0,0,0.0,Current,0,0,,0.0,0,0,1,0,0,0,0.0,0.5788944001150169,6.2612321184674,3,1,0,0.18553430802090312,Low Risk
TCU-02749,Gaborone Main,LO008,Agriculture Loan,42,Student,1547.0,29900.0,13.62,84,554.0,3,26537.0,2025-03-14,0.3581,614,0,20.2,0,0,0.0,Current,0,0,,0.0,0,3,0,1,0,0,0.0,0.3581124757595346,19.327731092436974,1,0,5,0.2053884858046619,Medium Risk
TCU-02750,Gaborone Main,LO013,Vehicle Loan,34,Pensioner,5086.0,125700.0,13.13,60,2868.0,16,84699.0,2024-02-09,0.5639,691,1,4.5,0,0,0.0,Early (1–29 days),13,1,,0.0,0,2,1,0,0,0,0.0,0.5639009044435705,24.714903657097917,1,5,2,0.33096838928489913,Medium Risk
TCU-02751,Maun,LO010,Home Loan,26,Self-Employed,4914.0,112700.0,22.65,60,3154.0,5,93737.0,2025-01-05,0.6418,769,2,8.8,0,0,0.0,Late (30–89 days),38,1,,28990.0,1,1,1,1,0,0,0.0,0.6418396418396418,22.934472934472936,3,3,4,0.6651114207197647,High Risk
TCU-02752,Francistown,LO005,Education Loan,47,Government Employee,11980.0,23700.0,18.78,84,509.0,7,21328.0,2024-11-03,0.0425,783,4,19.2,0,0,0.0,Current,0,0,,0.0,0,1,0,0,0,0,0.0,0.042487479131886476,1.978297161936561,0,2,1,0.08591857196829783,Low Risk
TCU-02753,Gaborone Main,LO016,Personal Loan,38,Farmer,10933.0,120300.0,13.73,72,2462.0,14,89450.0,2024-04-17,0.2252,722,0,27.9,0,0,0.0,Current,0,0,,0.0,0,2,0,0,0,0,0.0,0.22518979237171866,11.003384249519803,1,4,0,0.06378381396340113,Low Risk
TCU-02754,Gaborone Main,LO009,Vehicle Loan,34,Student,3888.0,23500.0,11.28,36,772.0,16,12130.0,2024-02-21,0.1986,647,2,18.4,0,1,51333.0,Current,0,0,,0.0,0,3,0,1,0,0,2.1843829787234044,0.19855967078189302,6.044238683127572,1,5,5,0.11984604663989348,Low Risk
TCU-02755,Lobatse,LO003,Vehicle Loan,52,Pensioner,8268.0,15700.0,14.77,12,1415.0,12,0.0,2024-04-17,0.1711,850,1,8.9,0,1,33678.0,Current,0,0,,0.0,0,0,0,0,0,0,2.145095541401274,0.17114175133043058,1.898887276245767,2,5,2,0.10455435718093327,Low Risk
TCU-02756,Maun,LO015,Home Loan,42,Self-Employed,36234.0,233800.0,14.65,60,5519.0,6,202139.0,2024-12-16,0.1523,850,1,15.5,0,1,335392.0,Current,0,0,,0.0,0,0,0,0,1,0,1.434525235243798,0.15231550477452116,6.452503173814649,3,3,4,0.1051009397820494,Low Risk
TCU-02757,Maun,LO010,Personal Loan,32,Farmer,14689.0,177100.0,15.1,24,8595.0,2,149044.0,2025-04-29,0.5851,850,0,28.3,0,1,408954.0,Current,0,0,,0.0,0,0,1,0,0,0,2.3091699604743083,0.5851317312274491,12.056641023895432,3,4,0,0.11722151268612332,Low Risk
TCU-02758,Selebi-Phikwe,LO019,Business Loan,45,Private Sector,6636.0,58000.0,12.19,12,5158.0,3,41667.0,2025-03-08,0.7773,640,2,28.0,2,1,142579.0,Late (30–89 days),79,1,Called,13147.0,1,3,1,0,0,0,2.458258620689655,0.7772754671488848,8.740204942736588,4,1,3,0.4898720053609015,High Risk
TCU-02759,Maun,LO018,Business Loan,53,Self-Employed,22549.0,349300.0,12.01,12,31037.0,9,81842.0,2024-09-26,1.3764,850,0,10.1,0,1,755176.0,Late (30–89 days),30,2,Letter Sent,16975.0,1,0,1,0,1,0,2.1619696535929003,1.3764246751518914,15.490709122355758,3,1,4,0.923097004887043,Critical
TCU-02760,Selebi-Phikwe,LO020,Vehicle Loan,35,Self-Employed,36980.0,22300.0,8.83,24,1017.0,15,7108.0,2024-03-25,0.0275,850,0,26.9,1,1,50029.0,Late (30–89 days),75,2,Letter Sent,2126.0,1,0,0,0,0,0,2.243452914798206,0.0275013520822066,0.6030286641427799,4,5,4,0.5954806521959594,High Risk
TCU-02761,Lobatse,LO003,Vehicle Loan,66,Pensioner,9837.0,86000.0,16.04,48,2439.0,6,64002.0,2024-12-19,0.2479,840,0,23.1,0,0,0.0,Current,0,0,,0.0,0,0,0,0,0,0,0.0,0.24794144556267156,8.742502795567754,2,5,2,0.11805422024548683,Low Risk
TCU-02762,Maun,LO007,Vehicle Loan,45,Private Sector,13865.0,409500.0,23.63,12,38649.0,2,334304.0,2025-04-20,2.7875,722,2,27.3,0,1,749493.0,Late (30–89 days),31,1,SMS Sent,101977.0,1,2,1,0,1,0,1.8302637362637362,2.0,29.534799855751892,3,5,3,0.8928560658190989,Critical
TCU-02763,Gaborone Main,LO004,Vehicle Loan,52,Student,3113.0,44700.0,14.64,60,1055.0,10,33317.0,2024-08-14,0.3389,636,1,14.9,0,1,93440.0,Current,0,0,,0.0,0,3,0,1,0,0,2.090380313199105,0.33890138130420816,14.359139094121426,1,5,5,0.07704287210825655,Low Risk
TCU-02764,Gaborone Main,LO011,Agriculture Loan,35,Private Sector,11430.0,147800.0,10.1,48,3756.0,8,106013.0,2024-10-20,0.3286,719,0,22.7,0,1,144519.0,Current,0,0,,0.0,0,2,0,0,0,0,0.9778010825439784,0.32860892388451446,12.930883639545057,1,0,3,0.0794392518460069,Low Risk
TCU-02765,Selebi-Phikwe,LO017,Agriculture Loan,48,Student,3522.0,63000.0,17.95,48,1849.0,11,48222.0,2024-07-16,0.525,737,0,24.5,0,0,0.0,Current,0,0,,0.0,0,2,1,1,0,0,0.0,0.5249858035207269,17.88756388415673,4,0,5,0.15777534863859446,Low Risk
TCU-02766,Maun,LO001,Personal Loan,45,Self-Employed,9082.0,219000.0,17.28,12,20003.0,9,54129.0,2024-09-25,2.2025,790,1,17.9,0,1,510590.0,Late (30–89 days),30,1,Home Visit,15883.0,1,1,1,0,0,0,2.331461187214612,2.0,24.113631358731556,3,4,4,0.9629844483707852,Critical
TCU-02767,Lobatse,LO016,Personal Loan,45,Self-Employed,16123.0,430600.0,23.55,36,16792.0,14,233927.0,2024-04-12,1.0415,850,0,1.6,1,1,832169.0,Defaulted,321,4,,119560.0,1,0,1,0,1,1,1.932580120761728,1.0414935185759473,26.707188488494698,2,4,4,0.891343571255363,Critical
TCU-02768,Gaborone Main,LO010,Business Loan,62,Farmer,3800.0,22000.0,22.11,12,2060.0,8,6681.0,2024-10-20,0.5421,828,1,14.4,0,1,19862.0,Current,0,0,,0.0,0,0,1,1,0,0,0.9028181818181819,0.5421052631578948,5.7894736842105265,1,1,0,0.11349908261055833,Low Risk
TCU-02769,Maun,LO014,Agriculture Loan,44,Student,3310.0,29100.0,18.07,72,665.0,7,25510.0,2024-11-25,0.2009,671,0,10.7,1,1,52990.0,Current,0,0,,0.0,0,2,0,1,0,0,1.8209621993127147,0.20090634441087613,8.791540785498489,3,0,5,0.1434720782677258,Low Risk
TCU-02770,Lobatse,LO002,Vehicle Loan,63,Farmer,14872.0,129300.0,16.5,48,3698.0,13,90250.0,2024-05-25,0.2487,850,0,16.0,1,0,0.0,Current,0,0,,0.0,0,0,0,0,0,0,0.0,0.24865519096288327,8.694190424959656,2,5,0,0.10070784242696502,Low Risk
TCU-02771,Maun,LO003,Vehicle Loan,58,Student,4568.0,13400.0,15.7,12,1214.0,12,0.0,2024-02-10,0.2658,720,3,12.0,0,1,14595.0,Current,0,0,,0.0,0,2,0,1,0,0,1.089179104477612,0.2657618213660245,2.9334500875656744,3,5,5,0.1772972850275976,Low Risk
TCU-02772,Francistown,LO018,Business Loan,68,Self-Employed,9616.0,305400.0,11.0,24,14234.0,6,196698.0,2024-12-11,1.4802,794,3,6.6,0,1,712316.0,Late (30–89 days),44,1,Home Visit,23176.0,1,1,1,0,1,0,2.3324034053700067,1.4802412645590681,31.759567387687188,0,1,4,0.901513704458441,Critical
TCU-02773,Selebi-Phikwe,LO012,Personal Loan,38,Farmer,5988.0,52600.0,13.56,36,1787.0,15,28573.0,2024-03-28,0.2984,684,1,3.6,0,0,0.0,Late (30–89 days),78,2,SMS Sent,4403.0,1,2,0,0,0,0,0.0,0.2984301937207749,8.784235136940548,4,4,0,0.12730853452668472,Low Risk
TCU-02774,Lobatse,LO018,Personal Loan,45,Government Employee,21900.0,402300.0,21.21,12,37500.0,4,256005.0,2025-02-22,1.7123,844,0,16.1,0,0,0.0,Late (30–89 days),55,2,,46552.0,1,0,1,0,1,0,0.0,1.7123287671232876,18.36986301369863,2,4,1,0.952928691938039,Critical
TCU-02775,Francistown,LO012,Business Loan,41,Private Sector,26389.0,263700.0,15.75,36,9238.0,3,235977.0,2025-03-21,0.3501,850,0,5.7,0,1,481280.0,Current,0,0,,0.0,0,0,0,0,1,0,1.8251042851725445,0.3500701049679791,9.992800030315662,0,1,3,0.08500738931798832,Low Risk
TCU-02776,Lobatse,LO009,Business Loan,50,Self-Employed,34892.0,90700.0,15.08,12,8190.0,6,39736.0,2024-12-29,0.2347,850,1,3.5,0,1,84234.0,Current,0,0,,0.0,0,0,0,0,0,0,0.928710033076075,0.23472429210134127,2.5994497305972715,2,1,4,0.14977374158736392,Low Risk
TCU-02777,Maun,LO015,Vehicle Loan,66,Private Sector,16786.0,63300.0,9.29,60,1323.0,9,49910.0,2024-09-08,0.0788,845,0,7.3,0,1,119436.0,Current,0,0,,0.0,0,0,0,0,0,0,1.886824644549763,0.07881567973311093,3.7709996425592758,3,5,3,0.09132226198393946,Low Risk
TCU-02778,Selebi-Phikwe,LO014,Business Loan,41,Farmer,3749.0,142800.0,13.46,60,3283.0,6,119060.0,2024-12-30,0.8757,635,1,24.2,3,1,311027.0,Current,0,0,,0.0,0,3,1,1,0,0,2.178060224089636,0.8757001867164578,38.09015737530008,4,1,0,0.3891954302253516,Medium Risk
TCU-02779,Maun,LO018,Education Loan,59,Government Employee,16319.0,321900.0,19.54,84,7059.0,7,295051.0,2024-11-24,0.4326,850,1,20.5,1,1,730413.0,Current,0,0,,0.0,0,0,1,0,1,0,2.2690680335507922,0.43256326980819904,19.72547337459403,3,2,1,0.38779588773958823,Medium Risk
TCU-02780,Selebi-Phikwe,LO014,Personal Loan,48,Pensioner,7744.0,10100.0,14.64,12,910.0,6,5010.0,2024-12-21,0.1175,672,0,24.2,0,0,0.0,Current,0,0,,0.0,0,2,0,0,0,0,0.0,0.1175103305785124,1.3042355371900827,4,4,2,0.12170109512460975,Low Risk
TCU-02781,Lobatse,LO013,Personal Loan,55,Farmer,4037.0,80500.0,9.49,12,7058.0,1,67575.0,2025-05-29,1.7483,752,0,2.8,0,1,93659.0,Defaulted,297,5,Letter Sent,46739.0,1,1,1,1,0,0,1.1634658385093168,1.7483279663116176,19.940549913301957,2,4,0,0.8894870734619189,Critical
TCU-02782,Selebi-Phikwe,LO002,Home Loan,33,Government Employee,18863.0,390100.0,14.76,84,7475.0,1,351775.0,2025-05-08,0.3963,850,0,8.3,0,1,580967.0,Current,0,0,,0.0,0,0,0,0,1,0,1.4892771084337348,0.39627842866988283,20.680697662089806,4,3,1,0.05070455454828754,Low Risk
TCU-02783,Maun,LO015,Personal Loan,26,Pensioner,7492.0,16200.0,12.33,48,429.0,14,9809.0,2024-04-17,0.0573,710,0,10.5,0,0,0.0,Current,0,0,,0.0,0,2,0,0,0,0,0.0,0.05726107848371596,2.1623064602242392,3,4,2,0.10533808275744277,Low Risk
TCU-02784,Maun,LO017,Education Loan,24,Private Sector,19529.0,35400.0,14.85,36,1225.0,11,24561.0,2024-07-28,0.0627,737,3,13.6,1,1,31775.0,Current,0,0,,0.0,0,2,0,0,0,0,0.8975988700564972,0.06272722617645553,1.8126888217522659,3,2,3,0.18631764553321656,Low Risk
TCU-02785,Lobatse,LO013,Agriculture Loan,26,Government Employee,15733.0,17900.0,16.83,60,443.0,11,13193.0,2024-08-02,0.0282,744,0,18.8,0,1,43912.0,Current,0,0,,0.0,0,1,0,0,0,0,2.4531843575418995,0.028157376215597787,1.1377359689823936,2,0,1,0.07747792015029666,Low Risk
TCU-02786,Selebi-Phikwe,LO007,Home Loan,58,Pensioner,8939.0,121100.0,20.92,36,4557.0,8,89844.0,2024-10-11,0.5098,715,1,25.7,0,0,0.0,Current,0,0,,0.0,0,2,1,0,0,0,0.0,0.5097885669537979,13.547376664056381,4,3,2,0.11940169283981072,Low Risk
TCU-02787,Lobatse,LO009,Business Loan,66,Private Sector,15817.0,98800.0,13.08,36,3333.0,10,68719.0,2024-08-27,0.2107,829,2,25.0,1,0,0.0,Current,0,0,,0.0,0,0,0,0,0,0,0.0,0.21072264019725612,6.246443699816653,2,1,3,0.22580109851649754,Medium Risk
TCU-02788,Lobatse,LO009,Home Loan,44,Student,3375.0,10600.0,15.37,48,297.0,5,9048.0,2025-01-22,0.088,763,0,16.8,0,0,0.0,Current,0,0,,0.0,0,1,0,1,0,0,0.0,0.088,3.140740740740741,2,3,5,0.13379521096152255,Low Risk
TCU-02789,Maun,LO009,Home Loan,59,Private Sector,14421.0,357500.0,17.63,48,10433.0,3,309456.0,2025-03-26,0.7235,804,2,25.6,3,1,538753.0,Late (30–89 days),83,2,,38901.0,1,0,1,0,1,0,1.5070013986013986,0.7234588447403093,24.79023646071701,3,3,3,0.7287752539113945,Critical
TCU-02790,Maun,LO006,Home Loan,64,Pensioner,6666.0,91300.0,12.68,84,1645.0,10,73918.0,2024-08-22,0.2468,733,0,6.7,0,0,0.0,Current,0,0,,0.0,0,2,0,0,0,0,0.0,0.24677467746774678,13.696369636963697,3,3,2,0.07010043121665398,Low Risk
TCU-02791,Lobatse,LO007,Business Loan,55,Pensioner,4968.0,101700.0,20.61,36,3811.0,17,47107.0,2024-01-27,0.7671,780,1,19.7,0,1,121134.0,Current,0,0,,0.0,0,1,1,1,0,0,1.1910914454277286,0.7671095008051529,20.471014492753625,2,1,2,0.3033488261795541,Medium Risk
TCU-02792,Maun,LO017,Vehicle Loan,52,Government Employee,22956.0,365500.0,10.68,24,16981.0,15,133964.0,2024-03-25,0.7397,850,3,20.2,3,0,0.0,Defaulted,246,3,Called,91799.0,1,0,1,0,1,0,0.0,0.7397194633211361,15.921763373410002,3,5,1,0.7589765969917697,Critical
TCU-02793,Francistown,LO002,Business Loan,64,Self-Employed,12139.0,241900.0,11.77,36,8008.0,5,205782.0,2025-01-16,0.6597,836,0,2.1,0,0,0.0,Current,0,0,,0.0,0,0,1,0,1,0,0.0,0.659691902133619,19.92750638438092,0,1,4,0.3202750079805678,Medium Risk
TCU-02794,Maun,LO007,Vehicle Loan,48,Pensioner,9229.0,205500.0,22.76,60,5765.0,15,145011.0,2024-03-13,0.6247,697,1,21.0,0,0,0.0,Current,0,0,,0.0,0,2,1,0,0,0,0.0,0.6246613934337415,22.266767797161123,3,5,2,0.28367254854101537,Medium Risk
TCU-02795,Maun,LO008,Agriculture Loan,40,Self-Employed,9818.0,129600.0,16.12,36,4564.0,7,102391.0,2024-11-15,0.4649,757,1,16.5,0,1,313047.0,Current,0,0,,0.0,0,1,1,0,0,0,2.415486111111111,0.4648604603788959,13.200244448971278,3,0,4,0.0675685366774836,Low Risk
TCU-02796,Lobatse,LO003,Personal Loan,54,Government Employee,13766.0,192700.0,11.17,60,4206.0,2,171085.0,2025-04-20,0.3055,835,2,20.5,0,0,0.0,Current,0,0,,0.0,0,0,0,0,0,0,0.0,0.3055353770158361,13.998256574168241,2,4,1,0.09688721028067687,Low Risk
TCU-02797,Maun,LO009,Vehicle Loan,24,Farmer,7761.0,25800.0,23.96,48,841.0,8,21423.0,2024-10-07,0.1084,733,2,10.8,0,1,61694.0,Current,0,0,,0.0,0,2,0,0,0,0,2.3912403100775195,0.10836232444272645,3.3243138770776963,3,5,0,0.12938397001407284,Low Risk
TCU-02798,Lobatse,LO011,Vehicle Loan,41,Student,4460.0,50700.0,10.88,72,962.0,10,42649.0,2024-08-06,0.2157,640,1,29.6,0,1,89479.0,Current,0,0,,0.0,0,3,0,1,0,0,1.764871794871795,0.215695067264574,11.367713004484305,2,5,5,0.08234063910122086,Low Risk
TCU-02799,Gaborone Main,LO006,Home Loan,64,Farmer,9775.0,71700.0,20.49,36,2683.0,9,46496.0,2024-09-21,0.2745,702,2,17.7,1,1,128920.0,Late (30–89 days),69,1,,14035.0,1,2,0,0,0,0,1.798047419804742,0.2744757033248082,7.335038363171355,1,3,0,0.27793718053239835,Medium Risk
TCU-02800,Selebi-Phikwe,LO007,Home Loan,60,Private Sector,21340.0,308500.0,16.55,24,15186.0,15,111532.0,2024-03-27,0.7116,850,0,12.0,0,1,608580.0,Current,0,0,,0.0,0,0,1,0,1,0,1.972706645056726,0.7116213683223992,14.456419868791002,4,3,3,0.3273867158943285,Medium Risk
TCU-02801,Lobatse,LO015,Business Loan,55,Farmer,4574.0,71600.0,23.62,48,2319.0,9,51639.0,2024-09-16,0.507,768,0,22.7,0,0,0.0,Current,0,0,,0.0,0,1,1,1,0,0,0.0,0.5069960647135986,15.65369479667687,2,1,0,0.11667476727651087,Low Risk
TCU-02802,Gaborone Main,LO011,Business Loan,25,Student,4020.0,62200.0,23.26,12,5859.0,6,29941.0,2024-12-25,1.4575,696,0,2.4,1,0,0.0,Late (30–89 days),74,2,SMS Sent,7909.0,1,2,1,1,0,0,0.0,1.4574626865671643,15.472636815920398,1,1,5,0.858599841741814,Critical
TCU-02803,Maun,LO006,Vehicle Loan,29,Farmer,3959.0,59700.0,13.31,36,2020.0,6,42899.0,2025-01-01,0.5102,671,1,25.6,1,1,113071.0,Early (1–29 days),4,1,,0.0,0,2,1,1,0,0,1.8939865996649916,0.5102298560242485,15.079565546855266,3,5,0,0.27858828993025314,Medium Risk
TCU-02804,Francistown,LO012,Vehicle Loan,25,Student,3892.0,11400.0,17.28,12,1041.0,12,0.0,2024-02-07,0.2675,676,1,17.7,0,1,25285.0,Current,0,0,,0.0,0,2,0,1,0,0,2.217982456140351,0.26747173689619735,2.9290853031860227,0,5,5,0.127331462910502,Low Risk
TCU-02805,Maun,LO019,Education Loan,62,Self-Employed,30140.0,231500.0,11.27,84,3997.0,10,176415.0,2024-08-21,0.1326,850,0,13.3,0,1,550582.0,Current,0,0,,0.0,0,0,0,0,1,0,2.3783239740820736,0.13261446582614467,7.680822826808228,3,2,4,0.05061620742927587,Low Risk
TCU-02806,Lobatse,LO001,Business Loan,65,Farmer,6866.0,206900.0,14.5,24,9983.0,12,91381.0,2024-06-11,1.454,816,0,25.5,0,1,485799.0,Early (1–29 days),23,1,,0.0,0,0,1,0,0,0,2.347989366843886,1.4539761141858434,30.133993591610835,2,1,0,0.43551585363247547,Medium Risk
TCU-02807,Lobatse,LO010,Personal Loan,48,Self-Employed,39665.0,122700.0,17.33,12,11210.0,6,57690.0,2024-12-24,0.2826,850,0,12.1,0,1,127203.0,Current,0,0,,0.0,0,0,0,0,0,0,1.0366992665036674,0.2826169166771713,3.093407286020421,2,4,4,0.12595029937700036,Low Risk
TCU-02808,Francistown,LO017,Education Loan,27,Government Employee,16062.0,237300.0,22.38,48,7525.0,12,173635.0,2024-06-14,0.4685,691,1,15.2,0,1,388675.0,Current,0,0,,0.0,0,2,1,0,1,0,1.637905604719764,0.46849707383887434,14.774000747104969,0,2,1,0.07562608924403656,Low Risk
TCU-02809,Gaborone Main,LO009,Vehicle Loan,38,Farmer,9880.0,57100.0,20.98,60,1544.0,6,46803.0,2024-12-26,0.1563,792,1,10.5,2,1,140768.0,Current,0,0,,0.0,0,1,0,0,0,0,2.4652889667250437,0.1562753036437247,5.779352226720648,1,5,0,0.25302971646986133,Medium Risk
TCU-02810,Lobatse,LO015,Home Loan,30,Self-Employed,32759.0,25400.0,18.44,12,2334.0,11,1839.0,2024-08-01,0.0712,850,2,7.8,0,0,0.0,Current,0,0,,0.0,0,0,0,0,0,0,0.0,0.07124759608046644,0.7753594432064471,2,3,4,0.09783022440913713,Low Risk
TCU-02811,Maun,LO005,Agriculture Loan,68,Farmer,5271.0,31500.0,19.92,12,2917.0,10,4819.0,2024-08-11,0.5534,670,0,26.5,0,1,46794.0,Current,0,0,,0.0,0,2,1,0,0,0,1.4855238095238095,0.5534054259153861,5.9760956175298805,3,0,0,0.11505318761265074,Low Risk
TCU-02812,Maun,LO011,Vehicle Loan,48,Self-Employed,15431.0,278900.0,20.11,24,14210.0,4,204353.0,2025-02-04,0.9209,821,2,20.2,0,0,0.0,Defaulted,161,5,SMS Sent,101126.0,1,0,1,0,1,0,0.0,0.9208735661979133,18.074006869289093,3,5,4,0.7079666933998235,Critical
TCU-02813,Gaborone Main,LO002,Business Loan,40,Private Sector,17810.0,483900.0,17.01,24,23927.0,17,126365.0,2024-02-01,1.3435,739,2,6.8,1,0,0.0,Defaulted,208,6,Home Visit,69604.0,1,2,1,0,1,0,0.0,1.343458731049972,27.17012914093206,1,1,3,0.909629591848207,Critical
TCU-02814,Francistown,LO016,Agriculture Loan,66,Pensioner,6827.0,159000.0,9.75,60,3359.0,13,116884.0,2024-05-12,0.492,738,1,4.3,0,1,190551.0,Current,0,0,,0.0,0,2,1,0,0,0,1.1984339622641509,0.4920169913578439,23.289878423905083,0,0,2,0.07805576822918045,Low Risk
TCU-02815,Gaborone Main,LO018,Home Loan,52,Self-Employed,5777.0,106500.0,13.1,72,2144.0,15,83367.0,2024-03-21,0.3711,755,0,4.5,1,1,161700.0,Current,0,0,,0.0,0,1,0,0,0,0,1.5183098591549296,0.3711268824649472,18.435173965726154,1,3,4,0.10693876176856357,Low Risk
TCU-02816,Francistown,LO003,Business Loan,49,Pensioner,7293.0,192900.0,11.88,24,9070.0,11,101832.0,2024-07-21,1.2437,747,3,22.6,1,0,0.0,Defaulted,297,4,SMS Sent,54442.0,1,1,1,0,0,0,0.0,1.243658302481832,26.450020567667625,0,1,2,0.8807985309309035,Critical
TCU-02817,Selebi-Phikwe,LO003,Education Loan,40,Farmer,6463.0,147000.0,9.85,72,2712.0,7,123471.0,2024-11-23,0.4196,614,0,21.1,0,1,342039.0,Current,0,0,,0.0,0,3,0,0,0,0,2.326795918367347,0.4196193718087575,22.744855330341945,4,2,0,0.1125202058785581,Low Risk
TCU-02818,Gaborone Main,LO020,Vehicle Loan,32,Private Sector,23838.0,456200.0,13.82,72,9356.0,11,365878.0,2024-08-03,0.3925,850,0,2.4,1,0,0.0,Current,0,0,,0.0,0,0,0,0,1,0,0.0,0.39248259082137765,19.1375115362027,1,5,3,0.16454052079016868,Low Risk
TCU-02819,Francistown,LO008,Business Loan,22,Farmer,11728.0,180000.0,21.67,84,4180.0,1,159182.0,2025-05-24,0.3564,712,2,3.2,2,1,181829.0,Current,0,0,,0.0,0,2,0,0,0,0,1.010161111111111,0.3564120054570259,15.347885402455661,0,1,0,0.23284110454261178,Medium Risk
TCU-02820,Francistown,LO011,Business Loan,39,Self-Employed,21487.0,220400.0,13.15,84,4028.0,1,201481.0,2025-05-22,0.1875,776,1,14.5,0,1,395042.0,Current,0,0,,0.0,0,1,0,0,0,0,1.7923865698729582,0.18746218643831153,10.257364918322708,0,1,4,0.10054462631106001,Low Risk
TCU-02821,Maun,LO015,Personal Loan,60,Government Employee,18152.0,85100.0,12.22,60,1902.0,3,78047.0,2025-03-31,0.1048,846,4,29.1,2,1,176213.0,Defaulted,244,5,Letter Sent,43448.0,1,0,0,0,0,0,2.0706580493537015,0.10478184222124284,4.688188629352138,3,4,1,0.436963136010138,Medium Risk
TCU-02822,Selebi-Phikwe,LO007,Personal Loan,60,Student,1696.0,11000.0,21.51,36,417.0,8,8422.0,2024-10-15,0.2459,657,3,14.3,1,0,0.0,Current,0,0,,0.0,0,3,0,1,0,0,0.0,0.24587264150943397,6.485849056603773,4,4,5,0.2939887181731737,Medium Risk
TCU-02823,Selebi-Phikwe,LO014,Agriculture Loan,27,Student,3366.0,72800.0,14.96,72,1538.0,17,49784.0,2024-01-21,0.4569,651,2,16.6,0,0,0.0,Early (1–29 days),24,1,,0.0,0,3,1,1,0,0,0.0,0.45692216280451575,21.62804515745692,4,0,5,0.19821931355578734,Low Risk
TCU-02824,Francistown,LO012,Education Loan,23,Pensioner,7813.0,62400.0,10.0,48,1583.0,4,53404.0,2025-02-27,0.2026,610,2,10.1,0,0,0.0,Current,0,0,,0.0,0,3,0,0,0,0,0.0,0.2026110328938948,7.9866888519134775,0,2,2,0.12102102237892226,Low Risk
TCU-02825,Lobatse,LO014,Personal Loan,24,Self-Employed,33671.0,284100.0,14.29,12,25547.0,7,112040.0,2024-11-03,0.7587,850,4,14.5,2,0,0.0,Defaulted,115,7,SMS Sent,68985.0,1,0,1,0,1,0,0.0,0.7587241246176235,8.437527842950907,2,4,4,0.7690285389678152,Critical
TCU-02826,Lobatse,LO018,Vehicle Loan,55,Farmer,6978.0,29800.0,11.06,72,568.0,9,23320.0,2024-09-17,0.0814,707,0,20.5,0,0,0.0,Early (1–29 days),7,1,,0.0,0,2,0,0,0,0,0.0,0.08139868157065061,4.270564631699627,2,5,0,0.09968244974408687,Low Risk
TCU-02827,Selebi-Phikwe,LO001,Personal Loan,52,Student,1997.0,29900.0,10.66,36,974.0,17,14447.0,2024-01-25,0.4877,592,2,25.1,0,0,0.0,Current,0,0,,0.0,0,3,1,1,0,0,0.0,0.4877315973960941,14.972458688032049,4,4,5,0.45988701241443997,High Risk
TCU-02828,Francistown,LO017,Vehicle Loan,55,Private Sector,26470.0,193400.0,13.33,36,6547.0,8,132819.0,2024-10-13,0.2473,850,2,17.8,0,0,0.0,Current,0,0,,0.0,0,0,0,0,0,0,0.0,0.24733660748016623,7.306384586324141,0,5,3,0.09905462774125016,Low Risk
TCU-02829,Maun,LO015,Agriculture Loan,44,Student,2502.0,23600.0,12.11,24,1112.0,16,7008.0,2024-02-27,0.4444,797,0,20.1,2,1,50071.0,Current,0,0,,0.0,0,1,1,1,0,0,2.1216525423728814,0.4444444444444444,9.432454036770583,3,0,5,0.2743500250158821,Medium Risk
TCU-02830,Maun,LO001,Vehicle Loan,44,Private Sector,9010.0,150000.0,16.8,12,13666.0,8,47092.0,2024-10-09,1.5168,747,4,19.8,1,0,0.0,Late (30–89 days),43,1,Legal Notice,6783.0,1,1,1,0,0,0,0.0,1.5167591564927858,16.64816870144284,3,5,3,0.9429207247882015,Critical
TCU-02831,Lobatse,LO013,Agriculture Loan,35,Student,4510.0,47900.0,17.05,84,980.0,16,37936.0,2024-03-01,0.2173,677,1,11.5,0,1,78704.0,Current,0,0,,0.0,0,2,0,1,0,0,1.643089770354906,0.21729490022172948,10.620842572062084,2,0,5,0.11587359834427914,Low Risk
TCU-02832,Lobatse,LO012,Personal Loan,31,Farmer,5548.0,81500.0,12.84,36,2740.0,15,44305.0,2024-03-18,0.4939,668,1,26.4,0,1,80898.0,Current,0,0,,0.0,0,3,1,0,0,0,0.9926134969325153,0.4938716654650324,14.689978370583994,2,4,0,0.07500066754562008,Low Risk
TCU-02833,Lobatse,LO017,Business Loan,68,Farmer,6295.0,64000.0,20.72,84,1449.0,3,58301.0,2025-03-07,0.2302,767,2,22.1,1,0,0.0,Late (30–89 days),83,2,SMS Sent,8788.0,1,1,0,0,0,0,0.0,0.2301826846703733,10.16679904686259,2,1,0,0.4918350741413824,High Risk
TCU-02834,Francistown,LO008,Education Loan,45,Self-Employed,32301.0,163600.0,10.08,36,5285.0,13,101656.0,2024-05-14,0.1636,850,3,16.6,0,1,314678.0,Late (30–89 days),87,1,Letter Sent,11002.0,1,0,0,0,0,0,1.9234596577017116,0.1636172254728956,5.064858673106095,0,2,4,0.40765318293015235,Medium Risk
TCU-02835,Selebi-Phikwe,LO011,Education Loan,58,Private Sector,8007.0,11000.0,9.2,24,504.0,2,10012.0,2025-04-29,0.0629,734,1,15.0,3,1,21952.0,Current,0,0,,0.0,0,2,0,0,0,0,1.9956363636363637,0.06294492319220682,1.3737979268140377,4,2,3,0.14614229521991443,Low Risk
TCU-02836,Lobatse,LO002,Agriculture Loan,44,Government Employee,22178.0,158800.0,10.21,36,5140.0,13,99502.0,2024-05-22,0.2318,850,2,9.3,0,1,367706.0,Current,0,0,,0.0,0,0,0,0,0,0,2.315528967254408,0.2317612047975471,7.16024889530165,2,0,1,0.14464412681864544,Low Risk
TCU-02837,Selebi-Phikwe,LO020,Vehicle Loan,59,Private Sector,20691.0,373200.0,11.58,72,7215.0,13,260207.0,2024-06-03,0.3487,850,4,11.3,0,1,457810.0,Current,0,0,,0.0,0,0,0,0,1,0,1.2267148981779208,0.34870233434826736,18.0368276062056,4,5,3,0.07182456243507836,Low Risk
TCU-02838,Maun,LO008,Home Loan,36,Government Employee,18600.0,184000.0,17.29,60,4602.0,13,137445.0,2024-05-26,0.2474,832,1,9.1,0,0,0.0,Current,0,0,,0.0,0,0,0,0,0,0,0.0,0.24741935483870967,9.89247311827957,3,3,1,0.09803342476228075,Low Risk
TCU-02839,Francistown,LO020,Personal Loan,62,Government Employee,11864.0,84500.0,20.76,84,1915.0,17,59534.0,2024-01-08,0.1614,823,0,15.0,0,0,0.0,Early (1–29 days),14,1,,0.0,0,0,0,0,0,0,0.0,0.1614126770060688,7.122387053270398,0,4,1,0.1185976660851848,Low Risk
TCU-02840,Lobatse,LO010,Agriculture Loan,35,Self-Employed,30504.0,469800.0,13.67,36,15981.0,9,348717.0,2024-09-24,0.5239,850,1,14.6,0,1,1008999.0,Current,0,0,,0.0,0,0,1,0,1,0,2.14772030651341,0.5238985051140834,15.40125885129819,2,0,4,0.05257832414664821,Low Risk
TCU-02841,Lobatse,LO004,Vehicle Loan,62,Pensioner,4481.0,136600.0,17.51,36,4905.0,17,66586.0,2024-01-30,1.0946,753,3,4.1,0,1,177603.0,Late (30–89 days),63,2,,10233.0,1,1,1,1,0,0,1.3001683748169839,1.0946217362195938,30.48426690470877,2,5,2,0.878076513426898,Critical
TCU-02842,Selebi-Phikwe,LO006,Personal Loan,67,Pensioner,5256.0,49300.0,11.96,24,2320.0,13,20838.0,2024-05-09,0.4414,635,0,8.2,1,1,120485.0,Current,0,0,,0.0,0,3,1,0,0,0,2.443914807302231,0.441400304414003,9.379756468797565,4,4,2,0.2669433326130726,Medium Risk
TCU-02843,Lobatse,LO006,Home Loan,57,Self-Employed,17201.0,86900.0,19.68,24,4409.0,14,30935.0,2024-05-03,0.2563,850,0,16.3,0,1,170228.0,Current,0,0,,0.0,0,0,0,0,0,0,1.9588952819332566,0.2563223068426254,5.052031858612871,2,3,4,0.13717722421292408,Low Risk
TCU-02844,Selebi-Phikwe,LO008,Vehicle Loan,67,Private Sector,21258.0,452200.0,9.22,60,9435.0,9,364576.0,2024-09-22,0.4438,850,1,3.2,1,0,0.0,Early (1–29 days),7,1,,0.0,0,0,1,0,1,0,0.0,0.44383290996330793,21.271991720763946,4,5,3,0.34681470076410875,Medium Risk
TCU-02845,Gaborone Main,LO014,Business Loan,31,Self-Employed,35808.0,484900.0,9.97,24,22369.0,6,323342.0,2024-12-25,0.6247,850,1,5.5,1,1,1010231.0,Current,0,0,,0.0,0,0,1,0,1,0,2.0833800783666736,0.6246928060768543,13.541666666666666,1,1,4,0.1991415922786485,Low Risk
TCU-02846,Maun,LO004,Agriculture Loan,57,Government Employee,14009.0,333800.0,23.92,12,31551.0,2,274630.0,2025-04-05,2.2522,850,1,4.7,0,0,0.0,Late (30–89 days),57,2,Legal Notice,52223.0,1,0,1,0,1,0,0.0,2.0,23.827539438932114,3,0,1,0.9491599487148321,Critical
TCU-02847,Gaborone Main,LO009,Personal Loan,62,Self-Employed,25363.0,422600.0,11.3,48,10984.0,8,316093.0,2024-10-11,0.4331,850,0,26.7,0,0,0.0,Late (30–89 days),57,1,Home Visit,109299.0,1,0,1,0,1,0,0.0,0.43307179750029573,16.662066790206207,1,4,4,0.16627372485056907,Low Risk
TCU-02848,Selebi-Phikwe,LO010,Business Loan,66,Private Sector,14970.0,250200.0,11.3,36,8227.0,4,197179.0,2025-02-07,0.5496,850,1,19.6,0,0,0.0,Current,0,0,,0.0,0,0,1,0,1,0,0.0,0.5495657982631931,16.713426853707414,4,1,3,0.20191566294894264,Medium Risk
TCU-02849,Francistown,LO005,Business Loan,56,Farmer,3795.0,28200.0,13.46,48,763.0,8,21657.0,2024-10-15,0.2011,672,0,15.0,0,1,41738.0,Current,0,0,,0.0,0,2,0,1,0,0,1.4800709219858157,0.20105401844532278,7.430830039525691,0,1,0,0.1026133277808866,Low Risk
TCU-02850,Selebi-Phikwe,LO009,Personal Loan,54,Pensioner,7706.0,210600.0,11.65,60,4648.0,4,175321.0,2025-02-04,0.6032,666,2,18.2,0,1,422933.0,Current,0,0,,0.0,0,3,1,0,0,0,2.0082288698955364,0.6031663638723073,27.329353750324422,4,4,2,0.13076943747449005,Low Risk
TCU-02851,Maun,LO010,Business Loan,28,Student,3967.0,89900.0,15.55,12,8138.0,12,0.0,2024-06-10,2.0514,649,0,2.4,0,1,105357.0,Late (30–89 days),77,2,Home Visit,0.0,1,3,1,1,0,0,1.1719354838709677,2.0,22.661961179732796,3,1,5,0.9378866503616554,Critical
TCU-02852,Maun,LO003,Home Loan,44,Pensioner,5592.0,33300.0,20.4,36,1244.0,10,23660.0,2024-08-18,0.2225,678,4,13.6,1,0,0.0,Current,0,0,,0.0,0,2,0,0,0,0,0.0,0.2224606580829757,5.954935622317596,3,3,2,0.2784881940655783,Medium Risk
TCU-02853,Selebi-Phikwe,LO005,Home Loan,30,Farmer,5936.0,144200.0,20.18,24,7352.0,16,41135.0,2024-02-09,1.2385,603,3,6.6,0,0,0.0,Late (30–89 days),34,2,Called,9257.0,1,3,1,0,0,0,0.0,1.238544474393531,24.29245283018868,4,3,0,0.8060509463624682,Critical
TCU-02854,Maun,LO014,Business Loan,64,Student,3677.0,29700.0,15.53,84,582.0,14,23791.0,2024-04-15,0.1583,736,0,19.5,1,1,45864.0,Current,0,0,,0.0,0,2,0,1,0,0,1.5442424242424242,0.15828120750611913,8.077236877889584,3,1,5,0.13366410681031554,Low Risk
TCU-02855,Lobatse,LO015,Business Loan,44,Student,2546.0,45000.0,13.82,12,4037.0,12,0.0,2024-02-07,1.5856,584,1,20.1,1,1,53908.0,Late (30–89 days),89,1,Home Visit,0.0,1,3,1,1,0,0,1.1979555555555557,1.5856245090337784,17.674783974862528,2,1,5,0.8832637293716255,Critical
TCU-02856,Lobatse,LO002,Education Loan,31,Student,3057.0,22200.0,14.6,48,613.0,10,16645.0,2024-08-25,0.2005,677,3,22.1,0,0,0.0,Current,0,0,,0.0,0,2,0,1,0,0,0.0,0.20052338894340857,7.262021589793916,2,2,5,0.2073588431794355,Medium Risk
TCU-02857,Selebi-Phikwe,LO008,Vehicle Loan,45,Private Sector,6275.0,117700.0,14.2,36,4034.0,17,58869.0,2024-01-10,0.6429,693,4,7.3,0,1,107432.0,Late (30–89 days),64,1,,5953.0,1,2,1,0,0,0,0.9127612574341546,0.6428685258964143,18.756972111553786,4,5,3,0.5917281489902669,High Risk
TCU-02858,Gaborone Main,LO016,Vehicle Loan,52,Pensioner,9115.0,271800.0,19.76,60,7165.0,4,220332.0,2025-02-15,0.7861,844,1,11.5,1,1,338025.0,Early (1–29 days),29,1,,0.0,0,0,1,0,1,0,1.2436534216335542,0.7860669226549644,29.81897970378497,1,5,2,0.40044478048962434,Medium Risk
TCU-02859,Francistown,LO006,Business Loan,57,Government Employee,19550.0,174400.0,9.79,72,3212.0,4,148053.0,2025-02-27,0.1643,754,1,12.2,3,0,0.0,Early (1–29 days),7,1,,0.0,0,1,0,0,0,0,0.0,0.16429667519181584,8.92071611253197,0,1,1,0.22829880693384194,Medium Risk
TCU-02860,Francistown,LO007,Education Loan,56,Pensioner,5053.0,163200.0,16.59,12,14853.0,12,0.0,2024-05-01,2.9394,737,0,18.2,0,0,0.0,Late (30–89 days),58,2,Called,0.0,1,2,1,0,0,0,0.0,2.0,32.29764496338809,0,2,2,0.9653957195961549,Critical
TCU-02861,Lobatse,LO009,Personal Loan,42,Pensioner,8075.0,259500.0,8.9,84,4162.0,7,212897.0,2024-11-25,0.5154,777,0,8.4,1,0,0.0,Current,0,0,,0.0,0,1,1,0,1,0,0.0,0.5154179566563467,32.136222910216716,2,4,2,0.2576020279542317,Medium Risk
TCU-02862,Maun,LO016,Personal Loan,67,Pensioner,7006.0,27600.0,15.16,60,659.0,16,18692.0,2024-02-14,0.0941,842,3,3.9,2,1,25796.0,Current,0,0,,0.0,0,0,0,0,0,0,0.9346376811594203,0.09406223237225235,3.9394804453325722,3,4,2,0.37925641153624207,Medium Risk
TCU-02863,Gaborone Main,LO006,Business Loan,64,Government Employee,8233.0,76500.0,19.35,36,2818.0,13,43136.0,2024-05-13,0.3423,788,0,4.7,0,1,190253.0,Current,0,0,,0.0,0,1,0,0,0,0,2.4869673202614377,0.3422810640106887,9.291874164945948,1,1,1,0.13489352720325742,Low Risk
TCU-02864,Gaborone Main,LO005,Agriculture Loan,62,Student,4588.0,24500.0,24.0,72,645.0,17,17528.0,2024-01-27,0.1406,765,0,26.6,0,1,30470.0,Current,0,0,,0.0,0,1,0,1,0,0,1.2436734693877551,0.14058413251961638,5.34001743679163,1,0,5,0.09219824007068199,Low Risk
TCU-02865,Selebi-Phikwe,LO020,Education Loan,46,Self-Employed,11931.0,166600.0,13.52,84,3078.0,12,130111.0,2024-06-29,0.258,684,1,20.5,0,1,339837.0,Current,0,0,,0.0,0,2,0,0,0,0,2.0398379351740696,0.2579834045763138,13.963624172324197,4,2,4,0.09201268936052102,Low Risk
TCU-02866,Gaborone Main,LO013,Personal Loan,66,Private Sector,13186.0,257500.0,23.18,60,7286.0,8,204849.0,2024-10-23,0.5526,814,1,17.7,3,1,457839.0,Late (30–89 days),66,1,Home Visit,31907.0,1,0,1,0,1,0,1.7780155339805825,0.5525557409373578,19.52828757773396,1,4,3,0.7428789971551656,Critical
TCU-02867,Maun,LO010,Education Loan,26,Government Employee,9000.0,19000.0,18.72,36,694.0,3,16216.0,2025-03-10,0.0771,605,0,16.2,0,1,32607.0,Current,0,0,,0.0,0,3,0,0,0,0,1.716157894736842,0.07711111111111112,2.111111111111111,3,2,1,0.06122489979244525,Low Risk
TCU-02868,Lobatse,LO002,Home Loan,51,Farmer,5293.0,143500.0,13.66,72,2931.0,6,115999.0,2024-12-15,0.5538,630,2,28.8,3,0,0.0,Late (30–89 days),66,2,Home Visit,32827.0,1,3,1,0,0,0,0.0,0.5537502361609673,27.11127904779898,2,3,0,0.7756714387927676,Critical
TCU-02869,Lobatse,LO001,Personal Loan,34,Private Sector,12067.0,124600.0,21.1,24,6409.0,3,104590.0,2025-03-03,0.5311,694,0,9.4,1,0,0.0,Current,0,0,,0.0,0,2,1,0,0,0,0.0,0.5311179249192012,10.325681611005221,2,4,3,0.41388616323318567,Medium Risk
TCU-02870,Lobatse,LO013,Home Loan,22,Government Employee,17289.0,287200.0,11.44,24,13445.0,9,167702.0,2024-09-22,0.7777,707,1,18.7,0,1,275292.0,Current,0,0,,0.0,0,2,1,0,1,0,0.9585376044568246,0.7776620972872925,16.61171843368616,2,3,1,0.2210399065755105,Medium Risk
TCU-02871,Selebi-Phikwe,LO008,Business Loan,51,Self-Employed,29264.0,278400.0,10.19,48,7086.0,15,175793.0,2024-03-12,0.2421,850,0,4.9,1,1,674941.0,Current,0,0,,0.0,0,0,0,0,1,0,2.424357040229885,0.24214051394204483,9.513395297977036,4,1,4,0.1350175063057322,Low Risk
TCU-02872,Selebi-Phikwe,LO009,Personal Loan,47,Government Employee,11883.0,88800.0,9.08,84,1432.0,6,81342.0,2024-12-06,0.1205,792,1,8.5,1,1,102790.0,Current,0,0,,0.0,0,1,0,0,0,0,1.157545045045045,0.1205082891525709,7.47286038879071,4,4,1,0.19242358423085007,Low Risk
TCU-02873,Gaborone Main,LO008,Business Loan,43,Self-Employed,17820.0,7800.0,21.74,72,195.0,14,6099.0,2024-04-15,0.0109,850,3,16.8,0,0,0.0,Early (1–29 days),5,1,,0.0,0,0,0,0,0,0,0.0,0.010942760942760943,0.4377104377104377,1,1,4,0.17099184602812711,Low Risk
TCU-02874,Francistown,LO007,Vehicle Loan,31,Government Employee,8519.0,243000.0,9.14,72,4397.0,4,228527.0,2025-02-23,0.5161,583,1,18.8,0,1,402539.0,Current,0,0,,0.0,0,3,1,0,1,0,1.6565390946502057,0.5161403920647963,28.52447470360371,0,5,1,0.09536529459183062,Low Risk
TCU-02875,Gaborone Main,LO020,Vehicle Loan,58,Self-Employed,28262.0,270800.0,13.71,60,6260.0,5,229587.0,2025-01-27,0.2215,850,3,1.7,2,1,412359.0,Current,0,0,,0.0,0,0,0,0,1,1,1.5227437223042837,0.22149883235439813,9.581770575330832,1,5,4,0.2956510860541161,Medium Risk
TCU-02876,Maun,LO013,Agriculture Loan,50,Farmer,4147.0,11900.0,23.81,48,387.0,6,10303.0,2024-12-22,0.0933,667,2,5.2,0,1,26173.0,Current,0,0,,0.0,0,3,0,1,0,0,2.199411764705882,0.09332047263081746,2.8695442488545937,3,0,0,0.1362884106677208,Low Risk
TCU-02877,Selebi-Phikwe,LO013,Vehicle Loan,29,Self-Employed,29816.0,308600.0,20.19,24,15735.0,9,166046.0,2024-10-01,0.5277,850,1,19.1,0,1,251383.0,Current,0,0,,0.0,0,0,1,0,1,0,0.8145917044718082,0.5277367856184599,10.350147571773544,4,5,4,0.09085954741396231,Low Risk
TCU-02878,Francistown,LO009,Vehicle Loan,42,Student,3670.0,72800.0,13.0,36,2453.0,16,39268.0,2024-02-14,0.6684,674,0,8.2,0,1,121886.0,Current,0,0,,0.0,0,2,1,1,0,0,1.6742582417582417,0.6683923705722071,19.83651226158038,0,5,5,0.2971162622259891,Medium Risk
TCU-02879,Selebi-Phikwe,LO019,Personal Loan,66,Government Employee,13201.0,240300.0,16.48,60,5905.0,8,196438.0,2024-10-22,0.4473,850,0,8.8,0,1,514303.0,Current,0,0,,0.0,0,0,1,0,1,0,2.140253849354973,0.44731459737898643,18.20316642678585,4,4,1,0.09902382506292419,Low Risk
TCU-02880,Maun,LO002,Home Loan,45,Pensioner,8077.0,132400.0,16.66,60,3266.0,17,83320.0,2024-01-19,0.4044,622,0,23.3,0,1,225920.0,Current,0,0,,0.0,0,3,0,0,0,0,1.706344410876133,0.4043580537328216,16.392224835953943,3,3,2,0.0714148566063669,Low Risk
TCU-02881,Lobatse,LO008,Business Loan,23,Private Sector,10868.0,256100.0,15.46,36,8936.0,13,152928.0,2024-05-24,0.8222,661,1,3.5,1,0,0.0,Current,0,0,,0.0,0,3,1,0,1,0,0.0,0.8222304011777696,23.564593301435405,2,1,3,0.32310427722568025,Medium Risk
TCU-02882,Maun,LO008,Business Loan,36,Private Sector,9358.0,177400.0,16.39,36,6271.0,17,83851.0,2024-01-18,0.6701,695,0,5.6,0,1,180730.0,Late (30–89 days),83,2,Letter Sent,14697.0,1,2,1,0,0,0,1.018771138669673,0.6701218209019021,18.957042103013464,3,1,3,0.2324044201057066,Medium Risk
TCU-02883,Lobatse,LO012,Personal Loan,41,Student,2010.0,21600.0,9.63,72,396.0,15,15532.0,2024-03-13,0.197,537,1,7.8,0,0,0.0,Early (1–29 days),20,1,,0.0,0,4,0,1,0,0,0.0,0.19701492537313434,10.746268656716419,2,4,5,0.19067668628303946,Low Risk
TCU-02884,Maun,LO004,Agriculture Loan,62,Student,2562.0,49600.0,15.43,84,969.0,1,42922.0,2025-05-20,0.3782,679,0,7.7,0,0,0.0,Current,0,0,,0.0,0,2,0,1,0,0,0.0,0.37822014051522246,19.359875097580016,3,0,5,0.14016115528977516,Low Risk
TCU-02885,Gaborone Main,LO015,Education Loan,28,Private Sector,14218.0,276100.0,18.42,84,5871.0,11,236346.0,2024-07-29,0.4129,755,0,10.4,1,1,502544.0,Current,0,0,,0.0,0,1,0,0,1,0,1.8201521187975371,0.4129272752848502,19.419046279364185,1,2,3,0.14280236024123807,Low Risk
TCU-02886,Selebi-Phikwe,LO014,Vehicle Loan,49,Pensioner,6632.0,71300.0,17.96,84,1497.0,1,68037.0,2025-05-28,0.2257,680,0,7.6,1,1,125961.0,Current,0,0,,0.0,0,2,0,0,0,0,1.766633941093969,0.22572376357056695,10.750904704463208,4,5,2,0.18425509918923041,Low Risk
TCU-02887,Gaborone Main,LO019,Education Loan,44,Private Sector,21834.0,140700.0,23.17,84,3398.0,17,96523.0,2024-02-04,0.1556,850,1,26.5,0,0,0.0,Current,0,0,,0.0,0,0,0,0,0,0,0.0,0.15562883576074013,6.444078043418521,1,2,3,0.10117940239905863,Low Risk
TCU-02888,Maun,LO013,Vehicle Loan,61,Private Sector,18916.0,120700.0,19.19,48,3621.0,8,87875.0,2024-10-13,0.1914,850,2,15.5,0,1,125565.0,Current,0,0,,0.0,0,0,0,0,0,0,1.0403065451532725,0.1914252484669063,6.380841615563544,3,5,3,0.10499486812317682,Low Risk
TCU-02889,Maun,LO015,Agriculture Loan,58,Farmer,12857.0,41800.0,16.13,36,1472.0,12,26213.0,2024-06-17,0.1145,773,0,28.5,2,1,62070.0,Early (1–29 days),13,1,,0.0,0,1,0,0,0,0,1.4849282296650719,0.11449016100178891,3.2511472349692774,3,0,0,0.19306726847009625,Low Risk
TCU-02890,Selebi-Phikwe,LO009,Home Loan,59,Private Sector,6648.0,119100.0,18.07,72,2721.0,12,90055.0,2024-06-20,0.4093,704,3,26.6,1,1,151268.0,Current,0,0,,0.0,0,2,0,0,0,0,1.2700923593618807,0.4092960288808664,17.915162454873645,4,3,3,0.3412187066243555,Medium Risk
TCU-02891,Maun,LO018,Personal Loan,26,Private Sector,10450.0,80400.0,17.79,36,2898.0,2,69507.0,2025-05-01,0.2773,697,0,8.4,0,0,0.0,Current,0,0,,0.0,0,2,0,0,0,0,0.0,0.2773205741626794,7.69377990430622,3,4,3,0.08270737792017652,Low Risk
TCU-02892,Maun,LO013,Home Loan,47,Government Employee,12187.0,18400.0,10.98,48,475.0,4,16596.0,2025-02-06,0.039,819,4,0.8,2,0,0.0,Defaulted,201,12,Legal Notice,11890.0,1,0,0,0,0,1,0.0,0.03897595798802002,1.5098055304833018,3,3,1,0.7294027105733165,Critical
TCU-02893,Maun,LO016,Vehicle Loan,35,Farmer,7558.0,225600.0,16.14,72,4911.0,1,219497.0,2025-05-08,0.6498,742,0,8.1,0,1,445803.0,Current,0,0,,0.0,0,1,1,0,0,0,1.9760771276595746,0.6497750727705742,29.849166446149773,3,5,0,0.17621985709676408,Low Risk
TCU-02894,Francistown,LO017,Business Loan,48,Government Employee,15253.0,71000.0,19.57,60,1864.0,2,62954.0,2025-04-17,0.1222,850,1,25.4,0,0,0.0,Current,0,0,,0.0,0,0,0,0,0,0,0.0,0.12220546777683079,4.65482200222907,0,1,1,0.13539636571259417,Low Risk
TCU-02895,Lobatse,LO004,Business Loan,24,Farmer,13163.0,310900.0,19.71,36,11508.0,16,161297.0,2024-02-07,0.8743,565,0,23.8,2,1,389375.0,Defaulted,283,5,SMS Sent,84545.0,1,4,1,0,1,0,1.2524123512383403,0.8742687837119197,23.619235736534225,2,1,0,0.7771905930066165,Critical
TCU-02896,Selebi-Phikwe,LO020,Business Loan,46,Self-Employed,26641.0,393500.0,16.8,48,11314.0,7,289205.0,2024-11-20,0.4247,850,0,10.4,0,0,0.0,Current,0,0,,0.0,0,0,0,0,1,0,0.0,0.4246837581171878,14.770466574077549,4,1,4,0.08315879938569251,Low Risk
TCU-02897,Selebi-Phikwe,LO001,Personal Loan,41,Farmer,8044.0,264600.0,22.75,72,6767.0,13,205878.0,2024-06-03,0.8412,729,4,12.3,1,0,0.0,Defaulted,331,11,Home Visit,137280.0,1,2,1,0,1,0,0.0,0.8412481352560915,32.894082545997016,4,4,0,0.5305245238224819,High Risk
TCU-02898,Francistown,LO011,Home Loan,66,Private Sector,26704.0,465900.0,11.02,12,41181.0,7,175471.0,2024-11-14,1.5421,850,2,24.5,0,0,0.0,Current,0,0,,0.0,0,0,1,0,1,0,0.0,1.5421285200718993,17.446824445775913,0,3,3,0.36184952484683564,Medium Risk
TCU-02899,Gaborone Main,LO002,Home Loan,25,Self-Employed,33796.0,374600.0,23.2,72,9681.0,4,334824.0,2025-02-12,0.2865,850,1,1.8,0,1,465913.0,Current,0,0,,0.0,0,0,0,0,1,1,1.2437613454351308,0.2864540182270091,11.084151970647413,1,3,4,0.0649842667505925,Low Risk
TCU-02900,Lobatse,LO008,Business Loan,43,Pensioner,4932.0,64000.0,11.11,12,5660.0,4,39741.0,2025-02-25,1.1476,681,0,29.1,1,1,109839.0,Current,0,0,,0.0,0,2,1,1,0,0,1.716234375,1.1476074614760745,12.976480129764802,2,1,2,0.3645188376951527,Medium Risk
TCU-02901,Lobatse,LO017,Education Loan,27,Self-Employed,18179.0,197100.0,18.69,72,4573.0,15,151979.0,2024-04-06,0.2516,762,2,27.2,0,1,408988.0,Current,0,0,,0.0,0,1,0,0,0,0,2.0750279046169458,0.25155399086858465,10.842180537983387,2,2,4,0.08779796501374224,Low Risk
TCU-02902,Francistown,LO018,Business Loan,26,Self-Employed,12012.0,235500.0,21.65,36,8951.0,8,171910.0,2024-10-18,0.7452,731,0,21.2,0,1,445812.0,Current,0,0,,0.0,0,2,1,0,1,0,1.893044585987261,0.7451714951714952,19.605394605394604,0,1,4,0.1762482057301025,Low Risk
TCU-02903,Selebi-Phikwe,LO014,Agriculture Loan,39,Self-Employed,38844.0,384900.0,22.97,48,12330.0,15,260411.0,2024-03-19,0.3174,850,0,20.3,0,1,863658.0,Current,0,0,,0.0,0,0,0,0,1,0,2.243850350740452,0.31742354031510656,9.908866234167439,4,0,4,0.09041747322663996,Low Risk
TCU-02904,Lobatse,LO006,Agriculture Loan,26,Farmer,14402.0,40000.0,21.78,72,1000.0,2,34383.0,2025-04-27,0.0694,713,1,27.7,1,1,72702.0,Current,0,0,,0.0,0,2,0,0,0,0,1.81755,0.06943480072212192,2.777392028884877,2,0,0,0.1490895455035147,Low Risk
TCU-02905,Gaborone Main,LO004,Education Loan,53,Private Sector,27544.0,396100.0,17.56,48,11545.0,5,343934.0,2025-01-16,0.4191,850,0,11.5,0,0,0.0,Current,0,0,,0.0,0,0,0,0,1,0,0.0,0.41914754574498986,14.380627359860586,1,2,3,0.06927386073740122,Low Risk
TCU-02906,Lobatse,LO010,Home Loan,57,Farmer,13111.0,15800.0,14.57,60,372.0,8,11858.0,2024-10-07,0.0284,774,0,14.3,0,0,0.0,Current,0,0,,0.0,0,1,0,0,0,0,0.0,0.028373121806117,1.205094958431851,2,3,0,0.07498029855584551,Low Risk
TCU-02907,Lobatse,LO003,Home Loan,51,Private Sector,21198.0,291200.0,17.73,48,8513.0,13,197345.0,2024-05-14,0.4016,834,0,1.1,3,0,0.0,Current,0,0,,0.0,0,0,0,0,1,1,0.0,0.40159449004623077,13.737145013680536,2,3,3,0.20949955938747342,Medium Risk
TCU-02908,Lobatse,LO003,Vehicle Loan,47,Private Sector,23069.0,145600.0,17.83,24,7257.0,2,121320.0,2025-04-06,0.3146,850,1,21.0,0,0,0.0,Current,0,0,,0.0,0,0,0,0,0,0,0.0,0.3145780051150895,6.311500281763405,2,5,3,0.08660786792146816,Low Risk
TCU-02909,Selebi-Phikwe,LO012,Business Loan,27,Student,2432.0,13100.0,18.32,72,301.0,3,12125.0,2025-03-27,0.1238,649,2,9.8,2,0,0.0,Late (30–89 days),56,1,SMS Sent,1674.0,1,3,0,1,0,0,0.0,0.12376644736842106,5.386513157894737,4,1,5,0.7675156403310522,Critical
TCU-02910,Selebi-Phikwe,LO006,Vehicle Loan,59,Government Employee,18454.0,212700.0,15.95,84,4219.0,2,201038.0,2025-04-10,0.2286,833,1,25.1,3,1,462917.0,Current,0,0,,0.0,0,0,0,0,0,0,2.176384579219558,0.22862252086268559,11.525956432209819,4,5,1,0.3715830123606159,Medium Risk
TCU-02911,Lobatse,LO014,Education Loan,34,Government Employee,10963.0,123000.0,23.16,84,2970.0,13,102211.0,2024-05-09,0.2709,798,1,13.7,0,1,175864.0,Current,0,0,,0.0,0,1,0,0,0,0,1.429788617886179,0.2709112469214631,11.219556690686856,2,2,1,0.10461207693636423,Low Risk
TCU-02912,Gaborone Main,LO003,Business Loan,67,Farmer,10424.0,105500.0,18.97,60,2735.0,9,85448.0,2024-09-18,0.2624,813,0,26.4,0,1,171828.0,Current,0,0,,0.0,0,0,0,0,0,0,1.628701421800948,0.2623752877973906,10.120874904067536,1,1,0,0.10279304196006211,Low Risk
TCU-02913,Selebi-Phikwe,LO012,Business Loan,66,Student,3420.0,12400.0,12.54,36,415.0,2,11175.0,2025-04-25,0.1213,661,3,10.4,0,1,12576.0,Late (30–89 days),79,2,Letter Sent,3707.0,1,3,0,1,0,0,1.0141935483870967,0.12134502923976608,3.625730994152047,4,1,5,0.32530901586223854,Medium Risk
TCU-02914,Lobatse,LO016,Agriculture Loan,68,Student,3081.0,35600.0,10.6,12,3140.0,12,0.0,2024-03-25,1.0191,719,3,6.7,0,1,71897.0,Current,0,0,,0.0,0,2,1,1,0,0,2.0195786516853933,1.0191496267445634,11.554690035702693,2,0,5,0.2529992248829561,Medium Risk
TCU-02915,Selebi-Phikwe,LO001,Home Loan,33,Government Employee,22188.0,264800.0,15.83,84,5234.0,17,209915.0,2024-01-29,0.2359,850,1,24.1,0,1,248110.0,Current,0,0,,0.0,0,0,0,0,1,0,0.9369712990936556,0.23589327564449253,11.934378943573103,4,3,1,0.06487537886457333,Low Risk
TCU-02916,Maun,LO017,Business Loan,38,Farmer,14758.0,144800.0,17.94,12,13271.0,12,0.0,2024-04-08,0.8992,660,1,16.6,0,0,0.0,Current,0,0,,0.0,0,3,1,0,0,0,0.0,0.8992410895785337,9.81162759181461,3,1,0,0.48747878270506256,High Risk
TCU-02917,Lobatse,LO013,Personal Loan,31,Government Employee,19643.0,83200.0,8.82,72,1492.0,5,66093.0,2025-01-07,0.076,761,0,17.4,0,1,108236.0,Current,0,0,,0.0,0,1,0,0,0,0,1.3009134615384614,0.07595581123046379,4.2356055592322965,2,4,1,0.1081786813789077,Low Risk
TCU-02918,Francistown,LO009,Agriculture Loan,65,Pensioner,6664.0,63300.0,17.28,84,1304.0,7,57376.0,2024-11-05,0.1957,727,0,8.9,0,0,0.0,Current,0,0,,0.0,0,2,0,0,0,0,0.0,0.19567827130852342,9.498799519807923,0,0,2,0.09592780595742789,Low Risk
TCU-02919,Selebi-Phikwe,LO006,Personal Loan,27,Pensioner,5335.0,63700.0,23.01,60,1796.0,5,49720.0,2025-01-17,0.3366,791,1,24.4,0,0,0.0,Current,0,0,,0.0,0,1,0,0,0,0,0.0,0.3366447985004686,11.940018744142456,4,4,2,0.11810474292888666,Low Risk
TCU-02920,Gaborone Main,LO018,Vehicle Loan,54,Student,2025.0,51200.0,22.03,36,1956.0,15,28654.0,2024-03-18,0.9659,610,1,25.4,0,0,0.0,Defaulted,99,7,Legal Notice,15866.0,1,3,1,1,0,0,0.0,0.965925925925926,25.28395061728395,1,5,5,0.5304234746934827,High Risk
TCU-02921,Selebi-Phikwe,LO006,Education Loan,27,Farmer,13319.0,112700.0,12.7,84,2032.0,17,77588.0,2024-02-03,0.1526,669,2,5.2,0,1,195508.0,Current,0,0,,0.0,0,3,0,0,0,0,1.7347648624667258,0.1525640063067798,8.461596215932127,4,2,0,0.20268292138357244,Medium Risk
TCU-02922,Maun,LO004,Business Loan,33,Private Sector,18255.0,365100.0,19.34,84,7963.0,7,290742.0,2024-11-15,0.4362,774,0,20.5,0,0,0.0,Current,0,0,,0.0,0,1,1,0,1,0,0.0,0.43620925773760616,20.0,3,1,3,0.13400450752384088,Low Risk
TCU-02923,Lobatse,LO006,Agriculture Loan,33,Self-Employed,35515.0,429200.0,8.92,72,7720.0,4,370827.0,2025-02-13,0.2174,850,0,19.1,0,1,982303.0,Current,0,0,,0.0,0,0,0,0,1,0,2.2886835973904938,0.21737294101084048,12.08503449246797,2,0,4,0.05900145974971724,Low Risk
TCU-02924,Gaborone Main,LO018,Business Loan,56,Farmer,11984.0,137700.0,22.15,72,3472.0,14,99188.0,2024-05-01,0.2897,773,0,2.7,0,1,175550.0,Current,0,0,,0.0,0,1,0,0,0,0,1.2748729121278142,0.2897196261682243,11.490320427236314,1,1,0,0.15589305176157248,Low Risk
TCU-02925,Gaborone Main,LO017,Agriculture Loan,54,Private Sector,6918.0,151300.0,15.5,60,3639.0,18,98384.0,2024-01-03,0.526,768,0,15.8,0,0,0.0,Current,0,0,,0.0,0,1,1,0,0,0,0.0,0.52601908065915,21.870482798496674,1,0,3,0.17449184600241288,Low Risk
TCU-02926,Selebi-Phikwe,LO002,Agriculture Loan,66,Self-Employed,12038.0,232700.0,17.5,36,8354.0,1,193174.0,2025-05-04,0.694,788,2,23.8,0,0,0.0,Current,0,0,,0.0,0,1,1,0,1,0,0.0,0.6939690978567868,19.330453563714904,4,0,4,0.28749914395530307,Medium Risk
TCU-02927,Lobatse,LO020,Education Loan,67,Farmer,12076.0,40400.0,22.23,84,952.0,15,31834.0,2024-03-12,0.0788,826,4,14.7,0,1,37219.0,Current,0,0,,0.0,0,0,0,0,0,0,0.9212623762376237,0.0788340510102683,3.3454786353097052,2,2,0,0.13952775196601686,Low Risk
TCU-02928,Gaborone Main,LO005,Business Loan,33,Farmer,11767.0,138400.0,14.98,12,12490.0,12,0.0,2024-01-17,1.0614,759,0,6.6,0,0,0.0,Current,0,0,,0.0,0,1,1,0,0,0,0.0,1.0614430186113708,11.761706467238888,1,1,0,0.3560006093820556,Medium Risk
TCU-02929,Gaborone Main,LO019,Business Loan,36,Student,3376.0,39900.0,9.53,36,1279.0,9,29877.0,2024-09-10,0.3789,620,1,5.4,0,0,0.0,Current,0,0,,0.0,0,3,0,1,0,0,0.0,0.37885071090047395,11.818720379146919,1,1,5,0.1538623067547356,Low Risk
TCU-02930,Selebi-Phikwe,LO006,Education Loan,56,Pensioner,6703.0,44300.0,23.11,72,1142.0,16,30851.0,2024-02-11,0.1704,650,3,15.5,0,1,37134.0,Late (30–89 days),60,2,Letter Sent,7841.0,1,3,0,0,0,0,0.8382392776523702,0.1703714754587498,6.608981053259734,4,2,2,0.4101698969684692,Medium Risk
TCU-02931,Selebi-Phikwe,LO015,Agriculture Loan,32,Student,1621.0,40000.0,14.21,36,1371.0,9,29290.0,2024-09-08,0.8458,645,0,27.5,0,1,36631.0,Current,0,0,,0.0,0,3,1,1,0,0,0.915775,0.8457742134484886,24.676125848241828,4,0,5,0.27617943698936176,Medium Risk
TCU-02932,Lobatse,LO011,Agriculture Loan,38,Self-Employed,8372.0,73500.0,23.15,72,1897.0,10,55746.0,2024-08-16,0.2266,633,0,5.7,1,0,0.0,Current,0,0,,0.0,0,3,0,0,0,0,0.0,0.2265886287625418,8.779264214046822,2,0,4,0.18792685441367546,Low Risk
TCU-02933,Lobatse,LO020,Business Loan,22,Pensioner,7800.0,16300.0,8.52,60,335.0,2,14039.0,2025-04-08,0.0429,666,1,19.1,1,0,0.0,Current,0,0,,0.0,0,3,0,0,0,0,0.0,0.04294871794871795,2.08974358974359,2,1,2,0.28822893768019553,Medium Risk
TCU-02934,Selebi-Phikwe,LO005,Home Loan,22,Pensioner,5505.0,231100.0,13.62,60,5332.0,14,170391.0,2024-05-01,0.9686,676,2,16.3,0,1,370147.0,Defaulted,147,3,,133112.0,1,2,1,0,1,0,1.601674599740372,0.9685740236148955,41.980018165304266,4,3,2,0.7906160318668666,Critical
TCU-02935,Francistown,LO004,Education Loan,29,Farmer,9243.0,195000.0,20.6,36,7307.0,3,167506.0,2025-03-07,0.7905,732,1,3.1,3,0,0.0,Late (30–89 days),34,2,SMS Sent,28789.0,1,2,1,0,0,0,0.0,0.7905441956074868,21.09704641350211,0,2,0,0.7735697899852706,Critical
TCU-02936,Gaborone Main,LO016,Personal Loan,67,Pensioner,7794.0,121700.0,17.79,48,3562.0,8,98858.0,2024-10-22,0.457,765,3,7.5,0,0,0.0,Current,0,0,,0.0,0,1,1,0,0,0,0.0,0.45701821914293045,15.614575314344368,1,4,2,0.16536854512058824,Low Risk
TCU-02937,Selebi-Phikwe,LO009,Education Loan,22,Government Employee,24288.0,150200.0,23.54,24,7907.0,9,91880.0,2024-10-02,0.3256,850,0,6.9,0,0,0.0,Current,0,0,,0.0,0,0,0,0,0,0,0.0,0.32555171277997363,6.184123847167325,4,2,1,0.09852410404502068,Low Risk
TCU-02938,Lobatse,LO001,Education Loan,34,Student,3178.0,34400.0,17.24,24,1705.0,12,16493.0,2024-06-14,0.5365,542,4,10.2,0,0,0.0,Late (30–89 days),89,1,Called,2621.0,1,4,1,1,0,0,0.0,0.5365009439899308,10.824417872876023,2,2,5,0.7631747879376087,Critical
TCU-02939,Selebi-Phikwe,LO020,Home Loan,26,Student,4676.0,25600.0,12.78,60,580.0,10,19256.0,2024-08-12,0.124,714,1,23.9,0,1,56332.0,Early (1–29 days),8,1,,0.0,0,2,0,1,0,0,2.20046875,0.12403763900769889,5.474764756201882,4,3,5,0.08776091669247287,Low Risk
TCU-02940,Gaborone Main,LO017,Education Loan,58,Farmer,9585.0,100000.0,10.22,48,2547.0,3,84136.0,2025-03-11,0.2657,826,0,11.0,1,0,0.0,Current,0,0,,0.0,0,0,0,0,0,0,0.0,0.26572769953051645,10.432968179447053,1,2,0,0.12766096894291723,Low Risk
TCU-02941,Selebi-Phikwe,LO014,Education Loan,35,Self-Employed,18452.0,348400.0,22.92,36,13472.0,18,158988.0,2024-01-01,0.7301,730,2,4.9,0,1,513788.0,Current,0,0,,0.0,0,2,1,0,1,0,1.474707233065442,0.7301105571211792,18.881422068068503,4,2,4,0.17338567249662468,Low Risk
TCU-02942,Gaborone Main,LO018,Vehicle Loan,23,Government Employee,10973.0,222900.0,19.77,72,5309.0,17,168233.0,2024-01-18,0.4838,702,0,1.4,0,1,423396.0,Current,0,0,,0.0,0,2,1,0,0,1,1.8994885598923283,0.4838239314681491,20.313496764786294,1,5,1,0.10976246618655433,Low Risk
TCU-02943,Gaborone Main,LO014,Agriculture Loan,56,Farmer,3572.0,51400.0,17.51,84,1066.0,9,45496.0,2024-09-06,0.2984,719,2,29.8,0,1,46294.0,Current,0,0,,0.0,0,2,0,1,0,0,0.9006614785992217,0.29843225083986563,14.38969764837626,1,0,0,0.07691577945942235,Low Risk
TCU-02944,Gaborone Main,LO017,Home Loan,45,Student,1662.0,53600.0,12.24,12,4768.0,10,8675.0,2024-08-29,2.8688,526,1,16.1,0,0,0.0,Defaulted,204,5,Legal Notice,4114.0,1,4,1,1,0,0,0.0,2.0,32.250300842358605,1,3,5,0.9167082428771525,Critical
TCU-02945,Selebi-Phikwe,LO008,Business Loan,42,Self-Employed,19206.0,444700.0,8.58,84,7060.0,11,341427.0,2024-07-07,0.3676,850,2,15.2,0,1,1028587.0,Current,0,0,,0.0,0,0,0,0,1,0,2.3129907803013268,0.36759346037696555,23.15422263875872,4,1,4,0.07867861900995117,Low Risk
TCU-02946,Francistown,LO001,Agriculture Loan,58,Government Employee,13483.0,80500.0,17.96,36,2909.0,15,41783.0,2024-03-30,0.2158,850,4,18.9,0,1,109947.0,Current,0,0,,0.0,0,0,0,0,0,0,1.3658012422360248,0.21575317065934882,5.970481346881258,0,0,1,0.1763566679143457,Low Risk
TCU-02947,Selebi-Phikwe,LO019,Agriculture Loan,59,Self-Employed,36867.0,205000.0,16.49,36,7257.0,9,135242.0,2024-09-29,0.1968,850,3,8.6,0,0,0.0,Current,0,0,,0.0,0,0,0,0,0,0,0.0,0.1968427048580031,5.560528385819296,4,0,4,0.1513992114160784,Low Risk
TCU-02948,Francistown,LO008,Personal Loan,52,Private Sector,7004.0,76600.0,10.04,72,1421.0,4,70307.0,2025-02-18,0.2029,672,0,8.9,0,1,158278.0,Current,0,0,,0.0,0,2,0,0,0,0,2.0662924281984334,0.20288406624785837,10.936607652769846,0,4,3,0.08705019699393582,Low Risk
TCU-02949,Gaborone Main,LO019,Home Loan,62,Pensioner,4072.0,9000.0,17.61,24,448.0,16,2770.0,2024-02-22,0.11,715,1,19.9,0,1,13566.0,Early (1–29 days),2,1,,0.0,0,2,0,1,0,0,1.5073333333333334,0.1100196463654224,2.2102161100196462,1,3,2,0.10763941913939544,Low Risk
TCU-02950,Francistown,LO016,Business Loan,62,Self-Employed,31557.0,186900.0,12.46,36,6249.0,10,132150.0,2024-09-02,0.198,850,0,8.3,1,1,365906.0,Current,0,0,,0.0,0,0,0,0,0,0,1.9577635098983415,0.1980226257248788,5.922616218271699,0,1,4,0.1399137371057123,Low Risk
TCU-02951,Gaborone Main,LO002,Education Loan,47,Farmer,8844.0,320900.0,17.45,60,8053.0,15,227911.0,2024-04-03,0.9106,678,0,3.4,0,1,685632.0,Current,0,0,,0.0,0,2,1,0,1,0,2.136590838267373,0.9105608322026233,36.28448665762099,1,2,0,0.339735866572992,Medium Risk
TCU-02952,Lobatse,LO020,Vehicle Loan,25,Self-Employed,16066.0,53100.0,17.23,36,1899.0,8,38807.0,2024-10-05,0.1182,822,0,11.6,1,0,0.0,Current,0,0,,0.0,0,0,0,0,0,0,0.0,0.11819992530810407,3.3051163948711566,2,5,4,0.16154203672427148,Low Risk
TCU-02953,Francistown,LO010,Personal Loan,26,Private Sector,7090.0,75500.0,10.57,60,1625.0,17,53153.0,2024-01-27,0.2292,704,0,13.2,0,0,0.0,Current,0,0,,0.0,0,2,0,0,0,0,0.0,0.22919605077574048,10.648801128349788,0,4,3,0.09054037812181588,Low Risk
TCU-02954,Francistown,LO002,Education Loan,51,Private Sector,13213.0,56600.0,16.53,24,2786.0,8,37535.0,2024-10-31,0.2109,794,4,20.4,0,1,89114.0,Current,0,0,,0.0,0,1,0,0,0,0,1.574452296819788,0.21085294785438582,4.2836600317868765,0,2,3,0.1523229187752671,Low Risk
TCU-02955,Selebi-Phikwe,LO005,Business Loan,67,Private Sector,6947.0,62400.0,16.14,72,1358.0,10,48818.0,2024-08-05,0.1955,818,0,15.2,2,0,0.0,Current,0,0,,0.0,0,0,0,0,0,0,0.0,0.1954800633366921,8.982294515618252,4,1,3,0.3060843946915657,Medium Risk
TCU-02956,Lobatse,LO011,Business Loan,32,Self-Employed,33112.0,369800.0,17.34,12,33787.0,7,137217.0,2024-11-18,1.0204,850,4,7.8,2,1,640096.0,Defaulted,236,6,Legal Notice,55027.0,1,0,1,0,1,0,1.7309248242293132,1.0203853587823146,11.168156559555449,2,1,4,0.7497108748314579,Critical
TCU-02957,Lobatse,LO013,Agriculture Loan,54,Self-Employed,5173.0,145200.0,22.89,36,5612.0,7,112372.0,2024-11-03,1.0849,644,1,17.2,0,0,0.0,Current,0,0,,0.0,0,3,1,0,0,0,0.0,1.084863715445583,28.068818867195052,2,0,4,0.49083248545275326,High Risk
TCU-02958,Gaborone Main,LO004,Home Loan,58,Student,4847.0,121500.0,8.52,48,2996.0,11,87655.0,2024-07-25,0.6181,803,1,10.3,0,0,0.0,Current,0,0,,0.0,0,0,1,1,0,0,0.0,0.6181142975036105,25.067051784609035,1,3,5,0.23198453549765105,Medium Risk
TCU-02959,Maun,LO008,Vehicle Loan,60,Farmer,3551.0,42700.0,14.87,60,1013.0,16,29473.0,2024-03-04,0.2853,639,1,27.3,0,1,72331.0,Current,0,0,,0.0,0,3,0,1,0,0,1.6939344262295082,0.28527175443537034,12.024781751619262,3,5,0,0.0826322668415532,Low Risk
TCU-02960,Maun,LO016,Agriculture Loan,45,Self-Employed,5904.0,51100.0,22.74,36,1971.0,17,23896.0,2024-01-22,0.3338,799,0,17.5,0,1,43964.0,Current,0,0,,0.0,0,1,0,0,0,0,0.8603522504892368,0.33384146341463417,8.655149051490515,3,0,4,0.10827657939912153,Low Risk
TCU-02961,Lobatse,LO002,Agriculture Loan,41,Pensioner,7761.0,227000.0,14.53,48,6264.0,5,178572.0,2025-01-03,0.8071,688,0,13.0,1,0,0.0,Current,0,0,,0.0,0,2,1,0,0,0,0.0,0.8071124855044453,29.248808143280506,2,0,2,0.3913549109039205,Medium Risk
TCU-02962,Maun,LO016,Vehicle Loan,25,Self-Employed,38680.0,289600.0,12.54,36,9694.0,8,197947.0,2024-10-29,0.2506,850,4,24.3,0,0,0.0,Early (1–29 days),5,1,,0.0,0,0,0,0,1,0,0.0,0.25062047569803514,7.487073422957601,3,5,4,0.13691867513981995,Low Risk
TCU-02963,Gaborone Main,LO018,Personal Loan,65,Government Employee,9998.0,23800.0,16.91,48,686.0,11,18149.0,2024-07-14,0.0686,850,0,1.5,0,1,57750.0,Current,0,0,,0.0,0,0,0,0,0,1,2.426470588235294,0.06861372274454891,2.380476095219044,1,4,1,0.07530184981213014,Low Risk
TCU-02964,Selebi-Phikwe,LO018,Vehicle Loan,58,Student,4710.0,75400.0,14.48,48,2079.0,8,62182.0,2024-11-01,0.4414,691,2,28.2,0,1,129913.0,Current,0,0,,0.0,0,2,1,1,0,0,1.7229840848806366,0.44140127388535033,16.008492569002122,4,5,5,0.14052632615571123,Low Risk
TCU-02965,Maun,LO020,Agriculture Loan,53,Private Sector,7070.0,84400.0,14.08,24,4055.0,10,43912.0,2024-08-23,0.5736,803,1,14.6,0,0,0.0,Current,0,0,,0.0,0,0,1,0,0,0,0.0,0.5735502121640735,11.937765205091937,3,0,3,0.17693984040375935,Low Risk
TCU-02966,Maun,LO017,Personal Loan,53,Private Sector,8169.0,283800.0,18.83,36,10379.0,8,206531.0,2024-10-15,1.2705,727,0,1.0,0,0,0.0,Defaulted,95,4,Legal Notice,167451.0,1,2,1,0,1,1,0.0,1.2705349491981883,34.74109438119721,3,4,3,0.8801291844809611,Critical
TCU-02967,Lobatse,LO013,Personal Loan,30,Farmer,13142.0,200400.0,13.51,36,6802.0,5,155843.0,2025-01-07,0.5176,699,0,21.3,2,0,0.0,Current,0,0,,0.0,0,2,1,0,0,0,0.0,0.5175772332978238,15.248820575254907,2,4,0,0.40845076194847296,Medium Risk
TCU-02968,Selebi-Phikwe,LO005,Home Loan,32,Farmer,6668.0,88000.0,19.45,84,1925.0,9,74204.0,2024-09-20,0.2887,756,1,3.1,0,1,203137.0,Current,0,0,,0.0,0,1,0,0,0,0,2.308375,0.28869226154769045,13.197360527894421,4,3,0,0.11418575138786029,Low Risk
TCU-02969,Maun,LO019,Vehicle Loan,28,Private Sector,12208.0,265400.0,14.07,48,7262.0,9,187809.0,2024-09-29,0.5949,766,0,13.6,1,0,0.0,Defaulted,208,10,Letter Sent,89906.0,1,1,1,0,1,0,0.0,0.5948558322411533,21.739842726081257,3,5,3,0.5953852914928219,High Risk
TCU-02970,Selebi-Phikwe,LO008,Business Loan,48,Self-Employed,21880.0,99800.0,13.26,60,2284.0,15,70557.0,2024-03-16,0.1044,850,0,25.0,1,0,0.0,Current,0,0,,0.0,0,0,0,0,0,0,0.0,0.10438756855575869,4.5612431444241315,4,1,4,0.19772216942208082,Low Risk
TCU-02971,Selebi-Phikwe,LO015,Vehicle Loan,26,Private Sector,25006.0,201900.0,22.14,36,7725.0,5,173244.0,2025-01-14,0.3089,791,0,3.4,1,1,260040.0,Current,0,0,,0.0,0,1,0,0,0,0,1.2879643387815751,0.3089258577941294,8.074062225065985,4,5,3,0.15486628416128118,Low Risk
TCU-02972,Francistown,LO003,Agriculture Loan,53,Self-Employed,26391.0,274900.0,12.95,84,4994.0,2,250524.0,2025-04-29,0.1892,850,1,28.7,0,1,271661.0,Current,0,0,,0.0,0,0,0,0,1,0,0.9882175336485995,0.18923117729529007,10.416429843507256,0,0,4,0.08203208748949853,Low Risk
TCU-02973,Lobatse,LO019,Education Loan,59,Student,3752.0,53200.0,12.15,60,1187.0,13,38244.0,2024-05-09,0.3164,690,0,27.5,0,0,0.0,Current,0,0,,0.0,0,2,0,1,0,0,0.0,0.31636460554371004,14.17910447761194,2,2,5,0.14716532714573954,Low Risk
TCU-02974,Lobatse,LO016,Personal Loan,24,Pensioner,5331.0,43100.0,12.75,24,2044.0,5,32838.0,2025-01-03,0.3834,643,1,9.1,0,0,0.0,Current,0,0,,0.0,0,3,0,0,0,0,0.0,0.3834177452635528,8.08478709435378,2,4,2,0.0932914743469001,Low Risk
TCU-02975,Maun,LO013,Home Loan,46,Private Sector,17543.0,426400.0,17.3,24,21144.0,14,153231.0,2024-04-10,1.2053,850,0,5.4,0,0,0.0,Late (30–89 days),78,2,Legal Notice,51243.0,1,0,1,0,1,0,0.0,1.2052670580858462,24.305990993558684,3,3,3,0.8119688164675135,Critical
TCU-02976,Francistown,LO014,Agriculture Loan,26,Private Sector,19462.0,21400.0,18.69,24,1076.0,10,10888.0,2024-08-25,0.0553,847,3,3.5,0,0,0.0,Current,0,0,,0.0,0,0,0,0,0,0,0.0,0.055287226389887985,1.09957866611859,0,0,3,0.10625901151208664,Low Risk
TCU-02977,Maun,LO012,Vehicle Loan,58,Student,1567.0,12400.0,18.72,12,1141.0,12,0.0,2024-03-29,0.7281,623,0,2.1,0,1,12005.0,Defaulted,182,6,Home Visit,0.0,1,3,1,1,0,0,0.9681451612903226,0.7281429483088705,7.913209955328654,3,5,5,0.7046146890908586,Critical
TCU-02978,Maun,LO009,Home Loan,39,Student,4522.0,69900.0,20.28,24,3567.0,11,32212.0,2024-07-17,0.7888,586,1,21.1,0,1,102513.0,Late (30–89 days),83,2,SMS Sent,9154.0,1,3,1,1,0,0,1.4665665236051502,0.7888102609464839,15.457762052189297,3,3,5,0.717570058519463,Critical
TCU-02979,Maun,LO011,Agriculture Loan,48,Farmer,11074.0,77300.0,20.64,48,2379.0,9,54838.0,2024-09-13,0.2148,770,3,14.7,0,0,0.0,Current,0,0,,0.0,0,1,0,0,0,0,0.0,0.21482752392992596,6.9803142495936426,3,0,0,0.12363872448044366,Low Risk
TCU-02980,Lobatse,LO010,Home Loan,65,Private Sector,10811.0,71200.0,20.99,12,6629.0,5,37060.0,2025-01-28,0.6132,730,0,24.9,0,1,97315.0,Late (30–89 days),50,1,SMS Sent,8503.0,1,2,1,0,0,0,1.3667837078651686,0.6131717694940338,6.5858847470169275,2,3,3,0.5638377045998293,High Risk
TCU-02981,Lobatse,LO009,Business Loan,64,Student,1567.0,37300.0,18.05,72,852.0,14,28677.0,2024-04-19,0.5437,599,1,17.9,1,1,76665.0,Late (30–89 days),36,2,,3026.0,1,3,1,1,0,0,2.055361930294906,0.5437141033822591,23.80344607530313,2,1,5,0.7731913612472997,Critical
TCU-02982,Lobatse,LO003,Home Loan,55,Farmer,8372.0,106800.0,19.06,48,3197.0,1,89945.0,2025-05-12,0.3819,685,3,13.3,0,0,0.0,Current,0,0,,0.0,0,2,0,0,0,0,0.0,0.38186813186813184,12.756808408982321,2,3,0,0.1495163227207941,Low Risk
TCU-02983,Maun,LO004,Agriculture Loan,56,Pensioner,6553.0,28300.0,17.13,84,580.0,5,23206.0,2025-01-11,0.0885,666,0,2.3,1,1,66897.0,Late (30–89 days),53,1,Legal Notice,4635.0,1,3,0,0,0,0,2.363851590106007,0.08850907981077369,4.318632687318785,3,0,2,0.5375006778193621,High Risk
TCU-02984,Gaborone Main,LO004,Education Loan,57,Self-Employed,23912.0,142100.0,20.64,84,3210.0,1,140075.0,2025-05-16,0.1342,850,1,6.4,0,1,300818.0,Current,0,0,,0.0,0,0,0,0,0,0,2.1169458128078817,0.13424222147875545,5.942622950819672,1,2,4,0.09760707561546025,Low Risk
TCU-02985,Maun,LO015,Agriculture Loan,48,Farmer,4202.0,113200.0,13.0,24,5382.0,11,52982.0,2024-07-15,1.2808,701,2,28.9,0,0,0.0,Current,0,0,,0.0,0,2,1,1,0,0,0.0,1.2808186577820087,26.939552594002855,3,0,0,0.44565809380311966,Medium Risk
TCU-02986,Selebi-Phikwe,LO004,Business Loan,61,Self-Employed,33274.0,307800.0,13.97,12,27632.0,12,0.0,2024-02-16,0.8304,850,1,9.1,0,1,629443.0,Current,0,0,,0.0,0,0,1,0,1,0,2.044974009096816,0.8304381799603294,9.250465829175933,4,1,4,0.24178382440174453,Medium Risk
TCU-02987,Lobatse,LO020,Agriculture Loan,55,Farmer,14471.0,108000.0,22.48,72,2744.0,2,95431.0,2025-04-21,0.1896,832,1,26.3,1,0,0.0,Current,0,0,,0.0,0,0,0,0,0,0,0.0,0.1896206205514477,7.46320226660217,2,0,0,0.17033853073766125,Low Risk
TCU-02988,Lobatse,LO012,Business Loan,31,Self-Employed,19919.0,309000.0,19.73,60,8140.0,5,249229.0,2025-01-03,0.4087,774,2,4.3,1,0,0.0,Defaulted,293,10,Letter Sent,141031.0,1,1,0,0,1,0,0.0,0.40865505296450627,15.512826949144033,2,1,4,0.6413660099084598,High Risk
TCU-02989,Gaborone Main,LO012,Education Loan,59,Student,3242.0,40200.0,13.52,24,1921.0,2,35608.0,2025-04-28,0.5925,631,1,2.3,0,0,0.0,Current,0,0,,0.0,0,3,1,1,0,0,0.0,0.5925354719309068,12.399753238741518,1,2,5,0.4503094015691718,High Risk
TCU-02990,Maun,LO017,Personal Loan,30,Pensioner,9132.0,26100.0,23.12,72,673.0,3,23092.0,2025-03-05,0.0737,782,1,4.5,1,0,0.0,Current,0,0,,0.0,0,1,0,0,0,0,0.0,0.07369689005694262,2.8580814717477003,3,4,2,0.22064733201801792,Medium Risk
TCU-02991,Lobatse,LO017,Personal Loan,35,Farmer,3429.0,62900.0,8.52,72,1119.0,12,52331.0,2024-06-21,0.3263,592,3,14.9,1,0,0.0,Late (30–89 days),34,2,,13967.0,1,3,0,1,0,0,0.0,0.326334208223972,18.343540390784487,2,4,0,0.2902813368522396,Medium Risk
TCU-02992,Francistown,LO009,Home Loan,41,Student,2371.0,31000.0,18.12,24,1549.0,13,12279.0,2024-05-26,0.6533,625,3,29.9,0,0,0.0,Late (30–89 days),41,2,,3754.0,1,3,1,1,0,0,0.0,0.6533108393083087,13.074652045550401,0,3,5,0.7628144162710452,Critical
TCU-02993,Francistown,LO016,Personal Loan,68,Self-Employed,32563.0,58400.0,21.87,84,1363.0,14,48258.0,2024-05-04,0.0419,850,0,27.5,0,0,0.0,Current,0,0,,0.0,0,0,0,0,0,0,0.0,0.04185732272824985,1.793446549765071,0,4,4,0.07090072724954423,Low Risk
TCU-02994,Maun,LO012,Personal Loan,43,Student,4264.0,27100.0,16.16,36,955.0,4,22349.0,2025-02-10,0.224,723,4,3.4,2,1,47094.0,Late (30–89 days),71,2,Called,3678.0,1,2,0,1,0,0,1.7377859778597786,0.22396810506566603,6.355534709193246,3,4,5,0.7439937307156319,Critical
TCU-02995,Francistown,LO018,Vehicle Loan,32,Private Sector,29291.0,409200.0,8.63,48,10111.0,8,338944.0,2024-10-12,0.3452,850,2,21.2,0,1,579056.0,Current,0,0,,0.0,0,0,0,0,1,0,1.4150928641251221,0.34519135570653103,13.9701614830494,0,5,3,0.06454820347338346,Low Risk
TCU-02996,Selebi-Phikwe,LO003,Business Loan,25,Farmer,6239.0,10300.0,18.86,84,222.0,14,7498.0,2024-04-12,0.0356,719,1,21.3,3,0,0.0,Defaulted,299,3,Called,4539.0,1,2,0,0,0,0,0.0,0.035582625420740505,1.6509055938451676,4,1,0,0.7300874437611702,Critical
TCU-02997,Lobatse,LO013,Education Loan,28,Government Employee,19038.0,207300.0,11.31,48,5389.0,8,158990.0,2024-10-04,0.2831,798,0,2.5,0,0,0.0,Current,0,0,,0.0,0,1,0,0,0,0,0.0,0.2830654480512659,10.888748818153168,2,2,1,0.08883607608165807,Low Risk
TCU-02998,Maun,LO010,Personal Loan,33,Pensioner,7986.0,279800.0,19.38,36,10310.0,13,177403.0,2024-05-31,1.291,667,2,22.5,1,1,588664.0,Current,0,0,,0.0,0,3,1,0,1,0,2.1038741958541816,1.2910092662158779,35.03631354871024,3,4,2,0.4939288731345421,High Risk
TCU-02999,Francistown,LO003,Education Loan,30,Farmer,13337.0,20900.0,22.67,36,805.0,9,14239.0,2024-09-30,0.0604,813,3,22.1,0,0,0.0,Current,0,0,,0.0,0,0,0,0,0,0,0.0,0.06035840143960411,1.5670690560095974,0,2,0,0.1026438132208028,Low Risk
TCU-03000,Francistown,LO003,Home Loan,40,Student,2006.0,12200.0,15.69,60,295.0,15,8963.0,2024-03-20,0.1471,663,4,20.1,1,0,0.0,Late (30–89 days),33,1,Called,2056.0,1,3,0,1,0,0,0.0,0.14705882352941177,6.0817547357926225,0,3,5,0.770747914665328,Critical
