customer_id,plan,industry,region,acquisition_channel,signup_date,churn_date,status,tenure_days,cohort,mrr_bwp,logins_per_week,features_adopted,sessions_per_month,onboarding_complete,support_tickets,nps_score,failed_payments,has_upgraded,has_downgraded,churn_probability,risk_level
TP-00001,Starter,Retail,Maun,Referral,2021-09-01,2021-10-01,Churned,30,2021,245,3.55,3,18.7,1,0,66.0,0,0,0,0.3714,Medium
TP-00002,Free,NGO,Gaborone,Referral,2024-06-06,2024-07-06,Churned,30,2024,0,1.73,3,5.9,0,0,4.0,0,0,0,0.8745,Critical
TP-00003,Professional,Retail,Serowe,Referral,2024-04-30,,Active,335,2024,798,0.0,7,0.0,1,1,0.0,0,1,0,0.1816,Low
TP-00004,Free,Education,Francistown,Organic Search,2024-07-04,2024-08-03,Churned,30,2024,0,3.16,1,13.9,0,0,-17.0,0,0,0,0.9315,Critical
TP-00005,Free,NGO,Palapye,Social Media,2023-08-27,2023-09-26,Churned,30,2023,0,0.02,2,0.1,1,1,10.0,0,0,0,0.9468,Critical
TP-00006,Professional,Agriculture,Gaborone,Event,2022-06-18,,Active,1017,2022,798,3.54,5,14.0,1,2,47.0,0,0,0,0.02,Low
TP-00007,Starter,Professional Services,Francistown,Referral,2023-05-30,,Active,671,2023,245,3.13,4,8.7,0,0,-11.0,1,0,0,0.6675,Critical
TP-00008,Professional,Retail,Gaborone,Organic Search,2024-12-05,,Active,116,2024,798,5.12,3,24.5,1,0,28.0,2,1,0,0.0507,Low
TP-00009,Professional,Education,Gaborone,Direct Sales,2022-08-20,,Active,954,2022,798,6.36,7,19.3,0,3,,0,1,0,0.02,Low
TP-00010,Professional,Agriculture,Palapye,Direct Sales,2022-06-12,2023-04-22,Churned,314,2022,798,3.94,7,11.6,1,3,,0,0,0,0.1509,Low
TP-00011,Free,Professional Services,Gaborone,Referral,2024-11-09,2024-12-09,Churned,30,2024,0,3.19,2,29.9,0,0,,0,0,0,0.813,Critical
TP-00012,Starter,Retail,Maun,Organic Search,2024-03-28,2024-09-13,Churned,169,2024,245,1.42,1,8.3,0,2,,0,0,0,0.7845,Critical
TP-00013,Free,Retail,Lobatse,Event,2021-11-22,2022-03-02,Churned,100,2021,0,0.43,1,2.4,0,1,,0,0,0,0.95,Critical
TP-00014,Starter,Construction,Gaborone,Referral,2023-06-10,,Active,660,2023,245,3.29,5,15.0,0,1,,0,0,0,0.3947,Medium
TP-00015,Free,Education,Palapye,Social Media,2021-10-04,2021-11-05,Churned,32,2021,0,0.93,0,4.4,1,0,,0,0,0,0.95,Critical
TP-00016,Professional,Hospitality,Gaborone,Direct Sales,2023-07-01,,Active,639,2023,798,4.97,3,18.2,1,0,49.0,0,0,0,0.0937,Low
TP-00017,Enterprise,Construction,Maun,Direct Sales,2024-03-07,,Active,389,2024,2299,5.87,10,26.8,1,5,56.0,0,0,0,0.02,Low
TP-00018,Starter,Construction,Francistown,Organic Search,2020-10-24,2021-03-06,Churned,133,2020,245,6.49,3,25.4,0,0,27.0,1,1,1,0.5197,High
TP-00019,Starter,Healthcare,Maun,Referral,2023-06-10,2023-09-10,Churned,92,2023,245,1.05,2,5.7,1,1,,1,0,0,0.8457,Critical
TP-00020,Free,Agriculture,Gaborone,Direct Sales,2023-01-13,2023-02-14,Churned,32,2023,0,0.21,1,0.9,0,1,5.0,0,0,0,0.95,Critical
TP-00021,Free,Education,Serowe,Organic Search,2021-10-23,,Active,1255,2021,0,2.18,0,11.1,1,0,-4.0,0,0,0,0.8681,Critical
TP-00022,Free,Finance,Gaborone,Event,2023-06-13,2023-07-16,Churned,33,2023,0,0.46,1,2.5,0,1,,0,0,0,0.95,Critical
TP-00023,Free,Logistics,Francistown,Direct Sales,2020-09-29,2020-11-26,Churned,58,2020,0,0.0,1,0.0,1,2,-12.0,0,0,0,0.95,Critical
TP-00024,Starter,Finance,Maun,Direct Sales,2021-04-14,2021-05-14,Churned,30,2021,245,0.82,4,5.0,1,0,35.0,0,1,0,0.4288,Medium
TP-00025,Free,Retail,Francistown,Partnership,2023-05-24,2023-06-23,Churned,30,2023,0,0.54,3,2.7,1,0,,0,0,1,0.95,Critical
TP-00026,Free,Professional Services,Lobatse,Partnership,2021-10-18,2022-01-11,Churned,85,2021,0,0.23,2,1.4,0,0,-2.0,0,0,1,0.95,Critical
TP-00027,Starter,Education,Lobatse,Referral,2024-03-03,,Active,393,2024,245,4.03,5,15.9,0,0,9.0,0,0,0,0.1992,Low
TP-00028,Free,Logistics,Francistown,Partnership,2020-12-22,2021-01-29,Churned,38,2020,0,1.31,2,6.2,1,1,38.0,0,0,0,0.95,Critical
TP-00029,Professional,Construction,Gaborone,Referral,2022-11-15,2022-12-27,Churned,42,2022,798,1.97,5,5.6,0,0,,0,0,0,0.4381,Medium
TP-00030,Professional,Healthcare,Lobatse,Organic Search,2021-03-03,,Active,1489,2021,798,6.26,5,33.6,1,0,,1,0,0,0.0653,Low
TP-00031,Free,Construction,Maun,Referral,2024-04-08,2024-05-08,Churned,30,2024,0,0.86,2,5.0,0,0,9.0,0,0,0,0.95,Critical
TP-00032,Starter,Healthcare,Gaborone,Social Media,2024-09-27,,Active,185,2024,245,3.87,3,20.3,1,0,,2,1,0,0.3566,Medium
TP-00033,Starter,Professional Services,Gaborone,Event,2021-04-02,,Active,1459,2021,245,5.44,4,23.8,0,3,,0,0,0,0.3539,Medium
TP-00034,Professional,Retail,Palapye,Referral,2024-03-28,,Active,368,2024,798,5.43,6,27.5,1,5,100.0,0,0,0,0.0547,Low
TP-00035,Starter,NGO,Maun,Referral,2021-04-29,,Active,1432,2021,245,3.05,2,12.9,0,1,,0,0,1,0.777,Critical
TP-00036,Professional,Construction,Gaborone,Event,2021-01-08,,Active,1543,2021,798,3.54,5,21.0,1,1,20.0,0,0,0,0.0642,Low
TP-00037,Professional,Education,Gaborone,Referral,2021-08-31,,Active,1308,2021,798,5.72,8,40.4,1,4,21.0,0,1,0,0.02,Low
TP-00038,Starter,Agriculture,Maun,Partnership,2022-04-10,,Active,1086,2022,245,4.08,2,27.7,0,0,16.0,0,0,0,0.4014,Medium
TP-00039,Free,Professional Services,Francistown,Social Media,2024-07-02,2024-08-01,Churned,30,2024,0,0.62,2,3.8,0,0,71.0,0,0,0,0.95,Critical
TP-00040,Free,Agriculture,Gaborone,Partnership,2024-04-07,2024-05-07,Churned,30,2024,0,2.64,1,6.3,0,1,,0,0,0,0.907,Critical
TP-00041,Free,Education,Francistown,Event,2021-02-11,2021-03-13,Churned,30,2021,0,1.93,2,5.6,0,0,16.0,0,0,0,0.95,Critical
TP-00042,Free,Agriculture,Maun,Direct Sales,2024-03-19,2024-04-18,Churned,30,2024,0,1.1,0,7.4,0,0,-17.0,0,0,0,0.95,Critical
TP-00043,Professional,Healthcare,Gaborone,Direct Sales,2024-10-27,,Active,155,2024,798,7.09,3,42.9,1,1,,0,0,0,0.0441,Low
TP-00044,Professional,Hospitality,Maun,Social Media,2023-04-22,,Active,709,2023,798,4.52,5,19.8,1,4,,0,1,0,0.02,Low
TP-00045,Free,Healthcare,Gaborone,Referral,2021-03-29,2021-04-28,Churned,30,2021,0,2.22,2,11.0,1,1,15.0,0,0,0,0.7591,Critical
TP-00046,Starter,Construction,Maun,Direct Sales,2023-03-10,,Active,752,2023,245,3.22,2,12.8,1,1,15.0,1,0,0,0.6374,High
TP-00047,Professional,Agriculture,Gaborone,Event,2023-04-27,,Active,704,2023,798,5.14,4,29.1,1,3,,1,0,0,0.2055,Low
TP-00048,Starter,Finance,Francistown,Direct Sales,2023-11-07,2024-09-22,Churned,320,2023,245,3.26,3,14.6,0,1,,0,0,0,0.4948,High
TP-00049,Free,Logistics,Francistown,Referral,2023-12-28,2024-04-10,Churned,104,2023,0,1.14,3,6.3,0,0,,0,0,0,0.8829,Critical
TP-00050,Free,Education,Gaborone,Partnership,2020-11-13,,Active,1599,2020,0,2.38,3,10.3,1,0,12.0,0,0,0,0.643,High
TP-00051,Free,Agriculture,Gaborone,Direct Sales,2022-09-30,2022-11-13,Churned,44,2022,0,2.42,1,8.2,1,2,,0,0,0,0.762,Critical
TP-00052,Professional,NGO,Gaborone,Organic Search,2022-05-22,,Active,1044,2022,798,1.27,5,7.8,1,3,8.0,0,0,0,0.1841,Low
TP-00053,Starter,Finance,Serowe,Referral,2023-02-25,2023-08-16,Churned,172,2023,245,2.91,2,16.8,1,1,24.0,0,1,0,0.4125,Medium
TP-00054,Starter,Hospitality,Lobatse,Partnership,2020-07-26,2020-08-25,Churned,30,2020,245,1.57,3,7.3,0,0,,1,0,1,0.8933,Critical
TP-00055,Professional,Hospitality,Gaborone,Direct Sales,2022-04-02,,Active,1094,2022,798,3.59,3,7.9,1,5,45.0,0,0,0,0.2516,Medium
TP-00056,Free,Professional Services,Francistown,Event,2023-06-10,2023-07-10,Churned,30,2023,0,3.17,1,13.6,1,0,,0,0,0,0.796,Critical
TP-00057,Enterprise,Retail,Serowe,Referral,2021-07-14,,Active,1356,2021,2299,8.74,9,44.1,1,3,,1,1,0,0.02,Low
TP-00058,Starter,Healthcare,Serowe,Referral,2023-10-24,,Active,524,2023,245,2.93,3,16.9,0,1,,0,1,0,0.3833,Medium
TP-00059,Free,Retail,Palapye,Partnership,2024-03-19,2024-05-02,Churned,44,2024,0,1.43,2,9.3,0,0,41.0,0,0,0,0.95,Critical
TP-00060,Free,Healthcare,Palapye,Partnership,2024-12-06,2025-01-05,Churned,30,2024,0,2.45,2,18.6,1,0,,0,0,0,0.8008,Critical
TP-00061,Starter,Education,Gaborone,Event,2022-04-30,2022-11-17,Churned,201,2022,245,1.59,0,5.6,1,1,36.0,0,0,0,0.6554,Critical
TP-00062,Free,Hospitality,Maun,Event,2021-12-06,2022-01-17,Churned,42,2021,0,3.65,1,18.4,0,3,,0,0,0,0.9142,Critical
TP-00063,Professional,NGO,Gaborone,Referral,2020-11-25,,Active,1587,2020,798,5.76,5,24.1,1,2,30.0,0,0,0,0.02,Low
TP-00064,Starter,Education,Gaborone,Referral,2022-05-28,2022-06-27,Churned,30,2022,245,3.31,3,15.6,0,1,34.0,0,0,0,0.4548,High
TP-00065,Free,Construction,Gaborone,Event,2022-09-11,2022-10-11,Churned,30,2022,0,1.71,2,11.3,0,2,,0,0,0,0.95,Critical
TP-00066,Free,Construction,Gaborone,Referral,2022-02-18,2022-04-09,Churned,50,2022,0,1.77,0,9.1,0,1,-2.0,0,0,0,0.95,Critical
TP-00067,Enterprise,Finance,Gaborone,Event,2022-12-17,,Active,835,2022,2299,5.59,10,25.0,1,6,92.0,0,1,0,0.02,Low
TP-00068,Professional,Hospitality,Gaborone,Event,2023-02-17,,Active,773,2023,798,6.08,7,10.1,1,3,,0,0,0,0.02,Low
TP-00069,Enterprise,Construction,Gaborone,Social Media,2021-06-03,,Active,1397,2021,2299,5.23,10,30.2,1,4,,0,1,0,0.02,Low
TP-00070,Enterprise,Logistics,Gaborone,Organic Search,2023-08-20,,Active,589,2023,2299,6.86,8,33.7,1,3,27.0,0,1,0,0.02,Low
TP-00071,Free,Logistics,Gaborone,Organic Search,2022-08-30,2022-09-29,Churned,30,2022,0,1.99,2,11.4,0,0,,0,0,0,0.95,Critical
TP-00072,Free,Construction,Gaborone,Direct Sales,2023-10-25,2023-11-24,Churned,30,2023,0,0.76,1,3.2,0,0,,0,0,0,0.95,Critical
TP-00073,Professional,Healthcare,Palapye,Direct Sales,2022-02-16,,Active,1139,2022,798,2.64,8,11.5,1,0,50.0,0,0,0,0.1551,Low
TP-00074,Free,Professional Services,Gaborone,Referral,2023-07-06,2023-08-05,Churned,30,2023,0,2.85,1,11.3,1,1,4.0,0,0,0,0.7896,Critical
TP-00075,Free,Construction,Gaborone,Social Media,2024-05-10,2024-06-09,Churned,30,2024,0,0.71,3,2.7,0,0,59.0,0,0,0,0.8735,Critical
TP-00076,Professional,Construction,Gaborone,Partnership,2021-09-04,,Active,1304,2021,798,4.05,6,11.4,1,3,,0,0,0,0.0205,Low
TP-00077,Free,Healthcare,Francistown,Partnership,2022-01-13,2022-02-12,Churned,30,2022,0,0.0,2,0.0,0,0,-17.0,0,0,0,0.95,Critical
TP-00078,Starter,NGO,Gaborone,Direct Sales,2024-07-14,,Active,260,2024,245,1.83,2,12.5,1,2,50.0,0,1,0,0.6283,High
TP-00079,Starter,Retail,Lobatse,Event,2021-12-04,,Active,1213,2021,245,5.08,4,14.0,0,0,,0,1,0,0.1998,Low
TP-00080,Starter,Logistics,Lobatse,Direct Sales,2022-05-14,,Active,1052,2022,245,2.51,4,18.0,1,2,18.0,0,1,0,0.2915,Medium
TP-00081,Starter,Agriculture,Serowe,Partnership,2020-08-15,,Active,1689,2020,245,2.44,2,8.7,1,0,7.0,1,1,0,0.5104,High
TP-00082,Starter,Finance,Francistown,Organic Search,2021-06-20,2022-08-12,Churned,418,2021,245,1.98,0,10.6,0,1,,0,0,0,0.8372,Critical
TP-00083,Free,Hospitality,Palapye,Direct Sales,2024-05-01,2024-08-28,Churned,119,2024,0,1.68,2,5.4,0,0,4.0,0,0,0,0.95,Critical
TP-00084,Free,Agriculture,Gaborone,Organic Search,2023-01-02,,Active,819,2023,0,3.85,3,22.0,0,0,,0,0,0,0.6401,High
TP-00085,Free,Healthcare,Gaborone,Direct Sales,2023-01-24,2023-02-23,Churned,30,2023,0,0.49,1,0.8,1,0,,0,0,0,0.95,Critical
TP-00086,Professional,Healthcare,Serowe,Direct Sales,2022-04-28,,Active,1068,2022,798,4.97,4,26.1,0,1,-3.0,0,0,0,0.2475,Low
TP-00087,Free,NGO,Francistown,Event,2023-02-28,2023-04-09,Churned,40,2023,0,1.22,1,4.2,0,1,37.0,0,0,0,0.95,Critical
TP-00088,Enterprise,Construction,Lobatse,Referral,2023-08-16,,Active,593,2023,2299,1.26,7,6.5,1,5,,0,0,0,0.279,Medium
TP-00089,Starter,Agriculture,Gaborone,Event,2024-11-09,,Active,142,2024,245,2.5,3,16.6,0,1,,1,0,1,0.6966,Critical
TP-00090,Professional,Logistics,Gaborone,Direct Sales,2020-07-02,2020-10-14,Churned,104,2020,798,3.93,5,20.1,0,3,63.0,1,0,0,0.3192,Medium
TP-00091,Starter,Healthcare,Gaborone,Event,2022-08-24,2022-11-26,Churned,94,2022,245,0.0,2,0.0,0,0,,1,0,0,0.9046,Critical
TP-00092,Professional,Finance,Gaborone,Organic Search,2021-09-24,,Active,1284,2021,798,7.52,6,41.0,1,0,,1,0,0,0.0939,Low
TP-00093,Starter,Professional Services,Serowe,Event,2020-12-23,2021-01-26,Churned,34,2020,245,1.49,2,7.5,1,3,,0,0,1,0.8695,Critical
TP-00094,Free,Finance,Gaborone,Event,2024-11-10,2024-12-10,Churned,30,2024,0,2.9,3,14.2,1,1,50.0,0,0,0,0.5681,High
TP-00095,Starter,Logistics,Palapye,Referral,2021-09-19,,Active,1289,2021,245,2.13,4,6.2,1,3,8.0,0,1,1,0.459,High
TP-00096,Free,Logistics,Lobatse,Partnership,2022-02-03,2022-03-05,Churned,30,2022,0,0.0,2,0.0,0,0,34.0,0,0,0,0.949,Critical
TP-00097,Free,Agriculture,Palapye,Organic Search,2021-09-29,2021-11-21,Churned,53,2021,0,1.33,2,11.0,0,0,20.0,0,0,0,0.95,Critical
TP-00098,Free,Retail,Francistown,Event,2024-10-11,2024-11-10,Churned,30,2024,0,2.27,2,11.3,0,0,65.0,0,0,0,0.842,Critical
TP-00099,Professional,Healthcare,Serowe,Referral,2023-10-27,,Active,521,2023,798,6.92,6,30.8,0,2,39.0,0,1,0,0.02,Low
TP-00100,Starter,Hospitality,Francistown,Event,2024-01-15,2024-03-03,Churned,48,2024,245,4.44,2,18.2,1,1,,0,1,0,0.3471,Medium
TP-00101,Professional,Education,Maun,Referral,2021-07-17,,Active,1353,2021,798,6.03,2,23.9,1,2,53.0,0,0,0,0.1332,Low
TP-00102,Free,Logistics,Lobatse,Social Media,2024-08-07,2024-11-25,Churned,110,2024,0,0.05,1,0.2,0,0,,0,0,0,0.95,Critical
TP-00103,Professional,Construction,Palapye,Event,2024-03-13,2024-04-25,Churned,43,2024,798,2.13,7,3.3,0,1,,0,0,0,0.153,Low
TP-00104,Starter,Logistics,Gaborone,Event,2024-03-08,2024-12-06,Churned,273,2024,245,1.6,3,6.9,1,1,31.0,1,0,0,0.7328,Critical
TP-00105,Starter,NGO,Palapye,Partnership,2022-04-03,2022-07-01,Churned,89,2022,245,1.94,2,8.2,0,1,14.0,1,1,0,0.8586,Critical
TP-00106,Free,Retail,Gaborone,Direct Sales,2021-01-24,2021-04-23,Churned,89,2021,0,0.0,0,0.0,1,0,,0,0,0,0.9117,Critical
TP-00107,Starter,Finance,Gaborone,Event,2024-06-28,2024-07-28,Churned,30,2024,245,3.11,3,15.8,1,0,0.0,0,1,0,0.1975,Low
TP-00108,Free,Logistics,Gaborone,Referral,2022-06-13,,Active,1022,2022,0,3.5,2,21.7,1,0,,0,0,0,0.8037,Critical
TP-00109,Free,Agriculture,Gaborone,Organic Search,2022-12-19,2023-02-04,Churned,47,2022,0,0.55,1,2.5,1,0,14.0,0,0,0,0.9427,Critical
TP-00110,Enterprise,NGO,Gaborone,Partnership,2021-07-30,,Active,1340,2021,2299,5.5,8,30.4,1,5,,0,1,0,0.02,Low
TP-00111,Professional,NGO,Gaborone,Referral,2021-02-22,,Active,1498,2021,798,2.81,6,6.8,1,3,,0,1,0,0.02,Low
TP-00112,Professional,NGO,Gaborone,Referral,2021-11-26,,Active,1221,2021,798,6.87,3,37.3,1,2,,0,0,0,0.0542,Low
TP-00113,Starter,Education,Francistown,Organic Search,2022-12-13,2023-03-16,Churned,93,2022,245,0.68,4,2.9,0,2,,0,1,0,0.5926,High
TP-00114,Enterprise,Retail,Lobatse,Direct Sales,2022-10-22,,Active,891,2022,2299,3.5,9,16.0,1,3,50.0,0,0,0,0.02,Low
TP-00115,Free,NGO,Gaborone,Referral,2021-12-16,2022-01-15,Churned,30,2021,0,0.0,2,0.0,0,1,,0,0,0,0.95,Critical
TP-00116,Starter,Agriculture,Gaborone,Event,2021-01-21,2021-03-19,Churned,57,2021,245,3.88,3,22.4,0,2,,1,0,0,0.6367,High
TP-00117,Starter,Construction,Gaborone,Direct Sales,2022-08-26,,Active,948,2022,245,1.86,3,9.5,1,0,9.0,0,0,0,0.5438,High
TP-00118,Free,Professional Services,Gaborone,Organic Search,2024-08-03,2024-09-09,Churned,37,2024,0,0.67,0,1.9,0,1,,0,0,0,0.95,Critical
TP-00119,Starter,Education,Maun,Direct Sales,2022-05-26,2022-07-01,Churned,36,2022,245,0.77,5,3.0,0,2,,0,0,0,0.5712,High
TP-00120,Free,Finance,Gaborone,Event,2023-02-13,2023-04-20,Churned,66,2023,0,0.71,2,5.8,1,0,15.0,0,0,0,0.9405,Critical
TP-00121,Professional,NGO,Gaborone,Direct Sales,2023-07-24,,Active,616,2023,798,4.44,8,14.9,0,3,,0,0,0,0.0442,Low
TP-00122,Professional,Healthcare,Gaborone,Social Media,2024-05-10,2025-03-30,Churned,324,2024,798,7.76,3,46.7,0,0,,1,0,0,0.2828,Medium
TP-00123,Free,Agriculture,Gaborone,Event,2023-12-19,2024-02-05,Churned,48,2023,0,0.0,1,0.0,0,1,20.0,0,0,0,0.95,Critical
TP-00124,Free,Education,Serowe,Partnership,2023-10-05,2024-04-19,Churned,197,2023,0,2.4,2,10.1,1,0,-23.0,0,0,0,0.8809,Critical
TP-00125,Starter,Healthcare,Gaborone,Direct Sales,2023-02-20,,Active,770,2023,245,3.44,3,16.2,0,1,-3.0,1,1,0,0.5891,High
TP-00126,Starter,Finance,Maun,Organic Search,2021-08-26,2021-12-12,Churned,108,2021,245,2.74,4,11.9,1,1,,0,1,0,0.296,Medium
TP-00127,Free,Healthcare,Gaborone,Organic Search,2020-06-16,2020-08-13,Churned,58,2020,0,1.44,1,5.5,0,0,-8.0,0,0,0,0.95,Critical
TP-00128,Starter,Education,Gaborone,Event,2020-08-26,,Active,1678,2020,245,4.72,3,17.2,1,2,49.0,1,1,0,0.2441,Low
TP-00129,Starter,Agriculture,Gaborone,Direct Sales,2020-07-13,2020-11-08,Churned,118,2020,245,3.22,4,14.1,0,2,15.0,0,0,0,0.466,High
TP-00130,Free,Agriculture,Francistown,Partnership,2020-11-09,2020-12-09,Churned,30,2020,0,3.09,1,20.0,0,0,-3.0,0,0,0,0.9148,Critical
TP-00131,Free,Finance,Francistown,Partnership,2023-04-11,2023-05-11,Churned,30,2023,0,2.35,0,6.9,1,0,,0,0,0,0.8056,Critical
TP-00132,Free,Healthcare,Gaborone,Partnership,2021-04-10,2021-08-22,Churned,134,2021,0,1.36,2,9.0,0,0,,0,0,0,0.95,Critical
TP-00133,Starter,NGO,Serowe,Direct Sales,2024-03-26,2025-03-30,Churned,369,2024,245,1.3,4,5.2,0,2,,0,0,0,0.697,Critical
TP-00134,Free,Logistics,Francistown,Social Media,2023-09-25,2023-10-25,Churned,30,2023,0,2.8,3,5.4,1,0,19.0,0,0,0,0.5577,High
TP-00135,Free,Healthcare,Gaborone,Organic Search,2023-11-12,2023-12-12,Churned,30,2023,0,2.07,1,7.3,0,4,13.0,0,0,0,0.95,Critical
TP-00136,Professional,NGO,Maun,Social Media,2023-10-23,,Active,525,2023,798,5.93,7,28.6,1,1,28.0,0,1,0,0.02,Low
TP-00137,Professional,Education,Lobatse,Organic Search,2023-03-31,,Active,731,2023,798,7.29,8,24.6,1,6,28.0,0,0,0,0.0787,Low
TP-00138,Free,Healthcare,Gaborone,Social Media,2024-03-22,2024-04-21,Churned,30,2024,0,0.0,1,0.0,0,0,,0,0,0,0.95,Critical
TP-00139,Free,Agriculture,Gaborone,Event,2024-02-05,,Active,420,2024,0,3.55,1,16.5,0,1,,0,0,0,0.9015,Critical
TP-00140,Free,Agriculture,Gaborone,Event,2020-11-21,,Active,1591,2020,0,4.43,1,15.8,0,1,44.0,0,0,0,0.7289,Critical
TP-00141,Starter,Finance,Gaborone,Event,2022-10-16,2022-11-15,Churned,30,2022,245,3.68,2,19.1,0,5,55.0,1,1,0,0.6928,Critical
TP-00142,Enterprise,Hospitality,Gaborone,Organic Search,2023-04-06,,Active,725,2023,2299,5.46,7,17.8,1,3,,0,0,0,0.02,Low
TP-00143,Free,NGO,Gaborone,Direct Sales,2021-04-12,2021-05-12,Churned,30,2021,0,1.99,2,8.7,1,0,,0,0,0,0.9387,Critical
TP-00144,Starter,Construction,Lobatse,Partnership,2022-01-05,,Active,1181,2022,245,3.77,5,14.5,0,3,,1,1,0,0.3576,Medium
TP-00145,Professional,Construction,Gaborone,Partnership,2022-11-20,,Active,862,2022,798,4.89,5,22.5,1,2,-7.0,0,0,0,0.02,Low
TP-00146,Professional,Hospitality,Palapye,Organic Search,2024-01-05,,Active,451,2024,798,6.24,5,30.3,1,1,77.0,0,0,0,0.02,Low
TP-00147,Starter,Professional Services,Gaborone,Referral,2021-12-11,,Active,1206,2021,245,2.7,1,10.0,1,2,39.0,1,0,1,0.8623,Critical
TP-00148,Enterprise,Agriculture,Gaborone,Partnership,2022-07-06,,Active,999,2022,2299,5.2,8,17.9,1,3,,0,0,0,0.02,Low
TP-00149,Enterprise,Education,Serowe,Referral,2020-08-18,,Active,1686,2020,2299,5.97,9,14.7,1,4,,0,0,0,0.02,Low
TP-00150,Free,Professional Services,Gaborone,Referral,2021-04-03,2021-07-01,Churned,89,2021,0,3.39,2,13.4,0,0,,0,0,0,0.8979,Critical
TP-00151,Free,Healthcare,Gaborone,Referral,2022-10-08,2022-12-30,Churned,83,2022,0,2.01,2,9.4,0,1,,0,0,1,0.95,Critical
TP-00152,Starter,NGO,Gaborone,Referral,2022-01-18,,Active,1168,2022,245,2.45,4,15.5,1,0,,0,1,0,0.2397,Low
TP-00153,Free,Education,Gaborone,Partnership,2023-06-20,2023-07-20,Churned,30,2023,0,1.64,2,6.8,0,0,,0,0,0,0.95,Critical
TP-00154,Enterprise,Healthcare,Maun,Social Media,2024-11-01,,Active,150,2024,2299,9.08,7,63.6,1,2,15.0,0,0,0,0.02,Low
TP-00155,Starter,Education,Gaborone,Social Media,2023-06-24,2023-08-22,Churned,59,2023,245,3.65,2,5.3,1,0,,0,0,0,0.5753,High
TP-00156,Free,Logistics,Gaborone,Referral,2020-08-29,2020-09-28,Churned,30,2020,0,4.37,1,25.5,0,2,,0,0,0,0.6945,Critical
TP-00157,Free,Finance,Francistown,Organic Search,2024-08-21,2024-10-14,Churned,54,2024,0,0.09,1,0.3,0,1,78.0,0,0,0,0.95,Critical
TP-00158,Professional,Agriculture,Palapye,Event,2022-11-18,,Active,864,2022,798,4.46,5,19.4,0,2,31.0,0,0,0,0.0673,Low
TP-00159,Starter,Finance,Gaborone,Organic Search,2024-06-29,2025-03-30,Churned,274,2024,245,2.67,2,10.4,1,3,62.0,0,0,0,0.5249,High
TP-00160,Free,Logistics,Francistown,Direct Sales,2021-05-08,2021-06-07,Churned,30,2021,0,2.51,2,8.4,0,1,40.0,0,0,1,0.95,Critical
TP-00161,Free,Agriculture,Gaborone,Organic Search,2020-11-01,2020-12-30,Churned,59,2020,0,2.16,2,12.4,0,1,28.0,0,0,0,0.85,Critical
TP-00162,Professional,Logistics,Gaborone,Organic Search,2021-09-27,,Active,1281,2021,798,8.43,4,30.1,0,3,51.0,0,0,0,0.1464,Low
TP-00163,Starter,Logistics,Lobatse,Social Media,2022-11-27,2023-04-12,Churned,136,2022,245,1.94,5,8.1,0,1,,3,0,0,0.6421,High
TP-00164,Professional,Logistics,Francistown,Partnership,2021-01-28,,Active,1523,2021,798,4.04,3,19.8,1,2,54.0,0,0,0,0.0455,Low
TP-00165,Free,Logistics,Gaborone,Referral,2020-10-30,2021-01-31,Churned,93,2020,0,1.67,3,11.4,0,0,,0,0,0,0.9316,Critical
TP-00166,Free,Education,Maun,Partnership,2023-06-16,2023-07-16,Churned,30,2023,0,0.85,1,4.8,0,0,38.0,0,0,0,0.95,Critical
TP-00167,Starter,Hospitality,Serowe,Partnership,2021-09-03,,Active,1305,2021,245,3.07,5,19.5,1,1,40.0,0,1,0,0.2101,Low
TP-00168,Professional,Finance,Gaborone,Organic Search,2020-10-13,,Active,1630,2020,798,4.97,6,19.2,1,1,,1,0,0,0.0784,Low
TP-00169,Professional,NGO,Gaborone,Social Media,2024-01-07,,Active,449,2024,798,0.48,6,1.2,1,2,45.0,0,0,0,0.332,Medium
TP-00170,Starter,Hospitality,Gaborone,Organic Search,2021-02-10,2021-05-09,Churned,88,2021,245,4.46,2,8.8,0,0,21.0,0,1,0,0.4343,Medium
TP-00171,Enterprise,Finance,Palapye,Organic Search,2021-10-27,,Active,1251,2021,2299,8.19,8,16.1,1,3,,0,1,0,0.02,Low
TP-00172,Starter,NGO,Lobatse,Referral,2021-05-17,,Active,1414,2021,245,2.16,4,13.2,0,3,,1,0,0,0.5609,High
TP-00173,Professional,Retail,Gaborone,Event,2024-09-27,,Active,185,2024,798,3.91,5,17.1,1,1,,0,0,0,0.0506,Low
TP-00174,Starter,Healthcare,Francistown,Social Media,2023-02-15,,Active,775,2023,245,1.77,4,7.4,1,1,,0,0,0,0.5886,High
TP-00175,Free,Agriculture,Francistown,Referral,2022-04-28,,Active,1068,2022,0,1.57,2,6.4,0,0,45.0,0,0,0,0.95,Critical
TP-00176,Free,Education,Francistown,Organic Search,2022-03-16,2022-05-05,Churned,50,2022,0,3.91,1,23.3,1,0,-7.0,0,0,0,0.771,Critical
TP-00177,Free,Agriculture,Palapye,Direct Sales,2021-10-22,2022-03-01,Churned,130,2021,0,0.65,3,2.6,0,1,,0,0,0,0.9385,Critical
TP-00178,Free,Finance,Francistown,Social Media,2023-03-16,,Active,746,2023,0,1.66,2,12.1,1,0,,0,0,0,0.9042,Critical
TP-00179,Free,Education,Gaborone,Social Media,2023-03-11,2023-04-28,Churned,48,2023,0,1.64,3,9.8,0,0,,0,0,0,0.8789,Critical
TP-00180,Free,Healthcare,Maun,Direct Sales,2022-06-20,2022-08-27,Churned,68,2022,0,2.82,3,7.3,1,0,43.0,0,0,0,0.605,High
TP-00181,Free,Agriculture,Francistown,Partnership,2021-12-25,2022-01-24,Churned,30,2021,0,1.1,3,5.5,0,1,,0,0,0,0.8925,Critical
TP-00182,Enterprise,Finance,Lobatse,Referral,2021-07-13,,Active,1357,2021,2299,8.29,9,44.6,1,3,70.0,0,1,0,0.02,Low
TP-00183,Starter,Logistics,Francistown,Referral,2023-10-25,,Active,523,2023,245,1.16,1,7.7,0,1,6.0,0,0,0,0.7667,Critical
TP-00184,Starter,Finance,Serowe,Partnership,2023-03-01,2023-10-25,Churned,238,2023,245,0.86,2,3.9,0,2,10.0,0,0,0,0.8445,Critical
TP-00185,Enterprise,NGO,Gaborone,Event,2024-04-10,,Active,355,2024,2299,1.2,10,2.7,1,7,,0,1,0,0.0602,Low
TP-00186,Free,Retail,Francistown,Referral,2023-05-10,2023-09-09,Churned,122,2023,0,0.0,1,0.0,0,1,,0,0,0,0.9413,Critical
TP-00187,Starter,Retail,Francistown,Event,2021-01-12,,Active,1539,2021,245,1.67,3,2.9,1,0,25.0,0,0,0,0.5735,High
TP-00188,Starter,Retail,Maun,Partnership,2021-07-30,,Active,1340,2021,245,3.07,5,17.4,0,1,,0,0,0,0.4053,Medium
TP-00189,Starter,Finance,Gaborone,Social Media,2024-03-16,2024-08-11,Churned,148,2024,245,0.44,3,1.8,0,1,,0,0,0,0.6399,High
TP-00190,Starter,Construction,Lobatse,Social Media,2024-09-27,2025-01-15,Churned,110,2024,245,3.04,2,19.4,1,1,26.0,1,0,0,0.6333,High
TP-00191,Enterprise,Healthcare,Gaborone,Partnership,2024-03-17,,Active,379,2024,2299,6.3,8,20.4,1,5,,0,0,0,0.02,Low
TP-00192,Free,Professional Services,Gaborone,Direct Sales,2024-02-04,2024-03-19,Churned,44,2024,0,0.6,2,2.1,0,0,1.0,0,0,0,0.95,Critical
TP-00193,Enterprise,Healthcare,Gaborone,Partnership,2024-07-27,,Active,247,2024,2299,6.76,10,16.5,1,3,85.0,0,0,0,0.02,Low
TP-00194,Starter,Logistics,Gaborone,Referral,2020-06-11,,Active,1754,2020,245,5.24,2,11.8,0,1,,1,1,0,0.4889,High
TP-00195,Starter,Construction,Serowe,Social Media,2022-03-20,,Active,1107,2022,245,1.59,5,10.9,1,2,14.0,0,0,0,0.4473,Medium
TP-00196,Free,Hospitality,Gaborone,Referral,2020-08-14,,Active,1690,2020,0,2.08,3,7.8,0,0,12.0,0,0,0,0.7651,Critical
TP-00197,Enterprise,Healthcare,Palapye,Organic Search,2022-02-02,,Active,1153,2022,2299,4.0,7,13.7,1,2,50.0,0,0,0,0.02,Low
TP-00198,Starter,Hospitality,Palapye,Direct Sales,2021-12-11,2022-03-18,Churned,97,2021,245,4.35,3,21.7,1,1,80.0,2,1,0,0.3674,Medium
TP-00199,Free,Education,Serowe,Partnership,2024-03-13,2024-05-04,Churned,52,2024,0,1.09,3,4.8,0,1,0.0,0,0,0,0.9398,Critical
TP-00200,Free,Professional Services,Gaborone,Referral,2023-02-03,2023-03-24,Churned,49,2023,0,1.6,0,6.6,0,1,-4.0,0,0,0,0.95,Critical
TP-00201,Professional,Education,Gaborone,Event,2023-08-18,2024-09-05,Churned,384,2023,798,3.54,3,15.6,1,3,,1,0,0,0.3586,Medium
TP-00202,Starter,Finance,Palapye,Event,2024-09-24,,Active,188,2024,245,3.97,4,22.8,1,0,1.0,0,0,0,0.3876,Medium
TP-00203,Free,Hospitality,Francistown,Direct Sales,2024-08-10,2024-09-11,Churned,32,2024,0,0.33,0,1.7,0,0,71.0,0,0,0,0.95,Critical
TP-00204,Professional,Construction,Maun,Partnership,2024-10-30,2025-03-30,Churned,151,2024,798,2.46,5,13.7,1,4,27.0,2,0,0,0.2649,Medium
TP-00205,Starter,Retail,Serowe,Partnership,2021-07-20,,Active,1350,2021,245,4.55,2,17.9,0,1,2.0,2,1,0,0.5202,High
TP-00206,Free,Finance,Gaborone,Organic Search,2022-12-16,2023-01-16,Churned,31,2022,0,2.98,2,16.4,1,0,1.0,0,0,0,0.7681,Critical
TP-00207,Starter,Healthcare,Maun,Direct Sales,2021-11-04,,Active,1243,2021,245,3.59,2,13.8,0,1,,0,0,1,0.7719,Critical
TP-00208,Enterprise,Professional Services,Lobatse,Direct Sales,2020-08-04,,Active,1700,2020,2299,7.22,8,11.5,1,2,38.0,0,1,0,0.02,Low
TP-00209,Professional,Agriculture,Gaborone,Direct Sales,2022-12-06,,Active,846,2022,798,5.47,4,15.6,0,0,,1,0,0,0.2658,Medium
TP-00210,Starter,Education,Gaborone,Partnership,2022-08-14,2022-09-13,Churned,30,2022,245,3.43,3,13.0,0,1,,0,1,1,0.4763,High
TP-00211,Free,Finance,Gaborone,Direct Sales,2021-09-14,2022-05-29,Churned,257,2021,0,0.66,1,2.5,1,0,22.0,0,0,0,0.95,Critical
TP-00212,Professional,Agriculture,Francistown,Organic Search,2021-10-06,,Active,1272,2021,798,5.29,7,30.3,1,2,0.0,1,1,0,0.02,Low
TP-00213,Starter,Retail,Gaborone,Organic Search,2022-09-02,2022-11-19,Churned,78,2022,245,2.04,1,12.5,1,2,20.0,0,0,0,0.6108,High
TP-00214,Professional,NGO,Gaborone,Partnership,2024-09-30,,Active,182,2024,798,3.52,6,7.3,1,0,42.0,0,1,0,0.0979,Low
TP-00215,Starter,Construction,Gaborone,Social Media,2020-10-03,2020-11-02,Churned,30,2020,245,2.78,4,12.4,0,2,,0,0,0,0.4579,High
TP-00216,Free,Agriculture,Serowe,Social Media,2024-04-27,2024-05-27,Churned,30,2024,0,0.23,3,0.7,0,0,-16.0,0,0,0,0.9341,Critical
TP-00217,Starter,Construction,Gaborone,Event,2021-03-23,2021-04-27,Churned,35,2021,245,0.38,3,1.8,0,2,,1,0,0,0.7599,Critical
TP-00218,Free,Professional Services,Palapye,Social Media,2020-12-07,2021-01-18,Churned,42,2020,0,1.29,2,8.3,0,1,,0,0,1,0.95,Critical
TP-00219,Starter,Retail,Palapye,Referral,2024-12-04,,Active,117,2024,245,4.62,3,14.7,0,0,,1,0,0,0.4746,High
TP-00220,Free,Construction,Lobatse,Organic Search,2024-08-08,2024-09-07,Churned,30,2024,0,1.13,2,5.2,0,0,6.0,0,0,0,0.95,Critical
TP-00221,Free,Construction,Francistown,Social Media,2022-07-20,2022-08-19,Churned,30,2022,0,0.44,3,1.2,0,1,,0,0,0,0.8273,Critical
TP-00222,Professional,Logistics,Serowe,Social Media,2021-07-22,,Active,1348,2021,798,2.11,7,11.3,1,1,62.0,0,0,0,0.1639,Low
TP-00223,Free,Healthcare,Francistown,Partnership,2023-08-31,2023-10-16,Churned,46,2023,0,0.49,0,1.7,0,0,51.0,0,0,0,0.95,Critical
TP-00224,Starter,Education,Gaborone,Direct Sales,2024-06-21,2024-12-03,Churned,165,2024,245,3.63,2,15.8,0,2,29.0,0,1,0,0.5815,High
TP-00225,Professional,Logistics,Gaborone,Partnership,2024-01-06,2024-08-01,Churned,208,2024,798,4.98,6,29.4,0,1,11.0,0,0,0,0.1159,Low
TP-00226,Free,Hospitality,Serowe,Referral,2020-10-18,2021-01-14,Churned,88,2020,0,0.0,1,0.0,0,1,39.0,0,0,0,0.95,Critical
TP-00227,Starter,NGO,Palapye,Event,2023-02-25,2023-05-30,Churned,94,2023,245,1.93,4,5.9,1,2,44.0,0,0,1,0.7014,Critical
TP-00228,Starter,Agriculture,Serowe,Referral,2021-01-06,2021-04-23,Churned,107,2021,245,4.56,3,15.2,0,1,58.0,1,1,0,0.3012,Medium
TP-00229,Free,Agriculture,Gaborone,Direct Sales,2022-12-28,2023-02-18,Churned,52,2022,0,1.43,0,6.3,0,0,,0,0,0,0.95,Critical
TP-00230,Professional,Retail,Gaborone,Direct Sales,2022-07-13,,Active,992,2022,798,5.09,7,17.1,1,1,49.0,0,1,0,0.02,Low
TP-00231,Starter,Agriculture,Francistown,Social Media,2023-08-03,,Active,606,2023,245,2.49,2,8.5,0,2,,0,0,0,0.6409,High
TP-00232,Starter,Healthcare,Gaborone,Organic Search,2024-04-02,,Active,363,2024,245,3.68,4,12.5,0,1,,1,0,1,0.8354,Critical
TP-00233,Free,Construction,Francistown,Event,2022-08-25,2022-09-24,Churned,30,2022,0,0.46,2,1.9,0,0,28.0,0,0,0,0.95,Critical
TP-00234,Starter,Agriculture,Serowe,Referral,2024-11-05,2025-03-27,Churned,142,2024,245,3.88,2,26.8,0,2,,0,0,0,0.5983,High
TP-00235,Starter,Professional Services,Gaborone,Partnership,2023-10-03,,Active,545,2023,245,2.2,4,7.6,1,0,,0,1,0,0.3264,Medium
TP-00236,Enterprise,Agriculture,Gaborone,Partnership,2024-02-14,,Active,411,2024,2299,10.63,8,47.7,1,5,,0,1,0,0.02,Low
TP-00237,Free,Healthcare,Gaborone,Event,2024-10-23,2024-11-22,Churned,30,2024,0,0.57,1,2.5,0,0,,0,0,0,0.95,Critical
TP-00238,Free,Healthcare,Gaborone,Organic Search,2021-06-19,2021-07-19,Churned,30,2021,0,2.24,2,9.9,0,0,,0,0,0,0.8525,Critical
TP-00239,Free,Finance,Gaborone,Partnership,2024-10-24,,Active,158,2024,0,3.17,1,4.8,0,0,30.0,0,0,0,0.8372,Critical
TP-00240,Professional,Construction,Francistown,Referral,2024-04-04,,Active,361,2024,798,2.04,6,10.5,1,3,66.0,0,1,0,0.02,Low
TP-00241,Free,Agriculture,Gaborone,Social Media,2023-02-17,2023-03-19,Churned,30,2023,0,1.03,3,6.8,0,0,-17.0,0,0,0,0.95,Critical
TP-00242,Starter,Hospitality,Gaborone,Direct Sales,2022-04-12,2022-10-23,Churned,194,2022,245,1.04,3,1.7,0,0,53.0,1,0,0,0.734,Critical
TP-00243,Professional,NGO,Gaborone,Social Media,2023-10-19,,Active,529,2023,798,4.15,4,0.0,0,1,37.0,0,1,0,0.1727,Low
TP-00244,Starter,Logistics,Lobatse,Referral,2022-03-30,,Active,1097,2022,245,5.46,4,29.8,1,0,,1,0,1,0.4768,High
TP-00245,Starter,Finance,Gaborone,Partnership,2020-07-26,,Active,1709,2020,245,3.95,4,16.4,0,0,22.0,0,0,0,0.4642,High
TP-00246,Professional,Agriculture,Maun,Referral,2023-12-20,,Active,467,2023,798,4.09,6,23.2,1,2,17.0,0,1,0,0.02,Low
TP-00247,Free,Logistics,Lobatse,Direct Sales,2023-09-06,2023-10-25,Churned,49,2023,0,0.0,2,0.0,0,0,10.0,0,0,0,0.95,Critical
TP-00248,Free,Finance,Francistown,Organic Search,2021-01-10,2021-02-26,Churned,47,2021,0,1.48,2,2.9,0,2,,0,0,0,0.95,Critical
TP-00249,Free,Agriculture,Lobatse,Social Media,2024-11-17,2024-12-17,Churned,30,2024,0,0.77,2,1.7,0,0,19.0,0,0,0,0.95,Critical
TP-00250,Starter,Logistics,Gaborone,Direct Sales,2024-09-29,2025-03-30,Churned,182,2024,245,3.32,2,10.2,0,2,,0,1,0,0.5268,High
TP-00251,Free,Professional Services,Gaborone,Event,2021-03-18,2021-04-17,Churned,30,2021,0,1.05,2,5.1,0,0,63.0,0,0,0,0.95,Critical
TP-00252,Professional,Logistics,Gaborone,Social Media,2020-08-31,,Active,1673,2020,798,2.22,5,8.1,0,3,88.0,0,0,0,0.1951,Low
TP-00253,Starter,Hospitality,Palapye,Event,2021-10-13,,Active,1265,2021,245,2.53,5,8.4,0,0,,0,1,0,0.1905,Low
TP-00254,Free,Agriculture,Gaborone,Event,2023-11-10,2023-12-10,Churned,30,2023,0,0.44,2,3.0,0,0,8.0,0,0,0,0.95,Critical
TP-00255,Free,Healthcare,Serowe,Organic Search,2023-08-27,2023-09-26,Churned,30,2023,0,2.01,2,8.4,1,0,,0,0,0,0.7297,Critical
TP-00256,Professional,Finance,Lobatse,Social Media,2023-10-06,,Active,542,2023,798,5.04,4,18.4,1,3,66.0,0,1,0,0.02,Low
TP-00257,Starter,Hospitality,Serowe,Event,2024-11-26,2025-03-30,Churned,124,2024,245,3.34,5,20.3,1,2,,0,1,0,0.1852,Low
TP-00258,Starter,Finance,Gaborone,Partnership,2021-03-10,,Active,1482,2021,245,3.61,2,21.1,0,2,14.0,1,0,0,0.773,Critical
TP-00259,Enterprise,Hospitality,Francistown,Direct Sales,2022-01-13,2023-01-30,Churned,382,2022,2299,5.17,8,13.2,1,4,53.0,1,0,0,0.0456,Low
TP-00260,Free,Agriculture,Lobatse,Partnership,2024-01-29,2024-03-05,Churned,36,2024,0,1.94,1,7.6,0,0,,0,0,0,0.95,Critical
TP-00261,Starter,Professional Services,Francistown,Referral,2022-01-20,,Active,1166,2022,245,5.49,3,17.0,1,3,42.0,0,1,0,0.0669,Low
TP-00262,Starter,NGO,Gaborone,Partnership,2022-06-22,2022-11-18,Churned,149,2022,245,4.78,3,5.3,0,2,,0,0,0,0.3024,Medium
TP-00263,Starter,Construction,Gaborone,Organic Search,2022-12-09,2023-04-04,Churned,116,2022,245,1.89,2,7.0,1,1,,1,1,0,0.7841,Critical
TP-00264,Professional,Education,Palapye,Partnership,2023-12-18,,Active,469,2023,798,6.3,5,30.9,1,1,,0,0,0,0.02,Low
TP-00265,Professional,NGO,Gaborone,Social Media,2023-10-06,,Active,542,2023,798,4.46,7,11.7,1,0,45.0,0,0,0,0.02,Low
TP-00266,Enterprise,Professional Services,Gaborone,Direct Sales,2020-09-30,,Active,1643,2020,2299,5.68,8,31.1,0,4,,0,1,0,0.02,Low
TP-00267,Free,Education,Serowe,Event,2022-08-14,2022-09-13,Churned,30,2022,0,2.63,0,14.2,0,0,,0,0,0,0.8123,Critical
TP-00268,Professional,Professional Services,Gaborone,Event,2021-12-22,,Active,1195,2021,798,5.7,6,30.1,1,1,,0,0,0,0.02,Low
TP-00269,Starter,Professional Services,Maun,Direct Sales,2023-12-23,2024-01-22,Churned,30,2023,245,4.46,3,4.6,0,1,49.0,0,1,0,0.2385,Low
TP-00270,Free,Healthcare,Gaborone,Partnership,2021-02-23,2021-06-11,Churned,108,2021,0,1.8,2,9.6,0,0,7.0,0,0,0,0.95,Critical
TP-00271,Free,Professional Services,Francistown,Direct Sales,2020-07-04,2020-10-04,Churned,92,2020,0,2.29,2,6.6,1,1,,0,0,0,0.8507,Critical
TP-00272,Starter,Hospitality,Palapye,Social Media,2021-04-22,2021-05-22,Churned,30,2021,245,4.43,3,14.8,0,1,,0,1,0,0.2304,Low
TP-00273,Starter,Hospitality,Gaborone,Event,2022-02-16,2022-11-22,Churned,279,2022,245,0.0,3,0.0,0,0,,1,0,1,0.95,Critical
TP-00274,Starter,Finance,Maun,Organic Search,2020-06-17,2020-07-19,Churned,32,2020,245,3.97,3,22.4,0,2,,0,0,0,0.4956,High
TP-00275,Free,Agriculture,Gaborone,Organic Search,2020-12-29,2021-04-16,Churned,108,2020,0,1.48,3,4.3,0,0,,0,0,0,0.8898,Critical
TP-00276,Enterprise,Hospitality,Gaborone,Partnership,2020-06-18,,Active,1747,2020,2299,6.68,9,33.7,1,5,67.0,0,0,0,0.02,Low
TP-00277,Professional,Agriculture,Francistown,Direct Sales,2021-08-19,,Active,1320,2021,798,6.97,8,18.3,1,3,13.0,0,0,0,0.02,Low
TP-00278,Free,Hospitality,Gaborone,Event,2020-11-20,2021-01-20,Churned,61,2020,0,1.44,3,5.8,1,1,,0,0,0,0.759,Critical
TP-00279,Enterprise,Retail,Serowe,Event,2022-02-08,,Active,1147,2022,2299,10.78,8,44.7,1,2,,0,1,0,0.02,Low
TP-00280,Professional,Construction,Francistown,Organic Search,2021-10-07,,Active,1271,2021,798,4.17,5,5.0,1,1,,0,0,0,0.02,Low
TP-00281,Enterprise,Education,Gaborone,Partnership,2022-10-10,2023-10-09,Churned,364,2022,2299,6.36,6,24.4,1,5,,0,0,0,0.02,Low
TP-00282,Free,Healthcare,Gaborone,Organic Search,2024-11-03,2024-12-27,Churned,54,2024,0,0.5,1,1.5,0,0,17.0,0,0,0,0.95,Critical
TP-00283,Starter,Agriculture,Gaborone,Partnership,2023-06-07,,Active,663,2023,245,4.41,2,9.0,0,1,34.0,1,1,0,0.5211,High
TP-00284,Free,Professional Services,Gaborone,Direct Sales,2024-07-04,,Active,270,2024,0,2.01,1,9.1,0,0,21.0,0,0,0,0.9196,Critical
TP-00285,Free,NGO,Francistown,Social Media,2024-02-25,2024-03-26,Churned,30,2024,0,0.66,1,3.2,0,0,,0,0,1,0.95,Critical
TP-00286,Enterprise,Finance,Francistown,Event,2021-11-13,,Active,1234,2021,2299,4.42,8,29.1,1,1,42.0,0,0,0,0.02,Low
TP-00287,Professional,Retail,Gaborone,Direct Sales,2021-12-10,,Active,1207,2021,798,4.8,6,12.8,1,1,73.0,0,0,0,0.02,Low
TP-00288,Free,NGO,Gaborone,Referral,2021-11-05,2022-02-17,Churned,104,2021,0,1.65,2,8.0,0,0,,0,0,0,0.95,Critical
TP-00289,Professional,Retail,Gaborone,Organic Search,2021-10-14,2022-04-21,Churned,189,2021,798,5.65,5,18.0,1,1,-4.0,0,0,0,0.0939,Low
TP-00290,Professional,Agriculture,Gaborone,Referral,2022-10-01,,Active,912,2022,798,3.34,3,18.0,0,4,8.0,0,0,0,0.4917,High
TP-00291,Free,Retail,Gaborone,Partnership,2020-09-03,2020-10-12,Churned,39,2020,0,2.5,1,16.1,0,1,-27.0,0,0,0,0.9344,Critical
TP-00292,Starter,Retail,Gaborone,Social Media,2023-07-30,,Active,610,2023,245,1.76,4,3.2,0,2,,0,1,0,0.6356,High
TP-00293,Enterprise,Construction,Maun,Partnership,2024-09-05,,Active,207,2024,2299,3.99,8,15.3,1,1,74.0,0,0,0,0.02,Low
TP-00294,Starter,Retail,Lobatse,Organic Search,2024-09-02,2024-10-26,Churned,54,2024,245,0.68,4,2.8,0,1,,0,0,1,0.8175,Critical
TP-00295,Free,Logistics,Lobatse,Referral,2024-05-28,2024-06-28,Churned,31,2024,0,0.54,3,2.0,0,0,6.0,0,0,0,0.9033,Critical
TP-00296,Starter,Professional Services,Francistown,Partnership,2021-03-01,,Active,1491,2021,245,2.78,3,13.7,0,0,25.0,0,0,1,0.5959,High
TP-00297,Free,Healthcare,Gaborone,Social Media,2024-11-27,2025-03-30,Churned,123,2024,0,0.96,0,3.6,0,1,,0,0,0,0.95,Critical
TP-00298,Free,NGO,Gaborone,Organic Search,2021-05-03,2021-09-26,Churned,146,2021,0,2.24,1,13.6,0,1,27.0,0,0,0,0.8585,Critical
TP-00299,Professional,Logistics,Gaborone,Social Media,2021-02-01,2021-12-13,Churned,315,2021,798,1.73,3,8.8,1,1,,0,1,0,0.2847,Medium
TP-00300,Professional,Hospitality,Gaborone,Referral,2022-05-30,,Active,1036,2022,798,0.83,5,5.1,1,1,6.0,1,1,0,0.2478,Low
TP-00301,Free,Agriculture,Palapye,Partnership,2024-08-11,2024-09-10,Churned,30,2024,0,0.36,2,0.6,0,0,69.0,0,0,1,0.95,Critical
TP-00302,Professional,Construction,Gaborone,Direct Sales,2022-07-03,,Active,1002,2022,798,2.85,6,16.1,1,2,,0,1,0,0.02,Low
TP-00303,Professional,Professional Services,Gaborone,Organic Search,2021-07-10,,Active,1360,2021,798,4.45,5,9.0,0,5,44.0,1,1,0,0.2122,Low
TP-00304,Free,Logistics,Gaborone,Partnership,2022-11-05,2023-02-02,Churned,89,2022,0,0.6,2,2.5,0,1,-11.0,0,0,1,0.95,Critical
TP-00305,Free,Construction,Palapye,Social Media,2021-12-26,2022-01-27,Churned,32,2021,0,0.0,3,0.0,0,1,1.0,0,0,0,0.8372,Critical
TP-00306,Professional,Logistics,Gaborone,Social Media,2022-07-25,,Active,980,2022,798,9.39,5,57.2,1,3,29.0,0,0,0,0.02,Low
TP-00307,Starter,Finance,Serowe,Direct Sales,2024-10-19,2025-03-07,Churned,139,2024,245,2.51,4,13.0,0,2,-45.0,0,0,0,0.5477,High
TP-00308,Free,NGO,Gaborone,Social Media,2020-09-28,2020-12-10,Churned,73,2020,0,2.54,3,9.4,0,0,0.0,0,0,0,0.6859,Critical
TP-00309,Free,Hospitality,Gaborone,Event,2021-10-07,2021-12-06,Churned,60,2021,0,0.33,1,1.1,0,0,,0,0,0,0.95,Critical
TP-00310,Professional,Agriculture,Gaborone,Referral,2021-05-27,,Active,1404,2021,798,6.04,6,32.5,1,1,55.0,1,0,0,0.1162,Low
TP-00311,Starter,Education,Lobatse,Partnership,2021-03-19,2021-05-09,Churned,51,2021,245,4.57,2,21.1,0,1,-13.0,0,0,0,0.5456,High
TP-00312,Free,Construction,Francistown,Organic Search,2023-05-15,2023-06-14,Churned,30,2023,0,0.0,2,0.0,0,1,18.0,0,0,0,0.95,Critical
TP-00313,Free,Hospitality,Palapye,Social Media,2020-09-30,,Active,1643,2020,0,2.13,2,6.5,1,1,,0,0,0,0.7618,Critical
TP-00314,Enterprise,Education,Maun,Event,2022-08-20,,Active,954,2022,2299,2.98,7,9.4,1,6,31.0,0,1,0,0.02,Low
TP-00315,Professional,Agriculture,Serowe,Direct Sales,2024-01-21,,Active,435,2024,798,4.61,6,29.2,1,1,,0,0,0,0.02,Low
TP-00316,Starter,Hospitality,Gaborone,Event,2024-04-11,,Active,354,2024,245,0.84,5,2.0,1,1,0.0,1,1,0,0.4247,Medium
TP-00317,Professional,NGO,Gaborone,Partnership,2022-03-14,,Active,1113,2022,798,5.91,6,37.5,0,1,,1,1,0,0.02,Low
TP-00318,Professional,Construction,Gaborone,Social Media,2021-05-10,,Active,1421,2021,798,1.2,5,5.8,1,0,,1,0,0,0.3624,Medium
TP-00319,Professional,Education,Gaborone,Social Media,2021-08-04,,Active,1335,2021,798,2.79,5,12.0,1,0,61.0,0,1,0,0.02,Low
TP-00320,Professional,Hospitality,Palapye,Direct Sales,2022-07-16,,Active,989,2022,798,2.64,6,7.9,1,1,4.0,1,0,0,0.2213,Low
TP-00321,Starter,Construction,Gaborone,Organic Search,2024-11-23,2025-03-23,Churned,120,2024,245,1.57,3,7.2,0,2,26.0,0,1,0,0.5818,High
TP-00322,Professional,Finance,Lobatse,Organic Search,2022-04-24,2023-03-24,Churned,334,2022,798,8.07,6,24.8,1,5,,0,0,0,0.041,Low
TP-00323,Enterprise,Hospitality,Francistown,Direct Sales,2021-04-18,,Active,1443,2021,2299,5.32,8,26.1,1,3,51.0,0,0,0,0.02,Low
TP-00324,Starter,Healthcare,Gaborone,Organic Search,2020-09-10,2021-05-22,Churned,254,2020,245,2.04,3,7.4,1,2,64.0,1,0,1,0.6774,Critical
TP-00325,Free,NGO,Francistown,Organic Search,2020-07-23,,Active,1712,2020,0,2.2,1,4.3,1,0,,0,0,0,0.7305,Critical
TP-00326,Starter,Healthcare,Gaborone,Partnership,2022-08-03,,Active,971,2022,245,4.03,4,22.2,1,1,,0,0,0,0.2333,Low
TP-00327,Starter,Construction,Serowe,Partnership,2020-10-05,,Active,1638,2020,245,1.45,4,5.5,1,1,,0,1,0,0.4748,High
TP-00328,Free,Retail,Serowe,Partnership,2022-10-06,2022-11-05,Churned,30,2022,0,2.12,0,9.5,0,1,,0,0,0,0.8114,Critical
TP-00329,Free,Healthcare,Gaborone,Event,2020-08-11,2020-09-20,Churned,40,2020,0,1.13,1,0.5,0,0,,0,0,0,0.95,Critical
TP-00330,Professional,Hospitality,Lobatse,Referral,2021-08-08,,Active,1331,2021,798,4.16,5,16.2,0,3,55.0,0,0,0,0.02,Low
TP-00331,Starter,Hospitality,Serowe,Social Media,2022-03-17,2022-04-27,Churned,41,2022,245,3.88,3,17.8,0,0,,0,1,0,0.3516,Medium
TP-00332,Starter,Retail,Serowe,Partnership,2023-09-17,,Active,561,2023,245,2.95,5,7.2,0,0,-8.0,0,0,0,0.4814,High
TP-00333,Professional,Professional Services,Palapye,Partnership,2024-10-14,,Active,168,2024,798,4.8,5,21.9,1,3,44.0,0,0,0,0.02,Low
TP-00334,Starter,NGO,Francistown,Referral,2021-12-17,2023-01-15,Churned,394,2021,245,1.69,2,11.5,1,1,,4,0,0,0.8642,Critical
TP-00335,Professional,Construction,Gaborone,Direct Sales,2021-12-03,,Active,1214,2021,798,4.31,5,14.3,0,1,46.0,1,0,0,0.1594,Low
TP-00336,Starter,Professional Services,Lobatse,Referral,2021-03-03,,Active,1489,2021,245,1.31,3,4.9,1,1,,1,0,0,0.7107,Critical
TP-00337,Starter,Professional Services,Gaborone,Referral,2022-09-12,2022-10-12,Churned,30,2022,245,3.76,3,14.7,0,2,,0,0,0,0.4566,High
TP-00338,Starter,Hospitality,Serowe,Partnership,2023-08-09,2023-10-31,Churned,83,2023,245,0.05,2,0.3,1,0,28.0,0,0,0,0.7077,Critical
TP-00339,Starter,Education,Maun,Social Media,2022-06-25,2022-09-01,Churned,68,2022,245,3.68,2,17.0,0,0,23.0,0,0,0,0.6679,Critical
TP-00340,Free,Logistics,Francistown,Social Media,2022-05-07,2022-07-29,Churned,83,2022,0,3.05,0,11.9,1,0,,0,0,0,0.7574,Critical
TP-00341,Free,Agriculture,Gaborone,Partnership,2024-10-15,2024-11-24,Churned,40,2024,0,0.88,2,1.7,0,0,,0,0,0,0.95,Critical
TP-00342,Free,Retail,Francistown,Referral,2024-01-17,2024-03-27,Churned,70,2024,0,1.95,2,6.5,1,1,,0,0,0,0.9015,Critical
TP-00343,Enterprise,Healthcare,Gaborone,Direct Sales,2022-05-16,,Active,1050,2022,2299,6.25,9,26.1,1,4,23.0,0,1,0,0.02,Low
TP-00344,Free,Education,Francistown,Partnership,2023-10-31,2023-12-15,Churned,45,2023,0,1.39,3,7.3,0,0,,0,0,0,0.8728,Critical
TP-00345,Free,Education,Palapye,Social Media,2024-02-04,2024-03-05,Churned,30,2024,0,1.15,1,3.1,0,1,,0,0,0,0.95,Critical
TP-00346,Professional,NGO,Gaborone,Social Media,2024-03-26,,Active,370,2024,798,3.71,5,27.7,1,0,31.0,0,0,0,0.1551,Low
TP-00347,Professional,Agriculture,Gaborone,Organic Search,2023-09-08,,Active,570,2023,798,5.84,5,19.4,1,5,,1,1,0,0.0458,Low
TP-00348,Professional,Education,Francistown,Referral,2024-02-07,,Active,418,2024,798,6.88,3,38.8,0,2,0.0,0,1,0,0.0419,Low
TP-00349,Free,Finance,Serowe,Referral,2024-03-24,2024-04-23,Churned,30,2024,0,1.44,1,7.7,0,1,,0,0,0,0.95,Critical
TP-00350,Professional,Education,Gaborone,Social Media,2023-01-06,,Active,815,2023,798,5.49,8,17.0,0,4,61.0,1,0,0,0.3299,Medium
TP-00351,Enterprise,Professional Services,Francistown,Referral,2023-03-22,,Active,740,2023,2299,3.3,8,8.0,1,3,,0,0,0,0.02,Low
TP-00352,Enterprise,Education,Gaborone,Partnership,2022-12-25,,Active,827,2022,2299,6.93,8,37.2,1,7,,0,1,0,0.02,Low
TP-00353,Free,Hospitality,Gaborone,Organic Search,2020-06-10,2020-08-14,Churned,65,2020,0,0.0,2,0.0,0,0,15.0,0,0,0,0.95,Critical
TP-00354,Professional,Hospitality,Francistown,Event,2022-10-28,2024-11-15,Churned,749,2022,798,3.28,5,8.8,1,1,,0,0,0,0.0892,Low
TP-00355,Free,Education,Lobatse,Social Media,2024-08-29,2024-09-28,Churned,30,2024,0,0.1,2,0.2,0,1,-25.0,0,0,0,0.95,Critical
TP-00356,Free,Hospitality,Gaborone,Partnership,2023-09-19,2023-12-01,Churned,73,2023,0,0.59,2,3.0,0,0,37.0,0,0,1,0.95,Critical
TP-00357,Starter,Finance,Francistown,Social Media,2022-11-06,,Active,876,2022,245,2.42,5,4.2,0,1,,0,1,0,0.2436,Low
TP-00358,Professional,Agriculture,Gaborone,Referral,2024-06-29,,Active,275,2024,798,3.01,6,14.8,0,1,73.0,0,1,0,0.12,Low
TP-00359,Free,Retail,Gaborone,Event,2021-11-06,2021-12-08,Churned,32,2021,0,0.0,2,0.0,0,0,,0,0,0,0.95,Critical
TP-00360,Free,Professional Services,Gaborone,Direct Sales,2021-02-09,2021-06-03,Churned,114,2021,0,2.36,0,10.7,0,2,9.0,0,0,0,0.8557,Critical
TP-00361,Starter,Healthcare,Gaborone,Organic Search,2024-02-17,,Active,408,2024,245,5.49,4,31.2,0,1,,1,0,0,0.4885,High
TP-00362,Free,Professional Services,Francistown,Partnership,2021-07-15,2021-11-24,Churned,132,2021,0,0.0,1,0.0,0,0,,0,0,0,0.95,Critical
TP-00363,Starter,Hospitality,Gaborone,Direct Sales,2021-07-31,,Active,1339,2021,245,4.21,0,17.6,0,0,45.0,0,1,1,0.5464,High
TP-00364,Starter,Professional Services,Serowe,Organic Search,2024-06-21,,Active,283,2024,245,4.07,3,20.3,0,0,,1,0,0,0.4603,High
TP-00365,Free,Retail,Gaborone,Referral,2020-08-20,,Active,1684,2020,0,2.0,2,8.6,0,1,1.0,0,0,0,0.8323,Critical
TP-00366,Professional,Retail,Palapye,Event,2024-01-17,,Active,439,2024,798,5.39,5,5.8,1,1,65.0,0,0,0,0.02,Low
TP-00367,Professional,Professional Services,Gaborone,Social Media,2021-06-10,,Active,1390,2021,798,2.49,4,12.1,1,3,58.0,2,0,0,0.3714,Medium
TP-00368,Starter,Hospitality,Gaborone,Event,2024-06-27,,Active,277,2024,245,2.25,3,3.7,1,1,,1,1,0,0.3475,Medium
TP-00369,Professional,Logistics,Gaborone,Direct Sales,2024-10-13,,Active,169,2024,798,5.24,4,34.6,1,0,20.0,0,0,0,0.1269,Low
TP-00370,Enterprise,Professional Services,Palapye,Direct Sales,2020-09-03,,Active,1670,2020,2299,8.06,7,49.6,1,1,,1,1,0,0.02,Low
TP-00371,Starter,NGO,Maun,Referral,2024-03-03,,Active,393,2024,245,4.48,5,16.8,0,1,-5.0,0,0,0,0.2512,Medium
TP-00372,Starter,Agriculture,Gaborone,Partnership,2023-11-08,,Active,509,2023,245,2.04,1,4.7,1,1,,0,1,0,0.4564,High
TP-00373,Professional,Professional Services,Serowe,Social Media,2021-10-07,,Active,1271,2021,798,4.64,7,27.2,1,2,17.0,0,0,0,0.02,Low
TP-00374,Free,Logistics,Serowe,Direct Sales,2020-11-28,2020-12-28,Churned,30,2020,0,0.6,1,1.7,0,0,20.0,0,0,1,0.95,Critical
TP-00375,Starter,Professional Services,Gaborone,Organic Search,2023-07-17,2023-08-16,Churned,30,2023,245,3.39,2,13.2,0,2,,0,0,0,0.5754,High
TP-00376,Starter,Logistics,Lobatse,Social Media,2020-09-20,,Active,1653,2020,245,4.58,4,8.9,0,0,,0,1,0,0.1661,Low
TP-00377,Starter,Education,Maun,Organic Search,2020-12-17,,Active,1565,2020,245,4.19,3,19.8,0,2,22.0,0,1,0,0.2624,Medium
TP-00378,Starter,Retail,Palapye,Direct Sales,2021-03-15,2021-04-14,Churned,30,2021,245,2.73,3,5.1,0,3,,2,0,0,0.5926,High
TP-00379,Free,Agriculture,Gaborone,Referral,2024-06-07,2024-07-07,Churned,30,2024,0,0.36,1,1.7,0,0,,0,0,1,0.95,Critical
TP-00380,Professional,Logistics,Maun,Partnership,2021-03-03,,Active,1489,2021,798,4.84,8,17.2,0,0,81.0,0,0,0,0.02,Low
TP-00381,Starter,NGO,Francistown,Partnership,2024-10-17,,Active,165,2024,245,4.87,4,13.8,0,0,35.0,1,0,0,0.4774,High
TP-00382,Professional,Finance,Palapye,Direct Sales,2023-10-31,,Active,517,2023,798,4.08,4,13.3,0,1,,0,1,0,0.0986,Low
TP-00383,Enterprise,Logistics,Serowe,Referral,2022-09-24,,Active,919,2022,2299,9.61,8,64.6,1,6,,0,0,0,0.02,Low
TP-00384,Professional,Finance,Francistown,Referral,2021-08-04,,Active,1335,2021,798,6.29,7,33.5,1,2,55.0,0,1,0,0.02,Low
TP-00385,Enterprise,Hospitality,Francistown,Event,2023-12-27,,Active,460,2023,2299,5.78,6,27.3,1,6,39.0,0,0,0,0.02,Low
TP-00386,Starter,Finance,Gaborone,Direct Sales,2024-12-12,2025-01-11,Churned,30,2024,245,5.38,4,24.6,1,0,14.0,0,0,1,0.3864,Medium
TP-00387,Free,Hospitality,Lobatse,Event,2021-10-27,2021-11-26,Churned,30,2021,0,2.43,2,3.5,1,0,37.0,0,0,0,0.7642,Critical
TP-00388,Starter,NGO,Palapye,Event,2023-07-26,,Active,614,2023,245,2.78,2,17.9,0,1,,0,0,0,0.6779,Critical
TP-00389,Professional,Healthcare,Maun,Organic Search,2022-07-22,2022-10-11,Churned,81,2022,798,5.48,4,24.7,1,1,,0,0,0,0.0506,Low
TP-00390,Free,NGO,Palapye,Direct Sales,2021-09-05,2021-10-05,Churned,30,2021,0,1.6,2,2.9,0,0,,0,0,0,0.95,Critical
TP-00391,Starter,NGO,Gaborone,Event,2021-07-02,2021-09-24,Churned,84,2021,245,4.37,2,14.4,1,2,53.0,0,0,0,0.4021,Medium
TP-00392,Starter,Finance,Gaborone,Referral,2023-09-10,2024-04-15,Churned,218,2023,245,2.46,2,11.2,0,0,100.0,1,0,0,0.7926,Critical
TP-00393,Enterprise,NGO,Gaborone,Event,2023-11-13,,Active,504,2023,2299,7.04,9,52.0,1,2,26.0,0,0,0,0.02,Low
TP-00394,Starter,Hospitality,Francistown,Partnership,2021-04-23,2021-05-23,Churned,30,2021,245,2.17,3,12.5,1,1,50.0,0,1,0,0.2752,Medium
TP-00395,Free,Education,Gaborone,Partnership,2023-05-23,2023-07-04,Churned,42,2023,0,0.55,0,2.2,0,0,,0,0,0,0.95,Critical
TP-00396,Free,NGO,Palapye,Referral,2020-08-21,2020-09-26,Churned,36,2020,0,1.03,0,3.6,0,0,20.0,0,0,0,0.95,Critical
TP-00397,Free,Finance,Maun,Organic Search,2023-04-25,2023-05-25,Churned,30,2023,0,1.93,0,2.9,0,0,45.0,0,0,0,0.95,Critical
TP-00398,Free,Finance,Gaborone,Organic Search,2021-05-09,2021-06-12,Churned,34,2021,0,2.67,0,11.5,0,1,,0,0,0,0.854,Critical
TP-00399,Free,Construction,Palapye,Direct Sales,2020-12-30,2021-02-21,Churned,53,2020,0,1.7,1,6.5,1,0,,0,0,0,0.9277,Critical
TP-00400,Free,Hospitality,Gaborone,Event,2022-04-11,2022-05-11,Churned,30,2022,0,0.45,1,1.1,1,1,-49.0,0,0,0,0.95,Critical
TP-00401,Free,Construction,Palapye,Direct Sales,2022-08-04,2022-09-03,Churned,30,2022,0,1.71,3,4.5,0,0,-9.0,0,0,0,0.95,Critical
TP-00402,Professional,Professional Services,Serowe,Partnership,2020-09-02,,Active,1671,2020,798,6.01,6,41.7,1,4,32.0,0,0,0,0.0428,Low
TP-00403,Professional,Healthcare,Francistown,Social Media,2024-09-15,2025-03-30,Churned,196,2024,798,7.07,4,29.7,0,3,59.0,1,0,0,0.3129,Medium
TP-00404,Professional,Finance,Gaborone,Event,2021-03-23,,Active,1469,2021,798,0.46,5,1.5,1,4,,0,0,0,0.3645,Medium
TP-00405,Starter,Retail,Francistown,Partnership,2021-03-17,2021-04-16,Churned,30,2021,245,0.92,1,3.7,1,2,12.0,1,0,0,0.8622,Critical
TP-00406,Professional,Education,Gaborone,Event,2023-04-16,,Active,715,2023,798,4.12,8,19.4,1,0,75.0,1,0,0,0.0588,Low
TP-00407,Free,NGO,Palapye,Partnership,2023-01-01,2023-02-20,Churned,50,2023,0,2.25,2,9.9,0,0,53.0,0,0,0,0.8499,Critical
TP-00408,Enterprise,Education,Gaborone,Event,2021-09-24,,Active,1284,2021,2299,9.01,9,32.7,1,9,,0,0,0,0.02,Low
TP-00409,Starter,NGO,Maun,Event,2023-09-10,,Active,568,2023,245,2.08,2,11.9,1,0,,0,0,0,0.547,High
TP-00410,Starter,Agriculture,Gaborone,Social Media,2021-03-03,2021-07-23,Churned,142,2021,245,1.66,2,9.3,0,1,24.0,0,0,0,0.8402,Critical
TP-00411,Starter,Professional Services,Gaborone,Partnership,2020-11-15,2021-10-16,Churned,335,2020,245,4.53,2,27.0,0,0,,1,1,0,0.4931,High
TP-00412,Free,Retail,Serowe,Event,2020-08-03,2020-09-02,Churned,30,2020,0,2.12,0,12.6,0,0,,0,0,0,0.9331,Critical
TP-00413,Free,Healthcare,Francistown,Partnership,2023-01-23,2023-04-08,Churned,75,2023,0,0.18,2,0.4,0,0,33.0,0,0,0,0.95,Critical
TP-00414,Free,Finance,Francistown,Direct Sales,2022-06-16,2022-07-16,Churned,30,2022,0,2.26,2,6.5,0,0,,0,0,0,0.8163,Critical
TP-00415,Starter,Hospitality,Serowe,Referral,2022-12-01,,Active,851,2022,245,4.95,3,24.9,1,1,,1,0,0,0.3894,Medium
TP-00416,Free,Logistics,Gaborone,Social Media,2022-06-27,2022-07-27,Churned,30,2022,0,2.2,1,7.9,1,0,,0,0,0,0.8016,Critical
TP-00417,Free,Logistics,Palapye,Organic Search,2024-01-20,2024-02-19,Churned,30,2024,0,2.17,3,6.7,0,3,,0,0,0,0.7364,Critical
TP-00418,Starter,Hospitality,Gaborone,Direct Sales,2022-06-19,,Active,1016,2022,245,1.27,3,5.4,0,2,,1,1,0,0.6134,High
TP-00419,Free,Agriculture,Gaborone,Social Media,2023-02-23,2023-05-15,Churned,81,2023,0,1.24,3,6.5,0,0,,0,0,1,0.95,Critical
TP-00420,Starter,Healthcare,Gaborone,Referral,2021-04-19,,Active,1442,2021,245,4.41,5,25.3,1,3,,0,1,0,0.02,Low
TP-00421,Professional,Logistics,Maun,Direct Sales,2021-08-06,,Active,1333,2021,798,5.1,4,33.6,1,3,,0,0,0,0.0708,Low
TP-00422,Free,Finance,Gaborone,Partnership,2021-03-28,,Active,1464,2021,0,0.0,2,0.0,1,1,31.0,0,0,0,0.95,Critical
TP-00423,Starter,NGO,Francistown,Event,2024-06-30,2024-11-17,Churned,140,2024,245,2.7,2,16.4,0,2,57.0,0,1,0,0.6103,High
TP-00424,Professional,NGO,Gaborone,Partnership,2024-09-19,,Active,193,2024,798,6.32,7,20.1,1,2,,0,1,0,0.02,Low
TP-00425,Free,Logistics,Francistown,Organic Search,2021-09-14,2021-12-04,Churned,81,2021,0,0.82,3,2.9,0,1,56.0,0,0,1,0.9432,Critical
TP-00426,Professional,NGO,Gaborone,Direct Sales,2023-11-12,,Active,505,2023,798,6.04,4,53.7,1,1,,0,0,0,0.0575,Low
TP-00427,Free,Hospitality,Palapye,Partnership,2020-06-03,2020-07-03,Churned,30,2020,0,1.86,1,12.9,0,0,,0,0,0,0.95,Critical
TP-00428,Starter,Construction,Lobatse,Direct Sales,2024-11-04,,Active,147,2024,245,5.16,3,18.7,0,0,51.0,1,0,0,0.4447,Medium
TP-00429,Starter,Agriculture,Gaborone,Direct Sales,2024-09-16,,Active,196,2024,245,3.19,3,12.1,1,1,,1,1,0,0.3783,Medium
TP-00430,Professional,NGO,Francistown,Partnership,2020-06-15,,Active,1750,2020,798,5.02,5,30.6,1,0,34.0,0,0,0,0.02,Low
TP-00431,Free,Agriculture,Maun,Social Media,2021-11-18,2021-12-18,Churned,30,2021,0,1.81,2,6.0,0,0,13.0,0,0,0,0.95,Critical
TP-00432,Starter,Finance,Francistown,Social Media,2023-07-21,,Active,619,2023,245,0.21,3,0.4,0,1,16.0,0,1,0,0.6197,High
TP-00433,Professional,Professional Services,Maun,Direct Sales,2024-10-21,,Active,161,2024,798,3.62,5,11.4,1,1,5.0,0,1,0,0.02,Low
TP-00434,Starter,Retail,Gaborone,Event,2020-06-11,2020-08-29,Churned,79,2020,245,2.23,3,12.5,0,0,,0,0,0,0.5013,High
TP-00435,Free,Education,Gaborone,Organic Search,2024-06-23,2024-08-01,Churned,39,2024,0,0.94,2,1.5,0,1,,0,0,0,0.95,Critical
TP-00436,Enterprise,Hospitality,Francistown,Direct Sales,2020-06-22,,Active,1743,2020,2299,3.87,8,8.4,1,2,,0,0,0,0.02,Low
TP-00437,Free,NGO,Francistown,Event,2021-09-18,2021-11-06,Churned,49,2021,0,2.34,1,1.9,0,1,,0,0,0,0.7887,Critical
TP-00438,Free,Agriculture,Gaborone,Direct Sales,2022-09-09,2022-10-09,Churned,30,2022,0,1.98,2,9.7,0,3,-30.0,0,0,0,0.95,Critical
TP-00439,Free,Healthcare,Maun,Partnership,2023-09-07,,Active,571,2023,0,3.44,2,0.0,0,1,,0,0,0,0.8293,Critical
TP-00440,Starter,Healthcare,Gaborone,Partnership,2021-01-05,2022-01-03,Churned,363,2021,245,0.6,3,3.5,0,1,15.0,0,1,1,0.6937,Critical
TP-00441,Free,Finance,Serowe,Partnership,2021-10-26,,Active,1252,2021,0,1.81,2,4.4,0,0,,0,0,0,0.95,Critical
TP-00442,Starter,Logistics,Palapye,Organic Search,2023-02-13,,Active,777,2023,245,6.13,3,29.1,1,1,-9.0,0,0,0,0.2632,Medium
TP-00443,Free,Education,Gaborone,Social Media,2023-04-24,2023-07-11,Churned,78,2023,0,0.0,2,0.0,0,0,,0,0,0,0.95,Critical
TP-00444,Free,Finance,Lobatse,Direct Sales,2022-03-05,2022-04-04,Churned,30,2022,0,0.54,2,2.2,0,1,,0,0,0,0.95,Critical
TP-00445,Starter,Construction,Francistown,Referral,2021-09-24,2021-10-24,Churned,30,2021,245,4.63,2,14.9,0,3,,1,1,0,0.5001,High
TP-00446,Free,Professional Services,Maun,Event,2023-03-06,2023-04-05,Churned,30,2023,0,1.12,1,5.7,0,0,,0,0,0,0.95,Critical
TP-00447,Starter,NGO,Gaborone,Partnership,2021-12-15,2022-02-04,Churned,51,2021,245,3.24,3,20.5,0,0,,0,0,0,0.4891,High
TP-00448,Professional,Logistics,Lobatse,Organic Search,2023-03-27,,Active,735,2023,798,5.74,5,16.8,1,1,,0,0,0,0.02,Low
TP-00449,Free,Finance,Francistown,Event,2020-06-18,2020-08-21,Churned,64,2020,0,0.61,1,2.6,1,0,40.0,0,0,0,0.9049,Critical
TP-00450,Starter,Construction,Gaborone,Partnership,2022-05-04,2022-06-03,Churned,30,2022,245,2.73,1,19.7,1,3,-7.0,0,1,0,0.579,High
TP-00451,Professional,Healthcare,Francistown,Partnership,2021-02-24,,Active,1496,2021,798,3.42,4,27.1,0,3,,0,0,0,0.3068,Medium
TP-00452,Professional,Construction,Gaborone,Event,2021-04-03,2022-01-11,Churned,283,2021,798,4.9,2,33.7,1,2,0.0,0,0,0,0.149,Low
TP-00453,Professional,Finance,Francistown,Social Media,2024-10-26,,Active,156,2024,798,3.96,6,11.7,1,1,68.0,0,0,0,0.1174,Low
TP-00454,Free,Healthcare,Francistown,Event,2020-12-15,2021-04-13,Churned,119,2020,0,0.82,1,3.9,0,1,35.0,0,0,0,0.95,Critical
TP-00455,Enterprise,Healthcare,Gaborone,Direct Sales,2021-02-04,,Active,1516,2021,2299,9.9,7,40.1,1,0,,0,0,0,0.02,Low
TP-00456,Enterprise,Healthcare,Gaborone,Event,2023-04-12,,Active,719,2023,2299,9.27,8,30.1,1,0,,1,0,0,0.02,Low
TP-00457,Free,Hospitality,Palapye,Event,2024-12-11,2025-03-05,Churned,84,2024,0,0.0,1,0.0,0,0,-11.0,0,0,0,0.95,Critical
TP-00458,Free,Education,Gaborone,Social Media,2024-05-25,2024-10-20,Churned,148,2024,0,2.78,1,15.9,0,0,,0,0,0,0.8991,Critical
TP-00459,Professional,Education,Maun,Partnership,2022-12-10,,Active,842,2022,798,6.08,7,20.6,1,1,32.0,0,1,0,0.02,Low
TP-00460,Starter,Professional Services,Gaborone,Direct Sales,2020-12-28,,Active,1554,2020,245,2.1,2,5.6,1,2,,0,0,1,0.6217,High
TP-00461,Starter,Professional Services,Gaborone,Partnership,2021-04-15,2021-05-15,Churned,30,2021,245,3.25,5,12.2,1,3,,2,0,0,0.3766,Medium
TP-00462,Starter,Hospitality,Gaborone,Event,2022-06-01,2022-07-01,Churned,30,2022,245,3.75,2,6.5,0,3,-10.0,1,0,0,0.8068,Critical
TP-00463,Free,Logistics,Gaborone,Event,2023-06-10,2023-08-08,Churned,59,2023,0,0.77,1,4.7,1,0,,0,0,0,0.8961,Critical
TP-00464,Starter,Healthcare,Palapye,Direct Sales,2023-06-11,2023-07-11,Churned,30,2023,245,2.41,1,11.3,1,1,-6.0,0,1,0,0.4912,High
TP-00465,Free,Finance,Serowe,Referral,2022-05-06,2022-09-03,Churned,120,2022,0,3.78,2,16.9,0,0,39.0,0,0,0,0.783,Critical
TP-00466,Professional,Healthcare,Francistown,Organic Search,2023-06-28,,Active,642,2023,798,6.75,6,41.9,1,3,34.0,0,0,0,0.02,Low
TP-00467,Free,Agriculture,Serowe,Referral,2021-11-21,2021-12-21,Churned,30,2021,0,1.51,1,6.3,1,1,,0,0,0,0.947,Critical
TP-00468,Free,Finance,Serowe,Direct Sales,2021-06-21,2021-07-21,Churned,30,2021,0,3.22,2,14.2,0,0,12.0,0,0,0,0.7976,Critical
TP-00469,Starter,Healthcare,Maun,Direct Sales,2021-06-20,2021-08-10,Churned,51,2021,245,3.19,1,15.3,1,2,24.0,1,0,1,0.8321,Critical
TP-00470,Starter,Retail,Gaborone,Referral,2020-07-01,,Active,1734,2020,245,2.18,5,11.2,0,0,-5.0,0,1,0,0.3544,Medium
TP-00471,Starter,Retail,Gaborone,Referral,2020-09-23,2020-10-23,Churned,30,2020,245,4.42,2,18.4,1,1,61.0,1,0,0,0.5241,High
TP-00472,Free,Construction,Gaborone,Direct Sales,2021-10-20,2021-11-19,Churned,30,2021,0,1.32,1,8.1,0,0,16.0,0,0,0,0.95,Critical
TP-00473,Starter,Construction,Francistown,Event,2022-03-02,2023-01-21,Churned,325,2022,245,3.53,3,11.0,0,1,-27.0,0,0,0,0.5606,High
TP-00474,Free,Education,Palapye,Event,2021-08-21,2021-09-20,Churned,30,2021,0,1.8,3,7.7,0,0,5.0,0,0,0,0.8737,Critical
TP-00475,Professional,NGO,Gaborone,Referral,2020-06-19,,Active,1746,2020,798,4.79,5,33.0,0,0,,0,0,0,0.0412,Low
TP-00476,Free,Logistics,Gaborone,Partnership,2022-04-25,2022-05-25,Churned,30,2022,0,2.0,2,5.9,0,1,,0,0,0,0.95,Critical
TP-00477,Starter,Finance,Serowe,Referral,2023-02-25,2023-03-27,Churned,30,2023,245,3.87,0,23.4,1,2,,0,0,0,0.5447,High
TP-00478,Starter,Education,Maun,Social Media,2020-08-20,2021-03-18,Churned,210,2020,245,2.3,2,3.7,0,2,-2.0,0,1,0,0.5896,High
TP-00479,Free,Education,Gaborone,Direct Sales,2021-12-16,2022-03-21,Churned,95,2021,0,0.93,2,3.2,0,0,,0,0,0,0.95,Critical
TP-00480,Professional,Finance,Gaborone,Organic Search,2024-10-07,2025-01-28,Churned,113,2024,798,1.77,6,12.3,1,5,38.0,0,1,0,0.3016,Medium
TP-00481,Professional,NGO,Gaborone,Event,2020-10-08,,Active,1635,2020,798,4.86,8,15.6,1,2,83.0,1,0,0,0.0236,Low
TP-00482,Starter,Education,Gaborone,Social Media,2021-01-13,2021-04-09,Churned,86,2021,245,2.45,4,13.2,1,0,,1,1,0,0.3929,Medium
TP-00483,Free,Professional Services,Francistown,Organic Search,2020-08-05,2020-09-04,Churned,30,2020,0,1.14,2,1.9,0,0,,0,0,0,0.95,Critical
TP-00484,Free,NGO,Maun,Organic Search,2021-08-02,2021-10-09,Churned,68,2021,0,3.21,1,20.1,0,2,,0,0,0,0.84,Critical
TP-00485,Starter,Education,Francistown,Direct Sales,2022-06-26,2022-09-28,Churned,94,2022,245,1.03,3,3.9,0,2,-4.0,0,0,0,0.7525,Critical
TP-00486,Free,Finance,Gaborone,Event,2021-09-17,2021-12-28,Churned,102,2021,0,2.09,1,8.1,0,0,55.0,0,0,0,0.7745,Critical
TP-00487,Starter,Hospitality,Francistown,Partnership,2022-09-29,2023-02-06,Churned,130,2022,245,2.09,3,6.6,0,0,,0,0,0,0.4676,High
TP-00488,Professional,Finance,Gaborone,Social Media,2024-02-07,,Active,418,2024,798,2.46,6,9.2,1,3,,0,0,0,0.0596,Low
TP-00489,Free,Education,Serowe,Direct Sales,2024-09-13,2024-10-22,Churned,39,2024,0,0.79,0,5.0,0,0,,0,0,0,0.95,Critical
TP-00490,Starter,Healthcare,Gaborone,Direct Sales,2022-12-04,2023-09-11,Churned,281,2022,245,2.67,3,4.5,0,2,65.0,1,1,0,0.5502,High
TP-00491,Free,Healthcare,Gaborone,Referral,2021-08-14,2021-09-13,Churned,30,2021,0,2.42,0,10.0,0,2,2.0,0,0,0,0.8381,Critical
TP-00492,Starter,NGO,Gaborone,Organic Search,2022-12-30,2023-06-15,Churned,167,2022,245,2.63,2,14.7,1,0,18.0,0,0,0,0.5001,High
TP-00493,Professional,Professional Services,Francistown,Partnership,2021-08-20,,Active,1319,2021,798,4.48,4,6.3,0,2,,0,0,0,0.2048,Low
TP-00494,Starter,Professional Services,Francistown,Social Media,2020-08-16,2020-09-22,Churned,37,2020,245,1.79,4,9.6,0,0,,0,1,1,0.7762,Critical
TP-00495,Free,Agriculture,Gaborone,Organic Search,2024-09-25,2024-10-25,Churned,30,2024,0,0.01,0,0.1,1,0,,0,0,0,0.95,Critical
TP-00496,Free,Retail,Gaborone,Partnership,2021-04-03,2021-05-03,Churned,30,2021,0,1.59,1,8.3,0,0,,0,0,0,0.95,Critical
TP-00497,Enterprise,Logistics,Serowe,Partnership,2023-03-31,,Active,731,2023,2299,4.2,7,8.8,1,5,42.0,0,0,0,0.02,Low
TP-00498,Professional,Finance,Gaborone,Organic Search,2022-08-26,,Active,948,2022,798,7.02,4,26.2,1,4,,0,1,0,0.079,Low
TP-00499,Starter,Logistics,Gaborone,Partnership,2021-07-07,,Active,1363,2021,245,2.49,4,11.5,0,0,,0,0,0,0.4757,High
TP-00500,Starter,Professional Services,Maun,Direct Sales,2022-06-19,2022-09-24,Churned,97,2022,245,0.83,5,1.3,1,2,8.0,2,0,1,0.7522,Critical
TP-00501,Enterprise,NGO,Serowe,Direct Sales,2023-11-29,,Active,488,2023,2299,4.3,7,13.5,1,2,75.0,1,0,0,0.02,Low
TP-00502,Professional,Professional Services,Maun,Referral,2023-11-24,2024-10-10,Churned,321,2023,798,3.68,7,20.8,0,3,,0,0,0,0.2368,Low
TP-00503,Starter,Professional Services,Gaborone,Direct Sales,2020-07-17,,Active,1718,2020,245,5.33,4,14.6,1,0,,1,1,0,0.2501,Medium
TP-00504,Enterprise,Retail,Gaborone,Event,2023-05-15,,Active,686,2023,2299,6.77,7,20.5,1,4,86.0,0,1,0,0.02,Low
TP-00505,Starter,Retail,Francistown,Organic Search,2020-10-15,,Active,1628,2020,245,1.19,5,2.8,1,0,32.0,2,0,0,0.5652,High
TP-00506,Starter,Construction,Lobatse,Partnership,2024-05-24,2024-09-11,Churned,110,2024,245,3.08,4,13.3,1,0,99.0,0,0,0,0.3741,Medium
TP-00507,Starter,Logistics,Francistown,Event,2020-07-15,,Active,1720,2020,245,3.74,3,10.1,1,1,,0,1,0,0.2797,Medium
TP-00508,Free,Healthcare,Gaborone,Partnership,2021-12-17,2022-02-06,Churned,51,2021,0,1.06,2,5.1,0,1,,0,0,0,0.95,Critical
TP-00509,Professional,Retail,Lobatse,Social Media,2021-09-05,,Active,1303,2021,798,4.29,6,22.7,1,2,,0,0,0,0.02,Low
TP-00510,Starter,Construction,Gaborone,Partnership,2021-04-09,2021-09-12,Churned,156,2021,245,1.09,4,2.7,1,1,8.0,0,0,0,0.5806,High
TP-00511,Starter,NGO,Francistown,Referral,2021-03-10,2021-04-14,Churned,35,2021,245,3.23,2,15.2,1,0,,1,0,0,0.7591,Critical
TP-00512,Enterprise,Hospitality,Gaborone,Partnership,2023-05-28,,Active,673,2023,2299,6.25,8,32.6,0,2,100.0,0,1,0,0.02,Low
TP-00513,Professional,Education,Palapye,Direct Sales,2022-09-21,2025-03-30,Churned,921,2022,798,2.0,4,7.8,1,0,,0,0,0,0.3573,Medium
TP-00514,Free,Hospitality,Gaborone,Partnership,2023-11-16,2024-01-30,Churned,75,2023,0,0.66,3,0.4,0,2,,0,0,0,0.8304,Critical
TP-00515,Starter,Education,Gaborone,Direct Sales,2021-03-02,2021-06-30,Churned,120,2021,245,0.99,2,6.7,0,1,,0,0,0,0.8378,Critical
TP-00516,Free,Retail,Gaborone,Organic Search,2021-12-05,2022-01-05,Churned,31,2021,0,0.27,2,0.7,0,1,31.0,0,0,0,0.95,Critical
TP-00517,Free,Hospitality,Palapye,Direct Sales,2023-11-16,2024-02-09,Churned,85,2023,0,1.83,2,11.8,0,0,70.0,0,0,0,0.95,Critical
TP-00518,Professional,Agriculture,Maun,Direct Sales,2023-11-05,,Active,512,2023,798,2.67,5,10.5,0,1,,0,0,0,0.2407,Low
TP-00519,Starter,Retail,Francistown,Direct Sales,2022-12-23,,Active,829,2022,245,4.48,5,20.6,0,1,5.0,1,0,0,0.2783,Medium
TP-00520,Starter,Retail,Gaborone,Direct Sales,2022-08-25,2023-01-29,Churned,157,2022,245,2.8,2,7.4,0,1,,2,1,0,0.6898,Critical
TP-00521,Professional,Finance,Palapye,Direct Sales,2024-01-15,,Active,441,2024,798,6.0,7,13.7,1,1,,0,1,0,0.02,Low
TP-00522,Free,Agriculture,Gaborone,Organic Search,2021-06-02,2021-07-02,Churned,30,2021,0,0.0,2,0.0,0,1,,0,0,0,0.9372,Critical
TP-00523,Free,Education,Maun,Event,2024-11-18,2024-12-18,Churned,30,2024,0,1.21,1,8.2,1,1,,0,0,1,0.95,Critical
TP-00524,Starter,Finance,Francistown,Referral,2022-07-16,,Active,989,2022,245,3.13,2,13.0,0,0,36.0,0,1,0,0.4754,High
TP-00525,Professional,Hospitality,Palapye,Referral,2024-09-23,,Active,189,2024,798,2.25,5,2.7,0,1,20.0,1,1,0,0.2251,Low
TP-00526,Free,Hospitality,Lobatse,Organic Search,2023-11-28,2024-02-11,Churned,75,2023,0,3.3,1,24.1,0,0,-1.0,0,0,0,0.9068,Critical
TP-00527,Professional,NGO,Palapye,Referral,2021-08-19,,Active,1320,2021,798,4.81,6,38.3,1,2,24.0,0,0,0,0.02,Low
TP-00528,Starter,NGO,Francistown,Referral,2020-09-09,2020-12-26,Churned,108,2020,245,1.12,2,3.4,1,0,44.0,0,1,0,0.6359,High
TP-00529,Starter,NGO,Gaborone,Organic Search,2020-09-09,,Active,1664,2020,245,3.12,4,18.6,1,1,,0,1,0,0.2471,Low
TP-00530,Starter,Logistics,Maun,Social Media,2020-08-13,2020-11-29,Churned,108,2020,245,1.95,3,10.8,1,0,26.0,0,0,0,0.5074,High
TP-00531,Starter,Finance,Gaborone,Direct Sales,2021-03-03,2021-06-30,Churned,119,2021,245,2.69,4,17.6,1,1,,0,1,0,0.2868,Medium
TP-00532,Starter,Finance,Lobatse,Direct Sales,2024-06-22,2024-11-22,Churned,153,2024,245,3.54,4,16.2,0,0,,2,0,0,0.6265,High
TP-00533,Free,Finance,Francistown,Partnership,2022-05-26,2022-07-04,Churned,39,2022,0,1.28,2,4.6,0,0,,0,0,0,0.95,Critical
TP-00534,Professional,Construction,Maun,Referral,2020-06-04,,Active,1761,2020,798,4.84,6,30.8,1,1,35.0,1,0,0,0.0235,Low
TP-00535,Free,NGO,Lobatse,Direct Sales,2020-09-02,2020-10-02,Churned,30,2020,0,0.69,2,2.8,0,0,,0,0,0,0.95,Critical
TP-00536,Professional,Healthcare,Gaborone,Partnership,2022-03-26,,Active,1101,2022,798,2.57,5,8.8,0,2,22.0,1,1,0,0.2219,Low
TP-00537,Starter,Retail,Serowe,Referral,2022-04-08,2022-06-11,Churned,64,2022,245,2.68,1,15.8,0,3,,1,0,0,0.7711,Critical
TP-00538,Starter,Finance,Palapye,Direct Sales,2024-10-23,,Active,159,2024,245,2.88,4,6.6,0,2,,0,1,0,0.3848,Medium
TP-00539,Starter,Finance,Francistown,Referral,2023-08-27,2023-11-04,Churned,69,2023,245,3.56,5,18.3,0,1,,1,0,0,0.5119,High
TP-00540,Enterprise,Finance,Serowe,Partnership,2023-10-24,,Active,524,2023,2299,5.42,8,19.4,1,1,,0,0,0,0.02,Low
TP-00541,Starter,Education,Maun,Social Media,2022-09-26,2022-10-26,Churned,30,2022,245,0.92,0,3.5,1,1,,0,0,0,0.6942,Critical
TP-00542,Free,Retail,Serowe,Organic Search,2022-11-26,2023-04-19,Churned,144,2022,0,1.55,1,9.0,0,0,,0,0,0,0.95,Critical
TP-00543,Free,Logistics,Maun,Partnership,2022-02-26,2022-03-28,Churned,30,2022,0,1.61,3,8.4,0,0,6.0,0,0,0,0.9213,Critical
TP-00544,Free,Retail,Francistown,Event,2023-05-06,2023-06-05,Churned,30,2023,0,1.14,0,5.1,1,0,42.0,0,0,1,0.95,Critical
TP-00545,Professional,Education,Francistown,Organic Search,2020-12-29,,Active,1553,2020,798,0.71,4,4.9,1,2,,0,1,0,0.2694,Medium
TP-00546,Free,Construction,Gaborone,Partnership,2022-03-16,2022-04-15,Churned,30,2022,0,1.53,2,4.5,0,0,,0,0,0,0.95,Critical
TP-00547,Free,NGO,Francistown,Organic Search,2021-07-29,2021-08-28,Churned,30,2021,0,2.76,2,16.2,0,0,38.0,0,0,0,0.9177,Critical
TP-00548,Free,Healthcare,Francistown,Social Media,2023-06-13,2023-07-13,Churned,30,2023,0,1.34,1,3.1,0,2,19.0,0,0,0,0.95,Critical
TP-00549,Free,Retail,Gaborone,Direct Sales,2021-06-02,2021-08-13,Churned,72,2021,0,1.46,0,2.6,0,1,,0,0,0,0.95,Critical
TP-00550,Free,Construction,Maun,Event,2024-12-14,2025-03-14,Churned,90,2024,0,2.86,1,19.7,0,1,,0,0,0,0.8096,Critical
TP-00551,Free,Logistics,Gaborone,Social Media,2024-04-02,2024-05-02,Churned,30,2024,0,0.0,2,0.0,0,0,,0,0,0,0.95,Critical
TP-00552,Free,Education,Gaborone,Event,2024-02-23,2024-04-13,Churned,50,2024,0,0.0,3,0.0,0,0,,0,0,0,0.8728,Critical
TP-00553,Free,Professional Services,Gaborone,Direct Sales,2021-05-16,2021-07-04,Churned,49,2021,0,1.41,1,5.5,0,0,3.0,0,0,0,0.95,Critical
TP-00554,Free,Finance,Francistown,Social Media,2023-05-28,2023-07-07,Churned,40,2023,0,0.0,0,0.0,0,0,,0,0,0,0.95,Critical
TP-00555,Free,Logistics,Gaborone,Social Media,2021-08-01,2021-08-31,Churned,30,2021,0,0.0,2,0.0,0,0,,0,0,0,0.95,Critical
TP-00556,Free,Professional Services,Maun,Event,2023-08-20,2023-09-26,Churned,37,2023,0,0.0,3,0.0,0,0,39.0,0,0,0,0.9078,Critical
TP-00557,Free,Logistics,Gaborone,Direct Sales,2020-10-21,2020-11-20,Churned,30,2020,0,0.11,2,0.6,0,0,,0,0,0,0.95,Critical
TP-00558,Free,Construction,Serowe,Partnership,2024-08-25,2024-09-24,Churned,30,2024,0,0.92,1,6.5,0,0,-18.0,0,0,0,0.95,Critical
TP-00559,Starter,Agriculture,Francistown,Direct Sales,2021-07-06,,Active,1364,2021,245,2.8,3,16.2,1,0,,0,1,0,0.2416,Low
TP-00560,Starter,Education,Lobatse,Partnership,2020-06-17,2020-07-17,Churned,30,2020,245,1.44,2,6.0,0,2,51.0,0,0,0,0.7291,Critical
TP-00561,Professional,Retail,Gaborone,Partnership,2022-06-06,,Active,1029,2022,798,4.59,6,27.2,1,6,23.0,0,1,0,0.02,Low
TP-00562,Starter,Agriculture,Gaborone,Partnership,2021-08-07,,Active,1332,2021,245,1.61,2,4.4,0,2,9.0,0,1,0,0.7322,Critical
TP-00563,Professional,Hospitality,Gaborone,Event,2021-02-13,,Active,1507,2021,798,4.86,5,11.5,1,1,68.0,0,1,0,0.02,Low
TP-00564,Enterprise,Professional Services,Gaborone,Direct Sales,2022-12-21,,Active,831,2022,2299,5.41,10,32.8,1,2,,0,0,0,0.02,Low
TP-00565,Starter,Agriculture,Francistown,Direct Sales,2022-07-28,2022-08-28,Churned,31,2022,245,2.64,4,18.9,1,4,46.0,1,0,0,0.5968,High
TP-00566,Starter,Finance,Francistown,Organic Search,2020-08-17,,Active,1687,2020,245,2.39,3,8.6,0,2,,0,1,0,0.3559,Medium
TP-00567,Free,Finance,Lobatse,Social Media,2023-01-09,2023-06-26,Churned,168,2023,0,0.96,2,5.3,0,0,-15.0,0,0,0,0.95,Critical
TP-00568,Starter,Finance,Serowe,Social Media,2023-11-08,2023-12-08,Churned,30,2023,245,2.18,4,10.0,1,1,47.0,1,0,0,0.5564,High
TP-00569,Starter,Education,Gaborone,Social Media,2022-01-14,,Active,1172,2022,245,4.38,4,24.7,1,1,,0,0,0,0.2368,Low
TP-00570,Starter,NGO,Gaborone,Social Media,2024-12-13,2025-01-19,Churned,37,2024,245,1.77,1,11.0,0,0,47.0,0,0,0,0.7797,Critical
TP-00571,Professional,Healthcare,Gaborone,Social Media,2021-12-16,2022-03-17,Churned,91,2021,798,5.57,4,22.0,0,3,56.0,1,1,0,0.2144,Low
TP-00572,Starter,Hospitality,Gaborone,Event,2021-09-27,2022-05-19,Churned,234,2021,245,2.77,2,10.7,0,1,,1,0,0,0.7976,Critical
TP-00573,Free,Hospitality,Serowe,Direct Sales,2024-09-25,2024-11-16,Churned,52,2024,0,0.86,2,4.4,0,0,,0,0,0,0.95,Critical
TP-00574,Free,Healthcare,Serowe,Organic Search,2020-09-16,2020-10-18,Churned,32,2020,0,1.58,2,6.8,1,0,-34.0,0,0,0,0.95,Critical
TP-00575,Professional,Finance,Gaborone,Event,2024-05-16,,Active,319,2024,798,3.85,4,18.7,1,2,45.0,0,0,0,0.1897,Low
TP-00576,Free,Education,Lobatse,Event,2020-08-24,,Active,1680,2020,0,2.28,2,9.3,1,1,26.0,0,0,0,0.7632,Critical
TP-00577,Starter,Healthcare,Gaborone,Social Media,2024-11-30,,Active,121,2024,245,4.34,4,11.2,1,1,,0,0,0,0.2296,Low
TP-00578,Free,Education,Maun,Referral,2022-03-04,2022-04-03,Churned,30,2022,0,2.38,1,16.7,0,1,,0,0,0,0.7849,Critical
TP-00579,Free,Professional Services,Maun,Social Media,2021-08-24,2021-10-04,Churned,41,2021,0,1.61,3,8.4,0,0,-3.0,0,0,1,0.95,Critical
TP-00580,Professional,Construction,Lobatse,Event,2021-02-05,,Active,1515,2021,798,6.8,5,34.7,1,0,58.0,1,0,0,0.0607,Low
TP-00581,Starter,NGO,Serowe,Referral,2021-01-14,2021-10-01,Churned,260,2021,245,1.33,5,6.5,0,0,43.0,0,0,0,0.4818,High
TP-00582,Starter,Education,Gaborone,Organic Search,2021-12-20,,Active,1197,2021,245,4.4,5,12.9,0,1,7.0,1,1,1,0.3107,Medium
TP-00583,Free,Logistics,Gaborone,Referral,2023-11-02,2023-12-05,Churned,33,2023,0,1.91,2,4.1,0,0,,0,0,1,0.95,Critical
TP-00584,Free,Logistics,Maun,Organic Search,2020-08-11,2020-09-11,Churned,31,2020,0,0.0,3,0.0,1,0,,0,0,0,0.7693,Critical
TP-00585,Professional,Hospitality,Maun,Organic Search,2020-08-17,,Active,1687,2020,798,4.17,5,24.2,1,3,80.0,1,0,0,0.1132,Low
TP-00586,Enterprise,Logistics,Francistown,Direct Sales,2024-06-30,2024-09-24,Churned,86,2024,2299,3.8,6,21.2,1,6,,0,0,0,0.02,Low
TP-00587,Enterprise,Logistics,Gaborone,Partnership,2022-06-06,,Active,1029,2022,2299,4.54,7,16.8,1,0,37.0,0,1,0,0.02,Low
TP-00588,Professional,Education,Gaborone,Direct Sales,2024-09-05,,Active,207,2024,798,5.44,6,21.0,0,2,,0,1,0,0.02,Low
TP-00589,Free,Construction,Gaborone,Direct Sales,2021-01-05,2021-02-04,Churned,30,2021,0,0.0,0,0.0,0,0,38.0,0,0,1,0.95,Critical
TP-00590,Free,NGO,Gaborone,Direct Sales,2020-10-08,,Active,1635,2020,0,1.27,1,4.4,0,0,,0,0,0,0.95,Critical
TP-00591,Professional,Retail,Gaborone,Organic Search,2022-04-23,,Active,1073,2022,798,6.47,5,47.6,0,2,32.0,1,1,0,0.0908,Low
TP-00592,Starter,Finance,Gaborone,Partnership,2021-09-21,,Active,1287,2021,245,5.06,3,9.4,0,2,3.0,0,1,0,0.1744,Low
TP-00593,Professional,Retail,Gaborone,Event,2021-02-23,,Active,1497,2021,798,6.85,3,24.1,1,3,,0,0,0,0.0778,Low
TP-00594,Professional,Professional Services,Serowe,Organic Search,2021-01-20,,Active,1531,2021,798,3.09,4,5.1,1,4,,0,1,0,0.1837,Low
TP-00595,Starter,Agriculture,Gaborone,Event,2023-08-24,2023-12-22,Churned,120,2023,245,3.51,3,13.4,0,0,4.0,1,0,0,0.6237,High
TP-00596,Free,Agriculture,Gaborone,Social Media,2023-07-09,2023-10-03,Churned,86,2023,0,0.81,2,5.1,1,0,12.0,0,0,0,0.937,Critical
TP-00597,Professional,NGO,Gaborone,Referral,2020-07-03,,Active,1732,2020,798,4.9,5,18.7,0,5,13.0,0,1,0,0.086,Low
TP-00598,Free,Logistics,Maun,Referral,2021-03-21,2021-04-20,Churned,30,2021,0,0.18,2,0.2,0,0,-4.0,0,0,0,0.95,Critical
TP-00599,Starter,Retail,Francistown,Event,2023-03-21,2023-05-24,Churned,64,2023,245,3.57,5,15.4,0,2,6.0,0,0,0,0.3154,Medium
TP-00600,Enterprise,Professional Services,Francistown,Partnership,2023-04-06,,Active,725,2023,2299,6.4,8,26.3,1,3,,0,0,0,0.02,Low
TP-00601,Free,Hospitality,Maun,Direct Sales,2023-03-16,2023-04-15,Churned,30,2023,0,2.98,1,18.2,1,0,,0,0,1,0.8799,Critical
TP-00602,Free,Logistics,Gaborone,Event,2020-09-16,2020-10-31,Churned,45,2020,0,0.0,2,0.0,0,1,-13.0,0,0,0,0.95,Critical
TP-00603,Free,Construction,Maun,Partnership,2023-09-01,2023-10-01,Churned,30,2023,0,0.07,1,0.3,0,0,6.0,0,0,0,0.95,Critical
TP-00604,Free,Agriculture,Palapye,Direct Sales,2021-08-26,2021-10-11,Churned,46,2021,0,2.82,1,9.1,1,0,,0,0,1,0.95,Critical
TP-00605,Free,NGO,Francistown,Direct Sales,2022-07-05,2022-08-04,Churned,30,2022,0,3.33,2,19.8,1,0,,0,0,0,0.7766,Critical
TP-00606,Starter,Retail,Gaborone,Organic Search,2023-01-10,,Active,811,2023,245,2.11,2,10.6,1,0,19.0,1,1,0,0.5459,High
TP-00607,Professional,NGO,Palapye,Partnership,2023-07-08,,Active,632,2023,798,5.94,4,35.8,0,0,3.0,0,0,0,0.0384,Low
TP-00608,Professional,Healthcare,Gaborone,Direct Sales,2024-07-17,,Active,257,2024,798,5.56,5,21.7,0,1,11.0,0,0,0,0.0589,Low
TP-00609,Enterprise,Hospitality,Palapye,Organic Search,2022-10-04,,Active,909,2022,2299,6.11,8,41.4,0,4,48.0,0,0,0,0.02,Low
TP-00610,Starter,Professional Services,Francistown,Referral,2020-11-18,2021-04-30,Churned,163,2020,245,3.69,2,22.5,0,4,21.0,0,0,0,0.6996,Critical
TP-00611,Free,Professional Services,Gaborone,Event,2022-02-15,2022-03-17,Churned,30,2022,0,0.0,1,0.0,1,0,16.0,0,0,0,0.8353,Critical
TP-00612,Free,Agriculture,Gaborone,Social Media,2023-12-06,2024-02-08,Churned,64,2023,0,2.04,2,8.0,0,0,,0,0,0,0.7951,Critical
TP-00613,Professional,Education,Francistown,Social Media,2022-10-21,,Active,892,2022,798,3.53,7,21.2,0,5,,1,0,0,0.3757,Medium
TP-00614,Starter,Education,Maun,Organic Search,2023-04-21,2023-08-19,Churned,120,2023,245,2.47,3,8.5,0,2,,0,0,1,0.6176,High
TP-00615,Starter,Education,Gaborone,Event,2023-07-20,2023-08-19,Churned,30,2023,245,3.68,2,8.0,0,0,,1,0,0,0.7247,Critical
TP-00616,Professional,NGO,Palapye,Event,2021-08-04,,Active,1335,2021,798,4.89,5,25.1,0,4,,0,1,0,0.0729,Low
TP-00617,Starter,Agriculture,Gaborone,Organic Search,2022-07-04,2022-12-08,Churned,157,2022,245,2.41,2,13.8,1,1,39.0,1,0,0,0.635,High
TP-00618,Free,NGO,Gaborone,Event,2024-04-20,2024-05-20,Churned,30,2024,0,0.0,2,0.0,0,1,,0,0,1,0.95,Critical
TP-00619,Starter,Professional Services,Gaborone,Referral,2022-01-12,2022-07-10,Churned,179,2022,245,3.09,3,19.0,0,1,17.0,1,1,1,0.6637,Critical
TP-00620,Enterprise,Retail,Gaborone,Event,2023-06-14,,Active,656,2023,2299,8.03,8,38.8,0,3,25.0,0,0,0,0.02,Low
TP-00621,Free,Construction,Gaborone,Referral,2023-05-01,2023-05-31,Churned,30,2023,0,2.02,2,8.0,0,0,28.0,0,0,0,0.8284,Critical
TP-00622,Starter,Finance,Gaborone,Social Media,2023-08-06,,Active,603,2023,245,4.12,3,22.5,1,0,,0,1,0,0.1018,Low
TP-00623,Enterprise,Retail,Gaborone,Social Media,2022-12-21,,Active,831,2022,2299,4.98,8,23.8,0,3,,0,1,0,0.02,Low
TP-00624,Starter,Hospitality,Gaborone,Organic Search,2020-08-24,2020-12-12,Churned,110,2020,245,0.0,3,0.0,0,1,,1,0,0,0.7744,Critical
TP-00625,Starter,Education,Lobatse,Referral,2022-07-04,,Active,1001,2022,245,7.53,2,35.1,1,0,,1,0,0,0.5914,High
TP-00626,Enterprise,Education,Gaborone,Event,2023-06-24,,Active,646,2023,2299,2.04,8,6.2,0,4,3.0,0,0,0,0.1544,Low
TP-00627,Free,NGO,Maun,Partnership,2024-07-02,2024-08-01,Churned,30,2024,0,1.43,2,5.0,0,0,59.0,0,0,0,0.95,Critical
TP-00628,Starter,Healthcare,Gaborone,Partnership,2021-08-26,,Active,1313,2021,245,3.34,5,16.3,1,0,-39.0,0,1,0,0.1747,Low
TP-00629,Free,Healthcare,Gaborone,Organic Search,2023-06-08,2023-08-12,Churned,65,2023,0,0.64,1,2.2,0,0,,0,0,0,0.95,Critical
TP-00630,Starter,Finance,Lobatse,Event,2022-06-10,2022-07-10,Churned,30,2022,245,2.98,2,18.1,1,0,,0,0,0,0.5239,High
TP-00631,Free,Healthcare,Lobatse,Partnership,2020-11-27,2020-12-27,Churned,30,2020,0,1.14,3,2.5,1,0,,0,0,0,0.7427,Critical
TP-00632,Professional,Agriculture,Maun,Direct Sales,2021-03-13,,Active,1479,2021,798,3.28,5,10.3,0,6,,0,1,0,0.2019,Low
TP-00633,Enterprise,Finance,Lobatse,Organic Search,2023-09-23,,Active,555,2023,2299,5.68,7,0.2,1,4,76.0,0,0,0,0.02,Low
TP-00634,Starter,Hospitality,Gaborone,Direct Sales,2022-01-14,2022-02-13,Churned,30,2022,245,2.75,1,13.1,0,1,45.0,0,0,0,0.6088,High
TP-00635,Starter,Logistics,Gaborone,Organic Search,2021-04-12,,Active,1449,2021,245,7.02,3,34.3,1,1,,2,0,0,0.302,Medium
TP-00636,Starter,Construction,Gaborone,Social Media,2023-03-07,2023-04-06,Churned,30,2023,245,3.13,2,11.1,0,4,63.0,0,0,0,0.6405,High
TP-00637,Professional,Logistics,Lobatse,Organic Search,2022-07-05,,Active,1000,2022,798,4.84,6,12.2,1,2,,0,0,0,0.02,Low
TP-00638,Professional,Hospitality,Gaborone,Organic Search,2021-12-11,2022-01-10,Churned,30,2021,798,6.4,5,28.6,1,2,,1,0,0,0.0819,Low
TP-00639,Free,Professional Services,Francistown,Event,2021-06-11,,Active,1389,2021,0,2.16,1,14.7,0,0,,0,0,0,0.8346,Critical
TP-00640,Professional,Healthcare,Maun,Event,2022-06-13,2023-12-02,Churned,537,2022,798,1.06,5,3.8,1,2,,0,0,0,0.3113,Medium
TP-00641,Starter,Education,Serowe,Direct Sales,2022-04-28,,Active,1068,2022,245,4.51,2,12.0,0,1,63.0,0,1,0,0.4149,Medium
TP-00642,Starter,Finance,Serowe,Event,2023-07-04,2023-08-12,Churned,39,2023,245,4.33,4,22.8,0,0,,0,0,0,0.2679,Medium
TP-00643,Free,Retail,Francistown,Social Media,2024-04-16,2024-06-27,Churned,72,2024,0,2.37,3,13.4,0,1,,0,0,0,0.6445,High
TP-00644,Starter,Retail,Maun,Organic Search,2021-08-30,2022-02-08,Churned,162,2021,245,4.38,3,14.4,1,1,,1,0,0,0.3109,Medium
TP-00645,Enterprise,Agriculture,Maun,Organic Search,2020-11-07,,Active,1605,2020,2299,4.01,8,5.9,1,2,57.0,0,0,0,0.02,Low
TP-00646,Starter,Logistics,Gaborone,Social Media,2020-08-28,,Active,1676,2020,245,1.85,3,4.9,1,1,,1,0,0,0.6897,Critical
TP-00647,Free,Construction,Gaborone,Social Media,2020-07-30,2020-08-29,Churned,30,2020,0,1.11,2,6.5,1,0,,0,0,0,0.95,Critical
TP-00648,Starter,NGO,Gaborone,Partnership,2020-10-18,2021-01-03,Churned,77,2020,245,4.71,3,22.6,1,3,,2,1,0,0.2383,Low
TP-00649,Free,Finance,Gaborone,Event,2020-12-20,2021-01-19,Churned,30,2020,0,1.87,2,6.6,0,1,,0,0,0,0.95,Critical
TP-00650,Starter,Professional Services,Gaborone,Social Media,2022-07-18,2023-09-19,Churned,428,2022,245,3.17,0,19.9,1,1,33.0,0,0,0,0.5398,High
TP-00651,Starter,Finance,Gaborone,Social Media,2024-05-14,,Active,321,2024,245,4.69,1,21.0,1,2,,0,1,0,0.2469,Low
TP-00652,Starter,Logistics,Gaborone,Direct Sales,2022-01-17,,Active,1169,2022,245,2.21,2,9.0,0,0,65.0,0,0,0,0.6593,Critical
TP-00653,Enterprise,Education,Gaborone,Event,2023-03-04,,Active,758,2023,2299,7.12,8,16.4,1,4,53.0,0,0,0,0.02,Low
TP-00654,Starter,Professional Services,Maun,Referral,2020-10-11,2021-04-12,Churned,183,2020,245,1.34,4,5.6,1,1,0.0,0,1,0,0.442,Medium
TP-00655,Free,Agriculture,Maun,Social Media,2024-09-14,2024-12-21,Churned,98,2024,0,1.21,2,2.1,0,0,,0,0,0,0.95,Critical
TP-00656,Starter,NGO,Lobatse,Direct Sales,2023-04-14,,Active,717,2023,245,6.76,3,36.5,1,3,,0,1,0,0.0743,Low
TP-00657,Starter,Hospitality,Gaborone,Event,2020-09-17,2020-10-17,Churned,30,2020,245,3.17,2,8.9,0,2,3.0,0,1,0,0.5018,High
TP-00658,Starter,Professional Services,Maun,Partnership,2024-09-19,2025-03-30,Churned,192,2024,245,2.49,1,4.3,0,1,29.0,0,1,0,0.5083,High
TP-00659,Starter,Finance,Francistown,Organic Search,2022-10-30,2022-11-29,Churned,30,2022,245,2.56,3,14.3,0,0,31.0,2,0,0,0.5899,High
TP-00660,Starter,Healthcare,Palapye,Referral,2023-03-04,,Active,758,2023,245,2.87,4,20.3,1,2,15.0,0,0,0,0.3838,Medium
TP-00661,Starter,Finance,Maun,Partnership,2023-01-19,,Active,802,2023,245,0.0,4,0.0,1,1,,0,0,0,0.4537,High
TP-00662,Free,Healthcare,Gaborone,Organic Search,2023-09-23,2023-10-23,Churned,30,2023,0,2.81,2,20.3,1,1,,0,0,0,0.7535,Critical
TP-00663,Free,Education,Gaborone,Direct Sales,2022-05-08,2022-07-15,Churned,68,2022,0,0.67,2,1.3,0,0,-11.0,0,0,1,0.95,Critical
TP-00664,Free,Professional Services,Palapye,Organic Search,2022-04-23,2022-05-23,Churned,30,2022,0,3.14,2,4.8,1,1,40.0,0,0,1,0.9292,Critical
TP-00665,Starter,Finance,Palapye,Social Media,2020-07-12,,Active,1723,2020,245,0.22,3,0.0,0,3,,0,0,0,0.6198,High
TP-00666,Free,Construction,Gaborone,Partnership,2024-12-18,2025-01-17,Churned,30,2024,0,2.11,2,12.3,0,1,15.0,0,0,0,0.8832,Critical
TP-00667,Starter,Logistics,Francistown,Organic Search,2023-06-03,,Active,667,2023,245,1.47,2,7.5,1,2,46.0,1,1,0,0.7488,Critical
TP-00668,Starter,NGO,Gaborone,Social Media,2021-12-12,,Active,1205,2021,245,2.36,3,3.1,1,1,,1,0,0,0.4473,Medium
TP-00669,Starter,Healthcare,Francistown,Social Media,2022-11-04,2022-12-18,Churned,44,2022,245,2.6,2,5.9,0,1,1.0,0,0,0,0.5706,High
TP-00670,Professional,Finance,Palapye,Partnership,2023-03-20,,Active,742,2023,798,4.38,6,32.6,1,3,,0,0,0,0.02,Low
TP-00671,Enterprise,Finance,Serowe,Direct Sales,2023-08-04,,Active,605,2023,2299,3.18,8,10.8,1,2,67.0,0,1,0,0.02,Low
TP-00672,Professional,Agriculture,Gaborone,Organic Search,2023-12-21,,Active,466,2023,798,3.73,5,22.8,1,1,23.0,0,0,0,0.1069,Low
TP-00673,Free,NGO,Gaborone,Referral,2021-01-19,,Active,1532,2021,0,0.06,1,0.3,1,0,0.0,0,0,0,0.9129,Critical
TP-00674,Starter,Retail,Gaborone,Social Media,2021-03-07,,Active,1485,2021,245,1.78,5,5.7,1,0,,0,1,0,0.3828,Medium
TP-00675,Free,Logistics,Serowe,Organic Search,2020-11-19,2021-01-25,Churned,67,2020,0,1.75,2,4.5,0,0,-4.0,0,0,1,0.95,Critical
TP-00676,Professional,Agriculture,Lobatse,Event,2021-03-15,,Active,1477,2021,798,4.68,5,29.9,1,1,,0,0,0,0.02,Low
TP-00677,Starter,NGO,Lobatse,Partnership,2021-10-29,2022-01-07,Churned,70,2021,245,1.23,3,5.1,0,1,8.0,1,0,0,0.7507,Critical
TP-00678,Professional,Construction,Lobatse,Referral,2021-03-23,,Active,1469,2021,798,6.37,7,37.8,1,3,48.0,0,1,0,0.02,Low
TP-00679,Professional,Retail,Francistown,Social Media,2024-05-03,,Active,332,2024,798,7.3,2,27.9,0,4,-11.0,0,0,0,0.4578,High
TP-00680,Enterprise,Education,Francistown,Social Media,2022-02-22,,Active,1133,2022,2299,6.03,6,26.4,1,2,,1,0,0,0.02,Low
TP-00681,Starter,Retail,Maun,Event,2021-10-04,2022-01-15,Churned,103,2021,245,1.9,3,10.0,1,1,42.0,1,0,0,0.7299,Critical
TP-00682,Free,Logistics,Gaborone,Direct Sales,2021-11-06,2021-12-06,Churned,30,2021,0,0.68,3,2.4,0,0,,0,0,0,0.8452,Critical
TP-00683,Professional,Hospitality,Palapye,Event,2022-03-12,,Active,1115,2022,798,4.56,3,15.9,0,1,,0,0,0,0.2485,Low
TP-00684,Enterprise,Logistics,Maun,Social Media,2024-06-09,,Active,295,2024,2299,5.2,9,23.0,1,3,,0,1,0,0.02,Low
TP-00685,Free,Professional Services,Gaborone,Partnership,2024-07-03,2024-08-02,Churned,30,2024,0,2.66,1,12.2,0,0,,0,0,0,0.8629,Critical
TP-00686,Starter,Hospitality,Gaborone,Referral,2023-12-09,2024-04-09,Churned,122,2023,245,1.89,2,6.2,1,4,,1,1,0,0.8122,Critical
TP-00687,Professional,Hospitality,Serowe,Event,2022-09-19,,Active,924,2022,798,1.92,4,5.5,0,1,65.0,3,0,0,0.6171,High
TP-00688,Professional,Healthcare,Gaborone,Direct Sales,2022-06-23,,Active,1012,2022,798,6.2,6,36.6,1,1,,0,0,0,0.02,Low
TP-00689,Free,Retail,Palapye,Event,2023-11-06,2023-12-06,Churned,30,2023,0,0.75,2,4.4,0,1,,0,0,0,0.95,Critical
TP-00690,Starter,Agriculture,Francistown,Referral,2020-11-30,2021-02-15,Churned,77,2020,245,2.12,2,1.2,0,2,9.0,1,0,1,0.95,Critical
TP-00691,Professional,Logistics,Serowe,Direct Sales,2021-01-29,,Active,1522,2021,798,4.58,7,12.2,1,3,46.0,0,0,0,0.02,Low
TP-00692,Free,Agriculture,Palapye,Partnership,2021-08-16,2021-10-04,Churned,49,2021,0,0.39,3,1.8,0,1,-2.0,0,0,0,0.95,Critical
TP-00693,Starter,Hospitality,Gaborone,Social Media,2021-09-26,2021-10-26,Churned,30,2021,245,2.68,2,14.3,0,3,,0,0,0,0.6244,High
TP-00694,Free,Agriculture,Maun,Event,2022-07-26,2022-08-25,Churned,30,2022,0,2.06,2,2.9,0,0,,0,0,0,0.8515,Critical
TP-00695,Free,Education,Lobatse,Direct Sales,2022-05-27,2022-06-26,Churned,30,2022,0,0.49,2,3.2,0,0,,0,0,0,0.95,Critical
TP-00696,Free,NGO,Gaborone,Direct Sales,2024-03-06,2024-04-05,Churned,30,2024,0,2.78,2,17.2,0,0,,0,0,0,0.8115,Critical
TP-00697,Free,Finance,Francistown,Social Media,2023-01-15,2023-02-23,Churned,39,2023,0,1.75,0,9.2,1,0,36.0,0,0,0,0.9425,Critical
TP-00698,Free,Healthcare,Maun,Direct Sales,2022-01-01,2022-01-31,Churned,30,2022,0,3.08,2,18.6,0,0,-3.0,0,0,0,0.95,Critical
TP-00699,Starter,Agriculture,Palapye,Social Media,2024-07-19,2025-02-05,Churned,201,2024,245,2.29,4,11.3,0,2,,0,1,0,0.3407,Medium
TP-00700,Free,Construction,Gaborone,Direct Sales,2021-11-15,,Active,1232,2021,0,3.64,3,19.5,1,1,42.0,0,0,1,0.6902,Critical
TP-00701,Starter,Logistics,Gaborone,Event,2023-07-24,,Active,616,2023,245,3.76,3,21.2,0,1,-6.0,0,0,0,0.5926,High
TP-00702,Free,Hospitality,Maun,Social Media,2023-07-29,,Active,611,2023,0,0.0,2,0.0,0,0,,0,0,0,0.95,Critical
TP-00703,Starter,NGO,Gaborone,Organic Search,2021-10-18,2022-04-06,Churned,170,2021,245,3.63,4,15.5,0,0,,0,0,1,0.6047,High
TP-00704,Starter,Professional Services,Serowe,Referral,2020-07-30,,Active,1705,2020,245,4.12,3,20.2,1,0,,0,0,0,0.1751,Low
TP-00705,Starter,Retail,Gaborone,Organic Search,2024-02-04,2024-03-16,Churned,41,2024,245,1.36,4,9.3,0,1,-26.0,1,0,0,0.9396,Critical
TP-00706,Professional,Healthcare,Gaborone,Organic Search,2024-08-02,,Active,241,2024,798,2.35,7,3.2,1,2,,1,0,0,0.1805,Low
TP-00707,Free,Agriculture,Gaborone,Referral,2021-04-30,2021-05-30,Churned,30,2021,0,2.23,2,11.8,0,1,16.0,0,0,0,0.8722,Critical
TP-00708,Professional,Healthcare,Palapye,Partnership,2021-02-24,,Active,1496,2021,798,3.47,5,22.0,1,1,29.0,0,0,0,0.0935,Low
TP-00709,Starter,Agriculture,Francistown,Partnership,2023-10-13,2023-11-12,Churned,30,2023,245,2.07,4,10.4,1,2,,0,0,0,0.3414,Medium
TP-00710,Free,Logistics,Maun,Event,2024-04-06,2024-06-25,Churned,80,2024,0,3.89,2,16.1,0,0,,0,0,0,0.867,Critical
TP-00711,Free,Logistics,Gaborone,Direct Sales,2022-02-06,2022-04-15,Churned,68,2022,0,2.71,3,7.2,1,1,37.0,0,0,0,0.6265,High
TP-00712,Free,Professional Services,Palapye,Partnership,2021-01-07,2021-02-06,Churned,30,2021,0,1.14,2,3.1,0,0,66.0,0,0,0,0.95,Critical
TP-00713,Professional,Education,Gaborone,Organic Search,2024-09-22,,Active,190,2024,798,5.17,6,21.4,1,3,36.0,0,0,0,0.02,Low
TP-00714,Free,Healthcare,Gaborone,Event,2022-12-19,2023-02-04,Churned,47,2022,0,3.14,0,14.8,0,0,10.0,0,0,0,0.8729,Critical
TP-00715,Professional,Hospitality,Gaborone,Organic Search,2024-08-08,,Active,235,2024,798,7.43,3,29.2,0,3,48.0,0,0,0,0.163,Low
TP-00716,Free,Logistics,Francistown,Direct Sales,2024-02-08,2024-04-24,Churned,76,2024,0,3.14,2,10.7,0,0,,0,0,0,0.8531,Critical
TP-00717,Enterprise,Education,Maun,Event,2024-03-14,2024-05-01,Churned,48,2024,2299,5.6,7,22.2,1,4,46.0,0,1,0,0.02,Low
TP-00718,Enterprise,Retail,Gaborone,Event,2021-03-25,,Active,1467,2021,2299,5.86,9,26.4,1,5,89.0,0,0,0,0.02,Low
TP-00719,Free,Healthcare,Serowe,Referral,2023-01-27,2023-04-08,Churned,71,2023,0,0.0,2,0.0,0,1,11.0,0,0,0,0.95,Critical
TP-00720,Free,Logistics,Francistown,Referral,2022-01-25,2022-03-07,Churned,41,2022,0,2.95,2,13.7,0,0,,0,0,1,0.95,Critical
TP-00721,Starter,Agriculture,Lobatse,Direct Sales,2024-07-19,,Active,255,2024,245,1.05,5,3.4,0,1,,0,0,1,0.6512,Critical
TP-00722,Enterprise,Logistics,Gaborone,Organic Search,2023-05-18,,Active,683,2023,2299,4.86,10,17.2,1,1,,0,0,0,0.02,Low
TP-00723,Starter,Logistics,Gaborone,Partnership,2024-01-15,2024-08-03,Churned,201,2024,245,1.04,5,4.1,1,2,,1,1,0,0.473,High
TP-00724,Free,Education,Palapye,Event,2024-02-06,2024-03-21,Churned,44,2024,0,1.41,0,6.9,0,0,,0,0,0,0.95,Critical
TP-00725,Starter,Education,Serowe,Referral,2023-11-26,,Active,491,2023,245,2.34,4,12.2,1,1,,0,1,0,0.2908,Medium
TP-00726,Professional,Logistics,Gaborone,Referral,2023-07-16,,Active,624,2023,798,3.79,6,9.4,1,3,58.0,1,0,0,0.2407,Low
TP-00727,Free,Finance,Gaborone,Organic Search,2022-04-23,2022-05-23,Churned,30,2022,0,1.55,2,10.5,0,0,,0,0,0,0.95,Critical
TP-00728,Free,Retail,Serowe,Partnership,2021-11-30,2022-01-13,Churned,44,2021,0,0.0,1,0.0,0,1,,0,0,0,0.95,Critical
TP-00729,Free,Retail,Palapye,Direct Sales,2024-11-23,2024-12-23,Churned,30,2024,0,2.15,1,9.7,0,0,,0,0,1,0.95,Critical
TP-00730,Enterprise,Finance,Gaborone,Organic Search,2021-05-09,,Active,1422,2021,2299,4.38,10,14.3,1,4,,0,0,0,0.02,Low
TP-00731,Free,Logistics,Serowe,Direct Sales,2024-07-10,2024-08-09,Churned,30,2024,0,2.23,0,12.8,0,0,30.0,0,0,0,0.8586,Critical
TP-00732,Enterprise,Retail,Gaborone,Direct Sales,2022-05-01,,Active,1065,2022,2299,4.09,9,22.1,1,3,25.0,1,1,0,0.02,Low
TP-00733,Starter,Construction,Gaborone,Partnership,2022-10-12,2022-11-13,Churned,32,2022,245,1.62,4,9.7,0,0,8.0,0,0,0,0.739,Critical
TP-00734,Starter,Retail,Gaborone,Organic Search,2024-06-09,,Active,295,2024,245,1.37,3,6.4,0,1,,1,1,0,0.6211,High
TP-00735,Free,Retail,Gaborone,Organic Search,2024-02-13,2024-03-27,Churned,43,2024,0,1.17,1,5.9,0,0,49.0,0,0,0,0.95,Critical
TP-00736,Professional,Healthcare,Gaborone,Event,2024-05-06,,Active,329,2024,798,2.71,3,14.4,1,3,52.0,0,0,0,0.2044,Low
TP-00737,Free,Healthcare,Palapye,Partnership,2021-03-28,2021-08-11,Churned,136,2021,0,1.99,2,10.2,0,1,4.0,0,0,0,0.95,Critical
TP-00738,Starter,Agriculture,Serowe,Social Media,2020-11-20,2021-02-01,Churned,73,2020,245,6.38,4,34.4,1,2,30.0,0,0,0,0.2106,Low
TP-00739,Enterprise,Healthcare,Gaborone,Partnership,2023-07-06,,Active,634,2023,2299,4.62,8,20.1,1,4,100.0,0,0,0,0.02,Low
TP-00740,Free,Healthcare,Maun,Partnership,2021-01-13,2021-02-26,Churned,44,2021,0,0.1,2,0.4,0,0,,0,0,0,0.95,Critical
TP-00741,Free,Professional Services,Gaborone,Partnership,2024-07-19,2024-08-18,Churned,30,2024,0,2.07,2,7.0,1,2,58.0,0,0,0,0.7486,Critical
TP-00742,Enterprise,Finance,Serowe,Referral,2022-05-19,,Active,1047,2022,2299,5.63,10,41.3,1,3,,0,0,0,0.02,Low
TP-00743,Free,Agriculture,Francistown,Referral,2021-01-02,2021-02-01,Churned,30,2021,0,1.12,1,3.9,0,0,,0,0,0,0.95,Critical
TP-00744,Professional,Professional Services,Gaborone,Direct Sales,2021-02-22,,Active,1498,2021,798,5.03,4,27.1,1,2,44.0,0,0,0,0.0839,Low
TP-00745,Starter,Finance,Serowe,Social Media,2023-09-10,,Active,568,2023,245,4.33,1,17.0,0,2,62.0,1,0,0,0.4926,High
TP-00746,Free,Hospitality,Francistown,Direct Sales,2021-02-20,2021-03-22,Churned,30,2021,0,1.43,2,7.5,0,0,17.0,0,0,0,0.95,Critical
TP-00747,Starter,Retail,Maun,Partnership,2022-06-27,,Active,1008,2022,245,4.6,4,19.6,0,2,96.0,0,0,1,0.4574,High
TP-00748,Free,Healthcare,Lobatse,Social Media,2022-01-24,2022-02-23,Churned,30,2022,0,1.03,2,6.7,0,0,,0,0,0,0.95,Critical
TP-00749,Free,Healthcare,Palapye,Referral,2021-06-10,2021-07-10,Churned,30,2021,0,0.34,1,0.5,0,0,8.0,0,0,0,0.95,Critical
TP-00750,Starter,NGO,Francistown,Social Media,2024-10-18,2024-12-30,Churned,73,2024,245,6.02,5,19.1,1,2,,0,0,0,0.1758,Low
TP-00751,Starter,Logistics,Maun,Referral,2024-06-30,2024-12-26,Churned,179,2024,245,0.0,2,0.0,1,1,,0,0,0,0.7143,Critical
TP-00752,Enterprise,Logistics,Maun,Event,2020-11-29,,Active,1583,2020,2299,7.71,6,40.8,1,2,,0,0,0,0.02,Low
TP-00753,Starter,Finance,Francistown,Event,2023-07-21,,Active,619,2023,245,1.59,4,4.8,1,1,,0,0,0,0.6068,High
TP-00754,Starter,Retail,Gaborone,Partnership,2021-06-04,,Active,1396,2021,245,2.76,1,14.7,0,1,23.0,1,1,0,0.6371,High
TP-00755,Starter,Professional Services,Serowe,Partnership,2022-03-19,,Active,1108,2022,245,2.23,3,9.8,1,0,65.0,0,0,1,0.4918,High
TP-00756,Free,Healthcare,Gaborone,Organic Search,2023-06-15,2023-07-15,Churned,30,2023,0,0.4,0,1.9,1,0,58.0,0,0,0,0.946,Critical
TP-00757,Free,Agriculture,Maun,Organic Search,2023-11-11,2023-12-11,Churned,30,2023,0,1.16,1,5.3,0,1,32.0,0,0,0,0.95,Critical
TP-00758,Professional,Healthcare,Gaborone,Organic Search,2020-09-15,,Active,1658,2020,798,3.49,6,1.3,1,4,,0,0,0,0.1974,Low
TP-00759,Professional,Agriculture,Lobatse,Social Media,2020-10-03,,Active,1640,2020,798,9.09,7,52.0,1,1,,0,1,0,0.02,Low
TP-00760,Free,Finance,Lobatse,Event,2020-12-25,2021-01-24,Churned,30,2020,0,0.14,1,0.3,1,0,,0,0,0,0.9402,Critical
TP-00761,Starter,Professional Services,Serowe,Partnership,2021-07-22,,Active,1348,2021,245,1.73,2,7.8,0,2,-3.0,0,0,0,0.913,Critical
TP-00762,Starter,Retail,Gaborone,Direct Sales,2023-11-24,,Active,493,2023,245,3.15,4,5.6,1,0,,0,1,0,0.3787,Medium
TP-00763,Starter,Agriculture,Lobatse,Event,2021-08-10,2022-02-09,Churned,183,2021,245,3.68,4,11.7,0,0,17.0,1,1,0,0.4688,High
TP-00764,Free,Hospitality,Maun,Social Media,2022-11-02,2022-12-02,Churned,30,2022,0,1.61,2,5.8,1,1,2.0,0,0,0,0.9169,Critical
TP-00765,Enterprise,Healthcare,Lobatse,Event,2022-12-15,,Active,837,2022,2299,4.66,10,21.6,1,2,,0,1,0,0.02,Low
TP-00766,Professional,Hospitality,Francistown,Organic Search,2023-10-30,,Active,518,2023,798,5.64,5,23.2,1,1,,0,0,0,0.048,Low
TP-00767,Professional,Logistics,Serowe,Partnership,2020-11-14,,Active,1598,2020,798,6.68,4,24.4,0,2,,1,1,0,0.2641,Medium
TP-00768,Starter,Education,Lobatse,Direct Sales,2023-10-15,2024-01-26,Churned,103,2023,245,3.37,2,8.7,1,0,5.0,2,0,0,0.6646,Critical
TP-00769,Starter,Construction,Gaborone,Referral,2024-07-31,2025-03-29,Churned,241,2024,245,3.26,3,18.2,1,0,54.0,1,0,0,0.5466,High
TP-00770,Starter,Construction,Lobatse,Social Media,2020-08-15,2020-09-14,Churned,30,2020,245,2.24,3,6.6,1,3,,1,0,0,0.5295,High
TP-00771,Professional,Agriculture,Gaborone,Social Media,2023-08-10,,Active,599,2023,798,2.18,5,12.9,1,3,-16.0,0,1,0,0.0958,Low
TP-00772,Free,NGO,Gaborone,Organic Search,2021-02-16,2021-03-18,Churned,30,2021,0,1.18,2,5.8,0,0,,0,0,0,0.95,Critical
TP-00773,Professional,Construction,Serowe,Organic Search,2024-04-20,,Active,345,2024,798,4.5,3,28.0,1,1,,0,0,0,0.0719,Low
TP-00774,Starter,Retail,Palapye,Social Media,2022-11-03,,Active,879,2022,245,5.42,4,17.3,0,1,-5.0,1,1,0,0.4483,Medium
TP-00775,Starter,Retail,Palapye,Referral,2020-09-05,2020-11-03,Churned,59,2020,245,3.98,4,19.1,1,3,-6.0,0,0,1,0.6356,High
TP-00776,Free,Construction,Lobatse,Direct Sales,2020-10-31,2021-01-07,Churned,68,2020,0,1.25,2,4.2,0,1,12.0,0,0,0,0.95,Critical
TP-00777,Starter,Retail,Francistown,Organic Search,2023-09-27,,Active,551,2023,245,1.71,0,5.9,0,1,,0,0,0,0.7104,Critical
TP-00778,Professional,Finance,Serowe,Organic Search,2024-10-06,,Active,176,2024,798,6.86,7,30.7,1,3,45.0,0,1,0,0.02,Low
TP-00779,Free,Retail,Palapye,Direct Sales,2022-03-04,2022-04-16,Churned,43,2022,0,1.22,3,7.0,0,0,,0,0,0,0.9466,Critical
TP-00780,Starter,Agriculture,Gaborone,Event,2020-09-23,,Active,1650,2020,245,7.32,4,24.1,0,0,22.0,1,0,1,0.6274,High
TP-00781,Free,NGO,Serowe,Partnership,2020-06-22,2020-08-22,Churned,61,2020,0,0.61,2,3.3,0,0,95.0,0,0,0,0.95,Critical
TP-00782,Starter,Retail,Francistown,Social Media,2023-09-17,,Active,561,2023,245,2.16,2,3.5,1,0,19.0,1,0,1,0.7873,Critical
TP-00783,Free,NGO,Gaborone,Partnership,2021-11-07,2022-01-01,Churned,55,2021,0,1.03,3,4.1,0,1,9.0,0,0,0,0.8885,Critical
TP-00784,Free,NGO,Gaborone,Event,2024-08-23,2024-09-22,Churned,30,2024,0,1.41,1,6.2,0,2,,0,0,0,0.95,Critical
TP-00785,Starter,NGO,Gaborone,Social Media,2020-06-17,2020-07-19,Churned,32,2020,245,2.03,3,10.0,0,0,,0,1,0,0.4016,Medium
TP-00786,Free,Construction,Francistown,Referral,2024-10-26,2024-11-26,Churned,31,2024,0,0.0,0,0.0,1,0,44.0,0,0,0,0.8835,Critical
TP-00787,Starter,Education,Palapye,Partnership,2022-04-19,2022-09-28,Churned,162,2022,245,3.54,4,17.9,0,1,23.0,0,1,0,0.3829,Medium
TP-00788,Free,Construction,Maun,Direct Sales,2023-11-30,2023-12-30,Churned,30,2023,0,1.68,2,6.0,1,0,18.0,0,0,0,0.9186,Critical
TP-00789,Professional,Agriculture,Gaborone,Referral,2020-06-14,,Active,1751,2020,798,6.15,8,18.4,1,1,62.0,0,1,0,0.02,Low
TP-00790,Starter,Education,Gaborone,Organic Search,2021-07-13,2022-03-17,Churned,247,2021,245,4.04,4,4.8,1,2,27.0,1,0,0,0.3719,Medium
TP-00791,Starter,Hospitality,Gaborone,Referral,2021-11-19,,Active,1228,2021,245,0.98,2,5.2,0,0,28.0,0,0,0,0.8145,Critical
TP-00792,Free,Construction,Gaborone,Social Media,2024-02-14,2024-06-04,Churned,111,2024,0,1.03,3,3.9,1,0,-15.0,0,0,0,0.8611,Critical
TP-00793,Starter,Professional Services,Gaborone,Referral,2024-11-14,,Active,137,2024,245,2.85,5,12.2,1,0,35.0,0,0,0,0.2086,Low
TP-00794,Professional,NGO,Gaborone,Partnership,2022-01-24,,Active,1162,2022,798,2.38,5,12.4,0,6,0.0,0,1,0,0.2044,Low
TP-00795,Professional,Finance,Lobatse,Direct Sales,2021-08-03,,Active,1336,2021,798,4.65,4,26.7,0,2,,0,0,0,0.1518,Low
TP-00796,Professional,Finance,Gaborone,Partnership,2023-01-07,,Active,814,2023,798,8.68,3,28.1,1,2,,0,0,0,0.054,Low
TP-00797,Enterprise,Logistics,Gaborone,Direct Sales,2023-12-29,,Active,458,2023,2299,5.97,8,33.6,0,3,,0,1,0,0.02,Low
TP-00798,Free,Healthcare,Gaborone,Direct Sales,2023-08-15,2024-01-18,Churned,156,2023,0,0.05,2,0.3,1,1,,0,0,0,0.95,Critical
TP-00799,Professional,Healthcare,Gaborone,Social Media,2021-09-15,,Active,1293,2021,798,5.22,6,14.4,1,1,39.0,0,0,0,0.02,Low
TP-00800,Professional,Education,Gaborone,Organic Search,2021-06-03,,Active,1397,2021,798,8.71,5,45.9,1,2,37.0,0,1,0,0.02,Low
TP-00801,Free,Finance,Francistown,Event,2020-11-08,2020-12-08,Churned,30,2020,0,0.52,0,2.0,0,0,,0,0,1,0.95,Critical
TP-00802,Free,Education,Gaborone,Event,2024-12-27,2025-01-26,Churned,30,2024,0,0.28,1,1.4,0,0,,0,0,0,0.95,Critical
TP-00803,Free,Finance,Palapye,Organic Search,2024-09-25,2024-12-06,Churned,72,2024,0,2.11,2,8.0,0,1,,0,0,0,0.8164,Critical
TP-00804,Starter,Logistics,Maun,Referral,2022-08-24,,Active,950,2022,245,3.01,1,13.2,1,3,,0,1,0,0.4532,High
TP-00805,Starter,Logistics,Maun,Direct Sales,2022-04-29,2022-06-02,Churned,34,2022,245,3.75,2,13.7,0,4,54.0,0,1,0,0.6012,High
TP-00806,Starter,Education,Gaborone,Referral,2022-02-16,2022-05-08,Churned,81,2022,245,3.92,3,30.2,0,0,6.0,2,0,0,0.574,High
TP-00807,Starter,Agriculture,Serowe,Event,2023-06-07,,Active,663,2023,245,2.98,2,7.6,1,1,,0,0,1,0.7506,Critical
TP-00808,Starter,NGO,Palapye,Partnership,2022-08-10,2022-09-09,Churned,30,2022,245,2.81,3,12.2,0,2,3.0,0,0,0,0.5644,High
TP-00809,Free,NGO,Lobatse,Event,2022-02-14,2022-03-23,Churned,37,2022,0,0.74,3,2.1,1,0,-14.0,0,0,0,0.9399,Critical
TP-00810,Free,Professional Services,Palapye,Direct Sales,2022-01-03,2022-04-09,Churned,96,2022,0,0.0,2,0.0,1,0,44.0,0,0,0,0.9422,Critical
TP-00811,Free,Retail,Gaborone,Direct Sales,2022-08-10,,Active,964,2022,0,0.0,2,0.0,1,0,2.0,0,0,0,0.915,Critical
TP-00812,Professional,Hospitality,Palapye,Social Media,2022-11-03,,Active,879,2022,798,4.43,6,15.1,0,2,,1,1,0,0.0721,Low
TP-00813,Free,Construction,Francistown,Event,2022-12-27,2023-01-30,Churned,34,2022,0,0.7,1,3.3,0,0,14.0,0,0,0,0.95,Critical
TP-00814,Starter,NGO,Palapye,Direct Sales,2023-01-04,2023-04-06,Churned,92,2023,245,0.24,4,1.1,0,0,,0,1,0,0.5758,High
TP-00815,Starter,Healthcare,Gaborone,Referral,2022-09-29,,Active,914,2022,245,4.88,3,23.9,1,2,,0,0,0,0.2516,Medium
TP-00816,Free,Retail,Gaborone,Referral,2021-12-13,2022-02-09,Churned,58,2021,0,1.75,1,6.2,0,0,-11.0,0,0,0,0.95,Critical
TP-00817,Professional,Construction,Palapye,Direct Sales,2024-09-08,,Active,204,2024,798,4.1,4,35.6,1,2,,0,1,0,0.0239,Low
TP-00818,Starter,Healthcare,Gaborone,Organic Search,2023-01-03,2023-05-05,Churned,122,2023,245,1.19,5,6.0,1,1,,1,0,0,0.6019,High
TP-00819,Free,Construction,Gaborone,Organic Search,2021-10-27,2021-12-29,Churned,63,2021,0,2.21,1,6.9,1,0,,0,0,0,0.7496,Critical
TP-00820,Starter,Construction,Maun,Direct Sales,2021-03-15,,Active,1477,2021,245,3.05,3,19.8,1,1,49.0,2,1,0,0.3539,Medium
TP-00821,Free,Professional Services,Francistown,Direct Sales,2021-05-11,2021-06-10,Churned,30,2021,0,1.16,1,4.1,1,0,,0,0,0,0.95,Critical
TP-00822,Free,Finance,Gaborone,Event,2020-09-06,2020-10-06,Churned,30,2020,0,0.42,1,1.5,0,0,,0,0,0,0.95,Critical
TP-00823,Professional,Agriculture,Maun,Direct Sales,2020-09-16,,Active,1657,2020,798,3.17,7,9.9,1,4,28.0,1,0,0,0.3091,Medium
TP-00824,Free,Retail,Gaborone,Organic Search,2022-04-22,,Active,1074,2022,0,0.36,2,2.1,0,0,,0,0,1,0.95,Critical
TP-00825,Free,Hospitality,Maun,Organic Search,2022-09-30,,Active,913,2022,0,2.95,3,7.4,0,1,,0,0,0,0.6608,Critical
TP-00826,Free,Agriculture,Gaborone,Referral,2021-01-03,2021-03-17,Churned,73,2021,0,2.24,0,5.4,0,0,34.0,0,0,0,0.81,Critical
TP-00827,Free,Logistics,Gaborone,Event,2024-12-26,2025-01-25,Churned,30,2024,0,0.1,3,0.5,0,0,,0,0,1,0.95,Critical
TP-00828,Starter,Professional Services,Maun,Partnership,2021-05-18,2021-12-08,Churned,204,2021,245,1.89,4,12.6,1,1,39.0,0,1,0,0.4329,Medium
TP-00829,Enterprise,Hospitality,Gaborone,Event,2024-09-07,,Active,205,2024,2299,6.36,9,34.0,1,1,61.0,0,0,0,0.02,Low
TP-00830,Starter,Agriculture,Francistown,Event,2021-09-20,,Active,1288,2021,245,3.23,3,9.9,0,1,,0,1,1,0.534,High
TP-00831,Free,Construction,Maun,Referral,2023-11-22,2023-12-22,Churned,30,2023,0,1.2,1,7.4,1,0,11.0,0,0,0,0.9415,Critical
TP-00832,Free,NGO,Lobatse,Direct Sales,2024-07-23,2024-11-29,Churned,129,2024,0,0.61,0,2.4,0,1,23.0,0,0,0,0.95,Critical
TP-00833,Free,Agriculture,Francistown,Social Media,2024-08-16,2025-03-30,Churned,226,2024,0,0.0,2,0.0,1,1,,0,0,0,0.9324,Critical
TP-00834,Starter,Construction,Serowe,Event,2024-06-13,,Active,291,2024,245,2.02,3,10.1,1,1,,0,0,0,0.4297,Medium
TP-00835,Free,Logistics,Gaborone,Referral,2020-09-15,2020-10-15,Churned,30,2020,0,0.0,3,0.0,0,0,-1.0,0,0,0,0.95,Critical
TP-00836,Enterprise,Construction,Francistown,Direct Sales,2024-06-24,,Active,280,2024,2299,5.2,9,17.2,1,5,63.0,0,1,0,0.02,Low
TP-00837,Starter,Healthcare,Gaborone,Direct Sales,2023-12-24,,Active,463,2023,245,4.17,1,14.4,1,3,,0,0,0,0.3552,Medium
TP-00838,Starter,NGO,Maun,Referral,2024-11-12,,Active,139,2024,245,3.73,0,22.4,0,5,,0,0,1,0.8901,Critical
TP-00839,Free,Finance,Gaborone,Event,2021-05-26,2021-06-28,Churned,33,2021,0,0.3,0,0.9,0,0,2.0,0,0,0,0.95,Critical
TP-00840,Free,Logistics,Gaborone,Referral,2020-06-09,2020-07-09,Churned,30,2020,0,1.05,1,2.2,1,0,34.0,0,0,0,0.95,Critical
TP-00841,Enterprise,Agriculture,Lobatse,Social Media,2022-07-27,,Active,978,2022,2299,7.81,7,20.4,1,2,,0,0,0,0.02,Low
TP-00842,Free,NGO,Gaborone,Direct Sales,2021-11-05,2021-12-08,Churned,33,2021,0,0.08,2,0.4,0,0,,0,0,0,0.95,Critical
TP-00843,Starter,Education,Maun,Event,2022-07-30,,Active,975,2022,245,3.91,4,13.5,0,0,,0,1,1,0.5518,High
TP-00844,Starter,Hospitality,Gaborone,Direct Sales,2024-03-26,2024-07-19,Churned,115,2024,245,1.44,5,8.0,1,1,28.0,0,0,0,0.3879,Medium
TP-00845,Free,Professional Services,Francistown,Direct Sales,2022-08-24,2022-12-22,Churned,120,2022,0,0.0,0,0.0,0,0,,0,0,1,0.95,Critical
TP-00846,Starter,Healthcare,Francistown,Partnership,2024-02-09,,Active,416,2024,245,3.04,3,13.8,0,0,,0,0,0,0.4362,Medium
TP-00847,Professional,Professional Services,Francistown,Social Media,2024-12-24,,Active,97,2024,798,1.96,6,9.1,1,0,,2,0,0,0.3725,Medium
TP-00848,Professional,Retail,Gaborone,Event,2022-10-04,,Active,909,2022,798,5.82,3,27.7,1,1,,0,0,0,0.0905,Low
TP-00849,Free,Hospitality,Gaborone,Referral,2023-03-27,2023-06-22,Churned,87,2023,0,1.4,2,6.5,0,0,0.0,0,0,0,0.95,Critical
TP-00850,Professional,Healthcare,Lobatse,Direct Sales,2022-11-20,,Active,862,2022,798,2.1,5,10.9,1,2,,0,0,0,0.1128,Low
TP-00851,Free,Agriculture,Gaborone,Organic Search,2022-05-02,2022-06-03,Churned,32,2022,0,0.59,2,2.5,1,1,-6.0,0,0,0,0.95,Critical
TP-00852,Enterprise,NGO,Serowe,Organic Search,2020-12-16,,Active,1566,2020,2299,5.41,9,22.5,1,5,,0,0,0,0.02,Low
TP-00853,Enterprise,Healthcare,Lobatse,Direct Sales,2024-08-29,,Active,214,2024,2299,3.29,8,7.7,1,1,74.0,0,0,0,0.0794,Low
TP-00854,Enterprise,Agriculture,Gaborone,Organic Search,2022-05-31,,Active,1035,2022,2299,6.09,9,29.3,1,2,,0,1,0,0.02,Low
TP-00855,Starter,Hospitality,Gaborone,Organic Search,2023-05-23,,Active,678,2023,245,2.71,4,10.8,1,1,,1,0,0,0.4568,High
TP-00856,Starter,Construction,Gaborone,Event,2024-12-21,,Active,100,2024,245,3.28,1,11.9,1,1,,1,0,0,0.6103,High
TP-00857,Starter,Construction,Francistown,Direct Sales,2024-07-23,,Active,251,2024,245,2.97,2,11.5,0,1,27.0,0,0,0,0.7368,Critical
TP-00858,Professional,Agriculture,Gaborone,Referral,2024-05-29,,Active,306,2024,798,5.69,5,38.0,1,4,75.0,0,0,0,0.02,Low
TP-00859,Starter,Hospitality,Francistown,Organic Search,2022-02-08,2022-04-20,Churned,71,2022,245,3.37,3,13.0,0,0,,1,0,0,0.6793,Critical
TP-00860,Starter,Construction,Gaborone,Event,2024-05-04,,Active,331,2024,245,3.73,0,22.7,1,2,53.0,2,0,0,0.5896,High
TP-00861,Professional,Healthcare,Gaborone,Social Media,2024-02-24,,Active,401,2024,798,7.03,4,15.4,1,1,,0,1,0,0.02,Low
TP-00862,Free,Education,Palapye,Partnership,2024-09-17,2025-01-17,Churned,122,2024,0,1.24,0,8.3,0,1,22.0,0,0,0,0.95,Critical
TP-00863,Professional,Agriculture,Maun,Partnership,2022-11-12,,Active,870,2022,798,2.01,6,9.5,0,2,32.0,1,1,0,0.2347,Low
TP-00864,Enterprise,Professional Services,Francistown,Referral,2022-03-04,,Active,1123,2022,2299,5.92,9,27.7,0,2,,0,1,0,0.02,Low
TP-00865,Starter,Agriculture,Lobatse,Social Media,2024-09-27,,Active,185,2024,245,3.56,4,8.7,1,1,,0,0,0,0.3572,Medium
TP-00866,Starter,Logistics,Gaborone,Social Media,2021-08-23,2021-09-22,Churned,30,2021,245,0.55,2,1.7,0,1,28.0,1,0,0,0.9131,Critical
TP-00867,Professional,Retail,Francistown,Social Media,2023-03-26,,Active,736,2023,798,2.0,7,6.3,0,5,11.0,0,0,0,0.4477,Medium
TP-00868,Starter,Agriculture,Gaborone,Social Media,2021-04-09,,Active,1452,2021,245,2.27,4,4.2,0,1,15.0,0,0,0,0.4361,Medium
TP-00869,Free,Hospitality,Palapye,Event,2022-08-12,2022-09-27,Churned,46,2022,0,2.28,3,11.4,0,1,,0,0,0,0.7045,Critical
TP-00870,Starter,Logistics,Lobatse,Direct Sales,2022-08-10,,Active,964,2022,245,4.98,2,29.3,1,2,,0,1,0,0.287,Medium
TP-00871,Starter,Professional Services,Gaborone,Partnership,2024-12-05,,Active,116,2024,245,2.75,3,10.7,1,0,,3,1,0,0.3618,Medium
TP-00872,Professional,Construction,Gaborone,Event,2021-07-06,,Active,1364,2021,798,6.46,6,30.4,0,0,13.0,0,0,0,0.0299,Low
TP-00873,Starter,Hospitality,Gaborone,Direct Sales,2024-03-23,,Active,373,2024,245,2.28,2,6.5,0,1,,0,1,0,0.5356,High
TP-00874,Starter,NGO,Gaborone,Referral,2023-12-07,2024-02-24,Churned,79,2023,245,0.0,3,0.0,0,2,57.0,0,1,0,0.5719,High
TP-00875,Starter,Hospitality,Maun,Direct Sales,2024-10-06,2025-03-30,Churned,175,2024,245,1.71,4,11.3,0,1,,0,0,0,0.6983,Critical
TP-00876,Starter,Education,Gaborone,Organic Search,2020-11-17,,Active,1595,2020,245,1.67,3,10.0,1,1,,0,0,0,0.5165,High
TP-00877,Enterprise,Logistics,Gaborone,Event,2020-12-11,,Active,1571,2020,2299,2.71,7,14.5,1,1,67.0,0,0,0,0.02,Low
TP-00878,Free,Professional Services,Maun,Partnership,2021-06-14,2021-07-14,Churned,30,2021,0,1.01,2,4.7,0,0,,0,0,0,0.95,Critical
TP-00879,Professional,Finance,Francistown,Partnership,2023-09-11,,Active,567,2023,798,6.12,5,32.4,1,1,,0,0,0,0.02,Low
TP-00880,Free,NGO,Maun,Organic Search,2023-07-12,2023-08-11,Churned,30,2023,0,3.52,1,20.3,0,0,13.0,0,0,1,0.95,Critical
TP-00881,Starter,Professional Services,Francistown,Organic Search,2020-11-21,2021-04-02,Churned,132,2020,245,2.31,3,10.5,0,2,70.0,1,0,0,0.5146,High
TP-00882,Free,Finance,Palapye,Social Media,2024-02-10,2024-04-13,Churned,63,2024,0,1.28,2,4.6,0,0,21.0,0,0,0,0.95,Critical
TP-00883,Professional,Education,Francistown,Partnership,2021-08-04,,Active,1335,2021,798,5.04,5,10.6,1,2,,2,1,0,0.02,Low
TP-00884,Free,Hospitality,Francistown,Referral,2023-09-25,2023-11-22,Churned,58,2023,0,1.49,3,2.1,0,0,8.0,0,0,0,0.8851,Critical
TP-00885,Free,Agriculture,Francistown,Referral,2022-08-29,2022-11-25,Churned,88,2022,0,3.53,1,20.8,0,0,,0,0,0,0.8707,Critical
TP-00886,Starter,Healthcare,Lobatse,Event,2024-01-14,,Active,442,2024,245,4.32,1,16.7,1,0,53.0,0,0,0,0.3718,Medium
TP-00887,Starter,Hospitality,Gaborone,Direct Sales,2022-07-17,2022-08-17,Churned,31,2022,245,2.73,2,12.7,1,3,,0,1,0,0.4689,High
TP-00888,Starter,Education,Palapye,Social Media,2021-03-27,,Active,1465,2021,245,4.88,2,15.7,0,2,46.0,0,1,0,0.4121,Medium
TP-00889,Free,Professional Services,Serowe,Organic Search,2021-05-26,2021-08-09,Churned,75,2021,0,2.82,3,17.5,0,0,,0,0,0,0.7063,Critical
TP-00890,Starter,Healthcare,Francistown,Partnership,2020-12-20,2021-11-11,Churned,326,2020,245,0.0,2,0.0,0,3,29.0,0,0,0,0.7932,Critical
TP-00891,Professional,Finance,Francistown,Direct Sales,2023-02-02,2023-03-09,Churned,35,2023,798,2.48,4,7.9,1,3,24.0,0,0,0,0.2066,Low
TP-00892,Starter,Healthcare,Gaborone,Event,2024-01-01,,Active,455,2024,245,1.66,4,12.2,0,4,,0,1,0,0.583,High
TP-00893,Free,Education,Serowe,Partnership,2022-01-09,2022-02-08,Churned,30,2022,0,2.16,1,8.7,0,0,17.0,0,0,0,0.9039,Critical
TP-00894,Professional,Healthcare,Gaborone,Social Media,2020-12-02,2021-02-13,Churned,73,2020,798,0.87,6,6.8,1,5,24.0,0,1,0,0.2102,Low
TP-00895,Starter,Professional Services,Maun,Partnership,2023-03-07,2023-06-11,Churned,96,2023,245,2.99,2,12.3,0,3,31.0,1,0,0,0.7697,Critical
TP-00896,Starter,Finance,Maun,Direct Sales,2020-06-29,,Active,1736,2020,245,2.15,5,6.8,0,1,,1,0,0,0.4711,High
TP-00897,Professional,Construction,Lobatse,Event,2023-05-18,,Active,683,2023,798,3.41,5,8.5,1,2,40.0,0,0,0,0.1452,Low
TP-00898,Professional,Hospitality,Gaborone,Referral,2023-04-19,,Active,712,2023,798,5.1,7,20.5,1,1,52.0,0,0,0,0.0305,Low
TP-00899,Enterprise,Education,Palapye,Referral,2023-06-10,2024-02-22,Churned,257,2023,2299,9.02,7,45.9,1,6,,0,1,0,0.02,Low
TP-00900,Starter,Agriculture,Gaborone,Social Media,2024-01-08,,Active,448,2024,245,2.73,1,17.4,0,0,,0,0,0,0.6333,High
TP-00901,Free,Retail,Francistown,Social Media,2022-02-02,2022-03-04,Churned,30,2022,0,0.0,2,0.0,0,0,42.0,0,0,0,0.95,Critical
TP-00902,Starter,Professional Services,Francistown,Referral,2022-09-20,2023-09-11,Churned,356,2022,245,1.79,3,9.1,1,1,30.0,0,1,0,0.4945,High
TP-00903,Free,Healthcare,Gaborone,Referral,2023-06-04,2023-07-04,Churned,30,2023,0,1.02,2,1.9,0,0,8.0,0,0,0,0.95,Critical
TP-00904,Starter,Education,Palapye,Event,2021-07-12,2021-09-02,Churned,52,2021,245,3.08,4,9.4,1,0,-7.0,2,1,0,0.4799,High
TP-00905,Free,Construction,Lobatse,Event,2021-11-27,2022-01-19,Churned,53,2021,0,1.84,2,4.4,1,0,14.0,0,0,0,0.9213,Critical
TP-00906,Professional,Agriculture,Francistown,Event,2022-08-06,,Active,968,2022,798,5.56,8,4.0,1,1,,0,0,0,0.02,Low
TP-00907,Free,Retail,Serowe,Referral,2020-09-15,2020-10-20,Churned,35,2020,0,1.76,2,6.8,0,0,15.0,0,0,0,0.95,Critical
TP-00908,Starter,Agriculture,Gaborone,Referral,2024-07-03,,Active,271,2024,245,3.57,2,16.9,0,2,22.0,1,0,0,0.7074,Critical
TP-00909,Free,Agriculture,Gaborone,Event,2024-10-21,2024-12-05,Churned,45,2024,0,1.25,0,3.0,0,1,,0,0,0,0.95,Critical
TP-00910,Starter,Construction,Gaborone,Direct Sales,2020-08-18,2020-12-02,Churned,106,2020,245,3.29,3,10.0,1,0,29.0,0,1,1,0.5437,High
TP-00911,Professional,Agriculture,Gaborone,Social Media,2024-05-04,,Active,331,2024,798,3.02,5,9.2,1,2,10.0,0,1,0,0.02,Low
TP-00912,Free,Healthcare,Gaborone,Social Media,2024-05-28,2024-06-27,Churned,30,2024,0,2.84,3,8.2,0,0,22.0,0,0,1,0.8562,Critical
TP-00913,Free,Education,Gaborone,Direct Sales,2021-12-26,2022-02-02,Churned,38,2021,0,3.03,2,16.1,0,0,22.0,0,0,0,0.886,Critical
TP-00914,Free,Retail,Maun,Referral,2022-04-10,2022-05-29,Churned,49,2022,0,0.9,0,2.2,0,0,,0,0,0,0.95,Critical
TP-00915,Starter,Construction,Maun,Referral,2023-09-10,,Active,568,2023,245,0.62,5,1.2,1,2,,0,1,0,0.3787,Medium
TP-00916,Starter,Construction,Gaborone,Direct Sales,2020-12-20,,Active,1562,2020,245,2.27,2,11.9,1,1,5.0,0,1,0,0.4665,High
TP-00917,Free,Hospitality,Gaborone,Referral,2022-10-05,,Active,908,2022,0,0.0,1,0.0,0,0,-12.0,0,0,0,0.95,Critical
TP-00918,Professional,Logistics,Francistown,Organic Search,2022-11-11,,Active,871,2022,798,6.23,3,25.1,1,1,34.0,0,0,0,0.02,Low
TP-00919,Free,NGO,Gaborone,Referral,2022-01-15,2022-02-14,Churned,30,2022,0,1.66,1,6.2,1,0,,0,0,0,0.9073,Critical
TP-00920,Starter,Finance,Lobatse,Referral,2022-11-14,2023-02-14,Churned,92,2022,245,3.34,2,20.7,0,1,3.0,1,0,0,0.6883,Critical
TP-00921,Free,Hospitality,Francistown,Partnership,2024-04-27,2024-05-27,Churned,30,2024,0,0.0,1,0.0,1,1,,0,0,0,0.8661,Critical
TP-00922,Professional,Healthcare,Maun,Partnership,2021-01-30,2021-08-27,Churned,209,2021,798,4.99,4,15.2,1,3,3.0,1,1,0,0.0885,Low
TP-00923,Free,Healthcare,Palapye,Social Media,2024-11-06,2025-02-06,Churned,92,2024,0,0.0,3,0.0,1,0,,0,0,0,0.7849,Critical
TP-00924,Starter,Education,Gaborone,Event,2023-06-30,,Active,640,2023,245,0.0,3,0.0,1,0,27.0,1,0,0,0.6993,Critical
TP-00925,Starter,Retail,Serowe,Referral,2024-07-06,2025-03-30,Churned,267,2024,245,1.46,2,5.9,0,1,-44.0,0,0,0,0.95,Critical
TP-00926,Free,Agriculture,Lobatse,Social Media,2023-12-05,2024-01-11,Churned,37,2023,0,2.91,2,11.5,0,0,,0,0,0,0.8408,Critical
TP-00927,Free,NGO,Francistown,Direct Sales,2021-04-15,2021-07-04,Churned,80,2021,0,0.33,2,0.9,0,0,,0,0,0,0.95,Critical
TP-00928,Starter,Hospitality,Gaborone,Direct Sales,2024-07-03,,Active,271,2024,245,3.77,3,6.3,1,4,6.0,0,1,0,0.3967,Medium
TP-00929,Starter,Construction,Gaborone,Organic Search,2022-10-22,,Active,891,2022,245,4.57,3,13.0,1,1,,0,0,1,0.3165,Medium
TP-00930,Starter,Agriculture,Gaborone,Organic Search,2020-06-28,2020-10-01,Churned,95,2020,245,1.61,5,7.6,0,1,,1,1,0,0.5492,High
TP-00931,Free,NGO,Gaborone,Organic Search,2024-11-08,2025-01-17,Churned,70,2024,0,0.0,2,0.0,1,1,,0,0,0,0.9229,Critical
TP-00932,Starter,Logistics,Serowe,Social Media,2022-04-11,2022-05-11,Churned,30,2022,245,0.48,2,0.8,1,1,31.0,1,0,0,0.8041,Critical
TP-00933,Free,Retail,Gaborone,Social Media,2020-12-28,2021-05-08,Churned,131,2020,0,0.62,1,3.4,0,1,,0,0,0,0.95,Critical
TP-00934,Free,Healthcare,Gaborone,Event,2022-07-28,2022-08-27,Churned,30,2022,0,3.48,1,26.5,0,0,,0,0,0,0.8454,Critical
TP-00935,Enterprise,Construction,Gaborone,Social Media,2022-06-02,,Active,1033,2022,2299,5.01,10,28.3,1,5,52.0,0,0,0,0.02,Low
TP-00936,Free,Agriculture,Francistown,Partnership,2021-06-07,2021-08-02,Churned,56,2021,0,0.95,2,3.2,0,0,25.0,0,0,0,0.95,Critical
TP-00937,Professional,Education,Palapye,Social Media,2023-03-20,2023-09-04,Churned,168,2023,798,2.34,6,11.8,1,2,,0,0,0,0.0962,Low
TP-00938,Enterprise,Hospitality,Serowe,Referral,2022-03-18,,Active,1109,2022,2299,4.54,10,20.6,1,1,98.0,0,0,0,0.02,Low
TP-00939,Professional,Professional Services,Francistown,Event,2021-12-23,,Active,1194,2021,798,5.47,6,15.3,1,3,50.0,0,1,0,0.02,Low
TP-00940,Starter,Agriculture,Francistown,Event,2022-04-14,2022-05-17,Churned,33,2022,245,0.55,4,1.8,1,0,,1,0,0,0.6429,High
TP-00941,Starter,Logistics,Francistown,Referral,2022-07-28,2022-08-27,Churned,30,2022,245,1.26,1,4.4,1,3,,0,0,0,0.7206,Critical
TP-00942,Free,Construction,Lobatse,Organic Search,2022-06-13,2022-09-25,Churned,104,2022,0,1.57,3,8.6,0,0,,0,0,0,0.8539,Critical
TP-00943,Free,Hospitality,Gaborone,Referral,2023-07-05,2023-08-04,Churned,30,2023,0,1.77,2,12.0,0,0,,0,0,0,0.95,Critical
TP-00944,Enterprise,Hospitality,Gaborone,Organic Search,2024-04-26,,Active,339,2024,2299,5.98,8,20.7,0,0,58.0,0,0,0,0.02,Low
TP-00945,Free,NGO,Palapye,Organic Search,2021-03-28,2021-04-27,Churned,30,2021,0,0.56,0,1.8,0,1,5.0,0,0,1,0.95,Critical
TP-00946,Free,Hospitality,Maun,Event,2022-02-04,2022-03-06,Churned,30,2022,0,2.44,0,13.5,0,1,,0,0,0,0.8191,Critical
TP-00947,Free,Professional Services,Gaborone,Event,2020-08-05,,Active,1699,2020,0,2.38,1,10.6,0,0,18.0,0,0,0,0.8166,Critical
TP-00948,Starter,Healthcare,Palapye,Partnership,2022-02-17,2022-05-15,Churned,87,2022,245,5.1,1,15.3,0,3,36.0,1,1,0,0.5254,High
TP-00949,Enterprise,Hospitality,Maun,Direct Sales,2023-11-20,,Active,497,2023,2299,9.2,10,46.2,1,2,56.0,0,0,0,0.02,Low
TP-00950,Starter,Logistics,Gaborone,Event,2022-09-08,2023-05-21,Churned,255,2022,245,3.88,2,16.5,0,2,49.0,0,0,0,0.6218,High
TP-00951,Free,Professional Services,Gaborone,Social Media,2020-07-28,2020-08-27,Churned,30,2020,0,0.8,2,1.6,1,1,60.0,0,0,1,0.95,Critical
TP-00952,Free,Construction,Francistown,Organic Search,2021-10-06,2021-11-05,Churned,30,2021,0,0.48,2,3.0,0,0,,0,0,0,0.95,Critical
TP-00953,Professional,Retail,Gaborone,Organic Search,2022-02-23,,Active,1132,2022,798,4.6,5,21.3,1,1,77.0,0,1,0,0.02,Low
TP-00954,Professional,Hospitality,Maun,Organic Search,2022-04-10,,Active,1086,2022,798,3.94,3,18.5,1,2,,1,1,0,0.2557,Medium
TP-00955,Free,NGO,Serowe,Direct Sales,2023-09-14,2023-10-14,Churned,30,2023,0,1.35,2,5.6,0,0,-10.0,0,0,0,0.95,Critical
TP-00956,Enterprise,Construction,Palapye,Event,2024-01-31,,Active,425,2024,2299,6.37,9,29.6,1,2,,0,0,0,0.02,Low
TP-00957,Enterprise,NGO,Maun,Social Media,2022-12-04,,Active,848,2022,2299,7.22,7,27.3,1,3,8.0,0,0,0,0.02,Low
TP-00958,Professional,Agriculture,Gaborone,Partnership,2023-10-26,,Active,522,2023,798,5.37,4,21.4,1,2,12.0,2,0,0,0.1566,Low
TP-00959,Professional,Hospitality,Serowe,Social Media,2023-06-26,,Active,644,2023,798,3.13,6,20.6,0,2,,0,0,0,0.1559,Low
TP-00960,Free,Professional Services,Gaborone,Social Media,2022-05-25,2022-06-24,Churned,30,2022,0,0.47,2,1.6,1,0,-7.0,0,0,0,0.95,Critical
TP-00961,Starter,Healthcare,Serowe,Direct Sales,2024-01-23,,Active,433,2024,245,4.05,4,14.0,0,2,,0,0,0,0.3085,Medium
TP-00962,Starter,Hospitality,Gaborone,Partnership,2023-12-02,2024-03-06,Churned,95,2023,245,2.78,4,14.4,0,0,22.0,0,0,0,0.5049,High
TP-00963,Professional,Retail,Francistown,Event,2020-09-25,2020-11-22,Churned,58,2020,798,3.85,3,24.0,0,0,59.0,1,0,0,0.5182,High
TP-00964,Free,Agriculture,Palapye,Referral,2022-08-05,2022-09-04,Churned,30,2022,0,0.54,1,2.6,0,1,,0,0,0,0.95,Critical
TP-00965,Starter,Logistics,Gaborone,Referral,2024-07-08,2024-08-12,Churned,35,2024,245,1.95,3,5.7,1,0,,0,0,0,0.5481,High
TP-00966,Starter,Construction,Maun,Direct Sales,2021-01-21,2021-04-29,Churned,98,2021,245,0.0,4,0.0,1,2,-16.0,1,1,0,0.6885,Critical
TP-00967,Free,Retail,Lobatse,Direct Sales,2020-10-06,2021-01-05,Churned,91,2020,0,0.0,1,0.0,0,1,-5.0,0,0,0,0.95,Critical
TP-00968,Enterprise,Agriculture,Gaborone,Event,2021-05-27,,Active,1404,2021,2299,2.74,10,11.5,1,4,36.0,0,0,0,0.0422,Low
TP-00969,Starter,Agriculture,Francistown,Event,2021-11-14,2021-12-15,Churned,31,2021,245,4.42,2,14.6,1,1,51.0,0,0,0,0.4127,Medium
TP-00970,Enterprise,Logistics,Francistown,Event,2024-10-23,,Active,159,2024,2299,5.6,8,19.4,1,1,,0,0,0,0.02,Low
TP-00971,Free,Retail,Francistown,Partnership,2021-07-12,,Active,1358,2021,0,0.08,2,0.5,1,0,,0,0,0,0.8776,Critical
TP-00972,Professional,Education,Gaborone,Direct Sales,2021-03-30,,Active,1462,2021,798,2.41,8,8.9,1,0,41.0,0,0,0,0.2049,Low
TP-00973,Free,Retail,Lobatse,Referral,2023-12-22,2024-01-21,Churned,30,2023,0,2.58,2,9.3,0,0,,0,0,1,0.95,Critical
TP-00974,Starter,Hospitality,Francistown,Referral,2022-05-14,2022-06-18,Churned,35,2022,245,0.84,3,2.1,1,2,39.0,0,0,0,0.6691,Critical
TP-00975,Free,Healthcare,Palapye,Partnership,2021-02-11,2021-03-13,Churned,30,2021,0,2.35,2,13.5,0,0,,0,0,0,0.8185,Critical
TP-00976,Starter,Education,Gaborone,Referral,2022-12-27,2023-01-26,Churned,30,2022,245,2.12,4,12.4,1,1,27.0,0,0,0,0.3999,Medium
TP-00977,Professional,Agriculture,Francistown,Event,2023-11-23,2025-01-18,Churned,422,2023,798,5.92,4,41.2,0,2,,1,1,0,0.255,Medium
TP-00978,Free,Agriculture,Gaborone,Event,2024-08-18,2024-09-27,Churned,40,2024,0,0.12,2,0.6,0,0,31.0,0,0,0,0.95,Critical
TP-00979,Professional,Healthcare,Palapye,Referral,2021-08-31,,Active,1308,2021,798,5.66,4,17.2,0,0,,0,1,0,0.1308,Low
TP-00980,Professional,Logistics,Gaborone,Event,2024-05-12,,Active,323,2024,798,1.25,7,1.2,0,2,27.0,0,0,0,0.303,Medium
TP-00981,Starter,Healthcare,Palapye,Social Media,2022-02-20,2022-06-10,Churned,110,2022,245,3.32,2,15.6,0,0,,1,0,0,0.7835,Critical
TP-00982,Free,Education,Serowe,Partnership,2024-07-28,,Active,246,2024,0,1.57,3,7.6,0,1,-1.0,0,0,0,0.95,Critical
TP-00983,Free,Agriculture,Gaborone,Event,2022-08-15,,Active,959,2022,0,0.94,3,2.9,0,0,,0,0,0,0.9192,Critical
TP-00984,Free,Education,Francistown,Direct Sales,2021-09-17,2021-11-11,Churned,55,2021,0,2.49,1,6.2,1,2,,0,0,0,0.7912,Critical
TP-00985,Professional,Healthcare,Serowe,Referral,2022-03-23,2023-03-03,Churned,345,2022,798,4.6,4,15.5,1,2,54.0,0,0,0,0.033,Low
TP-00986,Starter,Professional Services,Francistown,Organic Search,2024-07-30,2024-09-13,Churned,45,2024,245,3.8,3,22.0,0,0,,0,0,0,0.4411,Medium
TP-00987,Starter,Construction,Gaborone,Partnership,2021-10-16,2021-11-15,Churned,30,2021,245,2.28,2,9.0,0,1,,1,0,0,0.7658,Critical
TP-00988,Free,NGO,Palapye,Organic Search,2022-12-28,2023-02-19,Churned,53,2022,0,0.0,2,0.0,0,0,-2.0,0,0,0,0.95,Critical
TP-00989,Free,Professional Services,Francistown,Social Media,2021-07-31,2021-08-30,Churned,30,2021,0,2.43,3,7.6,0,0,45.0,0,0,1,0.9406,Critical
TP-00990,Starter,Agriculture,Palapye,Event,2022-12-11,2023-07-08,Churned,209,2022,245,3.87,2,29.5,0,3,-7.0,0,1,0,0.6751,Critical
TP-00991,Starter,Retail,Gaborone,Social Media,2022-05-12,2022-06-11,Churned,30,2022,245,2.09,3,4.1,0,1,,1,0,0,0.5952,High
TP-00992,Free,Retail,Francistown,Referral,2021-08-17,2022-01-26,Churned,162,2021,0,1.26,2,6.7,0,0,6.0,0,0,0,0.9387,Critical
TP-00993,Free,Hospitality,Gaborone,Direct Sales,2021-07-14,2021-09-24,Churned,72,2021,0,0.29,1,1.2,0,1,13.0,0,0,0,0.95,Critical
TP-00994,Starter,Agriculture,Palapye,Social Media,2021-05-21,2022-06-29,Churned,404,2021,245,0.32,2,1.3,1,2,,1,0,0,0.8936,Critical
TP-00995,Professional,NGO,Gaborone,Referral,2024-06-18,,Active,286,2024,798,1.65,5,6.2,1,2,,0,0,0,0.2786,Medium
TP-00996,Starter,Agriculture,Gaborone,Social Media,2022-07-06,,Active,999,2022,245,5.16,2,29.2,0,0,,1,0,0,0.5264,High
TP-00997,Free,Agriculture,Gaborone,Event,2023-05-23,2023-06-22,Churned,30,2023,0,2.01,1,1.7,0,0,8.0,0,0,0,0.8188,Critical
TP-00998,Free,Education,Gaborone,Social Media,2021-02-06,2021-05-14,Churned,97,2021,0,0.85,3,5.3,1,2,,0,0,0,0.8435,Critical
TP-00999,Starter,Education,Palapye,Partnership,2020-10-14,,Active,1629,2020,245,2.54,4,12.3,1,2,,0,0,1,0.5204,High
TP-01000,Professional,Professional Services,Francistown,Event,2022-10-12,,Active,901,2022,798,4.62,8,9.9,1,3,48.0,0,0,0,0.02,Low
TP-01001,Free,Logistics,Francistown,Social Media,2022-10-11,2022-11-10,Churned,30,2022,0,2.92,3,12.4,1,1,-6.0,0,0,0,0.6753,Critical
TP-01002,Free,NGO,Lobatse,Direct Sales,2022-01-04,2022-02-06,Churned,33,2022,0,3.47,1,19.2,1,0,,0,0,1,0.8841,Critical
TP-01003,Starter,Education,Francistown,Organic Search,2023-01-19,,Active,802,2023,245,4.12,1,19.8,1,0,,0,0,0,0.3809,Medium
TP-01004,Free,NGO,Gaborone,Social Media,2024-04-27,2024-06-17,Churned,51,2024,0,0.42,1,2.1,0,1,15.0,0,0,0,0.95,Critical
TP-01005,Professional,NGO,Gaborone,Referral,2020-09-06,,Active,1667,2020,798,5.05,5,16.9,0,3,62.0,0,0,0,0.0914,Low
TP-01006,Free,Education,Serowe,Partnership,2020-06-11,2020-07-11,Churned,30,2020,0,3.03,2,12.0,0,0,,0,0,0,0.8009,Critical
TP-01007,Free,Healthcare,Gaborone,Social Media,2024-04-09,2024-05-09,Churned,30,2024,0,2.96,2,10.3,0,1,,0,0,0,0.8605,Critical
TP-01008,Free,Hospitality,Serowe,Direct Sales,2023-12-27,2024-01-26,Churned,30,2023,0,2.01,1,5.6,0,0,-19.0,0,0,0,0.95,Critical
TP-01009,Starter,Healthcare,Gaborone,Event,2023-02-14,2023-03-28,Churned,42,2023,245,0.79,2,5.6,1,0,40.0,0,1,1,0.6842,Critical
TP-01010,Professional,Construction,Maun,Organic Search,2023-03-10,,Active,752,2023,798,5.45,3,30.8,1,2,27.0,1,1,0,0.0608,Low
TP-01011,Free,Professional Services,Gaborone,Partnership,2024-09-07,2024-10-07,Churned,30,2024,0,0.69,2,2.6,0,0,,0,0,0,0.95,Critical
TP-01012,Starter,Hospitality,Gaborone,Social Media,2022-07-30,2022-08-29,Churned,30,2022,245,2.02,1,12.1,0,0,,0,0,0,0.6707,Critical
TP-01013,Free,Hospitality,Maun,Partnership,2024-01-19,2024-02-18,Churned,30,2024,0,0.0,1,0.0,1,1,-12.0,0,0,1,0.95,Critical
TP-01014,Free,Logistics,Maun,Direct Sales,2022-05-22,2022-06-21,Churned,30,2022,0,2.37,1,9.0,0,0,,0,0,1,0.95,Critical
TP-01015,Free,Finance,Gaborone,Social Media,2020-09-17,2020-10-17,Churned,30,2020,0,0.0,2,0.0,0,0,25.0,0,0,1,0.95,Critical
TP-01016,Free,Hospitality,Francistown,Partnership,2023-10-28,2023-11-27,Churned,30,2023,0,2.14,2,8.3,0,0,36.0,0,0,0,0.9117,Critical
TP-01017,Enterprise,Construction,Gaborone,Organic Search,2023-08-23,,Active,586,2023,2299,6.68,7,14.4,1,3,58.0,0,1,0,0.02,Low
TP-01018,Free,Professional Services,Gaborone,Event,2021-12-02,2022-01-01,Churned,30,2021,0,2.55,2,7.0,0,1,27.0,0,0,0,0.9051,Critical
TP-01019,Starter,Healthcare,Maun,Organic Search,2021-06-15,2022-02-05,Churned,235,2021,245,0.18,2,0.5,0,5,,1,0,0,0.95,Critical
TP-01020,Free,Hospitality,Gaborone,Direct Sales,2021-03-18,2021-04-17,Churned,30,2021,0,2.19,3,11.0,0,0,,0,0,0,0.6837,Critical
TP-01021,Enterprise,Professional Services,Gaborone,Organic Search,2023-09-30,,Active,548,2023,2299,3.75,10,24.9,1,2,77.0,0,1,0,0.02,Low
TP-01022,Free,Healthcare,Serowe,Partnership,2023-03-28,2023-04-27,Churned,30,2023,0,3.43,2,0.8,1,0,26.0,0,0,1,0.8677,Critical
TP-01023,Professional,Logistics,Francistown,Social Media,2023-06-23,,Active,647,2023,798,3.84,6,22.9,1,1,45.0,0,0,0,0.1372,Low
TP-01024,Professional,NGO,Francistown,Social Media,2024-04-05,,Active,360,2024,798,5.4,5,19.6,1,3,,0,1,0,0.02,Low
TP-01025,Free,Hospitality,Gaborone,Organic Search,2021-10-14,2021-11-13,Churned,30,2021,0,1.64,1,9.1,0,1,,0,0,0,0.95,Critical
TP-01026,Free,Professional Services,Lobatse,Event,2024-03-22,2024-04-21,Churned,30,2024,0,0.77,1,2.3,0,0,,0,0,0,0.95,Critical
TP-01027,Free,Education,Palapye,Direct Sales,2023-09-20,2023-12-19,Churned,90,2023,0,0.0,0,0.0,0,0,,0,0,0,0.95,Critical
TP-01028,Starter,Agriculture,Serowe,Partnership,2024-11-10,,Active,141,2024,245,3.72,3,9.9,0,1,27.0,0,0,0,0.4924,High
TP-01029,Starter,Hospitality,Francistown,Social Media,2023-11-30,2024-11-03,Churned,339,2023,245,2.64,4,14.1,0,2,63.0,0,0,1,0.6178,High
TP-01030,Professional,Professional Services,Gaborone,Social Media,2020-06-11,2022-07-08,Churned,757,2020,798,0.0,4,0.0,1,1,,0,1,0,0.3423,Medium
TP-01031,Free,Healthcare,Serowe,Partnership,2024-02-23,2024-03-24,Churned,30,2024,0,2.02,2,10.5,0,0,,0,0,0,0.8449,Critical
TP-01032,Starter,Professional Services,Gaborone,Organic Search,2023-01-26,,Active,795,2023,245,4.36,3,9.7,0,1,33.0,0,0,0,0.3084,Medium
TP-01033,Professional,Healthcare,Palapye,Partnership,2022-02-27,,Active,1128,2022,798,3.98,6,15.5,1,4,0.0,0,0,0,0.1873,Low
TP-01034,Free,Agriculture,Francistown,Social Media,2022-02-15,2022-03-17,Churned,30,2022,0,1.14,1,7.4,1,0,,0,0,0,0.9094,Critical
TP-01035,Free,Agriculture,Gaborone,Partnership,2022-11-23,2022-12-23,Churned,30,2022,0,0.65,1,2.2,0,0,31.0,0,0,0,0.95,Critical
TP-01036,Enterprise,Logistics,Gaborone,Partnership,2020-07-25,,Active,1710,2020,2299,0.85,9,4.2,0,4,60.0,0,0,0,0.3492,Medium
TP-01037,Free,Construction,Francistown,Social Media,2021-02-16,2021-03-18,Churned,30,2021,0,0.45,2,2.6,0,0,,0,0,0,0.95,Critical
TP-01038,Starter,Logistics,Serowe,Partnership,2022-12-30,2023-02-01,Churned,33,2022,245,3.95,3,23.4,0,1,87.0,0,1,0,0.4055,Medium
TP-01039,Starter,Healthcare,Francistown,Event,2022-04-10,2022-05-10,Churned,30,2022,245,0.0,3,0.0,0,1,27.0,0,0,0,0.6472,High
TP-01040,Starter,Logistics,Gaborone,Event,2024-01-02,2024-02-01,Churned,30,2024,245,3.36,5,11.5,0,1,39.0,0,1,0,0.1991,Low
TP-01041,Starter,Construction,Gaborone,Organic Search,2021-04-10,2021-05-10,Churned,30,2021,245,2.21,2,7.0,0,0,18.0,0,1,0,0.4554,High
TP-01042,Free,Professional Services,Gaborone,Direct Sales,2021-06-12,2021-07-12,Churned,30,2021,0,1.02,0,4.5,0,0,,0,0,0,0.95,Critical
TP-01043,Starter,NGO,Gaborone,Referral,2023-12-25,2024-06-26,Churned,184,2023,245,2.62,4,6.8,1,1,43.0,1,0,0,0.4381,Medium
TP-01044,Starter,Healthcare,Maun,Partnership,2023-03-07,,Active,755,2023,245,5.52,2,26.5,1,2,37.0,0,0,0,0.3755,Medium
TP-01045,Professional,Hospitality,Gaborone,Direct Sales,2021-02-02,,Active,1518,2021,798,2.8,5,13.3,1,5,59.0,0,1,0,0.0282,Low
TP-01046,Free,Education,Lobatse,Direct Sales,2024-06-20,2024-07-20,Churned,30,2024,0,0.0,1,0.0,0,0,27.0,0,0,0,0.95,Critical
TP-01047,Professional,Construction,Gaborone,Event,2023-05-12,,Active,689,2023,798,5.76,7,35.9,1,1,41.0,1,0,0,0.0319,Low
TP-01048,Starter,Hospitality,Gaborone,Event,2022-02-11,,Active,1144,2022,245,2.67,3,12.2,0,1,39.0,0,0,0,0.5311,High
TP-01049,Starter,Hospitality,Francistown,Partnership,2024-10-06,,Active,176,2024,245,2.07,4,8.7,0,0,-3.0,0,0,0,0.5337,High
TP-01050,Free,Retail,Palapye,Referral,2021-09-18,2021-10-18,Churned,30,2021,0,1.65,0,5.4,1,0,37.0,0,0,0,0.9042,Critical
TP-01051,Professional,Construction,Gaborone,Referral,2024-07-01,2025-03-30,Churned,272,2024,798,4.82,6,12.9,0,3,,2,0,0,0.2206,Low
TP-01052,Professional,Professional Services,Gaborone,Social Media,2023-10-26,2024-09-24,Churned,334,2023,798,0.5,3,2.0,1,1,8.0,0,1,0,0.3217,Medium
TP-01053,Starter,Hospitality,Lobatse,Partnership,2023-07-15,,Active,625,2023,245,4.41,5,28.4,1,1,35.0,0,0,0,0.1172,Low
TP-01054,Professional,Construction,Gaborone,Organic Search,2023-12-11,2024-03-28,Churned,108,2023,798,4.36,7,20.2,0,4,62.0,1,1,0,0.1727,Low
TP-01055,Free,Agriculture,Francistown,Organic Search,2022-04-29,2022-06-08,Churned,40,2022,0,1.71,1,2.9,1,1,,0,0,0,0.9007,Critical
TP-01056,Starter,Logistics,Francistown,Social Media,2023-11-19,2024-08-01,Churned,256,2023,245,0.43,4,2.2,0,0,,1,0,0,0.7435,Critical
TP-01057,Professional,NGO,Gaborone,Partnership,2022-02-01,,Active,1154,2022,798,9.78,4,17.0,1,2,28.0,0,1,0,0.02,Low
TP-01058,Free,Healthcare,Gaborone,Social Media,2020-10-18,2020-12-22,Churned,65,2020,0,0.25,2,0.9,0,0,13.0,0,0,0,0.95,Critical
TP-01059,Free,Finance,Lobatse,Partnership,2022-03-02,2022-04-03,Churned,32,2022,0,1.08,2,1.5,0,1,-41.0,0,0,0,0.95,Critical
TP-01060,Free,Retail,Gaborone,Direct Sales,2021-11-17,2021-12-20,Churned,33,2021,0,2.49,2,10.7,1,2,,0,0,1,0.929,Critical
TP-01061,Professional,Education,Palapye,Event,2020-10-06,,Active,1637,2020,798,4.48,6,4.8,1,4,-17.0,0,0,0,0.1814,Low
TP-01062,Free,Professional Services,Lobatse,Partnership,2024-07-24,2024-12-06,Churned,135,2024,0,0.0,2,0.0,0,1,11.0,0,0,0,0.95,Critical
TP-01063,Free,Retail,Gaborone,Direct Sales,2023-04-06,2023-07-04,Churned,89,2023,0,0.96,3,4.1,1,0,-20.0,0,0,0,0.8961,Critical
TP-01064,Enterprise,Retail,Serowe,Referral,2023-05-31,2025-02-01,Churned,612,2023,2299,7.63,9,19.8,1,2,14.0,0,0,0,0.02,Low
TP-01065,Starter,Agriculture,Serowe,Event,2021-02-12,2021-04-24,Churned,71,2021,245,1.75,5,5.2,1,2,4.0,0,1,0,0.4309,Medium
TP-01066,Free,Agriculture,Palapye,Referral,2021-09-19,2021-10-19,Churned,30,2021,0,0.31,1,1.3,1,1,8.0,0,0,0,0.8615,Critical
TP-01067,Professional,Finance,Francistown,Organic Search,2024-06-14,,Active,290,2024,798,2.15,3,13.1,1,2,-11.0,0,1,0,0.1898,Low
TP-01068,Starter,Construction,Lobatse,Referral,2023-10-25,,Active,523,2023,245,0.58,5,2.4,1,2,,0,0,1,0.6023,High
TP-01069,Free,Education,Palapye,Referral,2022-11-26,2022-12-26,Churned,30,2022,0,1.39,1,4.2,0,1,,0,0,0,0.95,Critical
TP-01070,Free,Finance,Francistown,Organic Search,2022-05-11,2022-06-19,Churned,39,2022,0,0.89,2,2.3,0,0,,0,0,0,0.95,Critical
TP-01071,Free,Hospitality,Serowe,Partnership,2021-09-16,2021-11-03,Churned,48,2021,0,0.71,1,2.4,0,0,,0,0,0,0.95,Critical
TP-01072,Free,Logistics,Francistown,Direct Sales,2021-01-20,2021-02-19,Churned,30,2021,0,0.72,3,3.6,1,1,,0,0,0,0.7104,Critical
TP-01073,Free,Professional Services,Gaborone,Partnership,2022-07-27,2022-08-26,Churned,30,2022,0,2.29,2,8.1,0,0,,0,0,0,0.8761,Critical
TP-01074,Starter,Retail,Maun,Organic Search,2023-06-15,2023-07-26,Churned,41,2023,245,4.23,5,18.4,0,1,,1,0,0,0.3375,Medium
TP-01075,Professional,Healthcare,Serowe,Partnership,2021-08-18,,Active,1321,2021,798,3.01,8,21.7,0,3,44.0,0,0,0,0.1613,Low
TP-01076,Professional,Retail,Serowe,Partnership,2022-08-04,,Active,970,2022,798,6.28,5,20.7,0,1,,0,1,0,0.02,Low
TP-01077,Starter,Agriculture,Francistown,Partnership,2024-09-22,2024-10-22,Churned,30,2024,245,5.13,4,16.4,0,0,-26.0,1,0,0,0.5689,High
TP-01078,Professional,Healthcare,Gaborone,Referral,2024-09-27,,Active,185,2024,798,2.91,6,9.0,1,2,38.0,0,0,0,0.0903,Low
TP-01079,Free,Healthcare,Serowe,Partnership,2020-06-26,2020-07-26,Churned,30,2020,0,0.59,0,2.9,1,0,,0,0,0,0.9277,Critical
TP-01080,Starter,Logistics,Gaborone,Social Media,2023-02-09,2023-11-10,Churned,274,2023,245,1.72,2,7.3,0,0,,1,0,0,0.95,Critical
TP-01081,Professional,Finance,Gaborone,Organic Search,2022-11-20,,Active,862,2022,798,1.85,6,6.6,1,1,,0,1,0,0.1942,Low
TP-01082,Free,NGO,Maun,Referral,2021-01-21,2021-06-02,Churned,132,2021,0,0.77,1,3.7,0,0,-23.0,0,0,0,0.95,Critical
TP-01083,Free,Finance,Maun,Organic Search,2024-06-03,2024-07-21,Churned,48,2024,0,2.28,1,6.7,0,1,,0,0,1,0.95,Critical
TP-01084,Free,Construction,Gaborone,Organic Search,2023-04-05,2023-05-24,Churned,49,2023,0,0.91,1,7.4,0,0,7.0,0,0,0,0.95,Critical
TP-01085,Free,Agriculture,Gaborone,Direct Sales,2022-01-01,2022-02-01,Churned,31,2022,0,1.68,2,5.4,1,0,-7.0,0,0,0,0.95,Critical
TP-01086,Starter,Healthcare,Francistown,Referral,2022-06-25,,Active,1010,2022,245,2.39,3,6.4,1,1,,0,0,1,0.5653,High
TP-01087,Professional,Finance,Maun,Event,2023-04-07,,Active,724,2023,798,3.98,7,15.6,0,2,,0,0,0,0.1617,Low
TP-01088,Free,Professional Services,Lobatse,Referral,2023-08-02,2023-09-09,Churned,38,2023,0,1.02,2,6.9,0,0,,0,0,0,0.95,Critical
TP-01089,Professional,Finance,Serowe,Partnership,2023-01-24,,Active,797,2023,798,3.35,5,19.5,1,2,4.0,0,1,0,0.02,Low
TP-01090,Free,Education,Gaborone,Social Media,2024-08-11,,Active,232,2024,0,3.32,1,17.7,0,0,,0,0,0,0.8993,Critical
TP-01091,Starter,Professional Services,Gaborone,Partnership,2020-11-04,,Active,1608,2020,245,2.83,5,12.6,0,1,,0,0,0,0.3147,Medium
TP-01092,Free,Finance,Gaborone,Direct Sales,2024-03-12,2024-04-11,Churned,30,2024,0,0.88,2,4.1,0,0,21.0,0,0,0,0.95,Critical
TP-01093,Free,Professional Services,Gaborone,Partnership,2021-03-31,2021-04-30,Churned,30,2021,0,0.82,2,3.3,0,0,,0,0,0,0.95,Critical
TP-01094,Free,Healthcare,Serowe,Event,2023-01-19,2023-04-17,Churned,88,2023,0,3.75,2,12.2,0,0,51.0,0,0,1,0.95,Critical
TP-01095,Starter,Professional Services,Gaborone,Partnership,2022-08-04,,Active,970,2022,245,2.84,2,19.5,0,2,21.0,0,0,0,0.6252,High
TP-01096,Professional,NGO,Francistown,Organic Search,2024-06-19,,Active,285,2024,798,3.29,6,7.3,1,1,,0,0,0,0.0804,Low
TP-01097,Starter,Logistics,Maun,Direct Sales,2022-01-14,,Active,1172,2022,245,3.68,4,21.1,0,1,,0,0,0,0.4173,Medium
TP-01098,Free,Retail,Francistown,Social Media,2024-03-12,2024-04-11,Churned,30,2024,0,2.69,1,11.5,0,0,37.0,0,0,0,0.8105,Critical
TP-01099,Starter,Professional Services,Gaborone,Direct Sales,2022-04-30,2023-09-27,Churned,515,2022,245,0.13,3,0.7,1,4,61.0,0,0,0,0.6695,Critical
TP-01100,Professional,Hospitality,Gaborone,Event,2024-07-07,,Active,267,2024,798,7.1,7,38.3,1,2,94.0,1,0,0,0.0557,Low
TP-01101,Free,Healthcare,Gaborone,Social Media,2021-12-13,2022-01-12,Churned,30,2021,0,0.0,2,0.0,0,0,46.0,0,0,0,0.95,Critical
TP-01102,Free,Construction,Maun,Referral,2020-12-14,2021-01-13,Churned,30,2020,0,1.88,3,12.7,1,0,,0,0,0,0.7684,Critical
TP-01103,Professional,Finance,Francistown,Referral,2020-06-14,,Active,1751,2020,798,4.4,6,14.9,1,3,,1,0,0,0.0507,Low
TP-01104,Starter,Hospitality,Serowe,Social Media,2021-01-11,2021-04-24,Churned,103,2021,245,2.04,2,2.9,0,3,,3,1,0,0.7453,Critical
TP-01105,Free,Hospitality,Lobatse,Event,2024-03-01,2024-03-31,Churned,30,2024,0,2.36,1,10.2,1,0,15.0,0,0,1,0.9173,Critical
TP-01106,Starter,Healthcare,Francistown,Event,2023-04-17,2023-06-27,Churned,71,2023,245,4.25,3,25.0,0,0,36.0,0,0,0,0.2679,Medium
TP-01107,Free,Finance,Gaborone,Partnership,2024-02-14,2024-03-15,Churned,30,2024,0,1.44,1,8.3,0,1,,0,0,0,0.95,Critical
TP-01108,Professional,Construction,Maun,Social Media,2023-01-19,,Active,802,2023,798,7.61,6,22.0,1,1,,0,0,0,0.02,Low
TP-01109,Free,Professional Services,Lobatse,Event,2024-08-13,2024-10-15,Churned,63,2024,0,0.0,2,0.0,1,0,51.0,0,0,0,0.8818,Critical
TP-01110,Starter,NGO,Gaborone,Partnership,2021-09-24,,Active,1284,2021,245,4.74,5,18.5,0,1,28.0,2,0,0,0.2895,Medium
TP-01111,Free,Healthcare,Maun,Direct Sales,2024-11-18,,Active,133,2024,0,0.46,1,1.8,0,0,,0,0,0,0.95,Critical
TP-01112,Professional,Healthcare,Gaborone,Direct Sales,2022-03-29,,Active,1098,2022,798,0.71,4,3.1,1,1,82.0,0,1,0,0.327,Medium
TP-01113,Starter,Education,Maun,Event,2021-02-18,2021-03-30,Churned,40,2021,245,3.1,1,18.9,0,0,26.0,0,0,0,0.6051,High
TP-01114,Starter,Agriculture,Gaborone,Social Media,2021-11-18,2022-06-07,Churned,201,2021,245,6.88,2,27.3,0,0,22.0,0,0,0,0.4954,High
TP-01115,Free,Logistics,Maun,Social Media,2023-12-26,2024-01-25,Churned,30,2023,0,1.25,2,4.8,0,0,16.0,0,0,0,0.95,Critical
TP-01116,Starter,NGO,Francistown,Referral,2023-10-22,,Active,526,2023,245,4.43,0,21.4,0,1,,1,1,0,0.4894,High
TP-01117,Free,Education,Serowe,Partnership,2020-10-08,2020-12-04,Churned,57,2020,0,2.98,1,17.5,0,0,7.0,0,0,0,0.8574,Critical
TP-01118,Professional,Construction,Gaborone,Referral,2022-07-06,,Active,999,2022,798,2.99,6,10.9,1,2,16.0,0,0,0,0.1222,Low
TP-01119,Free,Retail,Serowe,Partnership,2020-12-27,2021-01-26,Churned,30,2020,0,3.01,0,13.0,0,1,,0,0,1,0.95,Critical
TP-01120,Starter,Retail,Gaborone,Organic Search,2024-12-22,2025-01-21,Churned,30,2024,245,3.74,4,6.1,0,2,,0,1,0,0.3887,Medium
TP-01121,Free,Professional Services,Francistown,Event,2024-09-09,2024-10-10,Churned,31,2024,0,0.77,3,0.0,0,0,27.0,0,0,0,0.7934,Critical
TP-01122,Starter,Agriculture,Gaborone,Partnership,2022-03-02,2022-08-02,Churned,153,2022,245,3.26,3,16.9,0,1,-38.0,1,0,0,0.6768,Critical
TP-01123,Free,NGO,Francistown,Social Media,2022-10-28,2022-11-27,Churned,30,2022,0,0.68,1,0.8,1,1,,0,0,0,0.8432,Critical
TP-01124,Free,Retail,Lobatse,Event,2022-08-16,2022-09-27,Churned,42,2022,0,0.96,2,4.1,0,0,,0,0,0,0.95,Critical
TP-01125,Starter,Retail,Gaborone,Referral,2022-12-03,2023-10-29,Churned,330,2022,245,1.69,3,12.1,1,2,,0,0,0,0.6,High
TP-01126,Free,Logistics,Francistown,Organic Search,2021-03-17,,Active,1475,2021,0,1.26,3,1.8,0,1,,0,0,0,0.7784,Critical
TP-01127,Professional,Retail,Serowe,Social Media,2022-09-22,,Active,921,2022,798,3.24,6,10.2,1,3,26.0,0,1,0,0.02,Low
TP-01128,Free,Construction,Serowe,Direct Sales,2023-06-23,2024-01-01,Churned,192,2023,0,0.0,3,0.0,0,0,,0,0,0,0.9265,Critical
TP-01129,Starter,Finance,Palapye,Event,2020-11-14,2021-04-11,Churned,148,2020,245,0.0,3,0.0,0,2,25.0,0,1,0,0.6083,High
TP-01130,Free,Professional Services,Gaborone,Direct Sales,2023-03-12,2023-05-18,Churned,67,2023,0,1.99,2,13.6,1,0,,0,0,0,0.9341,Critical
TP-01131,Starter,Agriculture,Gaborone,Organic Search,2022-11-09,,Active,873,2022,245,5.77,4,23.0,0,1,,0,0,0,0.2931,Medium
TP-01132,Free,Healthcare,Francistown,Referral,2024-12-01,2024-12-31,Churned,30,2024,0,0.0,2,0.0,0,1,,0,0,0,0.95,Critical
TP-01133,Starter,Education,Palapye,Event,2021-03-05,,Active,1487,2021,245,0.36,1,2.7,1,1,,0,0,0,0.7294,Critical
TP-01134,Free,Construction,Gaborone,Organic Search,2023-06-07,2023-09-22,Churned,107,2023,0,3.87,2,16.4,0,1,-7.0,0,0,0,0.95,Critical
TP-01135,Free,Finance,Palapye,Social Media,2023-12-10,,Active,477,2023,0,3.43,3,18.1,1,0,11.0,0,0,0,0.6358,High
TP-01136,Free,Agriculture,Lobatse,Partnership,2023-06-14,2023-07-14,Churned,30,2023,0,1.73,1,4.9,0,0,13.0,0,0,0,0.95,Critical
TP-01137,Free,Hospitality,Gaborone,Organic Search,2021-02-15,2021-03-17,Churned,30,2021,0,0.98,2,3.3,0,0,,0,0,0,0.95,Critical
TP-01138,Free,NGO,Maun,Direct Sales,2021-08-03,2021-09-30,Churned,58,2021,0,0.0,0,0.0,1,1,,0,0,0,0.95,Critical
TP-01139,Professional,Hospitality,Gaborone,Direct Sales,2020-06-01,,Active,1764,2020,798,3.17,6,15.6,1,0,,0,1,0,0.02,Low
TP-01140,Free,Finance,Serowe,Referral,2023-07-23,2023-09-02,Churned,41,2023,0,1.5,2,7.9,0,0,,0,0,0,0.95,Critical
TP-01141,Professional,Education,Francistown,Partnership,2021-08-13,,Active,1326,2021,798,4.68,6,19.8,0,0,,0,0,0,0.0316,Low
TP-01142,Starter,Healthcare,Maun,Partnership,2022-11-09,,Active,873,2022,245,4.33,4,24.0,0,1,32.0,0,0,0,0.2557,Medium
TP-01143,Free,Agriculture,Gaborone,Partnership,2021-06-27,2021-07-27,Churned,30,2021,0,2.45,2,11.2,0,0,-2.0,0,0,0,0.95,Critical
TP-01144,Free,Healthcare,Gaborone,Social Media,2021-11-02,2021-12-02,Churned,30,2021,0,2.49,1,16.0,0,0,0.0,0,0,0,0.8529,Critical
TP-01145,Starter,Agriculture,Gaborone,Event,2024-05-13,,Active,322,2024,245,2.68,4,8.4,1,0,,0,0,0,0.4398,Medium
TP-01146,Starter,Logistics,Gaborone,Event,2024-01-18,,Active,438,2024,245,4.85,5,20.6,0,1,,1,1,1,0.3106,Medium
TP-01147,Free,Hospitality,Palapye,Referral,2020-11-17,2020-12-17,Churned,30,2020,0,2.44,2,0.0,0,0,,0,0,1,0.95,Critical
TP-01148,Starter,Construction,Maun,Event,2020-07-05,2020-12-28,Churned,176,2020,245,1.84,3,6.7,1,0,,0,0,0,0.5491,High
TP-01149,Enterprise,Education,Francistown,Event,2022-09-04,,Active,939,2022,2299,3.91,7,19.7,1,2,,0,1,0,0.02,Low
TP-01150,Free,Hospitality,Gaborone,Social Media,2023-10-30,2023-11-29,Churned,30,2023,0,0.68,3,3.4,1,0,-8.0,0,0,0,0.9434,Critical
TP-01151,Professional,Retail,Gaborone,Partnership,2022-05-20,2022-06-19,Churned,30,2022,798,2.75,4,7.2,1,3,6.0,0,0,0,0.2991,Medium
TP-01152,Professional,Hospitality,Maun,Referral,2022-03-13,,Active,1114,2022,798,2.74,5,8.6,1,2,,1,0,0,0.2675,Medium
TP-01153,Free,Education,Francistown,Event,2021-10-19,2021-11-23,Churned,35,2021,0,2.81,2,6.3,0,0,,0,0,0,0.8938,Critical
TP-01154,Free,Agriculture,Maun,Referral,2021-12-24,2022-03-18,Churned,84,2021,0,0.83,3,5.3,1,3,17.0,0,0,0,0.7301,Critical
TP-01155,Professional,Hospitality,Lobatse,Social Media,2024-04-29,,Active,336,2024,798,1.37,8,6.0,1,1,19.0,0,0,0,0.2349,Low
TP-01156,Professional,Hospitality,Gaborone,Partnership,2022-07-30,,Active,975,2022,798,5.43,4,12.9,1,3,,1,0,0,0.242,Low
TP-01157,Starter,Healthcare,Gaborone,Event,2023-03-29,,Active,733,2023,245,4.77,4,22.7,0,1,,0,1,0,0.2369,Low
TP-01158,Enterprise,Finance,Maun,Referral,2023-01-30,,Active,791,2023,2299,5.74,7,15.1,1,6,,0,0,0,0.02,Low
TP-01159,Starter,Retail,Gaborone,Organic Search,2023-12-12,2024-07-31,Churned,232,2023,245,5.77,2,35.3,1,1,,3,1,0,0.3552,Medium
TP-01160,Free,Hospitality,Francistown,Referral,2024-08-19,2024-09-18,Churned,30,2024,0,1.57,1,4.9,1,1,,0,0,0,0.95,Critical
TP-01161,Starter,Agriculture,Francistown,Referral,2021-10-31,2021-11-30,Churned,30,2021,245,3.6,3,16.6,0,2,,0,0,0,0.5691,High
TP-01162,Enterprise,Finance,Gaborone,Direct Sales,2024-10-03,,Active,179,2024,2299,5.79,8,9.0,1,5,,0,0,0,0.02,Low
TP-01163,Free,Healthcare,Palapye,Event,2023-05-10,,Active,691,2023,0,2.38,1,13.7,1,0,,0,0,0,0.7747,Critical
TP-01164,Enterprise,Healthcare,Serowe,Referral,2024-11-28,,Active,123,2024,2299,5.73,6,34.8,1,5,74.0,0,0,0,0.02,Low
TP-01165,Free,Hospitality,Gaborone,Organic Search,2021-06-14,2021-07-20,Churned,36,2021,0,0.31,1,0.0,1,0,-10.0,0,0,1,0.95,Critical
TP-01166,Free,Logistics,Gaborone,Organic Search,2023-01-21,2023-02-20,Churned,30,2023,0,2.64,1,9.3,0,0,23.0,0,0,0,0.9107,Critical
TP-01167,Free,Logistics,Maun,Organic Search,2022-08-03,2022-09-02,Churned,30,2022,0,0.0,0,0.0,1,1,,0,0,0,0.9424,Critical
TP-01168,Professional,Agriculture,Francistown,Partnership,2020-10-25,2022-08-11,Churned,655,2020,798,3.11,5,6.3,1,4,,0,0,0,0.0954,Low
TP-01169,Professional,Hospitality,Serowe,Social Media,2022-06-12,,Active,1023,2022,798,5.64,4,32.2,1,4,,0,0,0,0.1509,Low
TP-01170,Free,Construction,Gaborone,Social Media,2022-11-09,2022-12-09,Churned,30,2022,0,0.17,1,1.0,1,0,-5.0,0,0,0,0.9413,Critical
TP-01171,Free,Logistics,Gaborone,Direct Sales,2021-06-03,2021-07-03,Churned,30,2021,0,0.41,2,1.6,1,0,,0,0,0,0.9138,Critical
TP-01172,Free,Agriculture,Serowe,Organic Search,2021-04-26,2021-05-26,Churned,30,2021,0,0.94,1,5.7,0,0,,0,0,0,0.95,Critical
TP-01173,Starter,Agriculture,Gaborone,Organic Search,2022-02-11,,Active,1144,2022,245,1.29,3,6.2,1,0,,0,1,0,0.4996,High
TP-01174,Starter,Finance,Lobatse,Organic Search,2024-10-26,2024-12-18,Churned,53,2024,245,2.36,3,13.1,1,1,62.0,3,0,0,0.4742,High
TP-01175,Free,NGO,Gaborone,Partnership,2024-12-21,2025-03-30,Churned,99,2024,0,1.33,3,5.0,0,1,,0,0,0,0.8689,Critical
TP-01176,Starter,Retail,Palapye,Event,2022-06-27,,Active,1008,2022,245,2.26,4,12.5,1,3,-9.0,0,1,0,0.3825,Medium
TP-01177,Free,Education,Gaborone,Direct Sales,2022-03-27,2022-04-26,Churned,30,2022,0,1.08,1,3.7,0,0,18.0,0,0,1,0.95,Critical
TP-01178,Free,Finance,Gaborone,Event,2021-03-24,,Active,1468,2021,0,0.78,3,0.1,0,1,13.0,0,0,0,0.8311,Critical
TP-01179,Starter,Construction,Palapye,Event,2023-05-09,,Active,692,2023,245,5.39,3,29.3,0,1,30.0,0,1,1,0.3304,Medium
TP-01180,Free,Finance,Lobatse,Organic Search,2022-04-23,2022-05-23,Churned,30,2022,0,0.0,2,0.0,0,0,,0,0,0,0.95,Critical
TP-01181,Enterprise,Healthcare,Maun,Event,2020-11-10,,Active,1602,2020,2299,3.76,9,24.5,1,4,79.0,1,1,0,0.0712,Low
TP-01182,Starter,Construction,Maun,Organic Search,2022-07-07,2022-09-14,Churned,69,2022,245,0.42,3,1.3,0,1,53.0,0,0,0,0.689,Critical
TP-01183,Free,Finance,Maun,Partnership,2022-08-26,2022-10-05,Churned,40,2022,0,0.92,3,4.8,0,0,,0,0,0,0.8735,Critical
TP-01184,Free,Healthcare,Francistown,Event,2022-03-14,2022-04-13,Churned,30,2022,0,0.77,1,2.8,1,0,-35.0,0,0,0,0.95,Critical
TP-01185,Starter,NGO,Serowe,Partnership,2022-10-10,2023-03-02,Churned,143,2022,245,3.71,3,20.4,0,2,61.0,0,0,0,0.5164,High
TP-01186,Starter,Logistics,Palapye,Direct Sales,2021-08-06,,Active,1333,2021,245,4.58,3,21.1,0,1,16.0,0,0,0,0.3329,Medium
TP-01187,Starter,Professional Services,Francistown,Partnership,2022-05-09,,Active,1057,2022,245,4.08,3,25.6,1,1,,0,0,0,0.2302,Low
TP-01188,Free,NGO,Gaborone,Social Media,2023-08-01,,Active,608,2023,0,1.38,1,4.9,0,0,,0,0,1,0.95,Critical
TP-01189,Starter,Logistics,Lobatse,Direct Sales,2023-06-06,,Active,664,2023,245,4.26,4,20.6,1,0,,0,0,1,0.4046,Medium
TP-01190,Free,Hospitality,Serowe,Event,2022-08-31,2022-09-30,Churned,30,2022,0,0.0,1,0.0,0,0,19.0,0,0,0,0.95,Critical
TP-01191,Free,Education,Francistown,Event,2024-04-07,,Active,358,2024,0,3.16,1,20.6,0,0,,0,0,0,0.8111,Critical
TP-01192,Starter,Logistics,Gaborone,Direct Sales,2021-04-18,2021-05-18,Churned,30,2021,245,2.74,0,6.8,0,1,9.0,1,1,0,0.6411,High
TP-01193,Starter,Hospitality,Maun,Organic Search,2022-07-26,,Active,979,2022,245,4.58,4,19.5,0,0,62.0,1,0,0,0.478,High
TP-01194,Starter,Professional Services,Francistown,Event,2022-09-16,,Active,927,2022,245,3.36,3,16.6,0,2,48.0,0,1,0,0.3852,Medium
TP-01195,Free,Education,Gaborone,Partnership,2024-11-04,2024-12-14,Churned,40,2024,0,1.19,1,3.9,0,0,,0,0,0,0.95,Critical
TP-01196,Professional,Hospitality,Francistown,Event,2021-07-15,,Active,1355,2021,798,7.08,4,26.6,1,1,6.0,0,0,0,0.0508,Low
TP-01197,Starter,Construction,Maun,Direct Sales,2021-10-09,,Active,1269,2021,245,4.24,2,17.9,0,1,,0,0,1,0.6015,High
TP-01198,Free,Logistics,Maun,Organic Search,2020-06-15,2020-07-25,Churned,40,2020,0,1.02,1,6.0,0,0,,0,0,0,0.95,Critical
TP-01199,Starter,Agriculture,Gaborone,Direct Sales,2021-11-15,2022-02-22,Churned,99,2021,245,3.8,2,11.2,0,0,7.0,0,0,0,0.6932,Critical
TP-01200,Professional,Retail,Gaborone,Direct Sales,2024-06-25,,Active,279,2024,798,3.18,7,16.0,0,2,55.0,1,0,0,0.3157,Medium
TP-01201,Starter,Agriculture,Serowe,Organic Search,2021-03-26,2021-07-08,Churned,104,2021,245,1.35,2,8.9,0,0,,0,0,0,0.8033,Critical
TP-01202,Free,Construction,Serowe,Referral,2021-11-24,2022-02-09,Churned,77,2021,0,0.0,2,0.0,1,0,,0,0,1,0.95,Critical
TP-01203,Starter,Construction,Serowe,Social Media,2022-01-26,2022-03-26,Churned,59,2022,245,2.81,1,20.7,0,0,6.0,2,0,0,0.7483,Critical
TP-01204,Starter,Retail,Gaborone,Social Media,2023-07-30,2023-12-27,Churned,150,2023,245,0.53,3,3.2,1,1,33.0,2,0,0,0.6907,Critical
TP-01205,Starter,Logistics,Maun,Referral,2024-08-02,,Active,241,2024,245,5.31,2,31.7,0,0,27.0,0,0,0,0.4787,High
TP-01206,Starter,Hospitality,Francistown,Social Media,2022-06-16,2022-09-02,Churned,78,2022,245,2.74,1,12.7,0,1,,0,0,0,0.6587,Critical
TP-01207,Free,Education,Francistown,Partnership,2023-03-24,2023-04-23,Churned,30,2023,0,0.0,2,0.0,0,1,4.0,0,0,0,0.95,Critical
TP-01208,Free,Agriculture,Gaborone,Organic Search,2022-05-03,2022-06-02,Churned,30,2022,0,2.59,2,9.2,1,0,31.0,0,0,0,0.7523,Critical
TP-01209,Professional,Professional Services,Francistown,Social Media,2023-03-19,,Active,743,2023,798,5.24,4,34.3,1,3,,0,0,0,0.1114,Low
TP-01210,Starter,Construction,Maun,Social Media,2024-02-21,2025-01-09,Churned,323,2024,245,2.56,2,14.4,1,2,,0,0,0,0.4647,High
TP-01211,Enterprise,Finance,Palapye,Organic Search,2022-12-02,,Active,850,2022,2299,4.68,8,31.2,1,2,53.0,1,1,0,0.02,Low
TP-01212,Free,Logistics,Gaborone,Partnership,2021-11-27,2022-01-31,Churned,65,2021,0,2.3,2,11.9,0,2,-12.0,0,0,0,0.8889,Critical
TP-01213,Free,Hospitality,Francistown,Organic Search,2021-07-31,2021-09-03,Churned,34,2021,0,0.18,1,1.1,1,0,,0,0,0,0.8816,Critical
TP-01214,Free,Professional Services,Gaborone,Organic Search,2022-11-23,2022-12-28,Churned,35,2022,0,0.96,0,6.1,1,0,27.0,0,0,0,0.941,Critical
TP-01215,Starter,NGO,Gaborone,Direct Sales,2021-01-15,,Active,1536,2021,245,3.05,3,13.8,0,0,17.0,0,0,0,0.4356,Medium
TP-01216,Free,Agriculture,Francistown,Direct Sales,2023-12-15,,Active,472,2023,0,1.4,1,6.1,1,0,85.0,0,0,0,0.8797,Critical
TP-01217,Free,Finance,Gaborone,Social Media,2024-03-20,2024-05-09,Churned,50,2024,0,2.02,2,10.6,0,0,9.0,0,0,0,0.9456,Critical
TP-01218,Free,Finance,Francistown,Referral,2021-06-02,,Active,1398,2021,0,1.06,3,5.0,1,1,18.0,0,0,0,0.7662,Critical
TP-01219,Starter,Finance,Serowe,Referral,2024-10-12,,Active,170,2024,245,3.28,4,10.5,1,3,-7.0,1,1,0,0.5047,High
TP-01220,Enterprise,Construction,Francistown,Referral,2022-03-26,,Active,1101,2022,2299,3.6,7,18.8,1,6,,0,0,0,0.02,Low
TP-01221,Starter,Hospitality,Gaborone,Partnership,2023-01-27,,Active,794,2023,245,2.36,3,13.1,0,2,,1,0,0,0.6412,High
TP-01222,Free,Hospitality,Gaborone,Event,2022-05-26,2022-07-11,Churned,46,2022,0,2.12,3,8.2,0,0,20.0,0,0,0,0.6815,Critical
TP-01223,Professional,Retail,Serowe,Direct Sales,2020-09-22,2021-11-11,Churned,415,2020,798,9.19,7,42.5,0,1,-9.0,0,0,0,0.2174,Low
TP-01224,Starter,Construction,Maun,Social Media,2022-01-25,2022-03-06,Churned,40,2022,245,3.83,4,16.7,0,2,-5.0,1,0,0,0.6893,Critical
TP-01225,Professional,Construction,Francistown,Direct Sales,2021-12-14,,Active,1203,2021,798,3.92,3,17.6,1,2,33.0,0,1,0,0.0566,Low
TP-01226,Enterprise,Retail,Serowe,Direct Sales,2024-04-09,,Active,356,2024,2299,5.09,6,33.3,0,3,,0,1,0,0.02,Low
TP-01227,Starter,Retail,Gaborone,Event,2022-05-03,2022-10-06,Churned,156,2022,245,2.98,3,10.2,1,1,5.0,1,0,1,0.6943,Critical
TP-01228,Professional,Agriculture,Serowe,Referral,2023-09-21,,Active,557,2023,798,5.03,5,28.7,1,0,50.0,0,1,0,0.02,Low
TP-01229,Starter,Healthcare,Francistown,Social Media,2024-04-13,,Active,352,2024,245,1.28,2,7.1,1,2,,0,1,0,0.6017,High
TP-01230,Professional,Logistics,Maun,Referral,2021-06-13,2022-01-08,Churned,209,2021,798,4.71,4,35.7,1,1,-4.0,1,0,0,0.2563,Medium
TP-01231,Enterprise,Healthcare,Gaborone,Event,2020-07-18,,Active,1717,2020,2299,5.2,7,22.9,1,5,,0,0,0,0.02,Low
TP-01232,Free,Finance,Gaborone,Partnership,2022-11-13,2022-12-13,Churned,30,2022,0,1.32,1,7.2,0,2,,0,0,0,0.95,Critical
TP-01233,Starter,Healthcare,Francistown,Event,2020-10-16,,Active,1627,2020,245,3.36,1,19.3,0,0,,0,0,0,0.5598,High
TP-01234,Free,Logistics,Francistown,Referral,2024-08-18,2024-09-17,Churned,30,2024,0,1.5,0,7.8,1,1,,0,0,0,0.9158,Critical
TP-01235,Professional,Hospitality,Maun,Organic Search,2021-06-08,,Active,1392,2021,798,0.0,5,0.0,1,3,76.0,0,0,0,0.2538,Medium
TP-01236,Free,NGO,Gaborone,Partnership,2022-08-08,2022-10-09,Churned,62,2022,0,3.68,1,32.3,1,0,3.0,0,0,0,0.6807,Critical
TP-01237,Free,Education,Francistown,Event,2024-02-23,2024-03-24,Churned,30,2024,0,1.79,2,5.9,1,0,,0,0,0,0.95,Critical
TP-01238,Free,Hospitality,Gaborone,Referral,2020-12-24,,Active,1558,2020,0,0.0,3,0.0,1,2,,0,0,0,0.7406,Critical
TP-01239,Starter,Professional Services,Gaborone,Social Media,2021-09-15,,Active,1293,2021,245,4.13,1,11.5,0,0,22.0,0,1,0,0.3896,Medium
TP-01240,Free,Logistics,Gaborone,Direct Sales,2020-07-23,2020-10-18,Churned,87,2020,0,2.99,3,12.3,0,0,,0,0,0,0.7894,Critical
TP-01241,Starter,Agriculture,Gaborone,Direct Sales,2023-09-22,2024-05-19,Churned,240,2023,245,0.79,2,1.6,0,0,0.0,1,1,0,0.8268,Critical
TP-01242,Free,Logistics,Maun,Social Media,2024-08-14,2024-12-10,Churned,118,2024,0,1.5,1,8.2,0,1,37.0,0,0,0,0.95,Critical
TP-01243,Starter,Logistics,Gaborone,Organic Search,2022-12-23,2023-01-22,Churned,30,2022,245,2.86,0,10.7,1,0,21.0,0,0,0,0.5606,High
TP-01244,Free,Healthcare,Gaborone,Event,2020-11-20,2021-05-27,Churned,188,2020,0,0.57,2,3.6,0,0,,0,0,0,0.95,Critical
TP-01245,Enterprise,Education,Gaborone,Referral,2021-05-30,,Active,1401,2021,2299,8.54,7,53.3,1,3,62.0,0,1,0,0.02,Low
TP-01246,Professional,Healthcare,Gaborone,Direct Sales,2021-04-19,2021-09-29,Churned,163,2021,798,1.83,3,9.5,1,0,33.0,1,0,0,0.4562,High
TP-01247,Professional,Hospitality,Gaborone,Organic Search,2024-10-28,,Active,154,2024,798,6.95,2,17.6,1,3,40.0,0,1,0,0.0582,Low
TP-01248,Free,Retail,Gaborone,Direct Sales,2020-08-10,2020-12-11,Churned,123,2020,0,0.81,2,2.3,0,1,42.0,0,0,0,0.95,Critical
TP-01249,Professional,Finance,Gaborone,Organic Search,2020-07-01,,Active,1734,2020,798,4.52,6,27.2,1,2,31.0,0,0,0,0.0463,Low
TP-01250,Starter,Finance,Gaborone,Partnership,2024-12-14,2025-03-30,Churned,106,2024,245,0.72,3,3.4,0,2,30.0,1,0,0,0.8226,Critical
TP-01251,Starter,Education,Lobatse,Event,2024-06-07,,Active,297,2024,245,2.23,2,7.3,1,0,53.0,1,0,0,0.6838,Critical
TP-01252,Free,Professional Services,Maun,Event,2022-09-06,2022-10-06,Churned,30,2022,0,0.94,3,5.0,0,0,,0,0,0,0.9142,Critical
TP-01253,Professional,Healthcare,Gaborone,Direct Sales,2024-02-29,,Active,396,2024,798,4.64,6,13.1,1,2,56.0,0,0,0,0.02,Low
TP-01254,Free,Hospitality,Francistown,Organic Search,2024-08-10,2024-10-12,Churned,63,2024,0,1.31,3,6.1,0,0,-3.0,0,0,1,0.95,Critical
TP-01255,Free,Hospitality,Francistown,Referral,2021-04-28,2021-06-18,Churned,51,2021,0,1.79,2,10.9,0,0,17.0,0,0,0,0.95,Critical
TP-01256,Enterprise,Agriculture,Francistown,Referral,2022-12-16,,Active,836,2022,2299,4.79,10,22.9,1,2,34.0,0,1,0,0.02,Low
TP-01257,Professional,Education,Gaborone,Referral,2021-11-05,,Active,1242,2021,798,4.19,6,26.0,1,4,,0,0,0,0.02,Low
TP-01258,Professional,Healthcare,Gaborone,Social Media,2022-10-22,,Active,891,2022,798,5.53,5,23.3,1,2,,0,1,0,0.02,Low
TP-01259,Starter,Professional Services,Gaborone,Event,2022-01-27,,Active,1159,2022,245,5.98,4,4.3,1,1,13.0,0,0,0,0.3267,Medium
TP-01260,Free,Finance,Gaborone,Event,2021-08-29,2021-09-30,Churned,32,2021,0,1.37,0,8.5,0,0,-52.0,0,0,0,0.95,Critical
TP-01261,Professional,NGO,Palapye,Partnership,2020-09-05,,Active,1668,2020,798,3.24,4,23.3,0,3,10.0,0,1,0,0.2665,Medium
TP-01262,Free,Hospitality,Francistown,Partnership,2021-09-07,,Active,1301,2021,0,1.3,3,5.2,0,0,,0,0,0,0.864,Critical
TP-01263,Starter,Construction,Gaborone,Direct Sales,2022-01-29,2022-03-13,Churned,43,2022,245,2.53,3,12.3,1,3,31.0,0,0,0,0.3521,Medium
TP-01264,Free,Finance,Maun,Referral,2024-07-12,2024-09-19,Churned,69,2024,0,0.0,1,0.0,0,0,,0,0,1,0.95,Critical
TP-01265,Free,Hospitality,Serowe,Referral,2022-08-11,2022-11-25,Churned,106,2022,0,1.67,2,5.2,0,0,,0,0,0,0.95,Critical
TP-01266,Enterprise,Healthcare,Gaborone,Direct Sales,2021-02-08,,Active,1512,2021,2299,5.51,9,34.2,1,2,,0,0,0,0.02,Low
TP-01267,Free,Healthcare,Serowe,Organic Search,2023-12-27,2024-01-28,Churned,32,2023,0,3.57,2,12.2,1,0,32.0,0,0,1,0.8688,Critical
TP-01268,Free,Professional Services,Francistown,Partnership,2022-12-18,,Active,834,2022,0,2.44,1,15.7,1,0,,0,0,0,0.7174,Critical
TP-01269,Professional,Retail,Gaborone,Social Media,2021-01-18,,Active,1533,2021,798,4.28,4,25.7,1,3,-11.0,0,1,0,0.05,Low
TP-01270,Free,Finance,Gaborone,Event,2023-10-19,2023-11-27,Churned,39,2023,0,1.08,2,4.4,0,0,,0,0,0,0.95,Critical
TP-01271,Starter,Agriculture,Gaborone,Event,2021-01-02,,Active,1549,2021,245,4.42,3,20.7,0,4,13.0,0,0,0,0.4095,Medium
TP-01272,Professional,Education,Gaborone,Organic Search,2024-05-31,2025-01-01,Churned,215,2024,798,1.59,4,1.7,0,2,15.0,1,0,0,0.6676,Critical
TP-01273,Starter,Professional Services,Lobatse,Event,2023-02-25,,Active,765,2023,245,2.13,4,3.0,0,2,,0,0,0,0.515,High
TP-01274,Starter,Professional Services,Francistown,Organic Search,2024-09-12,,Active,200,2024,245,0.58,3,1.7,1,0,,1,0,0,0.6622,Critical
TP-01275,Starter,Retail,Gaborone,Direct Sales,2022-12-31,,Active,821,2022,245,2.45,3,14.7,0,3,-1.0,0,0,0,0.5319,High
TP-01276,Free,NGO,Gaborone,Event,2022-04-05,2022-07-21,Churned,107,2022,0,1.16,2,5.8,1,0,,0,0,0,0.88,Critical
TP-01277,Professional,Healthcare,Gaborone,Event,2022-05-06,,Active,1060,2022,798,4.96,5,19.7,1,2,,0,1,0,0.02,Low
TP-01278,Starter,Hospitality,Gaborone,Partnership,2024-01-19,,Active,437,2024,245,3.15,1,11.2,1,0,-9.0,0,1,0,0.4954,High
TP-01279,Professional,Education,Gaborone,Partnership,2024-07-25,,Active,249,2024,798,5.2,6,15.9,0,1,,1,1,0,0.0395,Low
TP-01280,Starter,NGO,Francistown,Referral,2024-08-28,,Active,215,2024,245,3.04,1,8.5,1,1,0.0,2,0,0,0.7332,Critical
TP-01281,Professional,Hospitality,Lobatse,Social Media,2020-07-03,,Active,1732,2020,798,4.87,6,20.8,1,3,,0,0,0,0.02,Low
TP-01282,Starter,Agriculture,Francistown,Organic Search,2021-07-12,,Active,1358,2021,245,2.42,4,7.5,1,5,,0,0,0,0.4112,Medium
TP-01283,Free,Education,Francistown,Direct Sales,2021-02-28,2021-06-13,Churned,105,2021,0,1.1,1,6.6,0,0,-22.0,0,0,0,0.95,Critical
TP-01284,Starter,Professional Services,Gaborone,Referral,2022-11-24,2022-12-29,Churned,35,2022,245,4.72,0,22.4,0,2,62.0,2,1,0,0.4232,Medium
TP-01285,Free,Construction,Gaborone,Referral,2022-11-19,2022-12-19,Churned,30,2022,0,1.47,1,5.7,0,4,34.0,0,0,1,0.95,Critical
TP-01286,Professional,Agriculture,Francistown,Partnership,2021-06-29,,Active,1371,2021,798,8.24,5,56.3,1,3,,0,0,0,0.02,Low
TP-01287,Professional,Agriculture,Maun,Event,2024-11-18,,Active,133,2024,798,3.78,5,19.7,0,1,,1,1,0,0.1611,Low
TP-01288,Free,Education,Gaborone,Event,2021-03-03,2021-04-02,Churned,30,2021,0,0.0,1,0.0,0,2,,0,0,0,0.95,Critical
TP-01289,Starter,Professional Services,Lobatse,Partnership,2024-05-21,,Active,314,2024,245,5.03,0,20.0,1,1,-5.0,2,0,0,0.5881,High
TP-01290,Starter,Construction,Francistown,Partnership,2020-09-17,,Active,1656,2020,245,2.42,3,11.2,1,2,11.0,0,0,1,0.4675,High
TP-01291,Free,Logistics,Francistown,Organic Search,2022-05-13,2022-10-22,Churned,162,2022,0,0.0,2,0.0,0,1,,0,0,1,0.95,Critical
TP-01292,Free,Retail,Maun,Direct Sales,2022-10-31,2022-12-20,Churned,50,2022,0,0.14,2,0.4,0,0,,0,0,0,0.95,Critical
TP-01293,Starter,Finance,Maun,Social Media,2022-04-08,,Active,1088,2022,245,3.12,3,12.6,1,0,,0,0,0,0.3915,Medium
TP-01294,Professional,NGO,Gaborone,Social Media,2023-09-17,,Active,561,2023,798,6.91,5,25.6,1,4,,0,0,0,0.02,Low
TP-01295,Professional,Construction,Gaborone,Partnership,2024-10-02,2025-02-04,Churned,125,2024,798,1.12,4,5.0,0,3,73.0,0,1,0,0.3724,Medium
TP-01296,Free,Agriculture,Francistown,Event,2022-08-03,2022-09-25,Churned,53,2022,0,1.17,2,1.1,0,0,13.0,0,0,0,0.95,Critical
TP-01297,Free,Healthcare,Gaborone,Event,2022-10-30,,Active,883,2022,0,0.5,2,1.0,0,0,44.0,0,0,0,0.95,Critical
TP-01298,Starter,Education,Francistown,Organic Search,2023-05-09,,Active,692,2023,245,3.27,2,14.6,1,1,,0,1,0,0.4466,Medium
TP-01299,Free,Retail,Lobatse,Partnership,2020-06-26,2020-08-21,Churned,56,2020,0,0.0,1,0.0,1,1,38.0,0,0,1,0.95,Critical
TP-01300,Enterprise,Construction,Francistown,Direct Sales,2021-06-08,,Active,1392,2021,2299,0.31,7,1.2,1,4,,0,1,0,0.0911,Low
TP-01301,Free,Education,Francistown,Direct Sales,2024-05-17,2024-06-16,Churned,30,2024,0,3.4,2,16.2,0,1,,0,0,0,0.8671,Critical
TP-01302,Enterprise,Professional Services,Serowe,Social Media,2022-01-18,,Active,1168,2022,2299,9.89,10,35.4,1,3,,0,0,0,0.02,Low
TP-01303,Free,Construction,Francistown,Partnership,2022-04-22,2022-05-29,Churned,37,2022,0,1.55,1,2.4,0,0,,0,0,0,0.95,Critical
TP-01304,Starter,Education,Gaborone,Referral,2021-10-04,2021-12-04,Churned,61,2021,245,1.62,2,6.9,0,4,7.0,0,0,1,0.95,Critical
TP-01305,Enterprise,Logistics,Serowe,Event,2024-05-20,,Active,315,2024,2299,5.21,10,35.3,1,4,,1,0,0,0.0591,Low
TP-01306,Starter,Finance,Francistown,Partnership,2024-01-09,,Active,447,2024,245,3.98,3,21.6,1,3,25.0,0,0,0,0.4116,Medium
TP-01307,Starter,Agriculture,Gaborone,Direct Sales,2020-07-19,2020-09-03,Churned,46,2020,245,3.02,3,13.4,0,1,27.0,0,0,0,0.4097,Medium
TP-01308,Starter,Retail,Francistown,Organic Search,2021-06-21,2021-09-24,Churned,95,2021,245,2.24,3,11.6,0,1,60.0,1,0,0,0.6011,High
TP-01309,Starter,Retail,Francistown,Organic Search,2022-02-11,2022-04-14,Churned,62,2022,245,1.62,3,3.6,1,0,25.0,1,0,0,0.6629,Critical
TP-01310,Professional,Finance,Gaborone,Event,2020-08-31,,Active,1673,2020,798,5.56,4,27.0,0,3,51.0,0,0,0,0.1309,Low
TP-01311,Starter,Professional Services,Maun,Direct Sales,2021-07-29,2022-08-26,Churned,393,2021,245,3.17,0,12.8,0,1,,1,1,0,0.6661,Critical
TP-01312,Professional,Education,Lobatse,Direct Sales,2021-09-11,,Active,1297,2021,798,4.13,7,20.6,1,1,,0,1,0,0.02,Low
TP-01313,Free,Healthcare,Palapye,Direct Sales,2024-03-25,2024-08-16,Churned,144,2024,0,3.36,2,11.5,0,0,,0,0,0,0.873,Critical
TP-01314,Free,Retail,Gaborone,Direct Sales,2022-07-13,2022-08-20,Churned,38,2022,0,0.0,3,0.0,0,1,,0,0,0,0.95,Critical
TP-01315,Starter,Agriculture,Gaborone,Direct Sales,2021-02-19,2021-05-22,Churned,92,2021,245,2.71,4,13.4,0,3,32.0,1,0,1,0.7878,Critical
TP-01316,Free,Healthcare,Lobatse,Event,2024-04-24,2024-06-03,Churned,40,2024,0,3.86,0,13.0,0,1,16.0,0,0,0,0.8233,Critical
TP-01317,Free,Professional Services,Gaborone,Referral,2020-11-25,2020-12-25,Churned,30,2020,0,2.38,1,8.0,0,0,2.0,0,0,0,0.895,Critical
TP-01318,Free,Agriculture,Gaborone,Event,2024-12-08,2025-01-07,Churned,30,2024,0,1.94,2,4.8,1,0,28.0,0,0,0,0.9287,Critical
TP-01319,Starter,Retail,Maun,Partnership,2024-09-18,,Active,194,2024,245,2.15,5,8.0,0,0,,1,0,1,0.6529,Critical
TP-01320,Free,Hospitality,Gaborone,Referral,2024-01-11,2024-06-13,Churned,154,2024,0,0.0,1,0.0,1,1,21.0,0,0,0,0.9321,Critical
TP-01321,Free,Construction,Gaborone,Event,2022-11-16,2022-12-16,Churned,30,2022,0,1.63,3,6.6,1,0,12.0,0,0,0,0.7535,Critical
TP-01322,Starter,Education,Gaborone,Event,2020-10-12,,Active,1631,2020,245,0.83,5,5.1,1,2,-15.0,3,0,0,0.6404,High
TP-01323,Free,Hospitality,Palapye,Event,2021-09-22,2021-10-22,Churned,30,2021,0,1.94,1,6.5,1,0,37.0,0,0,1,0.95,Critical
TP-01324,Professional,Retail,Francistown,Organic Search,2020-07-11,,Active,1724,2020,798,2.48,7,10.8,1,2,,0,0,0,0.1336,Low
TP-01325,Free,NGO,Gaborone,Event,2021-09-30,2021-10-30,Churned,30,2021,0,1.95,1,11.3,0,1,,0,0,0,0.95,Critical
TP-01326,Free,Finance,Palapye,Referral,2021-03-23,2021-04-22,Churned,30,2021,0,0.94,2,3.1,0,0,,0,0,0,0.95,Critical
TP-01327,Free,Hospitality,Gaborone,Organic Search,2022-11-02,2022-12-02,Churned,30,2022,0,0.84,1,2.7,0,0,36.0,0,0,0,0.95,Critical
TP-01328,Starter,Education,Gaborone,Direct Sales,2022-10-11,,Active,902,2022,245,4.3,3,17.5,0,0,55.0,0,0,0,0.2816,Medium
TP-01329,Free,Agriculture,Gaborone,Partnership,2021-07-27,,Active,1343,2021,0,2.77,3,7.9,1,0,,0,0,0,0.6612,Critical
TP-01330,Free,Logistics,Francistown,Direct Sales,2022-07-08,2022-08-07,Churned,30,2022,0,1.91,2,6.1,0,0,15.0,0,0,0,0.95,Critical
TP-01331,Starter,Healthcare,Palapye,Partnership,2022-09-23,2022-12-08,Churned,76,2022,245,2.87,2,15.5,1,2,21.0,0,0,0,0.4939,High
TP-01332,Starter,Construction,Gaborone,Event,2021-05-19,2021-06-18,Churned,30,2021,245,0.0,2,0.0,1,0,,0,0,0,0.7421,Critical
TP-01333,Professional,Construction,Gaborone,Social Media,2023-01-16,,Active,805,2023,798,6.39,4,21.7,1,5,,0,0,0,0.0953,Low
TP-01334,Starter,Retail,Maun,Organic Search,2020-11-23,2020-12-23,Churned,30,2020,245,3.69,4,12.4,1,1,,0,0,0,0.3846,Medium
TP-01335,Enterprise,Education,Gaborone,Referral,2021-08-11,,Active,1328,2021,2299,4.2,6,25.8,1,2,37.0,0,0,0,0.02,Low
TP-01336,Free,Hospitality,Gaborone,Organic Search,2024-11-30,2025-01-15,Churned,46,2024,0,1.09,1,6.8,0,0,,0,0,0,0.95,Critical
TP-01337,Starter,NGO,Gaborone,Partnership,2023-07-07,,Active,633,2023,245,1.91,2,9.1,0,4,,0,1,0,0.7901,Critical
TP-01338,Professional,Professional Services,Serowe,Referral,2022-07-21,,Active,984,2022,798,4.07,1,19.9,1,1,19.0,2,0,0,0.3596,Medium
TP-01339,Enterprise,Education,Lobatse,Partnership,2023-08-16,,Active,593,2023,2299,5.33,8,12.3,1,8,,0,0,0,0.02,Low
TP-01340,Enterprise,Education,Gaborone,Referral,2023-12-01,,Active,486,2023,2299,4.72,9,21.8,1,2,91.0,0,1,0,0.02,Low
TP-01341,Professional,Construction,Lobatse,Social Media,2022-01-20,2023-11-08,Churned,657,2022,798,1.92,6,3.3,0,1,,1,1,0,0.3428,Medium
TP-01342,Professional,Agriculture,Lobatse,Social Media,2021-10-31,,Active,1247,2021,798,3.14,5,9.4,1,1,38.0,1,0,0,0.1768,Low
TP-01343,Starter,Hospitality,Gaborone,Referral,2024-05-05,2024-07-15,Churned,71,2024,245,1.9,3,11.8,1,0,73.0,1,0,1,0.83,Critical
TP-01344,Free,Finance,Gaborone,Partnership,2020-06-22,2020-07-22,Churned,30,2020,0,0.29,2,1.2,0,0,33.0,0,0,0,0.95,Critical
TP-01345,Free,Retail,Maun,Social Media,2024-04-28,2024-07-13,Churned,76,2024,0,1.81,3,6.9,0,0,21.0,0,0,0,0.922,Critical
TP-01346,Free,Education,Maun,Partnership,2021-07-01,,Active,1369,2021,0,2.93,0,10.8,0,0,10.0,0,0,0,0.8483,Critical
TP-01347,Free,Education,Palapye,Organic Search,2020-07-18,2020-08-17,Churned,30,2020,0,4.5,2,23.5,0,0,,0,0,1,0.8845,Critical
TP-01348,Professional,Professional Services,Palapye,Organic Search,2024-06-20,,Active,284,2024,798,6.55,2,20.6,1,2,,0,0,0,0.2374,Low
TP-01349,Free,Logistics,Francistown,Social Media,2024-10-27,2024-11-26,Churned,30,2024,0,1.66,1,7.1,0,0,,0,0,1,0.95,Critical
TP-01350,Free,Professional Services,Gaborone,Event,2021-09-21,2021-10-21,Churned,30,2021,0,0.23,2,1.5,1,0,,0,0,0,0.95,Critical
TP-01351,Free,Construction,Maun,Direct Sales,2023-10-23,2024-01-23,Churned,92,2023,0,0.45,2,1.8,0,0,47.0,0,0,0,0.95,Critical
TP-01352,Starter,Professional Services,Gaborone,Referral,2021-11-22,,Active,1225,2021,245,2.29,4,12.1,1,1,10.0,1,0,0,0.4567,High
TP-01353,Free,Hospitality,Serowe,Referral,2021-04-29,2021-06-19,Churned,51,2021,0,3.22,3,8.5,0,0,,0,0,0,0.6512,Critical
TP-01354,Free,Education,Maun,Partnership,2020-06-15,2020-07-15,Churned,30,2020,0,0.0,2,0.0,0,0,,0,0,0,0.95,Critical
TP-01355,Free,Professional Services,Francistown,Event,2020-10-02,2020-11-04,Churned,33,2020,0,3.34,1,20.1,0,0,,0,0,1,0.95,Critical
TP-01356,Professional,Professional Services,Gaborone,Social Media,2024-04-30,,Active,335,2024,798,4.83,2,19.2,1,2,,0,1,0,0.0568,Low
TP-01357,Professional,Logistics,Gaborone,Direct Sales,2022-06-29,,Active,1006,2022,798,2.54,6,13.1,1,2,,0,1,0,0.026,Low
TP-01358,Free,Education,Gaborone,Direct Sales,2022-03-27,2022-05-03,Churned,37,2022,0,1.23,2,5.5,0,0,,0,0,0,0.95,Critical
TP-01359,Professional,Logistics,Gaborone,Event,2024-08-16,,Active,227,2024,798,5.93,8,22.6,1,1,,0,0,0,0.02,Low
TP-01360,Free,Education,Gaborone,Event,2021-05-20,2021-08-13,Churned,85,2021,0,2.43,3,15.1,1,0,,0,0,0,0.5619,High
TP-01361,Starter,Healthcare,Gaborone,Organic Search,2023-03-16,,Active,746,2023,245,4.44,3,23.2,1,1,22.0,0,0,0,0.2364,Low
TP-01362,Starter,Hospitality,Francistown,Event,2020-10-01,2021-02-13,Churned,135,2020,245,1.11,3,2.0,1,0,48.0,2,0,0,0.7257,Critical
TP-01363,Free,Finance,Lobatse,Referral,2022-10-01,2023-01-02,Churned,93,2022,0,1.64,0,7.6,0,0,,0,0,0,0.95,Critical
TP-01364,Starter,NGO,Gaborone,Social Media,2022-04-30,,Active,1066,2022,245,2.93,3,15.0,0,3,,0,0,0,0.5093,High
TP-01365,Free,Logistics,Gaborone,Referral,2021-08-03,2021-09-02,Churned,30,2021,0,1.36,2,10.6,0,0,,0,0,0,0.95,Critical
TP-01366,Starter,Healthcare,Francistown,Partnership,2024-11-12,,Active,139,2024,245,0.7,5,2.4,1,3,71.0,2,1,0,0.4274,Medium
TP-01367,Enterprise,Construction,Maun,Partnership,2021-09-29,,Active,1279,2021,2299,7.53,7,13.1,1,1,64.0,0,0,0,0.02,Low
TP-01368,Free,Hospitality,Francistown,Organic Search,2023-05-20,,Active,681,2023,0,0.34,2,1.6,0,0,,0,0,0,0.95,Critical
TP-01369,Free,Logistics,Gaborone,Referral,2024-11-07,2024-12-07,Churned,30,2024,0,2.55,2,11.4,0,0,,0,0,0,0.8579,Critical
TP-01370,Free,Education,Serowe,Direct Sales,2023-07-26,,Active,614,2023,0,0.0,1,0.0,1,0,25.0,0,0,0,0.8854,Critical
TP-01371,Starter,Finance,Gaborone,Event,2021-06-21,2021-08-17,Churned,57,2021,245,0.0,1,0.0,0,0,,2,1,0,0.8276,Critical
TP-01372,Free,Agriculture,Gaborone,Organic Search,2022-02-01,2022-03-03,Churned,30,2022,0,3.17,2,17.5,0,0,12.0,0,0,1,0.95,Critical
TP-01373,Professional,Professional Services,Gaborone,Referral,2022-12-02,,Active,850,2022,798,5.26,5,19.8,1,5,,1,0,0,0.151,Low
TP-01374,Free,NGO,Francistown,Referral,2023-09-15,,Active,563,2023,0,0.0,3,0.0,1,0,,0,0,0,0.7609,Critical
TP-01375,Starter,Education,Gaborone,Event,2022-07-09,2022-09-15,Churned,68,2022,245,3.05,5,17.5,0,1,,0,0,0,0.3248,Medium
TP-01376,Free,NGO,Serowe,Organic Search,2023-04-14,2023-06-16,Churned,63,2023,0,0.0,3,0.0,1,1,,0,0,0,0.8474,Critical
TP-01377,Free,Hospitality,Gaborone,Referral,2024-06-01,,Active,303,2024,0,3.32,1,11.6,1,0,,0,0,0,0.7283,Critical
TP-01378,Starter,Finance,Gaborone,Direct Sales,2024-01-06,2024-02-21,Churned,46,2024,245,0.98,2,5.9,0,2,,0,0,1,0.95,Critical
TP-01379,Free,Healthcare,Gaborone,Organic Search,2024-01-12,2024-07-22,Churned,192,2024,0,2.19,3,7.8,0,1,-3.0,0,0,0,0.7852,Critical
TP-01380,Professional,Hospitality,Lobatse,Referral,2023-03-23,,Active,739,2023,798,5.72,4,6.5,1,2,27.0,0,0,0,0.0268,Low
TP-01381,Starter,Healthcare,Francistown,Event,2024-06-03,2024-07-07,Churned,34,2024,245,1.06,1,3.7,0,1,,1,1,0,0.8435,Critical
TP-01382,Starter,NGO,Palapye,Partnership,2021-05-03,,Active,1428,2021,245,4.15,4,14.8,1,1,10.0,0,1,0,0.1811,Low
TP-01383,Free,Education,Francistown,Referral,2021-07-18,2021-11-21,Churned,126,2021,0,1.47,1,6.2,0,1,21.0,0,0,0,0.95,Critical
TP-01384,Starter,Logistics,Francistown,Event,2024-03-07,,Active,389,2024,245,3.3,5,19.9,0,2,40.0,1,1,1,0.5061,High
TP-01385,Professional,Construction,Gaborone,Partnership,2024-07-16,,Active,258,2024,798,4.98,6,16.6,0,2,,0,0,0,0.1059,Low
TP-01386,Free,Construction,Francistown,Social Media,2021-08-19,2021-09-18,Churned,30,2021,0,2.02,0,7.5,0,1,2.0,0,0,0,0.8018,Critical
TP-01387,Free,Logistics,Lobatse,Direct Sales,2024-06-14,2024-07-14,Churned,30,2024,0,3.21,0,15.6,0,2,,0,0,0,0.8736,Critical
TP-01388,Free,Construction,Gaborone,Organic Search,2020-06-01,2020-07-01,Churned,30,2020,0,1.69,1,6.4,0,1,,0,0,0,0.95,Critical
TP-01389,Enterprise,Healthcare,Gaborone,Event,2023-08-08,,Active,601,2023,2299,5.2,9,36.9,0,2,36.0,0,0,0,0.02,Low
TP-01390,Free,Healthcare,Gaborone,Organic Search,2022-01-31,2022-03-02,Churned,30,2022,0,1.65,2,3.1,0,1,,0,0,0,0.9456,Critical
TP-01391,Enterprise,Construction,Gaborone,Event,2024-08-03,,Active,240,2024,2299,2.57,10,10.0,0,3,,0,0,0,0.0826,Low
TP-01392,Professional,Logistics,Palapye,Partnership,2024-04-24,,Active,341,2024,798,6.4,5,10.6,1,2,30.0,0,0,0,0.02,Low
TP-01393,Professional,Hospitality,Gaborone,Direct Sales,2024-03-20,2025-03-30,Churned,375,2024,798,5.52,4,5.9,1,3,28.0,2,0,0,0.1658,Low
TP-01394,Professional,Professional Services,Lobatse,Social Media,2024-05-24,,Active,311,2024,798,4.38,5,16.8,1,1,51.0,0,0,0,0.02,Low
TP-01395,Free,Construction,Gaborone,Direct Sales,2024-12-16,,Active,105,2024,0,3.41,1,16.3,1,0,,0,0,0,0.7719,Critical
TP-01396,Starter,Construction,Maun,Event,2020-09-05,,Active,1668,2020,245,3.85,3,17.8,1,0,31.0,0,0,0,0.3432,Medium
TP-01397,Free,Education,Maun,Partnership,2021-03-26,,Active,1466,2021,0,0.38,1,1.2,0,0,,0,0,0,0.95,Critical
TP-01398,Professional,Hospitality,Serowe,Direct Sales,2024-03-15,,Active,381,2024,798,6.68,6,20.8,1,2,59.0,1,0,0,0.0514,Low
TP-01399,Professional,Education,Palapye,Event,2023-01-12,,Active,809,2023,798,4.22,6,29.3,1,2,25.0,0,0,0,0.02,Low
TP-01400,Enterprise,Hospitality,Francistown,Partnership,2023-12-18,,Active,469,2023,2299,4.02,8,10.6,1,3,71.0,0,0,0,0.02,Low
TP-01401,Professional,Construction,Serowe,Direct Sales,2020-11-15,,Active,1597,2020,798,5.29,4,0.0,0,5,,1,0,0,0.3234,Medium
TP-01402,Free,Finance,Maun,Referral,2024-07-24,2024-12-01,Churned,130,2024,0,2.35,0,11.6,1,0,,0,0,0,0.7368,Critical
TP-01403,Professional,Education,Francistown,Direct Sales,2023-05-08,,Active,693,2023,798,3.47,3,11.0,1,2,50.0,1,0,0,0.3399,Medium
TP-01404,Free,Logistics,Gaborone,Event,2024-08-21,2025-01-04,Churned,136,2024,0,0.0,1,0.0,1,0,10.0,0,0,0,0.869,Critical
TP-01405,Free,Hospitality,Palapye,Event,2022-02-18,2022-03-20,Churned,30,2022,0,1.71,1,9.1,1,1,-20.0,0,0,0,0.95,Critical
TP-01406,Free,Retail,Gaborone,Referral,2021-06-16,2021-08-18,Churned,63,2021,0,1.56,2,10.1,0,0,,0,0,1,0.95,Critical
TP-01407,Free,Education,Maun,Organic Search,2024-04-30,2024-05-30,Churned,30,2024,0,1.97,0,6.5,0,1,36.0,0,0,0,0.95,Critical
TP-01408,Starter,NGO,Gaborone,Direct Sales,2020-08-04,,Active,1700,2020,245,1.84,3,10.2,0,2,19.0,1,1,0,0.7324,Critical
TP-01409,Professional,Professional Services,Gaborone,Partnership,2023-11-23,,Active,494,2023,798,2.08,4,12.0,0,1,,2,0,0,0.4791,High
TP-01410,Professional,Professional Services,Francistown,Partnership,2020-12-06,,Active,1576,2020,798,6.6,8,21.6,1,3,,0,0,0,0.02,Low
TP-01411,Starter,Education,Gaborone,Direct Sales,2020-08-10,,Active,1694,2020,245,4.0,4,16.4,1,2,,0,0,0,0.2165,Low
TP-01412,Starter,Retail,Lobatse,Direct Sales,2020-10-20,,Active,1623,2020,245,3.1,5,8.9,0,1,21.0,0,0,0,0.3483,Medium
TP-01413,Starter,Retail,Gaborone,Organic Search,2024-04-30,2025-03-30,Churned,334,2024,245,0.25,2,1.0,0,2,44.0,0,0,0,0.8625,Critical
TP-01414,Starter,Professional Services,Gaborone,Direct Sales,2021-10-24,,Active,1254,2021,245,4.71,3,14.7,1,1,,0,0,0,0.2434,Low
TP-01415,Free,Hospitality,Gaborone,Event,2023-09-09,2023-10-09,Churned,30,2023,0,1.08,2,2.7,0,1,18.0,0,0,0,0.95,Critical
TP-01416,Free,NGO,Francistown,Direct Sales,2023-03-14,2023-04-13,Churned,30,2023,0,3.02,1,17.4,0,0,,0,0,1,0.9161,Critical
TP-01417,Starter,Finance,Gaborone,Direct Sales,2020-08-08,2020-10-08,Churned,61,2020,245,1.61,0,6.2,1,1,,1,0,1,0.95,Critical
TP-01418,Starter,Construction,Palapye,Referral,2021-02-03,,Active,1517,2021,245,2.72,1,8.9,1,2,33.0,0,1,0,0.5272,High
TP-01419,Starter,Finance,Gaborone,Organic Search,2024-11-04,2025-03-30,Churned,146,2024,245,1.75,3,7.6,0,0,,1,1,1,0.84,Critical
TP-01420,Free,Education,Gaborone,Organic Search,2021-01-17,2021-04-06,Churned,79,2021,0,0.32,2,2.1,0,0,36.0,0,0,0,0.95,Critical
TP-01421,Professional,Education,Palapye,Direct Sales,2024-11-27,,Active,124,2024,798,1.62,7,12.0,1,1,,0,0,0,0.2855,Medium
TP-01422,Starter,Professional Services,Gaborone,Referral,2023-04-11,2023-10-13,Churned,185,2023,245,5.11,5,17.8,1,2,,0,0,0,0.134,Low
TP-01423,Free,Agriculture,Serowe,Social Media,2021-09-05,2022-07-31,Churned,329,2021,0,3.84,3,15.8,0,0,3.0,0,0,0,0.7339,Critical
TP-01424,Free,Education,Gaborone,Partnership,2021-09-04,2021-11-25,Churned,82,2021,0,2.24,1,5.7,0,0,50.0,0,0,0,0.8594,Critical
TP-01425,Professional,Hospitality,Gaborone,Partnership,2022-01-11,,Active,1175,2022,798,2.23,4,9.9,1,4,25.0,0,0,0,0.2554,Medium
TP-01426,Professional,Retail,Gaborone,Direct Sales,2021-12-28,,Active,1189,2021,798,5.87,6,38.7,1,0,,1,0,0,0.0955,Low
TP-01427,Starter,Education,Palapye,Direct Sales,2023-04-14,,Active,717,2023,245,3.43,3,9.8,0,3,,1,0,0,0.5437,High
TP-01428,Professional,Hospitality,Francistown,Organic Search,2024-04-17,,Active,348,2024,798,4.84,5,0.5,1,3,11.0,1,0,0,0.0476,Low
TP-01429,Free,Healthcare,Lobatse,Social Media,2023-10-01,2023-12-28,Churned,88,2023,0,2.4,2,13.8,0,0,58.0,0,0,0,0.8931,Critical
TP-01430,Free,Education,Francistown,Direct Sales,2021-12-23,2022-03-24,Churned,91,2021,0,1.24,2,4.8,0,0,45.0,0,0,0,0.95,Critical
TP-01431,Professional,Hospitality,Serowe,Event,2022-01-26,,Active,1160,2022,798,6.88,5,19.8,1,2,,0,0,0,0.02,Low
TP-01432,Starter,Professional Services,Maun,Social Media,2023-12-30,,Active,457,2023,245,2.78,4,9.0,1,0,,1,0,0,0.4912,High
TP-01433,Professional,Education,Gaborone,Direct Sales,2024-06-08,,Active,296,2024,798,6.29,6,24.3,1,4,,0,0,0,0.0631,Low
TP-01434,Enterprise,Finance,Lobatse,Organic Search,2020-10-15,,Active,1628,2020,2299,5.27,9,31.1,1,5,,0,0,0,0.02,Low
TP-01435,Enterprise,NGO,Serowe,Partnership,2023-08-07,,Active,602,2023,2299,5.56,8,14.3,1,6,94.0,0,0,0,0.02,Low
TP-01436,Starter,Education,Gaborone,Referral,2021-02-07,,Active,1513,2021,245,4.01,3,12.8,1,1,,1,1,0,0.2166,Low
TP-01437,Starter,Healthcare,Gaborone,Organic Search,2024-07-31,2024-10-04,Churned,65,2024,245,1.82,3,4.8,0,0,25.0,0,0,0,0.6962,Critical
TP-01438,Free,Agriculture,Gaborone,Referral,2023-11-19,2023-12-19,Churned,30,2023,0,3.33,2,16.1,0,0,,0,0,0,0.8522,Critical
TP-01439,Free,Retail,Francistown,Social Media,2024-09-09,,Active,203,2024,0,3.24,3,1.8,1,2,,0,0,0,0.6161,High
TP-01440,Free,NGO,Lobatse,Social Media,2024-12-14,2025-01-13,Churned,30,2024,0,0.85,1,4.8,0,0,-10.0,0,0,0,0.95,Critical
TP-01441,Starter,Hospitality,Palapye,Referral,2021-12-25,2022-02-05,Churned,42,2021,245,0.24,2,1.4,1,1,41.0,1,1,0,0.698,Critical
TP-01442,Free,Professional Services,Gaborone,Direct Sales,2022-11-24,2023-01-01,Churned,38,2022,0,1.56,3,7.9,1,1,,0,0,0,0.7568,Critical
TP-01443,Free,Healthcare,Gaborone,Event,2023-03-04,2023-04-03,Churned,30,2023,0,2.01,2,7.4,0,1,,0,0,0,0.8972,Critical
TP-01444,Starter,Construction,Gaborone,Event,2020-11-06,2020-12-08,Churned,32,2020,245,1.98,4,4.0,0,1,,0,0,0,0.6662,Critical
TP-01445,Free,Agriculture,Gaborone,Event,2022-01-17,2022-03-16,Churned,58,2022,0,0.0,2,0.0,0,0,34.0,0,0,0,0.95,Critical
TP-01446,Starter,Professional Services,Francistown,Organic Search,2022-08-06,2022-10-19,Churned,74,2022,245,4.57,1,23.3,0,2,-13.0,0,1,0,0.4651,High
TP-01447,Starter,Agriculture,Gaborone,Referral,2021-12-04,,Active,1213,2021,245,1.33,3,3.8,1,3,,0,0,0,0.5949,High
TP-01448,Professional,Retail,Lobatse,Social Media,2020-09-07,2020-11-28,Churned,82,2020,798,3.76,4,25.6,0,1,43.0,0,0,0,0.2742,Medium
TP-01449,Starter,Retail,Gaborone,Partnership,2021-11-05,,Active,1242,2021,245,2.09,5,8.2,1,1,43.0,0,0,0,0.2849,Medium
TP-01450,Starter,Construction,Palapye,Partnership,2020-09-15,,Active,1658,2020,245,1.65,3,5.7,0,0,,0,0,0,0.6455,High
TP-01451,Free,Logistics,Lobatse,Referral,2021-09-27,2021-11-22,Churned,56,2021,0,0.0,0,0.0,1,0,,0,0,0,0.95,Critical
TP-01452,Professional,Finance,Gaborone,Direct Sales,2023-07-09,,Active,631,2023,798,7.14,4,18.0,0,3,,0,1,0,0.1021,Low
TP-01453,Free,Retail,Gaborone,Referral,2024-09-17,2024-10-17,Churned,30,2024,0,0.84,1,5.1,0,1,,0,0,0,0.95,Critical
TP-01454,Starter,Hospitality,Gaborone,Partnership,2022-06-23,2022-08-29,Churned,67,2022,245,2.96,5,12.9,0,3,32.0,0,1,0,0.2354,Low
TP-01455,Free,NGO,Serowe,Organic Search,2022-07-13,2023-01-23,Churned,194,2022,0,0.24,0,1.3,1,0,0.0,0,0,0,0.8631,Critical
TP-01456,Professional,Finance,Francistown,Event,2023-05-01,,Active,700,2023,798,3.22,4,12.0,1,3,,0,0,0,0.2242,Low
TP-01457,Professional,Finance,Lobatse,Referral,2023-03-28,,Active,734,2023,798,6.29,7,34.9,0,4,47.0,0,1,0,0.146,Low
TP-01458,Free,Agriculture,Gaborone,Social Media,2022-07-06,2022-08-05,Churned,30,2022,0,2.69,2,11.1,1,0,-20.0,0,0,0,0.9077,Critical
TP-01459,Professional,Hospitality,Gaborone,Partnership,2024-11-05,,Active,146,2024,798,3.67,4,13.3,0,2,27.0,0,0,0,0.3024,Medium
TP-01460,Professional,Healthcare,Francistown,Direct Sales,2024-05-30,,Active,305,2024,798,3.06,7,14.2,1,3,,0,0,0,0.1134,Low
TP-01461,Free,Hospitality,Palapye,Organic Search,2022-01-27,2022-02-26,Churned,30,2022,0,2.13,2,7.3,0,1,19.0,0,0,0,0.9115,Critical
TP-01462,Free,Finance,Francistown,Organic Search,2023-02-07,2023-03-28,Churned,49,2023,0,2.39,3,11.9,1,0,41.0,0,0,0,0.5471,High
TP-01463,Free,Professional Services,Gaborone,Event,2023-07-26,2023-08-29,Churned,34,2023,0,1.67,2,6.3,0,1,-7.0,0,0,0,0.95,Critical
TP-01464,Professional,Logistics,Gaborone,Social Media,2022-01-05,,Active,1181,2022,798,4.8,7,16.5,1,2,,2,0,0,0.0688,Low
TP-01465,Professional,Agriculture,Serowe,Organic Search,2024-02-25,,Active,400,2024,798,4.58,5,8.3,0,5,,1,0,0,0.3458,Medium
TP-01466,Free,Logistics,Maun,Event,2021-11-30,2022-01-26,Churned,57,2021,0,0.2,1,0.7,1,0,,0,0,0,0.95,Critical
TP-01467,Free,Construction,Gaborone,Social Media,2020-06-25,2020-08-14,Churned,50,2020,0,1.05,1,5.3,0,0,-26.0,0,0,0,0.95,Critical
TP-01468,Starter,Healthcare,Lobatse,Referral,2020-06-02,,Active,1763,2020,245,0.0,3,0.0,0,2,23.0,0,1,0,0.597,High
TP-01469,Free,Hospitality,Palapye,Direct Sales,2021-01-20,,Active,1531,2021,0,3.42,1,18.7,1,0,35.0,0,0,0,0.6672,Critical
TP-01470,Enterprise,Healthcare,Francistown,Partnership,2024-12-24,,Active,97,2024,2299,5.76,8,26.3,1,8,,0,1,0,0.02,Low
TP-01471,Starter,NGO,Francistown,Social Media,2024-12-08,,Active,113,2024,245,3.85,4,14.3,0,0,,0,1,1,0.4945,High
TP-01472,Starter,Agriculture,Gaborone,Partnership,2022-02-06,,Active,1149,2022,245,0.42,3,2.2,0,0,73.0,0,0,0,0.6637,Critical
TP-01473,Free,Construction,Francistown,Referral,2020-12-19,2021-01-18,Churned,30,2020,0,0.0,1,0.0,0,0,51.0,0,0,0,0.95,Critical
TP-01474,Free,NGO,Francistown,Event,2020-10-14,2020-12-10,Churned,57,2020,0,2.07,1,5.1,0,0,,0,0,1,0.95,Critical
TP-01475,Starter,Agriculture,Francistown,Organic Search,2022-04-15,,Active,1081,2022,245,1.46,3,5.7,0,4,16.0,0,1,0,0.5393,High
TP-01476,Starter,Construction,Gaborone,Partnership,2024-12-04,2025-01-19,Churned,46,2024,245,4.07,1,29.9,1,1,49.0,0,1,0,0.2852,Medium
TP-01477,Free,Retail,Gaborone,Direct Sales,2023-03-06,2023-06-02,Churned,88,2023,0,0.4,3,0.9,0,0,,0,0,0,0.8725,Critical
TP-01478,Starter,Retail,Gaborone,Social Media,2024-03-22,2024-06-21,Churned,91,2024,245,4.04,3,6.7,0,0,,0,0,0,0.3083,Medium
TP-01479,Professional,Education,Gaborone,Partnership,2020-11-16,,Active,1596,2020,798,4.05,5,12.1,0,2,,1,0,0,0.1787,Low
TP-01480,Enterprise,Professional Services,Gaborone,Social Media,2023-11-13,,Active,504,2023,2299,5.44,9,22.0,1,2,65.0,0,0,0,0.02,Low
TP-01481,Starter,Healthcare,Gaborone,Event,2023-04-21,,Active,710,2023,245,3.97,3,23.3,1,3,,2,0,1,0.6854,Critical
TP-01482,Professional,Education,Lobatse,Social Media,2022-01-23,,Active,1163,2022,798,4.14,4,19.0,1,2,,0,0,0,0.0226,Low
TP-01483,Professional,Healthcare,Maun,Referral,2021-10-06,,Active,1272,2021,798,6.49,6,27.4,1,0,,1,1,0,0.0461,Low
TP-01484,Enterprise,Hospitality,Gaborone,Organic Search,2021-12-31,,Active,1186,2021,2299,7.04,6,24.9,1,6,,0,0,0,0.02,Low
TP-01485,Starter,Professional Services,Palapye,Event,2024-03-07,2024-05-06,Churned,60,2024,245,0.69,3,1.4,0,2,,0,0,0,0.6497,High
TP-01486,Free,Professional Services,Gaborone,Social Media,2022-08-07,2022-10-08,Churned,62,2022,0,2.95,1,9.3,1,0,49.0,0,0,0,0.7518,Critical
TP-01487,Starter,Education,Gaborone,Social Media,2024-08-05,2024-12-07,Churned,124,2024,245,3.89,5,17.0,0,1,42.0,1,1,0,0.3233,Medium
TP-01488,Professional,Healthcare,Gaborone,Direct Sales,2022-04-17,,Active,1079,2022,798,4.65,5,25.1,1,3,,0,1,0,0.02,Low
TP-01489,Enterprise,Construction,Maun,Direct Sales,2020-08-18,2021-07-14,Churned,330,2020,2299,3.98,8,16.5,1,3,,0,0,0,0.02,Low
TP-01490,Starter,Finance,Gaborone,Referral,2022-04-12,2022-05-22,Churned,40,2022,245,3.56,2,16.1,0,0,,0,0,0,0.5933,High
TP-01491,Starter,NGO,Francistown,Partnership,2021-07-08,,Active,1362,2021,245,4.34,5,24.9,1,0,,0,0,0,0.1003,Low
TP-01492,Professional,Retail,Gaborone,Organic Search,2022-09-13,,Active,930,2022,798,8.41,4,41.7,1,2,,0,1,0,0.02,Low
TP-01493,Starter,Logistics,Palapye,Partnership,2023-08-16,2023-09-15,Churned,30,2023,245,0.51,2,2.8,1,1,16.0,0,0,0,0.6919,Critical
TP-01494,Free,NGO,Gaborone,Social Media,2020-06-09,2020-07-09,Churned,30,2020,0,1.79,1,9.8,0,1,3.0,0,0,0,0.95,Critical
TP-01495,Free,Agriculture,Gaborone,Organic Search,2024-11-30,,Active,121,2024,0,2.1,2,6.8,0,0,48.0,0,0,0,0.8568,Critical
TP-01496,Professional,Healthcare,Serowe,Event,2020-09-13,,Active,1660,2020,798,5.15,5,26.4,1,3,,0,0,0,0.02,Low
TP-01497,Professional,Construction,Palapye,Direct Sales,2023-07-24,2023-08-23,Churned,30,2023,798,4.09,4,11.8,0,0,30.0,1,0,0,0.3322,Medium
TP-01498,Free,Logistics,Gaborone,Referral,2024-08-13,2024-09-29,Churned,47,2024,0,0.44,2,2.6,0,1,15.0,0,0,0,0.95,Critical
TP-01499,Free,Agriculture,Gaborone,Referral,2022-06-11,2022-07-11,Churned,30,2022,0,0.0,1,0.0,1,0,,0,0,0,0.8813,Critical
TP-01500,Enterprise,Professional Services,Palapye,Organic Search,2021-10-04,,Active,1274,2021,2299,7.01,7,13.2,1,0,,0,0,0,0.02,Low
TP-01501,Free,Logistics,Gaborone,Partnership,2024-09-16,2024-10-16,Churned,30,2024,0,2.3,1,8.7,0,0,37.0,0,0,0,0.7952,Critical
TP-01502,Free,Professional Services,Gaborone,Direct Sales,2024-12-08,,Active,113,2024,0,3.97,3,7.7,1,1,,0,0,0,0.6065,High
TP-01503,Starter,Professional Services,Lobatse,Referral,2021-03-26,2021-04-25,Churned,30,2021,245,0.0,4,0.0,1,0,20.0,2,0,0,0.7472,Critical
TP-01504,Free,Agriculture,Serowe,Direct Sales,2020-12-30,2021-01-29,Churned,30,2020,0,0.97,3,3.7,0,1,,0,0,0,0.8762,Critical
TP-01505,Starter,Logistics,Serowe,Event,2024-04-29,,Active,336,2024,245,1.97,3,7.4,1,2,,0,1,0,0.4999,High
TP-01506,Free,Education,Gaborone,Organic Search,2020-08-14,,Active,1690,2020,0,0.0,2,0.0,0,0,33.0,0,0,0,0.95,Critical
TP-01507,Enterprise,Education,Gaborone,Organic Search,2022-03-08,,Active,1119,2022,2299,8.93,8,31.7,1,3,34.0,0,0,0,0.02,Low
TP-01508,Free,Logistics,Francistown,Partnership,2024-06-26,2024-07-28,Churned,32,2024,0,1.62,2,4.0,0,0,1.0,0,0,0,0.95,Critical
TP-01509,Starter,Construction,Gaborone,Direct Sales,2022-01-22,,Active,1164,2022,245,1.51,5,11.0,1,0,25.0,0,0,0,0.5017,High
TP-01510,Enterprise,Healthcare,Gaborone,Direct Sales,2020-10-31,,Active,1612,2020,2299,6.06,7,25.4,0,1,92.0,0,0,0,0.02,Low
TP-01511,Starter,Retail,Lobatse,Social Media,2021-06-14,2021-07-14,Churned,30,2021,245,3.9,1,16.0,0,3,,1,0,0,0.7726,Critical
TP-01512,Free,Education,Gaborone,Organic Search,2021-06-10,2021-08-20,Churned,71,2021,0,0.0,3,0.0,0,1,,0,0,1,0.95,Critical
TP-01513,Free,Finance,Serowe,Organic Search,2024-12-19,2025-02-21,Churned,64,2024,0,0.0,2,0.0,0,2,,0,0,0,0.9466,Critical
TP-01514,Free,Agriculture,Serowe,Organic Search,2022-03-01,2022-04-12,Churned,42,2022,0,4.35,2,17.0,0,0,15.0,0,0,0,0.6752,Critical
TP-01515,Free,Professional Services,Gaborone,Partnership,2020-06-09,2020-07-29,Churned,50,2020,0,0.94,1,5.8,1,0,33.0,0,0,0,0.8979,Critical
TP-01516,Starter,Finance,Palapye,Referral,2020-11-15,2020-12-26,Churned,41,2020,245,5.03,3,3.3,1,1,-13.0,1,0,0,0.4883,High
TP-01517,Professional,Logistics,Gaborone,Event,2021-02-15,2021-09-04,Churned,201,2021,798,3.32,3,6.7,1,2,,1,0,0,0.2193,Low
TP-01518,Starter,Healthcare,Francistown,Event,2024-10-07,2024-12-30,Churned,84,2024,245,2.45,2,11.0,0,1,43.0,1,1,0,0.6426,High
TP-01519,Free,Finance,Gaborone,Referral,2022-09-07,,Active,936,2022,0,2.33,3,6.1,0,0,51.0,0,0,0,0.6933,Critical
TP-01520,Starter,Healthcare,Francistown,Direct Sales,2020-06-03,2021-07-26,Churned,418,2020,245,1.23,4,2.9,0,0,19.0,1,1,0,0.735,Critical
TP-01521,Free,NGO,Gaborone,Event,2021-10-23,2022-02-09,Churned,109,2021,0,1.71,1,8.9,1,1,2.0,0,0,0,0.9279,Critical
TP-01522,Free,Construction,Gaborone,Organic Search,2023-08-21,2023-09-20,Churned,30,2023,0,1.95,0,8.0,1,0,26.0,0,0,1,0.95,Critical
TP-01523,Starter,Education,Gaborone,Referral,2021-03-29,,Active,1463,2021,245,4.99,3,24.6,0,1,,1,0,0,0.4002,Medium
TP-01524,Starter,Construction,Palapye,Referral,2021-07-29,2021-09-14,Churned,47,2021,245,1.4,2,6.8,1,1,41.0,1,0,0,0.8611,Critical
TP-01525,Starter,Healthcare,Gaborone,Social Media,2020-06-07,2020-10-05,Churned,120,2020,245,1.16,1,5.3,1,2,66.0,0,0,0,0.7095,Critical
TP-01526,Free,Healthcare,Gaborone,Social Media,2021-05-29,2021-06-28,Churned,30,2021,0,1.16,2,4.0,0,0,6.0,0,0,0,0.95,Critical
TP-01527,Starter,Education,Gaborone,Referral,2022-12-08,2023-05-07,Churned,150,2022,245,4.37,1,10.2,1,0,,2,0,0,0.4944,High
TP-01528,Free,Construction,Francistown,Direct Sales,2021-08-23,2021-09-22,Churned,30,2021,0,2.52,2,13.5,0,0,,0,0,0,0.8954,Critical
TP-01529,Free,Education,Francistown,Event,2020-12-20,2021-05-12,Churned,143,2020,0,0.0,0,0.0,0,1,,0,0,0,0.95,Critical
TP-01530,Professional,Construction,Palapye,Social Media,2024-12-15,,Active,106,2024,798,6.06,4,27.6,1,4,,0,0,0,0.1419,Low
TP-01531,Starter,Finance,Palapye,Event,2023-03-15,2023-04-14,Churned,30,2023,245,3.5,4,10.6,0,1,21.0,1,0,0,0.5812,High
TP-01532,Free,Construction,Gaborone,Event,2022-02-18,2022-03-20,Churned,30,2022,0,1.83,2,5.2,0,1,16.0,0,0,0,0.95,Critical
TP-01533,Free,Agriculture,Maun,Partnership,2023-08-02,2023-09-17,Churned,46,2023,0,1.85,3,6.9,0,1,-20.0,0,0,0,0.95,Critical
TP-01534,Free,Logistics,Serowe,Partnership,2022-04-14,2022-05-14,Churned,30,2022,0,2.14,2,12.4,0,0,17.0,0,0,0,0.8783,Critical
TP-01535,Free,Hospitality,Gaborone,Organic Search,2021-07-25,2021-08-24,Churned,30,2021,0,2.13,1,6.9,0,1,14.0,0,0,0,0.9468,Critical
TP-01536,Starter,Construction,Maun,Referral,2022-06-30,,Active,1005,2022,245,3.11,3,12.3,1,2,35.0,0,0,0,0.4528,High
TP-01537,Starter,Logistics,Palapye,Organic Search,2022-04-29,,Active,1067,2022,245,3.39,2,19.2,0,0,,0,1,0,0.476,High
TP-01538,Free,Logistics,Maun,Partnership,2021-05-09,2021-06-08,Churned,30,2021,0,0.0,1,0.0,0,2,,0,0,1,0.95,Critical
TP-01539,Professional,Construction,Serowe,Social Media,2020-12-22,,Active,1560,2020,798,3.53,4,11.5,1,1,,0,0,0,0.2127,Low
TP-01540,Free,Logistics,Francistown,Referral,2020-07-26,2020-08-25,Churned,30,2020,0,2.63,3,7.4,0,1,,0,0,0,0.7416,Critical
TP-01541,Free,Hospitality,Gaborone,Organic Search,2024-07-10,2024-09-27,Churned,79,2024,0,0.0,0,0.0,1,0,,0,0,0,0.926,Critical
TP-01542,Starter,Retail,Gaborone,Event,2021-07-24,,Active,1346,2021,245,2.2,4,9.7,1,0,,0,0,0,0.3937,Medium
TP-01543,Starter,Hospitality,Francistown,Organic Search,2021-05-17,2022-12-20,Churned,582,2021,245,2.58,4,13.3,1,0,6.0,0,0,0,0.4328,Medium
TP-01544,Free,Professional Services,Gaborone,Event,2024-12-21,2025-03-04,Churned,73,2024,0,0.94,2,6.9,1,1,,0,0,0,0.95,Critical
TP-01545,Starter,NGO,Palapye,Partnership,2022-04-07,2022-10-12,Churned,188,2022,245,1.0,5,3.7,0,1,48.0,0,0,0,0.4496,Medium
TP-01546,Starter,Logistics,Gaborone,Social Media,2023-10-25,2023-12-26,Churned,62,2023,245,1.03,0,4.4,1,1,,1,0,1,0.9393,Critical
TP-01547,Free,Finance,Francistown,Organic Search,2023-09-04,,Active,574,2023,0,1.7,2,6.7,1,0,,0,0,0,0.9379,Critical
TP-01548,Free,Logistics,Gaborone,Event,2023-09-03,2023-10-03,Churned,30,2023,0,0.78,1,2.8,0,0,,0,0,1,0.95,Critical
TP-01549,Professional,Hospitality,Gaborone,Organic Search,2023-04-08,,Active,723,2023,798,4.78,8,27.0,0,2,34.0,1,1,0,0.0538,Low
TP-01550,Free,Healthcare,Gaborone,Referral,2021-06-01,2021-08-28,Churned,88,2021,0,0.47,1,1.8,1,0,45.0,0,0,0,0.9259,Critical
TP-01551,Professional,Professional Services,Francistown,Partnership,2022-11-23,,Active,859,2022,798,6.99,4,29.6,1,2,,0,0,0,0.0673,Low
TP-01552,Free,Education,Gaborone,Organic Search,2024-10-15,,Active,167,2024,0,2.67,3,12.4,1,1,,0,0,1,0.7149,Critical
TP-01553,Free,Education,Gaborone,Event,2024-12-11,2025-01-10,Churned,30,2024,0,2.56,2,12.1,0,0,36.0,0,0,0,0.7782,Critical
TP-01554,Professional,Education,Gaborone,Event,2024-08-11,,Active,232,2024,798,6.12,4,28.4,0,2,44.0,0,1,0,0.0787,Low
TP-01555,Free,Professional Services,Serowe,Partnership,2024-01-14,2024-03-31,Churned,77,2024,0,0.24,2,0.8,0,0,22.0,0,0,0,0.95,Critical
TP-01556,Starter,Healthcare,Francistown,Organic Search,2021-04-05,2021-12-16,Churned,255,2021,245,3.2,2,9.7,1,0,,2,0,0,0.6436,High
TP-01557,Starter,Finance,Gaborone,Organic Search,2020-08-30,2020-12-04,Churned,96,2020,245,0.88,5,2.8,0,0,24.0,1,1,0,0.5394,High
TP-01558,Starter,Finance,Gaborone,Direct Sales,2023-07-29,,Active,611,2023,245,0.24,3,0.1,1,2,-23.0,0,0,0,0.6902,Critical
TP-01559,Free,Retail,Gaborone,Referral,2024-10-25,2024-11-24,Churned,30,2024,0,1.02,2,5.1,0,0,,0,0,0,0.95,Critical
TP-01560,Free,NGO,Palapye,Partnership,2022-12-30,2023-01-29,Churned,30,2022,0,1.09,3,6.0,0,2,,0,0,1,0.95,Critical
TP-01561,Starter,Finance,Gaborone,Organic Search,2020-10-03,2021-01-03,Churned,92,2020,245,1.76,1,8.0,1,2,48.0,0,1,0,0.6205,High
TP-01562,Starter,Retail,Gaborone,Event,2021-11-12,,Active,1235,2021,245,1.43,4,8.0,0,2,,1,0,0,0.7623,Critical
TP-01563,Free,Construction,Gaborone,Referral,2023-05-19,2023-06-18,Churned,30,2023,0,2.12,1,8.1,0,0,31.0,0,0,0,0.8397,Critical
TP-01564,Starter,Hospitality,Francistown,Event,2024-03-03,,Active,393,2024,245,3.17,2,9.6,0,1,47.0,0,1,1,0.6604,Critical
TP-01565,Professional,Hospitality,Gaborone,Event,2023-05-19,2024-06-19,Churned,397,2023,798,2.93,7,13.4,1,2,20.0,0,0,0,0.0995,Low
TP-01566,Free,Agriculture,Gaborone,Social Media,2024-08-30,2024-09-29,Churned,30,2024,0,3.79,1,22.7,0,0,,0,0,0,0.8945,Critical
TP-01567,Professional,Education,Gaborone,Event,2021-06-18,,Active,1382,2021,798,4.81,4,19.6,1,4,,0,0,0,0.1666,Low
TP-01568,Starter,Healthcare,Palapye,Partnership,2023-08-24,2024-01-08,Churned,137,2023,245,2.19,2,14.2,0,0,48.0,1,0,1,0.9024,Critical
TP-01569,Free,Construction,Francistown,Partnership,2023-04-29,,Active,702,2023,0,1.45,3,3.0,1,1,,0,0,0,0.8241,Critical
TP-01570,Free,Education,Gaborone,Event,2023-12-31,,Active,456,2023,0,2.11,2,5.7,1,2,,0,0,0,0.7423,Critical
TP-01571,Free,Education,Gaborone,Partnership,2021-11-10,2021-12-10,Churned,30,2021,0,1.82,0,7.6,0,1,,0,0,0,0.95,Critical
TP-01572,Free,NGO,Francistown,Direct Sales,2024-06-17,,Active,287,2024,0,1.23,2,4.9,0,0,53.0,0,0,1,0.95,Critical
TP-01573,Free,Professional Services,Francistown,Referral,2023-03-06,2023-04-05,Churned,30,2023,0,1.03,1,5.4,1,0,67.0,0,0,0,0.9426,Critical
TP-01574,Professional,Professional Services,Palapye,Partnership,2024-09-07,,Active,205,2024,798,4.72,5,18.5,1,1,,2,1,0,0.0518,Low
TP-01575,Starter,Finance,Palapye,Partnership,2024-06-15,2024-10-11,Churned,118,2024,245,2.99,3,18.4,0,1,,0,1,0,0.4388,Medium
TP-01576,Free,Agriculture,Gaborone,Referral,2023-10-07,2024-01-30,Churned,115,2023,0,0.75,1,1.5,0,0,13.0,0,0,0,0.9058,Critical
TP-01577,Starter,Logistics,Gaborone,Social Media,2023-10-04,2023-11-03,Churned,30,2023,245,4.0,4,14.9,1,0,,1,0,1,0.6299,High
TP-01578,Professional,Hospitality,Palapye,Organic Search,2022-02-28,,Active,1127,2022,798,9.26,4,47.4,1,1,,0,0,0,0.0509,Low
TP-01579,Starter,Professional Services,Francistown,Referral,2021-09-17,2021-10-17,Churned,30,2021,245,4.28,3,24.3,1,0,20.0,0,0,0,0.2317,Low
TP-01580,Professional,Construction,Francistown,Partnership,2021-03-30,,Active,1462,2021,798,2.28,8,14.5,1,3,52.0,0,1,0,0.02,Low
TP-01581,Free,Retail,Maun,Event,2022-01-24,2022-02-23,Churned,30,2022,0,2.32,3,8.5,1,0,-10.0,0,0,0,0.7369,Critical
TP-01582,Professional,Construction,Francistown,Direct Sales,2022-10-26,,Active,887,2022,798,4.3,8,22.8,1,1,,0,1,0,0.02,Low
TP-01583,Free,Hospitality,Gaborone,Organic Search,2020-08-26,2020-09-25,Churned,30,2020,0,1.77,2,8.5,0,0,,0,0,1,0.95,Critical
TP-01584,Starter,Retail,Gaborone,Event,2022-12-21,,Active,831,2022,245,3.53,2,14.7,1,3,,0,1,0,0.4049,Medium
TP-01585,Free,Education,Gaborone,Direct Sales,2023-04-09,2023-05-09,Churned,30,2023,0,2.05,1,9.1,0,1,29.0,0,0,1,0.95,Critical
TP-01586,Starter,Hospitality,Francistown,Partnership,2021-11-23,,Active,1224,2021,245,3.45,3,4.4,1,1,,0,1,0,0.2471,Low
TP-01587,Professional,Logistics,Serowe,Social Media,2022-02-02,,Active,1153,2022,798,4.0,5,20.0,1,1,,0,0,0,0.0959,Low
TP-01588,Free,Education,Francistown,Organic Search,2020-09-18,2020-10-18,Churned,30,2020,0,0.0,2,0.0,1,0,-3.0,0,0,0,0.95,Critical
TP-01589,Professional,Finance,Gaborone,Partnership,2023-09-03,,Active,575,2023,798,4.01,5,10.5,1,2,,1,1,0,0.02,Low
TP-01590,Enterprise,NGO,Serowe,Direct Sales,2024-08-27,,Active,216,2024,2299,4.97,7,23.1,1,3,,1,0,0,0.02,Low
TP-01591,Starter,Agriculture,Palapye,Event,2022-01-29,,Active,1157,2022,245,4.48,3,13.5,0,0,,0,0,0,0.2996,Medium
TP-01592,Free,Finance,Gaborone,Partnership,2024-10-22,2024-11-21,Churned,30,2024,0,1.49,3,4.0,0,1,2.0,0,0,0,0.8195,Critical
TP-01593,Free,Professional Services,Gaborone,Partnership,2022-02-25,2022-03-30,Churned,33,2022,0,0.61,1,2.6,0,0,,0,0,0,0.95,Critical
TP-01594,Professional,Construction,Gaborone,Referral,2024-10-07,,Active,175,2024,798,5.53,4,33.4,0,1,69.0,1,0,0,0.2657,Medium
TP-01595,Starter,Retail,Lobatse,Direct Sales,2021-04-14,,Active,1447,2021,245,4.25,5,11.5,1,2,46.0,0,0,0,0.1524,Low
TP-01596,Free,Construction,Francistown,Referral,2022-03-30,2022-04-29,Churned,30,2022,0,2.14,1,9.1,0,0,,0,0,0,0.8582,Critical
TP-01597,Enterprise,Hospitality,Maun,Partnership,2024-08-29,,Active,214,2024,2299,6.68,8,35.2,1,4,,0,1,0,0.02,Low
TP-01598,Starter,Hospitality,Palapye,Partnership,2023-11-02,,Active,515,2023,245,4.51,5,32.1,1,6,27.0,0,0,0,0.1907,Low
TP-01599,Professional,Finance,Maun,Direct Sales,2024-02-14,,Active,411,2024,798,6.65,4,30.1,1,2,,0,0,0,0.0405,Low
TP-01600,Professional,Retail,Francistown,Direct Sales,2020-12-19,,Active,1563,2020,798,4.3,6,13.1,1,3,,1,1,0,0.02,Low
TP-01601,Starter,NGO,Gaborone,Organic Search,2021-10-29,,Active,1249,2021,245,0.0,4,0.0,0,2,,0,0,0,0.6013,High
TP-01602,Free,Retail,Palapye,Referral,2023-02-05,2023-03-10,Churned,33,2023,0,0.2,1,0.6,0,0,40.0,0,0,0,0.95,Critical
TP-01603,Starter,Agriculture,Gaborone,Organic Search,2021-01-26,2021-06-22,Churned,147,2021,245,3.31,3,13.7,0,2,,0,0,1,0.594,High
TP-01604,Enterprise,Retail,Gaborone,Organic Search,2022-07-09,,Active,996,2022,2299,4.53,8,23.0,1,1,,0,1,0,0.02,Low
TP-01605,Starter,Education,Gaborone,Direct Sales,2024-10-02,2024-11-01,Churned,30,2024,245,3.94,5,17.1,1,2,,2,1,0,0.2414,Low
TP-01606,Professional,Construction,Francistown,Social Media,2020-07-05,2020-11-19,Churned,137,2020,798,1.61,6,5.1,0,1,55.0,1,0,0,0.5144,High
TP-01607,Free,Logistics,Palapye,Event,2022-09-04,2022-10-27,Churned,53,2022,0,1.09,1,4.7,0,0,32.0,0,0,0,0.95,Critical
TP-01608,Professional,Logistics,Maun,Direct Sales,2022-07-28,,Active,977,2022,798,4.22,5,24.0,0,0,,1,0,0,0.176,Low
TP-01609,Free,Healthcare,Gaborone,Partnership,2024-03-13,2024-04-27,Churned,45,2024,0,1.22,2,4.6,0,0,8.0,0,0,0,0.95,Critical
TP-01610,Enterprise,Education,Gaborone,Referral,2021-07-20,,Active,1350,2021,2299,4.68,9,20.9,1,9,,0,1,0,0.02,Low
TP-01611,Free,Retail,Gaborone,Referral,2024-03-20,2024-04-19,Churned,30,2024,0,1.87,1,6.6,1,0,,0,0,1,0.95,Critical
TP-01612,Starter,Education,Gaborone,Direct Sales,2023-06-24,2023-10-24,Churned,122,2023,245,1.22,1,6.0,0,1,77.0,1,1,0,0.8733,Critical
TP-01613,Starter,Healthcare,Gaborone,Partnership,2020-09-09,2020-10-09,Churned,30,2020,245,5.63,2,26.2,0,3,-3.0,1,0,1,0.8719,Critical
TP-01614,Professional,Agriculture,Gaborone,Organic Search,2021-09-28,,Active,1280,2021,798,1.63,6,9.2,1,1,,1,0,0,0.3748,Medium
TP-01615,Starter,Hospitality,Palapye,Event,2024-11-06,,Active,145,2024,245,1.82,5,11.9,0,3,21.0,0,0,1,0.7187,Critical
TP-01616,Professional,NGO,Francistown,Referral,2020-12-27,,Active,1555,2020,798,5.01,5,25.3,1,4,36.0,0,0,0,0.02,Low
TP-01617,Starter,Education,Maun,Direct Sales,2024-10-24,2024-12-15,Churned,52,2024,245,0.87,3,3.7,0,1,,0,1,0,0.5976,High
TP-01618,Professional,Finance,Gaborone,Event,2022-03-15,,Active,1112,2022,798,3.69,2,12.3,1,2,13.0,0,0,0,0.2977,Medium
TP-01619,Professional,Logistics,Serowe,Partnership,2023-06-21,,Active,649,2023,798,5.91,5,26.6,0,0,0.0,0,0,0,0.094,Low
TP-01620,Starter,Logistics,Gaborone,Direct Sales,2023-04-28,2023-05-28,Churned,30,2023,245,3.84,5,19.4,0,1,-21.0,1,0,0,0.5785,High
TP-01621,Starter,Professional Services,Maun,Referral,2021-06-05,2021-09-27,Churned,114,2021,245,1.38,3,9.6,1,0,42.0,1,0,1,0.7663,Critical
TP-01622,Professional,Finance,Lobatse,Organic Search,2024-04-07,,Active,358,2024,798,7.68,4,23.9,1,0,,0,0,0,0.1205,Low
TP-01623,Professional,Hospitality,Gaborone,Partnership,2021-03-12,,Active,1480,2021,798,1.85,5,8.1,1,3,6.0,0,0,0,0.2706,Medium
TP-01624,Professional,Healthcare,Gaborone,Partnership,2023-10-31,,Active,517,2023,798,3.21,5,13.1,1,2,,0,0,0,0.0937,Low
TP-01625,Free,Retail,Palapye,Organic Search,2023-10-23,2023-11-22,Churned,30,2023,0,0.29,2,1.1,0,0,14.0,0,0,0,0.95,Critical
TP-01626,Free,Healthcare,Francistown,Social Media,2023-10-24,2024-01-14,Churned,82,2023,0,3.57,2,2.0,0,0,,0,0,0,0.876,Critical
TP-01627,Starter,Healthcare,Gaborone,Event,2023-06-23,,Active,647,2023,245,4.63,4,13.9,0,2,,0,0,1,0.4701,High
TP-01628,Free,Finance,Gaborone,Direct Sales,2023-02-04,2023-06-07,Churned,123,2023,0,1.32,2,8.1,1,0,,0,0,0,0.9155,Critical
TP-01629,Starter,Healthcare,Gaborone,Organic Search,2023-11-10,2024-02-16,Churned,98,2023,245,2.82,2,16.6,1,0,,0,0,0,0.4914,High
TP-01630,Starter,Agriculture,Francistown,Event,2021-04-12,,Active,1449,2021,245,0.0,3,0.0,0,3,39.0,1,0,0,0.7721,Critical
TP-01631,Free,Finance,Gaborone,Partnership,2020-06-02,2020-07-02,Churned,30,2020,0,1.91,2,7.0,0,1,6.0,0,0,0,0.95,Critical
TP-01632,Free,Education,Serowe,Direct Sales,2022-07-21,2023-01-17,Churned,180,2022,0,2.73,0,10.0,0,0,43.0,0,0,0,0.863,Critical
TP-01633,Starter,Hospitality,Gaborone,Partnership,2021-05-27,,Active,1404,2021,245,3.18,3,6.4,0,1,19.0,0,0,0,0.5166,High
TP-01634,Free,Education,Serowe,Partnership,2022-01-24,2022-02-23,Churned,30,2022,0,2.89,1,17.0,1,1,41.0,0,0,0,0.7339,Critical
TP-01635,Professional,Healthcare,Serowe,Referral,2021-07-04,,Active,1366,2021,798,3.54,8,12.9,1,1,,0,0,0,0.1325,Low
TP-01636,Starter,Education,Gaborone,Social Media,2024-06-19,2024-10-29,Churned,132,2024,245,5.32,2,20.8,0,1,42.0,0,0,0,0.5046,High
TP-01637,Starter,Agriculture,Lobatse,Referral,2024-04-23,2024-05-23,Churned,30,2024,245,1.68,4,11.4,1,1,23.0,0,0,0,0.5804,High
TP-01638,Starter,Agriculture,Gaborone,Organic Search,2024-01-14,2024-05-09,Churned,116,2024,245,3.09,5,16.8,0,1,10.0,2,0,0,0.6017,High
TP-01639,Starter,Logistics,Serowe,Social Media,2021-11-18,,Active,1229,2021,245,5.41,3,10.8,1,3,32.0,0,0,1,0.3584,Medium
TP-01640,Enterprise,Professional Services,Palapye,Partnership,2023-02-17,,Active,773,2023,2299,3.06,7,10.0,1,3,17.0,0,0,0,0.02,Low
TP-01641,Free,Retail,Gaborone,Social Media,2021-08-05,2021-12-03,Churned,120,2021,0,1.5,2,9.0,0,0,37.0,0,0,0,0.95,Critical
TP-01642,Free,Hospitality,Gaborone,Referral,2024-12-31,2025-01-30,Churned,30,2024,0,1.49,0,6.7,0,0,,0,0,0,0.95,Critical
TP-01643,Professional,Logistics,Palapye,Organic Search,2020-07-03,2020-11-10,Churned,130,2020,798,4.5,8,19.0,0,4,36.0,0,0,0,0.1113,Low
TP-01644,Enterprise,Professional Services,Gaborone,Social Media,2021-05-30,,Active,1401,2021,2299,5.38,8,7.9,1,3,,0,0,0,0.02,Low
TP-01645,Starter,Logistics,Francistown,Partnership,2024-07-10,,Active,264,2024,245,2.71,3,15.9,0,2,,0,1,0,0.3845,Medium
TP-01646,Professional,Agriculture,Gaborone,Referral,2022-04-09,,Active,1087,2022,798,6.38,5,26.6,1,3,,0,0,0,0.02,Low
TP-01647,Enterprise,NGO,Francistown,Direct Sales,2023-06-09,,Active,661,2023,2299,5.8,8,0.5,1,4,29.0,0,1,0,0.02,Low
TP-01648,Professional,Healthcare,Francistown,Social Media,2024-07-10,2024-11-29,Churned,142,2024,798,2.94,3,6.2,1,2,,1,0,0,0.3417,Medium
TP-01649,Starter,NGO,Gaborone,Partnership,2021-02-19,2021-08-11,Churned,173,2021,245,2.14,4,9.3,1,1,,2,1,1,0.5094,High
TP-01650,Enterprise,Retail,Palapye,Organic Search,2021-04-16,,Active,1445,2021,2299,5.9,8,39.8,1,3,27.0,0,1,0,0.02,Low
TP-01651,Free,Construction,Gaborone,Organic Search,2024-11-23,2024-12-23,Churned,30,2024,0,1.92,1,6.2,0,1,22.0,0,0,0,0.95,Critical
TP-01652,Starter,Agriculture,Francistown,Referral,2024-03-28,2024-11-03,Churned,220,2024,245,0.87,2,0.8,1,0,59.0,1,0,0,0.8709,Critical
TP-01653,Starter,Logistics,Gaborone,Event,2021-08-29,,Active,1310,2021,245,0.81,3,3.0,1,0,,0,0,0,0.5491,High
TP-01654,Free,Finance,Lobatse,Event,2021-05-10,2021-07-30,Churned,81,2021,0,1.3,2,6.3,0,1,30.0,0,0,0,0.95,Critical
TP-01655,Free,Hospitality,Maun,Organic Search,2024-07-19,2024-08-18,Churned,30,2024,0,2.32,2,7.9,1,1,,0,0,0,0.6856,Critical
TP-01656,Starter,NGO,Gaborone,Direct Sales,2024-07-22,,Active,252,2024,245,4.49,3,6.8,1,2,40.0,0,1,0,0.079,Low
TP-01657,Starter,Logistics,Gaborone,Partnership,2021-05-05,2021-12-04,Churned,213,2021,245,3.39,5,11.1,0,2,21.0,0,0,0,0.3712,Medium
TP-01658,Starter,Healthcare,Maun,Social Media,2023-07-27,,Active,613,2023,245,4.13,4,14.0,0,2,57.0,0,0,0,0.3526,Medium
TP-01659,Free,NGO,Gaborone,Event,2024-07-29,2024-09-06,Churned,39,2024,0,1.06,1,2.8,0,1,,0,0,0,0.95,Critical
TP-01660,Free,Logistics,Lobatse,Event,2023-01-17,2023-02-26,Churned,40,2023,0,2.86,2,10.9,1,0,-20.0,0,0,0,0.8104,Critical
TP-01661,Starter,Construction,Palapye,Event,2023-09-07,2024-05-04,Churned,240,2023,245,1.61,1,5.8,0,0,,1,0,0,0.95,Critical
TP-01662,Starter,Agriculture,Palapye,Organic Search,2024-07-10,2024-08-16,Churned,37,2024,245,2.76,2,12.8,1,3,18.0,1,0,1,0.8464,Critical
TP-01663,Starter,Hospitality,Gaborone,Referral,2022-03-28,,Active,1099,2022,245,0.51,5,1.8,0,2,,0,1,0,0.4613,High
TP-01664,Free,Agriculture,Gaborone,Event,2024-01-12,2024-02-11,Churned,30,2024,0,0.24,2,0.7,0,0,,0,0,0,0.95,Critical
TP-01665,Free,Construction,Lobatse,Partnership,2022-04-13,2022-08-22,Churned,131,2022,0,1.96,2,10.6,0,1,14.0,0,0,0,0.95,Critical
TP-01666,Free,Logistics,Francistown,Partnership,2022-11-16,2022-12-21,Churned,35,2022,0,4.51,2,25.6,1,0,,0,0,0,0.5457,High
TP-01667,Free,NGO,Francistown,Partnership,2023-03-17,,Active,745,2023,0,2.34,2,7.0,0,0,-5.0,0,0,0,0.95,Critical
TP-01668,Enterprise,Finance,Gaborone,Referral,2020-07-28,,Active,1707,2020,2299,5.14,8,23.5,1,4,,1,1,0,0.02,Low
TP-01669,Free,Retail,Francistown,Referral,2020-08-17,,Active,1687,2020,0,2.75,0,8.3,0,0,0.0,0,0,0,0.7757,Critical
TP-01670,Starter,Finance,Palapye,Direct Sales,2022-05-17,2023-02-04,Churned,263,2022,245,0.75,3,3.7,0,1,,1,0,0,0.7212,Critical
TP-01671,Free,Construction,Francistown,Direct Sales,2020-10-03,2020-11-02,Churned,30,2020,0,2.22,1,14.1,0,1,,0,0,0,0.8545,Critical
TP-01672,Enterprise,Construction,Palapye,Event,2020-11-15,,Active,1597,2020,2299,10.5,10,47.8,1,3,,0,0,0,0.02,Low
TP-01673,Free,Hospitality,Lobatse,Event,2023-08-13,2023-09-18,Churned,36,2023,0,1.44,1,5.8,0,0,,0,0,1,0.95,Critical
TP-01674,Professional,NGO,Maun,Event,2020-07-20,,Active,1715,2020,798,3.5,3,5.0,1,1,39.0,0,1,0,0.1623,Low
TP-01675,Starter,Retail,Francistown,Referral,2020-06-11,2020-07-11,Churned,30,2020,245,3.92,2,23.1,0,3,,0,1,0,0.4752,High
TP-01676,Free,Hospitality,Maun,Organic Search,2021-07-30,,Active,1340,2021,0,0.48,2,1.5,1,0,,0,0,0,0.93,Critical
TP-01677,Starter,Hospitality,Gaborone,Partnership,2024-09-27,2024-12-17,Churned,81,2024,245,1.66,0,4.4,0,1,15.0,0,1,0,0.7273,Critical
TP-01678,Professional,Logistics,Gaborone,Social Media,2024-02-16,,Active,409,2024,798,3.53,7,9.9,0,1,62.0,0,0,0,0.2184,Low
TP-01679,Enterprise,Construction,Gaborone,Partnership,2021-06-30,,Active,1370,2021,2299,6.49,8,17.1,1,3,54.0,0,0,0,0.02,Low
TP-01680,Professional,Finance,Gaborone,Social Media,2021-05-27,,Active,1404,2021,798,3.56,6,21.2,1,2,69.0,1,0,0,0.1827,Low
TP-01681,Starter,Hospitality,Palapye,Organic Search,2023-08-25,,Active,584,2023,245,4.68,5,13.4,0,2,,1,1,0,0.2828,Medium
TP-01682,Starter,Education,Lobatse,Social Media,2024-06-17,2024-07-17,Churned,30,2024,245,4.66,5,26.2,1,2,,0,0,0,0.1654,Low
TP-01683,Enterprise,NGO,Francistown,Referral,2024-10-13,,Active,169,2024,2299,8.9,10,56.5,1,3,70.0,0,1,0,0.02,Low
TP-01684,Free,Agriculture,Lobatse,Partnership,2022-03-31,2022-06-27,Churned,88,2022,0,0.0,3,0.0,0,0,32.0,0,0,0,0.9404,Critical
TP-01685,Professional,Healthcare,Lobatse,Event,2024-10-12,,Active,170,2024,798,3.95,5,14.0,1,4,47.0,1,0,0,0.3193,Medium
TP-01686,Starter,Finance,Francistown,Organic Search,2021-05-07,,Active,1424,2021,245,2.56,5,11.2,0,0,35.0,0,0,0,0.3668,Medium
TP-01687,Professional,Retail,Gaborone,Referral,2021-02-15,,Active,1505,2021,798,4.58,5,29.7,0,0,21.0,0,0,0,0.0775,Low
TP-01688,Free,Retail,Gaborone,Event,2022-01-06,2022-03-07,Churned,60,2022,0,2.01,1,6.4,1,0,20.0,0,0,1,0.9219,Critical
TP-01689,Professional,Logistics,Francistown,Event,2022-12-12,,Active,840,2022,798,4.86,0,20.3,1,0,,0,1,0,0.1597,Low
TP-01690,Enterprise,Education,Gaborone,Referral,2021-10-18,,Active,1260,2021,2299,5.42,10,26.6,1,1,,0,1,0,0.02,Low
TP-01691,Starter,Retail,Gaborone,Partnership,2020-09-30,,Active,1643,2020,245,2.05,5,9.7,0,1,,0,0,1,0.5968,High
TP-01692,Starter,Professional Services,Gaborone,Social Media,2024-09-11,2024-10-26,Churned,45,2024,245,1.59,4,5.6,0,0,40.0,0,0,1,0.8247,Critical
TP-01693,Free,Education,Gaborone,Referral,2023-09-27,2023-11-13,Churned,47,2023,0,0.4,2,1.5,1,0,,0,0,0,0.9174,Critical
TP-01694,Free,Logistics,Gaborone,Organic Search,2023-01-03,2023-02-02,Churned,30,2023,0,1.15,1,3.9,0,2,-5.0,0,0,0,0.95,Critical
TP-01695,Free,Finance,Lobatse,Direct Sales,2022-02-05,2022-03-07,Churned,30,2022,0,0.39,2,0.9,1,0,6.0,0,0,1,0.95,Critical
TP-01696,Free,Finance,Maun,Direct Sales,2022-10-21,2023-04-10,Churned,171,2022,0,1.95,2,7.4,0,0,,0,0,0,0.95,Critical
TP-01697,Starter,Education,Gaborone,Event,2024-12-02,2025-03-30,Churned,118,2024,245,2.72,5,12.4,0,1,8.0,0,0,0,0.3976,Medium
TP-01698,Starter,Agriculture,Gaborone,Referral,2020-11-09,,Active,1603,2020,245,3.83,4,24.6,1,3,-20.0,0,1,0,0.3591,Medium
TP-01699,Free,Retail,Lobatse,Direct Sales,2022-09-28,2022-11-27,Churned,60,2022,0,0.23,1,1.3,0,0,-6.0,0,0,0,0.95,Critical
TP-01700,Free,NGO,Francistown,Direct Sales,2021-02-10,2021-05-07,Churned,86,2021,0,0.11,2,0.6,0,1,-15.0,0,0,0,0.95,Critical
TP-01701,Free,Finance,Gaborone,Event,2023-07-28,2023-08-27,Churned,30,2023,0,1.5,2,6.4,0,1,,0,0,0,0.95,Critical
TP-01702,Enterprise,Professional Services,Gaborone,Referral,2020-08-26,,Active,1678,2020,2299,7.25,7,20.0,1,2,,0,1,0,0.02,Low
TP-01703,Starter,NGO,Serowe,Direct Sales,2024-10-22,,Active,160,2024,245,3.3,1,9.9,0,2,,0,0,0,0.6469,High
TP-01704,Professional,Agriculture,Francistown,Event,2022-01-21,2022-02-20,Churned,30,2022,798,2.93,7,5.5,1,1,,0,0,0,0.1507,Low
TP-01705,Starter,Retail,Francistown,Partnership,2021-11-28,2022-05-07,Churned,160,2021,245,0.0,2,0.0,1,2,,2,0,0,0.8449,Critical
TP-01706,Starter,Healthcare,Francistown,Organic Search,2023-11-03,2024-03-26,Churned,144,2023,245,1.6,3,4.3,1,0,21.0,0,0,0,0.6193,High
TP-01707,Starter,Hospitality,Gaborone,Direct Sales,2020-09-13,2020-12-27,Churned,105,2020,245,1.03,5,0.7,0,0,,0,0,0,0.5514,High
TP-01708,Starter,Retail,Francistown,Event,2023-12-08,,Active,479,2023,245,3.83,2,2.2,1,1,,0,0,0,0.5371,High
TP-01709,Free,Education,Maun,Partnership,2023-08-15,,Active,594,2023,0,2.19,2,11.4,0,0,1.0,0,0,0,0.7759,Critical
TP-01710,Free,Logistics,Lobatse,Event,2023-06-06,2023-07-22,Churned,46,2023,0,2.35,1,18.0,0,1,,0,0,0,0.8064,Critical
TP-01711,Free,Professional Services,Lobatse,Direct Sales,2021-11-15,2022-01-04,Churned,50,2021,0,1.11,2,4.8,0,0,0.0,0,0,0,0.95,Critical
TP-01712,Starter,Construction,Francistown,Direct Sales,2023-04-05,2024-01-31,Churned,301,2023,245,2.77,4,20.6,1,0,,0,0,1,0.5548,High
TP-01713,Starter,Agriculture,Francistown,Direct Sales,2024-02-26,2024-07-18,Churned,143,2024,245,2.11,4,5.8,1,2,,1,0,0,0.5463,High
TP-01714,Starter,Professional Services,Lobatse,Partnership,2023-03-21,2024-01-20,Churned,305,2023,245,1.35,3,7.3,0,2,,0,0,0,0.6874,Critical
TP-01715,Professional,Hospitality,Francistown,Direct Sales,2023-08-29,2024-06-25,Churned,301,2023,798,3.44,6,12.6,0,1,,1,0,0,0.3134,Medium
TP-01716,Free,Professional Services,Gaborone,Organic Search,2024-11-05,2024-12-05,Churned,30,2024,0,2.15,2,8.9,0,0,37.0,0,0,0,0.839,Critical
TP-01717,Starter,Construction,Gaborone,Social Media,2024-03-12,,Active,384,2024,245,1.91,2,4.4,0,0,,0,0,0,0.7963,Critical
TP-01718,Starter,Agriculture,Gaborone,Event,2020-09-01,2020-10-01,Churned,30,2020,245,3.16,3,19.2,0,2,,1,0,0,0.6133,High
TP-01719,Free,Construction,Maun,Partnership,2022-10-28,2022-11-27,Churned,30,2022,0,2.73,2,16.2,1,0,12.0,0,0,0,0.7556,Critical
TP-01720,Free,Hospitality,Gaborone,Social Media,2023-09-01,2023-10-01,Churned,30,2023,0,1.33,2,6.1,0,0,,0,0,0,0.95,Critical
TP-01721,Free,Finance,Lobatse,Referral,2021-11-27,2022-01-12,Churned,46,2021,0,1.24,2,5.5,0,3,13.0,0,0,0,0.95,Critical
TP-01722,Free,Logistics,Gaborone,Partnership,2022-11-29,2023-04-27,Churned,149,2022,0,0.5,0,1.5,0,0,37.0,0,0,1,0.95,Critical
TP-01723,Free,Professional Services,Gaborone,Organic Search,2023-09-15,2023-11-19,Churned,65,2023,0,2.51,0,11.2,0,0,,0,0,0,0.7875,Critical
TP-01724,Free,Construction,Maun,Organic Search,2021-09-20,2021-10-20,Churned,30,2021,0,1.6,2,7.9,1,0,,0,0,0,0.8299,Critical
TP-01725,Enterprise,Retail,Palapye,Social Media,2023-07-15,,Active,625,2023,2299,3.67,8,14.8,1,4,59.0,0,0,0,0.02,Low
TP-01726,Enterprise,Healthcare,Francistown,Social Media,2021-02-11,,Active,1509,2021,2299,4.71,9,17.7,1,5,61.0,0,0,0,0.02,Low
TP-01727,Starter,Healthcare,Gaborone,Partnership,2022-10-01,,Active,912,2022,245,1.77,5,3.2,1,4,9.0,0,0,0,0.5764,High
TP-01728,Free,Healthcare,Francistown,Partnership,2024-08-21,,Active,222,2024,0,2.44,1,13.5,0,0,28.0,0,0,0,0.815,Critical
TP-01729,Free,Agriculture,Francistown,Partnership,2021-03-25,,Active,1467,2021,0,0.0,3,0.0,1,0,49.0,0,0,0,0.6498,High
TP-01730,Professional,NGO,Gaborone,Direct Sales,2023-12-06,,Active,481,2023,798,3.91,5,19.5,1,3,10.0,0,0,0,0.0861,Low
TP-01731,Starter,Construction,Maun,Partnership,2022-08-20,,Active,954,2022,245,2.91,3,8.0,0,0,14.0,0,1,0,0.3243,Medium
TP-01732,Free,NGO,Gaborone,Social Media,2024-12-02,2025-01-01,Churned,30,2024,0,0.13,3,0.4,0,0,31.0,0,0,0,0.855,Critical
TP-01733,Starter,Retail,Serowe,Direct Sales,2022-06-10,2022-12-19,Churned,192,2022,245,2.16,2,13.2,1,4,,3,0,1,0.9143,Critical
TP-01734,Professional,Construction,Serowe,Partnership,2024-08-20,,Active,223,2024,798,4.91,3,17.4,0,2,,0,1,0,0.0997,Low
TP-01735,Starter,Hospitality,Gaborone,Partnership,2021-11-15,2021-12-15,Churned,30,2021,245,1.21,2,3.8,1,1,,2,0,1,0.95,Critical
TP-01736,Professional,Healthcare,Francistown,Partnership,2021-10-26,,Active,1252,2021,798,7.43,5,38.5,1,3,39.0,0,0,0,0.02,Low
TP-01737,Professional,Finance,Francistown,Direct Sales,2023-03-16,,Active,746,2023,798,5.24,5,27.7,1,3,45.0,1,0,0,0.109,Low
TP-01738,Free,Education,Francistown,Direct Sales,2022-04-28,,Active,1068,2022,0,0.0,2,0.0,0,0,47.0,0,0,0,0.95,Critical
TP-01739,Professional,Construction,Gaborone,Partnership,2024-12-06,,Active,115,2024,798,1.31,6,3.4,1,0,4.0,1,1,0,0.3062,Medium
TP-01740,Free,Hospitality,Palapye,Referral,2024-09-25,2024-11-16,Churned,52,2024,0,0.0,3,0.0,0,1,,0,0,1,0.95,Critical
TP-01741,Free,NGO,Gaborone,Organic Search,2020-06-19,2020-07-19,Churned,30,2020,0,3.02,2,9.4,0,0,,0,0,0,0.8596,Critical
TP-01742,Enterprise,Logistics,Gaborone,Direct Sales,2024-04-22,,Active,343,2024,2299,3.15,6,22.3,1,2,47.0,0,1,0,0.02,Low
TP-01743,Free,Retail,Gaborone,Referral,2021-12-28,,Active,1189,2021,0,0.0,2,0.0,0,0,63.0,0,0,0,0.95,Critical
TP-01744,Starter,Finance,Francistown,Organic Search,2020-06-13,,Active,1752,2020,245,6.2,3,14.9,0,0,,0,1,0,0.2218,Low
TP-01745,Free,Logistics,Lobatse,Referral,2021-07-07,2021-09-25,Churned,80,2021,0,2.56,2,12.3,0,0,30.0,0,0,0,0.8905,Critical
TP-01746,Free,Healthcare,Gaborone,Event,2022-09-15,2022-10-15,Churned,30,2022,0,0.6,2,3.4,0,1,,0,0,0,0.95,Critical
TP-01747,Free,Professional Services,Palapye,Organic Search,2021-07-23,2021-08-22,Churned,30,2021,0,1.72,1,7.4,0,0,-1.0,0,0,0,0.95,Critical
TP-01748,Starter,Agriculture,Palapye,Partnership,2020-09-07,,Active,1666,2020,245,2.62,3,16.0,1,0,11.0,1,0,0,0.5038,High
TP-01749,Enterprise,Hospitality,Gaborone,Organic Search,2024-03-07,,Active,389,2024,2299,7.85,6,31.9,1,1,,0,0,0,0.02,Low
TP-01750,Enterprise,Retail,Gaborone,Direct Sales,2021-11-04,,Active,1243,2021,2299,5.64,9,7.7,1,5,54.0,0,0,0,0.02,Low
TP-01751,Free,Construction,Serowe,Organic Search,2021-01-15,2021-03-21,Churned,65,2021,0,0.53,2,1.8,1,1,42.0,0,0,0,0.95,Critical
TP-01752,Professional,Logistics,Maun,Partnership,2024-07-12,,Active,262,2024,798,4.35,6,22.0,0,4,54.0,0,0,0,0.1269,Low
TP-01753,Professional,Construction,Maun,Event,2024-01-05,,Active,451,2024,798,3.81,5,12.7,1,4,100.0,0,1,0,0.1071,Low
TP-01754,Starter,Professional Services,Palapye,Social Media,2024-06-02,2024-11-19,Churned,170,2024,245,5.05,2,26.7,1,4,-4.0,3,0,1,0.9006,Critical
TP-01755,Enterprise,Retail,Gaborone,Event,2023-12-24,,Active,463,2023,2299,6.28,8,41.4,1,5,48.0,1,0,0,0.0452,Low
TP-01756,Professional,Healthcare,Francistown,Referral,2022-04-09,,Active,1087,2022,798,5.4,5,16.7,0,4,,1,1,0,0.1453,Low
TP-01757,Professional,Professional Services,Francistown,Event,2022-08-21,,Active,953,2022,798,3.95,6,0.8,1,1,38.0,0,0,0,0.1384,Low
TP-01758,Free,Healthcare,Palapye,Social Media,2021-11-18,2022-02-26,Churned,100,2021,0,0.73,1,4.7,0,0,16.0,0,0,0,0.95,Critical
TP-01759,Professional,Professional Services,Francistown,Partnership,2021-08-20,,Active,1319,2021,798,7.05,7,24.1,1,1,,1,1,0,0.02,Low
TP-01760,Professional,Education,Gaborone,Partnership,2021-02-08,,Active,1512,2021,798,8.03,6,25.4,1,0,55.0,1,0,0,0.0249,Low
TP-01761,Professional,Agriculture,Serowe,Partnership,2023-08-31,,Active,578,2023,798,5.9,8,25.5,1,1,,0,0,0,0.02,Low
TP-01762,Free,Education,Francistown,Event,2021-02-28,2021-03-30,Churned,30,2021,0,1.28,0,3.7,0,0,28.0,0,0,0,0.95,Critical
TP-01763,Free,Construction,Gaborone,Organic Search,2024-07-02,2024-09-07,Churned,67,2024,0,0.48,1,3.3,0,0,-9.0,0,0,0,0.95,Critical
TP-01764,Free,Finance,Francistown,Partnership,2022-12-08,2023-06-21,Churned,195,2022,0,0.62,2,2.7,1,0,13.0,0,0,0,0.9059,Critical
TP-01765,Enterprise,Finance,Francistown,Direct Sales,2024-12-30,,Active,91,2024,2299,5.77,9,12.3,1,1,,0,1,0,0.02,Low
TP-01766,Starter,Finance,Palapye,Referral,2021-03-26,,Active,1466,2021,245,1.43,3,5.2,1,1,,0,1,0,0.531,High
TP-01767,Free,Finance,Gaborone,Direct Sales,2022-07-18,2022-08-17,Churned,30,2022,0,0.0,1,0.0,1,2,,0,0,0,0.8895,Critical
TP-01768,Professional,Logistics,Maun,Organic Search,2020-06-23,,Active,1742,2020,798,3.99,4,15.3,1,1,,0,1,0,0.0761,Low
TP-01769,Free,Retail,Palapye,Referral,2023-07-08,2023-10-10,Churned,94,2023,0,0.38,0,1.6,0,1,-3.0,0,0,0,0.95,Critical
TP-01770,Professional,Healthcare,Gaborone,Partnership,2024-01-05,,Active,451,2024,798,5.61,7,26.4,1,8,37.0,1,0,0,0.1314,Low
TP-01771,Free,Professional Services,Gaborone,Referral,2024-07-11,2024-08-26,Churned,46,2024,0,1.56,2,4.8,0,2,6.0,0,0,0,0.95,Critical
TP-01772,Professional,Education,Lobatse,Partnership,2022-07-17,,Active,988,2022,798,1.94,4,9.0,1,3,19.0,1,1,0,0.4344,Medium
TP-01773,Starter,Agriculture,Gaborone,Organic Search,2020-10-30,,Active,1613,2020,245,2.68,2,9.6,1,0,,1,0,0,0.6649,Critical
TP-01774,Enterprise,Construction,Lobatse,Organic Search,2024-12-11,,Active,110,2024,2299,6.26,10,8.0,1,6,56.0,0,0,0,0.02,Low
TP-01775,Professional,Healthcare,Serowe,Direct Sales,2020-08-25,,Active,1679,2020,798,5.63,5,17.4,1,2,16.0,2,0,0,0.0727,Low
TP-01776,Free,Hospitality,Gaborone,Event,2023-08-07,2023-09-06,Churned,30,2023,0,1.52,3,4.5,0,0,-14.0,0,0,0,0.9377,Critical
TP-01777,Free,Construction,Francistown,Partnership,2023-07-13,2023-08-12,Churned,30,2023,0,2.9,1,11.5,0,1,,0,0,1,0.9405,Critical
TP-01778,Professional,Professional Services,Gaborone,Social Media,2024-12-01,,Active,120,2024,798,4.48,7,23.2,1,2,39.0,1,0,0,0.059,Low
TP-01779,Starter,Agriculture,Gaborone,Partnership,2021-09-28,,Active,1280,2021,245,1.02,2,4.9,1,3,,0,1,0,0.6133,High
TP-01780,Starter,NGO,Francistown,Referral,2022-07-19,,Active,986,2022,245,2.01,4,7.8,1,1,,2,0,1,0.6125,High
TP-01781,Professional,Education,Lobatse,Organic Search,2024-10-23,,Active,159,2024,798,3.95,7,22.1,1,2,39.0,0,1,0,0.0429,Low
TP-01782,Starter,Hospitality,Francistown,Direct Sales,2023-10-17,,Active,531,2023,245,2.38,3,7.6,1,1,24.0,1,0,0,0.4882,High
TP-01783,Free,Professional Services,Francistown,Partnership,2022-09-03,2022-10-29,Churned,56,2022,0,2.38,1,7.3,0,0,35.0,0,0,0,0.9106,Critical
TP-01784,Starter,Logistics,Gaborone,Event,2021-11-24,2021-12-24,Churned,30,2021,245,4.86,2,6.4,0,3,10.0,0,0,1,0.7041,Critical
TP-01785,Starter,Education,Francistown,Organic Search,2022-03-16,,Active,1111,2022,245,4.32,3,22.4,1,3,23.0,0,1,0,0.1866,Low
TP-01786,Free,NGO,Gaborone,Event,2020-09-10,2020-11-18,Churned,69,2020,0,0.02,1,0.0,1,1,3.0,0,0,0,0.95,Critical
TP-01787,Starter,Retail,Francistown,Referral,2021-03-06,,Active,1486,2021,245,2.77,1,7.3,1,1,,0,0,0,0.5781,High
TP-01788,Professional,Healthcare,Gaborone,Organic Search,2023-02-20,2024-01-13,Churned,327,2023,798,1.48,6,6.4,1,0,,0,0,0,0.2534,Medium
TP-01789,Starter,Logistics,Gaborone,Referral,2022-10-08,2022-11-07,Churned,30,2022,245,3.31,2,16.8,1,1,,0,0,0,0.5306,High
TP-01790,Professional,Finance,Francistown,Organic Search,2020-12-05,,Active,1577,2020,798,3.83,4,7.0,1,2,85.0,0,1,0,0.1156,Low
TP-01791,Starter,Professional Services,Lobatse,Event,2020-11-24,,Active,1588,2020,245,4.04,3,14.4,1,1,27.0,0,0,1,0.3169,Medium
TP-01792,Starter,NGO,Gaborone,Organic Search,2020-08-07,2021-03-06,Churned,211,2020,245,0.0,3,0.0,1,1,,0,0,0,0.6336,High
TP-01793,Starter,Professional Services,Palapye,Partnership,2024-10-26,2025-03-30,Churned,155,2024,245,1.06,3,3.8,1,0,,1,0,0,0.6365,High
TP-01794,Starter,Finance,Francistown,Direct Sales,2022-05-07,,Active,1059,2022,245,4.94,1,12.1,1,2,25.0,0,0,0,0.3233,Medium
TP-01795,Professional,NGO,Serowe,Partnership,2021-03-17,,Active,1475,2021,798,1.77,2,4.7,0,3,17.0,0,1,0,0.5231,High
TP-01796,Professional,Retail,Gaborone,Organic Search,2021-04-11,,Active,1450,2021,798,4.82,4,41.3,1,5,,0,0,0,0.1434,Low
TP-01797,Free,Logistics,Palapye,Referral,2024-10-22,2024-11-23,Churned,32,2024,0,1.11,1,5.7,0,1,28.0,0,0,0,0.95,Critical
TP-01798,Professional,Agriculture,Francistown,Direct Sales,2021-12-12,,Active,1205,2021,798,3.05,7,15.3,0,3,60.0,0,0,0,0.1257,Low
TP-01799,Starter,Construction,Lobatse,Social Media,2022-02-04,,Active,1151,2022,245,2.74,5,10.5,0,2,47.0,0,0,0,0.3481,Medium
TP-01800,Professional,Healthcare,Gaborone,Referral,2023-06-12,,Active,658,2023,798,2.3,4,7.1,1,3,46.0,0,0,0,0.2462,Low
TP-01801,Free,Retail,Gaborone,Direct Sales,2023-11-22,2023-12-26,Churned,34,2023,0,0.7,1,4.7,0,0,0.0,0,0,0,0.95,Critical
TP-01802,Free,Retail,Francistown,Social Media,2024-09-16,2024-12-20,Churned,95,2024,0,2.3,2,14.3,0,0,31.0,0,0,0,0.8935,Critical
TP-01803,Free,NGO,Gaborone,Referral,2020-12-22,2021-01-21,Churned,30,2020,0,2.79,2,5.8,0,0,,0,0,0,0.8104,Critical
TP-01804,Starter,Hospitality,Gaborone,Social Media,2024-05-13,2024-08-13,Churned,92,2024,245,3.16,3,22.7,0,3,,3,1,0,0.4981,High
TP-01805,Free,NGO,Gaborone,Referral,2022-03-08,2022-04-07,Churned,30,2022,0,1.54,1,7.0,0,0,,0,0,0,0.95,Critical
TP-01806,Free,Hospitality,Gaborone,Social Media,2024-10-25,2025-01-03,Churned,70,2024,0,0.03,3,0.1,0,0,,0,0,0,0.8925,Critical
TP-01807,Free,Agriculture,Serowe,Event,2020-09-12,,Active,1661,2020,0,2.08,1,12.1,1,0,11.0,0,0,0,0.7452,Critical
TP-01808,Enterprise,NGO,Gaborone,Event,2023-11-17,,Active,500,2023,2299,6.61,8,23.7,1,6,29.0,0,1,0,0.02,Low
TP-01809,Free,Logistics,Maun,Referral,2023-01-06,2023-08-28,Churned,234,2023,0,0.5,1,1.2,0,0,5.0,0,0,0,0.95,Critical
TP-01810,Professional,Professional Services,Gaborone,Direct Sales,2022-01-11,,Active,1175,2022,798,4.54,5,25.1,0,3,,0,0,0,0.02,Low
TP-01811,Free,NGO,Gaborone,Social Media,2022-05-15,,Active,1051,2022,0,1.57,1,6.5,1,0,26.0,0,0,0,0.95,Critical
TP-01812,Free,Professional Services,Francistown,Event,2023-11-09,2023-12-09,Churned,30,2023,0,0.0,3,0.0,0,0,,0,0,0,0.8955,Critical
TP-01813,Starter,Hospitality,Lobatse,Social Media,2022-05-10,2022-09-22,Churned,135,2022,245,3.26,3,15.2,0,4,55.0,0,0,0,0.5829,High
TP-01814,Free,Logistics,Francistown,Partnership,2020-06-27,2020-09-08,Churned,73,2020,0,0.96,2,3.6,0,1,40.0,0,0,0,0.95,Critical
TP-01815,Professional,Retail,Gaborone,Direct Sales,2024-06-08,,Active,296,2024,798,2.77,5,5.8,1,1,-19.0,1,0,0,0.4255,Medium
TP-01816,Starter,Hospitality,Maun,Referral,2024-02-17,,Active,408,2024,245,2.99,1,2.2,1,2,,1,1,0,0.4686,High
TP-01817,Professional,Retail,Gaborone,Direct Sales,2022-12-26,,Active,826,2022,798,7.15,7,32.7,1,0,,0,1,0,0.02,Low
TP-01818,Professional,Professional Services,Francistown,Direct Sales,2022-03-04,,Active,1123,2022,798,4.12,6,20.0,1,1,,2,1,0,0.02,Low
TP-01819,Starter,Hospitality,Francistown,Event,2021-06-18,2021-09-04,Churned,78,2021,245,2.75,4,12.1,0,1,,0,0,0,0.4864,High
TP-01820,Free,Retail,Francistown,Event,2022-10-12,2022-11-11,Churned,30,2022,0,0.0,3,0.0,0,0,39.0,0,0,0,0.9153,Critical
TP-01821,Enterprise,Finance,Palapye,Partnership,2021-11-01,,Active,1246,2021,2299,6.04,9,38.3,1,4,19.0,0,0,0,0.02,Low
TP-01822,Free,Retail,Gaborone,Event,2022-04-17,2022-05-17,Churned,30,2022,0,0.0,2,0.0,0,1,,0,0,0,0.95,Critical
TP-01823,Enterprise,Finance,Serowe,Partnership,2022-12-11,,Active,841,2022,2299,8.14,6,35.1,1,4,,0,1,0,0.02,Low
TP-01824,Free,Agriculture,Gaborone,Referral,2022-10-07,2022-11-29,Churned,53,2022,0,0.08,1,0.2,0,0,,0,0,0,0.95,Critical
TP-01825,Free,Education,Gaborone,Referral,2020-11-07,,Active,1605,2020,0,1.06,3,5.3,0,0,,0,0,0,0.873,Critical
TP-01826,Free,Education,Serowe,Referral,2024-06-01,2024-07-01,Churned,30,2024,0,3.05,2,21.1,0,0,2.0,0,0,0,0.8305,Critical
TP-01827,Free,NGO,Maun,Referral,2020-10-17,2020-11-16,Churned,30,2020,0,0.6,2,1.5,0,0,,0,0,0,0.9431,Critical
TP-01828,Starter,NGO,Gaborone,Organic Search,2024-09-30,,Active,182,2024,245,1.79,5,8.6,1,1,28.0,0,0,0,0.4278,Medium
TP-01829,Professional,Education,Francistown,Direct Sales,2024-04-14,,Active,351,2024,798,4.74,6,25.7,0,2,38.0,0,0,0,0.02,Low
TP-01830,Professional,Education,Palapye,Direct Sales,2023-06-01,2024-03-16,Churned,289,2023,798,6.55,7,31.0,0,2,,0,0,0,0.0826,Low
TP-01831,Enterprise,NGO,Lobatse,Partnership,2023-09-05,,Active,573,2023,2299,6.41,8,18.0,1,3,49.0,0,0,0,0.02,Low
TP-01832,Starter,Finance,Gaborone,Event,2024-08-23,,Active,220,2024,245,3.59,5,12.8,1,1,41.0,0,1,0,0.232,Low
TP-01833,Free,Construction,Gaborone,Referral,2020-09-30,2020-10-30,Churned,30,2020,0,1.21,2,5.7,0,0,31.0,0,0,0,0.95,Critical
TP-01834,Professional,Finance,Maun,Organic Search,2022-10-12,,Active,901,2022,798,4.62,4,12.4,0,1,,0,0,0,0.1971,Low
TP-01835,Starter,Hospitality,Maun,Event,2020-06-27,,Active,1738,2020,245,2.46,4,12.8,1,1,,0,0,0,0.375,Medium
TP-01836,Free,Logistics,Francistown,Referral,2024-04-25,2024-05-25,Churned,30,2024,0,1.27,1,8.7,0,0,25.0,0,0,0,0.95,Critical
TP-01837,Professional,Hospitality,Francistown,Direct Sales,2022-04-19,2023-12-14,Churned,604,2022,798,4.99,5,31.6,0,5,18.0,0,0,0,0.2453,Low
TP-01838,Starter,NGO,Gaborone,Direct Sales,2022-12-23,2023-01-22,Churned,30,2022,245,1.2,3,3.3,1,1,23.0,0,0,0,0.5621,High
TP-01839,Professional,Retail,Maun,Partnership,2020-12-01,,Active,1581,2020,798,3.76,7,15.7,1,1,,0,0,0,0.0978,Low
TP-01840,Starter,Hospitality,Francistown,Partnership,2021-08-21,,Active,1318,2021,245,5.21,3,17.6,1,1,,0,1,0,0.085,Low
TP-01841,Professional,Professional Services,Francistown,Direct Sales,2021-04-29,2021-05-29,Churned,30,2021,798,5.23,5,29.9,1,5,-5.0,1,0,0,0.2887,Medium
TP-01842,Free,Agriculture,Francistown,Social Media,2022-10-04,2022-11-14,Churned,41,2022,0,2.99,1,4.5,0,0,,0,0,0,0.8344,Critical
TP-01843,Professional,Agriculture,Gaborone,Direct Sales,2021-04-10,,Active,1451,2021,798,3.13,5,13.6,1,1,39.0,0,0,0,0.0781,Low
TP-01844,Professional,Healthcare,Gaborone,Organic Search,2022-11-21,,Active,861,2022,798,3.49,6,9.9,0,2,30.0,1,1,0,0.246,Low
TP-01845,Professional,Construction,Francistown,Social Media,2020-06-18,,Active,1747,2020,798,7.32,7,36.1,1,3,,1,1,0,0.02,Low
TP-01846,Starter,Professional Services,Gaborone,Referral,2021-11-06,2021-12-06,Churned,30,2021,245,1.12,4,7.7,1,1,27.0,0,1,0,0.532,High
TP-01847,Starter,Education,Gaborone,Referral,2020-12-25,,Active,1557,2020,245,3.45,1,7.4,0,0,,0,0,0,0.5844,High
TP-01848,Enterprise,NGO,Gaborone,Partnership,2022-09-13,,Active,930,2022,2299,6.24,8,30.0,1,6,47.0,0,1,0,0.02,Low
TP-01849,Free,NGO,Francistown,Direct Sales,2021-11-22,,Active,1225,2021,0,1.64,3,3.8,1,0,,0,0,0,0.8285,Critical
TP-01850,Free,Logistics,Lobatse,Referral,2022-06-19,2022-07-19,Churned,30,2022,0,3.1,0,14.2,0,1,36.0,0,0,0,0.8085,Critical
TP-01851,Enterprise,Retail,Serowe,Referral,2020-11-06,,Active,1606,2020,2299,5.73,9,21.3,1,4,,0,0,0,0.02,Low
TP-01852,Starter,Education,Palapye,Event,2022-08-09,2023-01-19,Churned,163,2022,245,2.84,3,2.7,0,2,,1,1,0,0.4926,High
TP-01853,Starter,Healthcare,Maun,Event,2022-04-19,2022-05-19,Churned,30,2022,245,3.41,2,12.9,0,0,-10.0,0,1,0,0.5523,High
TP-01854,Enterprise,NGO,Serowe,Direct Sales,2024-12-09,,Active,112,2024,2299,5.48,8,15.3,1,4,63.0,1,1,0,0.02,Low
TP-01855,Free,Education,Gaborone,Event,2020-06-17,2020-07-17,Churned,30,2020,0,1.26,1,5.1,0,0,,0,0,0,0.95,Critical
TP-01856,Free,Agriculture,Francistown,Social Media,2024-10-28,2024-11-27,Churned,30,2024,0,0.54,1,2.1,0,0,,0,0,0,0.95,Critical
TP-01857,Free,Construction,Gaborone,Social Media,2021-03-07,2021-04-21,Churned,45,2021,0,1.0,2,1.7,1,0,,0,0,0,0.9486,Critical
TP-01858,Professional,Retail,Lobatse,Social Media,2024-01-24,2024-06-09,Churned,137,2024,798,6.37,2,18.0,1,2,85.0,0,0,0,0.2372,Low
TP-01859,Starter,Professional Services,Gaborone,Social Media,2022-02-23,2022-06-07,Churned,104,2022,245,3.8,4,17.4,1,1,,0,0,0,0.3558,Medium
TP-01860,Professional,Retail,Gaborone,Event,2024-04-06,,Active,359,2024,798,5.26,5,25.9,0,0,44.0,0,0,0,0.02,Low
TP-01861,Free,Professional Services,Gaborone,Event,2023-06-30,2023-08-01,Churned,32,2023,0,2.01,2,12.8,0,0,,0,0,0,0.8386,Critical
TP-01862,Starter,Hospitality,Gaborone,Partnership,2024-11-20,2024-12-27,Churned,37,2024,245,5.73,1,28.4,1,0,15.0,1,0,0,0.5249,High
TP-01863,Free,Construction,Francistown,Referral,2024-01-19,,Active,437,2024,0,4.01,1,11.7,0,1,,0,0,0,0.669,Critical
TP-01864,Free,Logistics,Francistown,Referral,2023-08-27,2023-09-27,Churned,31,2023,0,3.44,1,16.6,0,2,,0,0,0,0.8694,Critical
TP-01865,Free,Healthcare,Palapye,Event,2020-09-04,2020-10-04,Churned,30,2020,0,0.62,1,3.4,0,0,,0,0,0,0.95,Critical
TP-01866,Free,Education,Gaborone,Partnership,2024-02-09,2024-03-10,Churned,30,2024,0,0.59,0,0.3,0,0,54.0,0,0,0,0.95,Critical
TP-01867,Starter,Hospitality,Gaborone,Referral,2022-03-17,,Active,1110,2022,245,3.33,1,11.6,1,0,,1,1,0,0.5272,High
TP-01868,Professional,Construction,Serowe,Partnership,2024-12-07,,Active,114,2024,798,5.36,5,23.4,1,1,17.0,0,0,0,0.02,Low
TP-01869,Free,Construction,Gaborone,Social Media,2022-05-20,2022-06-19,Churned,30,2022,0,1.46,2,4.9,0,0,27.0,0,0,0,0.95,Critical
TP-01870,Starter,Logistics,Serowe,Social Media,2021-02-17,,Active,1503,2021,245,0.0,3,0.0,0,0,,0,0,0,0.6548,Critical
TP-01871,Free,Construction,Gaborone,Referral,2024-01-02,2024-02-06,Churned,35,2024,0,0.44,1,2.6,0,1,,0,0,0,0.95,Critical
TP-01872,Free,Healthcare,Gaborone,Direct Sales,2024-04-16,2024-05-16,Churned,30,2024,0,0.87,2,6.7,0,0,,0,0,0,0.95,Critical
TP-01873,Free,Construction,Gaborone,Organic Search,2023-04-05,2023-05-05,Churned,30,2023,0,0.0,1,0.0,0,0,36.0,0,0,0,0.95,Critical
TP-01874,Starter,Agriculture,Francistown,Organic Search,2024-09-13,2024-11-14,Churned,62,2024,245,2.92,4,23.7,0,1,70.0,0,0,0,0.4522,High
TP-01875,Starter,Hospitality,Gaborone,Social Media,2024-01-12,,Active,444,2024,245,2.19,2,10.9,0,2,,0,0,0,0.5821,High
TP-01876,Starter,Logistics,Maun,Event,2022-11-08,2023-01-24,Churned,77,2022,245,1.03,4,1.5,0,1,,1,0,0,0.7616,Critical
TP-01877,Free,Logistics,Serowe,Referral,2021-03-25,,Active,1467,2021,0,2.02,1,11.1,1,0,,0,0,0,0.7416,Critical
TP-01878,Professional,Finance,Gaborone,Organic Search,2024-08-23,,Active,220,2024,798,3.34,5,11.8,1,2,50.0,0,1,0,0.02,Low
TP-01879,Starter,NGO,Gaborone,Event,2024-04-04,,Active,361,2024,245,2.01,4,10.1,0,1,-7.0,0,0,0,0.6038,High
TP-01880,Enterprise,Education,Gaborone,Event,2020-09-09,,Active,1664,2020,2299,8.1,7,42.0,1,1,14.0,0,0,0,0.02,Low
TP-01881,Starter,Construction,Gaborone,Event,2021-01-21,,Active,1530,2021,245,4.7,3,3.7,0,1,36.0,3,0,0,0.4733,High
TP-01882,Free,Finance,Lobatse,Organic Search,2024-01-29,2024-03-22,Churned,53,2024,0,1.28,3,6.0,0,1,43.0,0,0,0,0.8979,Critical
TP-01883,Professional,Hospitality,Gaborone,Organic Search,2023-04-08,,Active,723,2023,798,3.67,4,22.4,0,3,,0,1,0,0.2414,Low
TP-01884,Free,Healthcare,Serowe,Organic Search,2022-06-11,2022-07-11,Churned,30,2022,0,1.39,2,4.8,0,0,,0,0,0,0.95,Critical
TP-01885,Starter,Education,Gaborone,Event,2021-12-01,,Active,1216,2021,245,0.81,4,3.7,1,1,,2,0,0,0.6734,Critical
TP-01886,Free,Agriculture,Francistown,Referral,2023-09-24,2024-01-02,Churned,100,2023,0,2.31,1,14.7,0,1,28.0,0,0,0,0.8532,Critical
TP-01887,Starter,Retail,Serowe,Organic Search,2021-11-02,2022-03-26,Churned,144,2021,245,3.24,1,8.9,1,2,,1,0,1,0.8314,Critical
TP-01888,Starter,Hospitality,Gaborone,Referral,2023-08-15,,Active,594,2023,245,3.48,4,15.5,1,0,,0,0,0,0.3452,Medium
TP-01889,Starter,Logistics,Gaborone,Partnership,2023-05-08,,Active,693,2023,245,1.59,3,4.9,1,0,66.0,0,0,0,0.5684,High
TP-01890,Free,Logistics,Maun,Event,2024-09-13,,Active,199,2024,0,2.35,2,14.5,1,0,,0,0,0,0.821,Critical
TP-01891,Starter,Logistics,Francistown,Direct Sales,2022-05-23,,Active,1043,2022,245,0.0,5,0.0,1,2,,0,1,0,0.2599,Medium
TP-01892,Free,NGO,Gaborone,Direct Sales,2022-04-05,2022-05-05,Churned,30,2022,0,1.2,2,6.4,0,0,9.0,0,0,0,0.95,Critical
TP-01893,Starter,Education,Gaborone,Organic Search,2021-03-24,,Active,1468,2021,245,2.63,3,6.4,1,2,18.0,0,1,0,0.2871,Medium
TP-01894,Enterprise,NGO,Francistown,Social Media,2023-02-08,,Active,782,2023,2299,8.14,9,44.8,1,3,68.0,0,1,0,0.02,Low
TP-01895,Starter,Healthcare,Gaborone,Event,2024-09-09,2025-03-26,Churned,198,2024,245,3.05,3,9.7,1,2,7.0,1,0,0,0.5737,High
TP-01896,Professional,Agriculture,Palapye,Direct Sales,2024-04-15,2025-03-30,Churned,349,2024,798,4.26,6,25.8,0,3,24.0,1,1,0,0.0315,Low
TP-01897,Free,Education,Maun,Direct Sales,2021-07-13,,Active,1357,2021,0,2.41,1,6.8,1,0,,0,0,0,0.6992,Critical
TP-01898,Starter,Professional Services,Palapye,Partnership,2024-01-23,2024-02-22,Churned,30,2024,245,1.07,3,7.2,1,1,,1,0,0,0.658,Critical
TP-01899,Free,Logistics,Maun,Referral,2022-06-24,2022-08-18,Churned,55,2022,0,0.88,0,2.0,0,1,-9.0,0,0,0,0.95,Critical
TP-01900,Enterprise,Education,Francistown,Partnership,2023-11-24,,Active,493,2023,2299,6.41,9,21.2,1,6,,0,0,0,0.02,Low
TP-01901,Free,Healthcare,Gaborone,Direct Sales,2021-10-21,2021-11-20,Churned,30,2021,0,1.6,2,7.1,0,0,-6.0,0,0,0,0.95,Critical
TP-01902,Free,Healthcare,Serowe,Social Media,2023-11-06,2023-12-06,Churned,30,2023,0,4.14,0,15.7,1,0,,0,0,0,0.5472,High
TP-01903,Starter,Healthcare,Gaborone,Direct Sales,2022-01-05,,Active,1181,2022,245,0.52,3,2.2,1,0,,0,0,0,0.5007,High
TP-01904,Starter,Hospitality,Gaborone,Partnership,2022-04-04,2022-11-01,Churned,211,2022,245,3.25,4,23.4,0,0,16.0,0,0,0,0.4703,High
TP-01905,Starter,Finance,Francistown,Partnership,2023-09-07,,Active,571,2023,245,4.5,4,21.2,0,3,41.0,0,1,1,0.4647,High
TP-01906,Free,Hospitality,Gaborone,Direct Sales,2024-09-07,2024-10-19,Churned,42,2024,0,2.99,1,13.0,1,1,-14.0,0,0,0,0.8542,Critical
TP-01907,Free,Agriculture,Gaborone,Direct Sales,2024-11-26,2024-12-26,Churned,30,2024,0,1.98,2,11.4,0,2,,0,0,0,0.95,Critical
TP-01908,Starter,Healthcare,Gaborone,Organic Search,2021-03-31,,Active,1461,2021,245,2.78,5,12.9,0,1,-5.0,1,1,1,0.6418,High
TP-01909,Professional,Professional Services,Gaborone,Organic Search,2021-07-23,,Active,1347,2021,798,2.66,7,12.1,0,3,50.0,0,0,0,0.2323,Low
TP-01910,Free,NGO,Gaborone,Event,2023-01-22,2023-02-21,Churned,30,2023,0,2.56,1,12.2,0,0,,0,0,0,0.8131,Critical
TP-01911,Enterprise,NGO,Gaborone,Organic Search,2021-11-17,,Active,1230,2021,2299,7.29,8,25.3,1,2,,1,1,0,0.02,Low
TP-01912,Free,Finance,Francistown,Organic Search,2021-07-25,2021-08-26,Churned,32,2021,0,1.54,3,7.3,0,1,9.0,0,0,0,0.8421,Critical
TP-01913,Starter,Hospitality,Gaborone,Referral,2021-07-05,,Active,1365,2021,245,3.18,2,15.8,1,0,21.0,1,1,0,0.5764,High
TP-01914,Starter,Agriculture,Francistown,Event,2024-03-13,2024-04-12,Churned,30,2024,245,0.49,5,2.0,0,3,25.0,0,0,0,0.5612,High
TP-01915,Professional,Education,Maun,Referral,2023-08-10,,Active,599,2023,798,4.43,7,14.9,0,0,30.0,0,0,0,0.1293,Low
TP-01916,Starter,Logistics,Gaborone,Social Media,2020-10-10,,Active,1633,2020,245,2.89,4,15.2,1,0,12.0,0,1,0,0.3058,Medium
TP-01917,Free,Finance,Serowe,Social Media,2020-09-05,2020-12-07,Churned,93,2020,0,1.51,0,4.5,1,0,,0,0,0,0.9225,Critical
TP-01918,Professional,Hospitality,Gaborone,Referral,2023-05-02,2023-09-15,Churned,136,2023,798,3.67,7,16.8,0,1,,0,1,0,0.1391,Low
TP-01919,Free,Agriculture,Francistown,Organic Search,2021-08-16,2021-09-15,Churned,30,2021,0,2.73,2,6.4,1,0,6.0,0,0,1,0.9133,Critical
TP-01920,Professional,Professional Services,Maun,Direct Sales,2024-10-22,,Active,160,2024,798,2.83,4,8.3,1,0,,0,1,0,0.1587,Low
TP-01921,Free,Logistics,Francistown,Social Media,2024-08-16,2024-09-15,Churned,30,2024,0,1.11,3,6.1,0,0,9.0,0,0,0,0.9065,Critical
TP-01922,Free,Hospitality,Palapye,Event,2023-09-05,2023-10-15,Churned,40,2023,0,0.64,2,3.4,0,0,23.0,0,0,0,0.95,Critical
TP-01923,Free,Hospitality,Gaborone,Partnership,2022-01-28,2022-04-06,Churned,68,2022,0,1.31,1,7.2,0,0,,0,0,0,0.95,Critical
TP-01924,Free,Logistics,Maun,Referral,2024-02-16,2024-03-17,Churned,30,2024,0,2.76,3,20.4,0,1,60.0,0,0,0,0.6335,High
TP-01925,Professional,Agriculture,Palapye,Social Media,2024-02-13,,Active,412,2024,798,3.8,6,26.8,0,5,48.0,0,0,0,0.3517,Medium
TP-01926,Starter,Education,Serowe,Direct Sales,2021-01-03,2021-04-12,Churned,99,2021,245,4.28,1,17.3,0,3,,0,0,0,0.5332,High
TP-01927,Free,Finance,Gaborone,Direct Sales,2021-04-12,2021-05-12,Churned,30,2021,0,0.27,1,1.8,0,0,10.0,0,0,0,0.9375,Critical
TP-01928,Free,Retail,Serowe,Partnership,2024-10-19,2024-12-16,Churned,58,2024,0,2.09,1,10.6,0,0,0.0,0,0,0,0.8466,Critical
TP-01929,Free,Finance,Maun,Referral,2021-10-20,2021-11-19,Churned,30,2021,0,2.32,1,4.9,0,1,,0,0,0,0.8519,Critical
TP-01930,Free,Professional Services,Lobatse,Organic Search,2023-05-24,2023-06-28,Churned,35,2023,0,0.62,1,0.5,0,1,13.0,0,0,0,0.95,Critical
TP-01931,Starter,Agriculture,Serowe,Event,2023-11-10,2024-02-24,Churned,106,2023,245,2.94,2,13.3,1,1,,3,0,1,0.8489,Critical
TP-01932,Starter,Construction,Francistown,Social Media,2020-12-30,,Active,1552,2020,245,1.96,3,10.1,0,1,,0,1,0,0.497,High
TP-01933,Professional,Professional Services,Francistown,Referral,2021-05-26,,Active,1405,2021,798,5.91,6,22.7,1,2,27.0,0,0,0,0.02,Low
TP-01934,Free,Education,Palapye,Referral,2021-03-23,2021-04-22,Churned,30,2021,0,1.12,1,6.8,1,1,19.0,0,0,0,0.95,Critical
TP-01935,Free,Agriculture,Serowe,Referral,2021-07-05,2021-08-04,Churned,30,2021,0,0.58,1,2.2,0,0,16.0,0,0,0,0.95,Critical
TP-01936,Starter,Retail,Gaborone,Partnership,2023-03-20,2023-11-06,Churned,231,2023,245,1.98,3,12.2,0,0,,1,1,0,0.783,Critical
TP-01937,Free,Education,Francistown,Direct Sales,2024-09-16,,Active,196,2024,0,4.04,3,12.7,0,0,17.0,0,0,0,0.5683,High
TP-01938,Starter,NGO,Maun,Referral,2022-08-23,,Active,951,2022,245,1.82,2,12.0,1,0,,1,1,0,0.7117,Critical
TP-01939,Starter,Healthcare,Gaborone,Direct Sales,2023-01-28,2023-04-05,Churned,67,2023,245,2.5,4,2.2,1,0,30.0,1,0,0,0.5163,High
TP-01940,Starter,Hospitality,Serowe,Referral,2020-07-27,2020-08-26,Churned,30,2020,245,5.18,2,24.2,0,2,,0,0,0,0.4818,High
TP-01941,Free,Agriculture,Gaborone,Referral,2023-09-25,2023-10-25,Churned,30,2023,0,2.12,2,7.4,0,1,,0,0,0,0.815,Critical
TP-01942,Professional,Hospitality,Francistown,Referral,2023-11-27,2024-01-09,Churned,43,2023,798,2.3,7,8.8,0,1,,0,0,0,0.2247,Low
TP-01943,Free,Education,Maun,Partnership,2023-04-20,2023-05-20,Churned,30,2023,0,0.67,3,4.4,1,0,,0,0,0,0.8019,Critical
TP-01944,Starter,Retail,Gaborone,Partnership,2023-05-31,2023-10-15,Churned,137,2023,245,1.63,3,7.8,0,4,22.0,1,0,1,0.95,Critical
TP-01945,Free,Hospitality,Gaborone,Referral,2024-10-19,2024-11-18,Churned,30,2024,0,0.64,0,1.9,1,0,,0,0,0,0.9466,Critical
TP-01946,Free,Agriculture,Francistown,Partnership,2023-03-20,2023-04-19,Churned,30,2023,0,3.75,2,15.5,0,1,31.0,0,0,1,0.95,Critical
TP-01947,Free,Education,Gaborone,Partnership,2020-09-28,2020-10-28,Churned,30,2020,0,0.76,1,1.9,0,1,,0,0,0,0.95,Critical
TP-01948,Free,NGO,Palapye,Direct Sales,2022-11-23,2022-12-23,Churned,30,2022,0,0.0,2,0.0,0,0,72.0,0,0,0,0.95,Critical
TP-01949,Professional,Agriculture,Francistown,Social Media,2022-08-27,,Active,947,2022,798,4.96,5,19.2,0,0,,0,1,0,0.02,Low
TP-01950,Free,NGO,Gaborone,Direct Sales,2024-12-13,2025-03-30,Churned,107,2024,0,1.91,3,10.4,1,0,47.0,0,0,0,0.7883,Critical
TP-01951,Free,Healthcare,Gaborone,Social Media,2023-05-26,,Active,675,2023,0,2.58,2,16.4,1,0,,0,0,0,0.7023,Critical
TP-01952,Professional,Professional Services,Gaborone,Partnership,2022-12-02,,Active,850,2022,798,2.81,4,5.3,1,0,,0,0,0,0.2243,Low
TP-01953,Starter,NGO,Maun,Organic Search,2024-01-26,2024-10-30,Churned,278,2024,245,3.41,2,5.3,1,0,,1,1,0,0.6264,High
TP-01954,Free,Hospitality,Maun,Organic Search,2020-06-12,2020-07-12,Churned,30,2020,0,2.25,2,10.3,0,1,41.0,0,0,0,0.8786,Critical
TP-01955,Starter,Construction,Palapye,Organic Search,2022-03-21,,Active,1106,2022,245,2.96,2,16.8,0,0,46.0,0,1,0,0.5012,High
TP-01956,Enterprise,Finance,Maun,Direct Sales,2024-12-16,,Active,105,2024,2299,7.22,7,22.8,1,2,,0,0,0,0.02,Low
TP-01957,Free,Agriculture,Francistown,Direct Sales,2021-05-02,2021-06-01,Churned,30,2021,0,0.22,0,1.2,0,0,,0,0,0,0.95,Critical
TP-01958,Professional,Finance,Francistown,Direct Sales,2024-03-10,,Active,386,2024,798,3.86,6,15.7,0,4,,0,1,0,0.1605,Low
TP-01959,Professional,Professional Services,Francistown,Event,2021-01-20,,Active,1531,2021,798,4.39,5,15.4,0,1,,1,0,0,0.17,Low
TP-01960,Starter,Construction,Gaborone,Social Media,2024-10-09,,Active,173,2024,245,1.19,4,6.5,1,0,,0,1,0,0.3916,Medium
TP-01961,Free,Construction,Maun,Referral,2020-12-21,2021-01-20,Churned,30,2020,0,1.42,2,8.5,0,0,,0,0,0,0.95,Critical
TP-01962,Starter,Professional Services,Francistown,Social Media,2024-05-21,,Active,314,2024,245,3.85,3,10.1,0,0,,0,0,0,0.5643,High
TP-01963,Starter,Professional Services,Maun,Direct Sales,2024-08-26,2024-09-25,Churned,30,2024,245,1.7,3,6.6,0,1,11.0,2,0,1,0.95,Critical
TP-01964,Starter,Healthcare,Gaborone,Organic Search,2023-11-25,,Active,492,2023,245,1.66,3,10.0,1,0,,0,0,1,0.6805,Critical
TP-01965,Starter,Education,Lobatse,Direct Sales,2023-08-31,,Active,578,2023,245,3.59,4,13.1,0,0,,1,0,0,0.5867,High
TP-01966,Enterprise,Hospitality,Maun,Direct Sales,2022-06-25,,Active,1010,2022,2299,3.21,8,17.9,1,1,,0,0,0,0.02,Low
TP-01967,Starter,Education,Francistown,Organic Search,2021-03-11,2021-04-18,Churned,38,2021,245,2.17,3,5.8,1,0,17.0,1,0,0,0.5185,High
TP-01968,Starter,Agriculture,Francistown,Organic Search,2024-09-12,2025-03-08,Churned,177,2024,245,1.19,3,5.7,1,0,-13.0,1,1,0,0.6649,Critical
TP-01969,Free,Logistics,Gaborone,Partnership,2022-09-22,2022-10-26,Churned,34,2022,0,0.0,1,0.0,0,1,,0,0,0,0.95,Critical
TP-01970,Free,Retail,Francistown,Partnership,2022-12-24,2023-01-23,Churned,30,2022,0,0.93,2,3.0,0,1,,0,0,0,0.95,Critical
TP-01971,Starter,NGO,Gaborone,Social Media,2020-11-02,2021-09-23,Churned,325,2020,245,1.06,5,3.2,0,1,100.0,1,0,0,0.6467,High
TP-01972,Professional,Finance,Lobatse,Social Media,2021-07-28,,Active,1342,2021,798,7.93,5,32.8,1,2,,0,0,0,0.02,Low
TP-01973,Free,NGO,Francistown,Social Media,2022-01-15,,Active,1171,2022,0,2.79,2,21.1,0,0,,0,0,0,0.8038,Critical
TP-01974,Free,Hospitality,Gaborone,Organic Search,2021-05-02,2021-09-03,Churned,124,2021,0,1.66,3,3.3,0,1,,0,0,1,0.95,Critical
TP-01975,Starter,Retail,Gaborone,Partnership,2021-06-02,,Active,1398,2021,245,5.14,3,21.1,1,3,,0,0,1,0.3891,Medium
TP-01976,Starter,Retail,Gaborone,Social Media,2024-02-26,2024-04-14,Churned,48,2024,245,2.07,3,6.7,0,1,,0,0,0,0.5302,High
TP-01977,Professional,Professional Services,Francistown,Direct Sales,2021-09-28,2022-09-27,Churned,364,2021,798,4.42,6,9.5,1,6,,0,0,0,0.0256,Low
TP-01978,Free,Education,Maun,Event,2022-09-04,2022-10-04,Churned,30,2022,0,3.68,2,11.1,1,1,,0,0,0,0.7547,Critical
TP-01979,Free,Education,Gaborone,Organic Search,2023-07-18,2023-08-17,Churned,30,2023,0,2.42,1,14.2,0,1,,0,0,0,0.9086,Critical
TP-01980,Free,Logistics,Francistown,Partnership,2024-09-06,2024-12-04,Churned,89,2024,0,1.82,3,5.4,0,1,,0,0,1,0.95,Critical
TP-01981,Starter,Agriculture,Palapye,Organic Search,2020-08-03,,Active,1701,2020,245,2.43,5,5.5,1,1,,0,0,0,0.2808,Medium
TP-01982,Free,Healthcare,Gaborone,Partnership,2020-08-28,2020-10-31,Churned,64,2020,0,2.32,2,18.0,0,1,29.0,0,0,0,0.8702,Critical
TP-01983,Professional,Agriculture,Serowe,Social Media,2021-05-04,,Active,1427,2021,798,3.78,5,11.1,1,0,29.0,0,1,0,0.02,Low
TP-01984,Starter,Agriculture,Palapye,Referral,2022-03-08,2022-04-07,Churned,30,2022,245,3.01,3,15.2,0,3,,0,1,0,0.3604,Medium
TP-01985,Free,Construction,Gaborone,Event,2024-01-18,2024-04-19,Churned,92,2024,0,0.0,0,0.0,0,0,24.0,0,0,1,0.95,Critical
TP-01986,Starter,Education,Gaborone,Referral,2023-10-14,,Active,534,2023,245,4.59,3,20.8,1,0,69.0,0,0,0,0.2303,Low
TP-01987,Free,Logistics,Serowe,Referral,2022-01-10,2022-02-09,Churned,30,2022,0,2.39,0,9.8,0,0,27.0,0,0,1,0.95,Critical
TP-01988,Free,Construction,Gaborone,Event,2021-06-14,2021-07-14,Churned,30,2021,0,2.55,1,11.1,0,1,,0,0,1,0.9241,Critical
TP-01989,Starter,Hospitality,Francistown,Direct Sales,2023-03-11,2023-04-11,Churned,31,2023,245,2.3,2,7.5,1,4,,0,0,0,0.6108,High
TP-01990,Starter,Finance,Gaborone,Referral,2023-09-10,,Active,568,2023,245,1.05,4,6.0,0,0,31.0,0,0,0,0.6969,Critical
TP-01991,Free,Professional Services,Lobatse,Social Media,2023-02-27,2023-06-14,Churned,107,2023,0,0.0,1,0.0,0,1,21.0,0,0,1,0.95,Critical
TP-01992,Free,Healthcare,Francistown,Social Media,2022-12-05,2023-03-16,Churned,101,2022,0,1.51,0,4.5,0,0,-16.0,0,0,0,0.95,Critical
TP-01993,Free,Hospitality,Gaborone,Partnership,2024-07-08,2024-09-15,Churned,69,2024,0,1.14,2,5.8,0,0,,0,0,1,0.95,Critical
TP-01994,Free,NGO,Francistown,Social Media,2022-01-14,2022-02-22,Churned,39,2022,0,0.2,3,1.4,0,0,,0,0,1,0.95,Critical
TP-01995,Starter,Retail,Gaborone,Organic Search,2023-05-22,,Active,679,2023,245,5.42,1,18.8,1,0,8.0,0,0,0,0.3837,Medium
TP-01996,Enterprise,Agriculture,Lobatse,Partnership,2023-01-28,,Active,793,2023,2299,4.94,10,32.4,1,5,,0,0,0,0.02,Low
TP-01997,Free,Hospitality,Francistown,Direct Sales,2021-07-08,2021-08-07,Churned,30,2021,0,1.58,1,3.4,1,0,,0,0,0,0.9242,Critical
TP-01998,Starter,Healthcare,Gaborone,Event,2021-08-10,2022-05-25,Churned,288,2021,245,6.09,1,22.5,0,0,,1,0,0,0.6132,High
TP-01999,Free,NGO,Palapye,Social Media,2022-10-19,2023-06-06,Churned,230,2022,0,2.79,3,9.5,0,1,19.0,0,0,0,0.6874,Critical
TP-02000,Professional,Hospitality,Francistown,Direct Sales,2023-09-19,,Active,559,2023,798,7.77,6,35.3,0,3,,2,1,0,0.0816,Low
TP-02001,Free,NGO,Francistown,Direct Sales,2023-12-11,2024-01-10,Churned,30,2023,0,0.76,1,3.6,0,1,-51.0,0,0,0,0.95,Critical
TP-02002,Free,Retail,Gaborone,Partnership,2023-10-03,2023-11-02,Churned,30,2023,0,1.3,1,6.3,0,2,8.0,0,0,0,0.95,Critical
TP-02003,Free,Education,Gaborone,Event,2020-11-22,2020-12-22,Churned,30,2020,0,2.54,1,11.0,0,1,9.0,0,0,0,0.8702,Critical
TP-02004,Free,Finance,Serowe,Social Media,2023-11-21,2023-12-21,Churned,30,2023,0,1.77,1,10.2,0,1,,0,0,0,0.95,Critical
TP-02005,Starter,Logistics,Gaborone,Social Media,2024-10-05,,Active,177,2024,245,2.68,4,11.5,0,1,71.0,0,0,0,0.3843,Medium
TP-02006,Professional,Retail,Gaborone,Organic Search,2022-11-21,,Active,861,2022,798,0.44,8,2.9,0,1,12.0,0,0,0,0.368,Medium
TP-02007,Starter,Professional Services,Serowe,Social Media,2023-05-20,2023-10-04,Churned,137,2023,245,1.52,3,5.4,0,3,,2,0,0,0.7859,Critical
TP-02008,Starter,Healthcare,Palapye,Social Media,2022-04-05,2022-07-05,Churned,91,2022,245,5.36,2,10.7,0,4,,0,0,0,0.5634,High
TP-02009,Professional,Finance,Lobatse,Partnership,2021-01-01,,Active,1550,2021,798,5.33,4,30.4,1,2,,0,0,0,0.0818,Low
TP-02010,Professional,Professional Services,Serowe,Partnership,2021-10-17,2023-03-26,Churned,525,2021,798,3.29,4,11.2,1,3,,0,0,0,0.2658,Medium
TP-02011,Enterprise,Education,Francistown,Organic Search,2024-07-21,,Active,253,2024,2299,10.51,8,73.8,1,4,,0,0,0,0.02,Low
TP-02012,Professional,Logistics,Francistown,Organic Search,2022-06-29,,Active,1006,2022,798,2.39,4,3.8,1,2,,0,0,0,0.1766,Low
TP-02013,Free,Education,Gaborone,Event,2022-03-04,2022-04-13,Churned,40,2022,0,1.41,0,9.5,0,0,5.0,0,0,1,0.95,Critical
TP-02014,Professional,Education,Gaborone,Event,2022-08-18,,Active,956,2022,798,4.16,6,19.9,1,1,,1,1,0,0.02,Low
TP-02015,Starter,Retail,Gaborone,Partnership,2021-02-13,,Active,1507,2021,245,3.03,3,13.4,0,1,,0,1,0,0.3719,Medium
TP-02016,Free,Retail,Maun,Social Media,2023-06-01,2023-07-01,Churned,30,2023,0,2.49,2,7.8,0,0,,0,0,0,0.8687,Critical
TP-02017,Free,Hospitality,Gaborone,Event,2023-01-01,2023-01-31,Churned,30,2023,0,2.89,2,11.1,1,0,21.0,0,0,0,0.7271,Critical
TP-02018,Free,Agriculture,Gaborone,Direct Sales,2020-11-09,2021-01-31,Churned,83,2020,0,1.13,2,5.9,1,1,-27.0,0,0,0,0.95,Critical
TP-02019,Free,Education,Gaborone,Partnership,2020-10-02,2020-11-01,Churned,30,2020,0,2.6,0,8.2,0,1,,0,0,0,0.95,Critical
TP-02020,Starter,Education,Francistown,Social Media,2022-12-10,2023-05-28,Churned,169,2022,245,5.21,2,19.0,0,0,-11.0,0,1,0,0.4631,High
TP-02021,Starter,NGO,Gaborone,Social Media,2024-11-04,2025-02-01,Churned,89,2024,245,0.36,1,1.5,0,2,-2.0,0,1,0,0.8049,Critical
TP-02022,Starter,Construction,Francistown,Referral,2022-12-23,,Active,829,2022,245,4.42,3,11.2,1,0,60.0,0,0,0,0.2194,Low
TP-02023,Starter,Education,Palapye,Social Media,2021-05-29,2022-05-25,Churned,361,2021,245,4.21,1,16.1,0,1,-2.0,1,1,1,0.7384,Critical
TP-02024,Free,Logistics,Lobatse,Social Media,2023-12-22,2024-01-21,Churned,30,2023,0,3.02,2,6.3,0,2,-37.0,0,0,0,0.9104,Critical
TP-02025,Free,Healthcare,Gaborone,Social Media,2021-02-10,2021-03-19,Churned,37,2021,0,2.53,2,15.2,1,1,,0,0,0,0.8239,Critical
TP-02026,Free,Agriculture,Gaborone,Referral,2023-04-09,2023-05-28,Churned,49,2023,0,0.0,2,0.0,0,0,-3.0,0,0,0,0.95,Critical
TP-02027,Free,NGO,Gaborone,Social Media,2024-11-13,2024-12-24,Churned,41,2024,0,2.93,1,9.0,1,1,-10.0,0,0,0,0.8622,Critical
TP-02028,Starter,NGO,Francistown,Event,2020-06-08,,Active,1757,2020,245,4.16,5,10.2,0,0,50.0,0,0,0,0.1702,Low
TP-02029,Starter,Healthcare,Palapye,Social Media,2021-01-16,,Active,1535,2021,245,3.73,4,8.9,0,3,-8.0,0,0,0,0.5796,High
TP-02030,Free,Healthcare,Palapye,Organic Search,2024-01-06,,Active,450,2024,0,0.65,1,3.1,0,2,,0,0,0,0.95,Critical
TP-02031,Professional,Agriculture,Serowe,Social Media,2024-10-06,,Active,176,2024,798,4.16,6,16.5,0,0,,1,1,0,0.1205,Low
TP-02032,Professional,Finance,Francistown,Partnership,2023-01-19,,Active,802,2023,798,4.92,4,27.1,1,1,,1,0,0,0.1726,Low
TP-02033,Free,Agriculture,Gaborone,Direct Sales,2022-12-08,2023-02-04,Churned,58,2022,0,0.18,2,0.8,1,0,-1.0,0,0,0,0.95,Critical
TP-02034,Enterprise,Education,Gaborone,Event,2022-10-07,,Active,906,2022,2299,4.76,7,8.3,0,3,68.0,0,1,0,0.02,Low
TP-02035,Free,Hospitality,Lobatse,Social Media,2020-10-17,2020-11-16,Churned,30,2020,0,2.96,0,18.2,0,0,4.0,0,0,0,0.8933,Critical
TP-02036,Free,Logistics,Gaborone,Social Media,2024-08-31,2024-09-30,Churned,30,2024,0,3.25,0,14.0,0,1,31.0,0,0,0,0.8161,Critical
TP-02037,Starter,Healthcare,Gaborone,Referral,2021-04-23,,Active,1438,2021,245,2.26,2,7.6,1,1,,0,1,0,0.4796,High
TP-02038,Free,Hospitality,Gaborone,Social Media,2023-06-20,2023-07-20,Churned,30,2023,0,1.05,2,4.0,0,0,37.0,0,0,0,0.95,Critical
TP-02039,Free,Agriculture,Lobatse,Partnership,2022-09-12,2022-10-12,Churned,30,2022,0,3.21,1,7.5,1,0,-11.0,0,0,1,0.95,Critical
TP-02040,Free,Healthcare,Serowe,Event,2024-01-14,2024-02-18,Churned,35,2024,0,0.66,1,3.8,0,0,45.0,0,0,1,0.95,Critical
TP-02041,Starter,Retail,Gaborone,Direct Sales,2023-05-13,,Active,688,2023,245,2.76,4,11.7,1,1,,0,1,0,0.3039,Medium
TP-02042,Free,Hospitality,Serowe,Organic Search,2023-10-01,2023-10-31,Churned,30,2023,0,2.04,2,15.4,0,0,,0,0,0,0.8826,Critical
TP-02043,Professional,Professional Services,Francistown,Referral,2022-09-17,2023-05-13,Churned,238,2022,798,7.71,4,36.9,0,4,,0,1,0,0.0968,Low
TP-02044,Free,Construction,Gaborone,Partnership,2020-06-26,2020-07-26,Churned,30,2020,0,0.0,3,0.0,1,0,28.0,0,0,0,0.7919,Critical
TP-02045,Professional,Retail,Maun,Referral,2021-04-25,,Active,1436,2021,798,5.01,8,23.3,1,1,92.0,0,0,0,0.02,Low
TP-02046,Free,Agriculture,Francistown,Referral,2021-02-01,,Active,1519,2021,0,0.12,1,0.7,1,0,,0,0,0,0.9033,Critical
TP-02047,Professional,Agriculture,Serowe,Direct Sales,2021-01-14,,Active,1537,2021,798,1.99,6,12.0,1,0,57.0,0,0,0,0.3489,Medium
TP-02048,Free,Agriculture,Gaborone,Referral,2021-09-05,,Active,1303,2021,0,2.4,3,12.2,0,1,-6.0,0,0,0,0.8316,Critical
TP-02049,Free,Hospitality,Gaborone,Direct Sales,2020-07-02,,Active,1733,2020,0,0.74,2,3.7,1,0,66.0,0,0,0,0.9279,Critical
TP-02050,Professional,Retail,Francistown,Social Media,2024-07-29,,Active,245,2024,798,4.59,8,23.3,0,3,,0,0,0,0.0664,Low
TP-02051,Starter,Construction,Maun,Direct Sales,2024-01-05,,Active,451,2024,245,2.61,2,16.0,0,1,16.0,1,1,0,0.6012,High
TP-02052,Free,Finance,Gaborone,Event,2021-03-02,2021-04-28,Churned,57,2021,0,1.94,1,11.9,0,0,33.0,0,0,0,0.95,Critical
TP-02053,Free,Agriculture,Gaborone,Organic Search,2021-01-04,2021-10-28,Churned,297,2021,0,1.52,2,7.1,0,0,-18.0,0,0,0,0.95,Critical
TP-02054,Professional,Finance,Palapye,Event,2022-01-06,,Active,1180,2022,798,4.7,3,22.7,0,1,,0,0,0,0.1492,Low
TP-02055,Starter,Finance,Maun,Referral,2021-08-13,2022-03-03,Churned,202,2021,245,0.0,2,0.0,1,1,,1,0,0,0.8247,Critical
TP-02056,Professional,Logistics,Serowe,Partnership,2020-11-29,,Active,1583,2020,798,6.07,5,50.5,0,3,22.0,0,1,0,0.02,Low
TP-02057,Professional,Hospitality,Gaborone,Social Media,2020-08-29,,Active,1675,2020,798,4.05,8,16.1,1,2,,0,0,0,0.02,Low
TP-02058,Enterprise,Agriculture,Francistown,Event,2023-12-03,,Active,484,2023,2299,4.55,9,26.8,1,6,44.0,0,1,0,0.02,Low
TP-02059,Starter,Finance,Gaborone,Direct Sales,2020-08-20,2020-12-16,Churned,118,2020,245,1.52,3,5.9,0,3,-2.0,0,0,0,0.7422,Critical
TP-02060,Professional,Hospitality,Gaborone,Referral,2021-07-14,,Active,1356,2021,798,5.68,6,28.9,0,2,6.0,0,0,0,0.0886,Low
TP-02061,Free,Education,Gaborone,Referral,2024-09-07,2024-10-07,Churned,30,2024,0,3.66,1,15.5,1,0,22.0,0,0,1,0.87,Critical
TP-02062,Starter,Agriculture,Francistown,Partnership,2021-01-14,2021-04-05,Churned,81,2021,245,3.75,2,19.3,0,0,44.0,0,0,0,0.6264,High
TP-02063,Free,Healthcare,Gaborone,Organic Search,2020-07-18,2020-09-24,Churned,68,2020,0,0.0,1,0.0,0,1,,0,0,1,0.95,Critical
TP-02064,Free,Logistics,Gaborone,Direct Sales,2024-07-29,2024-10-22,Churned,85,2024,0,2.91,3,21.6,0,0,,0,0,0,0.6728,Critical
TP-02065,Starter,NGO,Gaborone,Organic Search,2023-06-15,,Active,655,2023,245,2.46,5,12.4,0,0,17.0,1,0,0,0.5483,High
TP-02066,Starter,Healthcare,Gaborone,Organic Search,2020-09-12,,Active,1661,2020,245,6.46,4,27.6,1,2,,0,0,0,0.2688,Medium
TP-02067,Free,Agriculture,Gaborone,Organic Search,2024-06-20,2024-08-23,Churned,64,2024,0,0.78,0,2.2,0,0,,0,0,1,0.95,Critical
TP-02068,Starter,Finance,Francistown,Event,2021-11-13,2021-12-18,Churned,35,2021,245,0.58,4,3.0,1,0,89.0,0,0,0,0.607,High
TP-02069,Free,Healthcare,Serowe,Event,2020-06-25,2020-07-29,Churned,34,2020,0,2.65,2,12.8,1,1,49.0,0,0,0,0.7429,Critical
TP-02070,Free,NGO,Francistown,Social Media,2022-01-02,2022-02-04,Churned,33,2022,0,1.6,2,7.0,0,2,,0,0,0,0.95,Critical
TP-02071,Free,Retail,Gaborone,Partnership,2021-03-10,2021-04-09,Churned,30,2021,0,0.73,2,3.6,0,0,,0,0,1,0.95,Critical
TP-02072,Starter,Hospitality,Palapye,Event,2021-08-30,2021-09-29,Churned,30,2021,245,4.63,4,29.9,0,2,,0,0,0,0.3826,Medium
TP-02073,Professional,Hospitality,Gaborone,Social Media,2023-03-23,,Active,739,2023,798,7.02,5,31.7,0,2,0.0,2,0,0,0.2071,Low
TP-02074,Free,Construction,Gaborone,Referral,2021-08-30,2021-09-29,Churned,30,2021,0,1.85,3,12.3,0,1,-12.0,0,0,1,0.95,Critical
TP-02075,Starter,Finance,Lobatse,Partnership,2024-05-07,,Active,328,2024,245,1.05,0,4.5,1,1,8.0,0,0,0,0.6614,Critical
TP-02076,Free,Retail,Gaborone,Direct Sales,2021-01-21,2021-06-26,Churned,156,2021,0,2.52,2,11.2,0,0,31.0,0,0,0,0.7993,Critical
TP-02077,Free,Agriculture,Gaborone,Organic Search,2021-02-17,2021-04-28,Churned,70,2021,0,0.2,3,0.9,0,1,40.0,0,0,0,0.943,Critical
TP-02078,Free,Hospitality,Francistown,Event,2022-10-23,2023-02-06,Churned,106,2022,0,2.14,2,8.2,1,1,22.0,0,0,1,0.9119,Critical
TP-02079,Enterprise,Education,Gaborone,Event,2022-10-28,,Active,885,2022,2299,8.62,6,37.5,1,3,36.0,0,0,0,0.02,Low
TP-02080,Free,Agriculture,Maun,Social Media,2024-02-02,,Active,423,2024,0,0.41,2,1.5,1,0,19.0,0,0,0,0.8658,Critical
TP-02081,Professional,Healthcare,Gaborone,Organic Search,2021-01-06,,Active,1545,2021,798,8.46,7,37.2,1,2,27.0,0,1,0,0.02,Low
TP-02082,Free,Healthcare,Francistown,Referral,2021-11-14,2022-01-04,Churned,51,2021,0,1.15,2,5.4,1,1,,0,0,0,0.9303,Critical
TP-02083,Starter,Hospitality,Gaborone,Social Media,2024-08-29,2025-01-20,Churned,144,2024,245,3.27,4,19.3,1,1,,1,0,0,0.5179,High
TP-02084,Free,Agriculture,Maun,Direct Sales,2022-05-21,2022-06-20,Churned,30,2022,0,1.44,2,5.2,0,0,,0,0,0,0.95,Critical
TP-02085,Free,Professional Services,Lobatse,Partnership,2022-11-23,2022-12-23,Churned,30,2022,0,0.0,0,0.0,0,0,3.0,0,0,0,0.95,Critical
TP-02086,Free,Logistics,Serowe,Event,2021-04-23,2021-07-18,Churned,86,2021,0,2.49,3,15.2,0,1,,0,0,0,0.6948,Critical
TP-02087,Enterprise,Professional Services,Serowe,Social Media,2023-03-23,,Active,739,2023,2299,10.87,9,44.4,1,2,,0,0,0,0.02,Low
TP-02088,Free,Retail,Gaborone,Direct Sales,2024-07-23,2024-08-28,Churned,36,2024,0,0.37,2,2.4,0,0,28.0,0,0,0,0.95,Critical
TP-02089,Free,Agriculture,Serowe,Partnership,2024-07-21,2024-10-08,Churned,79,2024,0,1.32,1,4.2,0,0,11.0,0,0,0,0.95,Critical
TP-02090,Starter,Healthcare,Francistown,Organic Search,2024-09-17,,Active,195,2024,245,2.82,4,17.5,1,0,,0,0,0,0.3727,Medium
TP-02091,Free,Hospitality,Francistown,Organic Search,2024-03-01,2024-03-31,Churned,30,2024,0,0.46,1,0.6,0,1,0.0,0,0,0,0.95,Critical
TP-02092,Starter,Hospitality,Maun,Partnership,2023-04-25,2023-10-01,Churned,159,2023,245,3.48,3,0.0,1,2,,1,0,0,0.4829,High
TP-02093,Professional,Retail,Gaborone,Organic Search,2024-12-29,,Active,92,2024,798,3.24,5,21.8,1,2,0.0,0,1,0,0.02,Low
TP-02094,Professional,Professional Services,Serowe,Referral,2021-10-20,,Active,1258,2021,798,6.29,3,24.2,0,2,29.0,0,0,0,0.1347,Low
TP-02095,Professional,Finance,Gaborone,Referral,2023-03-15,2025-03-30,Churned,746,2023,798,0.45,6,1.8,1,0,,0,0,0,0.2668,Medium
TP-02096,Free,Construction,Gaborone,Direct Sales,2023-07-03,2023-09-06,Churned,65,2023,0,1.37,2,5.0,0,2,,0,0,0,0.95,Critical
TP-02097,Free,Healthcare,Gaborone,Organic Search,2021-08-04,2021-09-07,Churned,34,2021,0,0.82,2,5.0,0,1,,0,0,0,0.95,Critical
TP-02098,Free,Logistics,Serowe,Partnership,2022-09-28,2023-01-30,Churned,124,2022,0,2.34,1,3.5,1,1,,0,0,0,0.8165,Critical
TP-02099,Professional,Hospitality,Serowe,Social Media,2024-04-01,,Active,364,2024,798,4.07,6,11.3,0,2,,0,0,0,0.0445,Low
TP-02100,Free,Logistics,Serowe,Social Media,2022-06-17,,Active,1018,2022,0,0.7,3,1.9,0,2,,0,0,1,0.95,Critical
TP-02101,Free,Education,Francistown,Event,2021-01-31,2021-03-02,Churned,30,2021,0,0.23,3,0.5,1,0,,0,0,0,0.7458,Critical
TP-02102,Free,Hospitality,Serowe,Partnership,2024-09-05,2024-11-19,Churned,75,2024,0,1.86,0,11.5,1,0,43.0,0,0,1,0.95,Critical
TP-02103,Starter,Finance,Maun,Organic Search,2024-10-13,,Active,169,2024,245,3.87,3,22.2,0,2,,3,1,0,0.4635,High
TP-02104,Enterprise,Healthcare,Francistown,Organic Search,2023-06-02,,Active,668,2023,2299,5.96,7,27.9,1,3,80.0,0,1,0,0.02,Low
TP-02105,Starter,Professional Services,Palapye,Organic Search,2021-06-08,,Active,1392,2021,245,4.16,3,6.2,0,0,11.0,2,0,0,0.4251,Medium
TP-02106,Starter,Retail,Gaborone,Social Media,2024-03-02,2024-04-01,Churned,30,2024,245,4.36,3,5.4,0,1,26.0,1,0,0,0.4777,High
TP-02107,Free,Professional Services,Gaborone,Organic Search,2024-11-03,2024-12-06,Churned,33,2024,0,2.84,2,13.7,0,0,,0,0,0,0.7765,Critical
TP-02108,Starter,Retail,Gaborone,Direct Sales,2024-03-29,2024-07-09,Churned,102,2024,245,3.85,2,17.4,0,2,7.0,0,0,1,0.7554,Critical
TP-02109,Enterprise,Education,Maun,Referral,2020-12-01,,Active,1581,2020,2299,6.23,8,26.2,1,3,,0,0,0,0.02,Low
TP-02110,Free,Retail,Gaborone,Social Media,2020-09-04,2021-01-24,Churned,142,2020,0,0.38,2,2.4,0,0,,0,0,0,0.95,Critical
TP-02111,Professional,Hospitality,Gaborone,Referral,2024-05-10,,Active,325,2024,798,5.65,6,30.7,0,2,-12.0,0,0,0,0.1538,Low
TP-02112,Free,Professional Services,Gaborone,Organic Search,2022-02-08,2022-03-26,Churned,46,2022,0,0.98,1,4.7,0,0,,0,0,0,0.95,Critical
TP-02113,Professional,Education,Palapye,Organic Search,2021-03-29,,Active,1463,2021,798,4.86,7,23.5,1,2,,1,0,0,0.0571,Low
TP-02114,Enterprise,Healthcare,Gaborone,Referral,2021-09-17,,Active,1291,2021,2299,6.48,8,35.3,1,4,,0,0,0,0.02,Low
TP-02115,Starter,Professional Services,Gaborone,Organic Search,2021-01-29,,Active,1522,2021,245,2.17,3,12.6,0,1,48.0,2,0,0,0.6464,High
TP-02116,Starter,Agriculture,Palapye,Organic Search,2022-03-18,,Active,1109,2022,245,4.19,4,26.5,1,2,,0,1,0,0.1281,Low
TP-02117,Free,Professional Services,Palapye,Direct Sales,2022-04-06,2022-05-09,Churned,33,2022,0,1.11,1,1.9,0,0,26.0,0,0,0,0.95,Critical
TP-02118,Free,Hospitality,Gaborone,Event,2020-09-02,2020-10-02,Churned,30,2020,0,1.94,1,16.2,0,0,,0,0,0,0.95,Critical
TP-02119,Free,Hospitality,Gaborone,Social Media,2022-11-09,2022-12-22,Churned,43,2022,0,0.72,3,2.7,0,1,,0,0,0,0.867,Critical
TP-02120,Free,Professional Services,Gaborone,Organic Search,2022-12-31,2023-05-23,Churned,143,2022,0,1.5,2,8.6,1,1,,0,0,0,0.95,Critical
TP-02121,Professional,Logistics,Francistown,Event,2024-08-20,,Active,223,2024,798,5.63,8,34.4,1,3,,0,1,0,0.02,Low
TP-02122,Starter,Hospitality,Palapye,Social Media,2020-10-28,2021-03-20,Churned,143,2020,245,2.83,1,12.5,0,2,27.0,1,1,0,0.6702,Critical
TP-02123,Free,NGO,Gaborone,Social Media,2024-09-26,2025-03-05,Churned,160,2024,0,1.91,0,11.6,0,3,,0,0,0,0.95,Critical
TP-02124,Professional,Retail,Gaborone,Direct Sales,2021-10-27,,Active,1251,2021,798,7.69,5,41.9,1,1,-6.0,1,0,0,0.205,Low
TP-02125,Free,Professional Services,Palapye,Event,2021-07-28,2021-08-27,Churned,30,2021,0,0.56,2,2.5,0,0,-7.0,0,0,0,0.95,Critical
TP-02126,Free,Hospitality,Gaborone,Partnership,2022-11-01,2022-12-01,Churned,30,2022,0,0.54,2,1.6,0,0,,0,0,0,0.95,Critical
TP-02127,Starter,Retail,Serowe,Partnership,2023-05-08,2023-10-09,Churned,154,2023,245,2.36,2,10.4,0,0,,1,1,1,0.7805,Critical
TP-02128,Free,Retail,Maun,Partnership,2024-09-29,2024-10-29,Churned,30,2024,0,0.26,0,0.6,1,0,62.0,0,0,0,0.95,Critical
TP-02129,Professional,NGO,Palapye,Direct Sales,2021-11-10,,Active,1237,2021,798,9.73,6,49.4,0,1,20.0,0,0,0,0.0469,Low
TP-02130,Starter,NGO,Palapye,Direct Sales,2024-05-26,2025-03-30,Churned,308,2024,245,3.11,2,11.9,1,2,28.0,1,0,1,0.7589,Critical
TP-02131,Free,Finance,Gaborone,Referral,2023-02-02,2023-03-16,Churned,42,2023,0,0.81,2,2.2,1,1,22.0,0,0,0,0.9039,Critical
TP-02132,Free,Hospitality,Francistown,Organic Search,2024-09-07,2024-11-13,Churned,67,2024,0,0.4,2,2.2,1,1,6.0,0,0,0,0.9375,Critical
TP-02133,Starter,Professional Services,Lobatse,Organic Search,2022-10-15,,Active,898,2022,245,0.77,1,3.7,1,0,,0,1,0,0.5871,High
TP-02134,Starter,Finance,Gaborone,Social Media,2021-05-26,2022-07-18,Churned,418,2021,245,3.71,4,7.8,0,1,,1,0,1,0.7738,Critical
TP-02135,Professional,Hospitality,Gaborone,Referral,2024-08-08,,Active,235,2024,798,7.9,6,42.7,1,3,,1,0,0,0.0529,Low
TP-02136,Free,Agriculture,Gaborone,Organic Search,2020-10-03,2020-12-29,Churned,87,2020,0,1.93,0,6.1,0,0,-26.0,0,0,1,0.95,Critical
TP-02137,Professional,Retail,Palapye,Organic Search,2022-08-29,,Active,945,2022,798,0.49,6,1.7,0,2,0.0,0,0,0,0.4264,Medium
TP-02138,Free,Construction,Gaborone,Direct Sales,2022-12-27,2023-01-27,Churned,31,2022,0,0.0,0,0.0,1,0,,0,0,0,0.8907,Critical
TP-02139,Free,Logistics,Gaborone,Social Media,2024-10-20,2024-11-19,Churned,30,2024,0,0.83,0,4.3,0,1,,0,0,0,0.95,Critical
TP-02140,Professional,Education,Gaborone,Referral,2022-05-18,,Active,1048,2022,798,3.43,6,15.6,1,5,,0,0,0,0.1809,Low
TP-02141,Starter,Construction,Maun,Referral,2021-02-16,,Active,1504,2021,245,4.29,3,15.1,1,0,43.0,0,0,0,0.2452,Low
TP-02142,Professional,Construction,Gaborone,Organic Search,2022-02-02,2022-05-19,Churned,106,2022,798,1.57,5,10.4,0,3,,1,0,0,0.4819,High
TP-02143,Starter,Agriculture,Francistown,Event,2022-04-10,2022-09-15,Churned,158,2022,245,2.81,2,13.0,0,0,62.0,1,1,0,0.6333,High
TP-02144,Starter,NGO,Gaborone,Direct Sales,2024-06-20,2024-12-25,Churned,188,2024,245,1.09,3,3.3,1,0,,1,0,0,0.7013,Critical
TP-02145,Starter,Education,Serowe,Organic Search,2021-05-14,2021-11-12,Churned,182,2021,245,1.84,2,3.4,1,1,52.0,0,0,1,0.9347,Critical
TP-02146,Free,Professional Services,Palapye,Social Media,2024-12-23,2025-01-22,Churned,30,2024,0,3.11,2,19.3,1,0,0.0,0,0,0,0.7307,Critical
TP-02147,Free,Construction,Gaborone,Referral,2022-05-15,2022-09-04,Churned,112,2022,0,0.0,2,0.0,0,0,-18.0,0,0,0,0.95,Critical
TP-02148,Free,Education,Palapye,Social Media,2022-05-06,2022-06-05,Churned,30,2022,0,1.82,2,6.3,0,3,1.0,0,0,0,0.95,Critical
TP-02149,Enterprise,Healthcare,Gaborone,Event,2024-03-30,,Active,366,2024,2299,4.96,9,17.0,1,4,35.0,0,0,0,0.02,Low
TP-02150,Starter,Construction,Francistown,Referral,2021-06-30,,Active,1370,2021,245,3.87,4,12.8,0,1,10.0,2,1,0,0.4986,High
TP-02151,Free,Finance,Gaborone,Partnership,2024-08-08,2024-09-22,Churned,45,2024,0,2.29,1,14.5,0,1,,0,0,0,0.9229,Critical
TP-02152,Free,Hospitality,Palapye,Organic Search,2022-11-27,2022-12-27,Churned,30,2022,0,2.63,2,14.0,0,0,,0,0,0,0.9241,Critical
TP-02153,Starter,NGO,Gaborone,Organic Search,2021-01-28,2021-02-27,Churned,30,2021,245,4.48,3,12.6,1,0,,0,0,1,0.3284,Medium
TP-02154,Free,Retail,Gaborone,Partnership,2024-10-04,2025-01-26,Churned,114,2024,0,1.47,2,8.1,0,0,,0,0,0,0.95,Critical
TP-02155,Free,Professional Services,Francistown,Referral,2022-08-20,2022-09-19,Churned,30,2022,0,0.0,1,0.0,0,1,,0,0,1,0.95,Critical
TP-02156,Starter,Healthcare,Francistown,Referral,2024-02-28,,Active,397,2024,245,2.17,3,9.2,0,1,,0,0,0,0.526,High
TP-02157,Free,Retail,Palapye,Direct Sales,2021-02-02,2021-03-04,Churned,30,2021,0,0.39,2,2.1,0,1,,0,0,1,0.95,Critical
TP-02158,Starter,Healthcare,Gaborone,Referral,2021-12-06,2022-03-09,Churned,93,2021,245,2.26,3,9.9,1,1,0.0,1,1,0,0.3899,Medium
TP-02159,Free,Retail,Gaborone,Social Media,2021-08-04,2021-09-03,Churned,30,2021,0,1.05,1,5.5,0,0,19.0,0,0,0,0.95,Critical
TP-02160,Starter,Logistics,Francistown,Partnership,2023-01-01,2023-04-23,Churned,112,2023,245,1.24,3,6.4,0,0,-5.0,0,0,0,0.7781,Critical
TP-02161,Free,Hospitality,Gaborone,Organic Search,2023-03-25,2023-04-24,Churned,30,2023,0,1.02,2,3.3,0,0,,0,0,0,0.95,Critical
TP-02162,Professional,NGO,Gaborone,Organic Search,2022-02-10,,Active,1145,2022,798,6.48,6,25.0,0,1,60.0,0,1,0,0.02,Low
TP-02163,Free,NGO,Gaborone,Referral,2021-09-24,2021-12-18,Churned,85,2021,0,1.65,1,2.5,0,0,,0,0,0,0.95,Critical
TP-02164,Enterprise,Hospitality,Gaborone,Event,2023-06-17,,Active,653,2023,2299,0.65,10,2.3,1,4,,0,1,0,0.1276,Low
TP-02165,Free,Finance,Serowe,Social Media,2024-07-15,2024-08-19,Churned,35,2024,0,4.33,2,31.7,0,1,0.0,0,0,0,0.7326,Critical
TP-02166,Starter,Logistics,Gaborone,Referral,2020-07-07,,Active,1728,2020,245,2.55,3,11.6,0,3,79.0,0,0,0,0.5409,High
TP-02167,Free,Construction,Palapye,Event,2022-03-16,2022-06-20,Churned,96,2022,0,2.97,1,14.6,0,0,30.0,0,0,0,0.8615,Critical
TP-02168,Free,Professional Services,Francistown,Social Media,2024-07-03,2024-08-02,Churned,30,2024,0,1.73,3,7.8,0,0,,0,0,0,0.9005,Critical
TP-02169,Enterprise,Logistics,Gaborone,Direct Sales,2021-06-22,,Active,1378,2021,2299,6.8,6,32.6,1,7,91.0,0,1,0,0.02,Low
TP-02170,Free,Healthcare,Gaborone,Partnership,2023-08-19,2023-09-18,Churned,30,2023,0,3.18,1,13.0,1,0,24.0,0,0,1,0.9062,Critical
TP-02171,Starter,Hospitality,Serowe,Direct Sales,2020-08-21,,Active,1683,2020,245,2.97,3,18.5,1,1,66.0,1,1,0,0.3579,Medium
TP-02172,Free,Construction,Gaborone,Direct Sales,2022-01-05,2022-02-04,Churned,30,2022,0,2.26,2,12.0,0,2,34.0,0,0,0,0.9139,Critical
TP-02173,Professional,Professional Services,Francistown,Referral,2022-06-30,,Active,1005,2022,798,7.13,5,32.0,0,2,31.0,0,1,0,0.02,Low
TP-02174,Enterprise,Construction,Gaborone,Organic Search,2024-04-24,,Active,341,2024,2299,3.89,7,21.2,1,4,,0,0,0,0.1043,Low
TP-02175,Starter,Retail,Gaborone,Social Media,2022-08-29,2023-04-04,Churned,218,2022,245,5.76,4,33.0,1,0,,0,0,0,0.1878,Low
TP-02176,Free,Finance,Maun,Social Media,2020-06-22,2020-07-22,Churned,30,2020,0,0.57,3,1.7,1,0,26.0,0,0,0,0.787,Critical
TP-02177,Starter,Logistics,Serowe,Event,2021-03-28,2021-09-13,Churned,169,2021,245,1.75,3,0.8,0,1,,0,1,0,0.5731,High
TP-02178,Enterprise,NGO,Gaborone,Event,2020-12-08,,Active,1574,2020,2299,4.57,10,13.8,0,4,57.0,2,0,0,0.149,Low
TP-02179,Free,Healthcare,Palapye,Social Media,2021-01-25,2021-03-27,Churned,61,2021,0,0.92,3,3.3,0,0,40.0,0,0,0,0.7966,Critical
TP-02180,Starter,Agriculture,Palapye,Organic Search,2022-10-13,,Active,900,2022,245,3.29,0,12.8,0,1,19.0,0,1,0,0.546,High
TP-02181,Free,Healthcare,Palapye,Organic Search,2023-01-26,2023-02-25,Churned,30,2023,0,1.36,3,5.8,0,0,-35.0,0,0,0,0.8484,Critical
TP-02182,Starter,NGO,Francistown,Referral,2022-02-04,2022-07-02,Churned,148,2022,245,3.27,3,12.1,0,2,37.0,1,1,0,0.5508,High
TP-02183,Free,Healthcare,Gaborone,Direct Sales,2021-05-11,2021-06-13,Churned,33,2021,0,0.0,0,0.0,1,2,18.0,0,0,0,0.9435,Critical
TP-02184,Free,NGO,Serowe,Organic Search,2021-05-05,2021-06-04,Churned,30,2021,0,0.1,3,0.5,0,0,43.0,0,0,0,0.8348,Critical
TP-02185,Free,Hospitality,Gaborone,Partnership,2020-08-24,2020-09-24,Churned,31,2020,0,2.61,3,18.4,0,1,-17.0,0,0,0,0.7427,Critical
TP-02186,Free,Retail,Francistown,Referral,2023-03-23,2023-05-02,Churned,40,2023,0,2.39,2,13.8,0,0,,0,0,0,0.8753,Critical
TP-02187,Free,Professional Services,Gaborone,Social Media,2021-09-24,2022-01-08,Churned,106,2021,0,1.94,2,6.2,0,0,,0,0,1,0.95,Critical
TP-02188,Starter,Healthcare,Maun,Organic Search,2022-02-15,2022-10-22,Churned,249,2022,245,4.2,2,16.9,0,1,,1,0,1,0.6996,Critical
TP-02189,Starter,Finance,Gaborone,Referral,2022-12-24,,Active,828,2022,245,2.33,3,14.6,1,2,,0,1,0,0.3368,Medium
TP-02190,Starter,Agriculture,Serowe,Referral,2024-03-23,,Active,373,2024,245,1.95,3,6.5,0,2,,0,0,0,0.5744,High
TP-02191,Professional,Education,Maun,Event,2020-11-26,2022-07-06,Churned,587,2020,798,2.18,4,11.3,1,2,,1,0,0,0.2549,Medium
TP-02192,Starter,Hospitality,Francistown,Organic Search,2020-06-23,,Active,1742,2020,245,0.69,3,2.8,0,2,-2.0,0,1,0,0.6191,High
TP-02193,Starter,Retail,Gaborone,Referral,2022-06-15,2022-08-17,Churned,63,2022,245,3.36,2,24.1,1,2,,0,1,0,0.4342,Medium
TP-02194,Starter,Finance,Gaborone,Organic Search,2022-08-21,,Active,953,2022,245,2.17,4,7.4,0,1,18.0,0,1,0,0.4099,Medium
TP-02195,Professional,Professional Services,Francistown,Referral,2021-06-10,2022-01-21,Churned,225,2021,798,1.21,8,4.6,0,2,18.0,0,0,0,0.3283,Medium
TP-02196,Free,Retail,Serowe,Direct Sales,2023-04-07,2023-05-07,Churned,30,2023,0,0.77,3,2.0,0,0,26.0,0,0,0,0.8881,Critical
TP-02197,Starter,Retail,Gaborone,Referral,2023-08-17,,Active,592,2023,245,2.02,5,10.5,1,1,50.0,0,0,0,0.232,Low
TP-02198,Starter,Agriculture,Gaborone,Social Media,2024-11-22,2025-01-01,Churned,40,2024,245,4.74,2,21.3,0,1,8.0,0,1,0,0.3044,Medium
TP-02199,Free,Professional Services,Maun,Organic Search,2021-11-20,2021-12-20,Churned,30,2021,0,1.74,1,5.4,0,1,,0,0,0,0.95,Critical
TP-02200,Professional,Retail,Gaborone,Referral,2021-06-18,,Active,1382,2021,798,2.81,6,13.1,0,0,,0,0,0,0.15,Low
TP-02201,Enterprise,Retail,Francistown,Partnership,2023-09-04,,Active,574,2023,2299,3.04,9,6.5,1,4,,0,0,0,0.1545,Low
TP-02202,Enterprise,Logistics,Gaborone,Referral,2022-10-06,,Active,907,2022,2299,5.79,9,11.9,1,4,,0,0,0,0.02,Low
TP-02203,Free,Professional Services,Francistown,Organic Search,2023-05-30,2023-06-29,Churned,30,2023,0,2.29,1,6.5,0,1,,0,0,0,0.8752,Critical
TP-02204,Free,NGO,Francistown,Event,2021-09-24,,Active,1284,2021,0,1.19,3,2.9,0,0,-45.0,0,0,0,0.95,Critical
TP-02205,Free,NGO,Maun,Organic Search,2021-12-31,2022-01-30,Churned,30,2021,0,0.19,3,0.7,0,1,,0,0,0,0.7586,Critical
TP-02206,Free,Education,Serowe,Direct Sales,2021-06-24,2021-09-15,Churned,83,2021,0,1.31,2,1.4,1,0,7.0,0,0,0,0.95,Critical
TP-02207,Enterprise,Construction,Francistown,Partnership,2024-07-30,,Active,244,2024,2299,4.73,10,33.2,1,4,,0,1,0,0.02,Low
TP-02208,Starter,Professional Services,Francistown,Partnership,2021-01-15,2021-02-20,Churned,36,2021,245,3.5,3,12.5,1,1,41.0,0,0,0,0.3875,Medium
TP-02209,Starter,Construction,Maun,Social Media,2024-01-13,2024-05-19,Churned,127,2024,245,5.2,0,20.1,0,0,,1,0,0,0.6463,High
TP-02210,Professional,Hospitality,Palapye,Event,2023-04-13,,Active,718,2023,798,4.76,3,22.5,1,5,-11.0,0,0,0,0.285,Medium
TP-02211,Free,Retail,Lobatse,Referral,2022-09-23,2022-10-23,Churned,30,2022,0,0.58,2,2.5,0,0,45.0,0,0,0,0.95,Critical
TP-02212,Starter,Professional Services,Francistown,Direct Sales,2021-04-04,,Active,1457,2021,245,4.0,3,17.1,0,2,,0,0,0,0.526,High
TP-02213,Free,Healthcare,Serowe,Social Media,2024-08-19,2024-09-30,Churned,42,2024,0,0.91,0,3.7,0,0,,0,0,1,0.95,Critical
TP-02214,Free,NGO,Gaborone,Event,2023-01-13,2023-05-20,Churned,127,2023,0,0.74,0,2.5,0,1,38.0,0,0,0,0.95,Critical
TP-02215,Enterprise,Professional Services,Maun,Direct Sales,2021-01-12,,Active,1539,2021,2299,10.08,9,62.2,1,1,40.0,0,0,0,0.02,Low
TP-02216,Free,NGO,Gaborone,Organic Search,2023-12-24,2024-03-15,Churned,82,2023,0,1.92,2,16.0,0,0,33.0,0,0,0,0.95,Critical
TP-02217,Professional,Healthcare,Gaborone,Referral,2022-03-30,,Active,1097,2022,798,5.62,7,28.7,0,4,37.0,0,0,0,0.1073,Low
TP-02218,Professional,Logistics,Palapye,Organic Search,2021-06-01,,Active,1399,2021,798,3.06,3,5.1,1,2,,0,0,0,0.1919,Low
TP-02219,Free,Hospitality,Maun,Social Media,2021-08-15,2021-09-14,Churned,30,2021,0,3.56,2,13.7,0,1,17.0,0,0,1,0.95,Critical
TP-02220,Free,Hospitality,Francistown,Social Media,2023-08-12,2023-09-11,Churned,30,2023,0,1.17,3,5.4,0,1,,0,0,0,0.8351,Critical
TP-02221,Starter,Logistics,Gaborone,Social Media,2021-10-10,,Active,1268,2021,245,1.95,3,9.2,1,0,70.0,0,0,0,0.5962,High
TP-02222,Starter,Finance,Serowe,Event,2023-05-28,2023-11-04,Churned,160,2023,245,2.42,1,9.8,0,0,,1,0,0,0.7598,Critical
TP-02223,Free,Agriculture,Serowe,Social Media,2023-04-11,2023-05-24,Churned,43,2023,0,3.09,0,7.6,0,1,60.0,0,0,0,0.722,Critical
TP-02224,Free,Agriculture,Gaborone,Referral,2021-02-16,2021-03-18,Churned,30,2021,0,1.81,2,10.3,1,1,-10.0,0,0,0,0.95,Critical
TP-02225,Professional,Finance,Gaborone,Partnership,2020-10-29,,Active,1614,2020,798,7.56,6,36.8,1,1,,1,0,0,0.02,Low
TP-02226,Professional,Hospitality,Maun,Social Media,2021-06-16,,Active,1384,2021,798,5.44,4,16.9,1,4,54.0,0,1,0,0.0585,Low
TP-02227,Starter,Retail,Gaborone,Direct Sales,2020-10-27,2021-02-21,Churned,117,2020,245,4.19,2,18.5,0,3,,1,0,0,0.6137,High
TP-02228,Starter,NGO,Maun,Referral,2023-09-18,2023-12-22,Churned,95,2023,245,3.07,2,17.1,0,3,,1,0,0,0.7841,Critical
TP-02229,Professional,Logistics,Palapye,Direct Sales,2023-07-14,,Active,626,2023,798,4.26,7,24.0,1,1,,1,0,0,0.1042,Low
TP-02230,Free,Construction,Gaborone,Referral,2020-09-09,2020-10-28,Churned,49,2020,0,1.93,2,9.6,0,1,,0,0,0,0.95,Critical
TP-02231,Free,Education,Gaborone,Partnership,2024-08-06,2024-11-14,Churned,100,2024,0,1.18,2,2.6,1,0,,0,0,1,0.95,Critical
TP-02232,Professional,Healthcare,Gaborone,Event,2024-02-09,,Active,416,2024,798,0.73,7,3.7,1,2,,2,1,0,0.2977,Medium
TP-02233,Professional,Professional Services,Lobatse,Social Media,2024-07-27,2024-11-11,Churned,107,2024,798,1.65,7,7.5,1,2,28.0,2,1,0,0.28,Medium
TP-02234,Free,Retail,Gaborone,Partnership,2023-03-13,2023-04-17,Churned,35,2023,0,0.62,0,1.7,0,0,,0,0,0,0.95,Critical
TP-02235,Free,NGO,Francistown,Event,2022-04-02,2022-05-02,Churned,30,2022,0,1.65,1,7.2,0,1,-8.0,0,0,0,0.95,Critical
TP-02236,Professional,Education,Francistown,Event,2024-01-21,,Active,435,2024,798,4.93,7,10.5,1,0,18.0,0,1,0,0.02,Low
TP-02237,Free,Logistics,Lobatse,Direct Sales,2023-10-30,2023-11-29,Churned,30,2023,0,0.0,1,0.0,0,0,-23.0,0,0,0,0.95,Critical
TP-02238,Enterprise,Finance,Palapye,Organic Search,2024-01-21,,Active,435,2024,2299,6.46,9,26.3,0,7,99.0,0,0,0,0.02,Low
TP-02239,Free,Education,Gaborone,Organic Search,2022-12-06,2023-03-09,Churned,93,2022,0,1.09,0,2.3,0,0,51.0,0,0,0,0.95,Critical
TP-02240,Professional,Healthcare,Serowe,Organic Search,2022-02-25,,Active,1130,2022,798,3.22,5,15.8,1,2,,0,0,0,0.1152,Low
TP-02241,Free,Construction,Lobatse,Event,2021-07-03,2021-08-16,Churned,44,2021,0,1.05,1,6.8,0,0,,0,0,0,0.95,Critical
TP-02242,Free,Hospitality,Gaborone,Social Media,2020-10-06,2020-11-05,Churned,30,2020,0,0.42,3,2.4,1,1,5.0,0,0,0,0.7875,Critical
TP-02243,Enterprise,Hospitality,Maun,Partnership,2024-08-03,,Active,240,2024,2299,4.35,9,14.2,1,8,,0,1,0,0.02,Low
TP-02244,Free,Healthcare,Maun,Social Media,2022-02-26,2022-03-28,Churned,30,2022,0,1.97,2,6.1,0,0,-17.0,0,0,0,0.95,Critical
TP-02245,Free,Agriculture,Gaborone,Event,2023-05-31,2023-06-30,Churned,30,2023,0,0.66,1,4.3,0,0,-10.0,0,0,0,0.95,Critical
TP-02246,Starter,Logistics,Gaborone,Organic Search,2024-10-10,,Active,172,2024,245,5.23,5,28.4,0,2,47.0,2,0,1,0.4723,High
TP-02247,Starter,Education,Gaborone,Event,2021-10-03,,Active,1275,2021,245,2.64,3,17.9,0,2,41.0,0,0,0,0.4756,High
TP-02248,Free,Professional Services,Francistown,Social Media,2023-04-09,2023-05-09,Churned,30,2023,0,1.52,1,4.0,1,0,48.0,0,0,0,0.95,Critical
TP-02249,Professional,Education,Palapye,Direct Sales,2021-11-16,,Active,1231,2021,798,5.03,4,32.6,1,2,,0,0,0,0.0339,Low
TP-02250,Free,Logistics,Serowe,Organic Search,2020-09-12,2020-10-12,Churned,30,2020,0,0.06,2,0.3,0,1,,0,0,0,0.95,Critical
TP-02251,Starter,Education,Palapye,Organic Search,2023-06-11,2023-07-11,Churned,30,2023,245,5.09,4,16.7,1,1,20.0,0,0,0,0.242,Low
TP-02252,Professional,Retail,Maun,Partnership,2022-07-24,,Active,981,2022,798,6.01,3,25.5,1,0,37.0,0,0,0,0.0212,Low
TP-02253,Free,Education,Palapye,Partnership,2023-07-11,2023-08-10,Churned,30,2023,0,0.55,2,1.5,0,0,,0,0,0,0.95,Critical
TP-02254,Starter,Hospitality,Gaborone,Referral,2023-10-29,2023-12-30,Churned,62,2023,245,3.04,3,10.8,0,2,16.0,1,0,0,0.5923,High
TP-02255,Starter,Construction,Maun,Social Media,2024-06-16,2024-08-19,Churned,64,2024,245,1.59,2,6.3,1,3,5.0,1,0,0,0.7993,Critical
TP-02256,Professional,Retail,Serowe,Direct Sales,2023-02-24,,Active,766,2023,798,4.56,7,23.5,1,2,,0,0,0,0.02,Low
TP-02257,Enterprise,NGO,Gaborone,Event,2024-06-05,,Active,299,2024,2299,6.1,7,27.7,1,3,,1,1,0,0.02,Low
TP-02258,Enterprise,Construction,Gaborone,Referral,2024-03-26,,Active,370,2024,2299,8.46,7,8.5,1,4,73.0,0,0,0,0.02,Low
TP-02259,Free,Healthcare,Francistown,Partnership,2020-09-05,2020-10-22,Churned,47,2020,0,2.99,2,12.3,0,0,,0,0,0,0.8394,Critical
TP-02260,Free,Logistics,Serowe,Event,2021-04-22,2021-07-19,Churned,88,2021,0,3.53,2,5.5,1,0,13.0,0,0,0,0.7337,Critical
TP-02261,Free,Logistics,Lobatse,Social Media,2024-05-27,2024-07-19,Churned,53,2024,0,0.0,1,0.0,0,0,30.0,0,0,0,0.95,Critical
TP-02262,Starter,Hospitality,Palapye,Referral,2020-11-11,2021-03-27,Churned,136,2020,245,1.74,4,5.2,1,1,0.0,0,0,1,0.6327,High
TP-02263,Free,Construction,Francistown,Direct Sales,2024-11-10,2025-03-30,Churned,140,2024,0,1.41,3,4.0,0,0,-30.0,0,0,0,0.95,Critical
TP-02264,Professional,Agriculture,Palapye,Social Media,2021-09-19,,Active,1289,2021,798,3.22,6,17.9,0,4,-17.0,1,0,0,0.4819,High
TP-02265,Free,Hospitality,Gaborone,Partnership,2022-12-06,2023-01-19,Churned,44,2022,0,0.31,1,1.4,1,1,,0,0,0,0.95,Critical
TP-02266,Free,Agriculture,Gaborone,Direct Sales,2020-06-18,2020-07-18,Churned,30,2020,0,1.85,2,4.7,0,0,-17.0,0,0,0,0.95,Critical
TP-02267,Starter,Agriculture,Gaborone,Organic Search,2023-11-30,2024-11-14,Churned,350,2023,245,4.79,2,17.0,0,2,38.0,1,0,0,0.5001,High
TP-02268,Professional,Retail,Gaborone,Referral,2020-07-18,,Active,1717,2020,798,6.31,6,38.3,1,2,-18.0,1,0,0,0.1045,Low
TP-02269,Starter,Education,Francistown,Event,2023-10-07,,Active,541,2023,245,3.76,2,19.1,1,1,,0,0,0,0.5415,High
TP-02270,Starter,Retail,Gaborone,Direct Sales,2022-05-16,2023-10-11,Churned,513,2022,245,3.17,2,6.5,0,1,,1,0,0,0.7478,Critical
TP-02271,Free,NGO,Lobatse,Organic Search,2022-03-16,2022-06-20,Churned,96,2022,0,0.0,1,0.0,0,0,,0,0,0,0.95,Critical
TP-02272,Free,Finance,Gaborone,Partnership,2021-02-03,2021-04-24,Churned,80,2021,0,0.87,2,3.5,0,5,,0,0,0,0.95,Critical
TP-02273,Free,Healthcare,Serowe,Direct Sales,2022-09-10,2022-10-10,Churned,30,2022,0,4.27,1,19.3,1,0,-8.0,0,0,0,0.6859,Critical
TP-02274,Free,Agriculture,Gaborone,Referral,2024-12-19,2025-01-18,Churned,30,2024,0,2.24,0,14.0,0,0,,0,0,0,0.8649,Critical
TP-02275,Starter,Logistics,Gaborone,Direct Sales,2024-01-03,2024-06-02,Churned,151,2024,245,4.78,1,31.3,1,1,21.0,1,0,1,0.6736,Critical
TP-02276,Starter,Retail,Gaborone,Referral,2024-03-26,2024-08-03,Churned,130,2024,245,2.17,2,5.0,1,1,21.0,0,0,0,0.5978,High
TP-02277,Starter,Professional Services,Gaborone,Organic Search,2022-05-12,2022-06-11,Churned,30,2022,245,1.96,2,7.3,0,1,,1,0,0,0.9212,Critical
TP-02278,Free,NGO,Gaborone,Event,2022-07-09,2022-08-08,Churned,30,2022,0,3.89,3,13.9,0,0,,0,0,0,0.7259,Critical
TP-02279,Professional,Logistics,Francistown,Social Media,2024-06-20,,Active,284,2024,798,2.1,4,12.9,1,3,,0,0,0,0.2249,Low
TP-02280,Starter,Agriculture,Lobatse,Social Media,2024-06-11,,Active,293,2024,245,2.89,4,6.1,1,1,34.0,0,1,0,0.1873,Low
TP-02281,Free,Education,Maun,Direct Sales,2021-11-23,2022-02-27,Churned,96,2021,0,3.36,1,9.8,0,1,,0,0,0,0.8872,Critical
TP-02282,Professional,Construction,Lobatse,Event,2023-02-05,,Active,785,2023,798,4.55,4,21.3,0,2,,0,1,0,0.0592,Low
TP-02283,Professional,Professional Services,Francistown,Referral,2020-07-23,,Active,1712,2020,798,8.45,6,26.3,1,2,70.0,0,1,0,0.02,Low
TP-02284,Starter,Logistics,Gaborone,Event,2021-02-28,2021-12-02,Churned,277,2021,245,3.72,2,16.5,1,1,,0,0,0,0.5985,High
TP-02285,Starter,Hospitality,Gaborone,Referral,2024-12-27,2025-03-11,Churned,74,2024,245,4.96,2,11.0,1,1,,0,0,0,0.4169,Medium
TP-02286,Starter,Construction,Francistown,Event,2021-04-23,2021-05-23,Churned,30,2021,245,1.99,3,9.2,1,1,30.0,1,1,0,0.535,High
TP-02287,Starter,Retail,Francistown,Social Media,2024-04-11,2025-03-30,Churned,353,2024,245,0.73,1,2.6,0,2,20.0,1,0,0,0.9444,Critical
TP-02288,Free,Healthcare,Francistown,Organic Search,2023-10-22,,Active,526,2023,0,2.12,3,9.0,0,0,7.0,0,0,0,0.654,Critical
TP-02289,Starter,Education,Palapye,Social Media,2021-12-03,,Active,1214,2021,245,5.75,4,23.0,0,0,-53.0,0,0,0,0.3899,Medium
TP-02290,Starter,Construction,Francistown,Referral,2021-02-10,,Active,1510,2021,245,5.97,5,33.2,1,3,,0,0,0,0.1251,Low
TP-02291,Starter,Hospitality,Serowe,Direct Sales,2023-12-03,2024-01-02,Churned,30,2023,245,4.04,4,18.0,0,0,82.0,0,1,0,0.2036,Low
TP-02292,Professional,Finance,Maun,Organic Search,2022-08-25,,Active,949,2022,798,3.14,6,18.5,1,1,65.0,0,0,0,0.1056,Low
TP-02293,Starter,Construction,Francistown,Organic Search,2021-10-01,,Active,1277,2021,245,4.56,2,14.9,1,3,42.0,0,0,0,0.3459,Medium
TP-02294,Free,Retail,Francistown,Event,2022-01-31,2022-03-02,Churned,30,2022,0,0.61,0,3.2,0,1,38.0,0,0,0,0.95,Critical
TP-02295,Starter,Agriculture,Francistown,Social Media,2023-04-03,,Active,728,2023,245,1.19,4,6.1,1,0,-21.0,1,1,0,0.7713,Critical
TP-02296,Free,Retail,Gaborone,Direct Sales,2021-06-26,2021-08-06,Churned,41,2021,0,2.68,2,14.8,0,0,,0,0,0,0.8514,Critical
TP-02297,Professional,Agriculture,Palapye,Social Media,2022-09-22,,Active,921,2022,798,4.61,7,16.4,0,3,50.0,0,0,0,0.0317,Low
TP-02298,Free,Construction,Lobatse,Event,2024-09-25,2024-10-25,Churned,30,2024,0,0.0,1,0.0,0,2,28.0,0,0,0,0.95,Critical
TP-02299,Free,NGO,Serowe,Social Media,2023-10-10,2023-11-09,Churned,30,2023,0,1.67,2,9.7,0,0,70.0,0,0,1,0.95,Critical
TP-02300,Free,Healthcare,Francistown,Event,2021-07-31,2021-08-30,Churned,30,2021,0,2.41,2,11.7,1,2,45.0,0,0,0,0.6663,Critical
TP-02301,Free,Construction,Lobatse,Social Media,2022-07-21,2022-08-20,Churned,30,2022,0,0.92,2,1.7,1,0,-8.0,0,0,0,0.9498,Critical
TP-02302,Starter,Professional Services,Gaborone,Social Media,2023-07-27,2023-08-26,Churned,30,2023,245,4.68,4,29.0,0,4,24.0,0,1,0,0.2621,Medium
TP-02303,Starter,Hospitality,Gaborone,Referral,2024-12-29,,Active,92,2024,245,3.71,5,20.5,0,5,18.0,0,0,0,0.4168,Medium
TP-02304,Free,Agriculture,Maun,Event,2023-03-30,2023-04-29,Churned,30,2023,0,1.99,3,10.4,0,0,37.0,0,0,0,0.95,Critical
TP-02305,Free,Hospitality,Gaborone,Partnership,2024-01-08,2024-03-03,Churned,55,2024,0,3.16,1,15.6,0,0,36.0,0,0,0,0.7757,Critical
TP-02306,Starter,Agriculture,Maun,Event,2021-07-15,2021-12-25,Churned,163,2021,245,0.0,3,0.0,0,1,17.0,0,0,0,0.6376,High
TP-02307,Enterprise,NGO,Francistown,Social Media,2022-08-11,,Active,963,2022,2299,7.92,9,29.3,1,2,,0,0,0,0.02,Low
TP-02308,Professional,Construction,Palapye,Partnership,2021-10-08,,Active,1270,2021,798,6.4,5,27.1,0,4,,0,0,0,0.0785,Low
TP-02309,Free,Professional Services,Gaborone,Partnership,2020-09-30,2020-10-31,Churned,31,2020,0,2.01,1,8.7,0,0,14.0,0,0,1,0.95,Critical
TP-02310,Free,Education,Maun,Event,2023-04-04,2023-05-04,Churned,30,2023,0,1.18,2,5.4,0,0,15.0,0,0,0,0.95,Critical
TP-02311,Enterprise,Education,Gaborone,Social Media,2023-03-08,2023-04-07,Churned,30,2023,2299,8.16,8,44.2,1,4,,0,1,0,0.02,Low
TP-02312,Free,Logistics,Gaborone,Direct Sales,2024-12-12,2025-02-16,Churned,66,2024,0,0.12,1,0.2,0,0,29.0,0,0,0,0.95,Critical
TP-02313,Starter,Education,Gaborone,Organic Search,2021-04-12,,Active,1449,2021,245,1.78,2,9.3,1,1,-11.0,0,1,1,0.8052,Critical
TP-02314,Free,Construction,Gaborone,Direct Sales,2023-05-31,2023-06-30,Churned,30,2023,0,0.0,1,0.0,0,0,26.0,0,0,0,0.95,Critical
TP-02315,Professional,Retail,Maun,Direct Sales,2020-07-11,,Active,1724,2020,798,5.99,6,37.9,0,3,49.0,0,1,0,0.02,Low
TP-02316,Professional,Finance,Francistown,Organic Search,2021-05-22,,Active,1409,2021,798,5.66,6,23.4,1,1,,1,0,0,0.02,Low
TP-02317,Professional,Construction,Gaborone,Partnership,2024-10-09,,Active,173,2024,798,6.87,4,33.6,0,7,,0,1,0,0.1469,Low
TP-02318,Starter,NGO,Francistown,Direct Sales,2023-08-24,,Active,585,2023,245,3.81,3,23.7,0,1,29.0,0,1,0,0.3746,Medium
TP-02319,Free,Education,Gaborone,Social Media,2023-05-15,2023-06-14,Churned,30,2023,0,1.94,3,8.3,1,0,-1.0,0,0,1,0.95,Critical
TP-02320,Starter,Healthcare,Lobatse,Organic Search,2023-08-18,2024-05-08,Churned,264,2023,245,2.32,2,8.5,1,3,,2,0,0,0.7142,Critical
TP-02321,Professional,NGO,Serowe,Partnership,2020-09-01,2022-06-12,Churned,649,2020,798,1.41,3,6.7,1,3,,0,1,0,0.2938,Medium
TP-02322,Professional,Retail,Serowe,Organic Search,2022-05-26,,Active,1040,2022,798,8.02,6,38.6,0,4,,0,0,0,0.1002,Low
TP-02323,Free,Retail,Francistown,Social Media,2021-04-11,2021-05-19,Churned,38,2021,0,1.95,0,5.7,1,1,-23.0,0,0,0,0.95,Critical
TP-02324,Starter,NGO,Gaborone,Organic Search,2024-02-05,,Active,420,2024,245,2.02,2,10.5,1,0,18.0,0,0,0,0.4911,High
TP-02325,Starter,Hospitality,Gaborone,Partnership,2023-05-06,2023-12-09,Churned,217,2023,245,2.72,2,12.8,0,2,71.0,0,0,0,0.5901,High
TP-02326,Enterprise,Professional Services,Francistown,Referral,2021-10-15,,Active,1263,2021,2299,3.73,7,23.4,1,3,50.0,0,0,0,0.02,Low
TP-02327,Professional,Education,Maun,Direct Sales,2024-06-07,,Active,297,2024,798,0.0,7,0.0,1,2,-16.0,0,0,0,0.3976,Medium
TP-02328,Free,Logistics,Gaborone,Organic Search,2022-07-27,,Active,978,2022,0,0.98,2,5.4,0,0,,0,0,0,0.95,Critical
TP-02329,Professional,Professional Services,Gaborone,Partnership,2024-11-21,,Active,130,2024,798,6.81,5,30.0,0,1,75.0,0,0,0,0.0437,Low
TP-02330,Free,Education,Francistown,Direct Sales,2023-11-28,,Active,489,2023,0,1.3,3,7.7,0,0,,0,0,0,0.9016,Critical
TP-02331,Free,Logistics,Maun,Referral,2024-01-30,2024-02-29,Churned,30,2024,0,0.78,2,3.6,0,0,11.0,0,0,0,0.9313,Critical
TP-02332,Free,NGO,Gaborone,Event,2024-12-21,2025-01-20,Churned,30,2024,0,1.54,3,4.8,0,0,,0,0,0,0.8263,Critical
TP-02333,Professional,Finance,Francistown,Direct Sales,2020-09-22,,Active,1651,2020,798,2.09,8,9.0,1,2,,0,0,0,0.1525,Low
TP-02334,Free,Logistics,Gaborone,Social Media,2022-03-05,,Active,1122,2022,0,2.39,3,8.3,1,0,33.0,0,0,0,0.5948,High
TP-02335,Starter,NGO,Maun,Direct Sales,2024-08-12,,Active,231,2024,245,2.61,3,11.1,1,0,43.0,0,0,1,0.5162,High
TP-02336,Free,NGO,Serowe,Event,2022-08-09,2022-11-21,Churned,104,2022,0,3.37,2,17.7,1,0,,0,0,0,0.7505,Critical
TP-02337,Starter,Agriculture,Gaborone,Organic Search,2021-04-15,2021-06-17,Churned,63,2021,245,4.74,3,27.9,0,1,,1,0,0,0.3997,Medium
TP-02338,Enterprise,NGO,Gaborone,Social Media,2024-07-21,,Active,253,2024,2299,5.53,8,11.6,1,4,,0,0,0,0.02,Low
TP-02339,Starter,Finance,Francistown,Direct Sales,2024-02-03,2024-03-30,Churned,56,2024,245,3.28,4,9.2,0,0,52.0,2,0,0,0.674,Critical
TP-02340,Starter,NGO,Gaborone,Organic Search,2020-09-05,,Active,1668,2020,245,4.66,4,13.8,1,1,24.0,1,0,0,0.3625,Medium
TP-02341,Free,NGO,Palapye,Referral,2021-12-15,2022-01-14,Churned,30,2021,0,0.5,1,3.1,0,0,6.0,0,0,0,0.95,Critical
TP-02342,Enterprise,Construction,Maun,Organic Search,2022-10-10,,Active,903,2022,2299,5.54,10,31.5,1,1,83.0,0,0,0,0.02,Low
TP-02343,Professional,Construction,Lobatse,Referral,2022-04-24,,Active,1072,2022,798,3.06,7,11.2,1,0,1.0,0,0,0,0.0386,Low
TP-02344,Professional,Construction,Gaborone,Social Media,2022-04-28,,Active,1068,2022,798,4.85,7,19.5,1,2,,0,0,0,0.02,Low
TP-02345,Professional,Education,Gaborone,Organic Search,2023-05-11,,Active,690,2023,798,5.47,6,24.3,1,1,,0,0,0,0.02,Low
TP-02346,Free,Healthcare,Gaborone,Partnership,2023-06-06,2023-07-08,Churned,32,2023,0,2.07,3,5.8,1,0,,0,0,0,0.6315,High
TP-02347,Starter,Retail,Maun,Event,2020-12-27,,Active,1555,2020,245,4.63,2,20.0,0,0,,0,0,0,0.4958,High
TP-02348,Starter,Education,Francistown,Direct Sales,2024-10-08,,Active,174,2024,245,0.26,2,1.2,0,1,27.0,0,1,0,0.6886,Critical
TP-02349,Starter,Logistics,Francistown,Referral,2021-09-19,2021-10-19,Churned,30,2021,245,3.13,4,10.6,0,0,26.0,0,0,0,0.4503,High
TP-02350,Starter,Healthcare,Gaborone,Referral,2024-09-29,2025-01-31,Churned,124,2024,245,1.36,3,5.4,1,1,,0,0,0,0.5748,High
TP-02351,Free,Hospitality,Francistown,Direct Sales,2021-08-22,2021-12-01,Churned,101,2021,0,0.0,3,0.0,0,0,-2.0,0,0,0,0.95,Critical
TP-02352,Starter,Hospitality,Francistown,Event,2024-03-02,,Active,394,2024,245,3.22,4,17.6,1,0,18.0,0,1,0,0.3159,Medium
TP-02353,Professional,Retail,Gaborone,Organic Search,2022-04-10,,Active,1086,2022,798,5.07,3,25.8,1,2,,0,0,0,0.02,Low
TP-02354,Free,Professional Services,Gaborone,Event,2022-07-04,2022-08-03,Churned,30,2022,0,0.0,3,0.0,1,0,9.0,0,0,0,0.6764,Critical
TP-02355,Starter,Agriculture,Gaborone,Direct Sales,2021-07-30,,Active,1340,2021,245,2.85,3,1.9,1,1,,0,0,0,0.3306,Medium
TP-02356,Starter,Education,Francistown,Event,2020-11-16,2020-12-16,Churned,30,2020,245,2.82,1,10.9,0,0,57.0,0,0,0,0.6715,Critical
TP-02357,Starter,Logistics,Gaborone,Organic Search,2021-04-27,,Active,1434,2021,245,3.09,3,18.8,0,3,45.0,0,0,0,0.4254,Medium
TP-02358,Professional,Professional Services,Gaborone,Social Media,2021-12-13,,Active,1204,2021,798,2.18,3,12.5,1,2,53.0,0,0,0,0.2016,Low
TP-02359,Free,Finance,Gaborone,Direct Sales,2024-12-17,2025-02-11,Churned,56,2024,0,3.63,1,10.8,0,1,19.0,0,0,0,0.7965,Critical
TP-02360,Starter,Construction,Lobatse,Organic Search,2024-12-19,,Active,102,2024,245,4.02,3,14.0,1,1,,0,0,0,0.1953,Low
TP-02361,Starter,NGO,Gaborone,Referral,2021-01-25,2021-08-07,Churned,194,2021,245,2.31,3,12.3,0,1,-3.0,0,0,0,0.5485,High
TP-02362,Starter,Professional Services,Gaborone,Social Media,2024-08-08,2024-09-07,Churned,30,2024,245,1.83,3,9.7,1,1,48.0,0,1,0,0.4371,Medium
TP-02363,Professional,Hospitality,Gaborone,Event,2021-08-25,,Active,1314,2021,798,5.21,2,23.0,1,2,,3,1,0,0.2621,Medium
TP-02364,Starter,Construction,Palapye,Direct Sales,2022-06-04,2022-07-11,Churned,37,2022,245,2.55,3,15.9,0,0,57.0,1,0,0,0.5839,High
TP-02365,Free,Healthcare,Gaborone,Direct Sales,2021-02-02,2021-03-04,Churned,30,2021,0,2.58,1,7.3,0,0,39.0,0,0,0,0.8523,Critical
TP-02366,Free,Agriculture,Palapye,Direct Sales,2022-02-20,2022-07-05,Churned,135,2022,0,0.94,3,3.5,1,2,,0,0,0,0.859,Critical
TP-02367,Free,Logistics,Serowe,Direct Sales,2021-08-21,2021-10-04,Churned,44,2021,0,0.0,2,0.0,1,1,,0,0,0,0.9246,Critical
TP-02368,Starter,Education,Francistown,Referral,2024-01-01,,Active,455,2024,245,2.83,2,10.1,1,3,,0,0,0,0.4729,High
TP-02369,Free,Retail,Gaborone,Partnership,2022-03-25,,Active,1102,2022,0,0.0,3,0.0,1,0,-1.0,0,0,0,0.8443,Critical
TP-02370,Professional,Healthcare,Serowe,Event,2021-11-06,,Active,1241,2021,798,3.51,4,23.9,0,2,49.0,2,1,0,0.3938,Medium
TP-02371,Starter,NGO,Gaborone,Direct Sales,2024-08-25,2024-09-24,Churned,30,2024,245,2.84,2,17.5,1,1,39.0,0,1,0,0.3828,Medium
TP-02372,Starter,Healthcare,Francistown,Referral,2021-04-01,,Active,1460,2021,245,4.22,2,16.6,1,1,3.0,0,0,0,0.4255,Medium
TP-02373,Starter,Education,Gaborone,Referral,2024-04-10,,Active,355,2024,245,4.6,4,21.6,1,0,27.0,0,1,0,0.0872,Low
TP-02374,Free,Finance,Serowe,Partnership,2020-09-14,,Active,1659,2020,0,0.13,0,0.6,1,0,,0,0,0,0.9312,Critical
TP-02375,Free,Construction,Francistown,Social Media,2020-12-06,2021-02-10,Churned,66,2020,0,2.35,0,3.9,0,1,52.0,0,0,0,0.8261,Critical
TP-02376,Professional,Logistics,Serowe,Organic Search,2023-06-29,,Active,641,2023,798,6.1,3,32.3,1,7,100.0,0,0,0,0.1447,Low
TP-02377,Free,Healthcare,Gaborone,Direct Sales,2020-09-17,2020-10-17,Churned,30,2020,0,1.31,2,6.8,0,2,27.0,0,0,0,0.95,Critical
TP-02378,Free,Professional Services,Gaborone,Social Media,2021-06-03,2021-07-03,Churned,30,2021,0,3.4,3,16.4,0,0,1.0,0,0,0,0.733,Critical
TP-02379,Free,Hospitality,Lobatse,Direct Sales,2022-04-18,2022-05-18,Churned,30,2022,0,0.03,2,0.1,0,1,,0,0,0,0.95,Critical
TP-02380,Free,Healthcare,Maun,Organic Search,2022-01-14,2022-04-12,Churned,88,2022,0,1.43,1,5.7,0,0,7.0,0,0,0,0.95,Critical
TP-02381,Free,Healthcare,Gaborone,Partnership,2023-08-04,,Active,605,2023,0,2.43,2,18.7,1,0,22.0,0,0,0,0.723,Critical
TP-02382,Starter,Hospitality,Gaborone,Referral,2021-12-22,2022-04-06,Churned,105,2021,245,4.62,3,27.8,1,1,,1,1,0,0.2639,Medium
TP-02383,Starter,Retail,Gaborone,Referral,2024-02-02,2024-03-03,Churned,30,2024,245,3.62,3,11.6,1,4,,0,0,0,0.4716,High
TP-02384,Starter,Construction,Gaborone,Organic Search,2021-06-30,,Active,1370,2021,245,3.48,4,9.6,1,2,59.0,1,1,0,0.3841,Medium
TP-02385,Professional,Hospitality,Gaborone,Partnership,2021-11-03,,Active,1244,2021,798,6.69,4,31.8,1,3,,0,0,0,0.056,Low
TP-02386,Free,Healthcare,Francistown,Direct Sales,2024-11-11,2024-12-11,Churned,30,2024,0,3.6,3,16.2,1,1,-48.0,0,0,0,0.7242,Critical
TP-02387,Free,Retail,Maun,Partnership,2022-06-01,2022-07-13,Churned,42,2022,0,1.69,2,7.9,1,0,,0,0,0,0.8444,Critical
TP-02388,Free,NGO,Francistown,Event,2022-06-09,2022-07-17,Churned,38,2022,0,2.21,2,5.3,1,1,-18.0,0,0,0,0.8644,Critical
TP-02389,Professional,Education,Maun,Direct Sales,2022-09-06,,Active,937,2022,798,6.21,6,20.2,1,2,26.0,0,0,0,0.02,Low
TP-02390,Free,Construction,Palapye,Partnership,2020-10-03,2020-11-02,Churned,30,2020,0,1.42,1,7.3,0,0,-37.0,0,0,0,0.95,Critical
TP-02391,Professional,Education,Gaborone,Direct Sales,2023-09-05,,Active,573,2023,798,5.43,6,31.9,1,1,40.0,0,0,0,0.02,Low
TP-02392,Free,Education,Maun,Social Media,2021-08-01,2021-08-31,Churned,30,2021,0,1.37,1,8.9,0,1,,0,0,0,0.9339,Critical
TP-02393,Professional,NGO,Francistown,Social Media,2024-08-10,,Active,233,2024,798,2.48,3,2.6,1,2,53.0,0,0,0,0.1877,Low
TP-02394,Starter,Healthcare,Gaborone,Direct Sales,2020-11-15,,Active,1597,2020,245,3.32,1,15.7,1,0,18.0,1,0,0,0.5331,High
TP-02395,Professional,Finance,Lobatse,Social Media,2021-12-08,2022-06-08,Churned,182,2021,798,1.8,4,5.5,1,2,,0,0,0,0.3685,Medium
TP-02396,Starter,Agriculture,Serowe,Direct Sales,2024-07-06,,Active,268,2024,245,2.52,3,9.8,0,3,11.0,0,0,0,0.5386,High
TP-02397,Professional,Finance,Serowe,Organic Search,2022-09-29,,Active,914,2022,798,4.06,7,7.9,1,0,,1,0,0,0.0515,Low
TP-02398,Starter,Construction,Maun,Organic Search,2020-07-30,2020-08-29,Churned,30,2020,245,0.33,1,0.9,1,0,46.0,0,1,0,0.61,High
TP-02399,Starter,Retail,Lobatse,Social Media,2023-06-04,2023-07-06,Churned,32,2023,245,2.19,2,6.3,0,1,,0,0,0,0.7145,Critical
TP-02400,Free,Construction,Gaborone,Organic Search,2022-01-06,2022-02-23,Churned,48,2022,0,0.72,2,1.5,0,2,4.0,0,0,0,0.95,Critical
TP-02401,Starter,Hospitality,Gaborone,Social Media,2021-03-23,2021-06-26,Churned,95,2021,245,2.45,1,5.6,0,1,,3,0,0,0.7392,Critical
TP-02402,Professional,Construction,Francistown,Direct Sales,2021-03-12,,Active,1480,2021,798,7.29,8,40.6,0,2,,0,0,0,0.02,Low
TP-02403,Free,Construction,Gaborone,Partnership,2021-11-20,2022-01-19,Churned,60,2021,0,2.27,2,7.0,0,0,,0,0,0,0.8942,Critical
TP-02404,Free,Healthcare,Francistown,Organic Search,2023-11-23,2024-03-18,Churned,116,2023,0,3.46,2,22.4,0,0,,0,0,1,0.95,Critical
TP-02405,Starter,Construction,Gaborone,Partnership,2021-01-14,,Active,1537,2021,245,4.94,3,16.6,1,1,,0,1,0,0.1314,Low
TP-02406,Starter,NGO,Francistown,Event,2023-09-12,,Active,566,2023,245,1.07,5,4.4,1,0,,0,1,0,0.3306,Medium
TP-02407,Free,Agriculture,Serowe,Event,2024-11-25,2025-01-04,Churned,40,2024,0,1.55,2,3.6,1,1,,0,0,0,0.9399,Critical
TP-02408,Professional,Healthcare,Gaborone,Organic Search,2020-10-24,,Active,1619,2020,798,7.83,6,32.5,0,2,17.0,0,1,0,0.02,Low
TP-02409,Free,Finance,Gaborone,Direct Sales,2020-06-22,2020-08-18,Churned,57,2020,0,2.86,1,7.9,0,1,,0,0,0,0.8413,Critical
TP-02410,Professional,Hospitality,Palapye,Organic Search,2021-04-05,,Active,1456,2021,798,4.8,4,23.7,1,3,,0,0,0,0.0558,Low
TP-02411,Free,Finance,Lobatse,Event,2020-10-27,2020-12-23,Churned,57,2020,0,1.38,1,4.7,0,0,,0,0,0,0.95,Critical
TP-02412,Free,Education,Gaborone,Social Media,2021-04-16,2021-07-30,Churned,105,2021,0,3.39,2,10.2,0,1,18.0,0,0,0,0.9284,Critical
TP-02413,Starter,NGO,Lobatse,Organic Search,2023-02-20,,Active,770,2023,245,5.11,3,17.0,0,0,,0,1,0,0.218,Low
TP-02414,Free,Professional Services,Serowe,Organic Search,2021-07-22,2021-09-18,Churned,58,2021,0,1.96,1,2.6,0,1,,0,0,1,0.95,Critical
TP-02415,Enterprise,Retail,Lobatse,Social Media,2023-01-07,,Active,814,2023,2299,4.23,9,18.6,1,7,37.0,0,0,0,0.02,Low
TP-02416,Free,Hospitality,Serowe,Direct Sales,2023-12-17,2024-01-16,Churned,30,2023,0,1.35,1,4.3,0,0,31.0,0,0,0,0.95,Critical
TP-02417,Professional,NGO,Gaborone,Direct Sales,2023-02-01,,Active,789,2023,798,5.56,6,25.1,0,2,76.0,0,0,0,0.0665,Low
TP-02418,Starter,Professional Services,Gaborone,Event,2023-03-20,,Active,742,2023,245,3.63,2,21.5,1,1,,1,0,0,0.6302,High
TP-02419,Enterprise,Hospitality,Gaborone,Referral,2021-01-30,,Active,1521,2021,2299,8.85,10,15.7,1,1,,0,1,0,0.02,Low
TP-02420,Free,NGO,Maun,Event,2021-06-15,2021-08-06,Churned,52,2021,0,0.52,1,2.3,0,0,42.0,0,0,0,0.95,Critical
TP-02421,Free,Education,Gaborone,Event,2023-03-15,2023-05-06,Churned,52,2023,0,1.76,3,6.4,0,0,,0,0,1,0.95,Critical
TP-02422,Free,Logistics,Francistown,Partnership,2024-05-14,2024-06-13,Churned,30,2024,0,0.46,2,0.9,0,1,29.0,0,0,0,0.95,Critical
TP-02423,Free,Healthcare,Francistown,Partnership,2021-08-27,2021-11-21,Churned,86,2021,0,1.37,3,8.5,0,0,16.0,0,0,1,0.95,Critical
TP-02424,Starter,Agriculture,Gaborone,Social Media,2024-10-11,,Active,171,2024,245,2.71,3,15.0,0,2,,0,0,0,0.4763,High
TP-02425,Free,Hospitality,Gaborone,Referral,2024-09-05,2024-12-29,Churned,115,2024,0,1.83,3,6.6,0,0,35.0,0,0,1,0.95,Critical
TP-02426,Free,Healthcare,Palapye,Event,2021-12-15,2022-01-14,Churned,30,2021,0,1.41,1,1.2,1,1,-9.0,0,0,0,0.95,Critical
TP-02427,Starter,Agriculture,Palapye,Social Media,2020-08-22,,Active,1682,2020,245,5.2,2,26.8,0,1,0.0,0,0,1,0.7351,Critical
TP-02428,Starter,Finance,Francistown,Event,2021-12-09,2022-01-08,Churned,30,2021,245,2.27,5,13.6,0,2,,0,1,0,0.2634,Medium
TP-02429,Starter,Hospitality,Gaborone,Event,2021-01-14,2021-02-13,Churned,30,2021,245,0.49,1,2.6,1,0,,0,0,0,0.7241,Critical
TP-02430,Free,Retail,Francistown,Direct Sales,2022-04-01,2022-05-01,Churned,30,2022,0,0.34,1,0.6,0,0,25.0,0,0,0,0.95,Critical
TP-02431,Starter,Retail,Gaborone,Organic Search,2020-08-19,2020-10-26,Churned,68,2020,245,4.18,2,22.5,0,1,,0,0,0,0.4915,High
TP-02432,Free,Construction,Gaborone,Organic Search,2024-10-03,2024-11-02,Churned,30,2024,0,2.79,2,1.6,0,0,45.0,0,0,0,0.9332,Critical
TP-02433,Free,Finance,Francistown,Organic Search,2024-11-08,2024-12-31,Churned,53,2024,0,2.61,0,6.4,0,0,42.0,0,0,0,0.8847,Critical
TP-02434,Enterprise,NGO,Serowe,Partnership,2021-10-06,,Active,1272,2021,2299,5.97,8,30.8,1,4,,0,1,0,0.02,Low
TP-02435,Professional,Professional Services,Francistown,Event,2022-04-06,,Active,1090,2022,798,4.42,6,19.7,1,5,1.0,0,1,0,0.02,Low
TP-02436,Professional,Healthcare,Gaborone,Partnership,2022-09-18,2023-02-26,Churned,161,2022,798,2.1,3,9.8,0,3,29.0,1,0,0,0.3698,Medium
TP-02437,Free,Professional Services,Francistown,Event,2023-07-13,2023-08-25,Churned,43,2023,0,1.89,0,11.1,0,0,-19.0,0,0,0,0.95,Critical
TP-02438,Starter,Retail,Maun,Referral,2023-01-08,,Active,813,2023,245,6.01,5,19.2,0,2,,0,0,1,0.3131,Medium
TP-02439,Starter,Logistics,Gaborone,Referral,2024-06-15,2025-03-30,Churned,288,2024,245,2.61,2,11.2,1,3,,1,1,0,0.5337,High
TP-02440,Free,NGO,Gaborone,Organic Search,2023-06-21,2023-07-21,Churned,30,2023,0,1.37,1,2.9,0,1,32.0,0,0,0,0.95,Critical
TP-02441,Starter,Agriculture,Francistown,Organic Search,2024-04-13,,Active,352,2024,245,2.51,5,9.6,1,1,,2,0,0,0.3449,Medium
TP-02442,Free,Agriculture,Francistown,Referral,2022-12-14,2023-01-13,Churned,30,2022,0,2.1,2,13.5,0,0,18.0,0,0,0,0.8668,Critical
TP-02443,Free,Logistics,Gaborone,Referral,2022-10-05,2022-12-22,Churned,78,2022,0,2.27,1,12.7,0,0,22.0,0,0,0,0.8292,Critical
TP-02444,Free,Healthcare,Gaborone,Event,2022-08-26,2022-09-25,Churned,30,2022,0,1.98,2,3.4,0,1,18.0,0,0,0,0.95,Critical
TP-02445,Free,Logistics,Serowe,Direct Sales,2021-06-05,2021-07-29,Churned,54,2021,0,0.0,2,0.0,0,1,,0,0,1,0.95,Critical
TP-02446,Professional,Hospitality,Gaborone,Partnership,2020-06-10,2021-03-28,Churned,291,2020,798,2.93,3,4.9,0,1,43.0,2,0,0,0.465,High
TP-02447,Free,Education,Gaborone,Direct Sales,2023-10-13,,Active,535,2023,0,0.4,3,3.0,1,0,33.0,0,0,0,0.7601,Critical
TP-02448,Free,Logistics,Francistown,Direct Sales,2020-07-01,2020-07-31,Churned,30,2020,0,0.82,2,2.4,1,0,-30.0,0,0,0,0.95,Critical
TP-02449,Professional,Construction,Maun,Partnership,2024-11-14,,Active,137,2024,798,3.86,4,12.4,1,3,,0,0,0,0.2905,Medium
TP-02450,Starter,Hospitality,Francistown,Referral,2020-09-03,2021-01-21,Churned,140,2020,245,2.78,3,12.1,1,3,,0,1,0,0.2473,Low
TP-02451,Professional,NGO,Francistown,Direct Sales,2021-04-20,,Active,1441,2021,798,2.94,7,15.8,1,1,43.0,0,1,0,0.02,Low
TP-02452,Starter,Finance,Palapye,Referral,2021-01-31,,Active,1520,2021,245,2.59,2,15.7,1,3,2.0,1,1,0,0.5662,High
TP-02453,Starter,Retail,Gaborone,Referral,2022-05-28,2023-05-29,Churned,366,2022,245,1.09,2,2.7,0,2,,0,1,0,0.7167,Critical
TP-02454,Enterprise,Education,Gaborone,Referral,2020-09-01,,Active,1672,2020,2299,3.48,9,13.7,1,5,,0,1,0,0.02,Low
TP-02455,Starter,Construction,Gaborone,Referral,2023-02-28,,Active,762,2023,245,4.1,4,11.2,0,0,16.0,0,1,1,0.4422,Medium
TP-02456,Starter,Agriculture,Gaborone,Social Media,2022-07-12,,Active,993,2022,245,4.86,0,15.2,0,1,,0,0,1,0.6385,High
TP-02457,Free,NGO,Gaborone,Event,2022-12-08,2023-01-07,Churned,30,2022,0,0.79,2,4.0,0,0,,0,0,0,0.95,Critical
TP-02458,Professional,Construction,Gaborone,Referral,2020-11-17,,Active,1595,2020,798,4.1,7,39.2,0,2,,0,0,0,0.0825,Low
TP-02459,Starter,Professional Services,Gaborone,Direct Sales,2022-01-15,,Active,1171,2022,245,3.31,3,12.4,1,0,65.0,0,1,1,0.4266,Medium
TP-02460,Free,NGO,Maun,Organic Search,2020-11-12,2021-02-11,Churned,91,2020,0,2.53,2,15.9,0,1,,0,0,0,0.7948,Critical
TP-02461,Starter,Retail,Gaborone,Event,2023-01-21,,Active,800,2023,245,2.62,2,10.9,0,1,,0,1,1,0.6348,High
TP-02462,Starter,Logistics,Francistown,Direct Sales,2024-02-17,2024-08-05,Churned,170,2024,245,4.28,3,24.3,1,1,,1,1,0,0.2268,Low
TP-02463,Free,Logistics,Francistown,Event,2022-11-22,2022-12-22,Churned,30,2022,0,1.38,1,5.8,1,0,,0,0,0,0.8975,Critical
TP-02464,Free,Logistics,Gaborone,Social Media,2023-09-13,2023-10-31,Churned,48,2023,0,1.16,1,6.0,1,0,,0,0,0,0.9459,Critical
TP-02465,Professional,Finance,Gaborone,Referral,2023-03-17,,Active,745,2023,798,7.58,5,21.5,1,1,56.0,0,1,0,0.02,Low
TP-02466,Professional,Logistics,Serowe,Referral,2023-08-11,,Active,598,2023,798,2.46,3,11.6,0,3,,0,0,0,0.3277,Medium
TP-02467,Starter,Professional Services,Gaborone,Social Media,2022-11-13,,Active,869,2022,245,3.47,4,8.7,1,1,,0,0,0,0.3642,Medium
TP-02468,Enterprise,Healthcare,Gaborone,Event,2023-07-10,,Active,630,2023,2299,6.61,8,31.7,1,1,,0,0,0,0.02,Low
TP-02469,Professional,Education,Palapye,Partnership,2021-03-13,,Active,1479,2021,798,3.46,3,17.2,1,1,54.0,0,1,0,0.1705,Low
TP-02470,Free,Agriculture,Gaborone,Referral,2022-10-31,2022-11-30,Churned,30,2022,0,0.49,1,2.0,0,1,,0,0,0,0.95,Critical
TP-02471,Free,Hospitality,Francistown,Social Media,2022-03-10,2022-04-09,Churned,30,2022,0,2.46,2,4.0,0,2,61.0,0,0,0,0.8507,Critical
TP-02472,Free,Agriculture,Francistown,Direct Sales,2021-11-15,2022-03-08,Churned,113,2021,0,1.71,2,12.4,0,1,-23.0,0,0,0,0.95,Critical
TP-02473,Free,NGO,Gaborone,Social Media,2021-02-02,2021-03-04,Churned,30,2021,0,0.0,1,0.0,1,0,63.0,0,0,0,0.95,Critical
TP-02474,Starter,Education,Gaborone,Social Media,2021-01-11,,Active,1540,2021,245,2.64,1,15.3,1,1,,0,0,0,0.5315,High
TP-02475,Professional,Logistics,Gaborone,Referral,2024-07-24,,Active,250,2024,798,5.63,5,35.8,1,2,1.0,0,0,0,0.02,Low
TP-02476,Professional,Professional Services,Gaborone,Organic Search,2022-02-07,2022-06-07,Churned,120,2022,798,4.72,4,52.1,1,4,,0,0,0,0.1196,Low
TP-02477,Free,Construction,Gaborone,Direct Sales,2023-01-02,2023-02-15,Churned,44,2023,0,2.1,2,8.6,0,0,,0,0,0,0.8297,Critical
TP-02478,Professional,Logistics,Maun,Direct Sales,2021-03-08,,Active,1484,2021,798,3.94,6,23.0,1,5,,0,1,0,0.02,Low
TP-02479,Starter,Construction,Gaborone,Partnership,2023-05-21,,Active,680,2023,245,2.12,0,8.4,1,4,11.0,0,0,0,0.7011,Critical
TP-02480,Free,Hospitality,Maun,Partnership,2024-05-01,2024-05-31,Churned,30,2024,0,0.87,2,5.0,0,0,-12.0,0,0,0,0.95,Critical
TP-02481,Starter,Logistics,Gaborone,Referral,2022-09-12,2022-12-02,Churned,81,2022,245,2.03,4,6.5,0,1,,1,0,0,0.615,High
TP-02482,Free,Hospitality,Palapye,Referral,2020-07-26,2020-11-19,Churned,116,2020,0,0.73,3,4.6,0,0,,0,0,0,0.8406,Critical
TP-02483,Starter,Finance,Palapye,Referral,2022-08-04,,Active,970,2022,245,2.75,1,6.2,0,0,,0,0,0,0.6576,Critical
TP-02484,Starter,Agriculture,Gaborone,Partnership,2021-05-07,2021-09-18,Churned,134,2021,245,3.93,1,20.6,0,0,,1,0,0,0.7488,Critical
TP-02485,Free,Construction,Gaborone,Social Media,2024-01-02,2024-03-26,Churned,84,2024,0,0.7,3,2.6,0,1,,0,0,0,0.7983,Critical
TP-02486,Starter,Education,Palapye,Social Media,2023-08-08,2024-10-11,Churned,430,2023,245,0.22,2,0.9,0,1,3.0,2,0,0,0.95,Critical
TP-02487,Professional,Professional Services,Palapye,Referral,2022-07-07,,Active,998,2022,798,3.48,3,14.9,1,1,,0,0,0,0.2391,Low
TP-02488,Free,Logistics,Gaborone,Partnership,2024-06-05,,Active,299,2024,0,3.34,3,8.6,0,1,,0,0,1,0.8501,Critical
TP-02489,Free,Finance,Maun,Partnership,2023-12-31,2024-01-30,Churned,30,2023,0,3.17,2,12.8,0,1,,0,0,0,0.8408,Critical
TP-02490,Free,Education,Gaborone,Partnership,2022-04-28,2022-06-08,Churned,41,2022,0,0.0,2,0.0,1,1,35.0,0,0,0,0.9192,Critical
TP-02491,Starter,Healthcare,Francistown,Referral,2023-02-03,,Active,787,2023,245,1.93,2,11.2,1,1,16.0,0,0,0,0.7056,Critical
TP-02492,Starter,Education,Gaborone,Direct Sales,2021-01-12,,Active,1539,2021,245,3.62,2,21.9,0,1,,0,0,1,0.7756,Critical
TP-02493,Starter,Hospitality,Palapye,Event,2020-12-28,2021-01-27,Churned,30,2020,245,3.47,3,10.9,1,2,,2,0,0,0.5177,High
TP-02494,Free,Finance,Palapye,Direct Sales,2024-11-23,2024-12-23,Churned,30,2024,0,0.79,2,4.5,0,2,1.0,0,0,1,0.95,Critical
TP-02495,Professional,Agriculture,Gaborone,Partnership,2024-07-17,2025-02-12,Churned,210,2024,798,1.67,6,6.1,0,3,68.0,0,1,0,0.241,Low
TP-02496,Free,Retail,Gaborone,Partnership,2021-07-30,2021-11-24,Churned,117,2021,0,1.75,3,7.7,0,0,19.0,0,0,0,0.9035,Critical
TP-02497,Free,Education,Gaborone,Referral,2023-06-23,2023-09-08,Churned,77,2023,0,0.0,3,0.0,0,0,7.0,0,0,0,0.8809,Critical
TP-02498,Starter,Healthcare,Gaborone,Direct Sales,2024-02-11,2024-11-19,Churned,282,2024,245,1.76,4,5.3,1,1,-2.0,0,0,0,0.7184,Critical
TP-02499,Free,Education,Francistown,Social Media,2022-10-20,2022-11-19,Churned,30,2022,0,0.0,2,0.0,0,1,9.0,0,0,0,0.95,Critical
TP-02500,Free,Finance,Gaborone,Referral,2023-01-03,2023-02-02,Churned,30,2023,0,1.98,2,8.8,1,1,,0,0,0,0.9322,Critical
TP-02501,Starter,Healthcare,Gaborone,Event,2022-06-30,,Active,1005,2022,245,4.84,3,34.0,0,1,,1,1,0,0.2547,Medium
TP-02502,Enterprise,Retail,Serowe,Direct Sales,2021-06-26,,Active,1374,2021,2299,5.54,8,36.4,0,4,74.0,0,0,0,0.02,Low
TP-02503,Free,Retail,Francistown,Referral,2023-07-13,,Active,627,2023,0,2.24,2,9.7,0,0,,0,0,0,0.8621,Critical
TP-02504,Enterprise,Professional Services,Gaborone,Partnership,2022-01-21,,Active,1165,2022,2299,11.15,8,54.5,1,2,96.0,0,0,0,0.02,Low
TP-02505,Enterprise,Construction,Gaborone,Partnership,2020-10-04,,Active,1639,2020,2299,9.13,9,48.8,1,4,,0,1,0,0.02,Low
TP-02506,Free,Healthcare,Maun,Direct Sales,2021-08-18,2021-12-27,Churned,131,2021,0,0.85,0,1.1,0,0,,0,0,0,0.95,Critical
TP-02507,Professional,Logistics,Lobatse,Organic Search,2024-08-30,,Active,213,2024,798,6.62,3,30.9,1,1,,0,0,0,0.0518,Low
TP-02508,Starter,Professional Services,Gaborone,Event,2023-11-02,,Active,515,2023,245,4.73,3,9.4,1,1,,0,0,0,0.2389,Low
TP-02509,Starter,Agriculture,Francistown,Referral,2021-07-04,,Active,1366,2021,245,2.08,3,9.0,1,1,62.0,0,1,0,0.334,Medium
TP-02510,Enterprise,Agriculture,Maun,Social Media,2021-07-07,,Active,1363,2021,2299,5.41,10,6.9,1,5,,0,0,0,0.02,Low
TP-02511,Professional,NGO,Gaborone,Social Media,2021-10-13,,Active,1265,2021,798,6.87,3,30.3,0,2,,0,0,0,0.1488,Low
TP-02512,Starter,Professional Services,Gaborone,Event,2023-09-15,2024-08-26,Churned,346,2023,245,2.73,2,11.1,1,2,,1,1,0,0.575,High
TP-02513,Free,Hospitality,Gaborone,Organic Search,2023-03-30,,Active,732,2023,0,0.65,3,3.5,1,0,14.0,0,0,0,0.768,Critical
TP-02514,Professional,NGO,Francistown,Partnership,2021-07-22,,Active,1348,2021,798,3.29,8,17.8,1,3,15.0,2,0,0,0.1617,Low
TP-02515,Starter,Professional Services,Francistown,Organic Search,2022-01-02,2022-02-01,Churned,30,2022,245,1.47,1,7.2,0,2,59.0,0,1,0,0.714,Critical
TP-02516,Starter,Agriculture,Palapye,Event,2021-10-05,,Active,1273,2021,245,2.53,4,15.5,0,2,25.0,1,1,0,0.5851,High
TP-02517,Starter,Agriculture,Gaborone,Referral,2024-10-12,,Active,170,2024,245,1.42,2,3.8,0,1,44.0,0,0,0,0.876,Critical
TP-02518,Starter,Hospitality,Gaborone,Organic Search,2024-12-17,,Active,104,2024,245,4.04,3,25.4,1,2,,0,0,0,0.1747,Low
TP-02519,Starter,Professional Services,Gaborone,Event,2022-07-13,2022-08-17,Churned,35,2022,245,4.51,2,5.3,0,1,14.0,1,0,0,0.5856,High
TP-02520,Professional,Agriculture,Lobatse,Referral,2024-07-04,,Active,270,2024,798,4.18,5,24.1,1,1,,0,0,0,0.02,Low
TP-02521,Free,Agriculture,Serowe,Referral,2022-07-22,2022-08-21,Churned,30,2022,0,3.01,1,20.9,0,0,,0,0,0,0.8566,Critical
TP-02522,Professional,NGO,Gaborone,Partnership,2023-09-19,,Active,559,2023,798,7.08,5,42.7,1,2,,1,0,0,0.054,Low
TP-02523,Professional,Healthcare,Palapye,Partnership,2020-08-31,,Active,1673,2020,798,7.32,6,30.4,1,0,,0,0,0,0.02,Low
TP-02524,Starter,NGO,Serowe,Partnership,2024-03-30,2024-06-04,Churned,66,2024,245,3.52,2,6.0,1,1,,0,1,0,0.5145,High
TP-02525,Starter,Agriculture,Gaborone,Direct Sales,2022-08-16,,Active,958,2022,245,4.18,5,14.7,1,0,,0,1,0,0.1108,Low
TP-02526,Starter,Professional Services,Gaborone,Partnership,2022-02-11,,Active,1144,2022,245,1.95,4,13.2,0,1,,2,0,0,0.8374,Critical
TP-02527,Professional,Construction,Gaborone,Organic Search,2020-08-14,2020-10-15,Churned,62,2020,798,6.25,4,30.3,0,1,,3,0,0,0.2599,Medium
TP-02528,Starter,Logistics,Palapye,Partnership,2022-12-05,,Active,847,2022,245,2.04,1,14.1,0,0,73.0,0,1,0,0.4715,High
TP-02529,Professional,Hospitality,Maun,Partnership,2021-09-20,2023-02-23,Churned,521,2021,798,2.97,6,18.5,1,0,73.0,1,0,0,0.1796,Low
TP-02530,Professional,Agriculture,Francistown,Organic Search,2023-04-09,,Active,722,2023,798,5.32,5,29.3,1,1,-12.0,1,0,0,0.1161,Low
TP-02531,Starter,Construction,Gaborone,Referral,2022-11-03,,Active,879,2022,245,4.88,2,23.2,0,0,,0,0,1,0.6246,High
TP-02532,Starter,Logistics,Palapye,Referral,2023-09-26,,Active,552,2023,245,2.88,2,14.5,1,2,59.0,0,0,0,0.4902,High
TP-02533,Free,Construction,Gaborone,Direct Sales,2020-11-23,2021-01-30,Churned,68,2020,0,2.77,1,14.5,0,0,,0,0,0,0.8843,Critical
TP-02534,Professional,Finance,Lobatse,Organic Search,2023-01-06,,Active,815,2023,798,4.74,5,35.0,1,3,,0,0,0,0.0324,Low
TP-02535,Free,Education,Gaborone,Direct Sales,2023-02-09,2023-03-15,Churned,34,2023,0,2.6,1,6.5,0,1,-19.0,0,0,0,0.95,Critical
TP-02536,Professional,Finance,Gaborone,Event,2023-05-26,,Active,675,2023,798,4.45,7,15.3,1,1,44.0,0,1,0,0.02,Low
TP-02537,Enterprise,Professional Services,Serowe,Organic Search,2024-10-16,,Active,166,2024,2299,5.31,9,35.3,1,0,34.0,0,0,0,0.02,Low
TP-02538,Enterprise,Education,Palapye,Social Media,2024-11-28,,Active,123,2024,2299,7.12,9,30.8,1,3,-2.0,0,1,0,0.02,Low
TP-02539,Enterprise,Finance,Gaborone,Organic Search,2024-01-26,,Active,430,2024,2299,6.1,9,24.7,1,4,-29.0,1,0,0,0.1228,Low
TP-02540,Free,Logistics,Francistown,Direct Sales,2022-05-17,2022-06-16,Churned,30,2022,0,2.08,2,9.9,0,0,,0,0,0,0.879,Critical
TP-02541,Professional,NGO,Gaborone,Organic Search,2020-12-26,,Active,1556,2020,798,6.49,5,29.9,0,1,7.0,0,0,0,0.0938,Low
TP-02542,Free,Healthcare,Gaborone,Organic Search,2022-09-01,2022-10-01,Churned,30,2022,0,0.0,1,0.0,0,1,,0,0,0,0.95,Critical
TP-02543,Free,Construction,Gaborone,Referral,2021-01-30,2021-03-01,Churned,30,2021,0,3.22,3,7.9,0,1,4.0,0,0,0,0.7675,Critical
TP-02544,Free,Hospitality,Serowe,Referral,2022-07-29,2022-08-28,Churned,30,2022,0,0.0,2,0.0,0,0,0.0,0,0,0,0.95,Critical
TP-02545,Starter,Construction,Francistown,Event,2023-12-23,,Active,464,2023,245,6.11,2,20.0,1,1,22.0,0,0,0,0.3835,Medium
TP-02546,Free,Agriculture,Lobatse,Partnership,2022-06-23,2022-07-23,Churned,30,2022,0,1.19,2,3.5,0,0,,0,0,0,0.95,Critical
TP-02547,Professional,Finance,Palapye,Referral,2022-06-12,,Active,1023,2022,798,3.93,4,7.8,1,2,69.0,0,0,0,0.2182,Low
TP-02548,Starter,Finance,Lobatse,Event,2022-10-06,2022-11-14,Churned,39,2022,245,7.64,3,47.3,1,2,,2,1,0,0.3142,Medium
TP-02549,Free,Healthcare,Francistown,Referral,2024-02-15,2024-03-16,Churned,30,2024,0,2.46,2,7.2,0,3,-24.0,0,0,0,0.9287,Critical
TP-02550,Starter,Agriculture,Lobatse,Social Media,2023-04-27,,Active,704,2023,245,4.2,3,7.8,1,1,36.0,0,0,0,0.2402,Low
TP-02551,Starter,Retail,Palapye,Partnership,2022-01-17,,Active,1169,2022,245,2.07,3,12.9,1,2,,1,0,0,0.4784,High
TP-02552,Free,Construction,Palapye,Event,2022-10-30,2023-03-14,Churned,135,2022,0,0.92,1,5.0,0,1,,0,0,0,0.95,Critical
TP-02553,Free,Healthcare,Gaborone,Organic Search,2022-06-10,2022-07-10,Churned,30,2022,0,0.0,2,0.0,0,0,2.0,0,0,0,0.95,Critical
TP-02554,Free,Logistics,Gaborone,Referral,2024-08-31,2025-03-01,Churned,182,2024,0,1.9,1,12.2,0,1,31.0,0,0,1,0.95,Critical
TP-02555,Free,Logistics,Palapye,Partnership,2022-03-07,2022-04-06,Churned,30,2022,0,0.25,1,0.8,0,1,,0,0,0,0.95,Critical
TP-02556,Enterprise,Professional Services,Gaborone,Social Media,2023-07-21,2024-01-06,Churned,169,2023,2299,1.36,8,9.3,0,5,53.0,0,1,0,0.1759,Low
TP-02557,Starter,Retail,Gaborone,Social Media,2020-07-18,,Active,1717,2020,245,1.5,3,8.9,0,0,,0,1,0,0.5621,High
TP-02558,Starter,Construction,Serowe,Direct Sales,2023-11-23,,Active,494,2023,245,3.17,2,22.1,0,2,,0,1,0,0.5445,High
TP-02559,Free,Hospitality,Gaborone,Social Media,2023-08-24,2023-09-24,Churned,31,2023,0,0.93,2,5.5,1,0,,0,0,0,0.8778,Critical
TP-02560,Free,Agriculture,Serowe,Direct Sales,2021-06-11,2021-08-07,Churned,57,2021,0,0.59,2,3.0,0,0,50.0,0,0,0,0.95,Critical
TP-02561,Starter,Finance,Gaborone,Event,2024-03-18,,Active,378,2024,245,4.97,2,25.8,1,1,88.0,0,0,0,0.3845,Medium
TP-02562,Professional,Professional Services,Francistown,Social Media,2020-12-10,,Active,1572,2020,798,2.15,6,10.0,1,3,,0,0,0,0.02,Low
TP-02563,Free,Construction,Maun,Event,2020-08-04,2020-09-03,Churned,30,2020,0,2.25,1,8.5,0,1,10.0,0,0,0,0.8316,Critical
TP-02564,Free,Healthcare,Gaborone,Referral,2020-11-25,2020-12-25,Churned,30,2020,0,0.0,2,0.0,0,0,,0,0,0,0.95,Critical
TP-02565,Professional,Hospitality,Serowe,Social Media,2020-12-25,,Active,1557,2020,798,4.68,7,17.1,1,1,4.0,1,0,0,0.0228,Low
TP-02566,Starter,Hospitality,Gaborone,Partnership,2020-09-30,2021-11-22,Churned,418,2020,245,1.95,4,3.9,1,0,32.0,1,0,0,0.6723,Critical
TP-02567,Professional,NGO,Francistown,Organic Search,2022-11-10,,Active,872,2022,798,4.13,6,0.0,0,3,,0,1,0,0.02,Low
TP-02568,Starter,Hospitality,Palapye,Referral,2024-03-18,,Active,378,2024,245,4.8,5,21.7,0,1,23.0,0,1,0,0.1173,Low
TP-02569,Enterprise,Construction,Gaborone,Referral,2024-10-06,,Active,176,2024,2299,6.27,8,30.9,1,5,,0,0,0,0.02,Low
TP-02570,Starter,Hospitality,Gaborone,Social Media,2023-10-28,2023-11-30,Churned,33,2023,245,3.14,3,18.9,0,1,19.0,1,0,0,0.6343,High
TP-02571,Free,Construction,Gaborone,Social Media,2021-02-27,2021-04-23,Churned,55,2021,0,1.42,0,5.5,0,0,,0,0,0,0.95,Critical
TP-02572,Starter,Healthcare,Francistown,Event,2022-01-06,2022-04-14,Churned,98,2022,245,3.18,4,19.2,0,1,88.0,1,1,0,0.5114,High
TP-02573,Free,Agriculture,Palapye,Social Media,2021-09-04,,Active,1304,2021,0,1.31,1,7.1,0,0,6.0,0,0,1,0.95,Critical
TP-02574,Starter,Professional Services,Maun,Organic Search,2022-03-19,,Active,1108,2022,245,2.65,4,18.6,1,2,20.0,0,0,0,0.3608,Medium
TP-02575,Starter,Agriculture,Palapye,Social Media,2024-12-13,2025-03-30,Churned,107,2024,245,1.61,3,5.4,1,4,14.0,0,0,0,0.652,Critical
TP-02576,Professional,Finance,Francistown,Partnership,2021-04-15,,Active,1446,2021,798,3.43,6,26.6,1,4,,1,1,0,0.1815,Low
TP-02577,Free,Education,Gaborone,Event,2022-12-31,2023-02-13,Churned,44,2022,0,1.41,2,5.6,0,1,32.0,0,0,0,0.95,Critical
TP-02578,Starter,Logistics,Francistown,Social Media,2023-10-02,2023-11-01,Churned,30,2023,245,3.58,3,9.6,0,1,,0,1,0,0.42,Medium
TP-02579,Free,Retail,Gaborone,Referral,2020-06-13,2020-10-04,Churned,113,2020,0,2.4,1,12.3,1,0,,0,0,0,0.6991,Critical
TP-02580,Free,Construction,Maun,Social Media,2023-12-29,2024-03-16,Churned,78,2023,0,0.96,2,4.4,0,0,21.0,0,0,0,0.95,Critical
TP-02581,Starter,Agriculture,Gaborone,Event,2024-10-13,,Active,169,2024,245,5.75,4,41.3,1,0,26.0,1,0,0,0.3412,Medium
TP-02582,Free,Professional Services,Francistown,Event,2021-03-27,2021-04-26,Churned,30,2021,0,0.0,1,0.0,1,0,41.0,0,0,0,0.95,Critical
TP-02583,Professional,Finance,Maun,Direct Sales,2021-05-20,,Active,1411,2021,798,4.31,7,20.0,1,1,,0,1,0,0.02,Low
TP-02584,Starter,Hospitality,Gaborone,Organic Search,2021-09-25,2021-10-25,Churned,30,2021,245,0.77,3,2.2,0,2,12.0,1,0,0,0.8125,Critical
TP-02585,Starter,Construction,Maun,Organic Search,2024-08-19,2024-12-03,Churned,106,2024,245,1.39,3,6.9,0,2,36.0,0,0,0,0.6733,Critical
TP-02586,Starter,Professional Services,Francistown,Event,2023-02-06,2023-03-08,Churned,30,2023,245,3.35,4,8.9,0,1,,0,0,0,0.5556,High
TP-02587,Starter,Logistics,Gaborone,Referral,2020-09-03,2022-01-30,Churned,514,2020,245,1.58,2,3.4,1,1,29.0,1,1,0,0.7404,Critical
TP-02588,Free,Professional Services,Gaborone,Social Media,2023-07-24,2023-08-29,Churned,36,2023,0,0.68,3,2.9,0,0,,0,0,0,0.8875,Critical
TP-02589,Professional,Education,Gaborone,Referral,2022-12-27,2023-04-11,Churned,105,2022,798,3.74,8,10.0,1,4,7.0,0,0,0,0.2191,Low
TP-02590,Free,Healthcare,Gaborone,Social Media,2022-10-09,2022-11-20,Churned,42,2022,0,0.0,3,0.0,0,0,-15.0,0,0,0,0.9443,Critical
TP-02591,Professional,NGO,Gaborone,Direct Sales,2023-03-18,,Active,744,2023,798,2.55,5,8.7,1,0,36.0,0,0,0,0.1228,Low
TP-02592,Starter,Hospitality,Serowe,Referral,2023-09-11,2024-07-17,Churned,310,2023,245,2.66,4,6.5,1,0,48.0,1,0,0,0.4434,Medium
TP-02593,Professional,Finance,Gaborone,Organic Search,2022-07-03,,Active,1002,2022,798,4.27,5,17.0,1,5,34.0,1,1,0,0.02,Low
TP-02594,Free,Retail,Gaborone,Referral,2021-08-20,2021-09-19,Churned,30,2021,0,0.0,3,0.0,0,1,,0,0,0,0.8584,Critical
TP-02595,Free,Professional Services,Gaborone,Direct Sales,2022-07-21,2022-08-20,Churned,30,2022,0,0.57,2,2.8,1,0,-3.0,0,0,0,0.95,Critical
TP-02596,Professional,Agriculture,Serowe,Event,2022-02-01,,Active,1154,2022,798,6.06,5,23.8,1,3,,0,0,0,0.02,Low
TP-02597,Free,NGO,Gaborone,Partnership,2024-07-19,2024-09-27,Churned,70,2024,0,0.04,3,0.2,0,2,,0,0,0,0.8039,Critical
TP-02598,Free,NGO,Gaborone,Partnership,2023-02-15,2023-07-26,Churned,161,2023,0,2.23,1,16.2,0,1,-2.0,0,0,0,0.95,Critical
TP-02599,Free,Retail,Gaborone,Referral,2023-02-22,2023-04-29,Churned,66,2023,0,0.07,2,0.5,0,1,,0,0,0,0.95,Critical
TP-02600,Free,Hospitality,Maun,Referral,2024-10-14,2024-11-13,Churned,30,2024,0,3.04,2,14.0,0,1,,0,0,0,0.7893,Critical
TP-02601,Free,Retail,Gaborone,Partnership,2021-08-31,2021-10-13,Churned,43,2021,0,4.32,3,19.6,0,0,10.0,0,0,0,0.4827,High
TP-02602,Free,Finance,Francistown,Referral,2023-04-18,2023-08-26,Churned,130,2023,0,0.83,0,4.1,1,0,9.0,0,0,0,0.95,Critical
TP-02603,Starter,Logistics,Maun,Direct Sales,2024-01-27,,Active,429,2024,245,1.28,3,4.1,1,1,,1,1,0,0.5264,High
TP-02604,Starter,NGO,Francistown,Social Media,2023-09-05,,Active,573,2023,245,5.28,2,14.0,0,0,,0,1,0,0.334,Medium
TP-02605,Free,Professional Services,Gaborone,Partnership,2022-09-17,2022-11-30,Churned,74,2022,0,1.17,2,4.3,0,0,,0,0,0,0.95,Critical
TP-02606,Free,Retail,Gaborone,Direct Sales,2021-08-07,2021-09-06,Churned,30,2021,0,0.0,2,0.0,0,1,,0,0,0,0.95,Critical
TP-02607,Starter,Construction,Gaborone,Direct Sales,2021-07-15,2021-12-06,Churned,144,2021,245,2.89,3,13.5,0,0,54.0,0,0,0,0.5017,High
TP-02608,Professional,Agriculture,Gaborone,Partnership,2022-02-15,,Active,1140,2022,798,3.06,6,12.8,1,4,28.0,0,0,0,0.1421,Low
TP-02609,Free,Construction,Francistown,Event,2024-05-26,2024-10-11,Churned,138,2024,0,0.93,2,4.9,0,1,,0,0,0,0.944,Critical
TP-02610,Free,Construction,Francistown,Organic Search,2023-03-21,2023-05-06,Churned,46,2023,0,1.94,1,7.9,1,0,,0,0,0,0.95,Critical
TP-02611,Starter,Professional Services,Gaborone,Event,2021-07-04,2021-08-16,Churned,43,2021,245,1.48,3,8.2,1,1,44.0,1,0,1,0.7931,Critical
TP-02612,Free,Retail,Gaborone,Partnership,2020-09-24,,Active,1649,2020,0,2.77,1,11.8,1,2,,0,0,0,0.7179,Critical
TP-02613,Free,Education,Francistown,Social Media,2024-04-24,2024-05-24,Churned,30,2024,0,0.0,1,0.0,0,1,,0,0,0,0.95,Critical
TP-02614,Professional,Hospitality,Francistown,Social Media,2024-07-10,,Active,264,2024,798,1.58,6,6.2,1,3,,0,1,0,0.0992,Low
TP-02615,Enterprise,Education,Gaborone,Social Media,2020-10-21,,Active,1622,2020,2299,4.74,10,14.4,1,4,,0,1,0,0.02,Low
TP-02616,Professional,Healthcare,Serowe,Direct Sales,2021-06-03,,Active,1397,2021,798,6.64,8,27.3,0,2,39.0,0,0,0,0.0209,Low
TP-02617,Free,Retail,Gaborone,Partnership,2022-08-19,,Active,955,2022,0,2.55,1,15.1,1,0,,0,0,0,0.7723,Critical
TP-02618,Free,Construction,Gaborone,Direct Sales,2021-08-20,2021-09-19,Churned,30,2021,0,1.8,2,8.7,0,0,,0,0,1,0.95,Critical
TP-02619,Starter,Agriculture,Francistown,Event,2022-04-23,2022-06-26,Churned,64,2022,245,1.16,1,5.9,0,0,,0,0,0,0.79,Critical
TP-02620,Starter,Hospitality,Francistown,Event,2020-08-05,2021-02-13,Churned,192,2020,245,2.01,1,4.2,0,3,,0,0,0,0.5978,High
TP-02621,Starter,Construction,Gaborone,Organic Search,2022-10-06,,Active,907,2022,245,4.37,3,27.9,1,0,43.0,0,0,0,0.2111,Low
TP-02622,Free,Hospitality,Gaborone,Event,2021-09-07,2022-02-05,Churned,151,2021,0,0.53,3,1.9,0,0,,0,0,0,0.8619,Critical
TP-02623,Free,Hospitality,Francistown,Event,2021-12-06,2022-03-22,Churned,106,2021,0,0.44,2,3.2,1,2,,0,0,0,0.9454,Critical
TP-02624,Starter,Construction,Gaborone,Referral,2022-11-06,,Active,876,2022,245,0.69,2,3.7,1,2,,0,1,0,0.5856,High
TP-02625,Free,Healthcare,Gaborone,Partnership,2021-12-07,2022-01-21,Churned,45,2021,0,0.0,2,0.0,1,0,,0,0,1,0.95,Critical
TP-02626,Free,NGO,Gaborone,Direct Sales,2022-05-20,2022-06-19,Churned,30,2022,0,4.0,3,23.1,0,3,,0,0,1,0.8219,Critical
TP-02627,Starter,Professional Services,Lobatse,Direct Sales,2021-12-14,,Active,1203,2021,245,0.71,3,3.3,1,0,,0,1,0,0.4268,Medium
TP-02628,Free,Construction,Francistown,Social Media,2022-02-28,,Active,1127,2022,0,1.95,1,6.5,0,1,14.0,0,0,0,0.95,Critical
TP-02629,Starter,NGO,Gaborone,Referral,2022-07-30,2022-09-09,Churned,41,2022,245,1.01,1,3.7,0,1,,1,0,1,0.95,Critical
TP-02630,Free,NGO,Francistown,Referral,2020-08-12,2020-09-26,Churned,45,2020,0,0.0,3,0.0,0,0,20.0,0,0,0,0.8526,Critical
TP-02631,Starter,Agriculture,Francistown,Referral,2023-08-12,,Active,597,2023,245,1.6,4,5.0,1,2,20.0,0,0,0,0.5723,High
TP-02632,Professional,Construction,Francistown,Organic Search,2023-11-25,,Active,492,2023,798,4.81,2,27.9,0,1,,0,1,0,0.2281,Low
TP-02633,Starter,Hospitality,Gaborone,Direct Sales,2022-10-18,2023-06-01,Churned,226,2022,245,3.86,2,18.5,0,0,36.0,1,1,0,0.6601,Critical
TP-02634,Starter,Construction,Gaborone,Direct Sales,2022-06-30,,Active,1005,2022,245,3.17,5,11.5,1,1,,3,0,0,0.4122,Medium
TP-02635,Professional,Finance,Gaborone,Social Media,2024-12-19,,Active,102,2024,798,4.97,6,19.3,1,3,74.0,0,0,0,0.02,Low
TP-02636,Starter,Education,Gaborone,Social Media,2021-07-24,,Active,1346,2021,245,3.12,5,11.8,1,0,,1,0,0,0.4659,High
TP-02637,Professional,Finance,Serowe,Social Media,2023-10-30,,Active,518,2023,798,5.02,3,27.3,1,3,,0,0,0,0.0665,Low
TP-02638,Professional,NGO,Palapye,Direct Sales,2022-01-02,,Active,1184,2022,798,4.21,7,19.4,1,1,18.0,0,1,0,0.02,Low
TP-02639,Starter,Retail,Gaborone,Organic Search,2024-11-30,2025-03-30,Churned,120,2024,245,2.73,2,26.3,0,0,20.0,2,1,0,0.6228,High
TP-02640,Enterprise,Construction,Lobatse,Social Media,2024-07-24,,Active,250,2024,2299,8.09,8,23.5,1,6,,1,0,0,0.02,Low
TP-02641,Starter,Logistics,Francistown,Partnership,2023-08-31,,Active,578,2023,245,4.87,2,18.1,1,0,26.0,2,0,0,0.5347,High
TP-02642,Professional,Agriculture,Francistown,Organic Search,2021-11-17,,Active,1230,2021,798,0.88,5,3.3,1,1,,0,1,0,0.1343,Low
TP-02643,Free,Finance,Gaborone,Event,2022-12-05,2023-02-01,Churned,58,2022,0,0.0,1,0.0,1,1,45.0,0,0,0,0.8737,Critical
TP-02644,Free,Finance,Maun,Direct Sales,2020-07-11,2020-08-10,Churned,30,2020,0,2.21,1,12.4,0,1,10.0,0,0,0,0.8815,Critical
TP-02645,Professional,Hospitality,Gaborone,Event,2021-07-30,,Active,1340,2021,798,5.6,5,30.2,0,4,28.0,0,0,0,0.1821,Low
TP-02646,Professional,Healthcare,Gaborone,Organic Search,2024-01-14,,Active,442,2024,798,5.18,5,41.5,1,1,33.0,0,0,0,0.02,Low
TP-02647,Enterprise,Logistics,Gaborone,Organic Search,2021-03-05,,Active,1487,2021,2299,5.9,8,18.8,1,3,,0,1,0,0.02,Low
TP-02648,Professional,Finance,Francistown,Social Media,2024-11-28,2025-03-30,Churned,122,2024,798,3.51,5,22.1,1,3,34.0,2,1,0,0.1662,Low
TP-02649,Free,Construction,Francistown,Event,2023-03-02,2023-04-01,Churned,30,2023,0,3.75,2,5.0,0,0,38.0,0,0,0,0.8734,Critical
TP-02650,Starter,Construction,Francistown,Social Media,2023-08-18,,Active,591,2023,245,0.23,2,0.9,1,2,,0,0,0,0.668,Critical
TP-02651,Free,Finance,Gaborone,Organic Search,2024-06-14,2024-07-14,Churned,30,2024,0,0.48,1,1.9,0,0,54.0,0,0,1,0.95,Critical
TP-02652,Starter,Professional Services,Lobatse,Partnership,2024-01-20,,Active,436,2024,245,5.17,4,21.6,1,0,,0,0,0,0.1871,Low
TP-02653,Professional,Logistics,Francistown,Partnership,2022-07-11,,Active,994,2022,798,3.68,6,16.1,0,2,44.0,0,1,0,0.0895,Low
TP-02654,Professional,Construction,Gaborone,Event,2021-12-29,,Active,1188,2021,798,4.83,6,22.7,1,1,,0,0,0,0.02,Low
TP-02655,Free,Construction,Gaborone,Partnership,2020-10-26,2020-12-07,Churned,42,2020,0,0.0,3,0.0,0,0,3.0,0,0,0,0.8411,Critical
TP-02656,Professional,Retail,Gaborone,Referral,2021-02-10,,Active,1510,2021,798,4.75,8,25.4,0,8,71.0,0,0,0,0.1455,Low
TP-02657,Professional,Hospitality,Maun,Referral,2022-08-04,,Active,970,2022,798,4.42,8,13.6,1,1,46.0,0,0,0,0.02,Low
TP-02658,Starter,NGO,Francistown,Direct Sales,2021-11-25,,Active,1222,2021,245,3.42,2,14.0,0,0,,0,0,0,0.5849,High
TP-02659,Starter,Healthcare,Serowe,Event,2022-04-16,,Active,1080,2022,245,3.15,4,8.2,1,4,40.0,1,1,0,0.499,High
TP-02660,Enterprise,Construction,Francistown,Direct Sales,2022-10-08,,Active,905,2022,2299,5.59,8,12.1,1,4,68.0,1,1,0,0.02,Low
TP-02661,Enterprise,Logistics,Gaborone,Social Media,2020-11-12,,Active,1600,2020,2299,6.69,7,16.8,1,3,70.0,1,1,0,0.02,Low
TP-02662,Free,Construction,Gaborone,Partnership,2020-09-28,2020-12-19,Churned,82,2020,0,0.86,1,4.3,0,0,,0,0,1,0.95,Critical
TP-02663,Professional,Agriculture,Gaborone,Social Media,2024-06-26,,Active,278,2024,798,3.41,6,16.8,1,1,98.0,0,1,0,0.02,Low
TP-02664,Professional,Agriculture,Gaborone,Social Media,2021-06-05,,Active,1395,2021,798,3.55,2,19.2,0,1,,0,1,0,0.3998,Medium
TP-02665,Enterprise,Retail,Palapye,Organic Search,2021-11-15,,Active,1232,2021,2299,7.96,9,28.1,1,5,,0,0,0,0.02,Low
TP-02666,Free,Education,Serowe,Organic Search,2020-11-09,2021-02-18,Churned,101,2020,0,0.15,1,0.5,0,1,,0,0,0,0.95,Critical
TP-02667,Free,Education,Lobatse,Organic Search,2023-06-27,,Active,643,2023,0,2.49,1,9.8,1,1,,0,0,0,0.7497,Critical
TP-02668,Starter,Professional Services,Gaborone,Social Media,2023-01-20,2023-07-21,Churned,182,2023,245,3.87,3,20.2,1,3,,1,0,0,0.4564,High
TP-02669,Starter,Retail,Gaborone,Direct Sales,2024-07-11,2024-08-10,Churned,30,2024,245,1.8,2,0.0,0,1,17.0,0,0,0,0.7481,Critical
TP-02670,Free,Education,Maun,Social Media,2022-09-06,2022-10-06,Churned,30,2022,0,0.77,3,5.9,0,1,,0,0,0,0.9357,Critical
TP-02671,Starter,Healthcare,Maun,Event,2021-09-20,,Active,1288,2021,245,2.93,3,12.5,0,1,58.0,0,1,0,0.2926,Medium
TP-02672,Free,Logistics,Maun,Partnership,2023-06-01,2023-07-01,Churned,30,2023,0,0.0,1,0.0,0,0,,0,0,1,0.95,Critical
TP-02673,Free,Professional Services,Francistown,Direct Sales,2020-08-06,2020-09-05,Churned,30,2020,0,0.29,1,1.9,0,0,27.0,0,0,0,0.95,Critical
TP-02674,Starter,Finance,Gaborone,Social Media,2022-12-20,,Active,832,2022,245,3.45,3,17.8,1,1,-31.0,3,1,0,0.552,High
TP-02675,Free,Retail,Lobatse,Event,2024-03-08,2024-09-09,Churned,185,2024,0,0.0,2,0.0,1,0,,0,0,0,0.9016,Critical
TP-02676,Free,Agriculture,Gaborone,Direct Sales,2023-02-07,2023-10-20,Churned,255,2023,0,1.37,0,6.1,0,0,34.0,0,0,0,0.95,Critical
TP-02677,Free,Construction,Gaborone,Social Media,2023-04-19,2023-06-07,Churned,49,2023,0,1.13,3,7.1,0,0,1.0,0,0,0,0.8495,Critical
TP-02678,Free,NGO,Lobatse,Partnership,2022-06-17,2022-07-17,Churned,30,2022,0,3.41,1,11.7,0,2,,0,0,0,0.8672,Critical
TP-02679,Free,NGO,Serowe,Organic Search,2024-12-13,2025-01-12,Churned,30,2024,0,1.64,2,11.4,0,0,-20.0,0,0,0,0.95,Critical
TP-02680,Enterprise,Agriculture,Gaborone,Partnership,2021-01-13,,Active,1538,2021,2299,4.52,8,14.7,1,1,26.0,0,0,0,0.02,Low
TP-02681,Free,Professional Services,Francistown,Social Media,2023-05-27,2023-06-26,Churned,30,2023,0,1.64,1,5.7,0,0,,0,0,0,0.95,Critical
TP-02682,Free,Finance,Gaborone,Social Media,2022-07-29,2022-08-28,Churned,30,2022,0,1.18,3,5.6,1,1,-11.0,0,0,0,0.8687,Critical
TP-02683,Free,Hospitality,Gaborone,Partnership,2022-06-28,2022-07-28,Churned,30,2022,0,0.08,0,0.2,0,0,,0,0,0,0.95,Critical
TP-02684,Enterprise,Hospitality,Gaborone,Social Media,2021-04-13,,Active,1448,2021,2299,5.93,10,34.3,1,3,36.0,0,1,0,0.02,Low
TP-02685,Professional,Professional Services,Gaborone,Organic Search,2022-04-12,2022-05-12,Churned,30,2022,798,1.72,7,8.6,0,1,45.0,0,1,0,0.2936,Medium
TP-02686,Free,Healthcare,Gaborone,Direct Sales,2022-11-21,2023-06-18,Churned,209,2022,0,2.79,3,15.3,0,0,,0,0,1,0.8548,Critical
TP-02687,Enterprise,Agriculture,Gaborone,Partnership,2022-02-11,,Active,1144,2022,2299,6.26,7,27.1,1,4,53.0,0,0,0,0.02,Low
TP-02688,Professional,Education,Lobatse,Social Media,2021-02-01,,Active,1519,2021,798,2.84,7,15.0,0,2,,0,1,0,0.0373,Low
TP-02689,Free,NGO,Palapye,Partnership,2021-11-29,2022-01-22,Churned,54,2021,0,1.64,2,6.6,0,0,-10.0,0,0,0,0.95,Critical
TP-02690,Free,Agriculture,Lobatse,Event,2024-08-11,2024-09-10,Churned,30,2024,0,1.11,2,6.8,0,0,,0,0,0,0.95,Critical
TP-02691,Free,Finance,Francistown,Referral,2024-02-21,2024-04-14,Churned,53,2024,0,2.42,0,11.3,0,1,,0,0,0,0.8095,Critical
TP-02692,Free,Professional Services,Francistown,Direct Sales,2022-05-30,2022-06-29,Churned,30,2022,0,0.0,3,0.0,0,1,-12.0,0,0,0,0.95,Critical
TP-02693,Starter,Agriculture,Lobatse,Organic Search,2023-05-20,2023-06-19,Churned,30,2023,245,1.98,5,9.4,1,2,32.0,1,0,0,0.563,High
TP-02694,Free,Education,Francistown,Referral,2023-07-04,2023-08-03,Churned,30,2023,0,0.23,3,0.4,0,1,14.0,0,0,0,0.8818,Critical
TP-02695,Free,Logistics,Palapye,Social Media,2023-07-20,2023-09-19,Churned,61,2023,0,2.68,2,11.3,0,0,-18.0,0,0,0,0.95,Critical
TP-02696,Free,Education,Gaborone,Social Media,2021-06-17,,Active,1383,2021,0,2.07,2,13.0,0,0,,0,0,0,0.802,Critical
TP-02697,Professional,Retail,Maun,Referral,2023-12-16,2025-03-30,Churned,470,2023,798,2.59,5,14.0,0,4,42.0,0,0,0,0.3288,Medium
TP-02698,Enterprise,Hospitality,Gaborone,Direct Sales,2024-10-21,,Active,161,2024,2299,7.88,9,46.4,1,3,84.0,1,0,0,0.02,Low
TP-02699,Professional,NGO,Lobatse,Organic Search,2024-06-10,,Active,294,2024,798,5.4,4,29.6,1,5,31.0,0,1,0,0.02,Low
TP-02700,Starter,Healthcare,Gaborone,Organic Search,2022-08-06,,Active,968,2022,245,2.31,5,15.1,1,0,,2,0,0,0.3789,Medium
TP-02701,Starter,Finance,Palapye,Direct Sales,2024-06-30,2024-09-11,Churned,73,2024,245,5.44,2,14.3,0,1,66.0,0,0,0,0.423,Medium
TP-02702,Free,Retail,Gaborone,Referral,2021-03-10,2021-04-09,Churned,30,2021,0,2.73,2,9.4,0,1,49.0,0,0,1,0.95,Critical
TP-02703,Professional,Construction,Francistown,Organic Search,2021-12-25,,Active,1192,2021,798,5.47,7,41.4,1,6,,0,0,0,0.02,Low
TP-02704,Starter,Construction,Francistown,Referral,2022-04-06,,Active,1090,2022,245,2.21,5,10.5,1,2,,1,1,0,0.3069,Medium
TP-02705,Enterprise,Education,Maun,Partnership,2021-05-12,,Active,1419,2021,2299,9.03,8,31.1,0,4,,0,1,0,0.02,Low
TP-02706,Professional,Retail,Lobatse,Referral,2022-02-21,,Active,1134,2022,798,3.98,5,18.6,1,1,,0,0,0,0.0644,Low
TP-02707,Enterprise,Agriculture,Francistown,Event,2020-09-24,2023-01-13,Churned,841,2020,2299,9.4,9,60.1,1,3,77.0,0,1,0,0.02,Low
TP-02708,Starter,Finance,Serowe,Direct Sales,2024-12-25,2025-03-30,Churned,95,2024,245,2.52,1,11.5,0,0,,0,0,0,0.5965,High
TP-02709,Starter,NGO,Palapye,Social Media,2024-10-03,,Active,179,2024,245,3.99,5,7.8,0,1,,0,0,0,0.4072,Medium
TP-02710,Professional,Professional Services,Francistown,Referral,2021-10-16,,Active,1262,2021,798,6.54,7,36.8,1,3,20.0,1,0,0,0.1431,Low
TP-02711,Starter,Healthcare,Maun,Direct Sales,2023-02-19,2023-04-07,Churned,47,2023,245,1.51,1,9.1,0,2,,0,0,0,0.7815,Critical
TP-02712,Starter,Healthcare,Maun,Partnership,2022-03-29,,Active,1098,2022,245,2.53,4,5.8,0,2,-38.0,1,1,0,0.6209,High
TP-02713,Free,Logistics,Gaborone,Social Media,2024-04-01,2024-05-28,Churned,57,2024,0,1.85,2,6.8,0,0,61.0,0,0,0,0.95,Critical
TP-02714,Starter,Logistics,Lobatse,Organic Search,2024-04-05,,Active,360,2024,245,4.93,3,22.9,1,1,,0,0,0,0.2014,Low
TP-02715,Enterprise,Agriculture,Gaborone,Organic Search,2024-08-11,,Active,232,2024,2299,6.27,7,17.3,1,9,,0,0,0,0.02,Low
TP-02716,Starter,Education,Gaborone,Social Media,2024-10-12,2024-12-15,Churned,64,2024,245,3.52,4,19.0,0,0,-35.0,1,1,0,0.6165,High
TP-02717,Starter,Retail,Palapye,Organic Search,2023-08-03,2023-09-14,Churned,42,2023,245,2.83,1,6.9,0,1,39.0,1,0,0,0.7705,Critical
TP-02718,Free,Education,Francistown,Event,2024-01-01,2024-01-31,Churned,30,2024,0,0.11,2,0.4,1,1,,0,0,0,0.8954,Critical
TP-02719,Professional,Construction,Gaborone,Event,2023-10-13,,Active,535,2023,798,6.97,6,52.4,1,2,19.0,1,0,0,0.0259,Low
TP-02720,Starter,Retail,Lobatse,Event,2023-04-03,2023-06-30,Churned,88,2023,245,3.61,5,25.9,0,1,24.0,0,0,0,0.34,Medium
TP-02721,Free,Education,Palapye,Direct Sales,2024-08-10,2024-09-09,Churned,30,2024,0,0.84,0,3.7,1,0,,0,0,0,0.8763,Critical
TP-02722,Free,Healthcare,Gaborone,Organic Search,2022-05-08,2022-07-07,Churned,60,2022,0,0.0,2,0.0,1,0,-34.0,0,0,0,0.95,Critical
TP-02723,Starter,Healthcare,Lobatse,Direct Sales,2023-12-19,,Active,468,2023,245,2.38,3,13.4,0,1,33.0,0,1,0,0.4047,Medium
TP-02724,Free,NGO,Gaborone,Partnership,2024-04-15,2024-05-15,Churned,30,2024,0,2.0,1,6.6,1,0,35.0,0,0,0,0.95,Critical
TP-02725,Professional,Hospitality,Serowe,Social Media,2024-07-21,,Active,253,2024,798,2.38,7,5.2,1,1,,0,0,0,0.2005,Low
TP-02726,Professional,Construction,Francistown,Organic Search,2024-03-11,,Active,385,2024,798,3.56,6,7.3,1,3,19.0,0,1,0,0.02,Low
TP-02727,Professional,Agriculture,Gaborone,Social Media,2021-08-20,,Active,1319,2021,798,5.48,6,30.8,0,3,61.0,0,0,0,0.02,Low
TP-02728,Starter,NGO,Serowe,Organic Search,2023-02-10,,Active,780,2023,245,4.63,2,17.5,0,1,51.0,0,0,0,0.4775,High
TP-02729,Free,Finance,Gaborone,Direct Sales,2022-07-08,2022-09-22,Churned,76,2022,0,0.07,1,0.4,0,2,25.0,0,0,0,0.95,Critical
TP-02730,Professional,Education,Gaborone,Organic Search,2022-10-28,,Active,885,2022,798,5.18,5,29.6,0,0,,0,1,0,0.02,Low
TP-02731,Professional,Finance,Serowe,Social Media,2024-02-18,,Active,407,2024,798,5.75,6,26.8,1,0,76.0,0,0,0,0.02,Low
TP-02732,Free,Retail,Gaborone,Social Media,2024-06-25,2024-08-03,Churned,39,2024,0,2.49,1,9.8,0,1,,0,0,0,0.9062,Critical
TP-02733,Free,Agriculture,Francistown,Event,2023-03-06,2023-04-05,Churned,30,2023,0,1.95,3,11.5,1,0,,0,0,0,0.79,Critical
TP-02734,Starter,NGO,Palapye,Organic Search,2023-02-23,2023-06-01,Churned,98,2023,245,3.58,3,19.2,1,4,,2,1,0,0.4996,High
TP-02735,Free,Logistics,Francistown,Organic Search,2024-02-20,2024-05-16,Churned,86,2024,0,2.52,1,15.8,1,2,16.0,0,0,0,0.7494,Critical
TP-02736,Free,Healthcare,Gaborone,Organic Search,2024-02-11,2024-03-12,Churned,30,2024,0,0.32,1,1.4,0,0,48.0,0,0,0,0.95,Critical
TP-02737,Free,Finance,Gaborone,Social Media,2020-12-30,2021-03-10,Churned,70,2020,0,1.98,1,5.8,1,1,34.0,0,0,0,0.9071,Critical
TP-02738,Free,Education,Francistown,Partnership,2024-02-23,2024-08-06,Churned,165,2024,0,3.5,2,7.0,0,1,-11.0,0,0,0,0.9244,Critical
TP-02739,Free,Finance,Gaborone,Event,2024-08-14,2025-02-19,Churned,189,2024,0,0.35,3,1.0,0,0,,0,0,0,0.8793,Critical
TP-02740,Enterprise,Professional Services,Maun,Direct Sales,2020-08-30,,Active,1674,2020,2299,6.81,9,19.8,1,3,,1,0,0,0.02,Low
TP-02741,Starter,Professional Services,Serowe,Direct Sales,2021-05-10,2021-07-12,Churned,63,2021,245,4.37,5,31.9,1,1,,2,0,0,0.2292,Low
TP-02742,Free,Agriculture,Serowe,Direct Sales,2023-12-20,2024-01-19,Churned,30,2023,0,2.76,1,15.6,0,0,69.0,0,0,0,0.8523,Critical
TP-02743,Starter,Construction,Lobatse,Organic Search,2023-07-14,2023-09-21,Churned,69,2023,245,2.01,1,7.2,1,1,33.0,0,1,1,0.5691,High
TP-02744,Starter,Agriculture,Gaborone,Direct Sales,2020-07-23,2020-08-22,Churned,30,2020,245,3.4,4,5.6,1,4,,0,1,1,0.4642,High
TP-02745,Starter,Retail,Serowe,Direct Sales,2024-08-14,,Active,229,2024,245,2.97,4,17.7,1,2,27.0,0,0,0,0.3387,Medium
TP-02746,Starter,Finance,Gaborone,Event,2020-12-18,2021-01-17,Churned,30,2020,245,0.0,1,0.0,1,1,,1,1,0,0.7091,Critical
TP-02747,Professional,Finance,Serowe,Partnership,2022-10-17,,Active,896,2022,798,3.49,0,22.6,1,1,,0,0,0,0.3836,Medium
TP-02748,Free,Education,Maun,Partnership,2022-09-13,2022-10-13,Churned,30,2022,0,1.48,2,2.9,1,0,23.0,0,0,0,0.95,Critical
TP-02749,Free,Professional Services,Lobatse,Referral,2024-11-27,2025-03-06,Churned,99,2024,0,2.26,3,9.9,0,1,-2.0,0,0,0,0.8318,Critical
TP-02750,Starter,Healthcare,Gaborone,Event,2022-02-25,2022-03-27,Churned,30,2022,245,3.68,3,20.8,0,1,76.0,1,0,0,0.6015,High
TP-02751,Starter,NGO,Gaborone,Organic Search,2024-04-23,,Active,342,2024,245,5.12,5,7.0,1,1,,0,1,0,0.0685,Low
TP-02752,Professional,Construction,Serowe,Event,2022-11-12,,Active,870,2022,798,4.49,5,18.9,0,5,,0,1,0,0.0201,Low
TP-02753,Starter,Education,Gaborone,Event,2022-09-29,2022-11-08,Churned,40,2022,245,3.89,2,15.6,1,0,,2,0,0,0.6311,High
TP-02754,Starter,Finance,Gaborone,Partnership,2020-12-30,,Active,1552,2020,245,3.27,1,7.8,1,3,32.0,1,1,0,0.4808,High
TP-02755,Free,Hospitality,Gaborone,Referral,2024-12-05,2025-03-30,Churned,115,2024,0,2.02,2,10.1,0,0,,0,0,0,0.8624,Critical
TP-02756,Free,Education,Serowe,Social Media,2022-08-17,2022-09-27,Churned,41,2022,0,1.3,2,7.2,0,1,,0,0,0,0.95,Critical
TP-02757,Starter,Agriculture,Palapye,Event,2021-08-14,,Active,1325,2021,245,5.75,2,32.9,1,0,,0,1,0,0.323,Medium
TP-02758,Starter,Education,Gaborone,Direct Sales,2022-12-09,2023-11-13,Churned,339,2022,245,1.3,4,3.8,1,1,,1,0,0,0.7024,Critical
TP-02759,Professional,Finance,Gaborone,Partnership,2021-08-18,,Active,1321,2021,798,7.4,7,39.1,1,4,,0,0,0,0.0242,Low
TP-02760,Free,Logistics,Lobatse,Social Media,2022-07-23,2022-08-22,Churned,30,2022,0,2.25,2,7.0,0,0,-26.0,0,0,0,0.95,Critical
TP-02761,Starter,Construction,Gaborone,Social Media,2020-10-01,2020-12-11,Churned,71,2020,245,2.33,4,15.4,0,1,55.0,0,0,0,0.4851,High
TP-02762,Starter,Agriculture,Palapye,Direct Sales,2023-02-14,2023-03-16,Churned,30,2023,245,2.69,4,10.2,1,1,,1,0,0,0.4968,High
TP-02763,Free,Finance,Gaborone,Direct Sales,2022-07-13,2022-08-30,Churned,48,2022,0,2.4,1,4.8,1,1,,0,0,1,0.8596,Critical
TP-02764,Starter,Hospitality,Lobatse,Direct Sales,2021-03-29,2021-08-20,Churned,144,2021,245,4.19,4,13.8,1,3,41.0,1,0,0,0.3719,Medium
TP-02765,Free,Finance,Gaborone,Partnership,2021-08-30,2021-10-17,Churned,48,2021,0,1.01,2,6.1,1,3,,0,0,0,0.9045,Critical
TP-02766,Starter,NGO,Gaborone,Social Media,2021-01-10,,Active,1541,2021,245,2.58,1,6.5,0,2,42.0,0,1,0,0.5519,High
TP-02767,Free,Retail,Gaborone,Social Media,2024-11-17,2025-02-22,Churned,97,2024,0,2.3,1,16.8,0,0,22.0,0,0,0,0.8384,Critical
TP-02768,Free,Education,Serowe,Organic Search,2024-05-15,2024-11-17,Churned,186,2024,0,2.98,2,20.7,0,1,-19.0,0,0,1,0.95,Critical
TP-02769,Professional,Education,Francistown,Organic Search,2021-06-20,,Active,1380,2021,798,3.85,8,19.6,1,1,69.0,0,0,0,0.0943,Low
TP-02770,Free,Education,Palapye,Organic Search,2023-10-09,2023-12-15,Churned,67,2023,0,0.16,3,0.8,1,1,,0,0,0,0.7813,Critical
TP-02771,Free,Hospitality,Gaborone,Organic Search,2021-03-15,2021-09-05,Churned,174,2021,0,3.67,2,10.8,1,0,-24.0,0,0,0,0.8521,Critical
TP-02772,Free,Healthcare,Francistown,Referral,2023-10-19,2023-11-18,Churned,30,2023,0,1.61,2,3.3,1,0,,0,0,0,0.8795,Critical
TP-02773,Starter,Healthcare,Gaborone,Partnership,2023-12-31,2024-01-30,Churned,30,2023,245,2.72,4,17.8,1,2,38.0,3,0,0,0.4923,High
TP-02774,Professional,Agriculture,Francistown,Event,2024-05-16,2025-01-12,Churned,241,2024,798,7.04,8,30.6,1,1,-1.0,1,1,0,0.0849,Low
TP-02775,Free,Professional Services,Gaborone,Partnership,2021-10-14,2021-11-13,Churned,30,2021,0,1.44,1,3.3,1,1,,0,0,0,0.95,Critical
TP-02776,Starter,Construction,Gaborone,Partnership,2022-12-17,2023-02-16,Churned,61,2022,245,2.81,2,6.2,1,1,,4,1,0,0.5341,High
TP-02777,Free,Agriculture,Francistown,Organic Search,2023-08-18,2023-09-23,Churned,36,2023,0,2.77,1,13.5,0,0,14.0,0,0,0,0.8488,Critical
TP-02778,Free,Finance,Serowe,Event,2023-12-15,2024-03-10,Churned,86,2023,0,0.18,1,1.3,0,0,60.0,0,0,0,0.95,Critical
TP-02779,Free,Finance,Francistown,Direct Sales,2022-12-24,2023-01-23,Churned,30,2022,0,0.0,1,0.0,0,0,,0,0,0,0.95,Critical
TP-02780,Enterprise,NGO,Serowe,Direct Sales,2024-03-17,,Active,379,2024,2299,5.97,7,25.8,1,6,,0,0,0,0.02,Low
TP-02781,Starter,Construction,Gaborone,Referral,2021-05-29,,Active,1402,2021,245,3.33,4,5.8,1,1,,0,0,0,0.2958,Medium
TP-02782,Professional,Healthcare,Lobatse,Social Media,2021-01-25,,Active,1526,2021,798,6.19,4,30.6,0,2,45.0,0,1,0,0.0967,Low
TP-02783,Free,Healthcare,Maun,Direct Sales,2024-06-25,2024-08-28,Churned,64,2024,0,1.28,2,4.6,0,0,,0,0,0,0.95,Critical
TP-02784,Professional,Hospitality,Francistown,Direct Sales,2023-10-01,,Active,547,2023,798,3.77,6,19.2,0,1,,1,0,0,0.3177,Medium
TP-02785,Starter,Healthcare,Serowe,Direct Sales,2021-01-27,,Active,1524,2021,245,4.28,4,24.9,1,1,-24.0,0,0,0,0.2657,Medium
TP-02786,Starter,Education,Gaborone,Direct Sales,2021-04-03,2021-07-18,Churned,106,2021,245,3.19,1,9.8,0,0,,0,1,0,0.5817,High
TP-02787,Free,Education,Gaborone,Event,2020-07-21,2020-09-14,Churned,55,2020,0,0.38,3,2.9,0,0,,0,0,0,0.877,Critical
TP-02788,Free,Agriculture,Gaborone,Direct Sales,2022-07-17,2022-08-16,Churned,30,2022,0,0.82,3,3.2,0,0,,0,0,0,0.9407,Critical
TP-02789,Starter,Agriculture,Gaborone,Partnership,2021-02-26,,Active,1494,2021,245,2.04,3,5.1,0,0,,1,0,0,0.6538,Critical
TP-02790,Starter,Education,Francistown,Event,2021-07-26,2022-04-13,Churned,261,2021,245,0.93,3,3.0,0,2,,0,0,0,0.5969,High
TP-02791,Starter,Logistics,Gaborone,Organic Search,2020-09-21,2021-03-06,Churned,166,2020,245,3.24,2,6.9,0,1,,4,0,0,0.7107,Critical
TP-02792,Professional,Agriculture,Francistown,Event,2021-05-10,,Active,1421,2021,798,6.94,6,27.6,1,0,38.0,0,1,0,0.02,Low
TP-02793,Free,Hospitality,Gaborone,Partnership,2021-09-14,2021-12-10,Churned,87,2021,0,0.0,0,0.0,0,0,13.0,0,0,0,0.95,Critical
TP-02794,Enterprise,Agriculture,Francistown,Social Media,2024-05-20,,Active,315,2024,2299,6.2,9,41.1,1,2,,0,0,0,0.02,Low
TP-02795,Free,Education,Gaborone,Direct Sales,2022-03-24,2022-05-08,Churned,45,2022,0,1.02,1,3.3,0,0,,0,0,1,0.95,Critical
TP-02796,Free,Agriculture,Palapye,Social Media,2021-11-02,2022-01-25,Churned,84,2021,0,1.52,2,5.2,0,0,,0,0,0,0.95,Critical
TP-02797,Professional,Education,Gaborone,Organic Search,2023-08-30,,Active,579,2023,798,7.36,5,41.5,1,0,,1,0,0,0.0941,Low
TP-02798,Free,Hospitality,Francistown,Organic Search,2022-03-26,2022-04-25,Churned,30,2022,0,3.78,2,16.7,1,0,39.0,0,0,0,0.7515,Critical
TP-02799,Free,Education,Serowe,Direct Sales,2023-07-17,2023-08-16,Churned,30,2023,0,2.57,1,6.3,0,0,,0,0,0,0.8217,Critical
TP-02800,Starter,Retail,Gaborone,Partnership,2021-02-22,,Active,1498,2021,245,2.52,5,9.0,1,1,50.0,0,1,0,0.1269,Low
TP-02801,Free,Education,Francistown,Direct Sales,2021-08-02,2021-12-07,Churned,127,2021,0,1.42,2,9.7,0,1,,0,0,0,0.95,Critical
TP-02802,Starter,Finance,Francistown,Event,2020-11-04,,Active,1608,2020,245,4.37,3,24.2,1,2,6.0,1,1,0,0.2388,Low
TP-02803,Starter,Professional Services,Francistown,Event,2023-08-27,2023-10-29,Churned,63,2023,245,3.64,2,17.4,1,2,51.0,1,0,0,0.6532,Critical
TP-02804,Starter,Retail,Gaborone,Event,2020-08-24,,Active,1680,2020,245,5.41,3,10.2,1,2,58.0,0,1,1,0.2301,Low
TP-02805,Free,Hospitality,Maun,Event,2024-08-19,2024-09-18,Churned,30,2024,0,0.42,3,1.5,1,0,,0,0,0,0.7514,Critical
TP-02806,Free,Logistics,Francistown,Event,2024-04-26,2024-07-13,Churned,78,2024,0,0.25,3,1.2,1,0,,0,0,0,0.8727,Critical
TP-02807,Professional,Education,Maun,Organic Search,2024-10-15,,Active,167,2024,798,4.18,4,27.9,1,3,62.0,0,0,0,0.0425,Low
TP-02808,Free,Agriculture,Gaborone,Partnership,2024-09-18,,Active,194,2024,0,2.71,3,16.2,0,2,,0,0,0,0.6868,Critical
TP-02809,Free,NGO,Lobatse,Partnership,2023-03-08,2023-04-07,Churned,30,2023,0,1.45,2,5.4,1,1,26.0,0,0,0,0.8798,Critical
TP-02810,Free,Professional Services,Palapye,Social Media,2022-11-30,2023-03-26,Churned,116,2022,0,0.38,1,2.1,0,1,26.0,0,0,0,0.95,Critical
TP-02811,Free,Finance,Gaborone,Event,2020-12-22,2021-03-01,Churned,69,2020,0,0.46,1,2.8,0,2,-25.0,0,0,1,0.95,Critical
TP-02812,Starter,Logistics,Maun,Organic Search,2023-11-17,2023-12-30,Churned,43,2023,245,1.33,5,4.1,1,3,47.0,1,1,1,0.6152,High
TP-02813,Starter,Education,Gaborone,Referral,2024-05-14,,Active,321,2024,245,3.6,2,5.5,1,0,,0,0,0,0.4605,High
TP-02814,Starter,Finance,Gaborone,Organic Search,2022-05-05,,Active,1061,2022,245,2.75,5,9.7,0,4,,1,0,0,0.5244,High
TP-02815,Free,Construction,Serowe,Event,2022-11-26,2022-12-26,Churned,30,2022,0,1.63,0,4.8,1,0,,0,0,0,0.95,Critical
TP-02816,Starter,Professional Services,Lobatse,Social Media,2021-06-11,2022-01-22,Churned,225,2021,245,0.75,5,3.6,1,0,,0,0,0,0.4146,Medium
TP-02817,Free,NGO,Gaborone,Partnership,2021-09-30,2021-10-30,Churned,30,2021,0,2.55,2,2.2,0,0,-14.0,0,0,0,0.95,Critical
TP-02818,Professional,Construction,Serowe,Event,2022-11-07,,Active,875,2022,798,2.75,4,8.0,1,0,11.0,1,1,0,0.2091,Low
TP-02819,Free,Healthcare,Gaborone,Social Media,2022-02-14,2022-03-16,Churned,30,2022,0,0.0,1,0.0,0,0,48.0,0,0,0,0.95,Critical
TP-02820,Free,Agriculture,Serowe,Social Media,2021-08-31,,Active,1308,2021,0,1.56,3,8.4,0,2,,0,0,0,0.8313,Critical
TP-02821,Starter,NGO,Gaborone,Referral,2021-12-06,,Active,1211,2021,245,4.28,4,23.5,0,1,,0,0,0,0.2514,Medium
TP-02822,Starter,Retail,Francistown,Organic Search,2023-10-15,2024-05-07,Churned,205,2023,245,3.65,2,20.0,1,0,,0,0,0,0.5445,High
TP-02823,Professional,Agriculture,Gaborone,Event,2021-03-11,,Active,1481,2021,798,5.17,4,17.1,1,4,32.0,0,1,0,0.0904,Low
TP-02824,Free,Professional Services,Maun,Social Media,2023-12-12,2024-04-07,Churned,117,2023,0,1.56,0,5.7,0,0,,0,0,0,0.95,Critical
TP-02825,Free,Professional Services,Serowe,Referral,2021-06-09,2021-07-09,Churned,30,2021,0,1.71,2,7.1,0,1,,0,0,0,0.95,Critical
TP-02826,Professional,Retail,Francistown,Partnership,2021-11-27,,Active,1220,2021,798,3.59,6,19.7,1,1,,0,1,0,0.02,Low
TP-02827,Starter,Healthcare,Gaborone,Social Media,2021-05-02,2021-09-09,Churned,130,2021,245,1.76,2,8.5,1,0,14.0,1,1,0,0.735,Critical
TP-02828,Starter,Logistics,Serowe,Organic Search,2022-05-24,,Active,1042,2022,245,0.85,2,2.5,1,0,,0,0,0,0.6424,High
TP-02829,Free,Healthcare,Francistown,Referral,2022-09-03,2022-12-11,Churned,99,2022,0,1.55,1,7.5,0,0,52.0,0,0,0,0.95,Critical
TP-02830,Enterprise,Retail,Gaborone,Direct Sales,2022-09-11,,Active,932,2022,2299,7.83,9,10.6,1,5,,0,1,0,0.02,Low
TP-02831,Starter,Construction,Serowe,Event,2022-03-28,2022-04-27,Churned,30,2022,245,3.47,2,17.1,1,2,,0,1,0,0.4436,Medium
TP-02832,Starter,Hospitality,Maun,Event,2020-10-04,,Active,1639,2020,245,7.03,4,42.4,0,0,-8.0,0,0,0,0.457,High
TP-02833,Free,Construction,Gaborone,Referral,2024-04-01,2024-06-05,Churned,65,2024,0,0.55,2,1.5,0,0,,0,0,0,0.95,Critical
TP-02834,Professional,Education,Gaborone,Direct Sales,2023-07-18,,Active,622,2023,798,7.38,8,31.7,1,4,67.0,0,1,0,0.02,Low
TP-02835,Professional,Professional Services,Palapye,Referral,2020-07-11,2020-08-10,Churned,30,2020,798,1.11,4,1.8,0,3,61.0,0,1,0,0.3474,Medium
TP-02836,Free,Construction,Gaborone,Organic Search,2021-06-02,2021-07-02,Churned,30,2021,0,1.3,3,4.5,1,0,,0,0,0,0.7246,Critical
TP-02837,Starter,Education,Gaborone,Direct Sales,2021-04-19,,Active,1442,2021,245,1.03,4,3.4,1,1,39.0,2,1,0,0.5633,High
TP-02838,Free,Retail,Francistown,Organic Search,2022-06-19,2022-07-23,Churned,34,2022,0,0.36,1,1.8,0,2,9.0,0,0,0,0.95,Critical
TP-02839,Starter,Healthcare,Francistown,Event,2020-09-16,,Active,1657,2020,245,4.79,4,29.5,1,1,44.0,0,0,0,0.2189,Low
TP-02840,Free,NGO,Gaborone,Social Media,2020-11-27,2020-12-27,Churned,30,2020,0,1.07,1,5.9,1,1,24.0,0,0,0,0.95,Critical
TP-02841,Starter,Finance,Gaborone,Organic Search,2021-10-24,,Active,1254,2021,245,0.83,3,3.1,0,1,,0,0,0,0.6215,High
TP-02842,Free,Healthcare,Lobatse,Organic Search,2023-11-15,2024-04-30,Churned,167,2023,0,2.73,2,11.8,0,1,6.0,0,0,0,0.9035,Critical
TP-02843,Professional,Education,Francistown,Organic Search,2022-08-13,,Active,961,2022,798,2.03,7,10.3,1,2,57.0,0,0,0,0.0856,Low
TP-02844,Free,Agriculture,Gaborone,Direct Sales,2021-03-02,2021-05-13,Churned,72,2021,0,1.95,0,7.6,0,0,13.0,0,0,0,0.95,Critical
TP-02845,Free,Agriculture,Gaborone,Referral,2020-06-19,2020-07-19,Churned,30,2020,0,1.89,2,10.0,0,1,50.0,0,0,0,0.95,Critical
TP-02846,Free,Finance,Maun,Partnership,2024-12-13,2025-02-02,Churned,51,2024,0,2.12,2,11.4,0,1,,0,0,0,0.8552,Critical
TP-02847,Free,Construction,Maun,Event,2022-10-14,2022-11-13,Churned,30,2022,0,2.69,1,21.0,1,0,,0,0,1,0.9011,Critical
TP-02848,Professional,Agriculture,Maun,Organic Search,2024-07-10,,Active,264,2024,798,2.9,7,14.0,1,0,36.0,0,0,0,0.0889,Low
TP-02849,Starter,Finance,Francistown,Organic Search,2021-12-28,2022-01-27,Churned,30,2021,245,1.69,2,5.4,0,0,,0,0,0,0.8121,Critical
TP-02850,Starter,Finance,Maun,Organic Search,2023-05-17,,Active,684,2023,245,4.77,2,15.3,0,2,32.0,0,0,0,0.5286,High
TP-02851,Starter,NGO,Gaborone,Direct Sales,2024-09-01,2024-12-15,Churned,105,2024,245,4.22,4,19.6,0,2,,0,0,0,0.3746,Medium
TP-02852,Starter,Retail,Maun,Partnership,2021-01-16,2021-02-15,Churned,30,2021,245,2.56,3,3.3,0,1,,0,1,0,0.3898,Medium
TP-02853,Free,Agriculture,Gaborone,Direct Sales,2023-04-23,2023-05-23,Churned,30,2023,0,0.25,3,0.8,1,0,,0,0,0,0.8074,Critical
TP-02854,Starter,Finance,Serowe,Partnership,2023-12-10,2024-02-03,Churned,55,2023,245,2.4,3,12.8,0,0,-3.0,0,0,0,0.5729,High
TP-02855,Starter,Agriculture,Francistown,Organic Search,2021-11-15,,Active,1232,2021,245,3.34,2,19.4,1,2,43.0,0,1,0,0.3668,Medium
TP-02856,Free,Finance,Gaborone,Direct Sales,2020-12-24,2021-01-23,Churned,30,2020,0,2.73,2,11.8,1,0,40.0,0,0,0,0.7392,Critical
TP-02857,Starter,Education,Serowe,Referral,2022-02-12,,Active,1143,2022,245,2.74,3,15.5,1,0,,1,0,0,0.4847,High
TP-02858,Free,Retail,Gaborone,Partnership,2022-05-10,2022-06-09,Churned,30,2022,0,1.28,1,6.6,0,0,,0,0,0,0.95,Critical
TP-02859,Starter,Logistics,Serowe,Organic Search,2024-03-18,2024-04-17,Churned,30,2024,245,1.69,3,3.8,1,2,62.0,0,0,0,0.5401,High
TP-02860,Free,Finance,Francistown,Referral,2020-06-26,2020-07-26,Churned,30,2020,0,1.75,2,5.6,0,0,-22.0,0,0,0,0.95,Critical
TP-02861,Free,Healthcare,Gaborone,Organic Search,2024-02-08,2024-03-09,Churned,30,2024,0,1.72,2,9.6,1,0,34.0,0,0,0,0.95,Critical
TP-02862,Starter,NGO,Palapye,Referral,2023-08-08,2023-09-16,Churned,39,2023,245,2.73,2,14.2,0,3,6.0,0,0,0,0.6549,Critical
TP-02863,Free,Professional Services,Gaborone,Organic Search,2021-07-20,2021-08-19,Churned,30,2021,0,0.25,1,1.8,0,1,,0,0,0,0.95,Critical
TP-02864,Starter,Healthcare,Gaborone,Referral,2023-11-12,,Active,505,2023,245,2.07,3,7.2,1,0,,0,0,0,0.4386,Medium
TP-02865,Free,Logistics,Lobatse,Partnership,2024-01-10,2024-02-15,Churned,36,2024,0,1.75,2,8.8,0,0,,0,0,0,0.95,Critical
TP-02866,Free,Professional Services,Francistown,Direct Sales,2021-04-18,2021-05-18,Churned,30,2021,0,2.44,0,6.5,1,1,11.0,0,0,0,0.7811,Critical
TP-02867,Free,Hospitality,Gaborone,Organic Search,2021-02-21,,Active,1499,2021,0,2.03,3,5.2,1,0,,0,0,1,0.7168,Critical
TP-02868,Enterprise,Professional Services,Gaborone,Organic Search,2024-02-11,,Active,414,2024,2299,9.88,9,55.4,1,7,,0,1,0,0.02,Low
TP-02869,Enterprise,Hospitality,Serowe,Partnership,2020-06-25,,Active,1740,2020,2299,6.54,8,23.0,1,2,66.0,0,0,0,0.02,Low
TP-02870,Free,Hospitality,Francistown,Partnership,2022-01-23,2022-05-03,Churned,100,2022,0,2.48,0,4.2,0,0,5.0,0,0,0,0.7804,Critical
TP-02871,Free,Construction,Gaborone,Social Media,2021-03-15,2021-10-28,Churned,227,2021,0,1.74,3,7.7,0,0,,0,0,0,0.9091,Critical
TP-02872,Free,Retail,Gaborone,Social Media,2024-04-22,2024-06-26,Churned,65,2024,0,1.1,2,3.3,0,0,-2.0,0,0,0,0.95,Critical
TP-02873,Professional,Construction,Palapye,Referral,2023-01-03,2023-10-15,Churned,285,2023,798,4.64,4,21.1,1,5,-2.0,1,1,0,0.338,Medium
TP-02874,Starter,Hospitality,Gaborone,Direct Sales,2023-12-15,,Active,472,2023,245,2.69,3,13.7,0,0,-10.0,0,1,0,0.5139,High
TP-02875,Starter,Agriculture,Gaborone,Organic Search,2020-07-21,,Active,1714,2020,245,0.2,3,0.5,1,1,,1,0,0,0.6198,High
TP-02876,Professional,NGO,Gaborone,Social Media,2022-07-15,,Active,990,2022,798,5.77,4,19.4,0,1,,0,1,0,0.0427,Low
TP-02877,Starter,Finance,Francistown,Referral,2022-01-14,,Active,1172,2022,245,4.34,5,22.8,1,3,9.0,0,1,0,0.02,Low
TP-02878,Enterprise,Finance,Francistown,Social Media,2020-06-20,,Active,1745,2020,2299,5.91,9,30.5,0,2,51.0,0,1,0,0.02,Low
TP-02879,Free,Professional Services,Gaborone,Partnership,2024-03-01,2024-03-31,Churned,30,2024,0,1.18,3,5.1,1,0,62.0,0,0,1,0.9287,Critical
TP-02880,Professional,Agriculture,Francistown,Social Media,2024-02-13,2024-03-14,Churned,30,2024,798,2.99,5,12.0,0,7,68.0,0,1,0,0.1816,Low
TP-02881,Free,Education,Serowe,Direct Sales,2021-12-09,2022-01-08,Churned,30,2021,0,0.97,3,2.6,0,1,34.0,0,0,0,0.8232,Critical
TP-02882,Free,Retail,Francistown,Social Media,2020-07-26,2020-08-25,Churned,30,2020,0,2.12,1,13.7,1,1,,0,0,0,0.7655,Critical
TP-02883,Starter,NGO,Francistown,Partnership,2022-12-09,,Active,843,2022,245,4.11,3,3.6,1,1,,0,1,1,0.2888,Medium
TP-02884,Free,Hospitality,Serowe,Direct Sales,2022-02-06,2022-03-17,Churned,39,2022,0,1.93,3,7.5,1,0,,0,0,1,0.95,Critical
TP-02885,Professional,Logistics,Gaborone,Organic Search,2024-05-10,,Active,325,2024,798,5.77,6,16.1,1,2,13.0,0,0,0,0.02,Low
TP-02886,Free,Retail,Lobatse,Partnership,2022-09-10,2022-11-05,Churned,56,2022,0,2.22,2,9.1,0,1,37.0,0,0,0,0.8404,Critical
TP-02887,Free,Retail,Gaborone,Social Media,2020-07-14,,Active,1721,2020,0,3.0,2,19.6,1,2,14.0,0,0,0,0.7062,Critical
TP-02888,Free,NGO,Serowe,Partnership,2021-12-09,2022-01-08,Churned,30,2021,0,0.0,2,0.0,0,0,6.0,0,0,0,0.95,Critical
TP-02889,Free,Professional Services,Gaborone,Organic Search,2022-12-21,2023-04-03,Churned,103,2022,0,1.44,0,3.0,0,0,30.0,0,0,1,0.95,Critical
TP-02890,Starter,Education,Francistown,Social Media,2023-10-03,,Active,545,2023,245,4.53,3,19.1,1,1,5.0,0,0,1,0.3886,Medium
TP-02891,Free,Professional Services,Gaborone,Partnership,2024-05-11,2024-09-30,Churned,142,2024,0,0.47,1,2.7,0,1,,0,0,0,0.95,Critical
TP-02892,Free,Healthcare,Gaborone,Social Media,2022-04-16,2022-05-16,Churned,30,2022,0,1.81,1,10.3,0,0,47.0,0,0,0,0.95,Critical
TP-02893,Starter,Finance,Gaborone,Partnership,2024-07-05,2024-08-05,Churned,31,2024,245,2.54,2,9.4,1,0,,1,1,0,0.5655,High
TP-02894,Starter,Construction,Maun,Social Media,2021-10-13,2022-02-26,Churned,136,2021,245,0.26,1,1.4,0,1,,1,0,0,0.95,Critical
TP-02895,Starter,Hospitality,Gaborone,Direct Sales,2022-05-14,2022-06-13,Churned,30,2022,245,2.49,2,7.3,1,2,13.0,1,1,0,0.4753,High
TP-02896,Enterprise,Construction,Lobatse,Social Media,2024-09-11,,Active,201,2024,2299,3.24,10,8.7,1,4,,0,1,0,0.02,Low
TP-02897,Professional,Construction,Serowe,Partnership,2022-05-16,,Active,1050,2022,798,2.63,7,11.4,0,1,19.0,0,1,0,0.0598,Low
TP-02898,Starter,Agriculture,Francistown,Event,2020-12-07,2021-02-27,Churned,82,2020,245,1.91,2,3.0,1,0,37.0,1,0,0,0.7655,Critical
TP-02899,Professional,Logistics,Palapye,Direct Sales,2022-11-19,,Active,863,2022,798,4.74,6,16.6,0,0,80.0,0,0,0,0.0328,Low
TP-02900,Professional,Logistics,Francistown,Organic Search,2024-06-08,,Active,296,2024,798,2.99,6,16.7,1,1,36.0,0,1,0,0.02,Low
TP-02901,Starter,NGO,Gaborone,Social Media,2024-08-15,2024-12-29,Churned,136,2024,245,3.51,3,11.5,1,0,60.0,0,1,0,0.265,Medium
TP-02902,Free,Education,Gaborone,Organic Search,2021-09-16,2021-10-21,Churned,35,2021,0,3.95,1,10.0,0,0,21.0,0,0,0,0.8091,Critical
TP-02903,Professional,Professional Services,Maun,Direct Sales,2022-08-24,,Active,950,2022,798,4.25,6,18.5,0,1,,0,1,0,0.02,Low
TP-02904,Free,Retail,Francistown,Referral,2022-08-07,2022-09-06,Churned,30,2022,0,1.86,1,7.9,0,0,6.0,0,0,0,0.95,Critical
TP-02905,Professional,Professional Services,Maun,Event,2020-09-22,,Active,1651,2020,798,5.08,6,19.4,1,1,48.0,1,1,0,0.02,Low
TP-02906,Free,Healthcare,Lobatse,Event,2023-11-29,,Active,488,2023,0,4.51,3,15.9,0,0,8.0,0,0,0,0.5727,High
TP-02907,Free,Finance,Francistown,Event,2024-09-12,2024-10-12,Churned,30,2024,0,1.3,3,6.3,1,0,,0,0,0,0.743,Critical
TP-02908,Starter,Finance,Palapye,Direct Sales,2021-02-17,,Active,1503,2021,245,5.07,3,1.0,1,0,,0,1,0,0.1668,Low
TP-02909,Free,Logistics,Lobatse,Referral,2023-12-09,2024-01-08,Churned,30,2023,0,1.87,0,10.8,0,0,,0,0,0,0.95,Critical
TP-02910,Free,Professional Services,Serowe,Partnership,2023-06-26,2023-07-26,Churned,30,2023,0,1.36,1,6.0,1,0,12.0,0,0,0,0.9177,Critical
TP-02911,Starter,Agriculture,Serowe,Organic Search,2023-02-10,2024-01-15,Churned,339,2023,245,3.46,3,14.5,1,3,,1,0,0,0.511,High
TP-02912,Professional,Agriculture,Francistown,Direct Sales,2023-04-04,,Active,727,2023,798,7.99,6,32.1,1,3,,0,0,0,0.02,Low
TP-02913,Professional,Agriculture,Gaborone,Referral,2021-03-29,,Active,1463,2021,798,4.79,5,41.7,1,3,,0,1,0,0.02,Low
TP-02914,Free,Finance,Gaborone,Event,2024-12-05,2025-01-04,Churned,30,2024,0,0.6,2,1.9,0,0,30.0,0,0,1,0.95,Critical
TP-02915,Starter,Logistics,Francistown,Partnership,2023-12-02,,Active,485,2023,245,2.33,1,14.5,0,0,,0,1,0,0.5519,High
TP-02916,Free,Finance,Gaborone,Referral,2024-11-28,2025-02-08,Churned,72,2024,0,2.47,1,6.7,0,1,,0,0,0,0.9007,Critical
TP-02917,Starter,Professional Services,Palapye,Organic Search,2020-10-31,2020-11-30,Churned,30,2020,245,0.52,4,2.0,1,1,,0,1,0,0.522,High
TP-02918,Starter,Logistics,Gaborone,Social Media,2022-03-12,,Active,1115,2022,245,2.35,2,10.6,0,1,,1,0,0,0.7595,Critical
TP-02919,Professional,Hospitality,Serowe,Partnership,2023-02-06,2023-04-07,Churned,60,2023,798,5.77,5,24.1,0,1,18.0,1,0,0,0.116,Low
TP-02920,Professional,Agriculture,Lobatse,Direct Sales,2021-05-11,,Active,1420,2021,798,2.91,6,14.4,1,2,23.0,0,0,0,0.0716,Low
TP-02921,Professional,Construction,Gaborone,Social Media,2023-04-08,,Active,723,2023,798,2.61,7,6.9,1,2,93.0,0,1,0,0.02,Low
TP-02922,Starter,Logistics,Francistown,Referral,2024-06-17,2024-07-17,Churned,30,2024,245,0.27,4,1.0,1,1,,2,0,0,0.6544,Critical
TP-02923,Starter,NGO,Gaborone,Social Media,2020-10-17,2020-12-26,Churned,70,2020,245,0.92,3,1.3,0,1,,1,1,0,0.6779,Critical
TP-02924,Starter,Agriculture,Lobatse,Direct Sales,2020-06-25,,Active,1740,2020,245,0.58,4,3.6,1,1,48.0,0,1,0,0.4768,High
TP-02925,Starter,Agriculture,Gaborone,Referral,2022-06-18,2022-09-13,Churned,87,2022,245,0.33,4,2.2,0,0,2.0,0,0,0,0.6667,Critical
TP-02926,Free,Construction,Gaborone,Partnership,2024-05-03,,Active,332,2024,0,0.55,3,2.4,1,0,,0,0,0,0.7813,Critical
TP-02927,Starter,Finance,Francistown,Referral,2024-11-24,2025-03-30,Churned,126,2024,245,2.57,3,15.1,1,2,,2,0,0,0.5072,High
TP-02928,Starter,Education,Serowe,Social Media,2023-06-21,2023-10-05,Churned,106,2023,245,1.09,4,6.5,1,3,12.0,0,0,1,0.7335,Critical
TP-02929,Professional,Finance,Gaborone,Partnership,2023-01-19,,Active,802,2023,798,4.41,7,11.4,1,3,,1,0,0,0.0603,Low
TP-02930,Professional,Construction,Francistown,Social Media,2020-10-14,,Active,1629,2020,798,2.37,4,13.6,1,3,,0,1,0,0.0746,Low
TP-02931,Starter,Retail,Gaborone,Social Media,2020-11-13,2021-01-17,Churned,65,2020,245,1.92,4,12.1,1,0,11.0,0,1,0,0.4592,High
TP-02932,Free,Retail,Gaborone,Direct Sales,2020-06-22,2020-07-22,Churned,30,2020,0,2.56,1,9.4,0,0,27.0,0,0,0,0.871,Critical
TP-02933,Professional,Finance,Gaborone,Event,2021-06-25,,Active,1375,2021,798,5.32,6,36.2,1,3,,0,0,0,0.02,Low
TP-02934,Professional,NGO,Gaborone,Direct Sales,2024-09-19,,Active,193,2024,798,2.74,7,10.4,1,1,,0,0,0,0.0796,Low
TP-02935,Free,Agriculture,Maun,Referral,2021-02-09,2021-03-11,Churned,30,2021,0,2.36,1,14.7,0,0,,0,0,0,0.8115,Critical
TP-02936,Free,Construction,Gaborone,Organic Search,2021-11-03,2022-05-21,Churned,199,2021,0,0.81,0,5.4,0,0,,0,0,1,0.95,Critical
TP-02937,Free,Agriculture,Gaborone,Direct Sales,2020-06-09,2020-07-09,Churned,30,2020,0,2.73,2,12.5,1,0,13.0,0,0,0,0.745,Critical
TP-02938,Professional,Professional Services,Francistown,Social Media,2021-03-20,,Active,1472,2021,798,3.79,8,31.5,1,4,7.0,0,0,0,0.1295,Low
TP-02939,Starter,Healthcare,Gaborone,Social Media,2020-06-13,,Active,1752,2020,245,1.59,5,11.1,1,0,53.0,0,0,0,0.3571,Medium
TP-02940,Professional,Construction,Gaborone,Referral,2024-05-21,,Active,314,2024,798,6.15,7,24.2,1,2,28.0,1,1,0,0.02,Low
TP-02941,Starter,Finance,Lobatse,Social Media,2023-03-28,2023-05-06,Churned,39,2023,245,2.44,3,10.4,0,1,44.0,0,0,0,0.4676,High
TP-02942,Free,Healthcare,Francistown,Direct Sales,2021-05-24,2021-06-23,Churned,30,2021,0,0.0,2,0.0,0,1,,0,0,0,0.95,Critical
TP-02943,Free,Professional Services,Gaborone,Social Media,2024-10-07,2024-11-06,Churned,30,2024,0,3.15,2,16.2,1,2,24.0,0,0,0,0.7267,Critical
TP-02944,Starter,Finance,Gaborone,Organic Search,2021-08-27,2021-11-03,Churned,68,2021,245,4.54,5,11.3,1,1,38.0,1,0,1,0.39,Medium
TP-02945,Free,Education,Serowe,Partnership,2024-11-20,2025-01-09,Churned,50,2024,0,1.84,1,3.6,0,0,,0,0,0,0.95,Critical
TP-02946,Professional,Healthcare,Serowe,Referral,2021-05-31,,Active,1400,2021,798,4.38,3,20.7,1,3,,1,0,0,0.2238,Low
TP-02947,Enterprise,Healthcare,Maun,Social Media,2023-10-05,,Active,543,2023,2299,8.75,7,23.2,1,3,68.0,0,0,0,0.02,Low
TP-02948,Starter,NGO,Lobatse,Organic Search,2021-01-06,2021-03-22,Churned,75,2021,245,2.18,1,3.0,0,0,,1,0,0,0.7827,Critical
TP-02949,Starter,Education,Francistown,Referral,2022-11-23,2023-06-15,Churned,204,2022,245,1.1,3,5.3,0,1,14.0,0,0,1,0.8113,Critical
TP-02950,Professional,Education,Lobatse,Partnership,2023-01-08,,Active,813,2023,798,4.09,5,15.9,0,2,19.0,0,0,0,0.05,Low
TP-02951,Starter,Hospitality,Gaborone,Referral,2021-07-18,2021-08-17,Churned,30,2021,245,4.04,1,7.7,1,2,43.0,0,0,1,0.5528,High
TP-02952,Starter,Professional Services,Gaborone,Partnership,2023-12-24,,Active,463,2023,245,2.87,3,11.2,0,1,12.0,0,0,0,0.4666,High
TP-02953,Enterprise,Healthcare,Gaborone,Organic Search,2024-07-26,,Active,248,2024,2299,6.65,9,28.4,1,5,56.0,0,0,0,0.02,Low
TP-02954,Professional,NGO,Gaborone,Organic Search,2023-12-20,2024-01-19,Churned,30,2023,798,1.97,4,7.0,0,2,19.0,0,0,0,0.4652,High
TP-02955,Professional,Construction,Gaborone,Event,2023-02-20,,Active,770,2023,798,4.63,7,25.7,0,2,,0,0,0,0.0666,Low
TP-02956,Starter,Finance,Palapye,Partnership,2022-08-22,2022-09-21,Churned,30,2022,245,2.22,2,9.6,0,1,45.0,0,0,0,0.6149,High
TP-02957,Starter,Agriculture,Maun,Organic Search,2024-05-28,2024-06-27,Churned,30,2024,245,1.78,3,6.2,0,1,,1,0,0,0.7473,Critical
TP-02958,Starter,Healthcare,Serowe,Social Media,2023-01-04,2023-06-19,Churned,166,2023,245,1.69,3,7.1,0,0,,0,1,0,0.5607,High
TP-02959,Professional,Retail,Francistown,Partnership,2021-05-15,2021-10-21,Churned,159,2021,798,6.53,4,26.2,0,1,2.0,1,0,0,0.3193,Medium
TP-02960,Professional,Education,Lobatse,Organic Search,2024-04-12,,Active,353,2024,798,4.24,6,22.1,1,1,,0,0,0,0.02,Low
TP-02961,Starter,Finance,Gaborone,Partnership,2023-04-23,,Active,708,2023,245,0.73,5,2.4,1,2,,1,0,0,0.629,High
TP-02962,Starter,Agriculture,Gaborone,Social Media,2022-12-10,2023-03-29,Churned,109,2022,245,2.46,1,8.0,0,3,11.0,1,0,0,0.7744,Critical
TP-02963,Professional,Professional Services,Gaborone,Partnership,2022-02-24,,Active,1131,2022,798,5.24,4,19.9,0,4,36.0,0,1,0,0.2244,Low
TP-02964,Free,Logistics,Maun,Organic Search,2024-12-08,2025-01-17,Churned,40,2024,0,0.99,1,7.1,0,1,54.0,0,0,0,0.95,Critical
TP-02965,Enterprise,Construction,Gaborone,Organic Search,2024-01-06,,Active,450,2024,2299,6.0,9,20.6,1,2,43.0,0,0,0,0.02,Low
TP-02966,Starter,Finance,Gaborone,Organic Search,2021-09-27,,Active,1281,2021,245,3.09,2,10.3,0,2,15.0,0,0,0,0.6451,High
TP-02967,Free,Retail,Maun,Referral,2020-11-26,2020-12-26,Churned,30,2020,0,1.44,1,7.3,0,0,,0,0,0,0.95,Critical
TP-02968,Starter,Education,Maun,Event,2022-04-09,,Active,1087,2022,245,6.41,5,22.7,0,4,59.0,0,0,0,0.2535,Medium
TP-02969,Free,Hospitality,Gaborone,Direct Sales,2023-02-23,2023-04-11,Churned,47,2023,0,0.0,1,0.0,1,1,39.0,0,0,0,0.95,Critical
TP-02970,Free,Education,Maun,Organic Search,2021-04-01,2021-05-05,Churned,34,2021,0,1.99,3,10.3,1,0,64.0,0,0,0,0.7452,Critical
TP-02971,Starter,Healthcare,Gaborone,Social Media,2023-07-30,,Active,610,2023,245,1.65,2,8.0,1,3,31.0,0,0,0,0.7502,Critical
TP-02972,Starter,Hospitality,Francistown,Event,2024-08-26,2024-12-15,Churned,111,2024,245,1.38,5,9.7,0,2,,1,1,0,0.5923,High
TP-02973,Professional,Hospitality,Palapye,Partnership,2024-01-21,,Active,435,2024,798,4.92,5,20.0,1,2,,0,1,0,0.02,Low
TP-02974,Free,Retail,Lobatse,Social Media,2022-06-28,2022-07-28,Churned,30,2022,0,1.81,1,10.5,0,0,,0,0,0,0.95,Critical
TP-02975,Enterprise,Construction,Maun,Direct Sales,2020-06-14,,Active,1751,2020,2299,3.89,8,14.2,1,7,24.0,0,0,0,0.0511,Low
TP-02976,Free,Hospitality,Francistown,Referral,2023-08-25,2023-10-20,Churned,56,2023,0,2.09,0,14.0,0,0,22.0,0,0,0,0.8173,Critical
TP-02977,Free,Hospitality,Maun,Referral,2022-08-29,2022-10-15,Churned,47,2022,0,2.0,2,11.1,0,1,,0,0,0,0.8996,Critical
TP-02978,Enterprise,Retail,Gaborone,Event,2021-06-12,,Active,1388,2021,2299,5.73,8,16.5,1,6,,0,0,0,0.02,Low
TP-02979,Free,Professional Services,Francistown,Partnership,2020-08-16,2020-09-15,Churned,30,2020,0,2.13,1,9.1,0,0,,0,0,0,0.863,Critical
TP-02980,Free,Retail,Gaborone,Partnership,2021-08-02,2021-09-01,Churned,30,2021,0,0.62,1,4.2,0,0,,0,0,0,0.95,Critical
TP-02981,Professional,Professional Services,Gaborone,Event,2020-10-30,,Active,1613,2020,798,3.39,5,23.7,1,0,73.0,0,1,0,0.02,Low
TP-02982,Professional,Professional Services,Maun,Referral,2023-08-28,2024-01-29,Churned,154,2023,798,1.33,4,1.8,0,2,,0,0,0,0.4733,High
TP-02983,Professional,Construction,Gaborone,Organic Search,2021-04-23,,Active,1438,2021,798,5.83,7,16.9,1,5,0.0,0,0,0,0.0466,Low
TP-02984,Free,Logistics,Gaborone,Social Media,2021-06-08,2021-07-08,Churned,30,2021,0,1.59,3,7.3,0,0,14.0,0,0,0,0.8676,Critical
TP-02985,Starter,Finance,Francistown,Direct Sales,2024-11-03,,Active,148,2024,245,5.91,2,12.2,1,1,42.0,0,1,0,0.3159,Medium
TP-02986,Starter,Retail,Lobatse,Referral,2022-10-12,,Active,901,2022,245,5.82,3,15.3,0,3,,1,0,0,0.4999,High
TP-02987,Free,NGO,Gaborone,Event,2021-12-07,2022-01-25,Churned,49,2021,0,0.2,1,1.1,0,0,48.0,0,0,0,0.95,Critical
TP-02988,Professional,Healthcare,Gaborone,Event,2023-12-08,,Active,479,2023,798,3.92,3,25.1,1,3,,0,1,0,0.0525,Low
TP-02989,Free,Finance,Francistown,Social Media,2023-01-18,2023-03-09,Churned,50,2023,0,3.04,2,12.8,0,0,,0,0,0,0.7819,Critical
TP-02990,Free,Education,Francistown,Direct Sales,2024-10-06,2024-11-15,Churned,40,2024,0,0.0,2,0.0,0,2,,0,0,1,0.95,Critical
TP-02991,Starter,NGO,Francistown,Referral,2023-06-23,,Active,647,2023,245,2.2,4,9.8,1,2,18.0,0,1,0,0.1604,Low
TP-02992,Starter,Professional Services,Maun,Direct Sales,2021-11-09,2021-12-10,Churned,31,2021,245,2.97,4,14.0,1,1,37.0,1,1,0,0.3905,Medium
TP-02993,Starter,Agriculture,Gaborone,Direct Sales,2024-07-02,2025-03-30,Churned,271,2024,245,3.07,4,11.4,0,1,47.0,1,1,0,0.4621,High
TP-02994,Free,Logistics,Lobatse,Partnership,2022-06-24,2022-07-24,Churned,30,2022,0,2.26,2,13.9,0,0,13.0,0,0,0,0.7542,Critical
TP-02995,Free,Hospitality,Serowe,Social Media,2021-03-01,2021-03-31,Churned,30,2021,0,0.09,2,0.4,0,1,16.0,0,0,0,0.95,Critical
TP-02996,Professional,Professional Services,Francistown,Organic Search,2023-11-16,,Active,501,2023,798,5.12,4,29.9,1,3,100.0,1,1,0,0.062,Low
TP-02997,Enterprise,Professional Services,Francistown,Event,2023-04-20,,Active,711,2023,2299,6.91,9,36.9,1,2,,0,0,0,0.02,Low
TP-02998,Starter,Professional Services,Maun,Organic Search,2023-01-22,,Active,799,2023,245,1.47,4,4.2,0,0,81.0,0,1,0,0.5372,High
TP-02999,Free,Logistics,Francistown,Direct Sales,2024-05-03,2024-06-02,Churned,30,2024,0,0.78,1,6.2,1,0,,0,0,0,0.9128,Critical
TP-03000,Free,NGO,Palapye,Organic Search,2024-03-17,2024-04-16,Churned,30,2024,0,0.34,2,1.2,0,0,,0,0,0,0.95,Critical
