matter_id,practice_area,partner,associate,client_id,client_type,office,open_date,close_date,status,duration_days,actual_hours,recorded_hours,recording_rate,hourly_rate,potential_fees_bwp,billed_fees_bwp,disbursements_bwp,outstanding_bwp,leakage_bwp,satisfaction,year
MLA-0001,Mining & Resources,Partner_Thapelo,Associate_10,CLT-092,Financial Institution,Maun,2020-07-21,2021-04-30,Completed,283,234.8,173.0,0.737,3800,892126.0,657359.0,66920.0,0.0,234767.0,4.0,2020
MLA-0002,Mining & Resources,Partner_Thapelo,Associate_17,CLT-024,Large Corporate,Gaborone,2024-01-06,2024-10-03,Completed,271,306.6,234.4,0.764,3800,1165126.0,890673.0,146084.0,0.0,274453.0,3.6,2024
MLA-0003,Regulatory & Compliance,Partner_Molao,Associate_04,CLT-056,Large Corporate,Gaborone,2021-11-16,2022-04-21,Completed,156,100.9,90.5,0.896,2600,262410.0,235208.0,30296.0,0.0,27203.0,3.5,2021
MLA-0004,Property & Conveyancing,Partner_Gaobuse,Associate_14,CLT-001,Financial Institution,Francistown,2024-01-15,2024-03-02,Active,47,33.3,30.5,0.916,1800,59971.0,54904.0,8006.0,0.0,5067.0,,2024
MLA-0005,Property & Conveyancing,Partner_Gaobuse,Associate_20,CLT-011,Large Corporate,Gaborone,2019-05-26,2019-07-29,Completed,64,23.4,21.7,0.924,1800,42185.0,38999.0,3518.0,0.0,3185.0,2.1,2019
MLA-0006,Litigation,Partner_Setlhabi,Associate_14,CLT-067,Large Corporate,Gaborone,2022-04-02,2022-10-05,Active,186,55.5,45.6,0.823,2800,155341.0,127787.0,16614.0,0.0,27554.0,,2022
MLA-0007,Property & Conveyancing,Partner_Gaobuse,Associate_10,CLT-007,Government / Parastatal,Francistown,2024-07-03,2024-09-06,Completed,65,18.1,16.2,0.894,1800,32534.0,29073.0,3123.0,7268.0,3461.0,2.8,2024
MLA-0008,Mining & Resources,Partner_Setlhabi,Associate_03,CLT-010,Mining Company,Gaborone,2024-12-11,,Active,110,101.1,74.7,0.738,3800,384327.0,283809.0,44386.0,70952.0,100518.0,,2024
MLA-0009,Employment Law,Partner_Mmolawa,Associate_07,CLT-005,Large Corporate,Gaborone,2018-07-09,2018-09-29,Completed,82,50.7,34.5,0.681,2200,111438.0,75922.0,12183.0,0.0,35516.0,2.5,2018
MLA-0010,Employment Law,Partner_Mmolawa,Associate_13,CLT-040,Mining Company,Maun,2020-09-26,2020-12-18,Completed,83,44.5,29.3,0.659,2200,97945.0,64500.0,10710.0,32250.0,33445.0,,2020
MLA-0011,Mining & Resources,Partner_Thapelo,Associate_17,CLT-035,Financial Institution,Francistown,2024-04-02,2025-03-13,Active,345,119.4,88.8,0.744,3800,453836.0,337448.0,36897.0,84362.0,116388.0,,2024
MLA-0012,Employment Law,Partner_Thapelo,Associate_11,CLT-113,Government / Parastatal,Francistown,2022-12-18,2023-02-26,Completed,70,43.4,36.3,0.836,2200,95563.0,79912.0,9240.0,19978.0,15651.0,3.4,2022
MLA-0013,Regulatory & Compliance,Partner_Mmolawa,Associate_15,CLT-009,Government / Parastatal,Gaborone,2020-10-09,2021-02-05,Completed,119,107.1,87.9,0.821,2600,278562.0,228568.0,34536.0,0.0,49994.0,3.1,2020
MLA-0014,Property & Conveyancing,Partner_Gaobuse,Associate_08,CLT-009,Government / Parastatal,Gaborone,2021-08-02,2021-08-31,Completed,29,36.1,35.0,0.972,1800,64910.0,63079.0,4391.0,0.0,1831.0,3.5,2021
MLA-0015,Commercial Law,Partner_Molao,Associate_11,CLT-047,Large Corporate,Maun,2022-08-31,2022-10-12,Active,42,26.7,19.2,0.72,3200,85439.0,61554.0,6194.0,15388.0,23886.0,,2022
MLA-0016,Regulatory & Compliance,Partner_Molao,Associate_19,CLT-021,Large Corporate,Gaborone,2018-01-25,2018-06-29,Completed,155,69.5,66.2,0.953,2600,180644.0,172133.0,17334.0,86067.0,8511.0,,2018
MLA-0017,Property & Conveyancing,Partner_Gaobuse,Associate_20,CLT-104,Government / Parastatal,Gaborone,2023-06-23,2023-08-17,Completed,55,29.7,23.4,0.788,1800,53423.0,42092.0,2263.0,0.0,11331.0,,2023
MLA-0018,Litigation,Partner_Setlhabi,Associate_15,CLT-108,SME,Gaborone,2024-12-23,2025-03-31,Active,98,125.2,98.6,0.787,2800,350689.0,276130.0,35054.0,69033.0,74558.0,,2024
MLA-0019,Commercial Law,Partner_Molao,Associate_15,CLT-006,Large Corporate,Gaborone,2020-12-01,2021-02-12,Completed,73,63.6,51.1,0.804,3200,203471.0,163608.0,15132.0,40902.0,39863.0,4.5,2020
MLA-0020,Mining & Resources,Partner_Gaobuse,Associate_03,CLT-036,Large Corporate,Francistown,2024-01-19,2024-05-12,On Hold,114,224.1,166.3,0.742,3800,851402.0,631927.0,50016.0,0.0,219475.0,,2024
MLA-0021,Regulatory & Compliance,Partner_Molao,Associate_01,CLT-112,Large Corporate,Francistown,2020-03-27,2020-07-06,Completed,101,72.4,67.0,0.926,2600,188170.0,174162.0,14109.0,0.0,14008.0,3.3,2020
MLA-0022,Regulatory & Compliance,Partner_Mmolawa,Associate_09,CLT-083,Large Corporate,Gaborone,2019-11-19,2020-05-06,On Hold,169,78.9,60.4,0.766,2600,205181.0,157123.0,22529.0,39281.0,48058.0,,2019
MLA-0023,Commercial Law,Partner_Molao,Associate_19,CLT-001,Financial Institution,Francistown,2021-07-01,2021-08-29,Active,59,112.7,96.5,0.856,3200,360658.0,308727.0,30499.0,154363.0,51931.0,,2021
MLA-0024,Commercial Law,Partner_Molao,Associate_08,CLT-004,Government / Parastatal,Gaborone,2021-05-20,2021-08-29,Completed,101,75.8,70.4,0.928,3200,242563.0,225214.0,14805.0,225214.0,17349.0,,2021
MLA-0025,Litigation,Partner_Setlhabi,Associate_12,CLT-003,Mining Company,Gaborone,2021-10-29,2022-05-10,Completed,193,187.8,123.8,0.659,2800,525845.0,346591.0,39416.0,0.0,179254.0,3.4,2021
MLA-0026,Regulatory & Compliance,Partner_Mmolawa,Associate_05,CLT-030,Government / Parastatal,Maun,2023-11-08,2024-01-09,Completed,62,39.8,33.9,0.85,2600,103560.0,88018.0,13649.0,0.0,15542.0,4.4,2023
MLA-0027,Property & Conveyancing,Partner_Gaobuse,Associate_09,CLT-012,High-Net-Worth Individual,Gaborone,2020-10-02,2020-11-27,Completed,56,41.3,39.4,0.955,1800,74324.0,70964.0,11682.0,0.0,3360.0,4.1,2020
MLA-0028,Employment Law,Partner_Mmolawa,Associate_01,CLT-040,Mining Company,Maun,2021-08-24,2021-10-22,Completed,59,62.0,41.3,0.667,2200,136315.0,90861.0,13967.0,0.0,45454.0,,2021
MLA-0029,Employment Law,Partner_Mmolawa,Associate_01,CLT-043,Mining Company,Maun,2020-02-22,2020-06-30,Completed,129,62.0,39.9,0.644,2200,136305.0,87785.0,9965.0,21946.0,48520.0,,2020
MLA-0030,Employment Law,Partner_Mmolawa,Associate_01,CLT-003,Mining Company,Gaborone,2020-06-26,2020-11-03,Completed,130,54.3,39.0,0.719,2200,119483.0,85864.0,11705.0,0.0,33619.0,1.7,2020
MLA-0031,Litigation,Partner_Thapelo,Associate_11,CLT-017,SME,Francistown,2023-02-02,2023-10-08,Completed,248,180.3,135.0,0.749,2800,504765.0,378111.0,24836.0,0.0,126654.0,3.3,2023
MLA-0032,Property & Conveyancing,Partner_Setlhabi,Associate_07,CLT-007,Government / Parastatal,Francistown,2023-06-07,2023-06-21,Completed,14,28.9,20.9,0.724,1800,52019.0,37662.0,5605.0,0.0,14356.0,,2023
MLA-0033,Mining & Resources,Partner_Thapelo,Associate_12,CLT-006,Large Corporate,Gaborone,2018-02-27,2019-02-04,Completed,342,184.6,158.9,0.861,3800,701567.0,603730.0,33759.0,0.0,97837.0,4.8,2018
MLA-0034,Regulatory & Compliance,Partner_Mmolawa,Associate_04,CLT-100,High-Net-Worth Individual,Gaborone,2024-06-09,2024-08-29,Completed,81,53.2,36.7,0.691,2600,138344.0,95532.0,9008.0,95532.0,42813.0,3.1,2024
MLA-0035,Mining & Resources,Partner_Thapelo,Associate_03,CLT-025,Large Corporate,Francistown,2018-10-31,2019-10-05,Completed,339,264.1,218.4,0.827,3800,1003497.0,830033.0,57874.0,207508.0,173464.0,,2018
MLA-0036,Commercial Law,Partner_Molao,Associate_18,CLT-083,Large Corporate,Gaborone,2024-10-19,2025-02-04,Completed,108,69.2,59.6,0.861,3200,221567.0,190853.0,28788.0,0.0,30714.0,,2024
MLA-0037,Litigation,Partner_Setlhabi,Associate_14,CLT-010,Mining Company,Gaborone,2024-12-18,,Active,103,144.8,97.1,0.671,2800,405319.0,271895.0,47531.0,0.0,133424.0,,2024
MLA-0038,Mining & Resources,Partner_Thapelo,Associate_09,CLT-066,Mining Company,Gaborone,2019-10-06,2020-06-22,Completed,260,150.9,111.8,0.741,3800,573254.0,424876.0,29890.0,0.0,148378.0,,2019
MLA-0039,Property & Conveyancing,Partner_Gaobuse,Associate_10,CLT-074,SME,Gaborone,2023-02-03,2023-02-27,Completed,24,24.2,18.1,0.747,1800,43483.0,32501.0,2743.0,8125.0,10982.0,3.3,2023
MLA-0040,Mining & Resources,Partner_Thapelo,Associate_04,CLT-048,Large Corporate,Francistown,2019-09-03,2020-06-29,Active,300,218.3,199.0,0.912,3800,829441.0,756155.0,44827.0,0.0,73285.0,,2019
MLA-0041,Litigation,Partner_Setlhabi,Associate_19,CLT-108,SME,Gaborone,2022-12-04,2023-03-18,Completed,104,128.5,88.2,0.687,2800,359815.0,247045.0,34825.0,123523.0,112769.0,3.2,2022
MLA-0042,Property & Conveyancing,Partner_Gaobuse,Associate_02,CLT-103,Government / Parastatal,Gaborone,2021-08-13,2021-09-21,Completed,39,24.6,22.0,0.893,1800,44355.0,39600.0,3159.0,9900.0,4754.0,,2021
MLA-0043,Property & Conveyancing,Partner_Gaobuse,Associate_09,CLT-053,Mining Company,Francistown,2019-12-19,2020-02-24,Completed,67,26.4,22.6,0.856,1800,47555.0,40728.0,6887.0,0.0,6827.0,4.7,2019
MLA-0044,Employment Law,Partner_Mmolawa,Associate_03,CLT-036,Large Corporate,Francistown,2022-07-31,2022-10-27,Completed,88,58.4,41.0,0.702,2200,128393.0,90131.0,14557.0,0.0,38262.0,,2022
MLA-0045,Litigation,Partner_Thapelo,Associate_02,CLT-033,Large Corporate,Gaborone,2021-07-12,2021-09-05,Completed,55,136.4,101.5,0.744,2800,381786.0,284187.0,42751.0,142093.0,97599.0,,2021
MLA-0046,Commercial Law,Partner_Mmolawa,Associate_14,CLT-002,Large Corporate,Francistown,2023-10-25,2024-01-25,Completed,92,84.2,59.7,0.709,3200,269476.0,190966.0,25074.0,47741.0,78510.0,5.0,2023
MLA-0047,Property & Conveyancing,Partner_Mmolawa,Associate_16,CLT-004,Government / Parastatal,Gaborone,2025-01-24,2025-03-15,Completed,50,26.1,20.0,0.766,1800,47007.0,36030.0,2543.0,0.0,10977.0,3.8,2025
MLA-0048,Commercial Law,Partner_Molao,Associate_15,CLT-112,Large Corporate,Francistown,2019-09-23,2020-02-01,Completed,131,50.2,42.0,0.836,3200,160742.0,134311.0,15601.0,0.0,26431.0,,2019
MLA-0049,Regulatory & Compliance,Partner_Setlhabi,Associate_15,CLT-049,SME,Francistown,2022-04-21,2022-09-25,Completed,157,82.1,57.7,0.703,2600,213477.0,150051.0,22060.0,0.0,63426.0,2.9,2022
MLA-0050,Mining & Resources,Partner_Gaobuse,Associate_17,CLT-009,Government / Parastatal,Gaborone,2018-01-11,2018-07-01,Completed,171,298.2,240.1,0.805,3800,1133143.0,912424.0,115241.0,912424.0,220719.0,3.8,2018
MLA-0051,Commercial Law,Partner_Molao,Associate_12,CLT-014,Government / Parastatal,Francistown,2024-02-04,2024-03-29,Active,54,150.2,120.7,0.804,3200,480531.0,386147.0,62961.0,386147.0,94384.0,,2024
MLA-0052,Litigation,Partner_Setlhabi,Associate_14,CLT-002,Large Corporate,Francistown,2023-04-22,2023-12-27,Active,249,112.3,93.1,0.829,2800,314304.0,260711.0,26121.0,65178.0,53593.0,,2023
MLA-0053,Mining & Resources,Partner_Mmolawa,Associate_02,CLT-005,Large Corporate,Gaborone,2024-08-14,2024-12-05,Completed,113,164.8,115.6,0.702,3800,626075.0,439309.0,70226.0,0.0,186767.0,,2024
MLA-0054,Commercial Law,Partner_Molao,Associate_05,CLT-003,Mining Company,Gaborone,2020-12-21,2021-02-10,Completed,51,87.0,69.1,0.793,3200,278527.0,220978.0,29717.0,110489.0,57549.0,,2020
MLA-0055,Mining & Resources,Partner_Thapelo,Associate_11,CLT-061,Large Corporate,Gaborone,2023-06-22,2023-12-28,Completed,189,233.2,210.4,0.902,3800,885976.0,799555.0,47090.0,0.0,86420.0,,2023
MLA-0056,Regulatory & Compliance,Partner_Molao,Associate_14,CLT-117,Large Corporate,Francistown,2019-02-16,2019-05-09,Completed,82,100.3,82.3,0.821,2600,260679.0,214051.0,35842.0,0.0,46627.0,,2019
MLA-0057,Litigation,Partner_Setlhabi,Associate_05,CLT-008,Large Corporate,Francistown,2022-08-15,2023-06-29,Completed,318,124.2,98.8,0.795,2800,347813.0,276587.0,19941.0,0.0,71226.0,,2022
MLA-0058,Employment Law,Partner_Mmolawa,Associate_19,CLT-005,Large Corporate,Gaborone,2023-03-04,2023-05-30,Completed,87,31.3,24.2,0.773,2200,68873.0,53257.0,7280.0,26629.0,15616.0,4.7,2023
MLA-0059,Litigation,Partner_Setlhabi,Associate_03,CLT-031,Large Corporate,Gaborone,2021-11-16,2022-07-31,Completed,257,61.2,55.0,0.899,2800,171453.0,154130.0,26983.0,38533.0,17323.0,4.0,2021
MLA-0060,Litigation,Partner_Mmolawa,Associate_04,CLT-008,Large Corporate,Francistown,2024-05-31,2024-09-29,Completed,121,178.3,126.2,0.708,2800,499266.0,353479.0,49807.0,0.0,145787.0,,2024
MLA-0061,Litigation,Partner_Setlhabi,Associate_02,CLT-106,Government / Parastatal,Gaborone,2023-07-28,2024-05-13,Active,290,75.3,64.8,0.861,2800,210833.0,181502.0,27379.0,0.0,29331.0,,2023
MLA-0062,Mining & Resources,Partner_Thapelo,Associate_07,CLT-060,Large Corporate,Gaborone,2019-07-15,2020-06-09,Active,330,220.8,185.5,0.84,3800,838998.0,704929.0,94478.0,0.0,134069.0,,2019
MLA-0063,Property & Conveyancing,Partner_Gaobuse,Associate_05,CLT-003,Mining Company,Gaborone,2021-04-23,2021-06-04,Completed,42,31.4,25.7,0.817,1800,56511.0,46181.0,3515.0,11545.0,10331.0,,2021
MLA-0064,Litigation,Partner_Setlhabi,Associate_09,CLT-093,Large Corporate,Gaborone,2020-11-18,2021-08-13,Active,268,151.4,133.3,0.881,2800,423865.0,373364.0,65622.0,0.0,50501.0,,2020
MLA-0065,Regulatory & Compliance,Partner_Molao,Associate_15,CLT-115,SME,Francistown,2019-07-31,2020-02-25,Completed,209,48.7,44.0,0.903,2600,126746.0,114464.0,15787.0,28616.0,12282.0,4.1,2019
MLA-0066,Mining & Resources,Partner_Thapelo,Associate_03,CLT-087,Mining Company,Gaborone,2018-02-27,2019-03-12,Completed,378,116.6,87.2,0.747,3800,443113.0,331199.0,32430.0,82800.0,111914.0,2.8,2018
MLA-0067,Litigation,Partner_Setlhabi,Associate_12,CLT-004,Government / Parastatal,Gaborone,2020-08-15,2021-08-01,Completed,351,178.6,137.9,0.772,2800,499988.0,385982.0,66625.0,0.0,114006.0,,2020
MLA-0068,Employment Law,Partner_Mmolawa,Associate_15,CLT-106,Government / Parastatal,Gaborone,2021-05-22,2021-09-09,Completed,110,39.2,30.4,0.776,2200,86244.0,66919.0,3740.0,0.0,19325.0,,2021
MLA-0069,Commercial Law,Partner_Molao,Associate_18,CLT-005,Large Corporate,Gaborone,2023-02-02,2023-06-01,Active,119,97.3,78.0,0.802,3200,311297.0,249644.0,35086.0,0.0,61653.0,,2023
MLA-0070,Property & Conveyancing,Partner_Gaobuse,Associate_14,CLT-065,Mining Company,Gaborone,2023-06-28,2023-08-19,Active,52,46.6,41.7,0.896,1800,83859.0,75144.0,6490.0,18786.0,8715.0,,2023
MLA-0071,Commercial Law,Partner_Molao,Associate_08,CLT-097,Financial Institution,Gaborone,2019-02-11,2019-04-09,Completed,57,62.6,60.3,0.963,3200,200244.0,192828.0,32245.0,0.0,7416.0,3.2,2019
MLA-0072,Litigation,Partner_Mmolawa,Associate_03,CLT-067,Large Corporate,Gaborone,2024-09-11,,Active,201,136.2,116.0,0.851,2800,381422.0,324680.0,18369.0,0.0,56742.0,,2024
MLA-0073,Regulatory & Compliance,Partner_Thapelo,Associate_07,CLT-003,Mining Company,Gaborone,2024-03-20,2024-08-26,Completed,159,71.3,52.2,0.733,2600,185366.0,135841.0,22150.0,0.0,49525.0,3.5,2024
MLA-0074,Regulatory & Compliance,Partner_Molao,Associate_09,CLT-098,High-Net-Worth Individual,Maun,2019-08-16,2019-12-01,Completed,107,98.1,94.6,0.965,2600,254977.0,245978.0,37833.0,0.0,8999.0,,2019
MLA-0075,Commercial Law,Partner_Molao,Associate_08,CLT-055,Financial Institution,Gaborone,2018-03-06,2018-06-26,Completed,112,165.9,124.4,0.75,3200,530960.0,398221.0,58309.0,0.0,132739.0,,2018
MLA-0076,Property & Conveyancing,Partner_Thapelo,Associate_19,CLT-004,Government / Parastatal,Gaborone,2023-08-26,2023-09-20,Completed,25,19.6,14.4,0.736,1800,35280.0,25983.0,3756.0,12992.0,9296.0,,2023
MLA-0077,Litigation,Partner_Setlhabi,Associate_01,CLT-002,Large Corporate,Francistown,2023-05-16,2023-12-20,Completed,218,163.6,141.5,0.864,2800,458195.0,396080.0,25363.0,99020.0,62115.0,4.3,2023
MLA-0078,Regulatory & Compliance,Partner_Gaobuse,Associate_20,CLT-005,Large Corporate,Gaborone,2019-06-01,2019-10-30,Completed,151,75.8,60.8,0.803,2600,196992.0,158200.0,19188.0,0.0,38792.0,,2019
MLA-0079,Property & Conveyancing,Partner_Gaobuse,Associate_20,CLT-029,Mining Company,Francistown,2019-04-14,2019-05-07,Completed,23,19.7,18.9,0.961,1800,35463.0,34073.0,5110.0,8518.0,1390.0,3.1,2019
MLA-0080,Property & Conveyancing,Partner_Gaobuse,Associate_11,CLT-093,Large Corporate,Gaborone,2022-06-22,2022-08-24,Completed,63,36.4,30.6,0.842,1800,65507.0,55128.0,5815.0,13782.0,10379.0,2.5,2022
MLA-0081,Commercial Law,Partner_Molao,Associate_03,CLT-094,Large Corporate,Francistown,2019-01-17,2019-04-30,Completed,103,90.2,73.7,0.818,3200,288487.0,235987.0,23231.0,0.0,52500.0,3.2,2019
MLA-0082,Regulatory & Compliance,Partner_Thapelo,Associate_11,CLT-068,Large Corporate,Gaborone,2022-08-10,2022-12-10,Completed,122,68.5,52.8,0.77,2600,178093.0,137161.0,20236.0,68581.0,40932.0,,2022
MLA-0083,Regulatory & Compliance,Partner_Thapelo,Associate_10,CLT-017,SME,Francistown,2024-06-25,2024-11-09,Completed,137,39.0,31.6,0.809,2600,101393.0,82067.0,9248.0,20517.0,19327.0,4.2,2024
MLA-0084,Property & Conveyancing,Partner_Gaobuse,Associate_09,CLT-052,Government / Parastatal,Maun,2022-10-24,2023-01-15,On Hold,83,38.6,37.0,0.959,1800,69505.0,66636.0,10422.0,0.0,2869.0,,2022
MLA-0085,Employment Law,Partner_Mmolawa,Associate_09,CLT-001,Financial Institution,Francistown,2021-01-24,2021-03-14,Completed,49,28.5,22.5,0.788,2200,62656.0,49400.0,4652.0,0.0,13256.0,,2021
MLA-0086,Property & Conveyancing,Partner_Gaobuse,Associate_05,CLT-079,SME,Francistown,2018-05-06,2018-07-15,Completed,70,33.0,24.9,0.753,1800,59485.0,44795.0,4430.0,0.0,14690.0,3.8,2018
MLA-0087,Litigation,Partner_Setlhabi,Associate_19,CLT-056,Large Corporate,Gaborone,2018-08-04,2019-05-25,Completed,294,328.8,228.3,0.694,2800,920595.0,639144.0,36092.0,0.0,281451.0,4.3,2018
MLA-0088,Property & Conveyancing,Partner_Gaobuse,Associate_14,CLT-009,Government / Parastatal,Gaborone,2023-09-30,2023-12-12,Completed,73,37.3,28.4,0.759,1800,67229.0,51031.0,4431.0,12758.0,16197.0,3.2,2023
MLA-0089,Employment Law,Partner_Mmolawa,Associate_13,CLT-118,Government / Parastatal,Gaborone,2018-08-13,2018-10-07,Completed,55,69.6,43.6,0.626,2200,153142.0,95836.0,7424.0,0.0,57306.0,3.3,2018
MLA-0090,Litigation,Partner_Setlhabi,Associate_14,CLT-006,Large Corporate,Gaborone,2022-04-07,2022-12-10,Completed,247,116.2,91.5,0.787,2800,325408.0,256101.0,31407.0,64025.0,69307.0,5.0,2022
MLA-0091,Litigation,Partner_Setlhabi,Associate_14,CLT-001,Financial Institution,Francistown,2018-11-15,2019-09-16,Completed,305,48.5,42.1,0.868,2800,135811.0,117895.0,14683.0,29474.0,17916.0,2.7,2018
MLA-0092,Commercial Law,Partner_Molao,Associate_11,CLT-006,Large Corporate,Gaborone,2024-12-06,,Active,115,71.0,58.6,0.825,3200,227072.0,187440.0,26176.0,0.0,39632.0,,2024
MLA-0093,Property & Conveyancing,Partner_Gaobuse,Associate_14,CLT-055,Financial Institution,Gaborone,2023-11-17,2023-12-20,Active,33,28.6,21.5,0.749,1800,51534.0,38623.0,5676.0,0.0,12911.0,,2023
MLA-0094,Mining & Resources,Partner_Thapelo,Associate_04,CLT-045,Financial Institution,Maun,2020-03-05,2021-03-21,Completed,381,149.9,136.6,0.911,3800,569729.0,519029.0,75030.0,129757.0,50700.0,,2020
MLA-0095,Litigation,Partner_Setlhabi,Associate_07,CLT-006,Large Corporate,Gaborone,2019-09-19,2020-06-05,Completed,260,104.2,87.9,0.843,2800,291794.0,245986.0,17964.0,61496.0,45808.0,3.8,2019
MLA-0096,Mining & Resources,Partner_Mmolawa,Associate_19,CLT-063,Large Corporate,Francistown,2025-01-02,,Active,88,154.4,108.0,0.7,3800,586674.0,410455.0,72333.0,0.0,176219.0,,2025
MLA-0097,Property & Conveyancing,Partner_Gaobuse,Associate_10,CLT-088,SME,Francistown,2024-08-19,2024-09-02,Completed,14,34.2,25.4,0.743,1800,61582.0,45776.0,4136.0,0.0,15806.0,3.2,2024
MLA-0098,Mining & Resources,Partner_Thapelo,Associate_03,CLT-059,SME,Gaborone,2023-09-08,2024-10-14,Completed,402,153.7,119.6,0.778,3800,583965.0,454350.0,79080.0,113587.0,129615.0,3.2,2023
MLA-0099,Regulatory & Compliance,Partner_Thapelo,Associate_07,CLT-012,High-Net-Worth Individual,Gaborone,2023-05-03,2023-09-24,On Hold,144,62.4,50.4,0.808,2600,162213.0,131044.0,14227.0,32761.0,31170.0,,2023
MLA-0100,Mining & Resources,Partner_Molao,Associate_17,CLT-064,Government / Parastatal,Gaborone,2018-06-10,2018-11-12,Completed,155,260.6,200.5,0.769,3800,990291.0,761934.0,81622.0,0.0,228357.0,3.6,2018
MLA-0101,Litigation,Partner_Setlhabi,Associate_14,CLT-084,Large Corporate,Gaborone,2024-09-14,2025-03-10,Completed,177,116.7,78.1,0.669,2800,326838.0,218616.0,20442.0,0.0,108222.0,4.7,2024
MLA-0102,Litigation,Partner_Setlhabi,Associate_20,CLT-100,High-Net-Worth Individual,Gaborone,2021-09-27,2022-01-23,Completed,118,159.8,108.1,0.676,2800,447563.0,302575.0,51189.0,0.0,144988.0,,2021
MLA-0103,Employment Law,Partner_Mmolawa,Associate_03,CLT-010,Mining Company,Gaborone,2022-03-23,2022-08-17,Completed,147,72.7,56.3,0.775,2200,159871.0,123833.0,8249.0,30958.0,36039.0,,2022
MLA-0104,Regulatory & Compliance,Partner_Thapelo,Associate_03,CLT-064,Government / Parastatal,Gaborone,2022-10-01,2022-11-17,Completed,47,88.5,71.6,0.81,2600,230070.0,186280.0,16794.0,186280.0,43791.0,3.5,2022
MLA-0105,Mining & Resources,Partner_Thapelo,Associate_05,CLT-005,Large Corporate,Gaborone,2021-04-26,2021-11-27,Completed,215,288.7,258.5,0.895,3800,1096998.0,982175.0,147536.0,245544.0,114824.0,,2021
MLA-0106,Commercial Law,Partner_Molao,Associate_20,CLT-005,Large Corporate,Gaborone,2022-03-24,2022-07-19,Completed,117,98.2,73.1,0.745,3200,314252.0,234030.0,32781.0,0.0,80221.0,,2022
MLA-0107,Employment Law,Partner_Mmolawa,Associate_12,CLT-069,SME,Francistown,2020-08-30,2020-11-16,Completed,78,37.2,31.6,0.851,2200,81744.0,69555.0,10281.0,17389.0,12189.0,1.5,2020
MLA-0108,Litigation,Partner_Mmolawa,Associate_07,CLT-019,Government / Parastatal,Gaborone,2024-05-25,2024-12-26,Completed,215,89.8,76.7,0.854,2800,251454.0,214832.0,18611.0,0.0,36622.0,2.9,2024
MLA-0109,Regulatory & Compliance,Partner_Setlhabi,Associate_20,CLT-005,Large Corporate,Gaborone,2020-10-21,2020-12-11,Completed,51,102.1,68.3,0.669,2600,265557.0,177614.0,17452.0,88807.0,87943.0,,2020
MLA-0110,Property & Conveyancing,Partner_Gaobuse,Associate_03,CLT-083,Large Corporate,Gaborone,2021-01-22,2021-03-24,Completed,61,23.7,20.2,0.851,1800,42638.0,36270.0,5732.0,0.0,6367.0,,2021
MLA-0111,Mining & Resources,Partner_Molao,Associate_14,CLT-002,Large Corporate,Francistown,2023-08-19,2023-12-24,Completed,127,300.9,241.5,0.803,3800,1143379.0,917820.0,55628.0,0.0,225559.0,4.6,2023
MLA-0112,Commercial Law,Partner_Molao,Associate_11,CLT-087,Mining Company,Gaborone,2019-07-18,2019-09-10,Active,54,85.3,60.9,0.714,3200,272974.0,194934.0,21719.0,48734.0,78040.0,,2019
MLA-0113,Mining & Resources,Partner_Thapelo,Associate_20,CLT-001,Financial Institution,Francistown,2018-11-21,2019-10-10,Completed,323,232.3,159.1,0.685,3800,882920.0,604664.0,41986.0,302332.0,278256.0,,2018
MLA-0114,Property & Conveyancing,Partner_Setlhabi,Associate_10,CLT-004,Government / Parastatal,Gaborone,2020-09-03,2020-10-19,Completed,46,22.1,16.8,0.759,1800,39812.0,30228.0,3308.0,0.0,9584.0,,2020
MLA-0115,Property & Conveyancing,Partner_Gaobuse,Associate_17,CLT-053,Mining Company,Francistown,2019-08-12,2019-10-12,Completed,61,24.2,19.6,0.808,1800,43603.0,35210.0,3375.0,0.0,8393.0,3.9,2019
MLA-0116,Employment Law,Partner_Mmolawa,Associate_12,CLT-003,Mining Company,Gaborone,2023-11-25,2024-01-04,Completed,40,85.5,64.3,0.751,2200,188168.0,141373.0,16398.0,0.0,46794.0,,2023
MLA-0117,Commercial Law,Partner_Molao,Associate_12,CLT-009,Government / Parastatal,Gaborone,2018-03-08,2018-03-27,Completed,19,148.5,118.5,0.798,3200,475065.0,379231.0,30849.0,94808.0,95833.0,3.7,2018
MLA-0118,Property & Conveyancing,Partner_Setlhabi,Associate_02,CLT-017,SME,Francistown,2021-10-18,2021-12-07,Completed,50,33.8,28.9,0.856,1800,60778.0,52033.0,7872.0,0.0,8745.0,,2021
MLA-0119,Employment Law,Partner_Molao,Associate_15,CLT-002,Large Corporate,Francistown,2020-04-05,2020-06-17,Completed,73,43.0,30.8,0.716,2200,94629.0,67713.0,3755.0,33856.0,26916.0,3.2,2020
MLA-0120,Regulatory & Compliance,Partner_Thapelo,Associate_16,CLT-009,Government / Parastatal,Gaborone,2020-02-22,2020-07-31,Active,160,51.6,38.8,0.753,2600,134139.0,101001.0,5678.0,25250.0,33138.0,,2020
MLA-0121,Litigation,Partner_Mmolawa,Associate_13,CLT-079,SME,Francistown,2022-05-03,2022-10-23,Completed,173,157.5,110.8,0.703,2800,440983.0,310158.0,43413.0,0.0,130824.0,,2022
MLA-0122,Litigation,Partner_Setlhabi,Associate_14,CLT-003,Mining Company,Gaborone,2024-10-03,,Active,179,184.1,165.8,0.901,2800,515425.0,464292.0,34107.0,0.0,51133.0,,2024
MLA-0123,Commercial Law,Partner_Molao,Associate_10,CLT-010,Mining Company,Gaborone,2024-10-04,2025-01-24,Completed,112,109.2,97.6,0.893,3200,349384.0,312162.0,33622.0,0.0,37222.0,,2024
MLA-0124,Regulatory & Compliance,Partner_Thapelo,Associate_14,CLT-009,Government / Parastatal,Gaborone,2018-08-23,2018-11-24,Completed,93,46.1,32.3,0.699,2600,119965.0,83872.0,8155.0,20968.0,36093.0,,2018
MLA-0125,Regulatory & Compliance,Partner_Setlhabi,Associate_20,CLT-069,SME,Francistown,2022-11-30,2023-04-28,Completed,149,82.0,54.5,0.665,2600,213202.0,141686.0,21424.0,0.0,71517.0,3.5,2022
MLA-0126,Property & Conveyancing,Partner_Gaobuse,Associate_15,CLT-112,Large Corporate,Francistown,2022-03-04,2022-05-31,Completed,88,29.1,24.8,0.849,1800,52470.0,44557.0,3025.0,0.0,7913.0,3.0,2022
MLA-0127,Litigation,Partner_Molao,Associate_06,CLT-040,Mining Company,Maun,2022-05-05,2022-12-11,Completed,220,166.8,157.7,0.945,2800,467062.0,441455.0,66547.0,110364.0,25607.0,3.6,2022
MLA-0128,Employment Law,Partner_Mmolawa,Associate_16,CLT-007,Government / Parastatal,Francistown,2019-07-10,2019-10-24,Completed,106,76.2,62.7,0.824,2200,167533.0,137974.0,23018.0,0.0,29559.0,4.4,2019
MLA-0129,Employment Law,Partner_Gaobuse,Associate_12,CLT-074,SME,Gaborone,2024-03-02,2024-06-14,Active,104,80.1,70.2,0.876,2200,176287.0,154430.0,24813.0,38607.0,21857.0,,2024
MLA-0130,Regulatory & Compliance,Partner_Setlhabi,Associate_12,CLT-042,Financial Institution,Gaborone,2019-05-13,2019-08-26,Completed,105,80.5,72.3,0.898,2600,209338.0,188057.0,15190.0,0.0,21281.0,4.0,2019
MLA-0131,Property & Conveyancing,Partner_Gaobuse,Associate_18,CLT-005,Large Corporate,Gaborone,2018-12-20,2019-02-18,Completed,60,26.7,19.9,0.746,1800,48104.0,35883.0,5139.0,0.0,12221.0,3.5,2018
MLA-0132,Litigation,Partner_Setlhabi,Associate_05,CLT-116,SME,Francistown,2018-10-31,2020-01-14,Completed,440,99.9,76.6,0.767,2800,279740.0,214475.0,20329.0,107237.0,65265.0,,2018
MLA-0133,Employment Law,Partner_Mmolawa,Associate_05,CLT-030,Government / Parastatal,Maun,2018-08-15,2018-09-25,Completed,41,35.6,29.2,0.819,2200,78395.0,64170.0,5746.0,0.0,14225.0,,2018
MLA-0134,Litigation,Partner_Thapelo,Associate_10,CLT-096,Government / Parastatal,Francistown,2020-10-23,2021-09-03,On Hold,315,196.7,143.6,0.73,2800,550893.0,402183.0,34459.0,0.0,148710.0,,2020
MLA-0135,Employment Law,Partner_Mmolawa,Associate_06,CLT-055,Financial Institution,Gaborone,2024-07-06,2024-10-14,Completed,100,67.0,44.2,0.66,2200,147431.0,97317.0,13983.0,0.0,50115.0,,2024
MLA-0136,Property & Conveyancing,Partner_Molao,Associate_03,CLT-002,Large Corporate,Francistown,2024-06-20,2024-07-18,Completed,28,27.9,21.6,0.774,1800,50184.0,38836.0,4830.0,0.0,11348.0,3.9,2024
MLA-0137,Regulatory & Compliance,Partner_Thapelo,Associate_10,CLT-063,Large Corporate,Francistown,2021-05-22,2021-11-04,Active,166,49.6,39.8,0.803,2600,128946.0,103563.0,14400.0,0.0,25383.0,,2021
MLA-0138,Commercial Law,Partner_Molao,Associate_15,CLT-027,SME,Gaborone,2023-03-18,2023-05-17,Completed,60,80.6,61.1,0.758,3200,258000.0,195529.0,17722.0,48882.0,62472.0,,2023
MLA-0139,Mining & Resources,Partner_Setlhabi,Associate_12,CLT-043,Mining Company,Maun,2019-03-11,2020-02-23,Completed,349,177.5,130.4,0.735,3800,674511.0,495430.0,41998.0,0.0,179081.0,3.1,2019
MLA-0140,Litigation,Partner_Setlhabi,Associate_20,CLT-027,SME,Gaborone,2019-10-17,2020-07-06,Active,263,99.7,85.4,0.856,2800,279191.0,239020.0,34358.0,0.0,40171.0,,2019
MLA-0141,Commercial Law,Partner_Mmolawa,Associate_16,CLT-101,Government / Parastatal,Francistown,2023-07-31,2023-10-10,Active,71,92.3,58.1,0.629,3200,295321.0,185882.0,21508.0,185882.0,109439.0,,2023
MLA-0142,Commercial Law,Partner_Molao,Associate_02,CLT-010,Mining Company,Gaborone,2024-09-13,2024-12-20,Completed,98,71.0,66.5,0.937,3200,227157.0,212832.0,23662.0,0.0,14325.0,,2024
MLA-0143,Property & Conveyancing,Partner_Gaobuse,Associate_13,CLT-019,Government / Parastatal,Gaborone,2022-06-29,2022-07-24,Completed,25,13.8,10.2,0.742,1800,24856.0,18442.0,1791.0,0.0,6414.0,2.6,2022
MLA-0144,Property & Conveyancing,Partner_Gaobuse,Associate_20,CLT-069,SME,Francistown,2019-05-02,2019-07-06,Completed,65,25.9,19.8,0.763,1800,46635.0,35588.0,3506.0,35588.0,11047.0,4.4,2019
MLA-0145,Litigation,Partner_Setlhabi,Associate_20,CLT-042,Financial Institution,Gaborone,2023-08-11,2024-03-22,Completed,224,182.0,121.2,0.666,2800,509671.0,339391.0,48454.0,84848.0,170280.0,3.5,2023
MLA-0146,Commercial Law,Partner_Setlhabi,Associate_11,CLT-110,Government / Parastatal,Gaborone,2021-07-28,2021-10-25,On Hold,89,55.2,38.4,0.696,3200,176559.0,122881.0,17954.0,0.0,53678.0,,2021
MLA-0147,Litigation,Partner_Thapelo,Associate_16,CLT-074,SME,Gaborone,2021-05-12,2022-02-06,Completed,270,125.9,100.8,0.801,2800,352396.0,282304.0,26271.0,0.0,70092.0,3.2,2021
MLA-0148,Litigation,Partner_Molao,Associate_20,CLT-036,Large Corporate,Francistown,2024-06-27,,Active,277,165.4,141.7,0.856,2800,463254.0,396775.0,57049.0,0.0,66479.0,,2024
MLA-0149,Commercial Law,Partner_Molao,Associate_20,CLT-084,Large Corporate,Gaborone,2022-04-07,2022-07-20,Completed,104,81.8,60.8,0.743,3200,261646.0,194406.0,10518.0,97203.0,67240.0,4.0,2022
MLA-0150,Commercial Law,Partner_Molao,Associate_05,CLT-027,SME,Gaborone,2020-04-15,2020-07-22,Completed,98,73.1,59.4,0.812,3200,233804.0,189928.0,32225.0,94964.0,43876.0,,2020
MLA-0151,Commercial Law,Partner_Molao,Associate_07,CLT-050,Large Corporate,Maun,2023-05-14,2023-08-15,Completed,93,85.4,71.9,0.843,3200,273199.0,230232.0,16695.0,115116.0,42967.0,3.3,2023
MLA-0152,Litigation,Partner_Gaobuse,Associate_20,CLT-038,Government / Parastatal,Gaborone,2020-10-06,2021-10-15,Completed,374,141.2,113.5,0.804,2800,395363.0,317938.0,54810.0,317938.0,77424.0,,2020
MLA-0153,Employment Law,Partner_Mmolawa,Associate_16,CLT-011,Large Corporate,Gaborone,2021-11-29,2022-03-19,Active,110,82.9,62.6,0.755,2200,182456.0,137782.0,19815.0,0.0,44674.0,,2021
MLA-0154,Property & Conveyancing,Partner_Gaobuse,Associate_13,CLT-091,SME,Gaborone,2019-08-23,2019-10-02,Completed,40,49.1,39.6,0.807,1800,88382.0,71350.0,10192.0,0.0,17032.0,4.0,2019
MLA-0155,Litigation,Partner_Setlhabi,Associate_07,CLT-093,Large Corporate,Gaborone,2021-01-15,2022-04-10,Completed,450,149.0,131.9,0.886,2800,417155.0,369400.0,25062.0,0.0,47754.0,3.2,2021
MLA-0156,Litigation,Partner_Setlhabi,Associate_17,CLT-008,Large Corporate,Francistown,2020-08-11,2021-02-09,Completed,182,98.9,66.1,0.669,2800,276790.0,185148.0,26524.0,0.0,91642.0,,2020
MLA-0157,Commercial Law,Partner_Molao,Associate_06,CLT-026,Government / Parastatal,Gaborone,2023-05-03,2023-07-13,Completed,71,21.8,18.1,0.83,3200,69805.0,57941.0,10158.0,0.0,11864.0,,2023
MLA-0158,Regulatory & Compliance,Partner_Molao,Associate_19,CLT-008,Large Corporate,Francistown,2018-06-02,2018-10-07,Completed,127,47.7,45.1,0.945,2600,124097.0,117283.0,19316.0,0.0,6814.0,,2018
MLA-0159,Regulatory & Compliance,Partner_Mmolawa,Associate_16,CLT-006,Large Corporate,Gaborone,2021-03-31,2021-10-27,Completed,210,72.8,60.3,0.829,2600,189215.0,156889.0,19428.0,0.0,32326.0,,2021
MLA-0160,Litigation,Partner_Thapelo,Associate_17,CLT-040,Mining Company,Maun,2019-07-04,2020-01-04,Completed,184,186.6,167.4,0.897,2800,522398.0,468602.0,35176.0,0.0,53796.0,3.2,2019
MLA-0161,Property & Conveyancing,Partner_Gaobuse,Associate_06,CLT-001,Financial Institution,Francistown,2021-10-12,2021-11-08,Completed,27,32.8,31.0,0.944,1800,59077.0,55762.0,8278.0,0.0,3315.0,,2021
MLA-0162,Regulatory & Compliance,Partner_Mmolawa,Associate_17,CLT-013,SME,Gaborone,2022-06-30,2022-12-23,Completed,176,106.7,83.3,0.781,2600,277331.0,216486.0,14782.0,0.0,60845.0,3.5,2022
MLA-0163,Litigation,Partner_Setlhabi,Associate_09,CLT-113,Government / Parastatal,Francistown,2021-05-21,2022-05-25,Completed,369,56.1,44.8,0.799,2800,156958.0,125454.0,10538.0,0.0,31504.0,3.7,2021
MLA-0164,Employment Law,Partner_Mmolawa,Associate_06,CLT-025,Large Corporate,Francistown,2023-08-21,2023-09-18,Active,28,78.8,66.2,0.84,2200,173422.0,145675.0,21863.0,36419.0,27746.0,,2023
MLA-0165,Employment Law,Partner_Gaobuse,Associate_20,CLT-008,Large Corporate,Francistown,2019-07-02,2019-10-14,Completed,104,43.5,37.3,0.859,2200,95616.0,82091.0,14657.0,0.0,13526.0,,2019
MLA-0166,Regulatory & Compliance,Partner_Thapelo,Associate_07,CLT-082,Financial Institution,Maun,2024-09-06,2024-12-13,Completed,98,66.1,59.6,0.903,2600,171779.0,155056.0,16758.0,38764.0,16723.0,4.2,2024
MLA-0167,Property & Conveyancing,Partner_Gaobuse,Associate_18,CLT-105,Government / Parastatal,Gaborone,2020-04-08,2020-06-02,Completed,55,17.5,15.5,0.884,1800,31567.0,27916.0,2587.0,0.0,3651.0,3.5,2020
MLA-0168,Commercial Law,Partner_Molao,Associate_03,CLT-104,Government / Parastatal,Gaborone,2022-12-30,2023-04-24,Completed,115,100.3,92.0,0.917,3200,320975.0,294492.0,34374.0,0.0,26482.0,3.0,2022
MLA-0169,Property & Conveyancing,Partner_Molao,Associate_13,CLT-009,Government / Parastatal,Gaborone,2018-01-13,2018-03-21,Completed,67,13.0,11.7,0.901,1800,23338.0,21025.0,1175.0,0.0,2313.0,4.0,2018
MLA-0170,Regulatory & Compliance,Partner_Molao,Associate_16,CLT-002,Large Corporate,Francistown,2022-08-02,2023-02-12,Completed,194,48.0,36.1,0.752,2600,124727.0,93734.0,12504.0,23434.0,30993.0,,2022
MLA-0171,Litigation,Partner_Mmolawa,Associate_13,CLT-021,Large Corporate,Gaborone,2024-01-18,2025-01-05,Active,353,145.7,95.4,0.655,2800,407871.0,267204.0,17481.0,267204.0,140667.0,,2024
MLA-0172,Litigation,Partner_Setlhabi,Associate_08,CLT-094,Large Corporate,Francistown,2018-04-04,2019-06-15,Completed,437,143.3,128.5,0.897,2800,401264.0,359817.0,51627.0,0.0,41447.0,5.0,2018
MLA-0173,Litigation,Partner_Setlhabi,Associate_05,CLT-009,Government / Parastatal,Gaborone,2019-04-08,2020-03-06,Completed,333,127.8,84.9,0.664,2800,357842.0,237580.0,30871.0,118790.0,120262.0,,2019
MLA-0174,Litigation,Partner_Setlhabi,Associate_20,CLT-002,Large Corporate,Francistown,2024-09-14,,Active,198,171.6,141.0,0.821,2800,480546.0,394681.0,64486.0,0.0,85865.0,,2024
MLA-0175,Commercial Law,Partner_Molao,Associate_18,CLT-007,Government / Parastatal,Francistown,2018-08-20,2018-12-12,On Hold,114,56.3,41.7,0.741,3200,180139.0,133482.0,10737.0,66741.0,46657.0,,2018
MLA-0176,Property & Conveyancing,Partner_Gaobuse,Associate_11,CLT-008,Large Corporate,Francistown,2019-08-10,2019-08-27,Completed,17,38.4,38.3,0.997,1800,69071.0,68870.0,7146.0,0.0,201.0,2.6,2019
MLA-0177,Property & Conveyancing,Partner_Gaobuse,Associate_06,CLT-061,Large Corporate,Gaborone,2022-10-16,2022-12-07,Completed,52,8.0,7.1,0.88,1800,14428.0,12693.0,1203.0,0.0,1735.0,3.9,2022
MLA-0178,Property & Conveyancing,Partner_Gaobuse,Associate_14,CLT-005,Large Corporate,Gaborone,2022-03-22,2022-05-21,Completed,60,42.7,33.2,0.778,1800,76902.0,59845.0,4867.0,0.0,17057.0,,2022
MLA-0179,Commercial Law,Partner_Molao,Associate_02,CLT-050,Large Corporate,Maun,2022-09-03,2022-10-13,Completed,40,133.5,113.6,0.851,3200,427044.0,363467.0,29649.0,0.0,63577.0,,2022
MLA-0180,Regulatory & Compliance,Partner_Gaobuse,Associate_03,CLT-046,High-Net-Worth Individual,Gaborone,2020-02-20,2020-07-21,Completed,152,26.2,19.5,0.742,2600,68245.0,50642.0,6515.0,0.0,17602.0,3.4,2020
MLA-0181,Mining & Resources,Partner_Thapelo,Associate_18,CLT-007,Government / Parastatal,Francistown,2020-05-05,2020-06-25,Completed,51,197.7,178.3,0.902,3800,751303.0,677462.0,118158.0,0.0,73841.0,,2020
MLA-0182,Regulatory & Compliance,Partner_Molao,Associate_16,CLT-107,Government / Parastatal,Gaborone,2024-10-11,2024-12-07,Completed,57,63.0,56.0,0.89,2600,163729.0,145685.0,11817.0,0.0,18044.0,4.3,2024
MLA-0183,Property & Conveyancing,Partner_Gaobuse,Associate_10,CLT-009,Government / Parastatal,Gaborone,2023-10-02,2023-11-07,Completed,36,31.6,30.6,0.969,1800,56867.0,55104.0,8506.0,13776.0,1762.0,,2023
MLA-0184,Litigation,Partner_Setlhabi,Associate_11,CLT-027,SME,Gaborone,2024-04-23,2024-09-08,Completed,138,114.8,99.7,0.869,2800,321497.0,279241.0,14551.0,0.0,42256.0,3.8,2024
MLA-0185,Employment Law,Partner_Mmolawa,Associate_07,CLT-013,SME,Gaborone,2022-04-05,2022-05-23,Completed,48,73.4,55.6,0.757,2200,161450.0,122271.0,14866.0,61136.0,39179.0,4.2,2022
MLA-0186,Mining & Resources,Partner_Thapelo,Associate_16,CLT-034,Government / Parastatal,Maun,2021-12-13,2022-07-05,Completed,204,162.9,117.8,0.723,3800,618951.0,447603.0,50794.0,223801.0,171349.0,3.4,2021
MLA-0187,Employment Law,Partner_Mmolawa,Associate_02,CLT-095,High-Net-Worth Individual,Gaborone,2018-11-01,2019-01-02,Completed,62,35.1,29.6,0.845,2200,77157.0,65212.0,9740.0,0.0,11946.0,,2018
MLA-0188,Litigation,Partner_Setlhabi,Associate_01,CLT-007,Government / Parastatal,Francistown,2023-02-11,2024-04-14,Completed,428,81.3,60.8,0.748,2800,227651.0,170239.0,23268.0,0.0,57412.0,3.5,2023
MLA-0189,Property & Conveyancing,Partner_Gaobuse,Associate_18,CLT-026,Government / Parastatal,Gaborone,2018-03-10,2018-05-12,Completed,63,21.1,18.4,0.873,1800,38057.0,33206.0,5880.0,0.0,4851.0,,2018
MLA-0190,Employment Law,Partner_Setlhabi,Associate_04,CLT-107,Government / Parastatal,Gaborone,2023-11-18,2024-01-29,Completed,72,52.8,36.6,0.693,2200,116243.0,80513.0,9536.0,20128.0,35730.0,3.9,2023
MLA-0191,Litigation,Partner_Setlhabi,Associate_13,CLT-034,Government / Parastatal,Maun,2020-09-23,2021-03-31,Completed,189,177.1,159.3,0.9,2800,495930.0,446137.0,61980.0,111534.0,49793.0,,2020
MLA-0192,Mining & Resources,Partner_Molao,Associate_13,CLT-021,Large Corporate,Gaborone,2024-03-13,2024-12-04,Completed,266,159.7,132.5,0.83,3800,606832.0,503468.0,71175.0,0.0,103365.0,,2024
MLA-0193,Employment Law,Partner_Mmolawa,Associate_04,CLT-104,Government / Parastatal,Gaborone,2018-06-24,2018-07-25,Active,31,10.7,7.2,0.678,2200,23514.0,15937.0,2231.0,0.0,7577.0,,2018
MLA-0194,Litigation,Partner_Gaobuse,Associate_18,CLT-051,Large Corporate,Francistown,2018-05-15,2019-10-14,Active,517,207.0,160.8,0.777,2800,579535.0,450278.0,23430.0,0.0,129257.0,,2018
MLA-0195,Commercial Law,Partner_Mmolawa,Associate_03,CLT-010,Mining Company,Gaborone,2024-04-28,2024-08-16,Active,110,77.6,52.8,0.68,3200,248292.0,168906.0,16990.0,84453.0,79386.0,,2024
MLA-0196,Litigation,Partner_Setlhabi,Associate_03,CLT-041,High-Net-Worth Individual,Francistown,2021-11-17,2023-05-06,Completed,535,155.3,103.9,0.669,2800,434704.0,290908.0,46262.0,0.0,143796.0,,2021
MLA-0197,Regulatory & Compliance,Partner_Mmolawa,Associate_11,CLT-001,Financial Institution,Francistown,2021-01-24,2021-05-17,Completed,113,90.5,73.0,0.807,2600,235223.0,189907.0,15128.0,0.0,45316.0,3.1,2021
MLA-0198,Commercial Law,Partner_Molao,Associate_13,CLT-003,Mining Company,Gaborone,2024-12-08,2025-03-15,Completed,97,37.2,29.1,0.782,3200,119066.0,93107.0,5545.0,0.0,25959.0,3.3,2024
MLA-0199,Mining & Resources,Partner_Thapelo,Associate_13,CLT-011,Large Corporate,Gaborone,2019-03-13,2019-10-21,Active,222,100.4,70.6,0.703,3800,381681.0,268450.0,28943.0,67113.0,113230.0,,2019
MLA-0200,Commercial Law,Partner_Molao,Associate_14,CLT-032,Large Corporate,Gaborone,2024-03-22,2024-08-19,Completed,150,52.8,44.3,0.839,3200,169037.0,141870.0,8746.0,0.0,27167.0,4.4,2024
MLA-0201,Mining & Resources,Partner_Molao,Associate_10,CLT-027,SME,Gaborone,2018-12-13,2020-04-03,Completed,477,199.4,178.6,0.895,3800,757879.0,678574.0,121502.0,0.0,79305.0,3.9,2018
MLA-0202,Employment Law,Partner_Mmolawa,Associate_09,CLT-010,Mining Company,Gaborone,2023-07-13,2023-11-18,Completed,128,38.4,25.3,0.658,2200,84525.0,55630.0,4777.0,0.0,28895.0,,2023
MLA-0203,Litigation,Partner_Mmolawa,Associate_20,CLT-059,SME,Gaborone,2023-02-19,2023-07-09,Completed,140,166.4,108.0,0.649,2800,465938.0,302409.0,52422.0,0.0,163530.0,,2023
MLA-0204,Mining & Resources,Partner_Thapelo,Associate_11,CLT-029,Mining Company,Francistown,2024-08-31,2025-03-13,Completed,194,186.7,133.4,0.715,3800,709370.0,506995.0,87784.0,0.0,202375.0,2.5,2024
MLA-0205,Regulatory & Compliance,Partner_Gaobuse,Associate_10,CLT-078,Financial Institution,Gaborone,2023-07-05,2024-04-05,Completed,275,86.1,85.4,0.992,2600,223783.0,222038.0,20509.0,0.0,1746.0,,2023
MLA-0206,Litigation,Partner_Setlhabi,Associate_19,CLT-120,Large Corporate,Gaborone,2020-01-07,2020-10-27,Completed,294,71.5,58.9,0.824,2800,200117.0,164836.0,28663.0,0.0,35280.0,,2020
MLA-0207,Property & Conveyancing,Partner_Gaobuse,Associate_03,CLT-092,Financial Institution,Maun,2022-08-03,2022-09-19,Completed,47,21.6,19.7,0.912,1800,38923.0,35487.0,3171.0,0.0,3436.0,3.0,2022
MLA-0208,Property & Conveyancing,Partner_Gaobuse,Associate_15,CLT-119,High-Net-Worth Individual,Gaborone,2023-05-17,2023-07-15,Completed,59,19.5,17.3,0.887,1800,35159.0,31185.0,5303.0,15592.0,3975.0,2.8,2023
MLA-0209,Commercial Law,Partner_Thapelo,Associate_20,CLT-063,Large Corporate,Francistown,2018-12-15,2019-03-13,Completed,88,93.0,65.9,0.708,3200,297747.0,210772.0,28751.0,0.0,86975.0,,2018
MLA-0210,Property & Conveyancing,Partner_Gaobuse,Associate_13,CLT-115,SME,Francistown,2021-09-20,2021-10-27,Completed,37,25.7,25.4,0.992,1800,46185.0,45799.0,2353.0,0.0,386.0,3.0,2021
MLA-0211,Property & Conveyancing,Partner_Gaobuse,Associate_19,CLT-008,Large Corporate,Francistown,2022-03-13,2022-05-22,Completed,70,35.4,29.6,0.835,1800,63725.0,53196.0,6730.0,0.0,10529.0,2.7,2022
MLA-0212,Commercial Law,Partner_Molao,Associate_14,CLT-108,SME,Gaborone,2018-12-18,2019-04-14,Active,117,88.0,64.6,0.735,3200,281456.0,206770.0,14147.0,0.0,74687.0,,2018
MLA-0213,Property & Conveyancing,Partner_Gaobuse,Associate_16,CLT-016,Large Corporate,Francistown,2019-02-04,2019-04-16,Completed,71,11.6,9.9,0.848,1800,20952.0,17759.0,1624.0,0.0,3193.0,,2019
MLA-0214,Commercial Law,Partner_Molao,Associate_06,CLT-109,High-Net-Worth Individual,Gaborone,2020-09-26,2021-01-14,Completed,110,65.3,54.9,0.84,3200,208918.0,175538.0,16330.0,0.0,33380.0,3.3,2020
MLA-0215,Mining & Resources,Partner_Thapelo,Associate_06,CLT-063,Large Corporate,Francistown,2022-11-06,2023-02-18,Completed,104,73.7,57.5,0.781,3800,279901.0,218568.0,36021.0,0.0,61334.0,3.8,2022
MLA-0216,Commercial Law,Partner_Molao,Associate_09,CLT-081,Financial Institution,Maun,2018-09-14,2018-11-10,Completed,57,92.7,79.4,0.856,3200,296726.0,254122.0,30443.0,0.0,42604.0,4.2,2018
MLA-0217,Commercial Law,Partner_Molao,Associate_16,CLT-045,Financial Institution,Maun,2021-07-07,2021-10-02,Completed,87,35.6,30.6,0.862,3200,113823.0,98070.0,12387.0,0.0,15753.0,,2021
MLA-0218,Employment Law,Partner_Gaobuse,Associate_20,CLT-055,Financial Institution,Gaborone,2019-07-03,2019-09-17,Completed,76,31.7,25.8,0.813,2200,69713.0,56712.0,3698.0,0.0,13002.0,3.4,2019
MLA-0219,Litigation,Partner_Setlhabi,Associate_19,CLT-022,Government / Parastatal,Gaborone,2020-01-31,2020-08-21,Completed,203,97.8,75.9,0.776,2800,273951.0,212510.0,36018.0,106255.0,61442.0,4.5,2020
MLA-0220,Commercial Law,Partner_Molao,Associate_06,CLT-011,Large Corporate,Gaborone,2023-01-22,2023-05-22,Active,120,67.8,58.9,0.868,3200,217080.0,188322.0,32719.0,0.0,28758.0,,2023
MLA-0221,Commercial Law,Partner_Molao,Associate_18,CLT-041,High-Net-Worth Individual,Francistown,2023-07-21,2023-11-07,Completed,109,51.4,41.7,0.812,3200,164452.0,133537.0,19005.0,0.0,30915.0,4.8,2023
MLA-0222,Property & Conveyancing,Partner_Setlhabi,Associate_10,CLT-002,Large Corporate,Francistown,2020-07-09,2020-08-08,Completed,30,5.0,3.9,0.788,1800,9000.0,7094.0,776.0,1774.0,1906.0,,2020
MLA-0223,Property & Conveyancing,Partner_Gaobuse,Associate_04,CLT-009,Government / Parastatal,Gaborone,2024-02-03,2024-03-27,Completed,53,33.7,32.1,0.953,1800,60580.0,57718.0,9058.0,0.0,2862.0,,2024
MLA-0224,Property & Conveyancing,Partner_Molao,Associate_08,CLT-010,Mining Company,Gaborone,2018-05-13,2018-06-16,Completed,34,31.6,26.0,0.823,1800,56947.0,46852.0,7317.0,0.0,10095.0,,2018
MLA-0225,Mining & Resources,Partner_Thapelo,Associate_19,CLT-071,SME,Maun,2024-11-04,,Active,147,206.1,173.4,0.841,3800,783033.0,658810.0,47156.0,0.0,124223.0,,2024
MLA-0226,Commercial Law,Partner_Molao,Associate_02,CLT-052,Government / Parastatal,Maun,2023-12-21,2024-03-29,Completed,99,119.7,93.2,0.778,3200,383173.0,298188.0,27456.0,74547.0,84985.0,4.0,2023
MLA-0227,Litigation,Partner_Molao,Associate_05,CLT-115,SME,Francistown,2022-08-13,2023-02-22,On Hold,193,119.8,113.4,0.947,2800,335490.0,317560.0,51672.0,0.0,17930.0,,2022
MLA-0228,Mining & Resources,Partner_Thapelo,Associate_11,CLT-093,Large Corporate,Gaborone,2022-05-28,2023-05-10,Completed,347,169.7,136.6,0.805,3800,644940.0,519055.0,44085.0,0.0,125884.0,3.5,2022
MLA-0229,Employment Law,Partner_Molao,Associate_13,CLT-043,Mining Company,Maun,2021-02-13,2021-07-09,Active,146,60.6,53.8,0.887,2200,133272.0,118266.0,12904.0,0.0,15006.0,,2021
MLA-0230,Property & Conveyancing,Partner_Molao,Associate_15,CLT-062,Large Corporate,Francistown,2022-01-07,2022-02-15,Completed,39,36.5,33.9,0.928,1800,65767.0,61060.0,6210.0,61060.0,4707.0,,2022
MLA-0231,Property & Conveyancing,Partner_Gaobuse,Associate_10,CLT-015,Government / Parastatal,Francistown,2024-06-25,2024-08-12,Active,48,39.8,30.4,0.764,1800,71589.0,54669.0,8336.0,27335.0,16920.0,,2024
MLA-0232,Mining & Resources,Partner_Thapelo,Associate_15,CLT-001,Financial Institution,Francistown,2019-10-10,2020-04-06,Completed,179,57.3,45.4,0.793,3800,217859.0,172659.0,30137.0,0.0,45200.0,,2019
MLA-0233,Commercial Law,Partner_Molao,Associate_06,CLT-100,High-Net-Worth Individual,Gaborone,2021-01-27,2021-04-14,Completed,77,29.3,21.4,0.729,3200,93901.0,68420.0,4154.0,17105.0,25481.0,,2021
MLA-0234,Commercial Law,Partner_Molao,Associate_08,CLT-029,Mining Company,Francistown,2019-01-09,2019-06-08,Completed,150,85.5,76.1,0.89,3200,273753.0,243579.0,27277.0,0.0,30174.0,4.0,2019
MLA-0235,Employment Law,Partner_Mmolawa,Associate_11,CLT-091,SME,Gaborone,2022-09-26,2023-01-10,Completed,106,50.8,39.9,0.786,2200,111721.0,87858.0,7008.0,0.0,23863.0,,2022
MLA-0236,Commercial Law,Partner_Molao,Associate_10,CLT-005,Large Corporate,Gaborone,2019-06-30,2019-10-06,Completed,98,19.2,16.8,0.873,3200,61500.0,53713.0,3163.0,0.0,7787.0,,2019
MLA-0237,Commercial Law,Partner_Molao,Associate_07,CLT-061,Large Corporate,Gaborone,2019-09-13,2019-10-19,Completed,36,107.9,102.2,0.947,3200,345386.0,327030.0,35159.0,0.0,18357.0,,2019
MLA-0238,Commercial Law,Partner_Molao,Associate_13,CLT-017,SME,Francistown,2022-10-25,2023-02-04,Completed,102,119.0,93.7,0.787,3200,380885.0,299768.0,25782.0,0.0,81118.0,3.5,2022
MLA-0239,Employment Law,Partner_Mmolawa,Associate_01,CLT-096,Government / Parastatal,Francistown,2021-05-20,2021-10-19,Completed,152,67.2,45.2,0.672,2200,147798.0,99331.0,7403.0,0.0,48467.0,,2021
MLA-0240,Mining & Resources,Partner_Setlhabi,Associate_16,CLT-022,Government / Parastatal,Gaborone,2020-09-14,2021-08-09,Completed,329,212.7,165.7,0.779,3800,808376.0,629642.0,74724.0,629642.0,178734.0,,2020
MLA-0241,Regulatory & Compliance,Partner_Setlhabi,Associate_13,CLT-098,High-Net-Worth Individual,Maun,2024-05-17,2024-08-04,Completed,79,54.5,41.4,0.76,2600,141829.0,107724.0,7806.0,0.0,34105.0,,2024
MLA-0242,Commercial Law,Partner_Molao,Associate_01,CLT-009,Government / Parastatal,Gaborone,2018-06-13,2018-08-11,Active,59,109.7,103.9,0.948,3200,351048.0,332639.0,33842.0,0.0,18409.0,,2018
MLA-0243,Employment Law,Partner_Mmolawa,Associate_13,CLT-003,Mining Company,Gaborone,2024-01-07,2024-03-11,Completed,64,56.4,42.3,0.75,2200,124031.0,93000.0,5661.0,0.0,31031.0,,2024
MLA-0244,Regulatory & Compliance,Partner_Setlhabi,Associate_18,CLT-013,SME,Gaborone,2024-07-30,2024-12-13,Active,136,75.9,61.6,0.812,2600,197332.0,160240.0,22199.0,0.0,37091.0,,2024
MLA-0245,Employment Law,Partner_Mmolawa,Associate_08,CLT-002,Large Corporate,Francistown,2018-12-20,2019-02-21,Completed,63,75.0,63.0,0.84,2200,164940.0,138609.0,17964.0,0.0,26331.0,,2018
MLA-0246,Employment Law,Partner_Mmolawa,Associate_01,CLT-074,SME,Gaborone,2018-02-16,2018-04-05,On Hold,48,49.8,33.0,0.662,2200,109571.0,72573.0,8563.0,18143.0,36998.0,,2018
MLA-0247,Employment Law,Partner_Mmolawa,Associate_05,CLT-080,Large Corporate,Gaborone,2021-01-05,2021-04-07,Completed,92,46.4,36.9,0.796,2200,102184.0,81288.0,13574.0,0.0,20896.0,4.3,2021
MLA-0248,Property & Conveyancing,Partner_Gaobuse,Associate_19,CLT-061,Large Corporate,Gaborone,2023-07-26,2023-10-12,Completed,78,19.0,16.2,0.852,1800,34133.0,29091.0,3344.0,0.0,5043.0,4.3,2023
MLA-0249,Litigation,Partner_Setlhabi,Associate_19,CLT-068,Large Corporate,Gaborone,2019-04-18,2020-06-11,Completed,420,160.3,114.1,0.712,2800,448723.0,319575.0,17808.0,159788.0,129148.0,3.0,2019
MLA-0250,Property & Conveyancing,Partner_Gaobuse,Associate_05,CLT-006,Large Corporate,Gaborone,2018-05-25,2018-06-10,Active,16,15.8,13.9,0.879,1800,28444.0,25001.0,3657.0,0.0,3444.0,,2018
MLA-0251,Litigation,Partner_Setlhabi,Associate_11,CLT-009,Government / Parastatal,Gaborone,2018-11-16,2019-09-14,Completed,302,213.3,169.9,0.797,2800,597257.0,475774.0,65434.0,0.0,121483.0,3.8,2018
MLA-0252,Property & Conveyancing,Partner_Gaobuse,Associate_13,CLT-003,Mining Company,Gaborone,2023-03-21,2023-04-22,Completed,32,30.7,29.7,0.964,1800,55339.0,53370.0,4824.0,0.0,1969.0,5.0,2023
MLA-0253,Litigation,Partner_Setlhabi,Associate_10,CLT-079,SME,Francistown,2020-09-20,2021-05-28,Completed,250,146.3,112.7,0.77,2800,409729.0,315543.0,36015.0,78886.0,94186.0,4.3,2020
MLA-0254,Regulatory & Compliance,Partner_Setlhabi,Associate_05,CLT-001,Financial Institution,Francistown,2022-08-07,2022-12-15,Completed,130,75.9,50.3,0.662,2600,197452.0,130690.0,17339.0,32672.0,66762.0,2.9,2022
MLA-0255,Litigation,Partner_Mmolawa,Associate_10,CLT-004,Government / Parastatal,Gaborone,2023-12-11,2025-02-03,Completed,420,163.1,139.3,0.854,2800,456685.0,390032.0,68238.0,390032.0,66654.0,4.7,2023
MLA-0256,Litigation,Partner_Setlhabi,Associate_08,CLT-104,Government / Parastatal,Gaborone,2023-10-30,2024-05-07,Active,190,218.1,165.2,0.758,2800,610585.0,462587.0,50699.0,115647.0,147999.0,,2023
MLA-0257,Property & Conveyancing,Partner_Gaobuse,Associate_13,CLT-003,Mining Company,Gaborone,2024-05-14,2024-07-08,Completed,55,18.3,13.6,0.745,1800,32943.0,24543.0,1644.0,0.0,8400.0,,2024
MLA-0258,Regulatory & Compliance,Partner_Mmolawa,Associate_11,CLT-011,Large Corporate,Gaborone,2021-01-18,2021-07-09,Active,172,66.3,45.0,0.679,2600,172296.0,116931.0,7916.0,29233.0,55365.0,,2021
MLA-0259,Commercial Law,Partner_Molao,Associate_15,CLT-035,Financial Institution,Francistown,2022-07-24,2022-12-16,Completed,145,34.6,25.5,0.736,3200,110877.0,81592.0,12251.0,0.0,29286.0,3.4,2022
MLA-0260,Mining & Resources,Partner_Thapelo,Associate_10,CLT-093,Large Corporate,Gaborone,2024-10-07,,Active,175,170.1,117.4,0.69,3800,646450.0,446234.0,70804.0,0.0,200216.0,,2024
MLA-0261,Commercial Law,Partner_Molao,Associate_12,CLT-024,Large Corporate,Gaborone,2018-07-20,2018-11-16,Completed,119,35.8,31.6,0.883,3200,114458.0,101041.0,18065.0,0.0,13417.0,3.9,2018
MLA-0262,Property & Conveyancing,Partner_Gaobuse,Associate_08,CLT-004,Government / Parastatal,Gaborone,2019-02-22,2019-03-22,Completed,28,15.4,14.6,0.947,1800,27645.0,26193.0,1350.0,6548.0,1452.0,,2019
MLA-0263,Commercial Law,Partner_Gaobuse,Associate_03,CLT-054,Government / Parastatal,Gaborone,2020-11-26,2021-06-09,Completed,195,75.0,73.4,0.978,3200,240033.0,234863.0,42189.0,0.0,5171.0,,2020
MLA-0264,Mining & Resources,Partner_Thapelo,Associate_11,CLT-004,Government / Parastatal,Gaborone,2023-03-04,2023-07-01,Active,119,181.8,126.0,0.693,3800,690949.0,478767.0,50898.0,119692.0,212182.0,,2023
MLA-0265,Property & Conveyancing,Partner_Gaobuse,Associate_14,CLT-006,Large Corporate,Gaborone,2020-05-29,2020-07-20,Completed,52,25.6,25.0,0.976,1800,46065.0,44958.0,4855.0,0.0,1107.0,,2020
MLA-0266,Employment Law,Partner_Mmolawa,Associate_16,CLT-026,Government / Parastatal,Gaborone,2024-03-05,2024-05-22,Completed,78,5.0,3.7,0.736,2200,11000.0,8097.0,808.0,0.0,2903.0,,2024
MLA-0267,Mining & Resources,Partner_Thapelo,Associate_18,CLT-088,SME,Francistown,2022-04-16,2023-05-04,Completed,383,183.8,161.7,0.879,3800,698571.0,614316.0,74202.0,0.0,84256.0,,2022
MLA-0268,Property & Conveyancing,Partner_Gaobuse,Associate_06,CLT-001,Financial Institution,Francistown,2024-09-11,2024-12-04,Active,84,46.1,36.3,0.788,1800,83016.0,65399.0,9889.0,0.0,17617.0,,2024
MLA-0269,Regulatory & Compliance,Partner_Thapelo,Associate_12,CLT-083,Large Corporate,Gaborone,2020-08-11,2020-10-16,Completed,66,58.9,54.7,0.928,2600,153095.0,142128.0,19243.0,0.0,10967.0,,2020
MLA-0270,Regulatory & Compliance,Partner_Molao,Associate_08,CLT-053,Mining Company,Francistown,2022-05-10,2022-09-09,Active,122,123.5,98.5,0.798,2600,321214.0,256222.0,40965.0,0.0,64992.0,,2022
MLA-0271,Property & Conveyancing,Partner_Gaobuse,Associate_19,CLT-001,Financial Institution,Francistown,2021-12-11,2022-02-06,Completed,57,28.1,27.8,0.987,1800,50646.0,49971.0,6157.0,0.0,674.0,,2021
MLA-0272,Regulatory & Compliance,Partner_Mmolawa,Associate_18,CLT-010,Mining Company,Gaborone,2023-07-02,2023-10-23,Completed,113,69.5,44.0,0.633,2600,180717.0,114373.0,14664.0,0.0,66344.0,3.1,2023
MLA-0273,Litigation,Partner_Setlhabi,Associate_05,CLT-015,Government / Parastatal,Francistown,2019-12-28,2020-08-20,Active,236,113.2,99.8,0.882,2800,316971.0,279575.0,25739.0,0.0,37396.0,,2019
MLA-0274,Property & Conveyancing,Partner_Molao,Associate_17,CLT-098,High-Net-Worth Individual,Maun,2018-10-25,2018-11-26,Active,32,22.7,18.2,0.803,1800,40814.0,32758.0,3323.0,0.0,8056.0,,2018
MLA-0275,Litigation,Partner_Setlhabi,Associate_06,CLT-078,Financial Institution,Gaborone,2022-11-25,2023-06-28,On Hold,215,145.2,123.5,0.851,2800,406602.0,345934.0,46491.0,0.0,60668.0,,2022
MLA-0276,Regulatory & Compliance,Partner_Thapelo,Associate_12,CLT-008,Large Corporate,Francistown,2024-08-09,2024-08-23,Completed,14,99.2,88.1,0.888,2600,257961.0,228988.0,33299.0,0.0,28973.0,4.6,2024
MLA-0277,Commercial Law,Partner_Molao,Associate_19,CLT-023,Government / Parastatal,Gaborone,2024-05-13,2024-05-28,Completed,15,122.1,87.0,0.713,3200,390627.0,278341.0,47244.0,278341.0,112286.0,3.3,2024
MLA-0278,Property & Conveyancing,Partner_Setlhabi,Associate_11,CLT-080,Large Corporate,Gaborone,2020-09-01,2020-09-20,Completed,19,24.4,18.1,0.741,1800,43848.0,32505.0,4314.0,32505.0,11343.0,,2020
MLA-0279,Employment Law,Partner_Mmolawa,Associate_11,CLT-032,Large Corporate,Gaborone,2020-12-22,2021-02-04,Completed,44,40.0,26.9,0.673,2200,88059.0,59270.0,5664.0,14817.0,28790.0,,2020
MLA-0280,Commercial Law,Partner_Molao,Associate_14,CLT-116,SME,Francistown,2022-08-23,2022-12-24,Completed,123,137.1,114.4,0.834,3200,438816.0,366049.0,44286.0,0.0,72767.0,4.7,2022
MLA-0281,Mining & Resources,Partner_Thapelo,Associate_08,CLT-006,Large Corporate,Gaborone,2018-10-29,2019-04-11,Completed,164,250.5,221.4,0.884,3800,951965.0,841341.0,44263.0,0.0,110623.0,3.4,2018
MLA-0282,Litigation,Partner_Setlhabi,Associate_03,CLT-048,Large Corporate,Francistown,2019-01-17,2019-05-19,On Hold,122,164.0,121.2,0.739,2800,459142.0,339368.0,56376.0,84842.0,119774.0,,2019
MLA-0283,Property & Conveyancing,Partner_Gaobuse,Associate_20,CLT-103,Government / Parastatal,Gaborone,2019-10-06,2019-11-27,Completed,52,35.0,26.0,0.743,1800,62977.0,46768.0,8263.0,0.0,16209.0,2.8,2019
MLA-0284,Regulatory & Compliance,Partner_Thapelo,Associate_09,CLT-066,Mining Company,Gaborone,2021-05-03,2021-09-21,Completed,141,81.2,60.1,0.741,2600,211053.0,156301.0,19433.0,39075.0,54753.0,3.2,2021
MLA-0285,Litigation,Partner_Setlhabi,Associate_10,CLT-092,Financial Institution,Maun,2025-01-04,,Active,86,196.8,158.2,0.804,2800,551060.0,442861.0,33639.0,0.0,108199.0,,2025
MLA-0286,Commercial Law,Partner_Molao,Associate_03,CLT-036,Large Corporate,Francistown,2019-04-19,2019-08-08,Completed,111,103.3,81.2,0.785,3200,330637.0,259684.0,29496.0,64921.0,70953.0,3.6,2019
MLA-0287,Property & Conveyancing,Partner_Gaobuse,Associate_13,CLT-020,Mining Company,Gaborone,2022-12-31,2023-01-29,Completed,29,31.2,23.1,0.74,1800,56153.0,41563.0,3501.0,10391.0,14590.0,3.7,2022
MLA-0288,Commercial Law,Partner_Molao,Associate_04,CLT-003,Mining Company,Gaborone,2021-11-09,2022-01-19,Completed,71,79.5,72.9,0.917,3200,254397.0,233374.0,34619.0,0.0,21024.0,4.5,2021
MLA-0289,Litigation,Partner_Setlhabi,Associate_18,CLT-070,High-Net-Worth Individual,Gaborone,2023-04-29,2023-08-11,Completed,104,105.5,84.1,0.797,2800,295364.0,235372.0,20913.0,0.0,59992.0,,2023
MLA-0290,Commercial Law,Partner_Molao,Associate_17,CLT-089,Government / Parastatal,Gaborone,2024-12-15,,Active,106,38.7,28.7,0.743,3200,123809.0,91981.0,15950.0,0.0,31828.0,,2024
MLA-0291,Regulatory & Compliance,Partner_Setlhabi,Associate_07,CLT-090,Mining Company,Gaborone,2019-06-01,2019-12-22,Completed,204,35.9,23.9,0.666,2600,93263.0,62159.0,8628.0,0.0,31103.0,,2019
MLA-0292,Commercial Law,Partner_Molao,Associate_11,CLT-106,Government / Parastatal,Gaborone,2018-10-02,2019-03-02,Completed,151,23.1,16.8,0.727,3200,73800.0,53651.0,6533.0,26826.0,20149.0,3.6,2018
MLA-0293,Regulatory & Compliance,Partner_Molao,Associate_20,CLT-055,Financial Institution,Gaborone,2022-09-15,2022-12-17,Completed,93,62.8,46.1,0.734,2600,163279.0,119799.0,14814.0,0.0,43480.0,,2022
MLA-0294,Commercial Law,Partner_Molao,Associate_04,CLT-086,Financial Institution,Gaborone,2024-01-03,2024-03-31,Active,88,96.9,90.7,0.936,3200,309998.0,290268.0,24481.0,72567.0,19730.0,,2024
MLA-0295,Property & Conveyancing,Partner_Gaobuse,Associate_06,CLT-009,Government / Parastatal,Gaborone,2019-08-13,2019-10-13,Completed,61,38.8,34.8,0.897,1800,69862.0,62651.0,6404.0,0.0,7211.0,,2019
MLA-0296,Employment Law,Partner_Mmolawa,Associate_16,CLT-108,SME,Gaborone,2022-03-06,2022-05-13,Active,68,57.9,36.4,0.629,2200,127365.0,80079.0,7159.0,0.0,47286.0,,2022
MLA-0297,Property & Conveyancing,Partner_Gaobuse,Associate_04,CLT-116,SME,Francistown,2020-07-22,2020-09-25,On Hold,65,27.4,21.0,0.765,1800,49395.0,37772.0,4064.0,9443.0,11623.0,,2020
MLA-0298,Litigation,Partner_Setlhabi,Associate_03,CLT-007,Government / Parastatal,Francistown,2020-05-15,2020-09-02,Completed,110,56.2,49.5,0.881,2800,157365.0,138592.0,15658.0,0.0,18773.0,4.3,2020
MLA-0299,Commercial Law,Partner_Molao,Associate_10,CLT-074,SME,Gaborone,2022-07-11,2022-10-02,Active,83,90.1,66.6,0.74,3200,288266.0,213263.0,35042.0,0.0,75004.0,,2022
MLA-0300,Commercial Law,Partner_Molao,Associate_08,CLT-002,Large Corporate,Francistown,2018-07-27,2018-11-06,Completed,102,85.5,81.0,0.946,3200,273755.0,259071.0,22181.0,64768.0,14684.0,3.4,2018
MLA-0301,Employment Law,Partner_Mmolawa,Associate_01,CLT-008,Large Corporate,Francistown,2023-06-26,2023-09-20,Completed,86,40.0,30.5,0.763,2200,88039.0,67174.0,10960.0,0.0,20865.0,3.1,2023
MLA-0302,Commercial Law,Partner_Molao,Associate_10,CLT-001,Financial Institution,Francistown,2018-07-23,2018-08-20,Completed,28,97.1,72.6,0.747,3200,310866.0,232219.0,40740.0,116109.0,78647.0,,2018
MLA-0303,Employment Law,Partner_Mmolawa,Associate_14,CLT-043,Mining Company,Maun,2018-02-06,2018-05-12,Completed,95,74.8,55.0,0.735,2200,164585.0,120960.0,8772.0,30240.0,43625.0,3.7,2018
MLA-0304,Employment Law,Partner_Gaobuse,Associate_14,CLT-104,Government / Parastatal,Gaborone,2021-11-29,2022-05-21,Completed,173,73.9,63.1,0.853,2200,162617.0,138762.0,12389.0,0.0,23855.0,,2021
MLA-0305,Property & Conveyancing,Partner_Gaobuse,Associate_12,CLT-050,Large Corporate,Maun,2024-08-29,2024-09-13,Completed,15,37.9,33.9,0.894,1800,68293.0,61073.0,3912.0,0.0,7221.0,,2024
MLA-0306,Employment Law,Partner_Gaobuse,Associate_10,CLT-007,Government / Parastatal,Francistown,2023-10-20,2024-01-06,Active,78,30.4,28.5,0.937,2200,66810.0,62599.0,9684.0,15650.0,4211.0,,2023
MLA-0307,Employment Law,Partner_Mmolawa,Associate_05,CLT-076,High-Net-Worth Individual,Gaborone,2023-07-31,2023-11-04,Completed,96,55.5,47.6,0.857,2200,122105.0,104694.0,10931.0,0.0,17411.0,3.3,2023
MLA-0308,Employment Law,Partner_Mmolawa,Associate_07,CLT-015,Government / Parastatal,Francistown,2020-06-29,2020-08-23,Completed,55,58.6,46.0,0.785,2200,128910.0,101142.0,11312.0,50571.0,27767.0,3.4,2020
MLA-0309,Litigation,Partner_Setlhabi,Associate_18,CLT-006,Large Corporate,Gaborone,2019-02-04,2019-07-05,Completed,151,71.1,54.9,0.772,2800,199006.0,153595.0,22160.0,0.0,45411.0,,2019
MLA-0310,Regulatory & Compliance,Partner_Gaobuse,Associate_03,CLT-008,Large Corporate,Francistown,2020-07-03,2020-10-06,Completed,95,34.2,31.9,0.931,2600,89048.0,82919.0,12641.0,0.0,6129.0,4.1,2020
MLA-0311,Litigation,Partner_Mmolawa,Associate_02,CLT-099,Large Corporate,Gaborone,2024-07-18,,Active,256,93.5,71.0,0.76,2800,261742.0,198870.0,25989.0,0.0,62872.0,,2024
MLA-0312,Commercial Law,Partner_Molao,Associate_13,CLT-045,Financial Institution,Maun,2022-08-20,2022-11-24,Active,96,99.7,71.6,0.718,3200,318964.0,229103.0,15546.0,0.0,89861.0,,2022
MLA-0313,Litigation,Partner_Setlhabi,Associate_15,CLT-005,Large Corporate,Gaborone,2020-01-09,2020-11-11,Completed,307,97.9,83.0,0.848,2800,274233.0,232446.0,30691.0,0.0,41788.0,,2020
MLA-0314,Commercial Law,Partner_Molao,Associate_06,CLT-053,Mining Company,Francistown,2019-10-11,2020-01-13,Completed,94,67.9,56.6,0.833,3200,217199.0,180981.0,11120.0,0.0,36218.0,,2019
MLA-0315,Litigation,Partner_Mmolawa,Associate_01,CLT-002,Large Corporate,Francistown,2020-03-27,2020-11-12,On Hold,230,265.4,211.0,0.795,2800,743244.0,590860.0,98060.0,147715.0,152384.0,,2020
MLA-0316,Property & Conveyancing,Partner_Gaobuse,Associate_01,CLT-061,Large Corporate,Gaborone,2020-10-16,2020-11-27,Active,42,39.3,31.0,0.79,1800,70673.0,55816.0,5055.0,0.0,14858.0,,2020
MLA-0317,Property & Conveyancing,Partner_Gaobuse,Associate_03,CLT-092,Financial Institution,Maun,2021-05-06,2021-08-13,Completed,99,27.7,27.3,0.987,1800,49783.0,49132.0,5780.0,0.0,651.0,3.0,2021
MLA-0318,Employment Law,Partner_Mmolawa,Associate_16,CLT-018,Government / Parastatal,Gaborone,2020-02-11,2020-05-23,Active,102,89.9,59.6,0.663,2200,197757.0,131031.0,20383.0,0.0,66727.0,,2020
MLA-0319,Litigation,Partner_Setlhabi,Associate_01,CLT-055,Financial Institution,Gaborone,2019-11-24,2020-09-19,Completed,300,112.4,77.2,0.686,2800,314830.0,216067.0,33053.0,0.0,98763.0,,2019
MLA-0320,Mining & Resources,Partner_Thapelo,Associate_20,CLT-120,Large Corporate,Gaborone,2019-03-19,2020-03-27,Completed,374,268.1,227.0,0.847,3800,1018699.0,862492.0,120462.0,0.0,156208.0,2.7,2019
MLA-0321,Property & Conveyancing,Partner_Gaobuse,Associate_05,CLT-007,Government / Parastatal,Francistown,2025-01-25,2025-03-18,Completed,52,20.9,15.2,0.731,1800,37573.0,27449.0,1733.0,0.0,10124.0,,2025
MLA-0322,Employment Law,Partner_Mmolawa,Associate_04,CLT-042,Financial Institution,Gaborone,2024-12-05,2025-03-14,Completed,99,53.6,34.9,0.652,2200,117848.0,76784.0,4900.0,0.0,41064.0,3.6,2024
MLA-0323,Litigation,Partner_Setlhabi,Associate_07,CLT-018,Government / Parastatal,Gaborone,2022-08-06,2023-05-09,Completed,276,74.6,54.3,0.729,2800,208791.0,152137.0,17424.0,0.0,56654.0,,2022
MLA-0324,Litigation,Partner_Setlhabi,Associate_03,CLT-106,Government / Parastatal,Gaborone,2024-06-09,2025-03-29,Completed,293,169.9,139.4,0.821,2800,475772.0,390409.0,24092.0,0.0,85363.0,,2024
MLA-0325,Commercial Law,Partner_Molao,Associate_08,CLT-034,Government / Parastatal,Maun,2021-04-27,2021-08-25,Completed,120,117.2,90.6,0.774,3200,374890.0,290064.0,45167.0,145032.0,84827.0,,2021
MLA-0326,Litigation,Partner_Setlhabi,Associate_14,CLT-079,SME,Francistown,2019-01-25,2019-09-15,Active,233,162.5,140.6,0.865,2800,455000.0,393760.0,20183.0,0.0,61240.0,,2019
MLA-0327,Employment Law,Partner_Mmolawa,Associate_15,CLT-113,Government / Parastatal,Francistown,2021-01-03,2021-04-06,Completed,93,23.0,19.1,0.83,2200,50658.0,42024.0,6553.0,0.0,8634.0,3.9,2021
MLA-0328,Regulatory & Compliance,Partner_Gaobuse,Associate_13,CLT-071,SME,Maun,2023-05-13,2023-07-28,Completed,76,71.2,67.4,0.946,2600,185064.0,175139.0,26901.0,0.0,9925.0,,2023
MLA-0329,Commercial Law,Partner_Setlhabi,Associate_04,CLT-027,SME,Gaborone,2024-08-16,2024-12-21,Completed,127,52.8,40.9,0.775,3200,169083.0,130995.0,14011.0,0.0,38088.0,,2024
MLA-0330,Employment Law,Partner_Setlhabi,Associate_16,CLT-108,SME,Gaborone,2019-04-08,2019-07-18,Completed,101,54.2,47.4,0.874,2200,119325.0,104331.0,6076.0,26083.0,14993.0,3.8,2019
MLA-0331,Mining & Resources,Partner_Thapelo,Associate_19,CLT-076,High-Net-Worth Individual,Gaborone,2020-07-06,2021-08-22,Completed,412,202.1,187.8,0.929,3800,767915.0,713672.0,67070.0,0.0,54243.0,,2020
MLA-0332,Commercial Law,Partner_Molao,Associate_08,CLT-038,Government / Parastatal,Gaborone,2022-04-26,2022-07-28,Active,93,69.6,51.8,0.743,3200,222873.0,165649.0,27492.0,0.0,57224.0,,2022
MLA-0333,Commercial Law,Partner_Thapelo,Associate_16,CLT-097,Financial Institution,Gaborone,2019-11-09,2020-01-22,Completed,74,71.2,49.8,0.699,3200,227991.0,159387.0,12961.0,159387.0,68605.0,3.3,2019
MLA-0334,Litigation,Partner_Setlhabi,Associate_13,CLT-091,SME,Gaborone,2018-11-19,2019-06-01,Active,194,150.9,116.0,0.769,2800,422477.0,324858.0,35167.0,162429.0,97619.0,,2018
MLA-0335,Property & Conveyancing,Partner_Gaobuse,Associate_16,CLT-080,Large Corporate,Gaborone,2018-03-14,2018-04-20,Completed,37,40.3,30.5,0.756,1800,72552.0,54851.0,6715.0,0.0,17701.0,3.3,2018
MLA-0336,Employment Law,Partner_Mmolawa,Associate_10,CLT-103,Government / Parastatal,Gaborone,2024-04-22,2024-08-26,Completed,126,46.5,31.3,0.672,2200,102377.0,68839.0,11947.0,0.0,33539.0,3.6,2024
MLA-0337,Litigation,Partner_Setlhabi,Associate_18,CLT-083,Large Corporate,Gaborone,2024-09-23,2024-12-29,Completed,97,190.6,147.2,0.772,2800,533569.0,412124.0,58962.0,0.0,121445.0,,2024
MLA-0338,Litigation,Partner_Setlhabi,Associate_10,CLT-048,Large Corporate,Francistown,2022-03-12,2023-01-31,Completed,325,153.1,126.9,0.829,2800,428639.0,355220.0,25341.0,0.0,73419.0,,2022
MLA-0339,Employment Law,Partner_Mmolawa,Associate_20,CLT-007,Government / Parastatal,Francistown,2019-05-10,2019-09-01,Completed,114,56.6,47.6,0.842,2200,124485.0,104775.0,11464.0,26194.0,19710.0,,2019
MLA-0340,Commercial Law,Partner_Molao,Associate_19,CLT-004,Government / Parastatal,Gaborone,2023-01-20,2023-06-09,Completed,140,69.6,57.4,0.825,3200,222754.0,183717.0,21228.0,183717.0,39038.0,5.0,2023
MLA-0341,Employment Law,Partner_Mmolawa,Associate_14,CLT-095,High-Net-Worth Individual,Gaborone,2023-06-02,2023-08-06,Completed,65,48.0,40.3,0.84,2200,105634.0,88764.0,14941.0,22191.0,16869.0,4.8,2023
MLA-0342,Mining & Resources,Partner_Thapelo,Associate_20,CLT-057,Large Corporate,Gaborone,2021-08-11,2022-04-05,Completed,237,310.6,251.1,0.809,3800,1180166.0,954221.0,169217.0,477111.0,225945.0,,2021
MLA-0343,Litigation,Partner_Gaobuse,Associate_15,CLT-089,Government / Parastatal,Gaborone,2019-07-20,2020-04-21,Completed,276,119.4,100.4,0.841,2800,334350.0,281082.0,41402.0,0.0,53269.0,,2019
MLA-0344,Mining & Resources,Partner_Thapelo,Associate_18,CLT-062,Large Corporate,Francistown,2020-04-02,2020-10-08,Completed,189,105.9,77.7,0.733,3800,402376.0,295134.0,41100.0,147567.0,107243.0,2.8,2020
MLA-0345,Employment Law,Partner_Setlhabi,Associate_17,CLT-047,Large Corporate,Maun,2021-08-13,2021-10-30,Completed,78,40.2,33.4,0.831,2200,88484.0,73508.0,9049.0,0.0,14976.0,,2021
MLA-0346,Employment Law,Partner_Mmolawa,Associate_18,CLT-010,Mining Company,Gaborone,2022-09-27,2023-02-03,Completed,129,59.5,48.4,0.813,2200,130919.0,106456.0,5673.0,0.0,24463.0,,2022
MLA-0347,Commercial Law,Partner_Setlhabi,Associate_10,CLT-070,High-Net-Worth Individual,Gaborone,2019-08-23,2019-12-26,Completed,125,55.3,47.7,0.862,3200,176957.0,152623.0,13487.0,38156.0,24334.0,3.7,2019
MLA-0348,Mining & Resources,Partner_Thapelo,Associate_18,CLT-099,Large Corporate,Gaborone,2024-04-17,,Active,348,196.5,153.1,0.779,3800,746843.0,581914.0,67746.0,145479.0,164928.0,,2024
MLA-0349,Employment Law,Partner_Mmolawa,Associate_02,CLT-109,High-Net-Worth Individual,Gaborone,2022-05-07,2022-08-07,Completed,92,33.4,24.1,0.721,2200,73453.0,52994.0,7370.0,52994.0,20458.0,3.6,2022
MLA-0350,Employment Law,Partner_Mmolawa,Associate_15,CLT-093,Large Corporate,Gaborone,2022-02-15,2022-05-15,Completed,89,64.5,51.6,0.801,2200,141855.0,113583.0,14589.0,28396.0,28272.0,,2022
MLA-0351,Litigation,Partner_Setlhabi,Associate_03,CLT-006,Large Corporate,Gaborone,2019-12-13,2020-06-08,Completed,178,260.3,217.8,0.837,2800,728867.0,609938.0,33719.0,0.0,118930.0,3.4,2019
MLA-0352,Commercial Law,Partner_Molao,Associate_11,CLT-035,Financial Institution,Francistown,2019-09-27,2019-12-06,Active,70,66.5,47.5,0.715,3200,212677.0,151967.0,19390.0,37992.0,60710.0,,2019
MLA-0353,Employment Law,Partner_Gaobuse,Associate_16,CLT-087,Mining Company,Gaborone,2024-03-03,2024-08-03,Completed,153,42.7,35.3,0.826,2200,94007.0,77627.0,7089.0,0.0,16380.0,4.4,2024
MLA-0354,Commercial Law,Partner_Molao,Associate_14,CLT-047,Large Corporate,Maun,2022-07-11,2022-09-09,Completed,60,68.0,49.5,0.728,3200,217665.0,158520.0,12323.0,0.0,59145.0,3.8,2022
MLA-0355,Commercial Law,Partner_Thapelo,Associate_16,CLT-120,Large Corporate,Gaborone,2018-02-06,2018-05-29,Completed,112,68.6,48.6,0.709,3200,219428.0,155630.0,12644.0,0.0,63798.0,,2018
MLA-0356,Litigation,Partner_Setlhabi,Associate_11,CLT-022,Government / Parastatal,Gaborone,2019-04-10,2019-07-13,Completed,94,149.9,112.6,0.751,2800,419841.0,315269.0,27355.0,157635.0,104572.0,,2019
MLA-0357,Litigation,Partner_Mmolawa,Associate_16,CLT-002,Large Corporate,Francistown,2020-02-28,2021-04-15,Completed,412,215.8,150.9,0.699,2800,604318.0,422390.0,26389.0,422390.0,181928.0,,2020
MLA-0358,Property & Conveyancing,Partner_Gaobuse,Associate_07,CLT-068,Large Corporate,Gaborone,2020-05-23,2020-07-11,Completed,49,22.0,21.2,0.964,1800,39590.0,38170.0,2424.0,0.0,1420.0,,2020
MLA-0359,Regulatory & Compliance,Partner_Mmolawa,Associate_03,CLT-080,Large Corporate,Gaborone,2019-09-22,2020-02-05,Completed,136,71.5,45.0,0.63,2600,185909.0,117040.0,6428.0,0.0,68868.0,4.0,2019
MLA-0360,Litigation,Partner_Setlhabi,Associate_08,CLT-106,Government / Parastatal,Gaborone,2022-07-28,2023-03-08,Completed,223,238.5,179.2,0.751,2800,667800.0,501822.0,53340.0,0.0,165978.0,,2022
MLA-0361,Property & Conveyancing,Partner_Gaobuse,Associate_20,CLT-003,Mining Company,Gaborone,2024-07-26,2024-08-21,Active,26,20.2,14.9,0.74,1800,36318.0,26891.0,2595.0,0.0,9427.0,,2024
MLA-0362,Litigation,Partner_Setlhabi,Associate_20,CLT-003,Mining Company,Gaborone,2022-11-28,2023-07-22,Active,236,104.2,78.1,0.75,2800,291716.0,218737.0,11813.0,0.0,72979.0,,2022
MLA-0363,Commercial Law,Partner_Molao,Associate_18,CLT-010,Mining Company,Gaborone,2019-08-14,2019-10-24,Active,71,138.4,108.3,0.783,3200,442842.0,346607.0,60829.0,173303.0,96235.0,,2019
MLA-0364,Employment Law,Partner_Molao,Associate_18,CLT-100,High-Net-Worth Individual,Gaborone,2019-08-03,2019-10-21,Completed,79,59.3,43.7,0.737,2200,130477.0,96101.0,12259.0,0.0,34376.0,,2019
MLA-0365,Litigation,Partner_Setlhabi,Associate_12,CLT-007,Government / Parastatal,Francistown,2023-10-01,2025-01-25,Completed,482,198.2,137.0,0.691,2800,555048.0,383562.0,49938.0,0.0,171485.0,3.1,2023
MLA-0366,Employment Law,Partner_Mmolawa,Associate_02,CLT-097,Financial Institution,Gaborone,2024-02-27,2024-06-19,Completed,113,45.6,33.4,0.732,2200,100272.0,73393.0,6443.0,0.0,26879.0,4.0,2024
MLA-0367,Employment Law,Partner_Mmolawa,Associate_11,CLT-018,Government / Parastatal,Gaborone,2020-08-18,2020-11-24,Completed,98,90.5,58.6,0.647,2200,199208.0,128969.0,21540.0,0.0,70239.0,3.2,2020
MLA-0368,Employment Law,Partner_Mmolawa,Associate_19,CLT-005,Large Corporate,Gaborone,2024-05-10,2024-09-02,Completed,115,66.4,47.1,0.709,2200,146014.0,103567.0,10945.0,0.0,42448.0,4.1,2024
MLA-0369,Litigation,Partner_Setlhabi,Associate_14,CLT-009,Government / Parastatal,Gaborone,2022-01-12,2022-12-20,Completed,342,164.9,113.6,0.689,2800,461598.0,318059.0,52202.0,0.0,143539.0,4.3,2022
MLA-0370,Litigation,Partner_Setlhabi,Associate_06,CLT-064,Government / Parastatal,Gaborone,2018-12-02,2019-09-30,Active,302,207.7,179.3,0.863,2800,581632.0,501996.0,34236.0,0.0,79636.0,,2018
MLA-0371,Litigation,Partner_Molao,Associate_03,CLT-103,Government / Parastatal,Gaborone,2023-09-09,2024-05-20,Active,254,131.8,114.8,0.871,2800,369071.0,321369.0,40254.0,80342.0,47703.0,,2023
MLA-0372,Commercial Law,Partner_Molao,Associate_09,CLT-047,Large Corporate,Maun,2024-01-20,2024-03-20,Completed,60,120.9,100.2,0.829,3200,386860.0,320566.0,31273.0,0.0,66294.0,,2024
MLA-0373,Employment Law,Partner_Mmolawa,Associate_15,CLT-041,High-Net-Worth Individual,Francistown,2019-01-06,2019-03-14,Completed,67,62.1,44.5,0.717,2200,136613.0,97931.0,13333.0,24483.0,38682.0,,2019
MLA-0374,Employment Law,Partner_Mmolawa,Associate_17,CLT-005,Large Corporate,Gaborone,2019-10-15,2020-02-12,Active,120,55.6,37.0,0.666,2200,122217.0,81387.0,11046.0,81387.0,40830.0,,2019
MLA-0375,Employment Law,Partner_Mmolawa,Associate_12,CLT-002,Large Corporate,Francistown,2023-06-21,2023-09-10,Completed,81,58.7,39.8,0.678,2200,129093.0,87555.0,7041.0,21889.0,41538.0,2.5,2023
MLA-0376,Mining & Resources,Partner_Thapelo,Associate_15,CLT-102,Large Corporate,Gaborone,2018-06-13,2019-06-25,Completed,377,252.2,234.6,0.93,3800,958503.0,891457.0,126128.0,0.0,67047.0,,2018
MLA-0377,Mining & Resources,Partner_Thapelo,Associate_18,CLT-052,Government / Parastatal,Maun,2022-03-23,2022-12-11,Completed,263,351.4,297.5,0.847,3800,1335426.0,1130688.0,152568.0,282672.0,204738.0,4.0,2022
MLA-0378,Litigation,Partner_Thapelo,Associate_13,CLT-017,SME,Francistown,2021-11-14,2022-12-10,Completed,391,152.2,122.4,0.804,2800,426215.0,342741.0,44058.0,0.0,83474.0,3.7,2021
MLA-0379,Commercial Law,Partner_Molao,Associate_09,CLT-007,Government / Parastatal,Francistown,2020-02-05,2020-05-26,Completed,111,93.3,69.6,0.746,3200,298563.0,222591.0,34770.0,55648.0,75972.0,3.6,2020
MLA-0380,Litigation,Partner_Setlhabi,Associate_16,CLT-037,Financial Institution,Francistown,2024-08-16,,Active,227,118.1,82.2,0.696,2800,330749.0,230091.0,36432.0,0.0,100658.0,,2024
MLA-0381,Commercial Law,Partner_Molao,Associate_06,CLT-005,Large Corporate,Gaborone,2023-10-01,2023-11-23,Completed,53,116.9,83.5,0.714,3200,374210.0,267315.0,15309.0,0.0,106894.0,3.6,2023
MLA-0382,Regulatory & Compliance,Partner_Thapelo,Associate_19,CLT-063,Large Corporate,Francistown,2021-03-07,2021-08-31,Completed,177,49.1,45.2,0.922,2600,127588.0,117579.0,15150.0,0.0,10009.0,2.7,2021
MLA-0383,Commercial Law,Partner_Molao,Associate_05,CLT-088,SME,Francistown,2020-01-15,2020-04-27,Completed,103,68.4,59.4,0.869,3200,218791.0,190026.0,13645.0,47506.0,28765.0,,2020
MLA-0384,Property & Conveyancing,Partner_Gaobuse,Associate_13,CLT-022,Government / Parastatal,Gaborone,2019-03-21,2019-05-16,Completed,56,43.3,31.7,0.733,1800,78016.0,57148.0,9613.0,14287.0,20868.0,,2019
MLA-0385,Employment Law,Partner_Mmolawa,Associate_20,CLT-056,Large Corporate,Gaborone,2023-12-17,2024-05-05,Completed,140,44.3,32.9,0.742,2200,97487.0,72314.0,8149.0,0.0,25173.0,,2023
MLA-0386,Mining & Resources,Partner_Mmolawa,Associate_17,CLT-028,Large Corporate,Gaborone,2018-06-27,2018-08-02,Completed,36,98.6,77.7,0.787,3800,374828.0,295083.0,50753.0,0.0,79745.0,,2018
MLA-0387,Litigation,Partner_Thapelo,Associate_04,CLT-029,Mining Company,Francistown,2020-11-08,2021-05-18,Completed,191,161.6,129.5,0.802,2800,452370.0,362652.0,58632.0,0.0,89718.0,,2020
MLA-0388,Litigation,Partner_Setlhabi,Associate_01,CLT-053,Mining Company,Francistown,2019-04-28,2020-03-01,Completed,308,90.0,70.5,0.784,2800,251887.0,197444.0,15145.0,49361.0,54442.0,4.0,2019
MLA-0389,Commercial Law,Partner_Molao,Associate_19,CLT-009,Government / Parastatal,Gaborone,2024-01-05,2024-02-17,Completed,43,68.2,55.7,0.816,3200,218300.0,178093.0,15284.0,44523.0,40206.0,,2024
MLA-0390,Litigation,Partner_Mmolawa,Associate_06,CLT-020,Mining Company,Gaborone,2024-03-22,2025-01-18,On Hold,302,182.8,134.7,0.737,2800,511701.0,377226.0,47189.0,94307.0,134475.0,,2024
MLA-0391,Litigation,Partner_Setlhabi,Associate_04,CLT-080,Large Corporate,Gaborone,2023-01-04,2024-02-25,Active,417,135.1,114.7,0.849,2800,378393.0,321121.0,20242.0,0.0,57272.0,,2023
MLA-0392,Mining & Resources,Partner_Thapelo,Associate_02,CLT-006,Large Corporate,Gaborone,2018-01-22,2018-05-18,Active,116,125.1,110.7,0.885,3800,475357.0,420746.0,46836.0,0.0,54612.0,,2018
MLA-0393,Commercial Law,Partner_Molao,Associate_12,CLT-003,Mining Company,Gaborone,2018-06-04,2018-08-31,Active,88,64.4,57.7,0.895,3200,206130.0,184542.0,18839.0,46135.0,21589.0,,2018
MLA-0394,Litigation,Partner_Molao,Associate_06,CLT-063,Large Corporate,Francistown,2022-12-04,2023-07-08,Active,216,151.9,107.4,0.707,2800,425386.0,300675.0,51415.0,0.0,124712.0,,2022
MLA-0395,Commercial Law,Partner_Thapelo,Associate_17,CLT-072,SME,Gaborone,2024-11-24,2025-01-07,Completed,44,95.5,69.0,0.723,3200,305516.0,220954.0,17920.0,0.0,84561.0,4.5,2024
MLA-0396,Regulatory & Compliance,Partner_Mmolawa,Associate_12,CLT-068,Large Corporate,Gaborone,2022-07-19,2023-01-08,Completed,173,63.1,48.1,0.761,2600,164141.0,124935.0,18215.0,0.0,39206.0,4.0,2022
MLA-0397,Litigation,Partner_Thapelo,Associate_12,CLT-016,Large Corporate,Francistown,2021-02-06,2021-11-27,On Hold,294,162.4,119.8,0.738,2800,454667.0,335410.0,36599.0,0.0,119257.0,,2021
MLA-0398,Commercial Law,Partner_Molao,Associate_17,CLT-004,Government / Parastatal,Gaborone,2018-10-24,2019-02-14,Completed,113,98.3,82.3,0.837,3200,314622.0,263287.0,17169.0,0.0,51335.0,4.7,2018
MLA-0399,Property & Conveyancing,Partner_Gaobuse,Associate_15,CLT-115,SME,Francistown,2024-04-25,2024-07-09,Completed,75,29.9,25.7,0.86,1800,53867.0,46327.0,4362.0,11582.0,7540.0,,2024
MLA-0400,Regulatory & Compliance,Partner_Molao,Associate_16,CLT-004,Government / Parastatal,Gaborone,2018-10-04,2019-04-11,Completed,189,63.0,50.7,0.805,2600,163692.0,131776.0,10364.0,32944.0,31916.0,,2018
MLA-0401,Litigation,Partner_Setlhabi,Associate_18,CLT-001,Financial Institution,Francistown,2020-12-14,2022-01-30,Completed,412,106.9,76.6,0.717,2800,299199.0,214547.0,29518.0,53637.0,84652.0,3.5,2020
MLA-0402,Regulatory & Compliance,Partner_Mmolawa,Associate_11,CLT-017,SME,Francistown,2024-06-07,2024-10-11,Active,126,32.4,22.3,0.687,2600,84370.0,57959.0,8045.0,28979.0,26411.0,,2024
MLA-0403,Property & Conveyancing,Partner_Gaobuse,Associate_08,CLT-100,High-Net-Worth Individual,Gaborone,2020-04-26,2020-07-13,Active,78,21.3,16.9,0.791,1800,38386.0,30347.0,4817.0,0.0,8039.0,,2020
MLA-0404,Mining & Resources,Partner_Thapelo,Associate_03,CLT-069,SME,Francistown,2023-07-11,2024-03-13,Completed,246,154.3,129.1,0.837,3800,586402.0,490540.0,59057.0,0.0,95862.0,2.5,2023
MLA-0405,Employment Law,Partner_Mmolawa,Associate_19,CLT-100,High-Net-Worth Individual,Gaborone,2023-07-04,2023-07-18,Completed,14,46.3,30.9,0.667,2200,101845.0,67909.0,7908.0,0.0,33936.0,,2023
MLA-0406,Commercial Law,Partner_Molao,Associate_14,CLT-037,Financial Institution,Francistown,2024-01-24,2024-05-20,Completed,117,37.9,27.0,0.713,3200,121212.0,86376.0,13980.0,21594.0,34837.0,4.1,2024
MLA-0407,Commercial Law,Partner_Molao,Associate_11,CLT-071,SME,Maun,2018-02-18,2018-04-14,Completed,55,97.7,86.1,0.882,3200,312504.0,275617.0,17391.0,0.0,36887.0,,2018
MLA-0408,Commercial Law,Partner_Molao,Associate_09,CLT-036,Large Corporate,Francistown,2024-11-16,2025-02-13,Completed,89,83.6,66.4,0.795,3200,267458.0,212516.0,22338.0,0.0,54942.0,,2024
MLA-0409,Litigation,Partner_Setlhabi,Associate_15,CLT-006,Large Corporate,Gaborone,2019-06-22,2020-07-10,Completed,384,83.2,74.7,0.897,2800,233072.0,209043.0,32578.0,52261.0,24030.0,,2019
MLA-0410,Property & Conveyancing,Partner_Setlhabi,Associate_05,CLT-089,Government / Parastatal,Gaborone,2019-09-05,2019-10-16,Completed,41,36.6,28.3,0.772,1800,65877.0,50880.0,5332.0,0.0,14997.0,,2019
MLA-0411,Employment Law,Partner_Mmolawa,Associate_11,CLT-086,Financial Institution,Gaborone,2021-05-13,2021-08-07,Active,86,55.5,37.9,0.683,2200,122139.0,83387.0,4687.0,0.0,38751.0,,2021
MLA-0412,Commercial Law,Partner_Molao,Associate_09,CLT-037,Financial Institution,Francistown,2025-01-23,,Active,67,24.3,17.7,0.729,3200,77627.0,56623.0,8312.0,0.0,21004.0,,2025
MLA-0413,Litigation,Partner_Setlhabi,Associate_09,CLT-016,Large Corporate,Francistown,2022-08-14,2023-01-04,Active,143,106.6,73.1,0.686,2800,298432.0,204672.0,35860.0,0.0,93760.0,,2022
MLA-0414,Property & Conveyancing,Partner_Gaobuse,Associate_06,CLT-117,Large Corporate,Francistown,2021-03-11,2021-06-19,Completed,100,25.2,20.8,0.825,1800,45441.0,37487.0,4250.0,9372.0,7955.0,,2021
MLA-0415,Litigation,Partner_Setlhabi,Associate_05,CLT-099,Large Corporate,Gaborone,2021-10-13,2022-04-16,Completed,185,171.4,130.2,0.76,2800,479924.0,364630.0,37419.0,182315.0,115294.0,4.2,2021
MLA-0416,Litigation,Partner_Setlhabi,Associate_10,CLT-074,SME,Gaborone,2024-10-15,,Active,167,208.6,169.9,0.815,2800,583992.0,475709.0,40560.0,0.0,108282.0,,2024
MLA-0417,Mining & Resources,Partner_Thapelo,Associate_19,CLT-044,SME,Gaborone,2023-01-19,2023-08-29,Completed,222,204.2,160.4,0.786,3800,775862.0,609491.0,32305.0,152373.0,166370.0,,2023
MLA-0418,Regulatory & Compliance,Partner_Molao,Associate_07,CLT-006,Large Corporate,Gaborone,2019-02-26,2019-07-14,Active,138,80.9,59.0,0.729,2600,210300.0,153356.0,17101.0,0.0,56944.0,,2019
MLA-0419,Mining & Resources,Partner_Thapelo,Associate_03,CLT-004,Government / Parastatal,Gaborone,2024-12-06,,Active,115,262.7,189.0,0.72,3800,998121.0,718243.0,97055.0,359122.0,279878.0,,2024
MLA-0420,Litigation,Partner_Setlhabi,Associate_10,CLT-031,Large Corporate,Gaborone,2019-06-02,2019-12-07,Active,188,191.4,131.8,0.688,2800,535999.0,368925.0,19817.0,92231.0,167074.0,,2019
MLA-0421,Mining & Resources,Partner_Thapelo,Associate_16,CLT-035,Financial Institution,Francistown,2024-01-24,2024-12-12,Completed,323,292.2,268.4,0.918,3800,1110427.0,1019803.0,68903.0,509902.0,90623.0,5.0,2024
MLA-0422,Property & Conveyancing,Partner_Gaobuse,Associate_19,CLT-030,Government / Parastatal,Maun,2023-12-27,2024-04-04,Completed,99,21.2,17.3,0.813,1800,38243.0,31074.0,3734.0,7768.0,7169.0,3.5,2023
MLA-0423,Litigation,Partner_Setlhabi,Associate_10,CLT-001,Financial Institution,Francistown,2023-11-14,2024-05-25,Active,193,108.1,92.6,0.857,2800,302625.0,259224.0,24550.0,0.0,43402.0,,2023
MLA-0424,Commercial Law,Partner_Mmolawa,Associate_10,CLT-001,Financial Institution,Francistown,2022-10-30,2023-02-12,Completed,105,75.5,61.2,0.811,3200,241503.0,195792.0,30070.0,0.0,45711.0,4.2,2022
MLA-0425,Regulatory & Compliance,Partner_Mmolawa,Associate_13,CLT-008,Large Corporate,Francistown,2022-05-16,2022-09-11,Completed,118,51.9,42.5,0.818,2600,135066.0,110464.0,6661.0,0.0,24602.0,5.0,2022
MLA-0426,Mining & Resources,Partner_Thapelo,Associate_09,CLT-010,Mining Company,Gaborone,2023-12-19,2024-12-05,Completed,352,320.9,284.4,0.886,3800,1219526.0,1080801.0,173958.0,0.0,138726.0,3.8,2023
MLA-0427,Employment Law,Partner_Mmolawa,Associate_09,CLT-073,Financial Institution,Francistown,2023-07-09,2023-10-16,Completed,99,57.3,38.3,0.668,2200,126083.0,84216.0,4754.0,0.0,41867.0,2.8,2023
MLA-0428,Commercial Law,Partner_Molao,Associate_15,CLT-077,SME,Francistown,2020-08-11,2020-09-09,Completed,29,77.3,56.3,0.728,3200,247498.0,180132.0,14093.0,0.0,67366.0,,2020
MLA-0429,Property & Conveyancing,Partner_Gaobuse,Associate_02,CLT-013,SME,Gaborone,2019-08-22,2019-11-03,Completed,73,31.9,23.7,0.743,1800,57442.0,42697.0,2531.0,0.0,14746.0,2.8,2019
MLA-0430,Mining & Resources,Partner_Molao,Associate_04,CLT-116,SME,Francistown,2020-10-16,2021-03-17,On Hold,152,310.2,249.9,0.806,3800,1178680.0,949529.0,77986.0,949529.0,229151.0,,2020
MLA-0431,Commercial Law,Partner_Molao,Associate_04,CLT-044,SME,Gaborone,2020-05-03,2020-08-09,Completed,98,41.4,34.3,0.829,3200,132592.0,109895.0,9954.0,0.0,22696.0,,2020
MLA-0432,Commercial Law,Partner_Thapelo,Associate_04,CLT-009,Government / Parastatal,Gaborone,2021-05-08,2021-10-05,Active,150,116.2,84.9,0.731,3200,371684.0,271580.0,44071.0,0.0,100104.0,,2021
MLA-0433,Commercial Law,Partner_Molao,Associate_11,CLT-001,Financial Institution,Francistown,2021-02-04,2021-06-12,Completed,128,71.3,61.2,0.858,3200,228314.0,195976.0,15992.0,195976.0,32338.0,3.8,2021
MLA-0434,Employment Law,Partner_Mmolawa,Associate_05,CLT-020,Mining Company,Gaborone,2019-01-02,2019-04-20,Completed,108,51.7,35.3,0.682,2200,113689.0,77559.0,10794.0,0.0,36130.0,,2019
MLA-0435,Mining & Resources,Partner_Thapelo,Associate_12,CLT-064,Government / Parastatal,Gaborone,2024-01-06,2024-04-25,Completed,110,245.7,216.6,0.882,3800,933518.0,823198.0,66060.0,823198.0,110320.0,,2024
MLA-0436,Mining & Resources,Partner_Mmolawa,Associate_07,CLT-001,Financial Institution,Francistown,2022-03-28,2023-07-06,Completed,465,303.4,214.7,0.708,3800,1152760.0,815936.0,136120.0,0.0,336823.0,3.1,2022
MLA-0437,Litigation,Partner_Setlhabi,Associate_07,CLT-051,Large Corporate,Francistown,2024-02-05,2024-11-18,Completed,287,159.4,118.2,0.742,2800,446304.0,330946.0,28393.0,82736.0,115358.0,,2024
MLA-0438,Property & Conveyancing,Partner_Gaobuse,Associate_05,CLT-032,Large Corporate,Gaborone,2020-12-14,2021-01-28,Completed,45,30.6,26.8,0.876,1800,54998.0,48171.0,7267.0,0.0,6828.0,,2020
MLA-0439,Regulatory & Compliance,Partner_Thapelo,Associate_12,CLT-085,SME,Gaborone,2020-09-05,2021-01-01,Completed,118,49.7,37.9,0.762,2600,129273.0,98478.0,17306.0,24619.0,30796.0,4.6,2020
MLA-0440,Employment Law,Partner_Setlhabi,Associate_20,CLT-010,Mining Company,Gaborone,2022-08-06,2022-10-13,Completed,68,65.5,53.3,0.814,2200,144021.0,117185.0,13830.0,0.0,26837.0,,2022
MLA-0441,Commercial Law,Partner_Setlhabi,Associate_04,CLT-038,Government / Parastatal,Gaborone,2019-02-09,2019-02-23,Completed,14,108.0,71.7,0.664,3200,345466.0,229329.0,23052.0,0.0,116136.0,,2019
MLA-0442,Property & Conveyancing,Partner_Gaobuse,Associate_08,CLT-057,Large Corporate,Gaborone,2018-10-18,2018-11-04,Active,17,39.3,28.7,0.732,1800,70664.0,51696.0,6992.0,25848.0,18968.0,,2018
MLA-0443,Mining & Resources,Partner_Thapelo,Associate_02,CLT-018,Government / Parastatal,Gaborone,2022-08-31,2023-02-12,Completed,165,174.6,155.4,0.89,3800,663591.0,590341.0,33991.0,0.0,73249.0,2.9,2022
MLA-0444,Employment Law,Partner_Molao,Associate_07,CLT-114,Government / Parastatal,Francistown,2019-02-02,2019-04-08,Completed,65,77.3,56.5,0.731,2200,170161.0,124341.0,12446.0,0.0,45820.0,,2019
MLA-0445,Property & Conveyancing,Partner_Thapelo,Associate_18,CLT-027,SME,Gaborone,2019-03-09,2019-04-22,Completed,44,31.4,27.5,0.875,1800,56512.0,49471.0,6811.0,12368.0,7041.0,4.1,2019
MLA-0446,Commercial Law,Partner_Thapelo,Associate_13,CLT-041,High-Net-Worth Individual,Francistown,2019-10-10,2019-11-22,Completed,43,87.3,71.2,0.816,3200,279313.0,227960.0,39063.0,113980.0,51353.0,4.5,2019
MLA-0447,Regulatory & Compliance,Partner_Gaobuse,Associate_14,CLT-083,Large Corporate,Gaborone,2022-10-30,2022-12-27,Completed,58,53.8,51.3,0.954,2600,139794.0,133299.0,10836.0,0.0,6495.0,3.1,2022
MLA-0448,Property & Conveyancing,Partner_Gaobuse,Associate_12,CLT-114,Government / Parastatal,Francistown,2023-01-07,2023-03-26,Completed,78,42.7,42.3,0.99,1800,76873.0,76107.0,4148.0,0.0,766.0,3.2,2023
MLA-0449,Commercial Law,Partner_Molao,Associate_10,CLT-118,Government / Parastatal,Gaborone,2020-05-29,2020-08-15,Completed,78,74.6,69.4,0.93,3200,238751.0,222017.0,34824.0,55504.0,16734.0,5.0,2020
MLA-0450,Property & Conveyancing,Partner_Gaobuse,Associate_19,CLT-005,Large Corporate,Gaborone,2018-06-04,2018-08-11,Completed,68,31.7,27.1,0.854,1800,57137.0,48777.0,4119.0,24389.0,8360.0,4.1,2018
MLA-0451,Litigation,Partner_Setlhabi,Associate_19,CLT-024,Large Corporate,Gaborone,2020-06-09,2021-01-10,Completed,215,151.7,126.9,0.837,2800,424762.0,355368.0,54399.0,0.0,69394.0,,2020
MLA-0452,Employment Law,Partner_Mmolawa,Associate_04,CLT-056,Large Corporate,Gaborone,2021-05-15,2021-07-31,Active,77,51.2,32.4,0.633,2200,112685.0,71301.0,7102.0,17825.0,41384.0,,2021
MLA-0453,Regulatory & Compliance,Partner_Gaobuse,Associate_12,CLT-101,Government / Parastatal,Francistown,2022-11-14,2023-06-03,Active,201,64.2,54.0,0.842,2600,166798.0,140396.0,22895.0,0.0,26402.0,,2022
MLA-0454,Employment Law,Partner_Mmolawa,Associate_01,CLT-062,Large Corporate,Francistown,2022-04-16,2022-07-28,Completed,103,56.0,35.7,0.637,2200,123200.0,78437.0,7178.0,0.0,44763.0,3.4,2022
MLA-0455,Employment Law,Partner_Mmolawa,Associate_13,CLT-116,SME,Francistown,2024-09-03,2024-09-19,Completed,16,56.5,42.9,0.759,2200,124330.0,94318.0,10012.0,23580.0,30012.0,4.4,2024
MLA-0456,Litigation,Partner_Setlhabi,Associate_02,CLT-048,Large Corporate,Francistown,2020-12-11,2021-11-11,Completed,335,157.0,106.3,0.677,2800,439538.0,297536.0,44808.0,0.0,142002.0,1.5,2020
MLA-0457,Property & Conveyancing,Partner_Gaobuse,Associate_19,CLT-007,Government / Parastatal,Francistown,2024-11-28,2025-01-22,Completed,55,48.5,48.5,1.0,1800,87239.0,87239.0,7110.0,0.0,0.0,4.2,2024
MLA-0458,Employment Law,Partner_Mmolawa,Associate_04,CLT-068,Large Corporate,Gaborone,2022-10-01,2023-01-08,Completed,99,35.0,24.8,0.709,2200,76960.0,54601.0,5176.0,13650.0,22359.0,,2022
MLA-0459,Commercial Law,Partner_Molao,Associate_15,CLT-060,Large Corporate,Gaborone,2022-12-10,2023-02-15,Active,67,53.7,38.4,0.716,3200,171715.0,122922.0,9337.0,0.0,48793.0,,2022
MLA-0460,Mining & Resources,Partner_Molao,Associate_02,CLT-008,Large Corporate,Francistown,2024-12-18,,Active,103,334.0,316.8,0.949,3800,1269132.0,1203971.0,196172.0,300993.0,65162.0,,2024
MLA-0461,Commercial Law,Partner_Molao,Associate_04,CLT-010,Mining Company,Gaborone,2023-04-14,2023-08-13,Completed,121,91.5,64.9,0.71,3200,292700.0,207818.0,24926.0,0.0,84881.0,3.8,2023
MLA-0462,Litigation,Partner_Setlhabi,Associate_05,CLT-072,SME,Gaborone,2018-03-17,2018-12-17,Active,275,147.4,110.3,0.749,2800,412637.0,308919.0,36602.0,0.0,103718.0,,2018
MLA-0463,Commercial Law,Partner_Molao,Associate_20,CLT-009,Government / Parastatal,Gaborone,2023-03-20,2023-06-15,Completed,87,156.5,137.2,0.877,3200,500805.0,439134.0,44143.0,0.0,61671.0,,2023
MLA-0464,Employment Law,Partner_Molao,Associate_10,CLT-099,Large Corporate,Gaborone,2022-05-03,2022-08-24,Completed,113,58.9,45.0,0.765,2200,129517.0,99084.0,17534.0,0.0,30433.0,4.6,2022
MLA-0465,Mining & Resources,Partner_Thapelo,Associate_06,CLT-007,Government / Parastatal,Francistown,2023-02-19,2024-03-01,Completed,376,283.1,233.0,0.823,3800,1075750.0,885316.0,48841.0,442658.0,190434.0,3.0,2023
MLA-0466,Property & Conveyancing,Partner_Gaobuse,Associate_01,CLT-016,Large Corporate,Francistown,2021-12-12,2022-01-12,Completed,31,44.0,36.3,0.825,1800,79214.0,65353.0,11729.0,65353.0,13861.0,3.6,2021
MLA-0467,Commercial Law,Partner_Molao,Associate_13,CLT-103,Government / Parastatal,Gaborone,2018-05-01,2018-07-27,Active,87,62.6,59.6,0.953,3200,200193.0,190834.0,15138.0,0.0,9359.0,,2018
MLA-0468,Litigation,Partner_Setlhabi,Associate_13,CLT-044,SME,Gaborone,2024-11-13,,Active,138,156.1,135.9,0.871,2800,437106.0,380582.0,52995.0,0.0,56525.0,,2024
MLA-0469,Property & Conveyancing,Partner_Gaobuse,Associate_10,CLT-106,Government / Parastatal,Gaborone,2021-09-10,2021-12-15,Completed,96,32.1,27.3,0.851,1800,57843.0,49202.0,6634.0,0.0,8640.0,,2021
MLA-0470,Commercial Law,Partner_Molao,Associate_17,CLT-106,Government / Parastatal,Gaborone,2022-10-28,2023-01-17,On Hold,81,98.5,95.2,0.967,3200,315176.0,304732.0,20987.0,152366.0,10445.0,,2022
MLA-0471,Regulatory & Compliance,Partner_Gaobuse,Associate_03,CLT-050,Large Corporate,Maun,2019-04-30,2019-12-16,Active,230,86.9,67.7,0.778,2600,226026.0,175909.0,12123.0,0.0,50117.0,,2019
MLA-0472,Litigation,Partner_Mmolawa,Associate_10,CLT-031,Large Corporate,Gaborone,2021-01-26,2021-11-19,Completed,297,79.8,52.7,0.66,2800,223572.0,147459.0,9895.0,0.0,76113.0,,2021
MLA-0473,Employment Law,Partner_Mmolawa,Associate_20,CLT-008,Large Corporate,Francistown,2020-08-09,2020-10-18,Completed,70,68.5,46.4,0.678,2200,150695.0,102176.0,6164.0,25544.0,48519.0,4.5,2020
MLA-0474,Mining & Resources,Partner_Thapelo,Associate_12,CLT-006,Large Corporate,Gaborone,2022-05-07,2023-03-18,Completed,315,189.5,152.6,0.805,3800,720085.0,579898.0,43564.0,0.0,140187.0,,2022
MLA-0475,Commercial Law,Partner_Molao,Associate_14,CLT-008,Large Corporate,Francistown,2020-04-10,2020-07-09,Completed,90,79.9,72.2,0.904,3200,255524.0,231007.0,39392.0,231007.0,24517.0,,2020
MLA-0476,Property & Conveyancing,Partner_Gaobuse,Associate_15,CLT-103,Government / Parastatal,Gaborone,2022-10-18,2022-11-11,Completed,24,17.3,14.5,0.839,1800,31062.0,26046.0,3792.0,0.0,5016.0,4.5,2022
MLA-0477,Employment Law,Partner_Mmolawa,Associate_20,CLT-046,High-Net-Worth Individual,Gaborone,2018-06-07,2018-07-25,Completed,48,38.7,28.9,0.746,2200,85131.0,63494.0,10001.0,0.0,21638.0,,2018
MLA-0478,Property & Conveyancing,Partner_Gaobuse,Associate_02,CLT-050,Large Corporate,Maun,2023-10-16,2023-11-28,On Hold,43,6.9,6.5,0.937,1800,12414.0,11631.0,869.0,0.0,783.0,,2023
MLA-0479,Regulatory & Compliance,Partner_Gaobuse,Associate_15,CLT-006,Large Corporate,Gaborone,2021-04-20,2022-01-03,Completed,258,34.9,31.2,0.895,2600,90739.0,81247.0,9523.0,0.0,9493.0,,2021
MLA-0480,Property & Conveyancing,Partner_Gaobuse,Associate_04,CLT-006,Large Corporate,Gaborone,2024-07-25,2024-09-05,Completed,42,37.9,37.3,0.984,1800,68213.0,67124.0,4537.0,0.0,1089.0,5.0,2024
MLA-0481,Commercial Law,Partner_Molao,Associate_07,CLT-102,Large Corporate,Gaborone,2019-01-05,2019-03-24,Completed,78,114.2,87.9,0.77,3200,365464.0,281415.0,47258.0,70354.0,84049.0,,2019
MLA-0482,Commercial Law,Partner_Molao,Associate_15,CLT-062,Large Corporate,Francistown,2018-12-16,2019-06-06,Completed,172,10.6,9.0,0.842,3200,34057.0,28685.0,4384.0,0.0,5371.0,,2018
MLA-0483,Litigation,Partner_Setlhabi,Associate_06,CLT-106,Government / Parastatal,Gaborone,2024-05-05,2024-07-26,Active,82,71.9,62.6,0.87,2800,201351.0,175244.0,12456.0,0.0,26107.0,,2024
MLA-0484,Mining & Resources,Partner_Thapelo,Associate_10,CLT-010,Mining Company,Gaborone,2023-01-02,2024-08-16,Completed,592,271.6,204.7,0.754,3800,1032004.0,777758.0,129738.0,777758.0,254245.0,4.8,2023
MLA-0485,Mining & Resources,Partner_Thapelo,Associate_16,CLT-097,Financial Institution,Gaborone,2024-02-05,2025-02-10,Completed,371,239.5,212.1,0.886,3800,910000.0,806170.0,92025.0,0.0,103830.0,,2024
MLA-0486,Property & Conveyancing,Partner_Gaobuse,Associate_20,CLT-057,Large Corporate,Gaborone,2020-09-29,2020-12-14,Completed,76,36.4,35.2,0.969,1800,65454.0,63414.0,8353.0,15854.0,2040.0,3.6,2020
MLA-0487,Commercial Law,Partner_Molao,Associate_12,CLT-002,Large Corporate,Francistown,2018-05-13,2018-08-08,Active,87,88.1,77.5,0.88,3200,281920.0,248114.0,22032.0,124057.0,33806.0,,2018
MLA-0488,Commercial Law,Partner_Molao,Associate_06,CLT-006,Large Corporate,Gaborone,2021-03-10,2021-05-28,Completed,79,62.6,54.1,0.865,3200,200223.0,173258.0,22064.0,43315.0,26964.0,2.6,2021
MLA-0489,Property & Conveyancing,Partner_Gaobuse,Associate_02,CLT-003,Mining Company,Gaborone,2021-05-10,2021-06-14,Active,35,27.0,22.1,0.816,1800,48665.0,39717.0,6221.0,9929.0,8948.0,,2021
MLA-0490,Mining & Resources,Partner_Thapelo,Associate_16,CLT-005,Large Corporate,Gaborone,2021-01-29,2021-12-16,Completed,321,122.7,93.8,0.764,3800,466445.0,356340.0,27538.0,0.0,110105.0,4.8,2021
MLA-0491,Property & Conveyancing,Partner_Thapelo,Associate_03,CLT-038,Government / Parastatal,Gaborone,2024-10-13,2024-10-29,On Hold,16,37.0,34.0,0.918,1800,66599.0,61147.0,5340.0,0.0,5452.0,,2024
MLA-0492,Litigation,Partner_Setlhabi,Associate_20,CLT-017,SME,Francistown,2019-06-16,2020-05-11,Completed,330,91.5,73.9,0.807,2800,256223.0,206802.0,29944.0,0.0,49421.0,,2019
MLA-0493,Regulatory & Compliance,Partner_Setlhabi,Associate_10,CLT-117,Large Corporate,Francistown,2018-01-07,2018-04-26,Completed,109,42.6,29.2,0.685,2600,110886.0,75966.0,11666.0,18991.0,34920.0,3.9,2018
MLA-0494,Employment Law,Partner_Mmolawa,Associate_02,CLT-014,Government / Parastatal,Francistown,2024-04-14,2024-07-06,Completed,83,36.4,29.5,0.813,2200,79991.0,65002.0,8663.0,16250.0,14989.0,2.9,2024
MLA-0495,Commercial Law,Partner_Molao,Associate_18,CLT-012,High-Net-Worth Individual,Gaborone,2018-01-26,2018-05-07,Completed,101,67.1,49.3,0.734,3200,214750.0,157638.0,15998.0,0.0,57112.0,,2018
MLA-0496,Mining & Resources,Partner_Thapelo,Associate_11,CLT-108,SME,Gaborone,2023-05-17,2024-05-03,Completed,352,88.5,80.8,0.914,3800,336264.0,307218.0,41147.0,0.0,29046.0,,2023
MLA-0497,Regulatory & Compliance,Partner_Thapelo,Associate_11,CLT-034,Government / Parastatal,Maun,2022-08-23,2023-01-16,Completed,146,64.6,59.2,0.917,2600,167838.0,153838.0,18113.0,0.0,14000.0,,2022
MLA-0498,Property & Conveyancing,Partner_Gaobuse,Associate_19,CLT-070,High-Net-Worth Individual,Gaborone,2021-12-19,2022-03-19,Completed,90,30.2,22.5,0.746,1800,54350.0,40549.0,6459.0,0.0,13801.0,3.2,2021
MLA-0499,Property & Conveyancing,Partner_Gaobuse,Associate_20,CLT-023,Government / Parastatal,Gaborone,2024-09-03,2024-11-03,Completed,61,23.8,18.1,0.76,1800,42825.0,32543.0,2931.0,16271.0,10282.0,,2024
MLA-0500,Litigation,Partner_Setlhabi,Associate_08,CLT-020,Mining Company,Gaborone,2021-05-24,2022-01-23,Completed,244,166.6,118.2,0.709,2800,466540.0,330857.0,21370.0,82714.0,135684.0,,2021
MLA-0501,Regulatory & Compliance,Partner_Mmolawa,Associate_17,CLT-001,Financial Institution,Francistown,2023-05-31,2023-08-25,Completed,86,65.9,55.1,0.836,2600,171401.0,143250.0,13496.0,0.0,28151.0,,2023
MLA-0502,Litigation,Partner_Setlhabi,Associate_04,CLT-092,Financial Institution,Maun,2023-10-16,2024-01-29,Completed,105,107.5,88.4,0.822,2800,301050.0,247605.0,35703.0,0.0,53445.0,,2023
MLA-0503,Property & Conveyancing,Partner_Gaobuse,Associate_02,CLT-070,High-Net-Worth Individual,Gaborone,2024-08-31,2024-09-29,Completed,29,45.1,43.6,0.966,1800,81263.0,78501.0,12999.0,0.0,2761.0,,2024
MLA-0504,Employment Law,Partner_Mmolawa,Associate_10,CLT-063,Large Corporate,Francistown,2020-05-09,2020-07-05,Completed,57,41.7,29.1,0.699,2200,91655.0,64075.0,5508.0,0.0,27580.0,4.1,2020
MLA-0505,Commercial Law,Partner_Molao,Associate_09,CLT-004,Government / Parastatal,Gaborone,2024-12-26,,Active,95,76.2,64.9,0.852,3200,243921.0,207757.0,13153.0,0.0,36163.0,,2024
MLA-0506,Property & Conveyancing,Partner_Gaobuse,Associate_10,CLT-052,Government / Parastatal,Maun,2019-12-03,2020-02-06,Completed,65,21.4,16.0,0.747,1800,38520.0,28791.0,2707.0,0.0,9728.0,2.5,2019
MLA-0507,Property & Conveyancing,Partner_Gaobuse,Associate_04,CLT-022,Government / Parastatal,Gaborone,2018-12-19,2019-01-18,Completed,30,49.0,41.4,0.844,1800,88240.0,74512.0,9500.0,0.0,13728.0,,2018
MLA-0508,Employment Law,Partner_Mmolawa,Associate_10,CLT-014,Government / Parastatal,Francistown,2020-03-22,2020-06-30,Completed,100,61.0,48.2,0.791,2200,134121.0,106065.0,12659.0,106065.0,28056.0,,2020
MLA-0509,Property & Conveyancing,Partner_Gaobuse,Associate_15,CLT-004,Government / Parastatal,Gaborone,2021-06-25,2021-08-18,Completed,54,32.1,29.3,0.915,1800,57699.0,52787.0,5833.0,0.0,4912.0,3.3,2021
MLA-0510,Mining & Resources,Partner_Thapelo,Associate_12,CLT-023,Government / Parastatal,Gaborone,2021-09-15,2022-06-24,Active,282,203.1,178.9,0.881,3800,771654.0,679934.0,74063.0,0.0,91720.0,,2021
MLA-0511,Property & Conveyancing,Partner_Gaobuse,Associate_15,CLT-096,Government / Parastatal,Francistown,2021-03-02,2021-06-20,Completed,110,37.4,35.1,0.938,1800,67403.0,63200.0,4207.0,0.0,4203.0,,2021
MLA-0512,Mining & Resources,Partner_Thapelo,Associate_03,CLT-087,Mining Company,Gaborone,2023-12-23,2024-05-06,Completed,135,161.0,128.4,0.798,3800,611707.0,487866.0,39524.0,0.0,123841.0,3.7,2023
MLA-0513,Property & Conveyancing,Partner_Gaobuse,Associate_07,CLT-091,SME,Gaborone,2024-08-17,2024-09-25,On Hold,39,53.3,45.1,0.846,1800,95906.0,81108.0,10036.0,0.0,14798.0,,2024
MLA-0514,Employment Law,Partner_Mmolawa,Associate_03,CLT-079,SME,Francistown,2024-06-09,2024-10-20,Completed,133,86.6,71.0,0.82,2200,190417.0,156103.0,19902.0,0.0,34313.0,3.4,2024
MLA-0515,Property & Conveyancing,Partner_Gaobuse,Associate_13,CLT-003,Mining Company,Gaborone,2019-03-22,2019-06-26,Completed,96,33.6,30.7,0.915,1800,60437.0,55308.0,8660.0,0.0,5128.0,,2019
MLA-0516,Commercial Law,Partner_Molao,Associate_05,CLT-102,Large Corporate,Gaborone,2018-01-01,2018-03-24,Completed,82,73.7,66.6,0.904,3200,235907.0,213229.0,23218.0,0.0,22678.0,,2018
MLA-0517,Property & Conveyancing,Partner_Gaobuse,Associate_11,CLT-010,Mining Company,Gaborone,2021-06-01,2021-07-05,Active,34,22.3,21.8,0.979,1800,40139.0,39286.0,5630.0,19643.0,853.0,,2021
MLA-0518,Regulatory & Compliance,Partner_Thapelo,Associate_01,CLT-058,Mining Company,Gaborone,2023-09-22,2023-11-22,Completed,61,50.2,39.3,0.783,2600,130595.0,102265.0,9024.0,0.0,28330.0,3.8,2023
MLA-0519,Commercial Law,Partner_Molao,Associate_12,CLT-004,Government / Parastatal,Gaborone,2021-03-01,2021-06-07,Completed,98,62.1,57.9,0.933,3200,198699.0,185294.0,26180.0,0.0,13404.0,2.7,2021
MLA-0520,Litigation,Partner_Setlhabi,Associate_18,CLT-007,Government / Parastatal,Francistown,2019-12-12,2020-10-27,Completed,320,156.2,120.7,0.773,2800,437397.0,338028.0,33802.0,169014.0,99369.0,,2019
MLA-0521,Commercial Law,Partner_Setlhabi,Associate_05,CLT-001,Financial Institution,Francistown,2018-03-06,2018-06-17,Active,103,25.7,17.8,0.691,3200,82196.0,56832.0,7703.0,56832.0,25364.0,,2018
MLA-0522,Commercial Law,Partner_Molao,Associate_14,CLT-098,High-Net-Worth Individual,Maun,2024-10-11,2024-11-26,Completed,46,121.5,115.4,0.95,3200,388874.0,369276.0,40277.0,0.0,19598.0,,2024
MLA-0523,Litigation,Partner_Setlhabi,Associate_14,CLT-057,Large Corporate,Gaborone,2024-06-25,,Active,279,222.0,172.8,0.779,2800,621477.0,483849.0,70167.0,120962.0,137628.0,,2024
MLA-0524,Litigation,Partner_Thapelo,Associate_12,CLT-002,Large Corporate,Francistown,2018-06-05,2019-01-25,Completed,234,105.5,87.0,0.825,2800,295272.0,243564.0,15761.0,0.0,51709.0,,2018
MLA-0525,Commercial Law,Partner_Molao,Associate_09,CLT-035,Financial Institution,Francistown,2018-11-17,2019-02-17,Completed,92,101.6,85.6,0.842,3200,325153.0,273833.0,22421.0,0.0,51320.0,,2018
MLA-0526,Employment Law,Partner_Mmolawa,Associate_18,CLT-088,SME,Francistown,2021-07-03,2021-08-22,Active,50,65.4,50.2,0.767,2200,143816.0,110372.0,13195.0,0.0,33444.0,,2021
MLA-0527,Property & Conveyancing,Partner_Thapelo,Associate_11,CLT-028,Large Corporate,Gaborone,2021-04-21,2021-05-10,Completed,19,29.7,22.4,0.754,1800,53388.0,40241.0,6840.0,10060.0,13147.0,,2021
MLA-0528,Property & Conveyancing,Partner_Gaobuse,Associate_16,CLT-053,Mining Company,Francistown,2024-06-04,2024-07-11,On Hold,37,26.9,20.0,0.742,1800,48438.0,35945.0,5577.0,0.0,12493.0,,2024
MLA-0529,Litigation,Partner_Setlhabi,Associate_17,CLT-003,Mining Company,Gaborone,2021-02-12,2022-02-05,Completed,358,104.0,74.6,0.718,2800,291085.0,209001.0,17928.0,0.0,82085.0,,2021
MLA-0530,Employment Law,Partner_Setlhabi,Associate_15,CLT-020,Mining Company,Gaborone,2019-12-20,2020-03-28,Completed,99,76.0,54.7,0.72,2200,167217.0,120441.0,13615.0,30110.0,46776.0,,2019
MLA-0531,Litigation,Partner_Setlhabi,Associate_05,CLT-056,Large Corporate,Gaborone,2019-09-24,2020-04-20,Completed,209,86.5,74.5,0.862,2800,242135.0,208733.0,21642.0,0.0,33402.0,,2019
MLA-0532,Employment Law,Partner_Mmolawa,Associate_19,CLT-078,Financial Institution,Gaborone,2021-11-14,2022-02-06,Completed,84,78.4,49.9,0.637,2200,172375.0,109753.0,17181.0,0.0,62622.0,5.0,2021
MLA-0533,Property & Conveyancing,Partner_Gaobuse,Associate_18,CLT-008,Large Corporate,Francistown,2022-05-17,2022-07-18,Completed,62,31.9,27.3,0.858,1800,57338.0,49171.0,8022.0,0.0,8167.0,,2022
MLA-0534,Property & Conveyancing,Partner_Gaobuse,Associate_17,CLT-070,High-Net-Worth Individual,Gaborone,2018-06-18,2018-08-18,Completed,61,25.0,18.8,0.755,1800,44947.0,33916.0,3256.0,8479.0,11031.0,,2018
MLA-0535,Employment Law,Partner_Mmolawa,Associate_09,CLT-009,Government / Parastatal,Gaborone,2019-02-07,2019-05-20,Completed,102,52.1,35.6,0.684,2200,114543.0,78319.0,8611.0,19580.0,36224.0,4.2,2019
MLA-0536,Employment Law,Partner_Thapelo,Associate_11,CLT-069,SME,Francistown,2020-01-07,2020-02-13,Completed,37,39.9,30.3,0.76,2200,87713.0,66652.0,3406.0,0.0,21061.0,2.5,2020
MLA-0537,Property & Conveyancing,Partner_Gaobuse,Associate_12,CLT-008,Large Corporate,Francistown,2021-03-06,2021-04-07,Completed,32,33.0,26.3,0.797,1800,59361.0,47297.0,6173.0,0.0,12064.0,1.9,2021
MLA-0538,Regulatory & Compliance,Partner_Setlhabi,Associate_20,CLT-063,Large Corporate,Francistown,2019-05-07,2020-01-01,Completed,239,73.8,50.0,0.677,2600,191984.0,130022.0,12856.0,32505.0,61963.0,,2019
MLA-0539,Mining & Resources,Partner_Thapelo,Associate_04,CLT-072,SME,Gaborone,2020-11-03,2021-12-08,Completed,400,199.6,150.7,0.755,3800,758385.0,572668.0,34270.0,0.0,185717.0,,2020
MLA-0540,Mining & Resources,Partner_Thapelo,Associate_11,CLT-009,Government / Parastatal,Gaborone,2018-10-31,2019-08-15,Completed,288,205.7,154.4,0.751,3800,781767.0,586879.0,58991.0,586879.0,194888.0,4.4,2018
MLA-0541,Mining & Resources,Partner_Thapelo,Associate_03,CLT-039,Government / Parastatal,Maun,2020-04-01,2021-02-27,Completed,332,179.7,150.1,0.836,3800,682787.0,570555.0,65025.0,0.0,112232.0,,2020
MLA-0542,Commercial Law,Partner_Molao,Associate_15,CLT-075,SME,Maun,2019-02-28,2019-05-04,Completed,65,94.6,67.4,0.713,3200,302626.0,215834.0,31205.0,53958.0,86792.0,4.2,2019
MLA-0543,Property & Conveyancing,Partner_Gaobuse,Associate_01,CLT-110,Government / Parastatal,Gaborone,2022-05-19,2022-06-28,Completed,40,26.3,21.0,0.801,1800,47314.0,37886.0,6350.0,0.0,9428.0,3.8,2022
MLA-0544,Regulatory & Compliance,Partner_Mmolawa,Associate_16,CLT-030,Government / Parastatal,Maun,2018-10-15,2019-02-13,Completed,121,44.6,33.4,0.75,2600,115856.0,86937.0,15131.0,21734.0,28919.0,3.8,2018
MLA-0545,Property & Conveyancing,Partner_Gaobuse,Associate_11,CLT-070,High-Net-Worth Individual,Gaborone,2022-06-29,2022-09-06,On Hold,69,38.6,28.7,0.743,1800,69555.0,51684.0,6932.0,0.0,17871.0,,2022
MLA-0546,Mining & Resources,Partner_Thapelo,Associate_15,CLT-082,Financial Institution,Maun,2021-04-02,2022-05-05,Completed,398,198.2,167.6,0.845,3800,753343.0,636716.0,35091.0,0.0,116627.0,4.8,2021
MLA-0547,Employment Law,Partner_Gaobuse,Associate_16,CLT-003,Mining Company,Gaborone,2022-11-29,2023-03-13,Completed,104,65.7,61.1,0.929,2200,144623.0,134318.0,10088.0,33579.0,10305.0,2.5,2022
MLA-0548,Property & Conveyancing,Partner_Gaobuse,Associate_18,CLT-063,Large Corporate,Francistown,2023-08-09,2023-09-29,Active,51,17.6,15.3,0.874,1800,31611.0,27621.0,2994.0,27621.0,3990.0,,2023
MLA-0549,Commercial Law,Partner_Molao,Associate_02,CLT-025,Large Corporate,Francistown,2020-05-17,2020-08-08,Completed,83,66.9,61.3,0.917,3200,213974.0,196231.0,21505.0,49058.0,17744.0,,2020
MLA-0550,Commercial Law,Partner_Molao,Associate_03,CLT-002,Large Corporate,Francistown,2019-08-03,2019-11-20,Completed,109,86.7,72.2,0.833,3200,277393.0,231087.0,38807.0,0.0,46306.0,3.8,2019
MLA-0551,Employment Law,Partner_Mmolawa,Associate_02,CLT-105,Government / Parastatal,Gaborone,2019-02-03,2019-04-26,Completed,82,64.4,47.0,0.731,2200,141603.0,103476.0,13124.0,25869.0,38127.0,2.1,2019
MLA-0552,Property & Conveyancing,Partner_Setlhabi,Associate_03,CLT-089,Government / Parastatal,Gaborone,2022-10-12,2022-11-23,Active,42,18.8,13.9,0.739,1800,33830.0,25000.0,3648.0,0.0,8830.0,,2022
MLA-0553,Commercial Law,Partner_Molao,Associate_18,CLT-005,Large Corporate,Gaborone,2020-05-23,2020-09-11,Completed,111,49.0,44.4,0.906,3200,156837.0,142056.0,13299.0,0.0,14781.0,4.9,2020
MLA-0554,Litigation,Partner_Setlhabi,Associate_18,CLT-006,Large Corporate,Gaborone,2020-09-24,2021-05-01,Completed,219,199.7,176.5,0.884,2800,559214.0,494187.0,31132.0,123547.0,65028.0,,2020
MLA-0555,Mining & Resources,Partner_Thapelo,Associate_16,CLT-003,Mining Company,Gaborone,2018-01-30,2018-12-13,Completed,317,304.4,220.9,0.726,3800,1156533.0,839354.0,113085.0,419677.0,317179.0,3.3,2018
MLA-0556,Mining & Resources,Partner_Setlhabi,Associate_07,CLT-005,Large Corporate,Gaborone,2021-01-14,2021-10-04,Completed,263,157.1,123.2,0.785,3800,596835.0,468324.0,80529.0,0.0,128511.0,3.5,2021
MLA-0557,Commercial Law,Partner_Molao,Associate_03,CLT-061,Large Corporate,Gaborone,2021-05-18,2021-08-21,Completed,95,90.1,71.7,0.796,3200,288224.0,229378.0,18495.0,0.0,58846.0,3.8,2021
MLA-0558,Commercial Law,Partner_Molao,Associate_18,CLT-042,Financial Institution,Gaborone,2023-03-17,2023-07-27,Completed,132,98.0,88.9,0.907,3200,313597.0,284547.0,24453.0,0.0,29049.0,,2023
MLA-0559,Employment Law,Partner_Mmolawa,Associate_16,CLT-006,Large Corporate,Gaborone,2018-06-26,2018-07-28,Completed,32,73.3,46.7,0.637,2200,161214.0,102635.0,7928.0,0.0,58578.0,,2018
MLA-0560,Regulatory & Compliance,Partner_Mmolawa,Associate_02,CLT-004,Government / Parastatal,Gaborone,2018-08-03,2019-01-14,Completed,164,6.9,5.8,0.84,2600,17936.0,15073.0,2293.0,0.0,2862.0,2.8,2018
MLA-0561,Regulatory & Compliance,Partner_Mmolawa,Associate_19,CLT-053,Mining Company,Francistown,2022-09-13,2022-11-15,Completed,63,59.9,40.2,0.671,2600,155705.0,104402.0,9640.0,26100.0,51304.0,2.2,2022
MLA-0562,Commercial Law,Partner_Molao,Associate_07,CLT-021,Large Corporate,Gaborone,2020-06-22,2020-10-17,Completed,117,101.1,73.1,0.723,3200,323547.0,234058.0,13356.0,0.0,89489.0,3.1,2020
MLA-0563,Employment Law,Partner_Mmolawa,Associate_12,CLT-005,Large Corporate,Gaborone,2020-03-06,2020-05-07,On Hold,62,5.1,4.0,0.772,2200,11269.0,8699.0,664.0,0.0,2571.0,,2020
MLA-0564,Employment Law,Partner_Mmolawa,Associate_05,CLT-004,Government / Parastatal,Gaborone,2023-03-22,2023-04-23,Completed,32,62.5,45.7,0.731,2200,137593.0,100623.0,9525.0,50311.0,36970.0,,2023
MLA-0565,Mining & Resources,Partner_Thapelo,Associate_20,CLT-105,Government / Parastatal,Gaborone,2024-06-25,,Active,279,212.8,197.4,0.927,3800,808774.0,750044.0,120870.0,0.0,58729.0,,2024
MLA-0566,Mining & Resources,Partner_Thapelo,Associate_07,CLT-055,Financial Institution,Gaborone,2023-03-11,2024-01-19,Completed,314,240.6,180.7,0.751,3800,914092.0,686655.0,100048.0,0.0,227436.0,3.1,2023
MLA-0567,Property & Conveyancing,Partner_Thapelo,Associate_05,CLT-107,Government / Parastatal,Gaborone,2018-01-21,2018-03-04,Completed,42,39.7,31.2,0.787,1800,71508.0,56243.0,10060.0,14061.0,15265.0,3.8,2018
MLA-0568,Property & Conveyancing,Partner_Gaobuse,Associate_04,CLT-033,Large Corporate,Gaborone,2020-09-12,2020-10-30,Completed,48,18.9,14.2,0.751,1800,33937.0,25476.0,3569.0,0.0,8461.0,2.8,2020
MLA-0569,Litigation,Partner_Setlhabi,Associate_03,CLT-001,Financial Institution,Francistown,2021-06-02,2022-07-11,Completed,404,131.5,91.5,0.696,2800,368272.0,256245.0,31813.0,0.0,112027.0,,2021
MLA-0570,Property & Conveyancing,Partner_Gaobuse,Associate_13,CLT-006,Large Corporate,Gaborone,2022-02-26,2022-03-18,Completed,20,14.6,13.1,0.899,1800,26200.0,23557.0,1182.0,0.0,2643.0,4.4,2022
MLA-0571,Employment Law,Partner_Mmolawa,Associate_10,CLT-029,Mining Company,Francistown,2021-01-10,2021-03-09,Completed,58,51.0,40.1,0.787,2200,112135.0,88289.0,11017.0,0.0,23846.0,,2021
MLA-0572,Employment Law,Partner_Mmolawa,Associate_02,CLT-043,Mining Company,Maun,2022-01-30,2022-03-31,Completed,60,75.0,62.4,0.832,2200,165040.0,137278.0,13388.0,0.0,27762.0,5.0,2022
MLA-0573,Commercial Law,Partner_Molao,Associate_03,CLT-050,Large Corporate,Maun,2020-04-18,2020-06-29,Completed,72,105.2,77.9,0.741,3200,336539.0,249220.0,29944.0,0.0,87319.0,,2020
MLA-0574,Mining & Resources,Partner_Setlhabi,Associate_08,CLT-012,High-Net-Worth Individual,Gaborone,2020-12-31,2021-08-15,Completed,227,351.0,273.7,0.78,3800,1333844.0,1040235.0,59376.0,0.0,293609.0,4.3,2020
MLA-0575,Property & Conveyancing,Partner_Mmolawa,Associate_18,CLT-069,SME,Francistown,2023-12-23,2024-02-29,Completed,68,30.9,25.8,0.834,1800,55680.0,46463.0,4547.0,11616.0,9217.0,,2023
MLA-0576,Regulatory & Compliance,Partner_Molao,Associate_07,CLT-103,Government / Parastatal,Gaborone,2023-02-19,2023-06-20,Completed,121,100.5,73.1,0.727,2600,261363.0,190024.0,13918.0,190024.0,71339.0,3.0,2023
MLA-0577,Commercial Law,Partner_Molao,Associate_05,CLT-040,Mining Company,Maun,2020-04-16,2020-06-20,Completed,65,98.7,83.0,0.841,3200,315789.0,265725.0,23414.0,265725.0,50065.0,5.0,2020
MLA-0578,Commercial Law,Partner_Molao,Associate_15,CLT-079,SME,Francistown,2018-03-29,2018-06-13,Completed,76,89.1,69.6,0.781,3200,284998.0,222572.0,36353.0,0.0,62426.0,,2018
MLA-0579,Employment Law,Partner_Mmolawa,Associate_11,CLT-065,Mining Company,Gaborone,2021-08-29,2021-10-04,Completed,36,58.6,43.2,0.738,2200,128821.0,95039.0,11302.0,0.0,33782.0,2.8,2021
MLA-0580,Property & Conveyancing,Partner_Gaobuse,Associate_06,CLT-087,Mining Company,Gaborone,2020-07-17,2020-08-29,On Hold,43,39.8,34.2,0.86,1800,71575.0,61569.0,9239.0,0.0,10006.0,,2020
MLA-0581,Litigation,Partner_Setlhabi,Associate_06,CLT-059,SME,Gaborone,2019-10-21,2020-08-07,Completed,291,88.7,73.7,0.831,2800,248364.0,206417.0,36436.0,51604.0,41947.0,,2019
MLA-0582,Employment Law,Partner_Mmolawa,Associate_08,CLT-004,Government / Parastatal,Gaborone,2021-07-20,2021-10-31,Completed,103,77.8,59.0,0.758,2200,171215.0,129856.0,12733.0,0.0,41359.0,,2021
MLA-0583,Employment Law,Partner_Setlhabi,Associate_12,CLT-032,Large Corporate,Gaborone,2019-10-28,2019-12-22,Completed,55,74.2,58.4,0.787,2200,163183.0,128470.0,6840.0,64235.0,34713.0,,2019
MLA-0584,Regulatory & Compliance,Partner_Gaobuse,Associate_05,CLT-001,Financial Institution,Francistown,2024-02-16,2024-10-22,Completed,249,32.7,32.5,0.994,2600,84900.0,84419.0,11963.0,0.0,481.0,3.2,2024
MLA-0585,Regulatory & Compliance,Partner_Thapelo,Associate_05,CLT-088,SME,Francistown,2022-12-16,2023-06-17,Completed,183,59.3,45.4,0.766,2600,154163.0,118145.0,13264.0,0.0,36018.0,,2022
MLA-0586,Commercial Law,Partner_Molao,Associate_20,CLT-095,High-Net-Worth Individual,Gaborone,2023-01-01,2023-04-17,Completed,106,101.5,81.1,0.798,3200,324953.0,259427.0,33482.0,0.0,65526.0,5.0,2023
MLA-0587,Mining & Resources,Partner_Setlhabi,Associate_01,CLT-003,Mining Company,Gaborone,2022-12-30,2024-02-14,On Hold,411,155.0,127.5,0.823,3800,588824.0,484342.0,85660.0,0.0,104482.0,,2022
MLA-0588,Property & Conveyancing,Partner_Gaobuse,Associate_17,CLT-111,High-Net-Worth Individual,Francistown,2022-01-18,2022-03-23,Completed,64,28.6,23.9,0.837,1800,51406.0,43003.0,4541.0,0.0,8403.0,4.5,2022
MLA-0589,Litigation,Partner_Setlhabi,Associate_15,CLT-100,High-Net-Worth Individual,Gaborone,2018-12-25,2019-10-12,Active,291,164.9,116.9,0.709,2800,461675.0,327356.0,47924.0,0.0,134319.0,,2018
MLA-0590,Property & Conveyancing,Partner_Gaobuse,Associate_14,CLT-077,SME,Francistown,2022-08-24,2022-10-12,Completed,49,38.5,29.5,0.766,1800,69319.0,53105.0,3250.0,0.0,16214.0,2.8,2022
MLA-0591,Mining & Resources,Partner_Molao,Associate_19,CLT-081,Financial Institution,Maun,2018-12-29,2019-03-03,Completed,64,126.9,89.5,0.706,3800,482081.0,340227.0,29101.0,0.0,141854.0,4.9,2018
MLA-0592,Property & Conveyancing,Partner_Setlhabi,Associate_06,CLT-094,Large Corporate,Francistown,2021-03-31,2021-05-11,Completed,41,17.2,13.6,0.792,1800,30939.0,24512.0,3858.0,6128.0,6428.0,3.6,2021
MLA-0593,Property & Conveyancing,Partner_Gaobuse,Associate_01,CLT-087,Mining Company,Gaborone,2019-09-23,2019-12-09,On Hold,77,31.0,24.8,0.8,1800,55823.0,44642.0,7074.0,0.0,11181.0,,2019
MLA-0594,Employment Law,Partner_Mmolawa,Associate_06,CLT-039,Government / Parastatal,Maun,2020-09-29,2020-11-29,Completed,61,71.6,45.1,0.631,2200,157441.0,99291.0,11329.0,99291.0,58150.0,3.4,2020
MLA-0595,Litigation,Partner_Setlhabi,Associate_14,CLT-099,Large Corporate,Gaborone,2025-01-16,,Active,74,153.8,126.9,0.825,2800,430770.0,355271.0,62760.0,88818.0,75499.0,,2025
MLA-0596,Litigation,Partner_Setlhabi,Associate_01,CLT-096,Government / Parastatal,Francistown,2019-10-30,2020-08-12,Completed,287,218.8,174.8,0.799,2800,612528.0,489463.0,53809.0,122366.0,123065.0,4.3,2019
MLA-0597,Commercial Law,Partner_Molao,Associate_12,CLT-002,Large Corporate,Francistown,2021-04-09,2021-08-19,Active,132,104.7,88.4,0.844,3200,335106.0,282769.0,33028.0,70692.0,52338.0,,2021
MLA-0598,Commercial Law,Partner_Molao,Associate_06,CLT-047,Large Corporate,Maun,2021-07-19,2021-08-31,Completed,43,90.4,83.4,0.922,3200,289233.0,266754.0,23778.0,66689.0,22479.0,,2021
MLA-0599,Commercial Law,Partner_Molao,Associate_05,CLT-001,Financial Institution,Francistown,2023-10-24,2023-12-29,Completed,66,96.9,75.4,0.778,3200,310050.0,241310.0,24990.0,120655.0,68740.0,3.4,2023
MLA-0600,Commercial Law,Partner_Molao,Associate_07,CLT-088,SME,Francistown,2024-04-07,2024-08-19,Active,134,102.4,88.7,0.866,3200,327822.0,283876.0,33592.0,0.0,43946.0,,2024
MLA-0601,Property & Conveyancing,Partner_Molao,Associate_14,CLT-034,Government / Parastatal,Maun,2018-11-09,2018-12-29,Completed,50,28.2,20.7,0.735,1800,50775.0,37308.0,1950.0,0.0,13467.0,,2018
MLA-0602,Commercial Law,Partner_Molao,Associate_20,CLT-044,SME,Gaborone,2021-11-02,2022-02-08,Completed,98,135.6,101.7,0.749,3200,434051.0,325305.0,47748.0,0.0,108746.0,5.0,2021
MLA-0603,Employment Law,Partner_Mmolawa,Associate_10,CLT-005,Large Corporate,Gaborone,2019-06-18,2019-07-11,Completed,23,65.9,56.2,0.854,2200,144949.0,123726.0,18459.0,0.0,21224.0,4.3,2019
MLA-0604,Property & Conveyancing,Partner_Gaobuse,Associate_07,CLT-004,Government / Parastatal,Gaborone,2023-10-05,2024-01-01,Completed,88,31.7,28.2,0.89,1800,57124.0,50836.0,8546.0,0.0,6287.0,3.9,2023
MLA-0605,Commercial Law,Partner_Molao,Associate_04,CLT-108,SME,Gaborone,2020-04-21,2020-06-05,Completed,45,80.9,69.5,0.859,3200,258819.0,222358.0,30503.0,0.0,36461.0,3.7,2020
MLA-0606,Employment Law,Partner_Mmolawa,Associate_19,CLT-016,Large Corporate,Francistown,2019-10-20,2019-12-20,Completed,61,38.6,31.8,0.824,2200,84980.0,70033.0,9082.0,0.0,14948.0,4.2,2019
MLA-0607,Mining & Resources,Partner_Thapelo,Associate_07,CLT-075,SME,Maun,2021-02-28,2022-02-10,Completed,347,316.9,229.4,0.724,3800,1204195.0,871599.0,44070.0,217900.0,332596.0,,2021
MLA-0608,Regulatory & Compliance,Partner_Mmolawa,Associate_12,CLT-072,SME,Gaborone,2020-01-29,2020-06-18,On Hold,141,37.8,27.5,0.727,2600,98264.0,71426.0,5251.0,0.0,26838.0,,2020
MLA-0609,Litigation,Partner_Setlhabi,Associate_08,CLT-026,Government / Parastatal,Gaborone,2021-07-11,2022-01-08,Completed,181,198.6,136.3,0.686,2800,556178.0,381766.0,25834.0,95441.0,174412.0,,2021
MLA-0610,Property & Conveyancing,Partner_Gaobuse,Associate_11,CLT-039,Government / Parastatal,Maun,2022-04-26,2022-06-23,Completed,58,26.7,21.5,0.805,1800,48036.0,38689.0,3504.0,38689.0,9347.0,2.9,2022
MLA-0611,Property & Conveyancing,Partner_Gaobuse,Associate_14,CLT-007,Government / Parastatal,Francistown,2018-10-13,2018-12-07,Active,55,34.4,33.4,0.972,1800,61836.0,60121.0,10346.0,0.0,1715.0,,2018
MLA-0612,Commercial Law,Partner_Molao,Associate_04,CLT-024,Large Corporate,Gaborone,2023-11-11,2024-01-08,Completed,58,97.5,85.6,0.878,3200,311939.0,273838.0,18796.0,0.0,38101.0,3.5,2023
MLA-0613,Commercial Law,Partner_Setlhabi,Associate_03,CLT-019,Government / Parastatal,Gaborone,2020-03-26,2020-06-10,Completed,76,106.5,78.7,0.739,3200,340771.0,251933.0,45042.0,0.0,88838.0,,2020
MLA-0614,Employment Law,Partner_Mmolawa,Associate_19,CLT-055,Financial Institution,Gaborone,2022-06-28,2022-09-03,Completed,67,88.2,62.4,0.707,2200,194137.0,137318.0,23827.0,137318.0,56819.0,3.7,2022
MLA-0615,Commercial Law,Partner_Molao,Associate_04,CLT-009,Government / Parastatal,Gaborone,2023-07-30,2023-09-06,Active,38,112.7,86.2,0.765,3200,360783.0,275976.0,14865.0,68994.0,84807.0,,2023
MLA-0616,Mining & Resources,Partner_Thapelo,Associate_01,CLT-116,SME,Francistown,2022-04-17,2022-08-11,Completed,116,76.7,64.0,0.834,3800,291625.0,243264.0,21738.0,0.0,48360.0,,2022
MLA-0617,Employment Law,Partner_Mmolawa,Associate_16,CLT-087,Mining Company,Gaborone,2020-04-07,2020-06-08,Completed,62,79.3,54.9,0.693,2200,174470.0,120855.0,13974.0,0.0,53616.0,,2020
MLA-0618,Property & Conveyancing,Partner_Gaobuse,Associate_02,CLT-119,High-Net-Worth Individual,Gaborone,2019-05-03,2019-06-17,Completed,45,53.1,44.2,0.833,1800,95527.0,79548.0,7869.0,0.0,15979.0,3.5,2019
MLA-0619,Property & Conveyancing,Partner_Gaobuse,Associate_06,CLT-039,Government / Parastatal,Maun,2019-07-05,2019-10-18,Completed,105,43.1,35.1,0.813,1800,77603.0,63114.0,9424.0,0.0,14488.0,4.8,2019
MLA-0620,Property & Conveyancing,Partner_Gaobuse,Associate_16,CLT-037,Financial Institution,Francistown,2019-10-03,2019-12-24,Completed,82,39.8,34.5,0.866,1800,71716.0,62129.0,7102.0,62129.0,9587.0,,2019
MLA-0621,Litigation,Partner_Gaobuse,Associate_02,CLT-001,Financial Institution,Francistown,2018-07-04,2019-08-17,Completed,409,169.0,129.0,0.763,2800,473295.0,361123.0,56061.0,0.0,112172.0,,2018
MLA-0622,Employment Law,Partner_Mmolawa,Associate_14,CLT-016,Large Corporate,Francistown,2022-01-03,2022-02-25,Completed,53,44.4,32.0,0.72,2200,97657.0,70351.0,5751.0,0.0,27306.0,3.5,2022
MLA-0623,Commercial Law,Partner_Molao,Associate_10,CLT-004,Government / Parastatal,Gaborone,2019-11-27,2020-02-08,Completed,73,79.9,56.7,0.709,3200,255798.0,181413.0,19941.0,90707.0,74385.0,4.0,2019
MLA-0624,Regulatory & Compliance,Partner_Gaobuse,Associate_01,CLT-072,SME,Gaborone,2024-08-05,2025-01-13,Completed,161,86.7,63.7,0.734,2600,225506.0,165538.0,20551.0,0.0,59969.0,4.1,2024
MLA-0625,Property & Conveyancing,Partner_Gaobuse,Associate_07,CLT-014,Government / Parastatal,Francistown,2023-08-22,2023-10-14,Completed,53,16.8,16.0,0.95,1800,30261.0,28733.0,2059.0,0.0,1527.0,,2023
MLA-0626,Commercial Law,Partner_Molao,Associate_03,CLT-095,High-Net-Worth Individual,Gaborone,2024-01-04,2024-01-26,Completed,22,63.7,48.4,0.761,3200,203759.0,154962.0,13738.0,0.0,48797.0,,2024
MLA-0627,Employment Law,Partner_Thapelo,Associate_04,CLT-055,Financial Institution,Gaborone,2021-01-24,2021-04-10,Active,76,53.4,37.2,0.697,2200,117498.0,81915.0,9157.0,0.0,35584.0,,2021
MLA-0628,Mining & Resources,Partner_Thapelo,Associate_10,CLT-041,High-Net-Worth Individual,Francistown,2021-05-13,2022-05-23,Completed,375,305.9,241.8,0.79,3800,1162578.0,918892.0,69845.0,0.0,243685.0,,2021
MLA-0629,Property & Conveyancing,Partner_Setlhabi,Associate_01,CLT-061,Large Corporate,Gaborone,2023-10-16,2024-01-02,Completed,78,18.0,15.6,0.868,1800,32333.0,28073.0,2181.0,28073.0,4261.0,,2023
MLA-0630,Property & Conveyancing,Partner_Thapelo,Associate_20,CLT-097,Financial Institution,Gaborone,2022-11-12,2023-01-06,Completed,55,40.0,36.7,0.918,1800,71939.0,66064.0,3817.0,0.0,5875.0,3.6,2022
MLA-0631,Litigation,Partner_Setlhabi,Associate_10,CLT-096,Government / Parastatal,Francistown,2022-08-08,2023-02-28,Active,204,93.0,68.3,0.734,2800,260365.0,191209.0,11162.0,0.0,69156.0,,2022
MLA-0632,Litigation,Partner_Setlhabi,Associate_09,CLT-070,High-Net-Worth Individual,Gaborone,2020-08-25,2021-10-19,Completed,420,193.3,146.1,0.756,2800,541376.0,409196.0,30669.0,0.0,132181.0,,2020
MLA-0633,Property & Conveyancing,Partner_Gaobuse,Associate_14,CLT-028,Large Corporate,Gaborone,2018-06-01,2018-07-18,Completed,47,43.1,33.8,0.783,1800,77623.0,60790.0,3270.0,15197.0,16833.0,2.6,2018
MLA-0634,Property & Conveyancing,Partner_Gaobuse,Associate_02,CLT-115,SME,Francistown,2023-06-14,2023-07-01,Completed,17,29.4,27.7,0.942,1800,52885.0,49794.0,8293.0,0.0,3091.0,3.6,2023
MLA-0635,Commercial Law,Partner_Gaobuse,Associate_03,CLT-024,Large Corporate,Gaborone,2019-07-30,2019-11-02,Completed,95,80.6,63.9,0.792,3200,257948.0,204408.0,23514.0,0.0,53540.0,,2019
MLA-0636,Property & Conveyancing,Partner_Thapelo,Associate_09,CLT-040,Mining Company,Maun,2019-01-05,2019-02-28,Completed,54,12.4,9.2,0.741,1800,22269.0,16495.0,2555.0,0.0,5774.0,3.1,2019
MLA-0637,Litigation,Partner_Setlhabi,Associate_08,CLT-110,Government / Parastatal,Gaborone,2020-06-11,2020-06-25,Completed,14,82.7,57.2,0.691,2800,231487.0,160072.0,28187.0,0.0,71416.0,3.5,2020
MLA-0638,Property & Conveyancing,Partner_Gaobuse,Associate_12,CLT-072,SME,Gaborone,2019-04-08,2019-07-14,Completed,97,45.4,36.9,0.814,1800,81663.0,66506.0,9228.0,66506.0,15156.0,,2019
MLA-0639,Regulatory & Compliance,Partner_Gaobuse,Associate_16,CLT-075,SME,Maun,2021-06-16,2021-10-12,On Hold,118,54.6,40.1,0.734,2600,141963.0,104166.0,13412.0,26041.0,37797.0,,2021
MLA-0640,Employment Law,Partner_Setlhabi,Associate_09,CLT-049,SME,Francistown,2021-06-20,2021-08-07,Completed,48,64.0,52.1,0.813,2200,140853.0,114539.0,19175.0,28635.0,26314.0,4.0,2021
MLA-0641,Litigation,Partner_Setlhabi,Associate_01,CLT-106,Government / Parastatal,Gaborone,2022-05-29,2023-05-21,Active,357,177.5,157.0,0.884,2800,497106.0,439525.0,39168.0,219762.0,57581.0,,2022
MLA-0642,Mining & Resources,Partner_Thapelo,Associate_06,CLT-107,Government / Parastatal,Gaborone,2025-01-30,,Active,60,193.0,146.8,0.761,3800,733359.0,558000.0,86820.0,0.0,175359.0,,2025
MLA-0643,Mining & Resources,Partner_Thapelo,Associate_03,CLT-092,Financial Institution,Maun,2023-07-07,2024-01-23,Completed,200,138.5,110.9,0.8,3800,526457.0,421233.0,67124.0,105308.0,105224.0,,2023
MLA-0644,Mining & Resources,Partner_Gaobuse,Associate_17,CLT-003,Mining Company,Gaborone,2022-09-20,2023-12-11,Active,447,184.1,164.3,0.892,3800,699757.0,624447.0,91114.0,0.0,75309.0,,2022
MLA-0645,Commercial Law,Partner_Molao,Associate_06,CLT-061,Large Corporate,Gaborone,2019-07-12,2019-09-11,Completed,61,112.2,79.1,0.705,3200,358973.0,253009.0,22700.0,0.0,105965.0,4.5,2019
MLA-0646,Litigation,Partner_Setlhabi,Associate_05,CLT-096,Government / Parastatal,Francistown,2022-08-08,2023-04-02,Completed,237,126.7,107.8,0.851,2800,354802.0,301933.0,33873.0,75483.0,52869.0,3.3,2022
MLA-0647,Employment Law,Partner_Gaobuse,Associate_07,CLT-003,Mining Company,Gaborone,2022-02-14,2022-07-04,Active,140,8.3,6.5,0.778,2200,18333.0,14257.0,2464.0,7129.0,4076.0,,2022
MLA-0648,Litigation,Partner_Thapelo,Associate_20,CLT-061,Large Corporate,Gaborone,2018-12-31,2019-07-31,Completed,212,176.1,163.5,0.928,2800,493095.0,457791.0,64624.0,0.0,35304.0,3.8,2018
MLA-0649,Property & Conveyancing,Partner_Gaobuse,Associate_03,CLT-114,Government / Parastatal,Francistown,2019-11-28,2019-12-19,Completed,21,33.1,32.6,0.987,1800,59501.0,58704.0,8419.0,0.0,797.0,,2019
MLA-0650,Property & Conveyancing,Partner_Gaobuse,Associate_04,CLT-008,Large Corporate,Francistown,2020-04-12,2020-06-28,Active,77,22.8,17.8,0.78,1800,41068.0,32033.0,4859.0,0.0,9034.0,,2020
MLA-0651,Property & Conveyancing,Partner_Gaobuse,Associate_07,CLT-057,Large Corporate,Gaborone,2021-03-05,2021-05-09,Completed,65,15.7,14.6,0.926,1800,28274.0,26193.0,1924.0,6548.0,2081.0,2.5,2021
MLA-0652,Regulatory & Compliance,Partner_Setlhabi,Associate_20,CLT-033,Large Corporate,Gaborone,2020-10-14,2021-02-09,Completed,118,75.6,56.5,0.747,2600,196589.0,146839.0,16088.0,0.0,49751.0,2.4,2020
MLA-0653,Litigation,Partner_Setlhabi,Associate_07,CLT-075,SME,Maun,2022-09-30,2023-03-18,Completed,169,197.1,165.0,0.837,2800,551802.0,461904.0,28816.0,0.0,89899.0,3.2,2022
MLA-0654,Litigation,Partner_Thapelo,Associate_20,CLT-074,SME,Gaborone,2018-07-06,2019-06-21,Completed,350,149.8,102.1,0.681,2800,419518.0,285846.0,28448.0,285846.0,133672.0,,2018
MLA-0655,Commercial Law,Partner_Molao,Associate_19,CLT-006,Large Corporate,Gaborone,2019-11-27,2020-02-27,Active,92,54.8,45.8,0.837,3200,175294.0,146719.0,24080.0,0.0,28575.0,,2019
MLA-0656,Litigation,Partner_Setlhabi,Associate_05,CLT-009,Government / Parastatal,Gaborone,2021-07-07,2022-05-09,Completed,306,161.0,107.4,0.667,2800,450834.0,300645.0,49101.0,75161.0,150189.0,,2021
MLA-0657,Regulatory & Compliance,Partner_Gaobuse,Associate_09,CLT-059,SME,Gaborone,2020-12-16,2021-04-28,Completed,133,69.0,60.0,0.869,2600,179437.0,155954.0,11143.0,38989.0,23482.0,2.8,2020
MLA-0658,Regulatory & Compliance,Partner_Thapelo,Associate_15,CLT-002,Large Corporate,Francistown,2019-09-01,2019-11-08,Completed,68,67.0,46.5,0.694,2600,174095.0,120807.0,13426.0,0.0,53288.0,1.5,2019
MLA-0659,Commercial Law,Partner_Mmolawa,Associate_02,CLT-031,Large Corporate,Gaborone,2024-04-16,2024-08-16,Completed,122,98.0,72.3,0.738,3200,313560.0,231262.0,36992.0,115631.0,82298.0,1.8,2024
MLA-0660,Commercial Law,Partner_Setlhabi,Associate_06,CLT-080,Large Corporate,Gaborone,2021-01-22,2021-05-14,Completed,112,55.0,43.7,0.795,3200,175874.0,139742.0,10846.0,139742.0,36132.0,5.0,2021
MLA-0661,Mining & Resources,Partner_Thapelo,Associate_03,CLT-008,Large Corporate,Francistown,2023-08-03,2024-03-02,Active,212,201.5,171.8,0.853,3800,765531.0,652701.0,34838.0,163175.0,112830.0,,2023
MLA-0662,Employment Law,Partner_Mmolawa,Associate_19,CLT-109,High-Net-Worth Individual,Gaborone,2019-03-11,2019-07-12,Completed,123,51.5,42.2,0.82,2200,113254.0,92852.0,5621.0,23213.0,20402.0,,2019
MLA-0663,Property & Conveyancing,Partner_Thapelo,Associate_01,CLT-013,SME,Gaborone,2018-06-29,2018-07-29,On Hold,30,21.7,18.4,0.847,1800,39005.0,33050.0,3049.0,8263.0,5955.0,,2018
MLA-0664,Employment Law,Partner_Thapelo,Associate_05,CLT-007,Government / Parastatal,Francistown,2018-07-19,2018-09-06,Completed,49,45.7,40.4,0.884,2200,100556.0,88931.0,13674.0,22233.0,11625.0,3.9,2018
MLA-0665,Employment Law,Partner_Mmolawa,Associate_09,CLT-006,Large Corporate,Gaborone,2022-06-22,2022-09-20,Active,90,86.3,55.6,0.645,2200,189805.0,122400.0,8713.0,30600.0,67405.0,,2022
MLA-0666,Litigation,Partner_Setlhabi,Associate_04,CLT-010,Mining Company,Gaborone,2022-11-06,2023-06-05,Active,211,127.6,106.8,0.837,2800,357377.0,299135.0,50101.0,0.0,58242.0,,2022
MLA-0667,Litigation,Partner_Setlhabi,Associate_12,CLT-043,Mining Company,Maun,2023-06-29,2024-05-18,Completed,324,63.4,48.5,0.766,2800,177530.0,135913.0,11539.0,0.0,41617.0,3.7,2023
MLA-0668,Property & Conveyancing,Partner_Gaobuse,Associate_06,CLT-030,Government / Parastatal,Maun,2022-10-11,2023-02-21,Completed,133,26.2,19.8,0.753,1800,47216.0,35572.0,6279.0,8893.0,11645.0,,2022
MLA-0669,Employment Law,Partner_Thapelo,Associate_17,CLT-003,Mining Company,Gaborone,2023-04-02,2023-05-27,Active,55,60.8,48.1,0.792,2200,133652.0,105789.0,11858.0,0.0,27863.0,,2023
MLA-0670,Commercial Law,Partner_Setlhabi,Associate_17,CLT-029,Mining Company,Francistown,2024-05-17,2024-09-25,Completed,131,72.3,48.3,0.668,3200,231411.0,154522.0,8632.0,0.0,76888.0,3.6,2024
MLA-0671,Commercial Law,Partner_Molao,Associate_19,CLT-091,SME,Gaborone,2021-12-26,2022-04-28,Completed,123,42.2,32.6,0.771,3200,135076.0,104182.0,12028.0,0.0,30894.0,,2021
MLA-0672,Commercial Law,Partner_Molao,Associate_13,CLT-002,Large Corporate,Francistown,2022-09-01,2023-02-05,Completed,157,65.1,60.9,0.935,3200,208393.0,194944.0,24629.0,0.0,13449.0,,2022
MLA-0673,Employment Law,Partner_Mmolawa,Associate_06,CLT-007,Government / Parastatal,Francistown,2018-11-17,2019-01-21,Completed,65,75.8,60.5,0.799,2200,166740.0,133193.0,21752.0,0.0,33547.0,4.7,2018
MLA-0674,Commercial Law,Partner_Molao,Associate_06,CLT-065,Mining Company,Gaborone,2023-02-28,2023-06-28,Active,120,87.0,77.2,0.887,3200,278460.0,246893.0,43343.0,0.0,31567.0,,2023
MLA-0675,Property & Conveyancing,Partner_Gaobuse,Associate_20,CLT-018,Government / Parastatal,Gaborone,2022-06-06,2022-07-14,Completed,38,32.8,31.0,0.948,1800,58951.0,55866.0,3775.0,0.0,3085.0,,2022
MLA-0676,Employment Law,Partner_Mmolawa,Associate_01,CLT-007,Government / Parastatal,Francistown,2019-08-18,2019-12-08,Completed,112,42.6,33.1,0.776,2200,93746.0,72750.0,9558.0,18188.0,20995.0,3.6,2019
MLA-0677,Litigation,Partner_Setlhabi,Associate_16,CLT-028,Large Corporate,Gaborone,2019-04-23,2019-09-18,Completed,148,120.2,83.8,0.697,2800,336619.0,234577.0,33155.0,234577.0,102042.0,3.8,2019
MLA-0678,Mining & Resources,Partner_Thapelo,Associate_07,CLT-010,Mining Company,Gaborone,2022-05-24,2022-11-11,Completed,171,344.4,238.6,0.693,3800,1308632.0,906862.0,119663.0,226716.0,401769.0,,2022
MLA-0679,Mining & Resources,Partner_Thapelo,Associate_20,CLT-077,SME,Francistown,2021-04-06,2022-07-19,Completed,469,201.7,139.1,0.689,3800,766442.0,528416.0,61685.0,132104.0,238027.0,,2021
MLA-0680,Regulatory & Compliance,Partner_Mmolawa,Associate_08,CLT-075,SME,Maun,2023-12-04,2024-04-23,Completed,141,63.2,39.7,0.628,2600,164289.0,103248.0,12588.0,0.0,61042.0,,2023
MLA-0681,Regulatory & Compliance,Partner_Molao,Associate_16,CLT-060,Large Corporate,Gaborone,2021-11-21,2022-04-10,Completed,140,40.8,33.6,0.822,2600,106159.0,87301.0,6196.0,21825.0,18858.0,3.7,2021
MLA-0682,Property & Conveyancing,Partner_Gaobuse,Associate_19,CLT-106,Government / Parastatal,Gaborone,2021-10-21,2022-01-15,Active,86,37.7,36.9,0.98,1800,67788.0,66408.0,9495.0,0.0,1381.0,,2021
MLA-0683,Regulatory & Compliance,Partner_Mmolawa,Associate_14,CLT-094,Large Corporate,Francistown,2022-01-15,2022-06-11,Completed,147,123.9,100.4,0.81,2600,322173.0,261043.0,41712.0,0.0,61130.0,4.0,2022
MLA-0684,Employment Law,Partner_Mmolawa,Associate_05,CLT-006,Large Corporate,Gaborone,2019-10-03,2019-12-10,Completed,68,58.7,45.0,0.766,2200,129232.0,98959.0,10299.0,98959.0,30273.0,4.0,2019
MLA-0685,Commercial Law,Partner_Molao,Associate_01,CLT-018,Government / Parastatal,Gaborone,2020-12-04,2021-03-10,Completed,96,76.2,60.8,0.798,3200,243878.0,194678.0,30688.0,97339.0,49200.0,4.7,2020
MLA-0686,Commercial Law,Partner_Molao,Associate_20,CLT-008,Large Corporate,Francistown,2024-04-20,2024-08-29,Completed,131,55.1,42.0,0.763,3200,176177.0,134452.0,12671.0,0.0,41726.0,4.7,2024
MLA-0687,Regulatory & Compliance,Partner_Gaobuse,Associate_05,CLT-097,Financial Institution,Gaborone,2023-10-13,2023-11-05,Completed,23,62.3,55.6,0.893,2600,162016.0,144676.0,8182.0,72338.0,17340.0,,2023
MLA-0688,Regulatory & Compliance,Partner_Molao,Associate_04,CLT-086,Financial Institution,Gaborone,2024-11-02,,Active,149,51.2,46.6,0.91,2600,133047.0,121138.0,20976.0,30285.0,11909.0,,2024
MLA-0689,Commercial Law,Partner_Molao,Associate_04,CLT-100,High-Net-Worth Individual,Gaborone,2022-01-21,2022-03-16,Completed,54,84.3,62.9,0.745,3200,269823.0,201141.0,21602.0,0.0,68682.0,,2022
MLA-0690,Commercial Law,Partner_Molao,Associate_11,CLT-092,Financial Institution,Maun,2019-05-19,2019-09-16,Completed,120,70.0,64.9,0.928,3200,223945.0,207828.0,21624.0,51957.0,16118.0,4.2,2019
MLA-0691,Mining & Resources,Partner_Thapelo,Associate_17,CLT-006,Large Corporate,Gaborone,2020-12-25,2021-09-06,Completed,255,183.3,142.0,0.775,3800,696444.0,539724.0,52290.0,134931.0,156720.0,3.5,2020
MLA-0692,Mining & Resources,Partner_Thapelo,Associate_08,CLT-005,Large Corporate,Gaborone,2022-10-23,2024-02-28,Completed,493,135.4,106.4,0.785,3800,514639.0,404207.0,44316.0,202104.0,110432.0,,2022
MLA-0693,Litigation,Partner_Setlhabi,Associate_05,CLT-084,Large Corporate,Gaborone,2023-10-21,2024-10-11,Completed,356,124.2,110.3,0.888,2800,347778.0,308874.0,28084.0,308874.0,38904.0,4.9,2023
MLA-0694,Commercial Law,Partner_Setlhabi,Associate_19,CLT-002,Large Corporate,Francistown,2023-10-31,2024-01-13,Completed,74,114.7,102.7,0.895,3200,367039.0,328601.0,54269.0,82150.0,38438.0,,2023
MLA-0695,Employment Law,Partner_Mmolawa,Associate_12,CLT-001,Financial Institution,Francistown,2021-02-19,2021-05-09,Completed,79,62.8,52.4,0.835,2200,138098.0,115263.0,7964.0,0.0,22835.0,,2021
MLA-0696,Regulatory & Compliance,Partner_Thapelo,Associate_20,CLT-065,Mining Company,Gaborone,2021-11-15,2022-03-30,Completed,135,44.4,40.3,0.906,2600,115546.0,104726.0,10743.0,0.0,10820.0,3.0,2021
MLA-0697,Commercial Law,Partner_Molao,Associate_05,CLT-044,SME,Gaborone,2024-01-25,2024-04-07,Completed,73,120.3,93.7,0.779,3200,385067.0,299951.0,36514.0,0.0,85116.0,,2024
MLA-0698,Commercial Law,Partner_Molao,Associate_18,CLT-055,Financial Institution,Gaborone,2020-09-15,2020-12-24,Completed,100,91.0,84.0,0.924,3200,291150.0,268938.0,28227.0,0.0,22212.0,,2020
MLA-0699,Mining & Resources,Partner_Thapelo,Associate_17,CLT-017,SME,Francistown,2018-07-15,2019-07-20,Active,370,181.9,158.8,0.873,3800,691131.0,603304.0,65359.0,0.0,87827.0,,2018
MLA-0700,Commercial Law,Partner_Molao,Associate_08,CLT-089,Government / Parastatal,Gaborone,2024-07-10,2024-11-08,Active,121,70.9,60.5,0.853,3200,226789.0,193523.0,25469.0,0.0,33266.0,,2024
MLA-0701,Property & Conveyancing,Partner_Gaobuse,Associate_10,CLT-067,Large Corporate,Gaborone,2024-06-04,2024-08-04,Completed,61,14.8,13.5,0.912,1800,26657.0,24300.0,2857.0,0.0,2357.0,4.8,2024
MLA-0702,Property & Conveyancing,Partner_Gaobuse,Associate_15,CLT-004,Government / Parastatal,Gaborone,2022-10-10,2022-11-21,Completed,42,18.2,17.4,0.954,1800,32754.0,31253.0,1815.0,15626.0,1501.0,3.8,2022
MLA-0703,Property & Conveyancing,Partner_Gaobuse,Associate_17,CLT-025,Large Corporate,Francistown,2024-04-08,2024-06-13,Completed,66,29.8,25.9,0.87,1800,53568.0,46586.0,3926.0,0.0,6981.0,3.7,2024
MLA-0704,Property & Conveyancing,Partner_Mmolawa,Associate_14,CLT-092,Financial Institution,Maun,2019-08-15,2019-10-18,Completed,64,34.2,25.4,0.742,1800,61596.0,45726.0,5007.0,45726.0,15870.0,3.8,2019
MLA-0705,Property & Conveyancing,Partner_Gaobuse,Associate_15,CLT-036,Large Corporate,Francistown,2019-10-05,2019-12-18,Completed,74,25.6,25.3,0.986,1800,46144.0,45486.0,7903.0,0.0,658.0,4.7,2019
MLA-0706,Commercial Law,Partner_Molao,Associate_02,CLT-044,SME,Gaborone,2019-04-28,2019-06-21,On Hold,54,81.1,65.0,0.802,3200,259373.0,208035.0,18603.0,0.0,51338.0,,2019
MLA-0707,Mining & Resources,Partner_Thapelo,Associate_19,CLT-028,Large Corporate,Gaborone,2021-06-03,2022-03-15,Completed,285,277.5,251.6,0.907,3800,1054483.0,956110.0,149618.0,0.0,98373.0,2.3,2021
MLA-0708,Litigation,Partner_Mmolawa,Associate_16,CLT-052,Government / Parastatal,Maun,2024-05-06,2024-11-10,Completed,188,181.5,132.5,0.73,2800,508266.0,370961.0,36744.0,92740.0,137305.0,,2024
MLA-0709,Commercial Law,Partner_Molao,Associate_15,CLT-082,Financial Institution,Maun,2023-01-14,2023-04-25,Completed,101,82.3,61.2,0.743,3200,263381.0,195780.0,12062.0,0.0,67602.0,,2023
MLA-0710,Litigation,Partner_Gaobuse,Associate_18,CLT-002,Large Corporate,Francistown,2022-12-20,2024-01-24,Completed,400,149.3,138.7,0.929,2800,418137.0,388409.0,63145.0,97102.0,29728.0,3.1,2022
MLA-0711,Mining & Resources,Partner_Thapelo,Associate_18,CLT-064,Government / Parastatal,Gaborone,2024-04-10,2025-01-03,On Hold,268,235.9,165.5,0.702,3800,896486.0,629077.0,75765.0,157269.0,267409.0,,2024
MLA-0712,Regulatory & Compliance,Partner_Thapelo,Associate_07,CLT-081,Financial Institution,Maun,2023-08-21,2024-01-17,Completed,149,81.8,74.3,0.909,2600,212701.0,193281.0,33187.0,0.0,19419.0,3.1,2023
MLA-0713,Mining & Resources,Partner_Thapelo,Associate_19,CLT-032,Large Corporate,Gaborone,2023-12-26,2024-08-17,Completed,235,276.0,230.4,0.835,3800,1048871.0,875543.0,48897.0,437772.0,173328.0,4.4,2023
MLA-0714,Property & Conveyancing,Partner_Gaobuse,Associate_17,CLT-011,Large Corporate,Gaborone,2020-11-19,2021-02-28,On Hold,101,31.6,23.8,0.753,1800,56879.0,42821.0,5157.0,0.0,14058.0,,2020
MLA-0715,Commercial Law,Partner_Setlhabi,Associate_10,CLT-113,Government / Parastatal,Francistown,2019-11-25,2020-02-10,On Hold,77,78.4,52.5,0.67,3200,250726.0,168110.0,12371.0,42027.0,82616.0,,2019
MLA-0716,Litigation,Partner_Setlhabi,Associate_05,CLT-027,SME,Gaborone,2021-08-20,2022-03-18,Active,210,139.0,100.0,0.719,2800,389336.0,280108.0,46760.0,0.0,109227.0,,2021
MLA-0717,Litigation,Partner_Setlhabi,Associate_08,CLT-039,Government / Parastatal,Maun,2023-08-29,2023-11-21,Completed,84,179.2,134.5,0.751,2800,501752.0,376676.0,21803.0,0.0,125076.0,3.1,2023
MLA-0718,Property & Conveyancing,Partner_Gaobuse,Associate_08,CLT-107,Government / Parastatal,Gaborone,2018-03-18,2018-06-06,On Hold,80,17.5,14.1,0.801,1800,31564.0,25298.0,3485.0,0.0,6266.0,,2018
MLA-0719,Property & Conveyancing,Partner_Gaobuse,Associate_19,CLT-026,Government / Parastatal,Gaborone,2018-12-10,2019-02-04,Completed,56,44.8,42.9,0.959,1800,80575.0,77274.0,11728.0,0.0,3301.0,3.3,2018
MLA-0720,Commercial Law,Partner_Molao,Associate_14,CLT-114,Government / Parastatal,Francistown,2024-03-23,2024-08-01,Completed,131,87.1,71.7,0.823,3200,278669.0,229417.0,25329.0,57354.0,49252.0,3.2,2024
MLA-0721,Regulatory & Compliance,Partner_Molao,Associate_02,CLT-110,Government / Parastatal,Gaborone,2023-05-30,2023-11-12,Completed,166,70.4,54.7,0.776,2600,183100.0,142113.0,19668.0,142113.0,40986.0,,2023
MLA-0722,Commercial Law,Partner_Gaobuse,Associate_02,CLT-006,Large Corporate,Gaborone,2023-12-28,2024-05-01,Completed,125,99.9,88.1,0.882,3200,319704.0,281890.0,28581.0,0.0,37814.0,4.1,2023
MLA-0723,Property & Conveyancing,Partner_Gaobuse,Associate_14,CLT-007,Government / Parastatal,Francistown,2023-08-30,2023-11-12,Completed,74,5.0,4.9,0.989,1800,9000.0,8904.0,1235.0,0.0,96.0,2.9,2023
MLA-0724,Mining & Resources,Partner_Thapelo,Associate_08,CLT-066,Mining Company,Gaborone,2021-08-10,2022-08-06,Completed,361,71.9,55.1,0.767,3800,273052.0,209462.0,26798.0,0.0,63589.0,,2021
MLA-0725,Employment Law,Partner_Mmolawa,Associate_16,CLT-001,Financial Institution,Francistown,2018-02-09,2018-04-25,Completed,75,81.4,63.6,0.781,2200,179174.0,140009.0,23295.0,35002.0,39165.0,,2018
MLA-0726,Property & Conveyancing,Partner_Molao,Associate_18,CLT-001,Financial Institution,Francistown,2022-12-29,2023-03-13,Completed,74,37.3,32.9,0.881,1800,67209.0,59243.0,9222.0,14811.0,7966.0,4.7,2022
MLA-0727,Commercial Law,Partner_Molao,Associate_04,CLT-035,Financial Institution,Francistown,2020-03-01,2020-06-25,Completed,116,133.8,109.9,0.821,3200,428125.0,351648.0,18487.0,0.0,76477.0,,2020
MLA-0728,Litigation,Partner_Setlhabi,Associate_20,CLT-061,Large Corporate,Gaborone,2020-06-24,2020-09-18,Completed,86,143.7,102.5,0.714,2800,402349.0,287128.0,27906.0,0.0,115222.0,,2020
MLA-0729,Employment Law,Partner_Mmolawa,Associate_07,CLT-118,Government / Parastatal,Gaborone,2022-06-11,2022-08-03,Completed,53,50.3,32.7,0.65,2200,110579.0,71872.0,8268.0,0.0,38707.0,5.0,2022
MLA-0730,Employment Law,Partner_Mmolawa,Associate_20,CLT-051,Large Corporate,Francistown,2018-09-25,2018-12-17,Completed,83,51.6,39.3,0.762,2200,113551.0,86484.0,5757.0,43242.0,27067.0,,2018
MLA-0731,Regulatory & Compliance,Partner_Gaobuse,Associate_07,CLT-096,Government / Parastatal,Francistown,2018-04-05,2018-09-10,Completed,158,77.5,77.5,0.999,2600,201620.0,201379.0,24021.0,0.0,241.0,4.6,2018
MLA-0732,Property & Conveyancing,Partner_Molao,Associate_11,CLT-030,Government / Parastatal,Maun,2022-07-25,2022-09-11,Completed,48,21.9,17.0,0.776,1800,39416.0,30601.0,3386.0,0.0,8816.0,,2022
MLA-0733,Regulatory & Compliance,Partner_Setlhabi,Associate_02,CLT-009,Government / Parastatal,Gaborone,2022-09-17,2022-11-12,Completed,56,48.1,37.9,0.787,2600,125083.0,98437.0,9936.0,0.0,26646.0,,2022
MLA-0734,Mining & Resources,Partner_Setlhabi,Associate_14,CLT-114,Government / Parastatal,Francistown,2020-10-20,2021-08-11,Completed,295,157.2,110.7,0.704,3800,597269.0,420736.0,24474.0,0.0,176534.0,3.2,2020
MLA-0735,Property & Conveyancing,Partner_Gaobuse,Associate_11,CLT-095,High-Net-Worth Individual,Gaborone,2020-10-09,2020-11-03,Completed,25,21.2,16.1,0.757,1800,38186.0,28923.0,2728.0,0.0,9262.0,3.3,2020
MLA-0736,Mining & Resources,Partner_Thapelo,Associate_20,CLT-031,Large Corporate,Gaborone,2019-01-27,2020-02-22,Completed,391,94.7,79.5,0.839,3800,359744.0,301992.0,18458.0,0.0,57752.0,3.9,2019
MLA-0737,Litigation,Partner_Molao,Associate_05,CLT-002,Large Corporate,Francistown,2022-12-16,2023-07-14,Completed,210,68.6,49.3,0.718,2800,192024.0,137962.0,14643.0,0.0,54062.0,3.0,2022
MLA-0738,Commercial Law,Partner_Mmolawa,Associate_04,CLT-059,SME,Gaborone,2022-08-11,2022-12-27,Completed,138,94.5,64.1,0.679,3200,302385.0,205183.0,27857.0,0.0,97202.0,2.2,2022
MLA-0739,Mining & Resources,Partner_Thapelo,Associate_04,CLT-015,Government / Parastatal,Francistown,2018-04-17,2019-01-22,Completed,280,208.1,165.6,0.796,3800,790597.0,629149.0,47200.0,0.0,161448.0,4.3,2018
MLA-0740,Commercial Law,Partner_Setlhabi,Associate_19,CLT-005,Large Corporate,Gaborone,2023-09-16,2023-11-17,Completed,62,91.3,65.7,0.719,3200,292296.0,210175.0,30307.0,0.0,82122.0,3.3,2023
MLA-0741,Mining & Resources,Partner_Thapelo,Associate_10,CLT-054,Government / Parastatal,Gaborone,2023-10-03,2024-12-05,Completed,429,144.3,133.4,0.925,3800,548257.0,506992.0,45860.0,253496.0,41265.0,,2023
MLA-0742,Commercial Law,Partner_Molao,Associate_11,CLT-010,Mining Company,Gaborone,2018-02-03,2018-07-11,Completed,158,85.6,72.0,0.841,3200,274029.0,230367.0,15849.0,0.0,43662.0,,2018
MLA-0743,Property & Conveyancing,Partner_Gaobuse,Associate_12,CLT-007,Government / Parastatal,Francistown,2020-03-31,2020-05-11,Completed,41,27.4,24.7,0.903,1800,49330.0,44539.0,2623.0,0.0,4791.0,2.3,2020
MLA-0744,Employment Law,Partner_Mmolawa,Associate_11,CLT-097,Financial Institution,Gaborone,2024-05-07,2024-06-05,Completed,29,20.3,17.2,0.849,2200,44637.0,37913.0,3959.0,0.0,6724.0,4.0,2024
MLA-0745,Mining & Resources,Partner_Thapelo,Associate_08,CLT-108,SME,Gaborone,2020-07-02,2020-10-20,Completed,110,235.6,201.9,0.857,3800,895321.0,767085.0,59609.0,0.0,128236.0,,2020
MLA-0746,Mining & Resources,Partner_Mmolawa,Associate_07,CLT-025,Large Corporate,Francistown,2018-01-28,2018-09-27,Completed,242,262.7,186.2,0.709,3800,998080.0,707538.0,38138.0,0.0,290542.0,3.6,2018
MLA-0747,Commercial Law,Partner_Molao,Associate_12,CLT-002,Large Corporate,Francistown,2018-05-02,2018-09-01,Completed,122,133.0,100.6,0.757,3200,425483.0,321907.0,25258.0,0.0,103576.0,3.6,2018
MLA-0748,Mining & Resources,Partner_Thapelo,Associate_07,CLT-001,Financial Institution,Francistown,2020-12-08,2021-01-18,Completed,41,137.6,125.5,0.912,3800,522943.0,477037.0,65864.0,0.0,45906.0,,2020
MLA-0749,Commercial Law,Partner_Gaobuse,Associate_15,CLT-008,Large Corporate,Francistown,2022-03-06,2022-06-21,Active,107,63.6,57.8,0.908,3200,203537.0,184898.0,32731.0,184898.0,18638.0,,2022
MLA-0750,Regulatory & Compliance,Partner_Molao,Associate_04,CLT-005,Large Corporate,Gaborone,2019-06-20,2019-10-11,Completed,113,42.5,38.9,0.914,2600,110608.0,101080.0,10024.0,0.0,9529.0,3.9,2019
MLA-0751,Regulatory & Compliance,Partner_Setlhabi,Associate_02,CLT-083,Large Corporate,Gaborone,2024-08-02,2024-10-29,Completed,88,59.9,42.1,0.703,2600,155700.0,109382.0,16697.0,0.0,46318.0,3.6,2024
MLA-0752,Mining & Resources,Partner_Thapelo,Associate_19,CLT-102,Large Corporate,Gaborone,2020-05-07,2020-10-23,Completed,169,230.9,199.9,0.865,3800,877556.0,759491.0,116073.0,0.0,118065.0,4.8,2020
MLA-0753,Litigation,Partner_Thapelo,Associate_12,CLT-040,Mining Company,Maun,2023-03-17,2023-11-13,Completed,241,135.2,98.1,0.726,2800,378474.0,274637.0,32493.0,0.0,103836.0,,2023
MLA-0754,Property & Conveyancing,Partner_Gaobuse,Associate_19,CLT-064,Government / Parastatal,Gaborone,2020-04-28,2020-06-30,Completed,63,34.9,27.5,0.788,1800,62893.0,49555.0,8038.0,0.0,13338.0,4.1,2020
MLA-0755,Regulatory & Compliance,Partner_Thapelo,Associate_06,CLT-110,Government / Parastatal,Gaborone,2022-03-13,2022-06-11,Completed,90,71.5,53.3,0.745,2600,185983.0,138540.0,20464.0,0.0,47443.0,3.8,2022
MLA-0756,Litigation,Partner_Setlhabi,Associate_17,CLT-060,Large Corporate,Gaborone,2022-10-12,2023-06-19,Completed,250,84.0,64.4,0.767,2800,235081.0,180303.0,17629.0,0.0,54778.0,3.8,2022
MLA-0757,Commercial Law,Partner_Molao,Associate_09,CLT-064,Government / Parastatal,Gaborone,2022-01-10,2022-04-05,Completed,85,78.8,74.2,0.942,3200,252187.0,237558.0,27374.0,0.0,14629.0,2.5,2022
MLA-0758,Litigation,Partner_Setlhabi,Associate_04,CLT-003,Mining Company,Gaborone,2018-06-06,2019-02-09,Completed,248,113.1,89.4,0.79,2800,316715.0,250307.0,34483.0,0.0,66408.0,,2018
MLA-0759,Mining & Resources,Partner_Setlhabi,Associate_20,CLT-120,Large Corporate,Gaborone,2024-02-03,2024-07-28,Completed,176,211.2,185.9,0.88,3800,802522.0,706577.0,62837.0,176644.0,95945.0,,2024
MLA-0760,Litigation,Partner_Setlhabi,Associate_19,CLT-082,Financial Institution,Maun,2018-02-18,2018-07-24,Completed,156,202.0,156.0,0.772,2800,565655.0,436750.0,65054.0,0.0,128905.0,4.5,2018
MLA-0761,Litigation,Partner_Setlhabi,Associate_16,CLT-008,Large Corporate,Francistown,2024-08-01,2025-01-25,Completed,177,160.9,136.7,0.849,2800,450611.0,382726.0,55084.0,0.0,67885.0,,2024
MLA-0762,Litigation,Partner_Setlhabi,Associate_14,CLT-007,Government / Parastatal,Francistown,2023-01-18,2023-05-23,Completed,125,227.0,196.5,0.866,2800,635573.0,550294.0,37455.0,275147.0,85278.0,4.4,2023
MLA-0763,Employment Law,Partner_Mmolawa,Associate_12,CLT-015,Government / Parastatal,Francistown,2022-09-13,2022-11-10,Completed,58,74.3,53.7,0.724,2200,163375.0,118221.0,17635.0,29555.0,45154.0,4.5,2022
MLA-0764,Property & Conveyancing,Partner_Gaobuse,Associate_02,CLT-108,SME,Gaborone,2019-09-22,2019-11-26,On Hold,65,25.5,25.4,0.995,1800,45989.0,45749.0,5667.0,11437.0,240.0,,2019
MLA-0765,Regulatory & Compliance,Partner_Thapelo,Associate_13,CLT-117,Large Corporate,Francistown,2020-04-16,2020-08-07,Completed,113,70.9,65.4,0.922,2600,184398.0,170000.0,17040.0,0.0,14398.0,4.4,2020
MLA-0766,Regulatory & Compliance,Partner_Gaobuse,Associate_03,CLT-006,Large Corporate,Gaborone,2024-03-14,2024-04-29,Active,46,83.1,64.5,0.776,2600,215935.0,167672.0,21535.0,0.0,48263.0,,2024
MLA-0767,Commercial Law,Partner_Mmolawa,Associate_10,CLT-007,Government / Parastatal,Francistown,2021-04-07,2021-05-07,Completed,30,123.8,96.4,0.778,3200,396173.0,308357.0,17721.0,0.0,87816.0,4.5,2021
MLA-0768,Mining & Resources,Partner_Thapelo,Associate_06,CLT-119,High-Net-Worth Individual,Gaborone,2019-06-13,2019-11-29,Completed,169,278.9,227.8,0.817,3800,1059704.0,865561.0,51015.0,865561.0,194142.0,,2019
MLA-0769,Commercial Law,Partner_Molao,Associate_14,CLT-091,SME,Gaborone,2023-04-29,2023-06-18,Completed,50,72.8,54.3,0.746,3200,232890.0,173717.0,15694.0,0.0,59173.0,,2023
MLA-0770,Property & Conveyancing,Partner_Gaobuse,Associate_05,CLT-032,Large Corporate,Gaborone,2022-06-24,2022-08-14,Completed,51,25.9,23.1,0.893,1800,46609.0,41627.0,3861.0,0.0,4981.0,3.9,2022
MLA-0771,Property & Conveyancing,Partner_Gaobuse,Associate_03,CLT-010,Mining Company,Gaborone,2023-02-13,2023-05-15,Active,91,40.8,33.6,0.823,1800,73514.0,60478.0,9253.0,0.0,13036.0,,2023
MLA-0772,Mining & Resources,Partner_Mmolawa,Associate_08,CLT-006,Large Corporate,Gaborone,2024-12-05,,Active,116,160.6,127.8,0.796,3800,610463.0,485672.0,53190.0,242836.0,124791.0,,2024
MLA-0773,Commercial Law,Partner_Molao,Associate_13,CLT-072,SME,Gaborone,2018-06-28,2018-08-27,Active,60,34.9,26.8,0.767,3200,111737.0,85733.0,7338.0,0.0,26003.0,,2018
MLA-0774,Litigation,Partner_Setlhabi,Associate_16,CLT-026,Government / Parastatal,Gaborone,2024-03-14,,Active,382,187.3,128.4,0.686,2800,524378.0,359630.0,35220.0,89908.0,164748.0,,2024
MLA-0775,Property & Conveyancing,Partner_Mmolawa,Associate_15,CLT-006,Large Corporate,Gaborone,2020-04-29,2020-06-02,Completed,34,15.9,11.8,0.742,1800,28626.0,21253.0,1265.0,5313.0,7374.0,,2020
MLA-0776,Litigation,Partner_Setlhabi,Associate_07,CLT-024,Large Corporate,Gaborone,2018-02-13,2018-11-06,Completed,266,138.7,99.5,0.718,2800,388377.0,278718.0,18881.0,69680.0,109659.0,2.9,2018
MLA-0777,Property & Conveyancing,Partner_Gaobuse,Associate_08,CLT-075,SME,Maun,2022-11-28,2023-01-14,Active,47,32.2,24.6,0.766,1800,57880.0,44353.0,7070.0,0.0,13527.0,,2022
MLA-0778,Commercial Law,Partner_Molao,Associate_10,CLT-004,Government / Parastatal,Gaborone,2022-05-20,2022-09-06,Completed,109,84.6,63.3,0.748,3200,270624.0,202555.0,10423.0,0.0,68070.0,3.5,2022
MLA-0779,Commercial Law,Partner_Molao,Associate_18,CLT-007,Government / Parastatal,Francistown,2018-07-15,2018-10-09,Active,86,72.0,66.6,0.925,3200,230456.0,213134.0,28418.0,53284.0,17322.0,,2018
MLA-0780,Regulatory & Compliance,Partner_Mmolawa,Associate_10,CLT-032,Large Corporate,Gaborone,2024-09-16,2024-12-27,Completed,102,63.0,39.4,0.625,2600,163773.0,102373.0,15328.0,51187.0,61400.0,3.3,2024
MLA-0781,Litigation,Partner_Setlhabi,Associate_14,CLT-001,Financial Institution,Francistown,2018-03-01,2018-12-19,Completed,293,218.3,161.3,0.739,2800,611334.0,451734.0,61871.0,0.0,159601.0,,2018
MLA-0782,Mining & Resources,Partner_Setlhabi,Associate_06,CLT-002,Large Corporate,Francistown,2023-10-01,2024-10-18,Completed,383,179.3,122.4,0.682,3800,681402.0,465050.0,57232.0,0.0,216352.0,3.3,2023
MLA-0783,Property & Conveyancing,Partner_Molao,Associate_08,CLT-007,Government / Parastatal,Francistown,2021-12-31,2022-02-20,Completed,51,39.5,31.2,0.789,1800,71094.0,56119.0,7577.0,0.0,14975.0,3.7,2021
MLA-0784,Litigation,Partner_Setlhabi,Associate_09,CLT-064,Government / Parastatal,Gaborone,2022-02-20,2022-05-20,Active,89,161.9,108.0,0.667,2800,453427.0,302349.0,31276.0,75587.0,151078.0,,2022
MLA-0785,Property & Conveyancing,Partner_Thapelo,Associate_19,CLT-006,Large Corporate,Gaborone,2019-01-24,2019-02-16,On Hold,23,17.0,14.1,0.833,1800,30524.0,25425.0,3573.0,6356.0,5099.0,,2019
MLA-0786,Regulatory & Compliance,Partner_Setlhabi,Associate_11,CLT-006,Large Corporate,Gaborone,2021-07-26,2022-02-14,Completed,203,68.3,61.2,0.897,2600,177455.0,159105.0,9352.0,0.0,18350.0,,2021
MLA-0787,Property & Conveyancing,Partner_Gaobuse,Associate_08,CLT-041,High-Net-Worth Individual,Francistown,2018-02-24,2018-05-08,Completed,73,49.9,39.5,0.792,1800,89760.0,71045.0,11835.0,0.0,18715.0,,2018
MLA-0788,Mining & Resources,Partner_Thapelo,Associate_02,CLT-005,Large Corporate,Gaborone,2023-08-05,2023-10-27,Completed,83,235.1,177.6,0.756,3800,893225.0,674953.0,51681.0,0.0,218271.0,,2023
MLA-0789,Property & Conveyancing,Partner_Gaobuse,Associate_05,CLT-009,Government / Parastatal,Gaborone,2018-06-12,2018-07-22,On Hold,40,22.7,19.7,0.87,1800,40827.0,35528.0,4769.0,0.0,5299.0,,2018
MLA-0790,Commercial Law,Partner_Gaobuse,Associate_11,CLT-008,Large Corporate,Francistown,2024-01-19,2024-05-07,Active,109,66.5,49.4,0.743,3200,212895.0,158131.0,28225.0,39533.0,54765.0,,2024
MLA-0791,Employment Law,Partner_Mmolawa,Associate_13,CLT-044,SME,Gaborone,2020-01-22,2020-02-07,Completed,16,45.9,33.4,0.728,2200,101007.0,73484.0,11984.0,0.0,27523.0,4.0,2020
MLA-0792,Employment Law,Partner_Mmolawa,Associate_07,CLT-005,Large Corporate,Gaborone,2019-12-13,2020-03-09,Active,87,34.3,26.2,0.763,2200,75569.0,57635.0,9863.0,0.0,17934.0,,2019
MLA-0793,Commercial Law,Partner_Molao,Associate_10,CLT-006,Large Corporate,Gaborone,2020-03-20,2020-05-15,Completed,56,146.7,112.8,0.769,3200,469453.0,360850.0,29722.0,0.0,108603.0,2.0,2020
MLA-0794,Employment Law,Partner_Mmolawa,Associate_16,CLT-003,Mining Company,Gaborone,2022-01-12,2022-05-07,Completed,115,49.5,35.5,0.717,2200,108888.0,78093.0,8386.0,0.0,30795.0,,2022
MLA-0795,Mining & Resources,Partner_Mmolawa,Associate_01,CLT-082,Financial Institution,Maun,2022-10-17,2023-03-18,Completed,152,337.1,277.7,0.824,3800,1280920.0,1055281.0,179186.0,0.0,225639.0,4.1,2022
MLA-0796,Employment Law,Partner_Mmolawa,Associate_15,CLT-010,Mining Company,Gaborone,2021-03-06,2021-05-21,Completed,76,46.0,32.8,0.712,2200,101294.0,72100.0,4279.0,0.0,29195.0,5.0,2021
MLA-0797,Commercial Law,Partner_Molao,Associate_01,CLT-098,High-Net-Worth Individual,Maun,2022-03-13,2022-06-20,Active,99,40.3,33.6,0.834,3200,128917.0,107484.0,18513.0,107484.0,21433.0,,2022
MLA-0798,Litigation,Partner_Setlhabi,Associate_19,CLT-003,Mining Company,Gaborone,2018-06-09,2019-05-19,Completed,344,162.9,146.6,0.9,2800,456168.0,410618.0,70288.0,0.0,45549.0,,2018
MLA-0799,Regulatory & Compliance,Partner_Gaobuse,Associate_17,CLT-074,SME,Gaborone,2022-02-17,2022-08-11,Completed,175,67.2,61.7,0.918,2600,174796.0,160486.0,27354.0,40121.0,14310.0,3.1,2022
MLA-0800,Commercial Law,Partner_Molao,Associate_05,CLT-009,Government / Parastatal,Gaborone,2023-02-09,2023-04-27,Completed,77,93.0,88.7,0.953,3200,297621.0,283718.0,23311.0,0.0,13903.0,,2023
