date,day_of_week,shift,department,patients_arrived,staff_on_duty,wait_time_min
2025-07-01,Tuesday,Morning (7am-3pm),Emergency,44,7,17.5
2025-07-01,Tuesday,Afternoon (3pm-11pm),Emergency,55,8,25.0
2025-07-01,Tuesday,Night (11pm-7am),Emergency,30,4,7.4
2025-07-01,Tuesday,Morning (7am-3pm),Outpatient,77,18,11.7
2025-07-01,Tuesday,Afternoon (3pm-11pm),Outpatient,62,14,22.6
2025-07-01,Tuesday,Night (11pm-7am),Outpatient,0,1,5.0
2025-07-01,Tuesday,Morning (7am-3pm),Surgery,7,3,5.4
2025-07-01,Tuesday,Afternoon (3pm-11pm),Surgery,5,1,30.9
2025-07-01,Tuesday,Night (11pm-7am),Surgery,1,1,5.0
2025-07-01,Tuesday,Morning (7am-3pm),Maternity,12,2,31.3
2025-07-01,Tuesday,Afternoon (3pm-11pm),Maternity,15,3,17.0
2025-07-01,Tuesday,Night (11pm-7am),Maternity,7,2,5.0
2025-07-01,Tuesday,Morning (7am-3pm),Pediatrics,27,5,17.2
2025-07-01,Tuesday,Afternoon (3pm-11pm),Pediatrics,27,6,16.7
2025-07-01,Tuesday,Night (11pm-7am),Pediatrics,11,3,5.0
2025-07-01,Tuesday,Morning (7am-3pm),ICU,8,5,7.6
2025-07-01,Tuesday,Afternoon (3pm-11pm),ICU,8,3,14.5
2025-07-01,Tuesday,Night (11pm-7am),ICU,9,4,5.0
2025-07-02,Wednesday,Morning (7am-3pm),Emergency,43,7,29.6
2025-07-02,Wednesday,Afternoon (3pm-11pm),Emergency,59,10,24.1
2025-07-02,Wednesday,Night (11pm-7am),Emergency,33,6,35.2
2025-07-02,Wednesday,Morning (7am-3pm),Outpatient,95,24,16.8
2025-07-02,Wednesday,Afternoon (3pm-11pm),Outpatient,59,14,7.9
2025-07-02,Wednesday,Night (11pm-7am),Outpatient,0,1,18.1
2025-07-02,Wednesday,Morning (7am-3pm),Surgery,6,1,13.7
2025-07-02,Wednesday,Afternoon (3pm-11pm),Surgery,6,2,11.0
2025-07-02,Wednesday,Night (11pm-7am),Surgery,1,1,5.0
2025-07-02,Wednesday,Morning (7am-3pm),Maternity,13,4,5.0
2025-07-02,Wednesday,Afternoon (3pm-11pm),Maternity,10,3,10.1
2025-07-02,Wednesday,Night (11pm-7am),Maternity,8,1,25.6
2025-07-02,Wednesday,Morning (7am-3pm),Pediatrics,29,6,5.0
2025-07-02,Wednesday,Afternoon (3pm-11pm),Pediatrics,18,3,9.3
2025-07-02,Wednesday,Night (11pm-7am),Pediatrics,9,1,48.0
2025-07-02,Wednesday,Morning (7am-3pm),ICU,7,2,10.3
2025-07-02,Wednesday,Afternoon (3pm-11pm),ICU,8,3,5.0
2025-07-02,Wednesday,Night (11pm-7am),ICU,8,3,5.0
2025-07-03,Thursday,Morning (7am-3pm),Emergency,38,6,26.1
2025-07-03,Thursday,Afternoon (3pm-11pm),Emergency,33,4,20.9
2025-07-03,Thursday,Night (11pm-7am),Emergency,33,6,12.9
2025-07-03,Thursday,Morning (7am-3pm),Outpatient,80,20,5.0
2025-07-03,Thursday,Afternoon (3pm-11pm),Outpatient,67,16,18.1
2025-07-03,Thursday,Night (11pm-7am),Outpatient,0,1,5.0
2025-07-03,Thursday,Morning (7am-3pm),Surgery,7,1,30.4
2025-07-03,Thursday,Afternoon (3pm-11pm),Surgery,5,2,7.3
2025-07-03,Thursday,Night (11pm-7am),Surgery,1,1,13.9
2025-07-03,Thursday,Morning (7am-3pm),Maternity,12,2,25.3
2025-07-03,Thursday,Afternoon (3pm-11pm),Maternity,11,3,7.6
2025-07-03,Thursday,Night (11pm-7am),Maternity,11,2,11.2
2025-07-03,Thursday,Morning (7am-3pm),Pediatrics,40,8,17.2
2025-07-03,Thursday,Afternoon (3pm-11pm),Pediatrics,25,6,18.4
2025-07-03,Thursday,Night (11pm-7am),Pediatrics,15,3,13.9
2025-07-03,Thursday,Morning (7am-3pm),ICU,9,5,5.0
2025-07-03,Thursday,Afternoon (3pm-11pm),ICU,8,4,5.0
2025-07-03,Thursday,Night (11pm-7am),ICU,8,5,5.0
2025-07-04,Friday,Morning (7am-3pm),Emergency,49,7,15.0
2025-07-04,Friday,Afternoon (3pm-11pm),Emergency,67,12,11.0
2025-07-04,Friday,Night (11pm-7am),Emergency,36,7,22.0
2025-07-04,Friday,Morning (7am-3pm),Outpatient,72,19,5.0
2025-07-04,Friday,Afternoon (3pm-11pm),Outpatient,53,12,15.1
2025-07-04,Friday,Night (11pm-7am),Outpatient,0,1,9.1
2025-07-04,Friday,Morning (7am-3pm),Surgery,7,3,6.5
2025-07-04,Friday,Afternoon (3pm-11pm),Surgery,5,1,10.8
2025-07-04,Friday,Night (11pm-7am),Surgery,2,1,5.0
2025-07-04,Friday,Morning (7am-3pm),Maternity,11,3,20.1
2025-07-04,Friday,Afternoon (3pm-11pm),Maternity,18,5,24.6
2025-07-04,Friday,Night (11pm-7am),Maternity,9,2,10.7
2025-07-04,Friday,Morning (7am-3pm),Pediatrics,31,5,13.7
2025-07-04,Friday,Afternoon (3pm-11pm),Pediatrics,23,4,11.0
2025-07-04,Friday,Night (11pm-7am),Pediatrics,11,3,13.7
2025-07-04,Friday,Morning (7am-3pm),ICU,7,2,5.0
2025-07-04,Friday,Afternoon (3pm-11pm),ICU,7,2,14.7
2025-07-04,Friday,Night (11pm-7am),ICU,8,4,11.2
2025-07-05,Saturday,Morning (7am-3pm),Emergency,61,10,22.2
2025-07-05,Saturday,Afternoon (3pm-11pm),Emergency,71,11,37.5
2025-07-05,Saturday,Night (11pm-7am),Emergency,49,7,6.3
2025-07-05,Saturday,Morning (7am-3pm),Outpatient,49,11,22.9
2025-07-05,Saturday,Afternoon (3pm-11pm),Outpatient,32,7,10.2
2025-07-05,Saturday,Night (11pm-7am),Outpatient,0,1,8.0
2025-07-05,Saturday,Morning (7am-3pm),Surgery,9,2,5.0
2025-07-05,Saturday,Afternoon (3pm-11pm),Surgery,4,1,28.0
2025-07-05,Saturday,Night (11pm-7am),Surgery,2,1,5.0
2025-07-05,Saturday,Morning (7am-3pm),Maternity,7,2,19.8
2025-07-05,Saturday,Afternoon (3pm-11pm),Maternity,13,2,11.6
2025-07-05,Saturday,Night (11pm-7am),Maternity,8,3,28.2
2025-07-05,Saturday,Morning (7am-3pm),Pediatrics,29,5,14.6
2025-07-05,Saturday,Afternoon (3pm-11pm),Pediatrics,29,6,18.2
2025-07-05,Saturday,Night (11pm-7am),Pediatrics,17,2,20.7
2025-07-05,Saturday,Morning (7am-3pm),ICU,8,3,7.2
2025-07-05,Saturday,Afternoon (3pm-11pm),ICU,8,3,9.3
2025-07-05,Saturday,Night (11pm-7am),ICU,5,3,15.8
2025-07-06,Sunday,Morning (7am-3pm),Emergency,58,10,28.1
2025-07-06,Sunday,Afternoon (3pm-11pm),Emergency,84,15,22.6
2025-07-06,Sunday,Night (11pm-7am),Emergency,29,3,26.3
2025-07-06,Sunday,Morning (7am-3pm),Outpatient,29,7,6.3
2025-07-06,Sunday,Afternoon (3pm-11pm),Outpatient,19,4,21.5
2025-07-06,Sunday,Night (11pm-7am),Outpatient,0,1,5.0
2025-07-06,Sunday,Morning (7am-3pm),Surgery,9,4,7.4
2025-07-06,Sunday,Afternoon (3pm-11pm),Surgery,6,1,17.9
2025-07-06,Sunday,Night (11pm-7am),Surgery,1,1,5.0
2025-07-06,Sunday,Morning (7am-3pm),Maternity,14,3,5.0
2025-07-06,Sunday,Afternoon (3pm-11pm),Maternity,14,4,18.9
2025-07-06,Sunday,Night (11pm-7am),Maternity,9,3,5.0
2025-07-06,Sunday,Morning (7am-3pm),Pediatrics,23,5,11.7
2025-07-06,Sunday,Afternoon (3pm-11pm),Pediatrics,23,3,34.2
2025-07-06,Sunday,Night (11pm-7am),Pediatrics,14,3,30.7
2025-07-06,Sunday,Morning (7am-3pm),ICU,7,4,5.0
2025-07-06,Sunday,Afternoon (3pm-11pm),ICU,8,5,11.9
2025-07-06,Sunday,Night (11pm-7am),ICU,7,3,5.0
2025-07-07,Monday,Morning (7am-3pm),Emergency,44,6,39.5
2025-07-07,Monday,Afternoon (3pm-11pm),Emergency,62,10,23.2
2025-07-07,Monday,Night (11pm-7am),Emergency,39,5,25.4
2025-07-07,Monday,Morning (7am-3pm),Outpatient,73,19,6.8
2025-07-07,Monday,Afternoon (3pm-11pm),Outpatient,46,12,16.0
2025-07-07,Monday,Night (11pm-7am),Outpatient,0,1,5.0
2025-07-07,Monday,Morning (7am-3pm),Surgery,9,3,5.0
2025-07-07,Monday,Afternoon (3pm-11pm),Surgery,5,1,12.8
2025-07-07,Monday,Night (11pm-7am),Surgery,2,1,8.0
2025-07-07,Monday,Morning (7am-3pm),Maternity,12,2,14.7
2025-07-07,Monday,Afternoon (3pm-11pm),Maternity,13,4,5.0
2025-07-07,Monday,Night (11pm-7am),Maternity,11,3,5.6
2025-07-07,Monday,Morning (7am-3pm),Pediatrics,29,4,5.0
2025-07-07,Monday,Afternoon (3pm-11pm),Pediatrics,31,5,5.0
2025-07-07,Monday,Night (11pm-7am),Pediatrics,15,4,10.0
2025-07-07,Monday,Morning (7am-3pm),ICU,9,4,5.0
2025-07-07,Monday,Afternoon (3pm-11pm),ICU,8,3,5.0
2025-07-07,Monday,Night (11pm-7am),ICU,7,2,24.5
2025-07-08,Tuesday,Morning (7am-3pm),Emergency,43,7,19.9
2025-07-08,Tuesday,Afternoon (3pm-11pm),Emergency,57,9,33.5
2025-07-08,Tuesday,Night (11pm-7am),Emergency,29,3,41.0
2025-07-08,Tuesday,Morning (7am-3pm),Outpatient,82,20,23.9
2025-07-08,Tuesday,Afternoon (3pm-11pm),Outpatient,51,12,26.8
2025-07-08,Tuesday,Night (11pm-7am),Outpatient,0,1,7.7
2025-07-08,Tuesday,Morning (7am-3pm),Surgery,9,2,12.3
2025-07-08,Tuesday,Afternoon (3pm-11pm),Surgery,7,1,35.1
2025-07-08,Tuesday,Night (11pm-7am),Surgery,1,1,5.0
2025-07-08,Tuesday,Morning (7am-3pm),Maternity,13,4,15.1
2025-07-08,Tuesday,Afternoon (3pm-11pm),Maternity,15,4,5.0
2025-07-08,Tuesday,Night (11pm-7am),Maternity,12,2,29.4
2025-07-08,Tuesday,Morning (7am-3pm),Pediatrics,29,4,34.3
2025-07-08,Tuesday,Afternoon (3pm-11pm),Pediatrics,18,4,11.7
2025-07-08,Tuesday,Night (11pm-7am),Pediatrics,14,3,5.0
2025-07-08,Tuesday,Morning (7am-3pm),ICU,8,5,12.8
2025-07-08,Tuesday,Afternoon (3pm-11pm),ICU,9,5,5.0
2025-07-08,Tuesday,Night (11pm-7am),ICU,9,4,5.0
2025-07-09,Wednesday,Morning (7am-3pm),Emergency,35,5,20.5
2025-07-09,Wednesday,Afternoon (3pm-11pm),Emergency,49,7,24.9
2025-07-09,Wednesday,Night (11pm-7am),Emergency,37,6,29.5
2025-07-09,Wednesday,Morning (7am-3pm),Outpatient,68,18,5.0
2025-07-09,Wednesday,Afternoon (3pm-11pm),Outpatient,51,11,10.5
2025-07-09,Wednesday,Night (11pm-7am),Outpatient,0,1,5.2
2025-07-09,Wednesday,Morning (7am-3pm),Surgery,7,2,6.1
2025-07-09,Wednesday,Afternoon (3pm-11pm),Surgery,5,1,17.0
2025-07-09,Wednesday,Night (11pm-7am),Surgery,2,1,5.0
2025-07-09,Wednesday,Morning (7am-3pm),Maternity,12,4,11.9
2025-07-09,Wednesday,Afternoon (3pm-11pm),Maternity,13,2,10.0
2025-07-09,Wednesday,Night (11pm-7am),Maternity,11,3,5.0
2025-07-09,Wednesday,Morning (7am-3pm),Pediatrics,26,4,33.0
2025-07-09,Wednesday,Afternoon (3pm-11pm),Pediatrics,27,5,17.1
2025-07-09,Wednesday,Night (11pm-7am),Pediatrics,12,2,9.2
2025-07-09,Wednesday,Morning (7am-3pm),ICU,6,2,14.8
2025-07-09,Wednesday,Afternoon (3pm-11pm),ICU,7,3,5.0
2025-07-09,Wednesday,Night (11pm-7am),ICU,8,3,19.7
2025-07-10,Thursday,Morning (7am-3pm),Emergency,55,8,10.7
2025-07-10,Thursday,Afternoon (3pm-11pm),Emergency,56,10,11.3
2025-07-10,Thursday,Night (11pm-7am),Emergency,33,4,24.5
2025-07-10,Thursday,Morning (7am-3pm),Outpatient,85,20,10.7
2025-07-10,Thursday,Afternoon (3pm-11pm),Outpatient,64,17,5.0
2025-07-10,Thursday,Night (11pm-7am),Outpatient,0,1,5.0
2025-07-10,Thursday,Morning (7am-3pm),Surgery,6,3,5.0
2025-07-10,Thursday,Afternoon (3pm-11pm),Surgery,4,1,19.7
2025-07-10,Thursday,Night (11pm-7am),Surgery,2,1,5.0
2025-07-10,Thursday,Morning (7am-3pm),Maternity,9,3,13.1
2025-07-10,Thursday,Afternoon (3pm-11pm),Maternity,14,3,27.7
2025-07-10,Thursday,Night (11pm-7am),Maternity,9,1,22.4
2025-07-10,Thursday,Morning (7am-3pm),Pediatrics,29,5,11.7
2025-07-10,Thursday,Afternoon (3pm-11pm),Pediatrics,23,3,32.0
2025-07-10,Thursday,Night (11pm-7am),Pediatrics,16,2,30.4
2025-07-10,Thursday,Morning (7am-3pm),ICU,7,3,5.0
2025-07-10,Thursday,Afternoon (3pm-11pm),ICU,7,2,18.3
2025-07-10,Thursday,Night (11pm-7am),ICU,8,5,12.8
2025-07-11,Friday,Morning (7am-3pm),Emergency,46,8,16.7
2025-07-11,Friday,Afternoon (3pm-11pm),Emergency,54,9,18.6
2025-07-11,Friday,Night (11pm-7am),Emergency,33,5,27.4
2025-07-11,Friday,Morning (7am-3pm),Outpatient,61,16,8.3
2025-07-11,Friday,Afternoon (3pm-11pm),Outpatient,68,17,6.5
2025-07-11,Friday,Night (11pm-7am),Outpatient,0,1,5.0
2025-07-11,Friday,Morning (7am-3pm),Surgery,6,3,5.0
2025-07-11,Friday,Afternoon (3pm-11pm),Surgery,6,1,25.7
2025-07-11,Friday,Night (11pm-7am),Surgery,2,1,5.0
2025-07-11,Friday,Morning (7am-3pm),Maternity,9,1,20.6
2025-07-11,Friday,Afternoon (3pm-11pm),Maternity,14,3,10.6
2025-07-11,Friday,Night (11pm-7am),Maternity,10,2,20.6
2025-07-11,Friday,Morning (7am-3pm),Pediatrics,30,6,21.9
2025-07-11,Friday,Afternoon (3pm-11pm),Pediatrics,23,4,36.6
2025-07-11,Friday,Night (11pm-7am),Pediatrics,14,1,45.3
2025-07-11,Friday,Morning (7am-3pm),ICU,7,3,5.0
2025-07-11,Friday,Afternoon (3pm-11pm),ICU,8,5,7.8
2025-07-11,Friday,Night (11pm-7am),ICU,8,3,8.5
2025-07-12,Saturday,Morning (7am-3pm),Emergency,58,8,23.3
2025-07-12,Saturday,Afternoon (3pm-11pm),Emergency,71,10,30.3
2025-07-12,Saturday,Night (11pm-7am),Emergency,40,7,14.9
2025-07-12,Saturday,Morning (7am-3pm),Outpatient,31,8,19.3
2025-07-12,Saturday,Afternoon (3pm-11pm),Outpatient,19,3,10.7
2025-07-12,Saturday,Night (11pm-7am),Outpatient,0,1,5.0
2025-07-12,Saturday,Morning (7am-3pm),Surgery,8,2,13.1
2025-07-12,Saturday,Afternoon (3pm-11pm),Surgery,4,1,5.0
2025-07-12,Saturday,Night (11pm-7am),Surgery,1,1,10.7
2025-07-12,Saturday,Morning (7am-3pm),Maternity,9,1,18.8
2025-07-12,Saturday,Afternoon (3pm-11pm),Maternity,18,5,19.0
2025-07-12,Saturday,Night (11pm-7am),Maternity,9,3,6.6
2025-07-12,Saturday,Morning (7am-3pm),Pediatrics,30,6,7.8
2025-07-12,Saturday,Afternoon (3pm-11pm),Pediatrics,24,5,11.8
2025-07-12,Saturday,Night (11pm-7am),Pediatrics,12,2,31.1
2025-07-12,Saturday,Morning (7am-3pm),ICU,10,6,17.5
2025-07-12,Saturday,Afternoon (3pm-11pm),ICU,9,3,5.0
2025-07-12,Saturday,Night (11pm-7am),ICU,6,4,9.6
2025-07-13,Sunday,Morning (7am-3pm),Emergency,56,10,31.2
2025-07-13,Sunday,Afternoon (3pm-11pm),Emergency,72,13,7.8
2025-07-13,Sunday,Night (11pm-7am),Emergency,40,5,20.1
2025-07-13,Sunday,Morning (7am-3pm),Outpatient,32,8,9.0
2025-07-13,Sunday,Afternoon (3pm-11pm),Outpatient,24,7,19.2
2025-07-13,Sunday,Night (11pm-7am),Outpatient,0,1,5.0
2025-07-13,Sunday,Morning (7am-3pm),Surgery,8,1,19.9
2025-07-13,Sunday,Afternoon (3pm-11pm),Surgery,5,1,19.9
2025-07-13,Sunday,Night (11pm-7am),Surgery,2,1,5.0
2025-07-13,Sunday,Morning (7am-3pm),Maternity,9,1,23.7
2025-07-13,Sunday,Afternoon (3pm-11pm),Maternity,18,4,20.0
2025-07-13,Sunday,Night (11pm-7am),Maternity,8,2,10.0
2025-07-13,Sunday,Morning (7am-3pm),Pediatrics,26,4,12.1
2025-07-13,Sunday,Afternoon (3pm-11pm),Pediatrics,27,6,16.6
2025-07-13,Sunday,Night (11pm-7am),Pediatrics,15,3,26.8
2025-07-13,Sunday,Morning (7am-3pm),ICU,6,3,7.6
2025-07-13,Sunday,Afternoon (3pm-11pm),ICU,9,4,6.5
2025-07-13,Sunday,Night (11pm-7am),ICU,7,3,5.0
2025-07-14,Monday,Morning (7am-3pm),Emergency,46,7,32.4
2025-07-14,Monday,Afternoon (3pm-11pm),Emergency,62,11,23.7
2025-07-14,Monday,Night (11pm-7am),Emergency,36,6,23.1
2025-07-14,Monday,Morning (7am-3pm),Outpatient,77,20,22.1
2025-07-14,Monday,Afternoon (3pm-11pm),Outpatient,39,8,5.0
2025-07-14,Monday,Night (11pm-7am),Outpatient,0,1,7.3
2025-07-14,Monday,Morning (7am-3pm),Surgery,9,3,9.9
2025-07-14,Monday,Afternoon (3pm-11pm),Surgery,6,2,9.8
2025-07-14,Monday,Night (11pm-7am),Surgery,1,1,5.0
2025-07-14,Monday,Morning (7am-3pm),Maternity,12,3,12.8
2025-07-14,Monday,Afternoon (3pm-11pm),Maternity,12,2,19.6
2025-07-14,Monday,Night (11pm-7am),Maternity,11,2,15.2
2025-07-14,Monday,Morning (7am-3pm),Pediatrics,31,6,17.4
2025-07-14,Monday,Afternoon (3pm-11pm),Pediatrics,29,4,26.8
2025-07-14,Monday,Night (11pm-7am),Pediatrics,17,3,28.9
2025-07-14,Monday,Morning (7am-3pm),ICU,8,5,7.9
2025-07-14,Monday,Afternoon (3pm-11pm),ICU,8,5,5.0
2025-07-14,Monday,Night (11pm-7am),ICU,8,4,15.6
2025-07-15,Tuesday,Morning (7am-3pm),Emergency,49,9,12.7
2025-07-15,Tuesday,Afternoon (3pm-11pm),Emergency,62,11,16.5
2025-07-15,Tuesday,Night (11pm-7am),Emergency,47,6,31.0
2025-07-15,Tuesday,Morning (7am-3pm),Outpatient,87,20,11.3
2025-07-15,Tuesday,Afternoon (3pm-11pm),Outpatient,59,13,16.9
2025-07-15,Tuesday,Night (11pm-7am),Outpatient,0,1,5.0
2025-07-15,Tuesday,Morning (7am-3pm),Surgery,6,2,15.7
2025-07-15,Tuesday,Afternoon (3pm-11pm),Surgery,5,2,13.1
2025-07-15,Tuesday,Night (11pm-7am),Surgery,1,1,18.5
2025-07-15,Tuesday,Morning (7am-3pm),Maternity,10,3,5.0
2025-07-15,Tuesday,Afternoon (3pm-11pm),Maternity,11,1,25.3
2025-07-15,Tuesday,Night (11pm-7am),Maternity,8,3,12.5
2025-07-15,Tuesday,Morning (7am-3pm),Pediatrics,32,5,24.3
2025-07-15,Tuesday,Afternoon (3pm-11pm),Pediatrics,27,5,18.3
2025-07-15,Tuesday,Night (11pm-7am),Pediatrics,11,2,8.1
2025-07-15,Tuesday,Morning (7am-3pm),ICU,6,3,9.4
2025-07-15,Tuesday,Afternoon (3pm-11pm),ICU,7,4,5.0
2025-07-15,Tuesday,Night (11pm-7am),ICU,6,4,5.0
2025-07-16,Wednesday,Morning (7am-3pm),Emergency,51,8,21.2
2025-07-16,Wednesday,Afternoon (3pm-11pm),Emergency,53,7,21.6
2025-07-16,Wednesday,Night (11pm-7am),Emergency,44,8,12.9
2025-07-16,Wednesday,Morning (7am-3pm),Outpatient,77,20,10.7
2025-07-16,Wednesday,Afternoon (3pm-11pm),Outpatient,65,15,5.0
2025-07-16,Wednesday,Night (11pm-7am),Outpatient,0,1,5.0
2025-07-16,Wednesday,Morning (7am-3pm),Surgery,8,3,17.6
2025-07-16,Wednesday,Afternoon (3pm-11pm),Surgery,6,2,5.0
2025-07-16,Wednesday,Night (11pm-7am),Surgery,1,1,8.9
2025-07-16,Wednesday,Morning (7am-3pm),Maternity,12,3,14.9
2025-07-16,Wednesday,Afternoon (3pm-11pm),Maternity,14,3,7.8
2025-07-16,Wednesday,Night (11pm-7am),Maternity,10,2,5.7
2025-07-16,Wednesday,Morning (7am-3pm),Pediatrics,32,5,22.4
2025-07-16,Wednesday,Afternoon (3pm-11pm),Pediatrics,28,6,12.5
2025-07-16,Wednesday,Night (11pm-7am),Pediatrics,15,4,10.9
2025-07-16,Wednesday,Morning (7am-3pm),ICU,7,4,5.9
2025-07-16,Wednesday,Afternoon (3pm-11pm),ICU,6,4,14.8
2025-07-16,Wednesday,Night (11pm-7am),ICU,7,3,7.9
2025-07-17,Thursday,Morning (7am-3pm),Emergency,30,5,12.4
2025-07-17,Thursday,Afternoon (3pm-11pm),Emergency,61,9,14.1
2025-07-17,Thursday,Night (11pm-7am),Emergency,42,6,19.2
2025-07-17,Thursday,Morning (7am-3pm),Outpatient,77,18,6.2
2025-07-17,Thursday,Afternoon (3pm-11pm),Outpatient,56,13,11.8
2025-07-17,Thursday,Night (11pm-7am),Outpatient,0,1,5.0
2025-07-17,Thursday,Morning (7am-3pm),Surgery,6,3,6.1
2025-07-17,Thursday,Afternoon (3pm-11pm),Surgery,5,1,7.0
2025-07-17,Thursday,Night (11pm-7am),Surgery,2,1,5.3
2025-07-17,Thursday,Morning (7am-3pm),Maternity,12,4,13.1
2025-07-17,Thursday,Afternoon (3pm-11pm),Maternity,10,1,29.1
2025-07-17,Thursday,Night (11pm-7am),Maternity,9,2,27.4
2025-07-17,Thursday,Morning (7am-3pm),Pediatrics,25,5,26.9
2025-07-17,Thursday,Afternoon (3pm-11pm),Pediatrics,26,5,9.7
2025-07-17,Thursday,Night (11pm-7am),Pediatrics,16,4,5.0
2025-07-17,Thursday,Morning (7am-3pm),ICU,7,4,5.5
2025-07-17,Thursday,Afternoon (3pm-11pm),ICU,6,4,5.2
2025-07-17,Thursday,Night (11pm-7am),ICU,6,2,22.0
2025-07-18,Friday,Morning (7am-3pm),Emergency,49,8,17.7
2025-07-18,Friday,Afternoon (3pm-11pm),Emergency,56,8,34.8
2025-07-18,Friday,Night (11pm-7am),Emergency,32,5,27.4
2025-07-18,Friday,Morning (7am-3pm),Outpatient,66,17,19.4
2025-07-18,Friday,Afternoon (3pm-11pm),Outpatient,70,16,12.0
2025-07-18,Friday,Night (11pm-7am),Outpatient,0,1,14.8
2025-07-18,Friday,Morning (7am-3pm),Surgery,9,3,5.0
2025-07-18,Friday,Afternoon (3pm-11pm),Surgery,7,1,31.3
2025-07-18,Friday,Night (11pm-7am),Surgery,1,1,5.0
2025-07-18,Friday,Morning (7am-3pm),Maternity,12,3,11.4
2025-07-18,Friday,Afternoon (3pm-11pm),Maternity,13,4,20.2
2025-07-18,Friday,Night (11pm-7am),Maternity,11,3,14.5
2025-07-18,Friday,Morning (7am-3pm),Pediatrics,32,6,10.0
2025-07-18,Friday,Afternoon (3pm-11pm),Pediatrics,19,3,7.0
2025-07-18,Friday,Night (11pm-7am),Pediatrics,15,2,20.9
2025-07-18,Friday,Morning (7am-3pm),ICU,8,4,18.1
2025-07-18,Friday,Afternoon (3pm-11pm),ICU,9,4,6.5
2025-07-18,Friday,Night (11pm-7am),ICU,10,6,5.0
2025-07-19,Saturday,Morning (7am-3pm),Emergency,64,11,11.2
2025-07-19,Saturday,Afternoon (3pm-11pm),Emergency,70,11,20.9
2025-07-19,Saturday,Night (11pm-7am),Emergency,46,7,13.3
2025-07-19,Saturday,Morning (7am-3pm),Outpatient,28,7,14.5
2025-07-19,Saturday,Afternoon (3pm-11pm),Outpatient,18,3,12.3
2025-07-19,Saturday,Night (11pm-7am),Outpatient,0,1,9.8
2025-07-19,Saturday,Morning (7am-3pm),Surgery,7,3,5.0
2025-07-19,Saturday,Afternoon (3pm-11pm),Surgery,6,2,16.0
2025-07-19,Saturday,Night (11pm-7am),Surgery,1,1,6.0
2025-07-19,Saturday,Morning (7am-3pm),Maternity,14,2,14.0
2025-07-19,Saturday,Afternoon (3pm-11pm),Maternity,19,5,20.0
2025-07-19,Saturday,Night (11pm-7am),Maternity,8,3,27.5
2025-07-19,Saturday,Morning (7am-3pm),Pediatrics,29,4,37.2
2025-07-19,Saturday,Afternoon (3pm-11pm),Pediatrics,32,5,19.1
2025-07-19,Saturday,Night (11pm-7am),Pediatrics,15,4,21.6
2025-07-19,Saturday,Morning (7am-3pm),ICU,7,2,22.4
2025-07-19,Saturday,Afternoon (3pm-11pm),ICU,9,4,5.1
2025-07-19,Saturday,Night (11pm-7am),ICU,10,6,5.8
2025-07-20,Sunday,Morning (7am-3pm),Emergency,76,13,14.6
2025-07-20,Sunday,Afternoon (3pm-11pm),Emergency,47,7,20.5
2025-07-20,Sunday,Night (11pm-7am),Emergency,45,7,13.6
2025-07-20,Sunday,Morning (7am-3pm),Outpatient,32,8,17.1
2025-07-20,Sunday,Afternoon (3pm-11pm),Outpatient,21,6,5.0
2025-07-20,Sunday,Night (11pm-7am),Outpatient,0,1,5.0
2025-07-20,Sunday,Morning (7am-3pm),Surgery,9,3,5.0
2025-07-20,Sunday,Afternoon (3pm-11pm),Surgery,6,2,7.0
2025-07-20,Sunday,Night (11pm-7am),Surgery,1,1,5.0
2025-07-20,Sunday,Morning (7am-3pm),Maternity,11,1,40.3
2025-07-20,Sunday,Afternoon (3pm-11pm),Maternity,16,4,19.4
2025-07-20,Sunday,Night (11pm-7am),Maternity,6,1,14.6
2025-07-20,Sunday,Morning (7am-3pm),Pediatrics,29,5,32.3
2025-07-20,Sunday,Afternoon (3pm-11pm),Pediatrics,28,5,15.4
2025-07-20,Sunday,Night (11pm-7am),Pediatrics,15,2,14.0
2025-07-20,Sunday,Morning (7am-3pm),ICU,9,5,21.5
2025-07-20,Sunday,Afternoon (3pm-11pm),ICU,7,4,5.0
2025-07-20,Sunday,Night (11pm-7am),ICU,6,2,19.6
2025-07-21,Monday,Morning (7am-3pm),Emergency,44,7,22.9
2025-07-21,Monday,Afternoon (3pm-11pm),Emergency,49,9,5.8
2025-07-21,Monday,Night (11pm-7am),Emergency,29,4,29.5
2025-07-21,Monday,Morning (7am-3pm),Outpatient,86,20,16.6
2025-07-21,Monday,Afternoon (3pm-11pm),Outpatient,44,11,5.0
2025-07-21,Monday,Night (11pm-7am),Outpatient,0,1,5.0
2025-07-21,Monday,Morning (7am-3pm),Surgery,7,3,5.0
2025-07-21,Monday,Afternoon (3pm-11pm),Surgery,5,1,22.8
2025-07-21,Monday,Night (11pm-7am),Surgery,2,1,6.6
2025-07-21,Monday,Morning (7am-3pm),Maternity,12,4,12.9
2025-07-21,Monday,Afternoon (3pm-11pm),Maternity,16,5,16.2
2025-07-21,Monday,Night (11pm-7am),Maternity,12,4,5.1
2025-07-21,Monday,Morning (7am-3pm),Pediatrics,23,3,29.4
2025-07-21,Monday,Afternoon (3pm-11pm),Pediatrics,29,5,9.7
2025-07-21,Monday,Night (11pm-7am),Pediatrics,11,2,5.0
2025-07-21,Monday,Morning (7am-3pm),ICU,9,4,8.3
2025-07-21,Monday,Afternoon (3pm-11pm),ICU,7,3,9.0
2025-07-21,Monday,Night (11pm-7am),ICU,9,5,12.5
2025-07-22,Tuesday,Morning (7am-3pm),Emergency,52,7,15.6
2025-07-22,Tuesday,Afternoon (3pm-11pm),Emergency,50,7,24.5
2025-07-22,Tuesday,Night (11pm-7am),Emergency,44,6,17.3
2025-07-22,Tuesday,Morning (7am-3pm),Outpatient,71,18,5.0
2025-07-22,Tuesday,Afternoon (3pm-11pm),Outpatient,62,15,11.9
2025-07-22,Tuesday,Night (11pm-7am),Outpatient,0,1,5.0
2025-07-22,Tuesday,Morning (7am-3pm),Surgery,8,3,22.5
2025-07-22,Tuesday,Afternoon (3pm-11pm),Surgery,6,1,23.4
2025-07-22,Tuesday,Night (11pm-7am),Surgery,1,1,7.0
2025-07-22,Tuesday,Morning (7am-3pm),Maternity,15,2,22.8
2025-07-22,Tuesday,Afternoon (3pm-11pm),Maternity,17,3,16.2
2025-07-22,Tuesday,Night (11pm-7am),Maternity,12,2,28.2
2025-07-22,Tuesday,Morning (7am-3pm),Pediatrics,37,6,19.8
2025-07-22,Tuesday,Afternoon (3pm-11pm),Pediatrics,24,4,17.2
2025-07-22,Tuesday,Night (11pm-7am),Pediatrics,18,4,17.8
2025-07-22,Tuesday,Morning (7am-3pm),ICU,8,4,7.9
2025-07-22,Tuesday,Afternoon (3pm-11pm),ICU,8,3,5.0
2025-07-22,Tuesday,Night (11pm-7am),ICU,7,4,6.9
2025-07-23,Wednesday,Morning (7am-3pm),Emergency,56,10,20.6
2025-07-23,Wednesday,Afternoon (3pm-11pm),Emergency,45,6,21.3
2025-07-23,Wednesday,Night (11pm-7am),Emergency,40,6,23.4
2025-07-23,Wednesday,Morning (7am-3pm),Outpatient,74,19,13.4
2025-07-23,Wednesday,Afternoon (3pm-11pm),Outpatient,62,14,11.6
2025-07-23,Wednesday,Night (11pm-7am),Outpatient,0,1,5.0
2025-07-23,Wednesday,Morning (7am-3pm),Surgery,7,3,18.2
2025-07-23,Wednesday,Afternoon (3pm-11pm),Surgery,5,2,5.0
2025-07-23,Wednesday,Night (11pm-7am),Surgery,1,1,5.0
2025-07-23,Wednesday,Morning (7am-3pm),Maternity,9,1,33.0
2025-07-23,Wednesday,Afternoon (3pm-11pm),Maternity,16,5,5.0
2025-07-23,Wednesday,Night (11pm-7am),Maternity,9,2,8.0
2025-07-23,Wednesday,Morning (7am-3pm),Pediatrics,33,6,11.2
2025-07-23,Wednesday,Afternoon (3pm-11pm),Pediatrics,20,4,22.7
2025-07-23,Wednesday,Night (11pm-7am),Pediatrics,12,2,23.3
2025-07-23,Wednesday,Morning (7am-3pm),ICU,9,4,5.0
2025-07-23,Wednesday,Afternoon (3pm-11pm),ICU,10,4,13.7
2025-07-23,Wednesday,Night (11pm-7am),ICU,6,3,11.5
2025-07-24,Thursday,Morning (7am-3pm),Emergency,48,9,6.6
2025-07-24,Thursday,Afternoon (3pm-11pm),Emergency,65,11,15.0
2025-07-24,Thursday,Night (11pm-7am),Emergency,38,7,21.5
2025-07-24,Thursday,Morning (7am-3pm),Outpatient,91,23,8.8
2025-07-24,Thursday,Afternoon (3pm-11pm),Outpatient,67,16,14.7
2025-07-24,Thursday,Night (11pm-7am),Outpatient,0,1,8.4
2025-07-24,Thursday,Morning (7am-3pm),Surgery,8,1,31.6
2025-07-24,Thursday,Afternoon (3pm-11pm),Surgery,5,1,23.2
2025-07-24,Thursday,Night (11pm-7am),Surgery,2,1,5.0
2025-07-24,Thursday,Morning (7am-3pm),Maternity,14,4,5.0
2025-07-24,Thursday,Afternoon (3pm-11pm),Maternity,12,2,10.5
2025-07-24,Thursday,Night (11pm-7am),Maternity,8,3,5.0
2025-07-24,Thursday,Morning (7am-3pm),Pediatrics,29,6,19.5
2025-07-24,Thursday,Afternoon (3pm-11pm),Pediatrics,25,5,5.0
2025-07-24,Thursday,Night (11pm-7am),Pediatrics,19,4,14.9
2025-07-24,Thursday,Morning (7am-3pm),ICU,7,4,5.0
2025-07-24,Thursday,Afternoon (3pm-11pm),ICU,7,4,5.0
2025-07-24,Thursday,Night (11pm-7am),ICU,6,3,5.0
2025-07-25,Friday,Morning (7am-3pm),Emergency,41,7,24.0
2025-07-25,Friday,Afternoon (3pm-11pm),Emergency,46,8,34.3
2025-07-25,Friday,Night (11pm-7am),Emergency,36,5,22.9
2025-07-25,Friday,Morning (7am-3pm),Outpatient,80,19,10.1
2025-07-25,Friday,Afternoon (3pm-11pm),Outpatient,58,14,24.1
2025-07-25,Friday,Night (11pm-7am),Outpatient,0,1,5.0
2025-07-25,Friday,Morning (7am-3pm),Surgery,8,2,8.1
2025-07-25,Friday,Afternoon (3pm-11pm),Surgery,7,3,14.7
2025-07-25,Friday,Night (11pm-7am),Surgery,1,1,5.0
2025-07-25,Friday,Morning (7am-3pm),Maternity,12,2,40.7
2025-07-25,Friday,Afternoon (3pm-11pm),Maternity,16,3,16.3
2025-07-25,Friday,Night (11pm-7am),Maternity,10,2,5.0
2025-07-25,Friday,Morning (7am-3pm),Pediatrics,29,6,15.4
2025-07-25,Friday,Afternoon (3pm-11pm),Pediatrics,23,5,15.6
2025-07-25,Friday,Night (11pm-7am),Pediatrics,14,3,5.0
2025-07-25,Friday,Morning (7am-3pm),ICU,8,5,5.0
2025-07-25,Friday,Afternoon (3pm-11pm),ICU,8,3,8.4
2025-07-25,Friday,Night (11pm-7am),ICU,9,5,5.0
2025-07-26,Saturday,Morning (7am-3pm),Emergency,47,7,26.6
2025-07-26,Saturday,Afternoon (3pm-11pm),Emergency,72,12,19.1
2025-07-26,Saturday,Night (11pm-7am),Emergency,52,8,36.6
2025-07-26,Saturday,Morning (7am-3pm),Outpatient,37,8,5.0
2025-07-26,Saturday,Afternoon (3pm-11pm),Outpatient,22,5,14.7
2025-07-26,Saturday,Night (11pm-7am),Outpatient,0,1,5.0
2025-07-26,Saturday,Morning (7am-3pm),Surgery,9,2,5.0
2025-07-26,Saturday,Afternoon (3pm-11pm),Surgery,5,2,11.7
2025-07-26,Saturday,Night (11pm-7am),Surgery,1,1,5.0
2025-07-26,Saturday,Morning (7am-3pm),Maternity,13,4,5.6
2025-07-26,Saturday,Afternoon (3pm-11pm),Maternity,18,3,15.0
2025-07-26,Saturday,Night (11pm-7am),Maternity,10,1,34.5
2025-07-26,Saturday,Morning (7am-3pm),Pediatrics,31,7,17.4
2025-07-26,Saturday,Afternoon (3pm-11pm),Pediatrics,33,7,23.1
2025-07-26,Saturday,Night (11pm-7am),Pediatrics,11,3,11.5
2025-07-26,Saturday,Morning (7am-3pm),ICU,5,3,10.7
2025-07-26,Saturday,Afternoon (3pm-11pm),ICU,5,2,5.0
2025-07-26,Saturday,Night (11pm-7am),ICU,9,3,5.0
2025-07-27,Sunday,Morning (7am-3pm),Emergency,48,9,19.3
2025-07-27,Sunday,Afternoon (3pm-11pm),Emergency,68,10,26.5
2025-07-27,Sunday,Night (11pm-7am),Emergency,43,7,20.9
2025-07-27,Sunday,Morning (7am-3pm),Outpatient,30,7,13.7
2025-07-27,Sunday,Afternoon (3pm-11pm),Outpatient,30,6,22.4
2025-07-27,Sunday,Night (11pm-7am),Outpatient,0,1,5.0
2025-07-27,Sunday,Morning (7am-3pm),Surgery,5,2,5.0
2025-07-27,Sunday,Afternoon (3pm-11pm),Surgery,6,3,5.0
2025-07-27,Sunday,Night (11pm-7am),Surgery,1,1,5.0
2025-07-27,Sunday,Morning (7am-3pm),Maternity,7,1,20.8
2025-07-27,Sunday,Afternoon (3pm-11pm),Maternity,18,4,23.9
2025-07-27,Sunday,Night (11pm-7am),Maternity,10,3,9.6
2025-07-27,Sunday,Morning (7am-3pm),Pediatrics,31,6,20.8
2025-07-27,Sunday,Afternoon (3pm-11pm),Pediatrics,29,6,13.9
2025-07-27,Sunday,Night (11pm-7am),Pediatrics,16,3,22.5
2025-07-27,Sunday,Morning (7am-3pm),ICU,6,4,13.5
2025-07-27,Sunday,Afternoon (3pm-11pm),ICU,6,4,5.0
2025-07-27,Sunday,Night (11pm-7am),ICU,7,4,11.4
2025-07-28,Monday,Morning (7am-3pm),Emergency,42,8,9.9
2025-07-28,Monday,Afternoon (3pm-11pm),Emergency,67,12,5.0
2025-07-28,Monday,Night (11pm-7am),Emergency,38,7,11.1
2025-07-28,Monday,Morning (7am-3pm),Outpatient,66,16,5.0
2025-07-28,Monday,Afternoon (3pm-11pm),Outpatient,73,18,9.7
2025-07-28,Monday,Night (11pm-7am),Outpatient,0,1,9.1
2025-07-28,Monday,Morning (7am-3pm),Surgery,7,2,17.7
2025-07-28,Monday,Afternoon (3pm-11pm),Surgery,6,3,5.0
2025-07-28,Monday,Night (11pm-7am),Surgery,2,1,5.7
2025-07-28,Monday,Morning (7am-3pm),Maternity,10,2,8.3
2025-07-28,Monday,Afternoon (3pm-11pm),Maternity,16,3,16.8
2025-07-28,Monday,Night (11pm-7am),Maternity,8,1,35.4
2025-07-28,Monday,Morning (7am-3pm),Pediatrics,30,5,22.3
2025-07-28,Monday,Afternoon (3pm-11pm),Pediatrics,23,5,27.3
2025-07-28,Monday,Night (11pm-7am),Pediatrics,15,4,5.0
2025-07-28,Monday,Morning (7am-3pm),ICU,9,5,7.1
2025-07-28,Monday,Afternoon (3pm-11pm),ICU,8,3,13.7
2025-07-28,Monday,Night (11pm-7am),ICU,8,5,15.9
2025-07-29,Tuesday,Morning (7am-3pm),Emergency,46,7,15.2
2025-07-29,Tuesday,Afternoon (3pm-11pm),Emergency,62,11,19.0
2025-07-29,Tuesday,Night (11pm-7am),Emergency,35,5,29.6
2025-07-29,Tuesday,Morning (7am-3pm),Outpatient,80,19,5.0
2025-07-29,Tuesday,Afternoon (3pm-11pm),Outpatient,52,13,10.5
2025-07-29,Tuesday,Night (11pm-7am),Outpatient,0,1,5.0
2025-07-29,Tuesday,Morning (7am-3pm),Surgery,11,3,5.0
2025-07-29,Tuesday,Afternoon (3pm-11pm),Surgery,6,3,5.0
2025-07-29,Tuesday,Night (11pm-7am),Surgery,1,1,5.0
2025-07-29,Tuesday,Morning (7am-3pm),Maternity,12,3,7.9
2025-07-29,Tuesday,Afternoon (3pm-11pm),Maternity,17,4,15.7
2025-07-29,Tuesday,Night (11pm-7am),Maternity,9,3,7.7
2025-07-29,Tuesday,Morning (7am-3pm),Pediatrics,32,5,13.9
2025-07-29,Tuesday,Afternoon (3pm-11pm),Pediatrics,23,3,40.2
2025-07-29,Tuesday,Night (11pm-7am),Pediatrics,15,2,19.4
2025-07-29,Tuesday,Morning (7am-3pm),ICU,9,3,5.0
2025-07-29,Tuesday,Afternoon (3pm-11pm),ICU,6,3,10.1
2025-07-29,Tuesday,Night (11pm-7am),ICU,8,4,31.7
2025-07-30,Wednesday,Morning (7am-3pm),Emergency,45,6,29.4
2025-07-30,Wednesday,Afternoon (3pm-11pm),Emergency,61,9,10.5
2025-07-30,Wednesday,Night (11pm-7am),Emergency,37,6,23.5
2025-07-30,Wednesday,Morning (7am-3pm),Outpatient,77,20,7.4
2025-07-30,Wednesday,Afternoon (3pm-11pm),Outpatient,47,10,16.2
2025-07-30,Wednesday,Night (11pm-7am),Outpatient,0,1,5.0
2025-07-30,Wednesday,Morning (7am-3pm),Surgery,6,3,5.0
2025-07-30,Wednesday,Afternoon (3pm-11pm),Surgery,4,1,18.4
2025-07-30,Wednesday,Night (11pm-7am),Surgery,1,1,5.4
2025-07-30,Wednesday,Morning (7am-3pm),Maternity,10,1,21.4
2025-07-30,Wednesday,Afternoon (3pm-11pm),Maternity,18,5,21.9
2025-07-30,Wednesday,Night (11pm-7am),Maternity,7,2,8.0
2025-07-30,Wednesday,Morning (7am-3pm),Pediatrics,30,6,19.4
2025-07-30,Wednesday,Afternoon (3pm-11pm),Pediatrics,28,6,14.1
2025-07-30,Wednesday,Night (11pm-7am),Pediatrics,12,1,41.9
2025-07-30,Wednesday,Morning (7am-3pm),ICU,6,4,5.0
2025-07-30,Wednesday,Afternoon (3pm-11pm),ICU,5,3,5.0
2025-07-30,Wednesday,Night (11pm-7am),ICU,6,3,5.0
2025-07-31,Thursday,Morning (7am-3pm),Emergency,51,8,21.3
2025-07-31,Thursday,Afternoon (3pm-11pm),Emergency,54,8,21.7
2025-07-31,Thursday,Night (11pm-7am),Emergency,30,6,25.8
2025-07-31,Thursday,Morning (7am-3pm),Outpatient,92,23,18.4
2025-07-31,Thursday,Afternoon (3pm-11pm),Outpatient,65,16,17.7
2025-07-31,Thursday,Night (11pm-7am),Outpatient,0,1,5.0
2025-07-31,Thursday,Morning (7am-3pm),Surgery,6,3,8.7
2025-07-31,Thursday,Afternoon (3pm-11pm),Surgery,6,3,9.9
2025-07-31,Thursday,Night (11pm-7am),Surgery,2,1,5.0
2025-07-31,Thursday,Morning (7am-3pm),Maternity,12,2,31.5
2025-07-31,Thursday,Afternoon (3pm-11pm),Maternity,14,3,20.3
2025-07-31,Thursday,Night (11pm-7am),Maternity,11,2,15.8
2025-07-31,Thursday,Morning (7am-3pm),Pediatrics,36,7,18.1
2025-07-31,Thursday,Afternoon (3pm-11pm),Pediatrics,20,5,22.9
2025-07-31,Thursday,Night (11pm-7am),Pediatrics,14,2,24.6
2025-07-31,Thursday,Morning (7am-3pm),ICU,6,3,9.1
2025-07-31,Thursday,Afternoon (3pm-11pm),ICU,8,3,5.0
2025-07-31,Thursday,Night (11pm-7am),ICU,6,4,5.0
2025-08-01,Friday,Morning (7am-3pm),Emergency,44,7,22.2
2025-08-01,Friday,Afternoon (3pm-11pm),Emergency,64,9,26.5
2025-08-01,Friday,Night (11pm-7am),Emergency,30,4,20.5
2025-08-01,Friday,Morning (7am-3pm),Outpatient,75,18,18.4
2025-08-01,Friday,Afternoon (3pm-11pm),Outpatient,52,14,6.1
2025-08-01,Friday,Night (11pm-7am),Outpatient,0,1,5.0
2025-08-01,Friday,Morning (7am-3pm),Surgery,8,2,6.6
2025-08-01,Friday,Afternoon (3pm-11pm),Surgery,5,1,37.1
2025-08-01,Friday,Night (11pm-7am),Surgery,2,1,11.2
2025-08-01,Friday,Morning (7am-3pm),Maternity,9,1,25.9
2025-08-01,Friday,Afternoon (3pm-11pm),Maternity,16,5,8.3
2025-08-01,Friday,Night (11pm-7am),Maternity,9,1,19.3
2025-08-01,Friday,Morning (7am-3pm),Pediatrics,37,7,21.6
2025-08-01,Friday,Afternoon (3pm-11pm),Pediatrics,19,2,43.4
2025-08-01,Friday,Night (11pm-7am),Pediatrics,12,2,10.6
2025-08-01,Friday,Morning (7am-3pm),ICU,6,4,14.3
2025-08-01,Friday,Afternoon (3pm-11pm),ICU,8,4,11.8
2025-08-01,Friday,Night (11pm-7am),ICU,7,2,5.6
2025-08-02,Saturday,Morning (7am-3pm),Emergency,63,11,18.0
2025-08-02,Saturday,Afternoon (3pm-11pm),Emergency,60,10,24.7
2025-08-02,Saturday,Night (11pm-7am),Emergency,46,6,10.7
2025-08-02,Saturday,Morning (7am-3pm),Outpatient,35,8,13.0
2025-08-02,Saturday,Afternoon (3pm-11pm),Outpatient,24,5,18.5
2025-08-02,Saturday,Night (11pm-7am),Outpatient,0,1,5.1
2025-08-02,Saturday,Morning (7am-3pm),Surgery,10,3,9.7
2025-08-02,Saturday,Afternoon (3pm-11pm),Surgery,5,2,5.0
2025-08-02,Saturday,Night (11pm-7am),Surgery,1,1,5.0
2025-08-02,Saturday,Morning (7am-3pm),Maternity,11,3,5.0
2025-08-02,Saturday,Afternoon (3pm-11pm),Maternity,15,2,29.2
2025-08-02,Saturday,Night (11pm-7am),Maternity,10,1,33.7
2025-08-02,Saturday,Morning (7am-3pm),Pediatrics,30,6,24.3
2025-08-02,Saturday,Afternoon (3pm-11pm),Pediatrics,21,5,10.0
2025-08-02,Saturday,Night (11pm-7am),Pediatrics,18,2,39.1
2025-08-02,Saturday,Morning (7am-3pm),ICU,6,4,34.0
2025-08-02,Saturday,Afternoon (3pm-11pm),ICU,6,3,7.1
2025-08-02,Saturday,Night (11pm-7am),ICU,8,4,5.0
2025-08-03,Sunday,Morning (7am-3pm),Emergency,52,9,10.5
2025-08-03,Sunday,Afternoon (3pm-11pm),Emergency,65,11,17.3
2025-08-03,Sunday,Night (11pm-7am),Emergency,42,6,17.1
2025-08-03,Sunday,Morning (7am-3pm),Outpatient,22,4,23.7
2025-08-03,Sunday,Afternoon (3pm-11pm),Outpatient,26,6,5.0
2025-08-03,Sunday,Night (11pm-7am),Outpatient,0,1,6.1
2025-08-03,Sunday,Morning (7am-3pm),Surgery,8,3,27.2
2025-08-03,Sunday,Afternoon (3pm-11pm),Surgery,7,2,5.0
2025-08-03,Sunday,Night (11pm-7am),Surgery,2,1,24.9
2025-08-03,Sunday,Morning (7am-3pm),Maternity,13,4,14.6
2025-08-03,Sunday,Afternoon (3pm-11pm),Maternity,17,5,16.5
2025-08-03,Sunday,Night (11pm-7am),Maternity,10,3,8.3
2025-08-03,Sunday,Morning (7am-3pm),Pediatrics,23,4,5.1
2025-08-03,Sunday,Afternoon (3pm-11pm),Pediatrics,27,4,11.6
2025-08-03,Sunday,Night (11pm-7am),Pediatrics,19,4,23.8
2025-08-03,Sunday,Morning (7am-3pm),ICU,7,4,10.7
2025-08-03,Sunday,Afternoon (3pm-11pm),ICU,6,3,11.7
2025-08-03,Sunday,Night (11pm-7am),ICU,9,5,5.0
2025-08-04,Monday,Morning (7am-3pm),Emergency,52,9,14.9
2025-08-04,Monday,Afternoon (3pm-11pm),Emergency,47,8,22.5
2025-08-04,Monday,Night (11pm-7am),Emergency,40,6,23.2
2025-08-04,Monday,Morning (7am-3pm),Outpatient,69,16,14.6
2025-08-04,Monday,Afternoon (3pm-11pm),Outpatient,54,14,23.3
2025-08-04,Monday,Night (11pm-7am),Outpatient,0,1,5.0
2025-08-04,Monday,Morning (7am-3pm),Surgery,8,3,13.6
2025-08-04,Monday,Afternoon (3pm-11pm),Surgery,6,1,21.7
2025-08-04,Monday,Night (11pm-7am),Surgery,1,1,9.0
2025-08-04,Monday,Morning (7am-3pm),Maternity,16,5,15.6
2025-08-04,Monday,Afternoon (3pm-11pm),Maternity,9,1,37.1
2025-08-04,Monday,Night (11pm-7am),Maternity,11,3,5.0
2025-08-04,Monday,Morning (7am-3pm),Pediatrics,27,5,28.7
2025-08-04,Monday,Afternoon (3pm-11pm),Pediatrics,29,5,17.2
2025-08-04,Monday,Night (11pm-7am),Pediatrics,14,2,21.1
2025-08-04,Monday,Morning (7am-3pm),ICU,4,1,11.3
2025-08-04,Monday,Afternoon (3pm-11pm),ICU,7,3,5.7
2025-08-04,Monday,Night (11pm-7am),ICU,5,3,5.5
2025-08-05,Tuesday,Morning (7am-3pm),Emergency,42,6,15.2
2025-08-05,Tuesday,Afternoon (3pm-11pm),Emergency,60,10,11.0
2025-08-05,Tuesday,Night (11pm-7am),Emergency,33,5,6.3
2025-08-05,Tuesday,Morning (7am-3pm),Outpatient,83,21,12.6
2025-08-05,Tuesday,Afternoon (3pm-11pm),Outpatient,63,14,23.0
2025-08-05,Tuesday,Night (11pm-7am),Outpatient,0,1,5.7
2025-08-05,Tuesday,Morning (7am-3pm),Surgery,7,3,30.6
2025-08-05,Tuesday,Afternoon (3pm-11pm),Surgery,5,1,12.3
2025-08-05,Tuesday,Night (11pm-7am),Surgery,1,1,11.8
2025-08-05,Tuesday,Morning (7am-3pm),Maternity,10,1,27.3
2025-08-05,Tuesday,Afternoon (3pm-11pm),Maternity,15,4,20.3
2025-08-05,Tuesday,Night (11pm-7am),Maternity,10,3,10.6
2025-08-05,Tuesday,Morning (7am-3pm),Pediatrics,27,5,24.1
2025-08-05,Tuesday,Afternoon (3pm-11pm),Pediatrics,29,4,35.4
2025-08-05,Tuesday,Night (11pm-7am),Pediatrics,13,1,48.7
2025-08-05,Tuesday,Morning (7am-3pm),ICU,6,3,12.9
2025-08-05,Tuesday,Afternoon (3pm-11pm),ICU,6,4,5.0
2025-08-05,Tuesday,Night (11pm-7am),ICU,6,3,5.0
2025-08-06,Wednesday,Morning (7am-3pm),Emergency,43,7,18.7
2025-08-06,Wednesday,Afternoon (3pm-11pm),Emergency,44,8,5.0
2025-08-06,Wednesday,Night (11pm-7am),Emergency,31,6,31.5
2025-08-06,Wednesday,Morning (7am-3pm),Outpatient,68,17,5.0
2025-08-06,Wednesday,Afternoon (3pm-11pm),Outpatient,75,19,9.0
2025-08-06,Wednesday,Night (11pm-7am),Outpatient,0,1,5.0
2025-08-06,Wednesday,Morning (7am-3pm),Surgery,6,3,7.2
2025-08-06,Wednesday,Afternoon (3pm-11pm),Surgery,4,1,5.0
2025-08-06,Wednesday,Night (11pm-7am),Surgery,2,1,5.0
2025-08-06,Wednesday,Morning (7am-3pm),Maternity,12,2,16.8
2025-08-06,Wednesday,Afternoon (3pm-11pm),Maternity,12,3,15.0
2025-08-06,Wednesday,Night (11pm-7am),Maternity,9,3,5.0
2025-08-06,Wednesday,Morning (7am-3pm),Pediatrics,38,8,6.5
2025-08-06,Wednesday,Afternoon (3pm-11pm),Pediatrics,24,5,5.0
2025-08-06,Wednesday,Night (11pm-7am),Pediatrics,15,4,18.1
2025-08-06,Wednesday,Morning (7am-3pm),ICU,6,2,10.1
2025-08-06,Wednesday,Afternoon (3pm-11pm),ICU,6,4,7.0
2025-08-06,Wednesday,Night (11pm-7am),ICU,6,4,15.4
2025-08-07,Thursday,Morning (7am-3pm),Emergency,39,6,6.4
2025-08-07,Thursday,Afternoon (3pm-11pm),Emergency,50,7,18.1
2025-08-07,Thursday,Night (11pm-7am),Emergency,34,5,27.0
2025-08-07,Thursday,Morning (7am-3pm),Outpatient,82,21,5.0
2025-08-07,Thursday,Afternoon (3pm-11pm),Outpatient,57,14,5.5
2025-08-07,Thursday,Night (11pm-7am),Outpatient,0,1,5.0
2025-08-07,Thursday,Morning (7am-3pm),Surgery,7,3,11.0
2025-08-07,Thursday,Afternoon (3pm-11pm),Surgery,4,1,7.4
2025-08-07,Thursday,Night (11pm-7am),Surgery,2,1,5.0
2025-08-07,Thursday,Morning (7am-3pm),Maternity,11,3,17.4
2025-08-07,Thursday,Afternoon (3pm-11pm),Maternity,19,5,20.1
2025-08-07,Thursday,Night (11pm-7am),Maternity,9,1,36.1
2025-08-07,Thursday,Morning (7am-3pm),Pediatrics,31,7,7.7
2025-08-07,Thursday,Afternoon (3pm-11pm),Pediatrics,24,5,10.3
2025-08-07,Thursday,Night (11pm-7am),Pediatrics,14,1,36.1
2025-08-07,Thursday,Morning (7am-3pm),ICU,7,4,5.0
2025-08-07,Thursday,Afternoon (3pm-11pm),ICU,8,4,9.7
2025-08-07,Thursday,Night (11pm-7am),ICU,7,2,6.9
2025-08-08,Friday,Morning (7am-3pm),Emergency,53,7,23.0
2025-08-08,Friday,Afternoon (3pm-11pm),Emergency,38,6,29.3
2025-08-08,Friday,Night (11pm-7am),Emergency,31,5,19.4
2025-08-08,Friday,Morning (7am-3pm),Outpatient,72,17,23.1
2025-08-08,Friday,Afternoon (3pm-11pm),Outpatient,56,15,6.4
2025-08-08,Friday,Night (11pm-7am),Outpatient,0,1,5.0
2025-08-08,Friday,Morning (7am-3pm),Surgery,6,1,25.5
2025-08-08,Friday,Afternoon (3pm-11pm),Surgery,6,2,8.9
2025-08-08,Friday,Night (11pm-7am),Surgery,2,1,18.3
2025-08-08,Friday,Morning (7am-3pm),Maternity,12,4,8.2
2025-08-08,Friday,Afternoon (3pm-11pm),Maternity,10,2,5.0
2025-08-08,Friday,Night (11pm-7am),Maternity,9,3,32.5
2025-08-08,Friday,Morning (7am-3pm),Pediatrics,20,3,17.4
2025-08-08,Friday,Afternoon (3pm-11pm),Pediatrics,27,4,13.0
2025-08-08,Friday,Night (11pm-7am),Pediatrics,15,4,5.0
2025-08-08,Friday,Morning (7am-3pm),ICU,7,2,12.1
2025-08-08,Friday,Afternoon (3pm-11pm),ICU,9,4,7.4
2025-08-08,Friday,Night (11pm-7am),ICU,6,2,5.0
2025-08-09,Saturday,Morning (7am-3pm),Emergency,48,8,10.7
2025-08-09,Saturday,Afternoon (3pm-11pm),Emergency,76,11,12.2
2025-08-09,Saturday,Night (11pm-7am),Emergency,42,6,23.1
2025-08-09,Saturday,Morning (7am-3pm),Outpatient,20,4,17.6
2025-08-09,Saturday,Afternoon (3pm-11pm),Outpatient,23,5,19.6
2025-08-09,Saturday,Night (11pm-7am),Outpatient,0,1,5.0
2025-08-09,Saturday,Morning (7am-3pm),Surgery,7,2,7.7
2025-08-09,Saturday,Afternoon (3pm-11pm),Surgery,5,1,12.3
2025-08-09,Saturday,Night (11pm-7am),Surgery,1,1,5.0
2025-08-09,Saturday,Morning (7am-3pm),Maternity,8,3,7.7
2025-08-09,Saturday,Afternoon (3pm-11pm),Maternity,15,4,5.0
2025-08-09,Saturday,Night (11pm-7am),Maternity,11,3,7.6
2025-08-09,Saturday,Morning (7am-3pm),Pediatrics,32,6,35.8
2025-08-09,Saturday,Afternoon (3pm-11pm),Pediatrics,28,6,24.9
2025-08-09,Saturday,Night (11pm-7am),Pediatrics,12,2,26.9
2025-08-09,Saturday,Morning (7am-3pm),ICU,8,3,5.0
2025-08-09,Saturday,Afternoon (3pm-11pm),ICU,8,5,5.0
2025-08-09,Saturday,Night (11pm-7am),ICU,8,4,5.0
2025-08-10,Sunday,Morning (7am-3pm),Emergency,49,9,15.0
2025-08-10,Sunday,Afternoon (3pm-11pm),Emergency,86,15,26.9
2025-08-10,Sunday,Night (11pm-7am),Emergency,47,6,33.0
2025-08-10,Sunday,Morning (7am-3pm),Outpatient,29,6,23.1
2025-08-10,Sunday,Afternoon (3pm-11pm),Outpatient,21,5,5.0
2025-08-10,Sunday,Night (11pm-7am),Outpatient,0,1,5.2
2025-08-10,Sunday,Morning (7am-3pm),Surgery,6,2,11.8
2025-08-10,Sunday,Afternoon (3pm-11pm),Surgery,4,2,5.0
2025-08-10,Sunday,Night (11pm-7am),Surgery,2,1,5.0
2025-08-10,Sunday,Morning (7am-3pm),Maternity,11,1,33.6
2025-08-10,Sunday,Afternoon (3pm-11pm),Maternity,14,3,12.8
2025-08-10,Sunday,Night (11pm-7am),Maternity,9,1,17.5
2025-08-10,Sunday,Morning (7am-3pm),Pediatrics,31,6,14.3
2025-08-10,Sunday,Afternoon (3pm-11pm),Pediatrics,28,4,22.6
2025-08-10,Sunday,Night (11pm-7am),Pediatrics,15,4,5.0
2025-08-10,Sunday,Morning (7am-3pm),ICU,9,4,5.0
2025-08-10,Sunday,Afternoon (3pm-11pm),ICU,5,2,13.2
2025-08-10,Sunday,Night (11pm-7am),ICU,6,4,13.0
2025-08-11,Monday,Morning (7am-3pm),Emergency,47,7,17.1
2025-08-11,Monday,Afternoon (3pm-11pm),Emergency,74,12,35.6
2025-08-11,Monday,Night (11pm-7am),Emergency,26,3,23.7
2025-08-11,Monday,Morning (7am-3pm),Outpatient,90,22,5.0
2025-08-11,Monday,Afternoon (3pm-11pm),Outpatient,46,11,15.5
2025-08-11,Monday,Night (11pm-7am),Outpatient,0,1,5.0
2025-08-11,Monday,Morning (7am-3pm),Surgery,7,1,22.1
2025-08-11,Monday,Afternoon (3pm-11pm),Surgery,7,1,16.1
2025-08-11,Monday,Night (11pm-7am),Surgery,2,1,8.4
2025-08-11,Monday,Morning (7am-3pm),Maternity,12,2,5.0
2025-08-11,Monday,Afternoon (3pm-11pm),Maternity,15,4,14.2
2025-08-11,Monday,Night (11pm-7am),Maternity,11,3,13.3
2025-08-11,Monday,Morning (7am-3pm),Pediatrics,32,5,14.9
2025-08-11,Monday,Afternoon (3pm-11pm),Pediatrics,22,3,25.4
2025-08-11,Monday,Night (11pm-7am),Pediatrics,15,2,8.7
2025-08-11,Monday,Morning (7am-3pm),ICU,7,4,5.1
2025-08-11,Monday,Afternoon (3pm-11pm),ICU,6,4,5.0
2025-08-11,Monday,Night (11pm-7am),ICU,8,3,5.0
2025-08-12,Tuesday,Morning (7am-3pm),Emergency,53,8,19.0
2025-08-12,Tuesday,Afternoon (3pm-11pm),Emergency,54,10,18.9
2025-08-12,Tuesday,Night (11pm-7am),Emergency,43,8,5.0
2025-08-12,Tuesday,Morning (7am-3pm),Outpatient,73,17,5.0
2025-08-12,Tuesday,Afternoon (3pm-11pm),Outpatient,81,21,8.3
2025-08-12,Tuesday,Night (11pm-7am),Outpatient,0,1,6.6
2025-08-12,Tuesday,Morning (7am-3pm),Surgery,7,2,12.8
2025-08-12,Tuesday,Afternoon (3pm-11pm),Surgery,6,1,27.1
2025-08-12,Tuesday,Night (11pm-7am),Surgery,2,1,5.0
2025-08-12,Tuesday,Morning (7am-3pm),Maternity,13,2,26.5
2025-08-12,Tuesday,Afternoon (3pm-11pm),Maternity,9,3,5.0
2025-08-12,Tuesday,Night (11pm-7am),Maternity,8,2,10.5
2025-08-12,Tuesday,Morning (7am-3pm),Pediatrics,31,6,26.5
2025-08-12,Tuesday,Afternoon (3pm-11pm),Pediatrics,25,6,9.6
2025-08-12,Tuesday,Night (11pm-7am),Pediatrics,15,3,12.7
2025-08-12,Tuesday,Morning (7am-3pm),ICU,7,2,5.0
2025-08-12,Tuesday,Afternoon (3pm-11pm),ICU,8,5,17.3
2025-08-12,Tuesday,Night (11pm-7am),ICU,7,2,5.6
2025-08-13,Wednesday,Morning (7am-3pm),Emergency,49,7,15.7
2025-08-13,Wednesday,Afternoon (3pm-11pm),Emergency,56,10,21.8
2025-08-13,Wednesday,Night (11pm-7am),Emergency,50,8,39.9
2025-08-13,Wednesday,Morning (7am-3pm),Outpatient,95,24,5.6
2025-08-13,Wednesday,Afternoon (3pm-11pm),Outpatient,65,17,28.5
2025-08-13,Wednesday,Night (11pm-7am),Outpatient,0,1,5.9
2025-08-13,Wednesday,Morning (7am-3pm),Surgery,6,2,7.4
2025-08-13,Wednesday,Afternoon (3pm-11pm),Surgery,4,1,24.8
2025-08-13,Wednesday,Night (11pm-7am),Surgery,2,1,19.1
2025-08-13,Wednesday,Morning (7am-3pm),Maternity,12,2,11.0
2025-08-13,Wednesday,Afternoon (3pm-11pm),Maternity,13,4,15.8
2025-08-13,Wednesday,Night (11pm-7am),Maternity,11,1,23.1
2025-08-13,Wednesday,Morning (7am-3pm),Pediatrics,29,6,33.1
2025-08-13,Wednesday,Afternoon (3pm-11pm),Pediatrics,24,3,17.4
2025-08-13,Wednesday,Night (11pm-7am),Pediatrics,13,1,45.9
2025-08-13,Wednesday,Morning (7am-3pm),ICU,6,4,5.0
2025-08-13,Wednesday,Afternoon (3pm-11pm),ICU,6,3,17.6
2025-08-13,Wednesday,Night (11pm-7am),ICU,9,4,5.0
2025-08-14,Thursday,Morning (7am-3pm),Emergency,34,5,23.6
2025-08-14,Thursday,Afternoon (3pm-11pm),Emergency,61,10,29.5
2025-08-14,Thursday,Night (11pm-7am),Emergency,39,7,32.1
2025-08-14,Thursday,Morning (7am-3pm),Outpatient,94,22,10.2
2025-08-14,Thursday,Afternoon (3pm-11pm),Outpatient,72,17,8.7
2025-08-14,Thursday,Night (11pm-7am),Outpatient,0,1,8.0
2025-08-14,Thursday,Morning (7am-3pm),Surgery,8,1,25.9
2025-08-14,Thursday,Afternoon (3pm-11pm),Surgery,5,2,7.2
2025-08-14,Thursday,Night (11pm-7am),Surgery,1,1,5.0
2025-08-14,Thursday,Morning (7am-3pm),Maternity,11,3,9.8
2025-08-14,Thursday,Afternoon (3pm-11pm),Maternity,14,4,10.1
2025-08-14,Thursday,Night (11pm-7am),Maternity,9,2,5.0
2025-08-14,Thursday,Morning (7am-3pm),Pediatrics,38,8,15.8
2025-08-14,Thursday,Afternoon (3pm-11pm),Pediatrics,16,2,32.0
2025-08-14,Thursday,Night (11pm-7am),Pediatrics,15,2,24.7
2025-08-14,Thursday,Morning (7am-3pm),ICU,8,4,17.1
2025-08-14,Thursday,Afternoon (3pm-11pm),ICU,8,4,5.0
2025-08-14,Thursday,Night (11pm-7am),ICU,10,5,15.6
2025-08-15,Friday,Morning (7am-3pm),Emergency,26,3,16.3
2025-08-15,Friday,Afternoon (3pm-11pm),Emergency,50,7,35.7
2025-08-15,Friday,Night (11pm-7am),Emergency,29,3,16.0
2025-08-15,Friday,Morning (7am-3pm),Outpatient,89,23,15.9
2025-08-15,Friday,Afternoon (3pm-11pm),Outpatient,47,12,13.5
2025-08-15,Friday,Night (11pm-7am),Outpatient,0,1,8.3
2025-08-15,Friday,Morning (7am-3pm),Surgery,7,1,15.3
2025-08-15,Friday,Afternoon (3pm-11pm),Surgery,7,1,10.0
2025-08-15,Friday,Night (11pm-7am),Surgery,2,1,21.6
2025-08-15,Friday,Morning (7am-3pm),Maternity,11,1,33.4
2025-08-15,Friday,Afternoon (3pm-11pm),Maternity,14,4,5.0
2025-08-15,Friday,Night (11pm-7am),Maternity,9,2,12.7
2025-08-15,Friday,Morning (7am-3pm),Pediatrics,33,5,20.3
2025-08-15,Friday,Afternoon (3pm-11pm),Pediatrics,25,5,5.0
2025-08-15,Friday,Night (11pm-7am),Pediatrics,16,4,9.1
2025-08-15,Friday,Morning (7am-3pm),ICU,8,4,21.2
2025-08-15,Friday,Afternoon (3pm-11pm),ICU,7,3,5.0
2025-08-15,Friday,Night (11pm-7am),ICU,8,5,5.0
2025-08-16,Saturday,Morning (7am-3pm),Emergency,56,9,9.4
2025-08-16,Saturday,Afternoon (3pm-11pm),Emergency,81,12,23.1
2025-08-16,Saturday,Night (11pm-7am),Emergency,38,7,27.8
2025-08-16,Saturday,Morning (7am-3pm),Outpatient,25,5,23.3
2025-08-16,Saturday,Afternoon (3pm-11pm),Outpatient,19,4,5.0
2025-08-16,Saturday,Night (11pm-7am),Outpatient,0,1,5.0
2025-08-16,Saturday,Morning (7am-3pm),Surgery,6,3,11.0
2025-08-16,Saturday,Afternoon (3pm-11pm),Surgery,4,1,21.4
2025-08-16,Saturday,Night (11pm-7am),Surgery,2,1,5.0
2025-08-16,Saturday,Morning (7am-3pm),Maternity,11,3,18.8
2025-08-16,Saturday,Afternoon (3pm-11pm),Maternity,16,4,18.6
2025-08-16,Saturday,Night (11pm-7am),Maternity,10,2,15.5
2025-08-16,Saturday,Morning (7am-3pm),Pediatrics,22,3,26.6
2025-08-16,Saturday,Afternoon (3pm-11pm),Pediatrics,26,5,19.4
2025-08-16,Saturday,Night (11pm-7am),Pediatrics,12,1,32.6
2025-08-16,Saturday,Morning (7am-3pm),ICU,9,3,10.2
2025-08-16,Saturday,Afternoon (3pm-11pm),ICU,6,3,5.0
2025-08-16,Saturday,Night (11pm-7am),ICU,9,3,9.6
2025-08-17,Sunday,Morning (7am-3pm),Emergency,56,8,10.9
2025-08-17,Sunday,Afternoon (3pm-11pm),Emergency,65,10,17.4
2025-08-17,Sunday,Night (11pm-7am),Emergency,47,7,25.7
2025-08-17,Sunday,Morning (7am-3pm),Outpatient,30,7,13.0
2025-08-17,Sunday,Afternoon (3pm-11pm),Outpatient,23,4,23.9
2025-08-17,Sunday,Night (11pm-7am),Outpatient,0,1,14.7
2025-08-17,Sunday,Morning (7am-3pm),Surgery,6,1,10.4
2025-08-17,Sunday,Afternoon (3pm-11pm),Surgery,5,1,16.1
2025-08-17,Sunday,Night (11pm-7am),Surgery,2,1,5.0
2025-08-17,Sunday,Morning (7am-3pm),Maternity,9,2,24.4
2025-08-17,Sunday,Afternoon (3pm-11pm),Maternity,12,4,21.7
2025-08-17,Sunday,Night (11pm-7am),Maternity,10,2,14.3
2025-08-17,Sunday,Morning (7am-3pm),Pediatrics,24,4,10.6
2025-08-17,Sunday,Afternoon (3pm-11pm),Pediatrics,21,4,34.8
2025-08-17,Sunday,Night (11pm-7am),Pediatrics,14,2,32.9
2025-08-17,Sunday,Morning (7am-3pm),ICU,10,5,5.0
2025-08-17,Sunday,Afternoon (3pm-11pm),ICU,6,3,16.3
2025-08-17,Sunday,Night (11pm-7am),ICU,6,2,22.9
2025-08-18,Monday,Morning (7am-3pm),Emergency,37,7,10.4
2025-08-18,Monday,Afternoon (3pm-11pm),Emergency,55,10,14.6
2025-08-18,Monday,Night (11pm-7am),Emergency,26,4,22.5
2025-08-18,Monday,Morning (7am-3pm),Outpatient,86,20,5.0
2025-08-18,Monday,Afternoon (3pm-11pm),Outpatient,66,16,5.0
2025-08-18,Monday,Night (11pm-7am),Outpatient,0,1,5.0
2025-08-18,Monday,Morning (7am-3pm),Surgery,8,3,19.7
2025-08-18,Monday,Afternoon (3pm-11pm),Surgery,5,1,18.6
2025-08-18,Monday,Night (11pm-7am),Surgery,2,1,5.5
2025-08-18,Monday,Morning (7am-3pm),Maternity,8,3,5.0
2025-08-18,Monday,Afternoon (3pm-11pm),Maternity,14,3,15.1
2025-08-18,Monday,Night (11pm-7am),Maternity,9,3,5.0
2025-08-18,Monday,Morning (7am-3pm),Pediatrics,28,4,18.4
2025-08-18,Monday,Afternoon (3pm-11pm),Pediatrics,23,5,7.5
2025-08-18,Monday,Night (11pm-7am),Pediatrics,12,3,5.3
2025-08-18,Monday,Morning (7am-3pm),ICU,7,3,5.0
2025-08-18,Monday,Afternoon (3pm-11pm),ICU,9,3,7.2
2025-08-18,Monday,Night (11pm-7am),ICU,8,5,8.1
2025-08-19,Tuesday,Morning (7am-3pm),Emergency,36,7,14.2
2025-08-19,Tuesday,Afternoon (3pm-11pm),Emergency,56,9,26.3
2025-08-19,Tuesday,Night (11pm-7am),Emergency,35,6,6.9
2025-08-19,Tuesday,Morning (7am-3pm),Outpatient,104,26,34.6
2025-08-19,Tuesday,Afternoon (3pm-11pm),Outpatient,67,15,18.5
2025-08-19,Tuesday,Night (11pm-7am),Outpatient,0,1,12.7
2025-08-19,Tuesday,Morning (7am-3pm),Surgery,7,1,27.0
2025-08-19,Tuesday,Afternoon (3pm-11pm),Surgery,5,1,14.0
2025-08-19,Tuesday,Night (11pm-7am),Surgery,1,1,7.7
2025-08-19,Tuesday,Morning (7am-3pm),Maternity,12,4,10.0
2025-08-19,Tuesday,Afternoon (3pm-11pm),Maternity,18,5,21.1
2025-08-19,Tuesday,Night (11pm-7am),Maternity,12,4,18.1
2025-08-19,Tuesday,Morning (7am-3pm),Pediatrics,30,5,23.0
2025-08-19,Tuesday,Afternoon (3pm-11pm),Pediatrics,23,4,24.6
2025-08-19,Tuesday,Night (11pm-7am),Pediatrics,15,2,30.6
2025-08-19,Tuesday,Morning (7am-3pm),ICU,8,4,16.8
2025-08-19,Tuesday,Afternoon (3pm-11pm),ICU,9,3,11.0
2025-08-19,Tuesday,Night (11pm-7am),ICU,6,2,11.6
2025-08-20,Wednesday,Morning (7am-3pm),Emergency,43,8,10.9
2025-08-20,Wednesday,Afternoon (3pm-11pm),Emergency,56,8,18.3
2025-08-20,Wednesday,Night (11pm-7am),Emergency,36,6,8.5
2025-08-20,Wednesday,Morning (7am-3pm),Outpatient,73,18,20.0
2025-08-20,Wednesday,Afternoon (3pm-11pm),Outpatient,55,14,5.0
2025-08-20,Wednesday,Night (11pm-7am),Outpatient,0,1,7.3
2025-08-20,Wednesday,Morning (7am-3pm),Surgery,7,2,6.7
2025-08-20,Wednesday,Afternoon (3pm-11pm),Surgery,4,2,5.0
2025-08-20,Wednesday,Night (11pm-7am),Surgery,2,1,5.0
2025-08-20,Wednesday,Morning (7am-3pm),Maternity,12,2,20.2
2025-08-20,Wednesday,Afternoon (3pm-11pm),Maternity,15,3,19.0
2025-08-20,Wednesday,Night (11pm-7am),Maternity,9,2,5.0
2025-08-20,Wednesday,Morning (7am-3pm),Pediatrics,25,5,9.0
2025-08-20,Wednesday,Afternoon (3pm-11pm),Pediatrics,27,6,24.0
2025-08-20,Wednesday,Night (11pm-7am),Pediatrics,19,2,19.5
2025-08-20,Wednesday,Morning (7am-3pm),ICU,6,2,5.9
2025-08-20,Wednesday,Afternoon (3pm-11pm),ICU,8,5,19.0
2025-08-20,Wednesday,Night (11pm-7am),ICU,9,3,11.5
2025-08-21,Thursday,Morning (7am-3pm),Emergency,40,6,20.5
2025-08-21,Thursday,Afternoon (3pm-11pm),Emergency,64,10,17.1
2025-08-21,Thursday,Night (11pm-7am),Emergency,29,5,22.4
2025-08-21,Thursday,Morning (7am-3pm),Outpatient,87,20,5.2
2025-08-21,Thursday,Afternoon (3pm-11pm),Outpatient,45,10,7.8
2025-08-21,Thursday,Night (11pm-7am),Outpatient,0,1,6.2
2025-08-21,Thursday,Morning (7am-3pm),Surgery,7,3,20.5
2025-08-21,Thursday,Afternoon (3pm-11pm),Surgery,5,2,5.0
2025-08-21,Thursday,Night (11pm-7am),Surgery,1,1,5.0
2025-08-21,Thursday,Morning (7am-3pm),Maternity,12,3,5.0
2025-08-21,Thursday,Afternoon (3pm-11pm),Maternity,11,3,7.5
2025-08-21,Thursday,Night (11pm-7am),Maternity,9,2,15.5
2025-08-21,Thursday,Morning (7am-3pm),Pediatrics,36,6,27.0
2025-08-21,Thursday,Afternoon (3pm-11pm),Pediatrics,20,4,44.2
2025-08-21,Thursday,Night (11pm-7am),Pediatrics,14,1,57.9
2025-08-21,Thursday,Morning (7am-3pm),ICU,4,1,21.6
2025-08-21,Thursday,Afternoon (3pm-11pm),ICU,8,5,17.5
2025-08-21,Thursday,Night (11pm-7am),ICU,6,4,14.7
2025-08-22,Friday,Morning (7am-3pm),Emergency,36,5,26.4
2025-08-22,Friday,Afternoon (3pm-11pm),Emergency,60,11,5.0
2025-08-22,Friday,Night (11pm-7am),Emergency,32,6,21.2
2025-08-22,Friday,Morning (7am-3pm),Outpatient,96,24,31.4
2025-08-22,Friday,Afternoon (3pm-11pm),Outpatient,58,15,17.7
2025-08-22,Friday,Night (11pm-7am),Outpatient,0,1,5.0
2025-08-22,Friday,Morning (7am-3pm),Surgery,9,3,19.0
2025-08-22,Friday,Afternoon (3pm-11pm),Surgery,8,3,5.0
2025-08-22,Friday,Night (11pm-7am),Surgery,2,1,17.5
2025-08-22,Friday,Morning (7am-3pm),Maternity,12,2,23.6
2025-08-22,Friday,Afternoon (3pm-11pm),Maternity,15,3,5.0
2025-08-22,Friday,Night (11pm-7am),Maternity,11,3,19.8
2025-08-22,Friday,Morning (7am-3pm),Pediatrics,25,6,17.0
2025-08-22,Friday,Afternoon (3pm-11pm),Pediatrics,26,5,5.0
2025-08-22,Friday,Night (11pm-7am),Pediatrics,13,2,18.9
2025-08-22,Friday,Morning (7am-3pm),ICU,6,4,7.1
2025-08-22,Friday,Afternoon (3pm-11pm),ICU,10,6,5.2
2025-08-22,Friday,Night (11pm-7am),ICU,10,6,16.8
2025-08-23,Saturday,Morning (7am-3pm),Emergency,53,7,16.2
2025-08-23,Saturday,Afternoon (3pm-11pm),Emergency,74,12,10.8
2025-08-23,Saturday,Night (11pm-7am),Emergency,48,8,9.7
2025-08-23,Saturday,Morning (7am-3pm),Outpatient,34,9,5.0
2025-08-23,Saturday,Afternoon (3pm-11pm),Outpatient,28,7,23.4
2025-08-23,Saturday,Night (11pm-7am),Outpatient,0,1,5.0
2025-08-23,Saturday,Morning (7am-3pm),Surgery,9,3,17.2
2025-08-23,Saturday,Afternoon (3pm-11pm),Surgery,8,1,25.9
2025-08-23,Saturday,Night (11pm-7am),Surgery,1,1,5.0
2025-08-23,Saturday,Morning (7am-3pm),Maternity,12,2,29.7
2025-08-23,Saturday,Afternoon (3pm-11pm),Maternity,16,4,7.4
2025-08-23,Saturday,Night (11pm-7am),Maternity,11,1,37.2
2025-08-23,Saturday,Morning (7am-3pm),Pediatrics,23,3,35.5
2025-08-23,Saturday,Afternoon (3pm-11pm),Pediatrics,29,6,18.1
2025-08-23,Saturday,Night (11pm-7am),Pediatrics,14,3,8.4
2025-08-23,Saturday,Morning (7am-3pm),ICU,8,3,9.9
2025-08-23,Saturday,Afternoon (3pm-11pm),ICU,7,2,11.1
2025-08-23,Saturday,Night (11pm-7am),ICU,6,2,7.9
2025-08-24,Sunday,Morning (7am-3pm),Emergency,52,8,5.6
2025-08-24,Sunday,Afternoon (3pm-11pm),Emergency,66,10,11.2
2025-08-24,Sunday,Night (11pm-7am),Emergency,36,5,30.3
2025-08-24,Sunday,Morning (7am-3pm),Outpatient,35,8,17.8
2025-08-24,Sunday,Afternoon (3pm-11pm),Outpatient,28,6,24.5
2025-08-24,Sunday,Night (11pm-7am),Outpatient,0,1,5.0
2025-08-24,Sunday,Morning (7am-3pm),Surgery,7,3,6.8
2025-08-24,Sunday,Afternoon (3pm-11pm),Surgery,6,1,24.4
2025-08-24,Sunday,Night (11pm-7am),Surgery,1,1,5.0
2025-08-24,Sunday,Morning (7am-3pm),Maternity,10,1,24.2
2025-08-24,Sunday,Afternoon (3pm-11pm),Maternity,15,2,24.4
2025-08-24,Sunday,Night (11pm-7am),Maternity,8,2,7.8
2025-08-24,Sunday,Morning (7am-3pm),Pediatrics,29,5,21.4
2025-08-24,Sunday,Afternoon (3pm-11pm),Pediatrics,23,5,9.0
2025-08-24,Sunday,Night (11pm-7am),Pediatrics,12,3,5.6
2025-08-24,Sunday,Morning (7am-3pm),ICU,10,5,8.6
2025-08-24,Sunday,Afternoon (3pm-11pm),ICU,8,3,18.5
2025-08-24,Sunday,Night (11pm-7am),ICU,7,2,5.0
2025-08-25,Monday,Morning (7am-3pm),Emergency,47,6,9.6
2025-08-25,Monday,Afternoon (3pm-11pm),Emergency,50,8,18.9
2025-08-25,Monday,Night (11pm-7am),Emergency,33,4,22.4
2025-08-25,Monday,Morning (7am-3pm),Outpatient,107,25,11.3
2025-08-25,Monday,Afternoon (3pm-11pm),Outpatient,46,11,22.5
2025-08-25,Monday,Night (11pm-7am),Outpatient,0,1,9.1
2025-08-25,Monday,Morning (7am-3pm),Surgery,9,2,9.6
2025-08-25,Monday,Afternoon (3pm-11pm),Surgery,5,1,14.3
2025-08-25,Monday,Night (11pm-7am),Surgery,2,1,6.7
2025-08-25,Monday,Morning (7am-3pm),Maternity,9,3,8.5
2025-08-25,Monday,Afternoon (3pm-11pm),Maternity,15,3,6.7
2025-08-25,Monday,Night (11pm-7am),Maternity,11,3,15.9
2025-08-25,Monday,Morning (7am-3pm),Pediatrics,31,5,21.3
2025-08-25,Monday,Afternoon (3pm-11pm),Pediatrics,22,3,21.6
2025-08-25,Monday,Night (11pm-7am),Pediatrics,12,3,10.2
2025-08-25,Monday,Morning (7am-3pm),ICU,8,5,5.0
2025-08-25,Monday,Afternoon (3pm-11pm),ICU,9,5,10.4
2025-08-25,Monday,Night (11pm-7am),ICU,8,3,6.3
2025-08-26,Tuesday,Morning (7am-3pm),Emergency,51,8,23.5
2025-08-26,Tuesday,Afternoon (3pm-11pm),Emergency,52,9,15.6
2025-08-26,Tuesday,Night (11pm-7am),Emergency,34,4,12.4
2025-08-26,Tuesday,Morning (7am-3pm),Outpatient,86,20,13.2
2025-08-26,Tuesday,Afternoon (3pm-11pm),Outpatient,71,18,28.8
2025-08-26,Tuesday,Night (11pm-7am),Outpatient,0,1,5.0
2025-08-26,Tuesday,Morning (7am-3pm),Surgery,8,2,15.6
2025-08-26,Tuesday,Afternoon (3pm-11pm),Surgery,5,1,11.0
2025-08-26,Tuesday,Night (11pm-7am),Surgery,1,1,10.3
2025-08-26,Tuesday,Morning (7am-3pm),Maternity,14,4,15.4
2025-08-26,Tuesday,Afternoon (3pm-11pm),Maternity,13,4,5.0
2025-08-26,Tuesday,Night (11pm-7am),Maternity,8,3,15.2
2025-08-26,Tuesday,Morning (7am-3pm),Pediatrics,31,5,22.7
2025-08-26,Tuesday,Afternoon (3pm-11pm),Pediatrics,29,4,14.4
2025-08-26,Tuesday,Night (11pm-7am),Pediatrics,15,2,32.0
2025-08-26,Tuesday,Morning (7am-3pm),ICU,8,3,7.0
2025-08-26,Tuesday,Afternoon (3pm-11pm),ICU,6,2,10.4
2025-08-26,Tuesday,Night (11pm-7am),ICU,9,3,27.3
2025-08-27,Wednesday,Morning (7am-3pm),Emergency,30,6,9.2
2025-08-27,Wednesday,Afternoon (3pm-11pm),Emergency,51,7,17.1
2025-08-27,Wednesday,Night (11pm-7am),Emergency,27,4,26.7
2025-08-27,Wednesday,Morning (7am-3pm),Outpatient,87,20,5.0
2025-08-27,Wednesday,Afternoon (3pm-11pm),Outpatient,40,9,13.1
2025-08-27,Wednesday,Night (11pm-7am),Outpatient,0,1,9.5
2025-08-27,Wednesday,Morning (7am-3pm),Surgery,8,2,11.1
2025-08-27,Wednesday,Afternoon (3pm-11pm),Surgery,7,2,5.0
2025-08-27,Wednesday,Night (11pm-7am),Surgery,1,1,12.0
2025-08-27,Wednesday,Morning (7am-3pm),Maternity,10,2,19.9
2025-08-27,Wednesday,Afternoon (3pm-11pm),Maternity,14,3,8.0
2025-08-27,Wednesday,Night (11pm-7am),Maternity,8,1,18.9
2025-08-27,Wednesday,Morning (7am-3pm),Pediatrics,29,4,11.7
2025-08-27,Wednesday,Afternoon (3pm-11pm),Pediatrics,30,5,33.1
2025-08-27,Wednesday,Night (11pm-7am),Pediatrics,15,4,18.6
2025-08-27,Wednesday,Morning (7am-3pm),ICU,10,4,5.0
2025-08-27,Wednesday,Afternoon (3pm-11pm),ICU,8,5,5.0
2025-08-27,Wednesday,Night (11pm-7am),ICU,7,4,5.0
2025-08-28,Thursday,Morning (7am-3pm),Emergency,52,7,21.4
2025-08-28,Thursday,Afternoon (3pm-11pm),Emergency,59,9,18.9
2025-08-28,Thursday,Night (11pm-7am),Emergency,44,8,26.5
2025-08-28,Thursday,Morning (7am-3pm),Outpatient,58,14,21.3
2025-08-28,Thursday,Afternoon (3pm-11pm),Outpatient,63,14,13.0
2025-08-28,Thursday,Night (11pm-7am),Outpatient,0,1,5.0
2025-08-28,Thursday,Morning (7am-3pm),Surgery,9,3,13.7
2025-08-28,Thursday,Afternoon (3pm-11pm),Surgery,5,1,11.4
2025-08-28,Thursday,Night (11pm-7am),Surgery,1,1,9.9
2025-08-28,Thursday,Morning (7am-3pm),Maternity,11,2,5.0
2025-08-28,Thursday,Afternoon (3pm-11pm),Maternity,13,2,21.2
2025-08-28,Thursday,Night (11pm-7am),Maternity,11,1,43.4
2025-08-28,Thursday,Morning (7am-3pm),Pediatrics,31,6,19.5
2025-08-28,Thursday,Afternoon (3pm-11pm),Pediatrics,24,4,21.7
2025-08-28,Thursday,Night (11pm-7am),Pediatrics,16,3,14.8
2025-08-28,Thursday,Morning (7am-3pm),ICU,5,1,18.6
2025-08-28,Thursday,Afternoon (3pm-11pm),ICU,9,5,15.6
2025-08-28,Thursday,Night (11pm-7am),ICU,7,3,5.0
2025-08-29,Friday,Morning (7am-3pm),Emergency,51,8,29.2
2025-08-29,Friday,Afternoon (3pm-11pm),Emergency,52,8,21.0
2025-08-29,Friday,Night (11pm-7am),Emergency,33,4,49.2
2025-08-29,Friday,Morning (7am-3pm),Outpatient,102,26,7.1
2025-08-29,Friday,Afternoon (3pm-11pm),Outpatient,59,14,6.6
2025-08-29,Friday,Night (11pm-7am),Outpatient,0,1,8.5
2025-08-29,Friday,Morning (7am-3pm),Surgery,10,2,16.1
2025-08-29,Friday,Afternoon (3pm-11pm),Surgery,7,2,21.4
2025-08-29,Friday,Night (11pm-7am),Surgery,1,1,5.0
2025-08-29,Friday,Morning (7am-3pm),Maternity,10,1,26.9
2025-08-29,Friday,Afternoon (3pm-11pm),Maternity,15,4,11.6
2025-08-29,Friday,Night (11pm-7am),Maternity,9,2,15.0
2025-08-29,Friday,Morning (7am-3pm),Pediatrics,37,6,31.8
2025-08-29,Friday,Afternoon (3pm-11pm),Pediatrics,27,6,22.6
2025-08-29,Friday,Night (11pm-7am),Pediatrics,14,3,15.2
2025-08-29,Friday,Morning (7am-3pm),ICU,6,2,12.3
2025-08-29,Friday,Afternoon (3pm-11pm),ICU,7,2,19.1
2025-08-29,Friday,Night (11pm-7am),ICU,9,3,11.4
2025-08-30,Saturday,Morning (7am-3pm),Emergency,51,9,9.5
2025-08-30,Saturday,Afternoon (3pm-11pm),Emergency,66,11,18.5
2025-08-30,Saturday,Night (11pm-7am),Emergency,47,8,21.7
2025-08-30,Saturday,Morning (7am-3pm),Outpatient,32,9,36.3
2025-08-30,Saturday,Afternoon (3pm-11pm),Outpatient,27,7,5.0
2025-08-30,Saturday,Night (11pm-7am),Outpatient,0,1,7.8
2025-08-30,Saturday,Morning (7am-3pm),Surgery,7,2,19.1
2025-08-30,Saturday,Afternoon (3pm-11pm),Surgery,5,1,18.3
2025-08-30,Saturday,Night (11pm-7am),Surgery,1,1,5.0
2025-08-30,Saturday,Morning (7am-3pm),Maternity,17,5,19.1
2025-08-30,Saturday,Afternoon (3pm-11pm),Maternity,13,2,27.8
2025-08-30,Saturday,Night (11pm-7am),Maternity,10,3,9.4
2025-08-30,Saturday,Morning (7am-3pm),Pediatrics,30,7,22.7
2025-08-30,Saturday,Afternoon (3pm-11pm),Pediatrics,36,6,27.2
2025-08-30,Saturday,Night (11pm-7am),Pediatrics,9,1,16.6
2025-08-30,Saturday,Morning (7am-3pm),ICU,6,2,21.1
2025-08-30,Saturday,Afternoon (3pm-11pm),ICU,8,5,14.4
2025-08-30,Saturday,Night (11pm-7am),ICU,7,2,5.0
2025-08-31,Sunday,Morning (7am-3pm),Emergency,55,10,9.4
2025-08-31,Sunday,Afternoon (3pm-11pm),Emergency,58,8,17.7
2025-08-31,Sunday,Night (11pm-7am),Emergency,51,8,6.6
2025-08-31,Sunday,Morning (7am-3pm),Outpatient,29,6,13.2
2025-08-31,Sunday,Afternoon (3pm-11pm),Outpatient,26,5,18.7
2025-08-31,Sunday,Night (11pm-7am),Outpatient,0,1,5.0
2025-08-31,Sunday,Morning (7am-3pm),Surgery,8,1,21.4
2025-08-31,Sunday,Afternoon (3pm-11pm),Surgery,5,1,19.2
2025-08-31,Sunday,Night (11pm-7am),Surgery,2,1,7.7
2025-08-31,Sunday,Morning (7am-3pm),Maternity,14,4,5.0
2025-08-31,Sunday,Afternoon (3pm-11pm),Maternity,18,4,5.0
2025-08-31,Sunday,Night (11pm-7am),Maternity,9,3,5.0
2025-08-31,Sunday,Morning (7am-3pm),Pediatrics,33,5,23.8
2025-08-31,Sunday,Afternoon (3pm-11pm),Pediatrics,31,6,13.5
2025-08-31,Sunday,Night (11pm-7am),Pediatrics,16,4,5.0
2025-08-31,Sunday,Morning (7am-3pm),ICU,7,4,16.7
2025-08-31,Sunday,Afternoon (3pm-11pm),ICU,7,3,5.0
2025-08-31,Sunday,Night (11pm-7am),ICU,8,3,18.5
2025-09-01,Monday,Morning (7am-3pm),Emergency,37,6,27.5
2025-09-01,Monday,Afternoon (3pm-11pm),Emergency,64,11,26.7
2025-09-01,Monday,Night (11pm-7am),Emergency,39,7,14.2
2025-09-01,Monday,Morning (7am-3pm),Outpatient,95,24,14.1
2025-09-01,Monday,Afternoon (3pm-11pm),Outpatient,62,15,22.6
2025-09-01,Monday,Night (11pm-7am),Outpatient,0,1,10.2
2025-09-01,Monday,Morning (7am-3pm),Surgery,7,3,12.8
2025-09-01,Monday,Afternoon (3pm-11pm),Surgery,6,3,5.0
2025-09-01,Monday,Night (11pm-7am),Surgery,1,1,5.0
2025-09-01,Monday,Morning (7am-3pm),Maternity,10,1,32.1
2025-09-01,Monday,Afternoon (3pm-11pm),Maternity,14,2,14.0
2025-09-01,Monday,Night (11pm-7am),Maternity,9,2,11.0
2025-09-01,Monday,Morning (7am-3pm),Pediatrics,28,5,5.0
2025-09-01,Monday,Afternoon (3pm-11pm),Pediatrics,21,5,12.9
2025-09-01,Monday,Night (11pm-7am),Pediatrics,12,3,22.6
2025-09-01,Monday,Morning (7am-3pm),ICU,6,2,5.0
2025-09-01,Monday,Afternoon (3pm-11pm),ICU,5,1,19.3
2025-09-01,Monday,Night (11pm-7am),ICU,7,2,17.2
2025-09-02,Tuesday,Morning (7am-3pm),Emergency,48,8,20.2
2025-09-02,Tuesday,Afternoon (3pm-11pm),Emergency,56,8,23.7
2025-09-02,Tuesday,Night (11pm-7am),Emergency,26,4,39.3
2025-09-02,Tuesday,Morning (7am-3pm),Outpatient,76,20,5.0
2025-09-02,Tuesday,Afternoon (3pm-11pm),Outpatient,69,16,27.4
2025-09-02,Tuesday,Night (11pm-7am),Outpatient,0,1,5.0
2025-09-02,Tuesday,Morning (7am-3pm),Surgery,6,3,11.5
2025-09-02,Tuesday,Afternoon (3pm-11pm),Surgery,4,1,9.1
2025-09-02,Tuesday,Night (11pm-7am),Surgery,2,1,8.5
2025-09-02,Tuesday,Morning (7am-3pm),Maternity,10,1,27.1
2025-09-02,Tuesday,Afternoon (3pm-11pm),Maternity,13,3,19.5
2025-09-02,Tuesday,Night (11pm-7am),Maternity,10,2,5.0
2025-09-02,Tuesday,Morning (7am-3pm),Pediatrics,30,5,19.7
2025-09-02,Tuesday,Afternoon (3pm-11pm),Pediatrics,18,3,5.0
2025-09-02,Tuesday,Night (11pm-7am),Pediatrics,16,3,10.3
2025-09-02,Tuesday,Morning (7am-3pm),ICU,5,2,10.6
2025-09-02,Tuesday,Afternoon (3pm-11pm),ICU,9,3,14.4
2025-09-02,Tuesday,Night (11pm-7am),ICU,7,2,16.2
2025-09-03,Wednesday,Morning (7am-3pm),Emergency,40,6,22.1
2025-09-03,Wednesday,Afternoon (3pm-11pm),Emergency,53,9,32.9
2025-09-03,Wednesday,Night (11pm-7am),Emergency,43,8,21.2
2025-09-03,Wednesday,Morning (7am-3pm),Outpatient,94,24,18.5
2025-09-03,Wednesday,Afternoon (3pm-11pm),Outpatient,47,10,21.0
2025-09-03,Wednesday,Night (11pm-7am),Outpatient,0,1,5.0
2025-09-03,Wednesday,Morning (7am-3pm),Surgery,6,2,13.8
2025-09-03,Wednesday,Afternoon (3pm-11pm),Surgery,5,1,12.4
2025-09-03,Wednesday,Night (11pm-7am),Surgery,2,1,14.2
2025-09-03,Wednesday,Morning (7am-3pm),Maternity,14,4,12.8
2025-09-03,Wednesday,Afternoon (3pm-11pm),Maternity,16,5,5.0
2025-09-03,Wednesday,Night (11pm-7am),Maternity,12,3,27.6
2025-09-03,Wednesday,Morning (7am-3pm),Pediatrics,36,6,38.4
2025-09-03,Wednesday,Afternoon (3pm-11pm),Pediatrics,25,5,11.1
2025-09-03,Wednesday,Night (11pm-7am),Pediatrics,18,2,32.7
2025-09-03,Wednesday,Morning (7am-3pm),ICU,9,5,5.2
2025-09-03,Wednesday,Afternoon (3pm-11pm),ICU,7,2,28.1
2025-09-03,Wednesday,Night (11pm-7am),ICU,9,5,10.7
2025-09-04,Thursday,Morning (7am-3pm),Emergency,42,7,23.7
2025-09-04,Thursday,Afternoon (3pm-11pm),Emergency,56,10,16.2
2025-09-04,Thursday,Night (11pm-7am),Emergency,30,5,11.2
2025-09-04,Thursday,Morning (7am-3pm),Outpatient,85,22,14.5
2025-09-04,Thursday,Afternoon (3pm-11pm),Outpatient,47,10,7.0
2025-09-04,Thursday,Night (11pm-7am),Outpatient,0,1,5.0
2025-09-04,Thursday,Morning (7am-3pm),Surgery,8,2,5.0
2025-09-04,Thursday,Afternoon (3pm-11pm),Surgery,6,3,5.0
2025-09-04,Thursday,Night (11pm-7am),Surgery,1,1,5.0
2025-09-04,Thursday,Morning (7am-3pm),Maternity,12,4,16.2
2025-09-04,Thursday,Afternoon (3pm-11pm),Maternity,12,2,10.2
2025-09-04,Thursday,Night (11pm-7am),Maternity,7,2,20.5
2025-09-04,Thursday,Morning (7am-3pm),Pediatrics,30,6,28.2
2025-09-04,Thursday,Afternoon (3pm-11pm),Pediatrics,25,5,14.0
2025-09-04,Thursday,Night (11pm-7am),Pediatrics,13,3,27.3
2025-09-04,Thursday,Morning (7am-3pm),ICU,6,2,5.0
2025-09-04,Thursday,Afternoon (3pm-11pm),ICU,10,5,22.2
2025-09-04,Thursday,Night (11pm-7am),ICU,8,5,5.0
2025-09-05,Friday,Morning (7am-3pm),Emergency,36,5,27.4
2025-09-05,Friday,Afternoon (3pm-11pm),Emergency,37,6,24.8
2025-09-05,Friday,Night (11pm-7am),Emergency,34,5,6.9
2025-09-05,Friday,Morning (7am-3pm),Outpatient,86,20,5.0
2025-09-05,Friday,Afternoon (3pm-11pm),Outpatient,72,18,17.0
2025-09-05,Friday,Night (11pm-7am),Outpatient,0,1,11.8
2025-09-05,Friday,Morning (7am-3pm),Surgery,8,1,24.9
2025-09-05,Friday,Afternoon (3pm-11pm),Surgery,6,2,5.0
2025-09-05,Friday,Night (11pm-7am),Surgery,2,1,8.4
2025-09-05,Friday,Morning (7am-3pm),Maternity,11,3,25.7
2025-09-05,Friday,Afternoon (3pm-11pm),Maternity,10,3,20.9
2025-09-05,Friday,Night (11pm-7am),Maternity,11,3,12.5
2025-09-05,Friday,Morning (7am-3pm),Pediatrics,19,3,25.8
2025-09-05,Friday,Afternoon (3pm-11pm),Pediatrics,22,3,18.1
2025-09-05,Friday,Night (11pm-7am),Pediatrics,15,4,6.0
2025-09-05,Friday,Morning (7am-3pm),ICU,8,3,9.0
2025-09-05,Friday,Afternoon (3pm-11pm),ICU,8,3,16.9
2025-09-05,Friday,Night (11pm-7am),ICU,9,5,5.0
2025-09-06,Saturday,Morning (7am-3pm),Emergency,61,11,27.8
2025-09-06,Saturday,Afternoon (3pm-11pm),Emergency,89,15,19.6
2025-09-06,Saturday,Night (11pm-7am),Emergency,59,10,18.7
2025-09-06,Saturday,Morning (7am-3pm),Outpatient,36,8,26.2
2025-09-06,Saturday,Afternoon (3pm-11pm),Outpatient,23,5,28.3
2025-09-06,Saturday,Night (11pm-7am),Outpatient,0,1,5.0
2025-09-06,Saturday,Morning (7am-3pm),Surgery,6,2,12.6
2025-09-06,Saturday,Afternoon (3pm-11pm),Surgery,5,1,16.4
2025-09-06,Saturday,Night (11pm-7am),Surgery,1,1,5.0
2025-09-06,Saturday,Morning (7am-3pm),Maternity,11,3,10.5
2025-09-06,Saturday,Afternoon (3pm-11pm),Maternity,19,5,8.2
2025-09-06,Saturday,Night (11pm-7am),Maternity,8,2,5.0
2025-09-06,Saturday,Morning (7am-3pm),Pediatrics,27,5,7.8
2025-09-06,Saturday,Afternoon (3pm-11pm),Pediatrics,30,6,14.2
2025-09-06,Saturday,Night (11pm-7am),Pediatrics,14,3,26.6
2025-09-06,Saturday,Morning (7am-3pm),ICU,7,2,14.8
2025-09-06,Saturday,Afternoon (3pm-11pm),ICU,9,5,5.0
2025-09-06,Saturday,Night (11pm-7am),ICU,7,2,14.5
2025-09-07,Sunday,Morning (7am-3pm),Emergency,55,9,6.8
2025-09-07,Sunday,Afternoon (3pm-11pm),Emergency,70,11,27.4
2025-09-07,Sunday,Night (11pm-7am),Emergency,44,8,6.0
2025-09-07,Sunday,Morning (7am-3pm),Outpatient,33,9,5.0
2025-09-07,Sunday,Afternoon (3pm-11pm),Outpatient,24,6,21.7
2025-09-07,Sunday,Night (11pm-7am),Outpatient,0,1,5.0
2025-09-07,Sunday,Morning (7am-3pm),Surgery,7,3,11.6
2025-09-07,Sunday,Afternoon (3pm-11pm),Surgery,6,1,14.5
2025-09-07,Sunday,Night (11pm-7am),Surgery,1,1,5.4
2025-09-07,Sunday,Morning (7am-3pm),Maternity,13,2,6.8
2025-09-07,Sunday,Afternoon (3pm-11pm),Maternity,19,5,5.8
2025-09-07,Sunday,Night (11pm-7am),Maternity,11,3,15.0
2025-09-07,Sunday,Morning (7am-3pm),Pediatrics,33,6,10.5
2025-09-07,Sunday,Afternoon (3pm-11pm),Pediatrics,21,4,23.4
2025-09-07,Sunday,Night (11pm-7am),Pediatrics,16,4,5.0
2025-09-07,Sunday,Morning (7am-3pm),ICU,5,1,5.4
2025-09-07,Sunday,Afternoon (3pm-11pm),ICU,7,2,11.4
2025-09-07,Sunday,Night (11pm-7am),ICU,8,4,5.0
2025-09-08,Monday,Morning (7am-3pm),Emergency,33,4,33.2
2025-09-08,Monday,Afternoon (3pm-11pm),Emergency,58,9,23.4
2025-09-08,Monday,Night (11pm-7am),Emergency,46,7,18.4
2025-09-08,Monday,Morning (7am-3pm),Outpatient,94,22,25.3
2025-09-08,Monday,Afternoon (3pm-11pm),Outpatient,61,16,5.0
2025-09-08,Monday,Night (11pm-7am),Outpatient,0,1,5.0
2025-09-08,Monday,Morning (7am-3pm),Surgery,8,1,24.2
2025-09-08,Monday,Afternoon (3pm-11pm),Surgery,5,1,12.8
2025-09-08,Monday,Night (11pm-7am),Surgery,2,1,12.2
2025-09-08,Monday,Morning (7am-3pm),Maternity,8,2,23.8
2025-09-08,Monday,Afternoon (3pm-11pm),Maternity,17,5,10.5
2025-09-08,Monday,Night (11pm-7am),Maternity,9,2,14.5
2025-09-08,Monday,Morning (7am-3pm),Pediatrics,30,5,8.2
2025-09-08,Monday,Afternoon (3pm-11pm),Pediatrics,22,3,11.9
2025-09-08,Monday,Night (11pm-7am),Pediatrics,15,3,31.2
2025-09-08,Monday,Morning (7am-3pm),ICU,8,5,10.5
2025-09-08,Monday,Afternoon (3pm-11pm),ICU,7,2,13.3
2025-09-08,Monday,Night (11pm-7am),ICU,7,4,11.6
2025-09-09,Tuesday,Morning (7am-3pm),Emergency,36,6,16.8
2025-09-09,Tuesday,Afternoon (3pm-11pm),Emergency,75,12,5.0
2025-09-09,Tuesday,Night (11pm-7am),Emergency,41,5,24.4
2025-09-09,Tuesday,Morning (7am-3pm),Outpatient,93,23,27.1
2025-09-09,Tuesday,Afternoon (3pm-11pm),Outpatient,66,15,13.9
2025-09-09,Tuesday,Night (11pm-7am),Outpatient,0,1,5.0
2025-09-09,Tuesday,Morning (7am-3pm),Surgery,8,3,14.7
2025-09-09,Tuesday,Afternoon (3pm-11pm),Surgery,6,3,5.0
2025-09-09,Tuesday,Night (11pm-7am),Surgery,1,1,12.9
2025-09-09,Tuesday,Morning (7am-3pm),Maternity,11,1,31.6
2025-09-09,Tuesday,Afternoon (3pm-11pm),Maternity,14,4,9.2
2025-09-09,Tuesday,Night (11pm-7am),Maternity,11,1,38.8
2025-09-09,Tuesday,Morning (7am-3pm),Pediatrics,25,4,16.1
2025-09-09,Tuesday,Afternoon (3pm-11pm),Pediatrics,26,4,31.2
2025-09-09,Tuesday,Night (11pm-7am),Pediatrics,13,3,24.2
2025-09-09,Tuesday,Morning (7am-3pm),ICU,6,4,5.0
2025-09-09,Tuesday,Afternoon (3pm-11pm),ICU,9,3,20.4
2025-09-09,Tuesday,Night (11pm-7am),ICU,6,3,5.2
2025-09-10,Wednesday,Morning (7am-3pm),Emergency,47,6,26.0
2025-09-10,Wednesday,Afternoon (3pm-11pm),Emergency,43,8,7.3
2025-09-10,Wednesday,Night (11pm-7am),Emergency,39,6,18.2
2025-09-10,Wednesday,Morning (7am-3pm),Outpatient,79,19,14.7
2025-09-10,Wednesday,Afternoon (3pm-11pm),Outpatient,71,17,6.0
2025-09-10,Wednesday,Night (11pm-7am),Outpatient,0,1,5.0
2025-09-10,Wednesday,Morning (7am-3pm),Surgery,8,3,10.1
2025-09-10,Wednesday,Afternoon (3pm-11pm),Surgery,5,1,11.0
2025-09-10,Wednesday,Night (11pm-7am),Surgery,2,1,5.0
2025-09-10,Wednesday,Morning (7am-3pm),Maternity,13,2,23.2
2025-09-10,Wednesday,Afternoon (3pm-11pm),Maternity,9,2,19.4
2025-09-10,Wednesday,Night (11pm-7am),Maternity,9,1,27.8
2025-09-10,Wednesday,Morning (7am-3pm),Pediatrics,36,7,5.0
2025-09-10,Wednesday,Afternoon (3pm-11pm),Pediatrics,26,6,6.4
2025-09-10,Wednesday,Night (11pm-7am),Pediatrics,18,2,37.4
2025-09-10,Wednesday,Morning (7am-3pm),ICU,8,5,5.1
2025-09-10,Wednesday,Afternoon (3pm-11pm),ICU,8,4,12.6
2025-09-10,Wednesday,Night (11pm-7am),ICU,8,5,5.0
2025-09-11,Thursday,Morning (7am-3pm),Emergency,55,8,28.7
2025-09-11,Thursday,Afternoon (3pm-11pm),Emergency,61,10,23.6
2025-09-11,Thursday,Night (11pm-7am),Emergency,34,5,28.2
2025-09-11,Thursday,Morning (7am-3pm),Outpatient,85,20,5.0
2025-09-11,Thursday,Afternoon (3pm-11pm),Outpatient,70,16,21.2
2025-09-11,Thursday,Night (11pm-7am),Outpatient,0,1,5.0
2025-09-11,Thursday,Morning (7am-3pm),Surgery,6,3,11.4
2025-09-11,Thursday,Afternoon (3pm-11pm),Surgery,5,1,10.4
2025-09-11,Thursday,Night (11pm-7am),Surgery,2,1,5.0
2025-09-11,Thursday,Morning (7am-3pm),Maternity,14,2,12.2
2025-09-11,Thursday,Afternoon (3pm-11pm),Maternity,12,3,13.0
2025-09-11,Thursday,Night (11pm-7am),Maternity,9,3,10.1
2025-09-11,Thursday,Morning (7am-3pm),Pediatrics,27,6,25.0
2025-09-11,Thursday,Afternoon (3pm-11pm),Pediatrics,18,4,11.5
2025-09-11,Thursday,Night (11pm-7am),Pediatrics,9,2,5.0
2025-09-11,Thursday,Morning (7am-3pm),ICU,9,5,5.0
2025-09-11,Thursday,Afternoon (3pm-11pm),ICU,7,4,5.0
2025-09-11,Thursday,Night (11pm-7am),ICU,7,4,5.0
2025-09-12,Friday,Morning (7am-3pm),Emergency,42,8,8.7
2025-09-12,Friday,Afternoon (3pm-11pm),Emergency,63,9,14.1
2025-09-12,Friday,Night (11pm-7am),Emergency,33,5,16.1
2025-09-12,Friday,Morning (7am-3pm),Outpatient,94,22,5.0
2025-09-12,Friday,Afternoon (3pm-11pm),Outpatient,60,15,5.0
2025-09-12,Friday,Night (11pm-7am),Outpatient,0,1,5.0
2025-09-12,Friday,Morning (7am-3pm),Surgery,6,1,15.6
2025-09-12,Friday,Afternoon (3pm-11pm),Surgery,6,3,10.1
2025-09-12,Friday,Night (11pm-7am),Surgery,1,1,8.1
2025-09-12,Friday,Morning (7am-3pm),Maternity,9,3,29.6
2025-09-12,Friday,Afternoon (3pm-11pm),Maternity,14,3,10.9
2025-09-12,Friday,Night (11pm-7am),Maternity,11,1,35.3
2025-09-12,Friday,Morning (7am-3pm),Pediatrics,33,7,5.0
2025-09-12,Friday,Afternoon (3pm-11pm),Pediatrics,23,3,32.0
2025-09-12,Friday,Night (11pm-7am),Pediatrics,13,2,12.2
2025-09-12,Friday,Morning (7am-3pm),ICU,7,2,12.5
2025-09-12,Friday,Afternoon (3pm-11pm),ICU,8,5,5.0
2025-09-12,Friday,Night (11pm-7am),ICU,6,3,5.0
2025-09-13,Saturday,Morning (7am-3pm),Emergency,57,10,13.3
2025-09-13,Saturday,Afternoon (3pm-11pm),Emergency,72,13,23.8
2025-09-13,Saturday,Night (11pm-7am),Emergency,50,9,15.2
2025-09-13,Saturday,Morning (7am-3pm),Outpatient,30,6,17.7
2025-09-13,Saturday,Afternoon (3pm-11pm),Outpatient,17,5,10.9
2025-09-13,Saturday,Night (11pm-7am),Outpatient,0,1,5.0
2025-09-13,Saturday,Morning (7am-3pm),Surgery,8,2,15.8
2025-09-13,Saturday,Afternoon (3pm-11pm),Surgery,6,1,32.6
2025-09-13,Saturday,Night (11pm-7am),Surgery,1,1,5.0
2025-09-13,Saturday,Morning (7am-3pm),Maternity,14,4,13.8
2025-09-13,Saturday,Afternoon (3pm-11pm),Maternity,11,2,9.2
2025-09-13,Saturday,Night (11pm-7am),Maternity,8,3,10.8
2025-09-13,Saturday,Morning (7am-3pm),Pediatrics,33,7,21.2
2025-09-13,Saturday,Afternoon (3pm-11pm),Pediatrics,24,4,7.9
2025-09-13,Saturday,Night (11pm-7am),Pediatrics,16,4,5.0
2025-09-13,Saturday,Morning (7am-3pm),ICU,8,5,5.0
2025-09-13,Saturday,Afternoon (3pm-11pm),ICU,6,2,5.0
2025-09-13,Saturday,Night (11pm-7am),ICU,9,5,12.5
2025-09-14,Sunday,Morning (7am-3pm),Emergency,65,10,13.1
2025-09-14,Sunday,Afternoon (3pm-11pm),Emergency,58,10,22.8
2025-09-14,Sunday,Night (11pm-7am),Emergency,45,7,12.9
2025-09-14,Sunday,Morning (7am-3pm),Outpatient,37,8,12.3
2025-09-14,Sunday,Afternoon (3pm-11pm),Outpatient,27,7,19.9
2025-09-14,Sunday,Night (11pm-7am),Outpatient,0,1,5.0
2025-09-14,Sunday,Morning (7am-3pm),Surgery,9,4,5.0
2025-09-14,Sunday,Afternoon (3pm-11pm),Surgery,5,2,5.0
2025-09-14,Sunday,Night (11pm-7am),Surgery,1,1,5.0
2025-09-14,Sunday,Morning (7am-3pm),Maternity,13,2,28.8
2025-09-14,Sunday,Afternoon (3pm-11pm),Maternity,11,2,16.2
2025-09-14,Sunday,Night (11pm-7am),Maternity,9,3,5.0
2025-09-14,Sunday,Morning (7am-3pm),Pediatrics,24,5,15.7
2025-09-14,Sunday,Afternoon (3pm-11pm),Pediatrics,23,5,5.0
2025-09-14,Sunday,Night (11pm-7am),Pediatrics,14,1,57.1
2025-09-14,Sunday,Morning (7am-3pm),ICU,7,2,10.2
2025-09-14,Sunday,Afternoon (3pm-11pm),ICU,8,4,6.9
2025-09-14,Sunday,Night (11pm-7am),ICU,8,4,5.0
2025-09-15,Monday,Morning (7am-3pm),Emergency,43,6,17.4
2025-09-15,Monday,Afternoon (3pm-11pm),Emergency,52,9,11.1
2025-09-15,Monday,Night (11pm-7am),Emergency,44,6,25.0
2025-09-15,Monday,Morning (7am-3pm),Outpatient,66,17,5.0
2025-09-15,Monday,Afternoon (3pm-11pm),Outpatient,69,18,5.0
2025-09-15,Monday,Night (11pm-7am),Outpatient,0,1,6.2
2025-09-15,Monday,Morning (7am-3pm),Surgery,7,2,22.0
2025-09-15,Monday,Afternoon (3pm-11pm),Surgery,4,2,19.0
2025-09-15,Monday,Night (11pm-7am),Surgery,1,1,12.4
2025-09-15,Monday,Morning (7am-3pm),Maternity,11,2,11.1
2025-09-15,Monday,Afternoon (3pm-11pm),Maternity,17,5,5.0
2025-09-15,Monday,Night (11pm-7am),Maternity,9,3,5.0
2025-09-15,Monday,Morning (7am-3pm),Pediatrics,24,5,11.3
2025-09-15,Monday,Afternoon (3pm-11pm),Pediatrics,28,4,19.5
2025-09-15,Monday,Night (11pm-7am),Pediatrics,15,2,22.2
2025-09-15,Monday,Morning (7am-3pm),ICU,7,2,6.5
2025-09-15,Monday,Afternoon (3pm-11pm),ICU,6,2,13.4
2025-09-15,Monday,Night (11pm-7am),ICU,9,3,22.1
2025-09-16,Tuesday,Morning (7am-3pm),Emergency,39,5,34.4
2025-09-16,Tuesday,Afternoon (3pm-11pm),Emergency,73,13,21.4
2025-09-16,Tuesday,Night (11pm-7am),Emergency,46,8,23.1
2025-09-16,Tuesday,Morning (7am-3pm),Outpatient,85,22,5.9
2025-09-16,Tuesday,Afternoon (3pm-11pm),Outpatient,56,15,10.2
2025-09-16,Tuesday,Night (11pm-7am),Outpatient,0,1,5.1
2025-09-16,Tuesday,Morning (7am-3pm),Surgery,5,1,13.2
2025-09-16,Tuesday,Afternoon (3pm-11pm),Surgery,5,1,20.0
2025-09-16,Tuesday,Night (11pm-7am),Surgery,1,1,16.5
2025-09-16,Tuesday,Morning (7am-3pm),Maternity,11,1,39.6
2025-09-16,Tuesday,Afternoon (3pm-11pm),Maternity,17,4,9.3
2025-09-16,Tuesday,Night (11pm-7am),Maternity,12,4,8.7
2025-09-16,Tuesday,Morning (7am-3pm),Pediatrics,36,7,16.1
2025-09-16,Tuesday,Afternoon (3pm-11pm),Pediatrics,25,6,23.9
2025-09-16,Tuesday,Night (11pm-7am),Pediatrics,15,3,17.3
2025-09-16,Tuesday,Morning (7am-3pm),ICU,6,2,18.7
2025-09-16,Tuesday,Afternoon (3pm-11pm),ICU,6,3,12.6
2025-09-16,Tuesday,Night (11pm-7am),ICU,9,4,8.2
2025-09-17,Wednesday,Morning (7am-3pm),Emergency,36,6,17.1
2025-09-17,Wednesday,Afternoon (3pm-11pm),Emergency,71,10,26.0
2025-09-17,Wednesday,Night (11pm-7am),Emergency,34,4,28.5
2025-09-17,Wednesday,Morning (7am-3pm),Outpatient,94,24,29.1
2025-09-17,Wednesday,Afternoon (3pm-11pm),Outpatient,47,10,11.8
2025-09-17,Wednesday,Night (11pm-7am),Outpatient,0,1,5.0
2025-09-17,Wednesday,Morning (7am-3pm),Surgery,7,3,8.7
2025-09-17,Wednesday,Afternoon (3pm-11pm),Surgery,6,3,5.0
2025-09-17,Wednesday,Night (11pm-7am),Surgery,2,1,5.0
2025-09-17,Wednesday,Morning (7am-3pm),Maternity,11,2,11.9
2025-09-17,Wednesday,Afternoon (3pm-11pm),Maternity,14,2,18.8
2025-09-17,Wednesday,Night (11pm-7am),Maternity,12,4,13.8
2025-09-17,Wednesday,Morning (7am-3pm),Pediatrics,37,7,22.2
2025-09-17,Wednesday,Afternoon (3pm-11pm),Pediatrics,21,4,20.6
2025-09-17,Wednesday,Night (11pm-7am),Pediatrics,14,3,14.6
2025-09-17,Wednesday,Morning (7am-3pm),ICU,8,5,5.4
2025-09-17,Wednesday,Afternoon (3pm-11pm),ICU,6,4,5.0
2025-09-17,Wednesday,Night (11pm-7am),ICU,10,5,10.4
2025-09-18,Thursday,Morning (7am-3pm),Emergency,47,8,16.0
2025-09-18,Thursday,Afternoon (3pm-11pm),Emergency,53,8,23.1
2025-09-18,Thursday,Night (11pm-7am),Emergency,27,3,37.1
2025-09-18,Thursday,Morning (7am-3pm),Outpatient,65,15,14.6
2025-09-18,Thursday,Afternoon (3pm-11pm),Outpatient,59,15,5.0
2025-09-18,Thursday,Night (11pm-7am),Outpatient,0,1,10.9
2025-09-18,Thursday,Morning (7am-3pm),Surgery,6,3,5.0
2025-09-18,Thursday,Afternoon (3pm-11pm),Surgery,4,1,5.0
2025-09-18,Thursday,Night (11pm-7am),Surgery,1,1,5.0
2025-09-18,Thursday,Morning (7am-3pm),Maternity,14,3,16.7
2025-09-18,Thursday,Afternoon (3pm-11pm),Maternity,9,2,9.0
2025-09-18,Thursday,Night (11pm-7am),Maternity,10,3,22.7
2025-09-18,Thursday,Morning (7am-3pm),Pediatrics,27,6,20.4
2025-09-18,Thursday,Afternoon (3pm-11pm),Pediatrics,26,4,15.9
2025-09-18,Thursday,Night (11pm-7am),Pediatrics,15,2,37.4
2025-09-18,Thursday,Morning (7am-3pm),ICU,9,5,13.3
2025-09-18,Thursday,Afternoon (3pm-11pm),ICU,9,5,5.0
2025-09-18,Thursday,Night (11pm-7am),ICU,6,3,8.4
2025-09-19,Friday,Morning (7am-3pm),Emergency,42,6,15.6
2025-09-19,Friday,Afternoon (3pm-11pm),Emergency,53,8,10.7
2025-09-19,Friday,Night (11pm-7am),Emergency,30,4,31.8
2025-09-19,Friday,Morning (7am-3pm),Outpatient,93,22,19.2
2025-09-19,Friday,Afternoon (3pm-11pm),Outpatient,55,14,19.8
2025-09-19,Friday,Night (11pm-7am),Outpatient,0,1,5.0
2025-09-19,Friday,Morning (7am-3pm),Surgery,6,2,6.0
2025-09-19,Friday,Afternoon (3pm-11pm),Surgery,6,2,7.8
2025-09-19,Friday,Night (11pm-7am),Surgery,2,1,11.7
2025-09-19,Friday,Morning (7am-3pm),Maternity,11,2,11.5
2025-09-19,Friday,Afternoon (3pm-11pm),Maternity,17,4,22.5
2025-09-19,Friday,Night (11pm-7am),Maternity,8,2,13.7
2025-09-19,Friday,Morning (7am-3pm),Pediatrics,27,6,13.8
2025-09-19,Friday,Afternoon (3pm-11pm),Pediatrics,19,2,19.0
2025-09-19,Friday,Night (11pm-7am),Pediatrics,16,4,8.7
2025-09-19,Friday,Morning (7am-3pm),ICU,8,3,5.9
2025-09-19,Friday,Afternoon (3pm-11pm),ICU,9,5,5.0
2025-09-19,Friday,Night (11pm-7am),ICU,9,4,8.8
2025-09-20,Saturday,Morning (7am-3pm),Emergency,58,8,16.3
2025-09-20,Saturday,Afternoon (3pm-11pm),Emergency,58,10,14.2
2025-09-20,Saturday,Night (11pm-7am),Emergency,33,5,22.2
2025-09-20,Saturday,Morning (7am-3pm),Outpatient,24,7,20.8
2025-09-20,Saturday,Afternoon (3pm-11pm),Outpatient,23,5,7.2
2025-09-20,Saturday,Night (11pm-7am),Outpatient,0,1,5.0
2025-09-20,Saturday,Morning (7am-3pm),Surgery,6,3,5.8
2025-09-20,Saturday,Afternoon (3pm-11pm),Surgery,5,1,5.0
2025-09-20,Saturday,Night (11pm-7am),Surgery,1,1,5.0
2025-09-20,Saturday,Morning (7am-3pm),Maternity,9,3,5.0
2025-09-20,Saturday,Afternoon (3pm-11pm),Maternity,14,2,5.0
2025-09-20,Saturday,Night (11pm-7am),Maternity,10,1,39.1
2025-09-20,Saturday,Morning (7am-3pm),Pediatrics,29,6,20.3
2025-09-20,Saturday,Afternoon (3pm-11pm),Pediatrics,27,5,33.0
2025-09-20,Saturday,Night (11pm-7am),Pediatrics,11,1,44.6
2025-09-20,Saturday,Morning (7am-3pm),ICU,9,3,11.9
2025-09-20,Saturday,Afternoon (3pm-11pm),ICU,7,3,5.0
2025-09-20,Saturday,Night (11pm-7am),ICU,8,5,5.0
2025-09-21,Sunday,Morning (7am-3pm),Emergency,50,8,15.4
2025-09-21,Sunday,Afternoon (3pm-11pm),Emergency,60,9,28.7
2025-09-21,Sunday,Night (11pm-7am),Emergency,38,5,22.0
2025-09-21,Sunday,Morning (7am-3pm),Outpatient,27,6,12.7
2025-09-21,Sunday,Afternoon (3pm-11pm),Outpatient,19,5,12.2
2025-09-21,Sunday,Night (11pm-7am),Outpatient,0,1,5.0
2025-09-21,Sunday,Morning (7am-3pm),Surgery,8,3,10.8
2025-09-21,Sunday,Afternoon (3pm-11pm),Surgery,5,1,19.5
2025-09-21,Sunday,Night (11pm-7am),Surgery,1,1,12.7
2025-09-21,Sunday,Morning (7am-3pm),Maternity,11,2,9.5
2025-09-21,Sunday,Afternoon (3pm-11pm),Maternity,14,3,5.0
2025-09-21,Sunday,Night (11pm-7am),Maternity,8,3,9.4
2025-09-21,Sunday,Morning (7am-3pm),Pediatrics,30,5,16.5
2025-09-21,Sunday,Afternoon (3pm-11pm),Pediatrics,28,4,28.7
2025-09-21,Sunday,Night (11pm-7am),Pediatrics,14,3,12.4
2025-09-21,Sunday,Morning (7am-3pm),ICU,8,3,11.8
2025-09-21,Sunday,Afternoon (3pm-11pm),ICU,6,4,5.0
2025-09-21,Sunday,Night (11pm-7am),ICU,6,4,5.0
2025-09-22,Monday,Morning (7am-3pm),Emergency,42,6,15.4
2025-09-22,Monday,Afternoon (3pm-11pm),Emergency,57,9,29.7
2025-09-22,Monday,Night (11pm-7am),Emergency,37,6,14.9
2025-09-22,Monday,Morning (7am-3pm),Outpatient,62,14,5.0
2025-09-22,Monday,Afternoon (3pm-11pm),Outpatient,52,12,6.3
2025-09-22,Monday,Night (11pm-7am),Outpatient,0,1,5.0
2025-09-22,Monday,Morning (7am-3pm),Surgery,7,2,8.8
2025-09-22,Monday,Afternoon (3pm-11pm),Surgery,5,1,17.5
2025-09-22,Monday,Night (11pm-7am),Surgery,1,1,5.0
2025-09-22,Monday,Morning (7am-3pm),Maternity,11,1,35.2
2025-09-22,Monday,Afternoon (3pm-11pm),Maternity,17,5,25.7
2025-09-22,Monday,Night (11pm-7am),Maternity,12,4,12.4
2025-09-22,Monday,Morning (7am-3pm),Pediatrics,30,7,9.3
2025-09-22,Monday,Afternoon (3pm-11pm),Pediatrics,28,4,28.9
2025-09-22,Monday,Night (11pm-7am),Pediatrics,18,4,5.2
2025-09-22,Monday,Morning (7am-3pm),ICU,6,2,12.5
2025-09-22,Monday,Afternoon (3pm-11pm),ICU,7,3,5.0
2025-09-22,Monday,Night (11pm-7am),ICU,8,5,5.0
2025-09-23,Tuesday,Morning (7am-3pm),Emergency,49,9,5.0
2025-09-23,Tuesday,Afternoon (3pm-11pm),Emergency,47,7,16.3
2025-09-23,Tuesday,Night (11pm-7am),Emergency,31,4,24.1
2025-09-23,Tuesday,Morning (7am-3pm),Outpatient,74,18,28.3
2025-09-23,Tuesday,Afternoon (3pm-11pm),Outpatient,59,15,12.6
2025-09-23,Tuesday,Night (11pm-7am),Outpatient,0,1,5.0
2025-09-23,Tuesday,Morning (7am-3pm),Surgery,6,1,17.0
2025-09-23,Tuesday,Afternoon (3pm-11pm),Surgery,5,1,8.6
2025-09-23,Tuesday,Night (11pm-7am),Surgery,2,1,11.2
2025-09-23,Tuesday,Morning (7am-3pm),Maternity,11,2,32.2
2025-09-23,Tuesday,Afternoon (3pm-11pm),Maternity,12,4,5.0
2025-09-23,Tuesday,Night (11pm-7am),Maternity,9,3,12.2
2025-09-23,Tuesday,Morning (7am-3pm),Pediatrics,31,6,6.5
2025-09-23,Tuesday,Afternoon (3pm-11pm),Pediatrics,20,4,11.7
2025-09-23,Tuesday,Night (11pm-7am),Pediatrics,11,2,10.0
2025-09-23,Tuesday,Morning (7am-3pm),ICU,7,4,5.0
2025-09-23,Tuesday,Afternoon (3pm-11pm),ICU,8,5,8.7
2025-09-23,Tuesday,Night (11pm-7am),ICU,8,5,5.0
2025-09-24,Wednesday,Morning (7am-3pm),Emergency,40,7,21.4
2025-09-24,Wednesday,Afternoon (3pm-11pm),Emergency,45,6,14.5
2025-09-24,Wednesday,Night (11pm-7am),Emergency,42,6,38.5
2025-09-24,Wednesday,Morning (7am-3pm),Outpatient,87,21,5.0
2025-09-24,Wednesday,Afternoon (3pm-11pm),Outpatient,68,16,8.9
2025-09-24,Wednesday,Night (11pm-7am),Outpatient,0,1,7.7
2025-09-24,Wednesday,Morning (7am-3pm),Surgery,9,3,10.9
2025-09-24,Wednesday,Afternoon (3pm-11pm),Surgery,5,2,5.0
2025-09-24,Wednesday,Night (11pm-7am),Surgery,2,1,5.4
2025-09-24,Wednesday,Morning (7am-3pm),Maternity,10,1,23.4
2025-09-24,Wednesday,Afternoon (3pm-11pm),Maternity,18,5,5.0
2025-09-24,Wednesday,Night (11pm-7am),Maternity,9,3,11.0
2025-09-24,Wednesday,Morning (7am-3pm),Pediatrics,23,5,13.0
2025-09-24,Wednesday,Afternoon (3pm-11pm),Pediatrics,25,4,20.6
2025-09-24,Wednesday,Night (11pm-7am),Pediatrics,11,1,15.0
2025-09-24,Wednesday,Morning (7am-3pm),ICU,10,5,5.7
2025-09-24,Wednesday,Afternoon (3pm-11pm),ICU,7,2,5.0
2025-09-24,Wednesday,Night (11pm-7am),ICU,6,2,7.5
2025-09-25,Thursday,Morning (7am-3pm),Emergency,52,9,12.4
2025-09-25,Thursday,Afternoon (3pm-11pm),Emergency,63,10,5.0
2025-09-25,Thursday,Night (11pm-7am),Emergency,29,3,41.0
2025-09-25,Thursday,Morning (7am-3pm),Outpatient,73,18,8.9
2025-09-25,Thursday,Afternoon (3pm-11pm),Outpatient,53,13,9.4
2025-09-25,Thursday,Night (11pm-7am),Outpatient,0,1,5.0
2025-09-25,Thursday,Morning (7am-3pm),Surgery,7,3,25.6
2025-09-25,Thursday,Afternoon (3pm-11pm),Surgery,7,3,5.0
2025-09-25,Thursday,Night (11pm-7am),Surgery,1,1,11.7
2025-09-25,Thursday,Morning (7am-3pm),Maternity,9,2,8.2
2025-09-25,Thursday,Afternoon (3pm-11pm),Maternity,17,4,10.6
2025-09-25,Thursday,Night (11pm-7am),Maternity,12,3,5.0
2025-09-25,Thursday,Morning (7am-3pm),Pediatrics,31,7,15.3
2025-09-25,Thursday,Afternoon (3pm-11pm),Pediatrics,25,6,7.0
2025-09-25,Thursday,Night (11pm-7am),Pediatrics,15,3,21.9
2025-09-25,Thursday,Morning (7am-3pm),ICU,7,3,6.9
2025-09-25,Thursday,Afternoon (3pm-11pm),ICU,8,5,8.3
2025-09-25,Thursday,Night (11pm-7am),ICU,7,4,5.0
2025-09-26,Friday,Morning (7am-3pm),Emergency,51,8,15.3
2025-09-26,Friday,Afternoon (3pm-11pm),Emergency,57,8,31.6
2025-09-26,Friday,Night (11pm-7am),Emergency,42,6,17.0
2025-09-26,Friday,Morning (7am-3pm),Outpatient,71,18,11.9
2025-09-26,Friday,Afternoon (3pm-11pm),Outpatient,60,14,19.1
2025-09-26,Friday,Night (11pm-7am),Outpatient,0,1,5.8
2025-09-26,Friday,Morning (7am-3pm),Surgery,6,1,28.9
2025-09-26,Friday,Afternoon (3pm-11pm),Surgery,7,3,5.0
2025-09-26,Friday,Night (11pm-7am),Surgery,1,1,5.0
2025-09-26,Friday,Morning (7am-3pm),Maternity,15,3,10.9
2025-09-26,Friday,Afternoon (3pm-11pm),Maternity,13,4,5.0
2025-09-26,Friday,Night (11pm-7am),Maternity,11,3,5.0
2025-09-26,Friday,Morning (7am-3pm),Pediatrics,29,6,20.1
2025-09-26,Friday,Afternoon (3pm-11pm),Pediatrics,28,5,23.8
2025-09-26,Friday,Night (11pm-7am),Pediatrics,12,3,13.4
2025-09-26,Friday,Morning (7am-3pm),ICU,6,2,22.0
2025-09-26,Friday,Afternoon (3pm-11pm),ICU,7,4,6.3
2025-09-26,Friday,Night (11pm-7am),ICU,6,2,12.0
2025-09-27,Saturday,Morning (7am-3pm),Emergency,54,8,13.3
2025-09-27,Saturday,Afternoon (3pm-11pm),Emergency,64,10,29.0
2025-09-27,Saturday,Night (11pm-7am),Emergency,47,7,25.9
2025-09-27,Saturday,Morning (7am-3pm),Outpatient,25,6,14.5
2025-09-27,Saturday,Afternoon (3pm-11pm),Outpatient,25,6,20.2
2025-09-27,Saturday,Night (11pm-7am),Outpatient,0,1,5.0
2025-09-27,Saturday,Morning (7am-3pm),Surgery,7,1,26.0
2025-09-27,Saturday,Afternoon (3pm-11pm),Surgery,7,1,19.4
2025-09-27,Saturday,Night (11pm-7am),Surgery,1,1,5.0
2025-09-27,Saturday,Morning (7am-3pm),Maternity,10,1,33.2
2025-09-27,Saturday,Afternoon (3pm-11pm),Maternity,16,4,5.0
2025-09-27,Saturday,Night (11pm-7am),Maternity,10,2,10.3
2025-09-27,Saturday,Morning (7am-3pm),Pediatrics,36,8,26.2
2025-09-27,Saturday,Afternoon (3pm-11pm),Pediatrics,19,3,17.6
2025-09-27,Saturday,Night (11pm-7am),Pediatrics,14,3,23.8
2025-09-27,Saturday,Morning (7am-3pm),ICU,8,3,9.1
2025-09-27,Saturday,Afternoon (3pm-11pm),ICU,10,5,11.4
2025-09-27,Saturday,Night (11pm-7am),ICU,8,5,5.0
2025-09-28,Sunday,Morning (7am-3pm),Emergency,53,9,24.2
2025-09-28,Sunday,Afternoon (3pm-11pm),Emergency,52,8,14.3
2025-09-28,Sunday,Night (11pm-7am),Emergency,48,9,16.5
2025-09-28,Sunday,Morning (7am-3pm),Outpatient,35,9,10.4
2025-09-28,Sunday,Afternoon (3pm-11pm),Outpatient,21,5,5.0
2025-09-28,Sunday,Night (11pm-7am),Outpatient,0,1,9.4
2025-09-28,Sunday,Morning (7am-3pm),Surgery,8,1,15.4
2025-09-28,Sunday,Afternoon (3pm-11pm),Surgery,5,2,12.0
2025-09-28,Sunday,Night (11pm-7am),Surgery,2,1,5.0
2025-09-28,Sunday,Morning (7am-3pm),Maternity,12,4,5.0
2025-09-28,Sunday,Afternoon (3pm-11pm),Maternity,13,2,14.2
2025-09-28,Sunday,Night (11pm-7am),Maternity,11,2,20.0
2025-09-28,Sunday,Morning (7am-3pm),Pediatrics,28,5,22.9
2025-09-28,Sunday,Afternoon (3pm-11pm),Pediatrics,22,4,11.6
2025-09-28,Sunday,Night (11pm-7am),Pediatrics,16,4,5.0
2025-09-28,Sunday,Morning (7am-3pm),ICU,5,2,5.0
2025-09-28,Sunday,Afternoon (3pm-11pm),ICU,9,3,22.6
2025-09-28,Sunday,Night (11pm-7am),ICU,7,4,5.0
2025-09-29,Monday,Morning (7am-3pm),Emergency,44,6,18.9
2025-09-29,Monday,Afternoon (3pm-11pm),Emergency,52,8,21.7
2025-09-29,Monday,Night (11pm-7am),Emergency,33,5,19.2
2025-09-29,Monday,Morning (7am-3pm),Outpatient,40,9,9.3
2025-09-29,Monday,Afternoon (3pm-11pm),Outpatient,59,15,16.4
2025-09-29,Monday,Night (11pm-7am),Outpatient,0,1,5.0
2025-09-29,Monday,Morning (7am-3pm),Surgery,8,3,14.5
2025-09-29,Monday,Afternoon (3pm-11pm),Surgery,6,1,25.0
2025-09-29,Monday,Night (11pm-7am),Surgery,2,1,8.1
2025-09-29,Monday,Morning (7am-3pm),Maternity,13,4,5.0
2025-09-29,Monday,Afternoon (3pm-11pm),Maternity,17,3,13.0
2025-09-29,Monday,Night (11pm-7am),Maternity,12,2,15.6
2025-09-29,Monday,Morning (7am-3pm),Pediatrics,25,6,7.7
2025-09-29,Monday,Afternoon (3pm-11pm),Pediatrics,21,5,5.0
2025-09-29,Monday,Night (11pm-7am),Pediatrics,13,2,11.9
2025-09-29,Monday,Morning (7am-3pm),ICU,7,2,11.2
2025-09-29,Monday,Afternoon (3pm-11pm),ICU,6,3,8.7
2025-09-29,Monday,Night (11pm-7am),ICU,8,5,5.8
2025-09-30,Tuesday,Morning (7am-3pm),Emergency,50,8,5.0
2025-09-30,Tuesday,Afternoon (3pm-11pm),Emergency,52,9,27.0
2025-09-30,Tuesday,Night (11pm-7am),Emergency,46,7,10.6
2025-09-30,Tuesday,Morning (7am-3pm),Outpatient,73,18,25.1
2025-09-30,Tuesday,Afternoon (3pm-11pm),Outpatient,46,12,5.0
2025-09-30,Tuesday,Night (11pm-7am),Outpatient,0,1,5.9
2025-09-30,Tuesday,Morning (7am-3pm),Surgery,7,3,9.3
2025-09-30,Tuesday,Afternoon (3pm-11pm),Surgery,5,1,7.1
2025-09-30,Tuesday,Night (11pm-7am),Surgery,2,1,9.2
2025-09-30,Tuesday,Morning (7am-3pm),Maternity,12,4,22.6
2025-09-30,Tuesday,Afternoon (3pm-11pm),Maternity,16,4,5.0
2025-09-30,Tuesday,Night (11pm-7am),Maternity,8,2,5.0
2025-09-30,Tuesday,Morning (7am-3pm),Pediatrics,22,3,30.2
2025-09-30,Tuesday,Afternoon (3pm-11pm),Pediatrics,26,5,18.5
2025-09-30,Tuesday,Night (11pm-7am),Pediatrics,13,3,8.7
2025-09-30,Tuesday,Morning (7am-3pm),ICU,6,2,9.4
2025-09-30,Tuesday,Afternoon (3pm-11pm),ICU,9,3,12.0
2025-09-30,Tuesday,Night (11pm-7am),ICU,8,3,6.9
2025-10-01,Wednesday,Morning (7am-3pm),Emergency,42,6,8.4
2025-10-01,Wednesday,Afternoon (3pm-11pm),Emergency,56,8,21.7
2025-10-01,Wednesday,Night (11pm-7am),Emergency,32,5,25.0
2025-10-01,Wednesday,Morning (7am-3pm),Outpatient,93,22,12.6
2025-10-01,Wednesday,Afternoon (3pm-11pm),Outpatient,51,11,27.4
2025-10-01,Wednesday,Night (11pm-7am),Outpatient,0,1,5.0
2025-10-01,Wednesday,Morning (7am-3pm),Surgery,7,2,9.1
2025-10-01,Wednesday,Afternoon (3pm-11pm),Surgery,6,1,5.0
2025-10-01,Wednesday,Night (11pm-7am),Surgery,2,1,5.0
2025-10-01,Wednesday,Morning (7am-3pm),Maternity,12,4,5.0
2025-10-01,Wednesday,Afternoon (3pm-11pm),Maternity,16,5,9.4
2025-10-01,Wednesday,Night (11pm-7am),Maternity,10,1,20.4
2025-10-01,Wednesday,Morning (7am-3pm),Pediatrics,23,4,19.3
2025-10-01,Wednesday,Afternoon (3pm-11pm),Pediatrics,27,6,11.7
2025-10-01,Wednesday,Night (11pm-7am),Pediatrics,20,5,16.9
2025-10-01,Wednesday,Morning (7am-3pm),ICU,8,4,12.4
2025-10-01,Wednesday,Afternoon (3pm-11pm),ICU,8,5,20.7
2025-10-01,Wednesday,Night (11pm-7am),ICU,8,5,8.6
2025-10-02,Thursday,Morning (7am-3pm),Emergency,43,7,19.0
2025-10-02,Thursday,Afternoon (3pm-11pm),Emergency,47,6,19.4
2025-10-02,Thursday,Night (11pm-7am),Emergency,36,7,15.6
2025-10-02,Thursday,Morning (7am-3pm),Outpatient,64,16,13.7
2025-10-02,Thursday,Afternoon (3pm-11pm),Outpatient,60,15,6.0
2025-10-02,Thursday,Night (11pm-7am),Outpatient,0,1,6.0
2025-10-02,Thursday,Morning (7am-3pm),Surgery,9,2,16.3
2025-10-02,Thursday,Afternoon (3pm-11pm),Surgery,5,1,5.0
2025-10-02,Thursday,Night (11pm-7am),Surgery,1,1,5.0
2025-10-02,Thursday,Morning (7am-3pm),Maternity,12,3,5.0
2025-10-02,Thursday,Afternoon (3pm-11pm),Maternity,14,3,12.3
2025-10-02,Thursday,Night (11pm-7am),Maternity,9,1,30.3
2025-10-02,Thursday,Morning (7am-3pm),Pediatrics,25,5,15.8
2025-10-02,Thursday,Afternoon (3pm-11pm),Pediatrics,20,5,9.5
2025-10-02,Thursday,Night (11pm-7am),Pediatrics,15,4,18.1
2025-10-02,Thursday,Morning (7am-3pm),ICU,5,3,8.2
2025-10-02,Thursday,Afternoon (3pm-11pm),ICU,9,3,5.0
2025-10-02,Thursday,Night (11pm-7am),ICU,6,3,5.0
2025-10-03,Friday,Morning (7am-3pm),Emergency,37,7,13.6
2025-10-03,Friday,Afternoon (3pm-11pm),Emergency,41,5,24.1
2025-10-03,Friday,Night (11pm-7am),Emergency,31,6,10.3
2025-10-03,Friday,Morning (7am-3pm),Outpatient,81,21,24.3
2025-10-03,Friday,Afternoon (3pm-11pm),Outpatient,76,18,9.6
2025-10-03,Friday,Night (11pm-7am),Outpatient,0,1,5.0
2025-10-03,Friday,Morning (7am-3pm),Surgery,8,2,17.4
2025-10-03,Friday,Afternoon (3pm-11pm),Surgery,5,2,5.0
2025-10-03,Friday,Night (11pm-7am),Surgery,1,1,5.0
2025-10-03,Friday,Morning (7am-3pm),Maternity,12,2,19.8
2025-10-03,Friday,Afternoon (3pm-11pm),Maternity,13,4,10.1
2025-10-03,Friday,Night (11pm-7am),Maternity,9,2,7.3
2025-10-03,Friday,Morning (7am-3pm),Pediatrics,23,4,15.2
2025-10-03,Friday,Afternoon (3pm-11pm),Pediatrics,27,6,15.2
2025-10-03,Friday,Night (11pm-7am),Pediatrics,19,2,36.5
2025-10-03,Friday,Morning (7am-3pm),ICU,6,2,5.0
2025-10-03,Friday,Afternoon (3pm-11pm),ICU,6,3,8.3
2025-10-03,Friday,Night (11pm-7am),ICU,5,2,5.0
2025-10-04,Saturday,Morning (7am-3pm),Emergency,64,9,8.5
2025-10-04,Saturday,Afternoon (3pm-11pm),Emergency,74,11,14.6
2025-10-04,Saturday,Night (11pm-7am),Emergency,43,6,6.4
2025-10-04,Saturday,Morning (7am-3pm),Outpatient,43,9,7.4
2025-10-04,Saturday,Afternoon (3pm-11pm),Outpatient,26,6,16.4
2025-10-04,Saturday,Night (11pm-7am),Outpatient,0,1,9.1
2025-10-04,Saturday,Morning (7am-3pm),Surgery,5,2,5.0
2025-10-04,Saturday,Afternoon (3pm-11pm),Surgery,5,1,6.7
2025-10-04,Saturday,Night (11pm-7am),Surgery,2,1,5.0
2025-10-04,Saturday,Morning (7am-3pm),Maternity,9,1,30.0
2025-10-04,Saturday,Afternoon (3pm-11pm),Maternity,15,3,19.4
2025-10-04,Saturday,Night (11pm-7am),Maternity,7,2,10.2
2025-10-04,Saturday,Morning (7am-3pm),Pediatrics,34,6,16.9
2025-10-04,Saturday,Afternoon (3pm-11pm),Pediatrics,28,5,11.0
2025-10-04,Saturday,Night (11pm-7am),Pediatrics,16,4,5.2
2025-10-04,Saturday,Morning (7am-3pm),ICU,6,4,9.9
2025-10-04,Saturday,Afternoon (3pm-11pm),ICU,8,4,16.0
2025-10-04,Saturday,Night (11pm-7am),ICU,8,4,5.0
2025-10-05,Sunday,Morning (7am-3pm),Emergency,51,8,25.9
2025-10-05,Sunday,Afternoon (3pm-11pm),Emergency,73,12,18.3
2025-10-05,Sunday,Night (11pm-7am),Emergency,38,6,13.5
2025-10-05,Sunday,Morning (7am-3pm),Outpatient,45,10,14.5
2025-10-05,Sunday,Afternoon (3pm-11pm),Outpatient,24,7,9.0
2025-10-05,Sunday,Night (11pm-7am),Outpatient,0,1,5.0
2025-10-05,Sunday,Morning (7am-3pm),Surgery,5,1,8.7
2025-10-05,Sunday,Afternoon (3pm-11pm),Surgery,6,1,23.0
2025-10-05,Sunday,Night (11pm-7am),Surgery,2,1,11.8
2025-10-05,Sunday,Morning (7am-3pm),Maternity,12,3,18.2
2025-10-05,Sunday,Afternoon (3pm-11pm),Maternity,16,3,20.4
2025-10-05,Sunday,Night (11pm-7am),Maternity,9,2,5.0
2025-10-05,Sunday,Morning (7am-3pm),Pediatrics,33,7,27.4
2025-10-05,Sunday,Afternoon (3pm-11pm),Pediatrics,22,3,7.8
2025-10-05,Sunday,Night (11pm-7am),Pediatrics,13,3,9.2
2025-10-05,Sunday,Morning (7am-3pm),ICU,8,3,5.0
2025-10-05,Sunday,Afternoon (3pm-11pm),ICU,8,4,5.0
2025-10-05,Sunday,Night (11pm-7am),ICU,5,1,23.1
2025-10-06,Monday,Morning (7am-3pm),Emergency,44,6,6.4
2025-10-06,Monday,Afternoon (3pm-11pm),Emergency,47,6,15.1
2025-10-06,Monday,Night (11pm-7am),Emergency,34,6,19.2
2025-10-06,Monday,Morning (7am-3pm),Outpatient,70,18,8.8
2025-10-06,Monday,Afternoon (3pm-11pm),Outpatient,60,16,13.8
2025-10-06,Monday,Night (11pm-7am),Outpatient,0,1,5.0
2025-10-06,Monday,Morning (7am-3pm),Surgery,7,2,8.9
2025-10-06,Monday,Afternoon (3pm-11pm),Surgery,5,1,22.8
2025-10-06,Monday,Night (11pm-7am),Surgery,1,1,10.8
2025-10-06,Monday,Morning (7am-3pm),Maternity,13,2,22.0
2025-10-06,Monday,Afternoon (3pm-11pm),Maternity,13,4,14.8
2025-10-06,Monday,Night (11pm-7am),Maternity,10,3,13.1
2025-10-06,Monday,Morning (7am-3pm),Pediatrics,31,7,20.9
2025-10-06,Monday,Afternoon (3pm-11pm),Pediatrics,26,6,23.4
2025-10-06,Monday,Night (11pm-7am),Pediatrics,13,2,18.6
2025-10-06,Monday,Morning (7am-3pm),ICU,8,5,5.0
2025-10-06,Monday,Afternoon (3pm-11pm),ICU,9,4,13.1
2025-10-06,Monday,Night (11pm-7am),ICU,7,3,10.9
2025-10-07,Tuesday,Morning (7am-3pm),Emergency,43,7,17.4
2025-10-07,Tuesday,Afternoon (3pm-11pm),Emergency,58,9,25.8
2025-10-07,Tuesday,Night (11pm-7am),Emergency,30,4,16.5
2025-10-07,Tuesday,Morning (7am-3pm),Outpatient,83,21,19.2
2025-10-07,Tuesday,Afternoon (3pm-11pm),Outpatient,62,14,10.2
2025-10-07,Tuesday,Night (11pm-7am),Outpatient,0,1,11.1
2025-10-07,Tuesday,Morning (7am-3pm),Surgery,9,2,5.0
2025-10-07,Tuesday,Afternoon (3pm-11pm),Surgery,5,1,27.0
2025-10-07,Tuesday,Night (11pm-7am),Surgery,1,1,5.0
2025-10-07,Tuesday,Morning (7am-3pm),Maternity,11,3,5.5
2025-10-07,Tuesday,Afternoon (3pm-11pm),Maternity,13,3,12.1
2025-10-07,Tuesday,Night (11pm-7am),Maternity,6,2,5.0
2025-10-07,Tuesday,Morning (7am-3pm),Pediatrics,29,6,13.0
2025-10-07,Tuesday,Afternoon (3pm-11pm),Pediatrics,28,5,11.4
2025-10-07,Tuesday,Night (11pm-7am),Pediatrics,15,4,17.0
2025-10-07,Tuesday,Morning (7am-3pm),ICU,7,4,5.0
2025-10-07,Tuesday,Afternoon (3pm-11pm),ICU,8,5,5.0
2025-10-07,Tuesday,Night (11pm-7am),ICU,7,4,20.8
2025-10-08,Wednesday,Morning (7am-3pm),Emergency,42,7,20.9
2025-10-08,Wednesday,Afternoon (3pm-11pm),Emergency,63,9,12.4
2025-10-08,Wednesday,Night (11pm-7am),Emergency,41,7,16.4
2025-10-08,Wednesday,Morning (7am-3pm),Outpatient,88,23,15.6
2025-10-08,Wednesday,Afternoon (3pm-11pm),Outpatient,54,14,10.6
2025-10-08,Wednesday,Night (11pm-7am),Outpatient,0,1,5.0
2025-10-08,Wednesday,Morning (7am-3pm),Surgery,8,3,8.8
2025-10-08,Wednesday,Afternoon (3pm-11pm),Surgery,5,2,16.2
2025-10-08,Wednesday,Night (11pm-7am),Surgery,2,1,12.2
2025-10-08,Wednesday,Morning (7am-3pm),Maternity,11,3,16.4
2025-10-08,Wednesday,Afternoon (3pm-11pm),Maternity,14,3,16.8
2025-10-08,Wednesday,Night (11pm-7am),Maternity,12,2,6.4
2025-10-08,Wednesday,Morning (7am-3pm),Pediatrics,40,7,10.4
2025-10-08,Wednesday,Afternoon (3pm-11pm),Pediatrics,29,6,28.4
2025-10-08,Wednesday,Night (11pm-7am),Pediatrics,17,4,22.6
2025-10-08,Wednesday,Morning (7am-3pm),ICU,9,5,5.0
2025-10-08,Wednesday,Afternoon (3pm-11pm),ICU,7,4,5.0
2025-10-08,Wednesday,Night (11pm-7am),ICU,9,5,22.8
2025-10-09,Thursday,Morning (7am-3pm),Emergency,40,5,32.8
2025-10-09,Thursday,Afternoon (3pm-11pm),Emergency,48,9,7.4
2025-10-09,Thursday,Night (11pm-7am),Emergency,38,6,5.0
2025-10-09,Thursday,Morning (7am-3pm),Outpatient,70,16,5.0
2025-10-09,Thursday,Afternoon (3pm-11pm),Outpatient,42,9,21.5
2025-10-09,Thursday,Night (11pm-7am),Outpatient,0,1,5.0
2025-10-09,Thursday,Morning (7am-3pm),Surgery,7,3,16.3
2025-10-09,Thursday,Afternoon (3pm-11pm),Surgery,6,1,22.7
2025-10-09,Thursday,Night (11pm-7am),Surgery,1,1,5.0
2025-10-09,Thursday,Morning (7am-3pm),Maternity,13,4,8.1
2025-10-09,Thursday,Afternoon (3pm-11pm),Maternity,19,5,5.0
2025-10-09,Thursday,Night (11pm-7am),Maternity,9,1,40.7
2025-10-09,Thursday,Morning (7am-3pm),Pediatrics,30,7,14.2
2025-10-09,Thursday,Afternoon (3pm-11pm),Pediatrics,21,5,5.3
2025-10-09,Thursday,Night (11pm-7am),Pediatrics,15,4,17.0
2025-10-09,Thursday,Morning (7am-3pm),ICU,8,4,6.5
2025-10-09,Thursday,Afternoon (3pm-11pm),ICU,9,4,18.3
2025-10-09,Thursday,Night (11pm-7am),ICU,7,3,5.0
2025-10-10,Friday,Morning (7am-3pm),Emergency,41,5,24.8
2025-10-10,Friday,Afternoon (3pm-11pm),Emergency,56,8,29.1
2025-10-10,Friday,Night (11pm-7am),Emergency,46,6,14.2
2025-10-10,Friday,Morning (7am-3pm),Outpatient,78,18,5.0
2025-10-10,Friday,Afternoon (3pm-11pm),Outpatient,78,19,19.7
2025-10-10,Friday,Night (11pm-7am),Outpatient,0,1,5.0
2025-10-10,Friday,Morning (7am-3pm),Surgery,9,3,5.0
2025-10-10,Friday,Afternoon (3pm-11pm),Surgery,5,2,8.8
2025-10-10,Friday,Night (11pm-7am),Surgery,2,1,5.0
2025-10-10,Friday,Morning (7am-3pm),Maternity,9,3,5.0
2025-10-10,Friday,Afternoon (3pm-11pm),Maternity,11,3,8.4
2025-10-10,Friday,Night (11pm-7am),Maternity,10,2,5.6
2025-10-10,Friday,Morning (7am-3pm),Pediatrics,21,3,25.4
2025-10-10,Friday,Afternoon (3pm-11pm),Pediatrics,21,5,11.7
2025-10-10,Friday,Night (11pm-7am),Pediatrics,17,4,14.7
2025-10-10,Friday,Morning (7am-3pm),ICU,8,4,5.0
2025-10-10,Friday,Afternoon (3pm-11pm),ICU,7,3,11.1
2025-10-10,Friday,Night (11pm-7am),ICU,6,4,6.5
2025-10-11,Saturday,Morning (7am-3pm),Emergency,69,10,14.7
2025-10-11,Saturday,Afternoon (3pm-11pm),Emergency,56,8,23.6
2025-10-11,Saturday,Night (11pm-7am),Emergency,44,8,12.6
2025-10-11,Saturday,Morning (7am-3pm),Outpatient,38,8,9.5
2025-10-11,Saturday,Afternoon (3pm-11pm),Outpatient,21,4,20.2
2025-10-11,Saturday,Night (11pm-7am),Outpatient,0,1,9.6
2025-10-11,Saturday,Morning (7am-3pm),Surgery,9,2,5.0
2025-10-11,Saturday,Afternoon (3pm-11pm),Surgery,5,2,19.8
2025-10-11,Saturday,Night (11pm-7am),Surgery,2,1,5.0
2025-10-11,Saturday,Morning (7am-3pm),Maternity,14,4,17.3
2025-10-11,Saturday,Afternoon (3pm-11pm),Maternity,13,3,20.4
2025-10-11,Saturday,Night (11pm-7am),Maternity,9,3,5.0
2025-10-11,Saturday,Morning (7am-3pm),Pediatrics,34,6,14.6
2025-10-11,Saturday,Afternoon (3pm-11pm),Pediatrics,27,5,17.5
2025-10-11,Saturday,Night (11pm-7am),Pediatrics,11,1,28.3
2025-10-11,Saturday,Morning (7am-3pm),ICU,8,5,8.6
2025-10-11,Saturday,Afternoon (3pm-11pm),ICU,8,5,7.0
2025-10-11,Saturday,Night (11pm-7am),ICU,8,5,5.0
2025-10-12,Sunday,Morning (7am-3pm),Emergency,65,9,37.2
2025-10-12,Sunday,Afternoon (3pm-11pm),Emergency,89,13,20.8
2025-10-12,Sunday,Night (11pm-7am),Emergency,32,6,20.0
2025-10-12,Sunday,Morning (7am-3pm),Outpatient,34,8,5.0
2025-10-12,Sunday,Afternoon (3pm-11pm),Outpatient,24,6,22.6
2025-10-12,Sunday,Night (11pm-7am),Outpatient,0,1,5.0
2025-10-12,Sunday,Morning (7am-3pm),Surgery,7,3,5.0
2025-10-12,Sunday,Afternoon (3pm-11pm),Surgery,5,1,26.1
2025-10-12,Sunday,Night (11pm-7am),Surgery,2,1,7.4
2025-10-12,Sunday,Morning (7am-3pm),Maternity,11,1,36.6
2025-10-12,Sunday,Afternoon (3pm-11pm),Maternity,12,3,5.0
2025-10-12,Sunday,Night (11pm-7am),Maternity,9,1,30.0
2025-10-12,Sunday,Morning (7am-3pm),Pediatrics,27,6,16.0
2025-10-12,Sunday,Afternoon (3pm-11pm),Pediatrics,23,5,25.3
2025-10-12,Sunday,Night (11pm-7am),Pediatrics,11,1,25.1
2025-10-12,Sunday,Morning (7am-3pm),ICU,9,4,5.0
2025-10-12,Sunday,Afternoon (3pm-11pm),ICU,8,4,5.0
2025-10-12,Sunday,Night (11pm-7am),ICU,6,2,24.3
2025-10-13,Monday,Morning (7am-3pm),Emergency,45,6,7.1
2025-10-13,Monday,Afternoon (3pm-11pm),Emergency,53,9,21.8
2025-10-13,Monday,Night (11pm-7am),Emergency,37,6,13.0
2025-10-13,Monday,Morning (7am-3pm),Outpatient,61,16,9.5
2025-10-13,Monday,Afternoon (3pm-11pm),Outpatient,70,18,15.4
2025-10-13,Monday,Night (11pm-7am),Outpatient,0,1,5.0
2025-10-13,Monday,Morning (7am-3pm),Surgery,6,3,5.0
2025-10-13,Monday,Afternoon (3pm-11pm),Surgery,5,1,25.7
2025-10-13,Monday,Night (11pm-7am),Surgery,1,1,13.4
2025-10-13,Monday,Morning (7am-3pm),Maternity,11,3,14.4
2025-10-13,Monday,Afternoon (3pm-11pm),Maternity,11,2,16.8
2025-10-13,Monday,Night (11pm-7am),Maternity,9,3,9.2
2025-10-13,Monday,Morning (7am-3pm),Pediatrics,30,5,24.6
2025-10-13,Monday,Afternoon (3pm-11pm),Pediatrics,25,6,12.5
2025-10-13,Monday,Night (11pm-7am),Pediatrics,16,2,11.5
2025-10-13,Monday,Morning (7am-3pm),ICU,9,4,5.0
2025-10-13,Monday,Afternoon (3pm-11pm),ICU,9,5,7.5
2025-10-13,Monday,Night (11pm-7am),ICU,8,5,15.9
2025-10-14,Tuesday,Morning (7am-3pm),Emergency,42,7,31.9
2025-10-14,Tuesday,Afternoon (3pm-11pm),Emergency,51,7,31.5
2025-10-14,Tuesday,Night (11pm-7am),Emergency,38,6,23.7
2025-10-14,Tuesday,Morning (7am-3pm),Outpatient,77,18,5.0
2025-10-14,Tuesday,Afternoon (3pm-11pm),Outpatient,62,15,7.8
2025-10-14,Tuesday,Night (11pm-7am),Outpatient,0,1,5.0
2025-10-14,Tuesday,Morning (7am-3pm),Surgery,8,2,5.0
2025-10-14,Tuesday,Afternoon (3pm-11pm),Surgery,6,3,13.4
2025-10-14,Tuesday,Night (11pm-7am),Surgery,2,1,5.0
2025-10-14,Tuesday,Morning (7am-3pm),Maternity,12,4,7.8
2025-10-14,Tuesday,Afternoon (3pm-11pm),Maternity,13,3,25.2
2025-10-14,Tuesday,Night (11pm-7am),Maternity,9,3,8.5
2025-10-14,Tuesday,Morning (7am-3pm),Pediatrics,26,5,5.0
2025-10-14,Tuesday,Afternoon (3pm-11pm),Pediatrics,26,4,21.3
2025-10-14,Tuesday,Night (11pm-7am),Pediatrics,13,3,19.6
2025-10-14,Tuesday,Morning (7am-3pm),ICU,8,4,5.0
2025-10-14,Tuesday,Afternoon (3pm-11pm),ICU,8,4,9.7
2025-10-14,Tuesday,Night (11pm-7am),ICU,7,2,5.0
2025-10-15,Wednesday,Morning (7am-3pm),Emergency,44,6,25.4
2025-10-15,Wednesday,Afternoon (3pm-11pm),Emergency,44,7,29.7
2025-10-15,Wednesday,Night (11pm-7am),Emergency,35,4,32.9
2025-10-15,Wednesday,Morning (7am-3pm),Outpatient,77,18,14.4
2025-10-15,Wednesday,Afternoon (3pm-11pm),Outpatient,68,16,8.3
2025-10-15,Wednesday,Night (11pm-7am),Outpatient,0,1,5.0
2025-10-15,Wednesday,Morning (7am-3pm),Surgery,8,3,24.9
2025-10-15,Wednesday,Afternoon (3pm-11pm),Surgery,6,2,5.0
2025-10-15,Wednesday,Night (11pm-7am),Surgery,2,1,18.7
2025-10-15,Wednesday,Morning (7am-3pm),Maternity,11,3,7.2
2025-10-15,Wednesday,Afternoon (3pm-11pm),Maternity,17,5,12.0
2025-10-15,Wednesday,Night (11pm-7am),Maternity,10,1,34.6
2025-10-15,Wednesday,Morning (7am-3pm),Pediatrics,27,4,10.3
2025-10-15,Wednesday,Afternoon (3pm-11pm),Pediatrics,21,3,35.5
2025-10-15,Wednesday,Night (11pm-7am),Pediatrics,11,2,15.0
2025-10-15,Wednesday,Morning (7am-3pm),ICU,10,6,6.9
2025-10-15,Wednesday,Afternoon (3pm-11pm),ICU,8,3,5.0
2025-10-15,Wednesday,Night (11pm-7am),ICU,7,3,16.6
2025-10-16,Thursday,Morning (7am-3pm),Emergency,42,6,15.4
2025-10-16,Thursday,Afternoon (3pm-11pm),Emergency,54,10,17.6
2025-10-16,Thursday,Night (11pm-7am),Emergency,32,6,14.6
2025-10-16,Thursday,Morning (7am-3pm),Outpatient,73,17,18.5
2025-10-16,Thursday,Afternoon (3pm-11pm),Outpatient,75,19,6.8
2025-10-16,Thursday,Night (11pm-7am),Outpatient,0,1,5.0
2025-10-16,Thursday,Morning (7am-3pm),Surgery,9,2,7.2
2025-10-16,Thursday,Afternoon (3pm-11pm),Surgery,6,3,12.6
2025-10-16,Thursday,Night (11pm-7am),Surgery,2,1,8.5
2025-10-16,Thursday,Morning (7am-3pm),Maternity,10,3,12.2
2025-10-16,Thursday,Afternoon (3pm-11pm),Maternity,17,5,5.0
2025-10-16,Thursday,Night (11pm-7am),Maternity,9,2,5.0
2025-10-16,Thursday,Morning (7am-3pm),Pediatrics,28,6,18.6
2025-10-16,Thursday,Afternoon (3pm-11pm),Pediatrics,25,5,12.0
2025-10-16,Thursday,Night (11pm-7am),Pediatrics,14,3,12.5
2025-10-16,Thursday,Morning (7am-3pm),ICU,6,4,6.2
2025-10-16,Thursday,Afternoon (3pm-11pm),ICU,6,3,5.0
2025-10-16,Thursday,Night (11pm-7am),ICU,8,5,10.5
2025-10-17,Friday,Morning (7am-3pm),Emergency,44,6,29.6
2025-10-17,Friday,Afternoon (3pm-11pm),Emergency,51,8,7.9
2025-10-17,Friday,Night (11pm-7am),Emergency,33,5,20.4
2025-10-17,Friday,Morning (7am-3pm),Outpatient,90,21,18.8
2025-10-17,Friday,Afternoon (3pm-11pm),Outpatient,58,15,18.9
2025-10-17,Friday,Night (11pm-7am),Outpatient,0,1,5.0
2025-10-17,Friday,Morning (7am-3pm),Surgery,8,3,5.0
2025-10-17,Friday,Afternoon (3pm-11pm),Surgery,6,2,11.9
2025-10-17,Friday,Night (11pm-7am),Surgery,1,1,7.8
2025-10-17,Friday,Morning (7am-3pm),Maternity,12,3,16.7
2025-10-17,Friday,Afternoon (3pm-11pm),Maternity,13,4,14.6
2025-10-17,Friday,Night (11pm-7am),Maternity,7,1,13.4
2025-10-17,Friday,Morning (7am-3pm),Pediatrics,26,6,10.0
2025-10-17,Friday,Afternoon (3pm-11pm),Pediatrics,25,4,30.5
2025-10-17,Friday,Night (11pm-7am),Pediatrics,14,2,8.4
2025-10-17,Friday,Morning (7am-3pm),ICU,9,4,13.8
2025-10-17,Friday,Afternoon (3pm-11pm),ICU,5,1,10.0
2025-10-17,Friday,Night (11pm-7am),ICU,7,4,12.9
2025-10-18,Saturday,Morning (7am-3pm),Emergency,70,11,28.4
2025-10-18,Saturday,Afternoon (3pm-11pm),Emergency,63,9,31.2
2025-10-18,Saturday,Night (11pm-7am),Emergency,55,10,24.4
2025-10-18,Saturday,Morning (7am-3pm),Outpatient,37,8,7.4
2025-10-18,Saturday,Afternoon (3pm-11pm),Outpatient,24,6,5.0
2025-10-18,Saturday,Night (11pm-7am),Outpatient,0,1,5.0
2025-10-18,Saturday,Morning (7am-3pm),Surgery,7,2,12.3
2025-10-18,Saturday,Afternoon (3pm-11pm),Surgery,5,2,21.0
2025-10-18,Saturday,Night (11pm-7am),Surgery,1,1,21.1
2025-10-18,Saturday,Morning (7am-3pm),Maternity,11,1,15.6
2025-10-18,Saturday,Afternoon (3pm-11pm),Maternity,12,4,5.0
2025-10-18,Saturday,Night (11pm-7am),Maternity,9,2,15.9
2025-10-18,Saturday,Morning (7am-3pm),Pediatrics,38,6,25.6
2025-10-18,Saturday,Afternoon (3pm-11pm),Pediatrics,29,5,17.5
2025-10-18,Saturday,Night (11pm-7am),Pediatrics,16,2,28.1
2025-10-18,Saturday,Morning (7am-3pm),ICU,8,4,18.4
2025-10-18,Saturday,Afternoon (3pm-11pm),ICU,6,3,5.0
2025-10-18,Saturday,Night (11pm-7am),ICU,6,4,11.3
2025-10-19,Sunday,Morning (7am-3pm),Emergency,60,11,20.2
2025-10-19,Sunday,Afternoon (3pm-11pm),Emergency,52,8,31.6
2025-10-19,Sunday,Night (11pm-7am),Emergency,58,10,40.2
2025-10-19,Sunday,Morning (7am-3pm),Outpatient,32,9,11.5
2025-10-19,Sunday,Afternoon (3pm-11pm),Outpatient,29,7,13.7
2025-10-19,Sunday,Night (11pm-7am),Outpatient,0,1,5.0
2025-10-19,Sunday,Morning (7am-3pm),Surgery,9,3,14.8
2025-10-19,Sunday,Afternoon (3pm-11pm),Surgery,7,3,5.0
2025-10-19,Sunday,Night (11pm-7am),Surgery,1,1,5.0
2025-10-19,Sunday,Morning (7am-3pm),Maternity,10,2,17.4
2025-10-19,Sunday,Afternoon (3pm-11pm),Maternity,13,3,16.8
2025-10-19,Sunday,Night (11pm-7am),Maternity,8,3,5.0
2025-10-19,Sunday,Morning (7am-3pm),Pediatrics,30,6,24.4
2025-10-19,Sunday,Afternoon (3pm-11pm),Pediatrics,29,4,17.1
2025-10-19,Sunday,Night (11pm-7am),Pediatrics,17,4,11.3
2025-10-19,Sunday,Morning (7am-3pm),ICU,6,4,12.2
2025-10-19,Sunday,Afternoon (3pm-11pm),ICU,9,5,11.6
2025-10-19,Sunday,Night (11pm-7am),ICU,11,5,5.0
2025-10-20,Monday,Morning (7am-3pm),Emergency,42,8,16.5
2025-10-20,Monday,Afternoon (3pm-11pm),Emergency,62,11,21.7
2025-10-20,Monday,Night (11pm-7am),Emergency,30,6,5.0
2025-10-20,Monday,Morning (7am-3pm),Outpatient,65,16,5.0
2025-10-20,Monday,Afternoon (3pm-11pm),Outpatient,45,12,5.0
2025-10-20,Monday,Night (11pm-7am),Outpatient,0,1,5.0
2025-10-20,Monday,Morning (7am-3pm),Surgery,9,3,5.0
2025-10-20,Monday,Afternoon (3pm-11pm),Surgery,3,1,18.7
2025-10-20,Monday,Night (11pm-7am),Surgery,1,1,5.1
2025-10-20,Monday,Morning (7am-3pm),Maternity,11,3,5.0
2025-10-20,Monday,Afternoon (3pm-11pm),Maternity,14,4,21.7
2025-10-20,Monday,Night (11pm-7am),Maternity,10,2,17.3
2025-10-20,Monday,Morning (7am-3pm),Pediatrics,32,6,5.6
2025-10-20,Monday,Afternoon (3pm-11pm),Pediatrics,23,3,23.4
2025-10-20,Monday,Night (11pm-7am),Pediatrics,16,2,18.8
2025-10-20,Monday,Morning (7am-3pm),ICU,7,3,5.0
2025-10-20,Monday,Afternoon (3pm-11pm),ICU,8,3,8.3
2025-10-20,Monday,Night (11pm-7am),ICU,9,5,5.0
2025-10-21,Tuesday,Morning (7am-3pm),Emergency,33,5,24.6
2025-10-21,Tuesday,Afternoon (3pm-11pm),Emergency,56,8,15.2
2025-10-21,Tuesday,Night (11pm-7am),Emergency,38,6,5.0
2025-10-21,Tuesday,Morning (7am-3pm),Outpatient,111,28,9.8
2025-10-21,Tuesday,Afternoon (3pm-11pm),Outpatient,64,16,10.1
2025-10-21,Tuesday,Night (11pm-7am),Outpatient,0,1,5.0
2025-10-21,Tuesday,Morning (7am-3pm),Surgery,8,3,16.6
2025-10-21,Tuesday,Afternoon (3pm-11pm),Surgery,6,2,18.1
2025-10-21,Tuesday,Night (11pm-7am),Surgery,2,1,8.1
2025-10-21,Tuesday,Morning (7am-3pm),Maternity,13,3,15.9
2025-10-21,Tuesday,Afternoon (3pm-11pm),Maternity,13,4,22.3
2025-10-21,Tuesday,Night (11pm-7am),Maternity,10,2,27.1
2025-10-21,Tuesday,Morning (7am-3pm),Pediatrics,27,5,16.9
2025-10-21,Tuesday,Afternoon (3pm-11pm),Pediatrics,33,6,17.9
2025-10-21,Tuesday,Night (11pm-7am),Pediatrics,13,3,17.7
2025-10-21,Tuesday,Morning (7am-3pm),ICU,7,4,5.0
2025-10-21,Tuesday,Afternoon (3pm-11pm),ICU,6,3,5.0
2025-10-21,Tuesday,Night (11pm-7am),ICU,6,3,5.0
2025-10-22,Wednesday,Morning (7am-3pm),Emergency,42,6,26.4
2025-10-22,Wednesday,Afternoon (3pm-11pm),Emergency,54,9,28.6
2025-10-22,Wednesday,Night (11pm-7am),Emergency,36,7,5.0
2025-10-22,Wednesday,Morning (7am-3pm),Outpatient,70,18,5.0
2025-10-22,Wednesday,Afternoon (3pm-11pm),Outpatient,52,12,23.4
2025-10-22,Wednesday,Night (11pm-7am),Outpatient,0,1,5.0
2025-10-22,Wednesday,Morning (7am-3pm),Surgery,8,1,22.9
2025-10-22,Wednesday,Afternoon (3pm-11pm),Surgery,4,1,10.1
2025-10-22,Wednesday,Night (11pm-7am),Surgery,2,1,12.4
2025-10-22,Wednesday,Morning (7am-3pm),Maternity,14,2,23.4
2025-10-22,Wednesday,Afternoon (3pm-11pm),Maternity,18,3,13.6
2025-10-22,Wednesday,Night (11pm-7am),Maternity,12,4,5.5
2025-10-22,Wednesday,Morning (7am-3pm),Pediatrics,31,7,12.4
2025-10-22,Wednesday,Afternoon (3pm-11pm),Pediatrics,28,6,22.5
2025-10-22,Wednesday,Night (11pm-7am),Pediatrics,9,1,18.6
2025-10-22,Wednesday,Morning (7am-3pm),ICU,7,3,5.0
2025-10-22,Wednesday,Afternoon (3pm-11pm),ICU,7,3,5.0
2025-10-22,Wednesday,Night (11pm-7am),ICU,8,4,5.0
2025-10-23,Thursday,Morning (7am-3pm),Emergency,41,6,9.4
2025-10-23,Thursday,Afternoon (3pm-11pm),Emergency,54,9,31.9
2025-10-23,Thursday,Night (11pm-7am),Emergency,35,5,13.3
2025-10-23,Thursday,Morning (7am-3pm),Outpatient,89,22,12.0
2025-10-23,Thursday,Afternoon (3pm-11pm),Outpatient,61,14,15.8
2025-10-23,Thursday,Night (11pm-7am),Outpatient,0,1,5.0
2025-10-23,Thursday,Morning (7am-3pm),Surgery,9,3,15.3
2025-10-23,Thursday,Afternoon (3pm-11pm),Surgery,6,2,20.3
2025-10-23,Thursday,Night (11pm-7am),Surgery,1,1,5.0
2025-10-23,Thursday,Morning (7am-3pm),Maternity,14,3,19.5
2025-10-23,Thursday,Afternoon (3pm-11pm),Maternity,17,5,11.3
2025-10-23,Thursday,Night (11pm-7am),Maternity,7,2,5.0
2025-10-23,Thursday,Morning (7am-3pm),Pediatrics,28,5,19.7
2025-10-23,Thursday,Afternoon (3pm-11pm),Pediatrics,29,6,8.6
2025-10-23,Thursday,Night (11pm-7am),Pediatrics,13,2,6.2
2025-10-23,Thursday,Morning (7am-3pm),ICU,5,1,21.0
2025-10-23,Thursday,Afternoon (3pm-11pm),ICU,7,4,5.1
2025-10-23,Thursday,Night (11pm-7am),ICU,8,5,5.0
2025-10-24,Friday,Morning (7am-3pm),Emergency,24,4,12.6
2025-10-24,Friday,Afternoon (3pm-11pm),Emergency,51,9,9.6
2025-10-24,Friday,Night (11pm-7am),Emergency,42,7,17.8
2025-10-24,Friday,Morning (7am-3pm),Outpatient,50,11,9.2
2025-10-24,Friday,Afternoon (3pm-11pm),Outpatient,68,17,5.0
2025-10-24,Friday,Night (11pm-7am),Outpatient,0,1,5.0
2025-10-24,Friday,Morning (7am-3pm),Surgery,9,3,6.6
2025-10-24,Friday,Afternoon (3pm-11pm),Surgery,5,2,5.0
2025-10-24,Friday,Night (11pm-7am),Surgery,1,1,5.0
2025-10-24,Friday,Morning (7am-3pm),Maternity,10,1,32.0
2025-10-24,Friday,Afternoon (3pm-11pm),Maternity,16,5,21.6
2025-10-24,Friday,Night (11pm-7am),Maternity,10,3,17.9
2025-10-24,Friday,Morning (7am-3pm),Pediatrics,26,5,8.2
2025-10-24,Friday,Afternoon (3pm-11pm),Pediatrics,25,5,14.7
2025-10-24,Friday,Night (11pm-7am),Pediatrics,18,2,31.9
2025-10-24,Friday,Morning (7am-3pm),ICU,7,4,8.3
2025-10-24,Friday,Afternoon (3pm-11pm),ICU,7,4,5.0
2025-10-24,Friday,Night (11pm-7am),ICU,9,5,5.0
2025-10-25,Saturday,Morning (7am-3pm),Emergency,40,5,15.3
2025-10-25,Saturday,Afternoon (3pm-11pm),Emergency,69,10,11.5
2025-10-25,Saturday,Night (11pm-7am),Emergency,30,4,25.7
2025-10-25,Saturday,Morning (7am-3pm),Outpatient,32,7,25.3
2025-10-25,Saturday,Afternoon (3pm-11pm),Outpatient,24,6,14.3
2025-10-25,Saturday,Night (11pm-7am),Outpatient,0,1,5.0
2025-10-25,Saturday,Morning (7am-3pm),Surgery,8,1,33.4
2025-10-25,Saturday,Afternoon (3pm-11pm),Surgery,6,3,13.1
2025-10-25,Saturday,Night (11pm-7am),Surgery,2,1,20.2
2025-10-25,Saturday,Morning (7am-3pm),Maternity,10,3,23.0
2025-10-25,Saturday,Afternoon (3pm-11pm),Maternity,14,4,5.0
2025-10-25,Saturday,Night (11pm-7am),Maternity,9,1,25.0
2025-10-25,Saturday,Morning (7am-3pm),Pediatrics,30,6,5.0
2025-10-25,Saturday,Afternoon (3pm-11pm),Pediatrics,27,5,18.7
2025-10-25,Saturday,Night (11pm-7am),Pediatrics,16,2,30.7
2025-10-25,Saturday,Morning (7am-3pm),ICU,5,1,21.9
2025-10-25,Saturday,Afternoon (3pm-11pm),ICU,9,5,15.9
2025-10-25,Saturday,Night (11pm-7am),ICU,6,2,5.0
2025-10-26,Sunday,Morning (7am-3pm),Emergency,60,9,17.7
2025-10-26,Sunday,Afternoon (3pm-11pm),Emergency,72,13,19.7
2025-10-26,Sunday,Night (11pm-7am),Emergency,40,7,13.5
2025-10-26,Sunday,Morning (7am-3pm),Outpatient,34,9,5.0
2025-10-26,Sunday,Afternoon (3pm-11pm),Outpatient,25,6,15.7
2025-10-26,Sunday,Night (11pm-7am),Outpatient,0,1,5.0
2025-10-26,Sunday,Morning (7am-3pm),Surgery,7,1,19.6
2025-10-26,Sunday,Afternoon (3pm-11pm),Surgery,5,1,5.0
2025-10-26,Sunday,Night (11pm-7am),Surgery,1,1,5.0
2025-10-26,Sunday,Morning (7am-3pm),Maternity,9,1,32.0
2025-10-26,Sunday,Afternoon (3pm-11pm),Maternity,17,3,23.6
2025-10-26,Sunday,Night (11pm-7am),Maternity,7,2,5.0
2025-10-26,Sunday,Morning (7am-3pm),Pediatrics,24,5,14.0
2025-10-26,Sunday,Afternoon (3pm-11pm),Pediatrics,23,3,17.6
2025-10-26,Sunday,Night (11pm-7am),Pediatrics,15,3,18.0
2025-10-26,Sunday,Morning (7am-3pm),ICU,7,2,10.6
2025-10-26,Sunday,Afternoon (3pm-11pm),ICU,9,3,11.5
2025-10-26,Sunday,Night (11pm-7am),ICU,7,3,9.9
2025-10-27,Monday,Morning (7am-3pm),Emergency,55,10,20.0
2025-10-27,Monday,Afternoon (3pm-11pm),Emergency,61,10,30.8
2025-10-27,Monday,Night (11pm-7am),Emergency,32,4,23.7
2025-10-27,Monday,Morning (7am-3pm),Outpatient,77,19,5.0
2025-10-27,Monday,Afternoon (3pm-11pm),Outpatient,46,11,19.0
2025-10-27,Monday,Night (11pm-7am),Outpatient,0,1,5.0
2025-10-27,Monday,Morning (7am-3pm),Surgery,9,2,21.1
2025-10-27,Monday,Afternoon (3pm-11pm),Surgery,5,1,19.0
2025-10-27,Monday,Night (11pm-7am),Surgery,1,1,5.0
2025-10-27,Monday,Morning (7am-3pm),Maternity,14,3,28.5
2025-10-27,Monday,Afternoon (3pm-11pm),Maternity,15,3,22.0
2025-10-27,Monday,Night (11pm-7am),Maternity,9,2,5.0
2025-10-27,Monday,Morning (7am-3pm),Pediatrics,30,7,16.8
2025-10-27,Monday,Afternoon (3pm-11pm),Pediatrics,22,3,19.3
2025-10-27,Monday,Night (11pm-7am),Pediatrics,16,2,16.9
2025-10-27,Monday,Morning (7am-3pm),ICU,8,4,5.0
2025-10-27,Monday,Afternoon (3pm-11pm),ICU,6,4,5.0
2025-10-27,Monday,Night (11pm-7am),ICU,10,6,5.0
2025-10-28,Tuesday,Morning (7am-3pm),Emergency,58,8,18.8
2025-10-28,Tuesday,Afternoon (3pm-11pm),Emergency,46,6,28.1
2025-10-28,Tuesday,Night (11pm-7am),Emergency,26,4,11.2
2025-10-28,Tuesday,Morning (7am-3pm),Outpatient,92,22,13.3
2025-10-28,Tuesday,Afternoon (3pm-11pm),Outpatient,60,14,21.4
2025-10-28,Tuesday,Night (11pm-7am),Outpatient,0,1,5.0
2025-10-28,Tuesday,Morning (7am-3pm),Surgery,10,3,5.0
2025-10-28,Tuesday,Afternoon (3pm-11pm),Surgery,6,2,8.7
2025-10-28,Tuesday,Night (11pm-7am),Surgery,1,1,5.0
2025-10-28,Tuesday,Morning (7am-3pm),Maternity,9,3,7.2
2025-10-28,Tuesday,Afternoon (3pm-11pm),Maternity,16,3,8.1
2025-10-28,Tuesday,Night (11pm-7am),Maternity,12,4,15.7
2025-10-28,Tuesday,Morning (7am-3pm),Pediatrics,28,4,5.0
2025-10-28,Tuesday,Afternoon (3pm-11pm),Pediatrics,23,3,27.6
2025-10-28,Tuesday,Night (11pm-7am),Pediatrics,18,2,28.2
2025-10-28,Tuesday,Morning (7am-3pm),ICU,7,4,5.0
2025-10-28,Tuesday,Afternoon (3pm-11pm),ICU,5,2,5.0
2025-10-28,Tuesday,Night (11pm-7am),ICU,8,4,5.0
2025-10-29,Wednesday,Morning (7am-3pm),Emergency,50,9,31.5
2025-10-29,Wednesday,Afternoon (3pm-11pm),Emergency,43,8,18.6
2025-10-29,Wednesday,Night (11pm-7am),Emergency,45,7,26.6
2025-10-29,Wednesday,Morning (7am-3pm),Outpatient,70,17,11.1
2025-10-29,Wednesday,Afternoon (3pm-11pm),Outpatient,56,15,5.0
2025-10-29,Wednesday,Night (11pm-7am),Outpatient,0,1,5.0
2025-10-29,Wednesday,Morning (7am-3pm),Surgery,7,1,16.0
2025-10-29,Wednesday,Afternoon (3pm-11pm),Surgery,4,1,10.4
2025-10-29,Wednesday,Night (11pm-7am),Surgery,2,1,5.0
2025-10-29,Wednesday,Morning (7am-3pm),Maternity,11,2,17.0
2025-10-29,Wednesday,Afternoon (3pm-11pm),Maternity,16,3,25.1
2025-10-29,Wednesday,Night (11pm-7am),Maternity,7,1,15.9
2025-10-29,Wednesday,Morning (7am-3pm),Pediatrics,33,5,19.1
2025-10-29,Wednesday,Afternoon (3pm-11pm),Pediatrics,21,5,5.0
2025-10-29,Wednesday,Night (11pm-7am),Pediatrics,17,4,5.0
2025-10-29,Wednesday,Morning (7am-3pm),ICU,8,4,5.0
2025-10-29,Wednesday,Afternoon (3pm-11pm),ICU,6,2,8.8
2025-10-29,Wednesday,Night (11pm-7am),ICU,9,4,9.6
2025-10-30,Thursday,Morning (7am-3pm),Emergency,32,5,19.1
2025-10-30,Thursday,Afternoon (3pm-11pm),Emergency,51,9,5.3
2025-10-30,Thursday,Night (11pm-7am),Emergency,39,6,14.3
2025-10-30,Thursday,Morning (7am-3pm),Outpatient,88,21,5.0
2025-10-30,Thursday,Afternoon (3pm-11pm),Outpatient,67,15,28.8
2025-10-30,Thursday,Night (11pm-7am),Outpatient,0,1,8.3
2025-10-30,Thursday,Morning (7am-3pm),Surgery,8,1,23.2
2025-10-30,Thursday,Afternoon (3pm-11pm),Surgery,5,1,27.2
2025-10-30,Thursday,Night (11pm-7am),Surgery,2,1,10.4
2025-10-30,Thursday,Morning (7am-3pm),Maternity,13,4,10.9
2025-10-30,Thursday,Afternoon (3pm-11pm),Maternity,13,3,11.9
2025-10-30,Thursday,Night (11pm-7am),Maternity,7,1,27.3
2025-10-30,Thursday,Morning (7am-3pm),Pediatrics,29,4,24.5
2025-10-30,Thursday,Afternoon (3pm-11pm),Pediatrics,27,5,7.9
2025-10-30,Thursday,Night (11pm-7am),Pediatrics,13,3,16.9
2025-10-30,Thursday,Morning (7am-3pm),ICU,8,5,5.0
2025-10-30,Thursday,Afternoon (3pm-11pm),ICU,7,3,5.0
2025-10-30,Thursday,Night (11pm-7am),ICU,6,3,8.7
2025-10-31,Friday,Morning (7am-3pm),Emergency,47,7,25.6
2025-10-31,Friday,Afternoon (3pm-11pm),Emergency,50,7,26.2
2025-10-31,Friday,Night (11pm-7am),Emergency,37,5,27.5
2025-10-31,Friday,Morning (7am-3pm),Outpatient,74,19,8.5
2025-10-31,Friday,Afternoon (3pm-11pm),Outpatient,54,14,32.6
2025-10-31,Friday,Night (11pm-7am),Outpatient,0,1,5.0
2025-10-31,Friday,Morning (7am-3pm),Surgery,8,2,15.4
2025-10-31,Friday,Afternoon (3pm-11pm),Surgery,5,1,11.1
2025-10-31,Friday,Night (11pm-7am),Surgery,2,1,15.4
2025-10-31,Friday,Morning (7am-3pm),Maternity,9,1,7.9
2025-10-31,Friday,Afternoon (3pm-11pm),Maternity,13,2,26.6
2025-10-31,Friday,Night (11pm-7am),Maternity,9,1,26.1
2025-10-31,Friday,Morning (7am-3pm),Pediatrics,25,4,24.1
2025-10-31,Friday,Afternoon (3pm-11pm),Pediatrics,33,5,13.9
2025-10-31,Friday,Night (11pm-7am),Pediatrics,18,4,13.9
2025-10-31,Friday,Morning (7am-3pm),ICU,7,3,17.9
2025-10-31,Friday,Afternoon (3pm-11pm),ICU,10,6,5.0
2025-10-31,Friday,Night (11pm-7am),ICU,6,4,5.0
2025-11-01,Saturday,Morning (7am-3pm),Emergency,65,11,13.0
2025-11-01,Saturday,Afternoon (3pm-11pm),Emergency,80,12,25.9
2025-11-01,Saturday,Night (11pm-7am),Emergency,50,8,26.5
2025-11-01,Saturday,Morning (7am-3pm),Outpatient,38,8,16.0
2025-11-01,Saturday,Afternoon (3pm-11pm),Outpatient,22,4,17.7
2025-11-01,Saturday,Night (11pm-7am),Outpatient,0,1,5.0
2025-11-01,Saturday,Morning (7am-3pm),Surgery,8,2,30.5
2025-11-01,Saturday,Afternoon (3pm-11pm),Surgery,6,2,12.2
2025-11-01,Saturday,Night (11pm-7am),Surgery,1,1,5.0
2025-11-01,Saturday,Morning (7am-3pm),Maternity,10,3,15.7
2025-11-01,Saturday,Afternoon (3pm-11pm),Maternity,10,3,5.0
2025-11-01,Saturday,Night (11pm-7am),Maternity,9,2,17.0
2025-11-01,Saturday,Morning (7am-3pm),Pediatrics,27,5,21.8
2025-11-01,Saturday,Afternoon (3pm-11pm),Pediatrics,23,4,22.9
2025-11-01,Saturday,Night (11pm-7am),Pediatrics,15,4,8.8
2025-11-01,Saturday,Morning (7am-3pm),ICU,9,4,5.0
2025-11-01,Saturday,Afternoon (3pm-11pm),ICU,8,5,5.0
2025-11-01,Saturday,Night (11pm-7am),ICU,9,4,5.2
2025-11-02,Sunday,Morning (7am-3pm),Emergency,65,9,29.8
2025-11-02,Sunday,Afternoon (3pm-11pm),Emergency,76,13,22.9
2025-11-02,Sunday,Night (11pm-7am),Emergency,47,8,17.4
2025-11-02,Sunday,Morning (7am-3pm),Outpatient,32,8,8.6
2025-11-02,Sunday,Afternoon (3pm-11pm),Outpatient,22,4,11.6
2025-11-02,Sunday,Night (11pm-7am),Outpatient,0,1,5.0
2025-11-02,Sunday,Morning (7am-3pm),Surgery,8,2,26.4
2025-11-02,Sunday,Afternoon (3pm-11pm),Surgery,5,1,14.2
2025-11-02,Sunday,Night (11pm-7am),Surgery,2,1,5.0
2025-11-02,Sunday,Morning (7am-3pm),Maternity,11,1,27.3
2025-11-02,Sunday,Afternoon (3pm-11pm),Maternity,16,5,15.2
2025-11-02,Sunday,Night (11pm-7am),Maternity,10,3,5.0
2025-11-02,Sunday,Morning (7am-3pm),Pediatrics,28,4,15.3
2025-11-02,Sunday,Afternoon (3pm-11pm),Pediatrics,19,2,29.1
2025-11-02,Sunday,Night (11pm-7am),Pediatrics,18,3,20.4
2025-11-02,Sunday,Morning (7am-3pm),ICU,8,5,5.0
2025-11-02,Sunday,Afternoon (3pm-11pm),ICU,7,3,14.0
2025-11-02,Sunday,Night (11pm-7am),ICU,9,4,5.0
2025-11-03,Monday,Morning (7am-3pm),Emergency,57,9,16.6
2025-11-03,Monday,Afternoon (3pm-11pm),Emergency,44,7,18.0
2025-11-03,Monday,Night (11pm-7am),Emergency,35,5,23.4
2025-11-03,Monday,Morning (7am-3pm),Outpatient,62,15,15.4
2025-11-03,Monday,Afternoon (3pm-11pm),Outpatient,63,15,18.1
2025-11-03,Monday,Night (11pm-7am),Outpatient,0,1,5.0
2025-11-03,Monday,Morning (7am-3pm),Surgery,7,1,30.5
2025-11-03,Monday,Afternoon (3pm-11pm),Surgery,4,1,10.8
2025-11-03,Monday,Night (11pm-7am),Surgery,2,1,5.0
2025-11-03,Monday,Morning (7am-3pm),Maternity,8,3,5.0
2025-11-03,Monday,Afternoon (3pm-11pm),Maternity,15,4,5.2
2025-11-03,Monday,Night (11pm-7am),Maternity,9,3,5.7
2025-11-03,Monday,Morning (7am-3pm),Pediatrics,28,4,24.6
2025-11-03,Monday,Afternoon (3pm-11pm),Pediatrics,21,4,14.9
2025-11-03,Monday,Night (11pm-7am),Pediatrics,10,1,39.5
2025-11-03,Monday,Morning (7am-3pm),ICU,8,3,10.8
2025-11-03,Monday,Afternoon (3pm-11pm),ICU,9,5,5.0
2025-11-03,Monday,Night (11pm-7am),ICU,6,4,5.0
2025-11-04,Tuesday,Morning (7am-3pm),Emergency,51,9,6.6
2025-11-04,Tuesday,Afternoon (3pm-11pm),Emergency,55,9,14.4
2025-11-04,Tuesday,Night (11pm-7am),Emergency,37,5,20.2
2025-11-04,Tuesday,Morning (7am-3pm),Outpatient,92,23,7.8
2025-11-04,Tuesday,Afternoon (3pm-11pm),Outpatient,58,14,8.3
2025-11-04,Tuesday,Night (11pm-7am),Outpatient,0,1,5.0
2025-11-04,Tuesday,Morning (7am-3pm),Surgery,8,3,14.0
2025-11-04,Tuesday,Afternoon (3pm-11pm),Surgery,6,3,5.0
2025-11-04,Tuesday,Night (11pm-7am),Surgery,2,1,10.5
2025-11-04,Tuesday,Morning (7am-3pm),Maternity,13,3,34.8
2025-11-04,Tuesday,Afternoon (3pm-11pm),Maternity,13,2,6.5
2025-11-04,Tuesday,Night (11pm-7am),Maternity,11,2,17.6
2025-11-04,Tuesday,Morning (7am-3pm),Pediatrics,32,7,14.7
2025-11-04,Tuesday,Afternoon (3pm-11pm),Pediatrics,23,3,22.8
2025-11-04,Tuesday,Night (11pm-7am),Pediatrics,15,3,13.7
2025-11-04,Tuesday,Morning (7am-3pm),ICU,7,2,5.0
2025-11-04,Tuesday,Afternoon (3pm-11pm),ICU,8,3,5.4
2025-11-04,Tuesday,Night (11pm-7am),ICU,8,3,14.8
2025-11-05,Wednesday,Morning (7am-3pm),Emergency,51,8,29.6
2025-11-05,Wednesday,Afternoon (3pm-11pm),Emergency,62,9,18.3
2025-11-05,Wednesday,Night (11pm-7am),Emergency,40,7,6.1
2025-11-05,Wednesday,Morning (7am-3pm),Outpatient,80,19,23.0
2025-11-05,Wednesday,Afternoon (3pm-11pm),Outpatient,66,17,5.0
2025-11-05,Wednesday,Night (11pm-7am),Outpatient,0,1,5.1
2025-11-05,Wednesday,Morning (7am-3pm),Surgery,8,1,35.8
2025-11-05,Wednesday,Afternoon (3pm-11pm),Surgery,6,1,17.4
2025-11-05,Wednesday,Night (11pm-7am),Surgery,2,1,5.0
2025-11-05,Wednesday,Morning (7am-3pm),Maternity,10,2,22.9
2025-11-05,Wednesday,Afternoon (3pm-11pm),Maternity,14,3,10.6
2025-11-05,Wednesday,Night (11pm-7am),Maternity,11,3,10.0
2025-11-05,Wednesday,Morning (7am-3pm),Pediatrics,30,6,18.9
2025-11-05,Wednesday,Afternoon (3pm-11pm),Pediatrics,26,4,22.2
2025-11-05,Wednesday,Night (11pm-7am),Pediatrics,12,2,18.2
2025-11-05,Wednesday,Morning (7am-3pm),ICU,7,3,6.2
2025-11-05,Wednesday,Afternoon (3pm-11pm),ICU,6,3,6.3
2025-11-05,Wednesday,Night (11pm-7am),ICU,7,3,5.0
2025-11-06,Thursday,Morning (7am-3pm),Emergency,46,7,27.8
2025-11-06,Thursday,Afternoon (3pm-11pm),Emergency,56,9,21.5
2025-11-06,Thursday,Night (11pm-7am),Emergency,39,5,20.5
2025-11-06,Thursday,Morning (7am-3pm),Outpatient,93,22,12.6
2025-11-06,Thursday,Afternoon (3pm-11pm),Outpatient,51,13,17.7
2025-11-06,Thursday,Night (11pm-7am),Outpatient,0,1,5.0
2025-11-06,Thursday,Morning (7am-3pm),Surgery,6,3,5.0
2025-11-06,Thursday,Afternoon (3pm-11pm),Surgery,8,1,14.0
2025-11-06,Thursday,Night (11pm-7am),Surgery,1,1,7.0
2025-11-06,Thursday,Morning (7am-3pm),Maternity,7,1,7.3
2025-11-06,Thursday,Afternoon (3pm-11pm),Maternity,15,3,23.4
2025-11-06,Thursday,Night (11pm-7am),Maternity,9,3,21.4
2025-11-06,Thursday,Morning (7am-3pm),Pediatrics,23,5,6.3
2025-11-06,Thursday,Afternoon (3pm-11pm),Pediatrics,28,6,11.4
2025-11-06,Thursday,Night (11pm-7am),Pediatrics,13,2,14.6
2025-11-06,Thursday,Morning (7am-3pm),ICU,7,3,6.7
2025-11-06,Thursday,Afternoon (3pm-11pm),ICU,8,4,9.8
2025-11-06,Thursday,Night (11pm-7am),ICU,8,3,27.0
2025-11-07,Friday,Morning (7am-3pm),Emergency,46,6,24.5
2025-11-07,Friday,Afternoon (3pm-11pm),Emergency,53,7,22.7
2025-11-07,Friday,Night (11pm-7am),Emergency,29,3,37.1
2025-11-07,Friday,Morning (7am-3pm),Outpatient,74,17,23.6
2025-11-07,Friday,Afternoon (3pm-11pm),Outpatient,54,13,5.0
2025-11-07,Friday,Night (11pm-7am),Outpatient,0,1,5.0
2025-11-07,Friday,Morning (7am-3pm),Surgery,6,3,6.1
2025-11-07,Friday,Afternoon (3pm-11pm),Surgery,5,2,20.7
2025-11-07,Friday,Night (11pm-7am),Surgery,2,1,7.5
2025-11-07,Friday,Morning (7am-3pm),Maternity,12,3,9.2
2025-11-07,Friday,Afternoon (3pm-11pm),Maternity,14,3,21.1
2025-11-07,Friday,Night (11pm-7am),Maternity,10,3,11.1
2025-11-07,Friday,Morning (7am-3pm),Pediatrics,32,7,8.5
2025-11-07,Friday,Afternoon (3pm-11pm),Pediatrics,27,5,23.5
2025-11-07,Friday,Night (11pm-7am),Pediatrics,14,1,33.0
2025-11-07,Friday,Morning (7am-3pm),ICU,6,4,5.0
2025-11-07,Friday,Afternoon (3pm-11pm),ICU,7,3,5.0
2025-11-07,Friday,Night (11pm-7am),ICU,7,2,8.7
2025-11-08,Saturday,Morning (7am-3pm),Emergency,50,8,24.6
2025-11-08,Saturday,Afternoon (3pm-11pm),Emergency,63,10,13.9
2025-11-08,Saturday,Night (11pm-7am),Emergency,44,6,23.7
2025-11-08,Saturday,Morning (7am-3pm),Outpatient,35,9,17.2
2025-11-08,Saturday,Afternoon (3pm-11pm),Outpatient,18,5,5.0
2025-11-08,Saturday,Night (11pm-7am),Outpatient,0,1,5.0
2025-11-08,Saturday,Morning (7am-3pm),Surgery,9,2,13.1
2025-11-08,Saturday,Afternoon (3pm-11pm),Surgery,5,2,5.0
2025-11-08,Saturday,Night (11pm-7am),Surgery,1,1,6.1
2025-11-08,Saturday,Morning (7am-3pm),Maternity,13,3,15.7
2025-11-08,Saturday,Afternoon (3pm-11pm),Maternity,16,3,24.7
2025-11-08,Saturday,Night (11pm-7am),Maternity,7,2,14.4
2025-11-08,Saturday,Morning (7am-3pm),Pediatrics,25,4,18.0
2025-11-08,Saturday,Afternoon (3pm-11pm),Pediatrics,23,4,7.2
2025-11-08,Saturday,Night (11pm-7am),Pediatrics,13,3,18.5
2025-11-08,Saturday,Morning (7am-3pm),ICU,9,5,10.7
2025-11-08,Saturday,Afternoon (3pm-11pm),ICU,7,4,5.0
2025-11-08,Saturday,Night (11pm-7am),ICU,8,3,5.0
2025-11-09,Sunday,Morning (7am-3pm),Emergency,51,8,14.1
2025-11-09,Sunday,Afternoon (3pm-11pm),Emergency,75,11,31.3
2025-11-09,Sunday,Night (11pm-7am),Emergency,49,8,10.0
2025-11-09,Sunday,Morning (7am-3pm),Outpatient,31,8,18.3
2025-11-09,Sunday,Afternoon (3pm-11pm),Outpatient,21,6,13.8
2025-11-09,Sunday,Night (11pm-7am),Outpatient,0,1,5.0
2025-11-09,Sunday,Morning (7am-3pm),Surgery,8,1,28.1
2025-11-09,Sunday,Afternoon (3pm-11pm),Surgery,4,1,8.0
2025-11-09,Sunday,Night (11pm-7am),Surgery,2,1,19.8
2025-11-09,Sunday,Morning (7am-3pm),Maternity,12,3,5.0
2025-11-09,Sunday,Afternoon (3pm-11pm),Maternity,12,2,22.1
2025-11-09,Sunday,Night (11pm-7am),Maternity,9,3,12.1
2025-11-09,Sunday,Morning (7am-3pm),Pediatrics,22,3,25.9
2025-11-09,Sunday,Afternoon (3pm-11pm),Pediatrics,28,6,6.3
2025-11-09,Sunday,Night (11pm-7am),Pediatrics,16,2,16.0
2025-11-09,Sunday,Morning (7am-3pm),ICU,6,3,5.0
2025-11-09,Sunday,Afternoon (3pm-11pm),ICU,7,4,16.6
2025-11-09,Sunday,Night (11pm-7am),ICU,9,5,5.0
2025-11-10,Monday,Morning (7am-3pm),Emergency,44,6,19.2
2025-11-10,Monday,Afternoon (3pm-11pm),Emergency,51,7,25.3
2025-11-10,Monday,Night (11pm-7am),Emergency,34,5,6.8
2025-11-10,Monday,Morning (7am-3pm),Outpatient,59,13,22.1
2025-11-10,Monday,Afternoon (3pm-11pm),Outpatient,48,12,5.0
2025-11-10,Monday,Night (11pm-7am),Outpatient,0,1,5.0
2025-11-10,Monday,Morning (7am-3pm),Surgery,7,1,15.6
2025-11-10,Monday,Afternoon (3pm-11pm),Surgery,6,1,21.4
2025-11-10,Monday,Night (11pm-7am),Surgery,2,1,5.0
2025-11-10,Monday,Morning (7am-3pm),Maternity,10,3,6.9
2025-11-10,Monday,Afternoon (3pm-11pm),Maternity,16,4,9.0
2025-11-10,Monday,Night (11pm-7am),Maternity,10,2,19.7
2025-11-10,Monday,Morning (7am-3pm),Pediatrics,28,4,16.8
2025-11-10,Monday,Afternoon (3pm-11pm),Pediatrics,29,4,19.7
2025-11-10,Monday,Night (11pm-7am),Pediatrics,19,3,24.8
2025-11-10,Monday,Morning (7am-3pm),ICU,6,3,5.0
2025-11-10,Monday,Afternoon (3pm-11pm),ICU,9,3,5.0
2025-11-10,Monday,Night (11pm-7am),ICU,6,2,18.2
2025-11-11,Tuesday,Morning (7am-3pm),Emergency,45,8,27.2
2025-11-11,Tuesday,Afternoon (3pm-11pm),Emergency,64,11,13.5
2025-11-11,Tuesday,Night (11pm-7am),Emergency,46,7,14.0
2025-11-11,Tuesday,Morning (7am-3pm),Outpatient,74,19,11.8
2025-11-11,Tuesday,Afternoon (3pm-11pm),Outpatient,71,17,22.6
2025-11-11,Tuesday,Night (11pm-7am),Outpatient,0,1,5.0
2025-11-11,Tuesday,Morning (7am-3pm),Surgery,7,1,5.0
2025-11-11,Tuesday,Afternoon (3pm-11pm),Surgery,6,2,12.9
2025-11-11,Tuesday,Night (11pm-7am),Surgery,1,1,5.3
2025-11-11,Tuesday,Morning (7am-3pm),Maternity,14,4,13.9
2025-11-11,Tuesday,Afternoon (3pm-11pm),Maternity,16,4,9.8
2025-11-11,Tuesday,Night (11pm-7am),Maternity,8,2,12.9
2025-11-11,Tuesday,Morning (7am-3pm),Pediatrics,37,7,5.0
2025-11-11,Tuesday,Afternoon (3pm-11pm),Pediatrics,21,4,16.9
2025-11-11,Tuesday,Night (11pm-7am),Pediatrics,20,5,14.8
2025-11-11,Tuesday,Morning (7am-3pm),ICU,9,3,11.8
2025-11-11,Tuesday,Afternoon (3pm-11pm),ICU,7,2,5.0
2025-11-11,Tuesday,Night (11pm-7am),ICU,7,4,13.1
2025-11-12,Wednesday,Morning (7am-3pm),Emergency,51,9,15.0
2025-11-12,Wednesday,Afternoon (3pm-11pm),Emergency,66,11,29.1
2025-11-12,Wednesday,Night (11pm-7am),Emergency,26,4,30.8
2025-11-12,Wednesday,Morning (7am-3pm),Outpatient,104,26,5.0
2025-11-12,Wednesday,Afternoon (3pm-11pm),Outpatient,74,17,21.1
2025-11-12,Wednesday,Night (11pm-7am),Outpatient,0,1,15.1
2025-11-12,Wednesday,Morning (7am-3pm),Surgery,9,4,5.0
2025-11-12,Wednesday,Afternoon (3pm-11pm),Surgery,5,1,16.2
2025-11-12,Wednesday,Night (11pm-7am),Surgery,2,1,5.0
2025-11-12,Wednesday,Morning (7am-3pm),Maternity,11,2,5.0
2025-11-12,Wednesday,Afternoon (3pm-11pm),Maternity,14,2,5.0
2025-11-12,Wednesday,Night (11pm-7am),Maternity,11,3,5.0
2025-11-12,Wednesday,Morning (7am-3pm),Pediatrics,34,7,18.0
2025-11-12,Wednesday,Afternoon (3pm-11pm),Pediatrics,27,5,5.0
2025-11-12,Wednesday,Night (11pm-7am),Pediatrics,13,3,5.0
2025-11-12,Wednesday,Morning (7am-3pm),ICU,6,4,5.0
2025-11-12,Wednesday,Afternoon (3pm-11pm),ICU,8,5,10.9
2025-11-12,Wednesday,Night (11pm-7am),ICU,7,2,20.3
2025-11-13,Thursday,Morning (7am-3pm),Emergency,49,9,24.4
2025-11-13,Thursday,Afternoon (3pm-11pm),Emergency,56,10,5.0
2025-11-13,Thursday,Night (11pm-7am),Emergency,24,4,28.1
2025-11-13,Thursday,Morning (7am-3pm),Outpatient,60,15,13.8
2025-11-13,Thursday,Afternoon (3pm-11pm),Outpatient,65,16,21.7
2025-11-13,Thursday,Night (11pm-7am),Outpatient,0,1,5.0
2025-11-13,Thursday,Morning (7am-3pm),Surgery,7,2,16.4
2025-11-13,Thursday,Afternoon (3pm-11pm),Surgery,7,1,15.3
2025-11-13,Thursday,Night (11pm-7am),Surgery,2,1,6.2
2025-11-13,Thursday,Morning (7am-3pm),Maternity,10,1,21.0
2025-11-13,Thursday,Afternoon (3pm-11pm),Maternity,16,5,8.7
2025-11-13,Thursday,Night (11pm-7am),Maternity,10,3,7.9
2025-11-13,Thursday,Morning (7am-3pm),Pediatrics,26,4,22.2
2025-11-13,Thursday,Afternoon (3pm-11pm),Pediatrics,27,6,12.2
2025-11-13,Thursday,Night (11pm-7am),Pediatrics,17,3,25.6
2025-11-13,Thursday,Morning (7am-3pm),ICU,8,5,5.0
2025-11-13,Thursday,Afternoon (3pm-11pm),ICU,7,2,10.7
2025-11-13,Thursday,Night (11pm-7am),ICU,8,4,20.8
2025-11-14,Friday,Morning (7am-3pm),Emergency,43,6,30.6
2025-11-14,Friday,Afternoon (3pm-11pm),Emergency,49,7,23.3
2025-11-14,Friday,Night (11pm-7am),Emergency,39,7,16.5
2025-11-14,Friday,Morning (7am-3pm),Outpatient,82,19,17.6
2025-11-14,Friday,Afternoon (3pm-11pm),Outpatient,84,20,16.5
2025-11-14,Friday,Night (11pm-7am),Outpatient,0,1,5.0
2025-11-14,Friday,Morning (7am-3pm),Surgery,6,1,12.3
2025-11-14,Friday,Afternoon (3pm-11pm),Surgery,6,2,9.3
2025-11-14,Friday,Night (11pm-7am),Surgery,2,1,5.0
2025-11-14,Friday,Morning (7am-3pm),Maternity,11,3,5.0
2025-11-14,Friday,Afternoon (3pm-11pm),Maternity,14,4,8.7
2025-11-14,Friday,Night (11pm-7am),Maternity,11,1,35.6
2025-11-14,Friday,Morning (7am-3pm),Pediatrics,25,6,13.9
2025-11-14,Friday,Afternoon (3pm-11pm),Pediatrics,34,7,6.8
2025-11-14,Friday,Night (11pm-7am),Pediatrics,13,1,24.9
2025-11-14,Friday,Morning (7am-3pm),ICU,7,3,18.1
2025-11-14,Friday,Afternoon (3pm-11pm),ICU,9,3,7.3
2025-11-14,Friday,Night (11pm-7am),ICU,9,5,5.0
2025-11-15,Saturday,Morning (7am-3pm),Emergency,60,10,22.4
2025-11-15,Saturday,Afternoon (3pm-11pm),Emergency,90,14,12.3
2025-11-15,Saturday,Night (11pm-7am),Emergency,53,8,26.6
2025-11-15,Saturday,Morning (7am-3pm),Outpatient,33,7,17.2
2025-11-15,Saturday,Afternoon (3pm-11pm),Outpatient,28,7,10.7
2025-11-15,Saturday,Night (11pm-7am),Outpatient,0,1,5.0
2025-11-15,Saturday,Morning (7am-3pm),Surgery,8,2,8.4
2025-11-15,Saturday,Afternoon (3pm-11pm),Surgery,5,1,14.1
2025-11-15,Saturday,Night (11pm-7am),Surgery,1,1,26.7
2025-11-15,Saturday,Morning (7am-3pm),Maternity,8,3,5.0
2025-11-15,Saturday,Afternoon (3pm-11pm),Maternity,15,2,20.0
2025-11-15,Saturday,Night (11pm-7am),Maternity,10,2,16.7
2025-11-15,Saturday,Morning (7am-3pm),Pediatrics,29,5,29.9
2025-11-15,Saturday,Afternoon (3pm-11pm),Pediatrics,30,6,26.3
2025-11-15,Saturday,Night (11pm-7am),Pediatrics,17,4,14.7
2025-11-15,Saturday,Morning (7am-3pm),ICU,6,2,5.7
2025-11-15,Saturday,Afternoon (3pm-11pm),ICU,9,3,5.0
2025-11-15,Saturday,Night (11pm-7am),ICU,7,3,11.4
2025-11-16,Sunday,Morning (7am-3pm),Emergency,60,11,20.8
2025-11-16,Sunday,Afternoon (3pm-11pm),Emergency,77,13,8.5
2025-11-16,Sunday,Night (11pm-7am),Emergency,37,5,16.8
2025-11-16,Sunday,Morning (7am-3pm),Outpatient,25,6,10.8
2025-11-16,Sunday,Afternoon (3pm-11pm),Outpatient,26,6,10.1
2025-11-16,Sunday,Night (11pm-7am),Outpatient,0,1,5.0
2025-11-16,Sunday,Morning (7am-3pm),Surgery,7,1,43.1
2025-11-16,Sunday,Afternoon (3pm-11pm),Surgery,5,1,21.6
2025-11-16,Sunday,Night (11pm-7am),Surgery,2,1,5.0
2025-11-16,Sunday,Morning (7am-3pm),Maternity,9,2,16.6
2025-11-16,Sunday,Afternoon (3pm-11pm),Maternity,9,3,14.7
2025-11-16,Sunday,Night (11pm-7am),Maternity,9,1,21.0
2025-11-16,Sunday,Morning (7am-3pm),Pediatrics,23,4,5.0
2025-11-16,Sunday,Afternoon (3pm-11pm),Pediatrics,39,8,5.0
2025-11-16,Sunday,Night (11pm-7am),Pediatrics,18,4,25.1
2025-11-16,Sunday,Morning (7am-3pm),ICU,7,4,19.3
2025-11-16,Sunday,Afternoon (3pm-11pm),ICU,10,5,14.5
2025-11-16,Sunday,Night (11pm-7am),ICU,8,3,11.4
2025-11-17,Monday,Morning (7am-3pm),Emergency,58,8,18.3
2025-11-17,Monday,Afternoon (3pm-11pm),Emergency,60,10,18.7
2025-11-17,Monday,Night (11pm-7am),Emergency,35,6,11.1
2025-11-17,Monday,Morning (7am-3pm),Outpatient,85,21,17.7
2025-11-17,Monday,Afternoon (3pm-11pm),Outpatient,58,15,5.0
2025-11-17,Monday,Night (11pm-7am),Outpatient,0,1,5.0
2025-11-17,Monday,Morning (7am-3pm),Surgery,8,2,5.0
2025-11-17,Monday,Afternoon (3pm-11pm),Surgery,5,1,17.7
2025-11-17,Monday,Night (11pm-7am),Surgery,1,1,5.0
2025-11-17,Monday,Morning (7am-3pm),Maternity,12,3,5.0
2025-11-17,Monday,Afternoon (3pm-11pm),Maternity,14,4,7.9
2025-11-17,Monday,Night (11pm-7am),Maternity,9,1,34.5
2025-11-17,Monday,Morning (7am-3pm),Pediatrics,25,5,5.0
2025-11-17,Monday,Afternoon (3pm-11pm),Pediatrics,19,2,26.5
2025-11-17,Monday,Night (11pm-7am),Pediatrics,14,2,29.3
2025-11-17,Monday,Morning (7am-3pm),ICU,6,4,26.4
2025-11-17,Monday,Afternoon (3pm-11pm),ICU,9,5,5.0
2025-11-17,Monday,Night (11pm-7am),ICU,6,4,9.0
2025-11-18,Tuesday,Morning (7am-3pm),Emergency,46,6,24.1
2025-11-18,Tuesday,Afternoon (3pm-11pm),Emergency,46,7,19.2
2025-11-18,Tuesday,Night (11pm-7am),Emergency,31,5,9.8
2025-11-18,Tuesday,Morning (7am-3pm),Outpatient,70,18,20.0
2025-11-18,Tuesday,Afternoon (3pm-11pm),Outpatient,74,18,13.7
2025-11-18,Tuesday,Night (11pm-7am),Outpatient,0,1,5.0
2025-11-18,Tuesday,Morning (7am-3pm),Surgery,9,4,9.1
2025-11-18,Tuesday,Afternoon (3pm-11pm),Surgery,5,1,25.2
2025-11-18,Tuesday,Night (11pm-7am),Surgery,2,1,5.0
2025-11-18,Tuesday,Morning (7am-3pm),Maternity,9,1,42.0
2025-11-18,Tuesday,Afternoon (3pm-11pm),Maternity,15,4,14.4
2025-11-18,Tuesday,Night (11pm-7am),Maternity,9,2,25.4
2025-11-18,Tuesday,Morning (7am-3pm),Pediatrics,29,4,21.6
2025-11-18,Tuesday,Afternoon (3pm-11pm),Pediatrics,30,6,16.0
2025-11-18,Tuesday,Night (11pm-7am),Pediatrics,13,3,5.0
2025-11-18,Tuesday,Morning (7am-3pm),ICU,6,4,5.0
2025-11-18,Tuesday,Afternoon (3pm-11pm),ICU,8,5,5.0
2025-11-18,Tuesday,Night (11pm-7am),ICU,7,3,5.0
2025-11-19,Wednesday,Morning (7am-3pm),Emergency,45,6,19.3
2025-11-19,Wednesday,Afternoon (3pm-11pm),Emergency,59,8,22.5
2025-11-19,Wednesday,Night (11pm-7am),Emergency,33,4,19.9
2025-11-19,Wednesday,Morning (7am-3pm),Outpatient,84,22,22.6
2025-11-19,Wednesday,Afternoon (3pm-11pm),Outpatient,60,16,26.6
2025-11-19,Wednesday,Night (11pm-7am),Outpatient,0,1,6.3
2025-11-19,Wednesday,Morning (7am-3pm),Surgery,8,1,30.7
2025-11-19,Wednesday,Afternoon (3pm-11pm),Surgery,6,3,10.0
2025-11-19,Wednesday,Night (11pm-7am),Surgery,1,1,6.1
2025-11-19,Wednesday,Morning (7am-3pm),Maternity,13,2,11.3
2025-11-19,Wednesday,Afternoon (3pm-11pm),Maternity,13,3,27.5
2025-11-19,Wednesday,Night (11pm-7am),Maternity,10,3,10.3
2025-11-19,Wednesday,Morning (7am-3pm),Pediatrics,32,6,9.0
2025-11-19,Wednesday,Afternoon (3pm-11pm),Pediatrics,28,6,5.0
2025-11-19,Wednesday,Night (11pm-7am),Pediatrics,14,1,12.4
2025-11-19,Wednesday,Morning (7am-3pm),ICU,6,4,5.2
2025-11-19,Wednesday,Afternoon (3pm-11pm),ICU,7,3,5.0
2025-11-19,Wednesday,Night (11pm-7am),ICU,8,3,10.8
2025-11-20,Thursday,Morning (7am-3pm),Emergency,39,5,26.7
2025-11-20,Thursday,Afternoon (3pm-11pm),Emergency,53,8,31.4
2025-11-20,Thursday,Night (11pm-7am),Emergency,40,7,24.6
2025-11-20,Thursday,Morning (7am-3pm),Outpatient,69,16,23.1
2025-11-20,Thursday,Afternoon (3pm-11pm),Outpatient,67,16,23.5
2025-11-20,Thursday,Night (11pm-7am),Outpatient,0,1,5.0
2025-11-20,Thursday,Morning (7am-3pm),Surgery,6,3,5.0
2025-11-20,Thursday,Afternoon (3pm-11pm),Surgery,6,2,5.0
2025-11-20,Thursday,Night (11pm-7am),Surgery,2,1,10.9
2025-11-20,Thursday,Morning (7am-3pm),Maternity,10,3,15.3
2025-11-20,Thursday,Afternoon (3pm-11pm),Maternity,13,3,6.8
2025-11-20,Thursday,Night (11pm-7am),Maternity,10,3,5.0
2025-11-20,Thursday,Morning (7am-3pm),Pediatrics,31,5,30.4
2025-11-20,Thursday,Afternoon (3pm-11pm),Pediatrics,24,3,20.4
2025-11-20,Thursday,Night (11pm-7am),Pediatrics,16,3,23.7
2025-11-20,Thursday,Morning (7am-3pm),ICU,9,3,5.7
2025-11-20,Thursday,Afternoon (3pm-11pm),ICU,8,3,10.4
2025-11-20,Thursday,Night (11pm-7am),ICU,7,4,10.1
2025-11-21,Friday,Morning (7am-3pm),Emergency,51,9,29.6
2025-11-21,Friday,Afternoon (3pm-11pm),Emergency,57,9,19.6
2025-11-21,Friday,Night (11pm-7am),Emergency,37,7,19.6
2025-11-21,Friday,Morning (7am-3pm),Outpatient,81,20,18.2
2025-11-21,Friday,Afternoon (3pm-11pm),Outpatient,63,16,5.0
2025-11-21,Friday,Night (11pm-7am),Outpatient,0,1,5.0
2025-11-21,Friday,Morning (7am-3pm),Surgery,9,2,5.7
2025-11-21,Friday,Afternoon (3pm-11pm),Surgery,5,1,5.0
2025-11-21,Friday,Night (11pm-7am),Surgery,2,1,5.0
2025-11-21,Friday,Morning (7am-3pm),Maternity,15,4,9.0
2025-11-21,Friday,Afternoon (3pm-11pm),Maternity,16,5,5.0
2025-11-21,Friday,Night (11pm-7am),Maternity,10,3,11.0
2025-11-21,Friday,Morning (7am-3pm),Pediatrics,32,6,19.7
2025-11-21,Friday,Afternoon (3pm-11pm),Pediatrics,26,5,21.1
2025-11-21,Friday,Night (11pm-7am),Pediatrics,15,2,13.1
2025-11-21,Friday,Morning (7am-3pm),ICU,8,3,14.3
2025-11-21,Friday,Afternoon (3pm-11pm),ICU,8,4,9.8
2025-11-21,Friday,Night (11pm-7am),ICU,8,4,5.1
2025-11-22,Saturday,Morning (7am-3pm),Emergency,52,7,30.3
2025-11-22,Saturday,Afternoon (3pm-11pm),Emergency,69,11,31.4
2025-11-22,Saturday,Night (11pm-7am),Emergency,38,5,31.9
2025-11-22,Saturday,Morning (7am-3pm),Outpatient,32,7,5.0
2025-11-22,Saturday,Afternoon (3pm-11pm),Outpatient,26,6,19.5
2025-11-22,Saturday,Night (11pm-7am),Outpatient,0,1,5.0
2025-11-22,Saturday,Morning (7am-3pm),Surgery,8,1,16.7
2025-11-22,Saturday,Afternoon (3pm-11pm),Surgery,4,2,10.8
2025-11-22,Saturday,Night (11pm-7am),Surgery,2,1,5.0
2025-11-22,Saturday,Morning (7am-3pm),Maternity,11,1,39.9
2025-11-22,Saturday,Afternoon (3pm-11pm),Maternity,12,2,21.2
2025-11-22,Saturday,Night (11pm-7am),Maternity,8,3,5.0
2025-11-22,Saturday,Morning (7am-3pm),Pediatrics,35,8,17.1
2025-11-22,Saturday,Afternoon (3pm-11pm),Pediatrics,27,5,5.0
2025-11-22,Saturday,Night (11pm-7am),Pediatrics,10,3,18.1
2025-11-22,Saturday,Morning (7am-3pm),ICU,7,4,5.0
2025-11-22,Saturday,Afternoon (3pm-11pm),ICU,7,3,13.8
2025-11-22,Saturday,Night (11pm-7am),ICU,9,3,5.0
2025-11-23,Sunday,Morning (7am-3pm),Emergency,55,8,12.3
2025-11-23,Sunday,Afternoon (3pm-11pm),Emergency,82,14,10.3
2025-11-23,Sunday,Night (11pm-7am),Emergency,38,7,6.2
2025-11-23,Sunday,Morning (7am-3pm),Outpatient,29,7,15.4
2025-11-23,Sunday,Afternoon (3pm-11pm),Outpatient,27,6,18.5
2025-11-23,Sunday,Night (11pm-7am),Outpatient,0,1,5.0
2025-11-23,Sunday,Morning (7am-3pm),Surgery,6,1,16.7
2025-11-23,Sunday,Afternoon (3pm-11pm),Surgery,6,3,11.6
2025-11-23,Sunday,Night (11pm-7am),Surgery,1,1,12.6
2025-11-23,Sunday,Morning (7am-3pm),Maternity,15,4,13.7
2025-11-23,Sunday,Afternoon (3pm-11pm),Maternity,14,3,29.1
2025-11-23,Sunday,Night (11pm-7am),Maternity,9,1,5.0
2025-11-23,Sunday,Morning (7am-3pm),Pediatrics,29,5,5.0
2025-11-23,Sunday,Afternoon (3pm-11pm),Pediatrics,22,3,16.6
2025-11-23,Sunday,Night (11pm-7am),Pediatrics,15,3,5.0
2025-11-23,Sunday,Morning (7am-3pm),ICU,7,3,19.5
2025-11-23,Sunday,Afternoon (3pm-11pm),ICU,7,4,10.2
2025-11-23,Sunday,Night (11pm-7am),ICU,9,5,5.0
2025-11-24,Monday,Morning (7am-3pm),Emergency,38,5,9.5
2025-11-24,Monday,Afternoon (3pm-11pm),Emergency,51,9,22.3
2025-11-24,Monday,Night (11pm-7am),Emergency,32,5,17.3
2025-11-24,Monday,Morning (7am-3pm),Outpatient,71,17,11.8
2025-11-24,Monday,Afternoon (3pm-11pm),Outpatient,54,13,11.9
2025-11-24,Monday,Night (11pm-7am),Outpatient,0,1,5.0
2025-11-24,Monday,Morning (7am-3pm),Surgery,8,1,21.1
2025-11-24,Monday,Afternoon (3pm-11pm),Surgery,5,1,16.9
2025-11-24,Monday,Night (11pm-7am),Surgery,1,1,5.5
2025-11-24,Monday,Morning (7am-3pm),Maternity,10,2,20.9
2025-11-24,Monday,Afternoon (3pm-11pm),Maternity,17,5,5.0
2025-11-24,Monday,Night (11pm-7am),Maternity,8,2,16.0
2025-11-24,Monday,Morning (7am-3pm),Pediatrics,29,4,13.5
2025-11-24,Monday,Afternoon (3pm-11pm),Pediatrics,26,6,16.3
2025-11-24,Monday,Night (11pm-7am),Pediatrics,9,2,19.0
2025-11-24,Monday,Morning (7am-3pm),ICU,8,3,5.0
2025-11-24,Monday,Afternoon (3pm-11pm),ICU,7,2,11.1
2025-11-24,Monday,Night (11pm-7am),ICU,9,3,6.4
2025-11-25,Tuesday,Morning (7am-3pm),Emergency,39,5,18.5
2025-11-25,Tuesday,Afternoon (3pm-11pm),Emergency,50,9,21.5
2025-11-25,Tuesday,Night (11pm-7am),Emergency,37,6,24.8
2025-11-25,Tuesday,Morning (7am-3pm),Outpatient,75,17,22.0
2025-11-25,Tuesday,Afternoon (3pm-11pm),Outpatient,67,15,21.7
2025-11-25,Tuesday,Night (11pm-7am),Outpatient,0,1,5.0
2025-11-25,Tuesday,Morning (7am-3pm),Surgery,8,2,26.4
2025-11-25,Tuesday,Afternoon (3pm-11pm),Surgery,7,1,21.1
2025-11-25,Tuesday,Night (11pm-7am),Surgery,2,1,5.0
2025-11-25,Tuesday,Morning (7am-3pm),Maternity,11,2,24.7
2025-11-25,Tuesday,Afternoon (3pm-11pm),Maternity,15,4,5.0
2025-11-25,Tuesday,Night (11pm-7am),Maternity,10,1,26.3
2025-11-25,Tuesday,Morning (7am-3pm),Pediatrics,24,4,17.7
2025-11-25,Tuesday,Afternoon (3pm-11pm),Pediatrics,23,5,9.9
2025-11-25,Tuesday,Night (11pm-7am),Pediatrics,13,3,25.8
2025-11-25,Tuesday,Morning (7am-3pm),ICU,7,3,5.0
2025-11-25,Tuesday,Afternoon (3pm-11pm),ICU,7,4,7.3
2025-11-25,Tuesday,Night (11pm-7am),ICU,9,5,5.0
2025-11-26,Wednesday,Morning (7am-3pm),Emergency,48,7,23.1
2025-11-26,Wednesday,Afternoon (3pm-11pm),Emergency,41,7,11.3
2025-11-26,Wednesday,Night (11pm-7am),Emergency,32,6,26.7
2025-11-26,Wednesday,Morning (7am-3pm),Outpatient,72,19,9.5
2025-11-26,Wednesday,Afternoon (3pm-11pm),Outpatient,45,12,7.8
2025-11-26,Wednesday,Night (11pm-7am),Outpatient,0,1,5.0
2025-11-26,Wednesday,Morning (7am-3pm),Surgery,8,3,5.6
2025-11-26,Wednesday,Afternoon (3pm-11pm),Surgery,6,1,19.4
2025-11-26,Wednesday,Night (11pm-7am),Surgery,2,1,18.5
2025-11-26,Wednesday,Morning (7am-3pm),Maternity,8,3,13.0
2025-11-26,Wednesday,Afternoon (3pm-11pm),Maternity,13,3,22.6
2025-11-26,Wednesday,Night (11pm-7am),Maternity,10,2,13.7
2025-11-26,Wednesday,Morning (7am-3pm),Pediatrics,30,7,14.5
2025-11-26,Wednesday,Afternoon (3pm-11pm),Pediatrics,23,3,28.6
2025-11-26,Wednesday,Night (11pm-7am),Pediatrics,17,3,15.7
2025-11-26,Wednesday,Morning (7am-3pm),ICU,8,3,12.8
2025-11-26,Wednesday,Afternoon (3pm-11pm),ICU,9,5,21.7
2025-11-26,Wednesday,Night (11pm-7am),ICU,8,4,15.7
2025-11-27,Thursday,Morning (7am-3pm),Emergency,49,8,29.9
2025-11-27,Thursday,Afternoon (3pm-11pm),Emergency,49,8,22.9
2025-11-27,Thursday,Night (11pm-7am),Emergency,38,5,19.0
2025-11-27,Thursday,Morning (7am-3pm),Outpatient,88,23,13.4
2025-11-27,Thursday,Afternoon (3pm-11pm),Outpatient,51,13,7.0
2025-11-27,Thursday,Night (11pm-7am),Outpatient,0,1,5.0
2025-11-27,Thursday,Morning (7am-3pm),Surgery,7,1,30.2
2025-11-27,Thursday,Afternoon (3pm-11pm),Surgery,5,1,15.8
2025-11-27,Thursday,Night (11pm-7am),Surgery,2,1,5.2
2025-11-27,Thursday,Morning (7am-3pm),Maternity,14,2,18.3
2025-11-27,Thursday,Afternoon (3pm-11pm),Maternity,15,2,10.9
2025-11-27,Thursday,Night (11pm-7am),Maternity,9,1,34.7
2025-11-27,Thursday,Morning (7am-3pm),Pediatrics,33,5,12.0
2025-11-27,Thursday,Afternoon (3pm-11pm),Pediatrics,17,2,42.1
2025-11-27,Thursday,Night (11pm-7am),Pediatrics,12,3,10.0
2025-11-27,Thursday,Morning (7am-3pm),ICU,7,3,7.1
2025-11-27,Thursday,Afternoon (3pm-11pm),ICU,9,5,5.0
2025-11-27,Thursday,Night (11pm-7am),ICU,8,4,6.0
2025-11-28,Friday,Morning (7am-3pm),Emergency,44,8,22.5
2025-11-28,Friday,Afternoon (3pm-11pm),Emergency,49,9,21.4
2025-11-28,Friday,Night (11pm-7am),Emergency,37,6,33.4
2025-11-28,Friday,Morning (7am-3pm),Outpatient,98,25,15.5
2025-11-28,Friday,Afternoon (3pm-11pm),Outpatient,63,16,13.3
2025-11-28,Friday,Night (11pm-7am),Outpatient,0,1,5.0
2025-11-28,Friday,Morning (7am-3pm),Surgery,10,2,14.9
2025-11-28,Friday,Afternoon (3pm-11pm),Surgery,4,1,5.0
2025-11-28,Friday,Night (11pm-7am),Surgery,2,1,5.0
2025-11-28,Friday,Morning (7am-3pm),Maternity,11,2,29.8
2025-11-28,Friday,Afternoon (3pm-11pm),Maternity,14,3,25.7
2025-11-28,Friday,Night (11pm-7am),Maternity,9,3,16.4
2025-11-28,Friday,Morning (7am-3pm),Pediatrics,25,4,34.4
2025-11-28,Friday,Afternoon (3pm-11pm),Pediatrics,24,4,17.6
2025-11-28,Friday,Night (11pm-7am),Pediatrics,15,2,22.5
2025-11-28,Friday,Morning (7am-3pm),ICU,5,3,13.8
2025-11-28,Friday,Afternoon (3pm-11pm),ICU,6,2,9.6
2025-11-28,Friday,Night (11pm-7am),ICU,8,3,5.0
2025-11-29,Saturday,Morning (7am-3pm),Emergency,40,7,13.1
2025-11-29,Saturday,Afternoon (3pm-11pm),Emergency,65,10,20.9
2025-11-29,Saturday,Night (11pm-7am),Emergency,47,6,16.8
2025-11-29,Saturday,Morning (7am-3pm),Outpatient,36,8,5.0
2025-11-29,Saturday,Afternoon (3pm-11pm),Outpatient,26,5,21.0
2025-11-29,Saturday,Night (11pm-7am),Outpatient,0,1,5.0
2025-11-29,Saturday,Morning (7am-3pm),Surgery,8,3,5.0
2025-11-29,Saturday,Afternoon (3pm-11pm),Surgery,5,2,10.2
2025-11-29,Saturday,Night (11pm-7am),Surgery,1,1,5.0
2025-11-29,Saturday,Morning (7am-3pm),Maternity,12,3,21.3
2025-11-29,Saturday,Afternoon (3pm-11pm),Maternity,17,5,12.3
2025-11-29,Saturday,Night (11pm-7am),Maternity,9,1,21.7
2025-11-29,Saturday,Morning (7am-3pm),Pediatrics,36,6,16.9
2025-11-29,Saturday,Afternoon (3pm-11pm),Pediatrics,28,5,9.2
2025-11-29,Saturday,Night (11pm-7am),Pediatrics,15,4,15.9
2025-11-29,Saturday,Morning (7am-3pm),ICU,6,4,5.0
2025-11-29,Saturday,Afternoon (3pm-11pm),ICU,8,5,14.3
2025-11-29,Saturday,Night (11pm-7am),ICU,8,5,7.3
2025-11-30,Sunday,Morning (7am-3pm),Emergency,69,12,5.0
2025-11-30,Sunday,Afternoon (3pm-11pm),Emergency,72,13,11.5
2025-11-30,Sunday,Night (11pm-7am),Emergency,62,11,20.0
2025-11-30,Sunday,Morning (7am-3pm),Outpatient,28,8,9.2
2025-11-30,Sunday,Afternoon (3pm-11pm),Outpatient,24,6,11.7
2025-11-30,Sunday,Night (11pm-7am),Outpatient,0,1,5.0
2025-11-30,Sunday,Morning (7am-3pm),Surgery,8,2,6.4
2025-11-30,Sunday,Afternoon (3pm-11pm),Surgery,5,1,26.9
2025-11-30,Sunday,Night (11pm-7am),Surgery,1,1,5.0
2025-11-30,Sunday,Morning (7am-3pm),Maternity,12,3,8.2
2025-11-30,Sunday,Afternoon (3pm-11pm),Maternity,17,4,7.9
2025-11-30,Sunday,Night (11pm-7am),Maternity,10,1,30.2
2025-11-30,Sunday,Morning (7am-3pm),Pediatrics,35,8,5.0
2025-11-30,Sunday,Afternoon (3pm-11pm),Pediatrics,25,4,30.8
2025-11-30,Sunday,Night (11pm-7am),Pediatrics,16,3,13.4
2025-11-30,Sunday,Morning (7am-3pm),ICU,7,2,20.9
2025-11-30,Sunday,Afternoon (3pm-11pm),ICU,9,3,10.5
2025-11-30,Sunday,Night (11pm-7am),ICU,6,3,5.0
2025-12-01,Monday,Morning (7am-3pm),Emergency,47,7,15.1
2025-12-01,Monday,Afternoon (3pm-11pm),Emergency,55,8,27.9
2025-12-01,Monday,Night (11pm-7am),Emergency,37,5,13.5
2025-12-01,Monday,Morning (7am-3pm),Outpatient,99,25,7.1
2025-12-01,Monday,Afternoon (3pm-11pm),Outpatient,56,14,13.4
2025-12-01,Monday,Night (11pm-7am),Outpatient,0,1,5.0
2025-12-01,Monday,Morning (7am-3pm),Surgery,9,4,5.0
2025-12-01,Monday,Afternoon (3pm-11pm),Surgery,6,2,10.7
2025-12-01,Monday,Night (11pm-7am),Surgery,2,1,9.7
2025-12-01,Monday,Morning (7am-3pm),Maternity,14,4,15.3
2025-12-01,Monday,Afternoon (3pm-11pm),Maternity,19,4,19.3
2025-12-01,Monday,Night (11pm-7am),Maternity,12,2,25.6
2025-12-01,Monday,Morning (7am-3pm),Pediatrics,35,8,5.0
2025-12-01,Monday,Afternoon (3pm-11pm),Pediatrics,28,5,17.3
2025-12-01,Monday,Night (11pm-7am),Pediatrics,17,3,9.4
2025-12-01,Monday,Morning (7am-3pm),ICU,6,2,5.0
2025-12-01,Monday,Afternoon (3pm-11pm),ICU,6,2,11.0
2025-12-01,Monday,Night (11pm-7am),ICU,8,5,5.6
2025-12-02,Tuesday,Morning (7am-3pm),Emergency,55,8,26.4
2025-12-02,Tuesday,Afternoon (3pm-11pm),Emergency,58,10,15.1
2025-12-02,Tuesday,Night (11pm-7am),Emergency,34,6,25.4
2025-12-02,Tuesday,Morning (7am-3pm),Outpatient,74,17,9.5
2025-12-02,Tuesday,Afternoon (3pm-11pm),Outpatient,60,15,9.3
2025-12-02,Tuesday,Night (11pm-7am),Outpatient,0,1,5.0
2025-12-02,Tuesday,Morning (7am-3pm),Surgery,8,3,5.0
2025-12-02,Tuesday,Afternoon (3pm-11pm),Surgery,6,2,5.0
2025-12-02,Tuesday,Night (11pm-7am),Surgery,1,1,5.0
2025-12-02,Tuesday,Morning (7am-3pm),Maternity,9,1,25.7
2025-12-02,Tuesday,Afternoon (3pm-11pm),Maternity,17,5,13.6
2025-12-02,Tuesday,Night (11pm-7am),Maternity,10,1,23.5
2025-12-02,Tuesday,Morning (7am-3pm),Pediatrics,36,6,16.3
2025-12-02,Tuesday,Afternoon (3pm-11pm),Pediatrics,25,6,5.4
2025-12-02,Tuesday,Night (11pm-7am),Pediatrics,11,2,18.4
2025-12-02,Tuesday,Morning (7am-3pm),ICU,7,4,5.0
2025-12-02,Tuesday,Afternoon (3pm-11pm),ICU,7,3,5.0
2025-12-02,Tuesday,Night (11pm-7am),ICU,7,3,9.3
2025-12-03,Wednesday,Morning (7am-3pm),Emergency,55,9,6.0
2025-12-03,Wednesday,Afternoon (3pm-11pm),Emergency,55,8,21.3
2025-12-03,Wednesday,Night (11pm-7am),Emergency,32,4,15.6
2025-12-03,Wednesday,Morning (7am-3pm),Outpatient,81,20,25.1
2025-12-03,Wednesday,Afternoon (3pm-11pm),Outpatient,63,15,5.3
2025-12-03,Wednesday,Night (11pm-7am),Outpatient,0,1,22.2
2025-12-03,Wednesday,Morning (7am-3pm),Surgery,9,4,7.2
2025-12-03,Wednesday,Afternoon (3pm-11pm),Surgery,6,1,22.4
2025-12-03,Wednesday,Night (11pm-7am),Surgery,1,1,5.0
2025-12-03,Wednesday,Morning (7am-3pm),Maternity,12,2,18.5
2025-12-03,Wednesday,Afternoon (3pm-11pm),Maternity,14,3,19.5
2025-12-03,Wednesday,Night (11pm-7am),Maternity,9,3,5.0
2025-12-03,Wednesday,Morning (7am-3pm),Pediatrics,30,5,23.3
2025-12-03,Wednesday,Afternoon (3pm-11pm),Pediatrics,29,4,7.1
2025-12-03,Wednesday,Night (11pm-7am),Pediatrics,15,4,7.5
2025-12-03,Wednesday,Morning (7am-3pm),ICU,8,3,5.0
2025-12-03,Wednesday,Afternoon (3pm-11pm),ICU,7,3,12.6
2025-12-03,Wednesday,Night (11pm-7am),ICU,6,4,5.0
2025-12-04,Thursday,Morning (7am-3pm),Emergency,55,8,9.5
2025-12-04,Thursday,Afternoon (3pm-11pm),Emergency,67,10,31.3
2025-12-04,Thursday,Night (11pm-7am),Emergency,35,5,16.0
2025-12-04,Thursday,Morning (7am-3pm),Outpatient,76,19,5.4
2025-12-04,Thursday,Afternoon (3pm-11pm),Outpatient,66,15,12.3
2025-12-04,Thursday,Night (11pm-7am),Outpatient,0,1,5.0
2025-12-04,Thursday,Morning (7am-3pm),Surgery,7,1,25.4
2025-12-04,Thursday,Afternoon (3pm-11pm),Surgery,7,1,25.7
2025-12-04,Thursday,Night (11pm-7am),Surgery,2,1,5.0
2025-12-04,Thursday,Morning (7am-3pm),Maternity,12,3,15.2
2025-12-04,Thursday,Afternoon (3pm-11pm),Maternity,15,2,11.8
2025-12-04,Thursday,Night (11pm-7am),Maternity,7,2,9.8
2025-12-04,Thursday,Morning (7am-3pm),Pediatrics,30,7,5.1
2025-12-04,Thursday,Afternoon (3pm-11pm),Pediatrics,21,4,17.3
2025-12-04,Thursday,Night (11pm-7am),Pediatrics,12,2,16.5
2025-12-04,Thursday,Morning (7am-3pm),ICU,6,4,6.2
2025-12-04,Thursday,Afternoon (3pm-11pm),ICU,9,3,5.0
2025-12-04,Thursday,Night (11pm-7am),ICU,8,4,22.4
2025-12-05,Friday,Morning (7am-3pm),Emergency,49,8,12.3
2025-12-05,Friday,Afternoon (3pm-11pm),Emergency,47,6,27.0
2025-12-05,Friday,Night (11pm-7am),Emergency,39,7,13.7
2025-12-05,Friday,Morning (7am-3pm),Outpatient,97,24,18.9
2025-12-05,Friday,Afternoon (3pm-11pm),Outpatient,52,14,13.7
2025-12-05,Friday,Night (11pm-7am),Outpatient,0,1,5.0
2025-12-05,Friday,Morning (7am-3pm),Surgery,6,2,13.0
2025-12-05,Friday,Afternoon (3pm-11pm),Surgery,5,1,21.9
2025-12-05,Friday,Night (11pm-7am),Surgery,1,1,6.4
2025-12-05,Friday,Morning (7am-3pm),Maternity,11,1,36.2
2025-12-05,Friday,Afternoon (3pm-11pm),Maternity,14,4,19.6
2025-12-05,Friday,Night (11pm-7am),Maternity,8,1,13.0
2025-12-05,Friday,Morning (7am-3pm),Pediatrics,31,5,20.4
2025-12-05,Friday,Afternoon (3pm-11pm),Pediatrics,21,5,10.5
2025-12-05,Friday,Night (11pm-7am),Pediatrics,14,3,20.0
2025-12-05,Friday,Morning (7am-3pm),ICU,8,5,5.0
2025-12-05,Friday,Afternoon (3pm-11pm),ICU,12,7,5.0
2025-12-05,Friday,Night (11pm-7am),ICU,7,2,5.0
2025-12-06,Saturday,Morning (7am-3pm),Emergency,58,9,12.9
2025-12-06,Saturday,Afternoon (3pm-11pm),Emergency,73,12,10.3
2025-12-06,Saturday,Night (11pm-7am),Emergency,49,7,8.9
2025-12-06,Saturday,Morning (7am-3pm),Outpatient,26,5,17.3
2025-12-06,Saturday,Afternoon (3pm-11pm),Outpatient,25,7,6.4
2025-12-06,Saturday,Night (11pm-7am),Outpatient,0,1,5.0
2025-12-06,Saturday,Morning (7am-3pm),Surgery,6,2,5.0
2025-12-06,Saturday,Afternoon (3pm-11pm),Surgery,5,1,6.2
2025-12-06,Saturday,Night (11pm-7am),Surgery,1,1,7.8
2025-12-06,Saturday,Morning (7am-3pm),Maternity,10,3,14.3
2025-12-06,Saturday,Afternoon (3pm-11pm),Maternity,16,3,16.8
2025-12-06,Saturday,Night (11pm-7am),Maternity,9,2,25.8
2025-12-06,Saturday,Morning (7am-3pm),Pediatrics,33,6,5.0
2025-12-06,Saturday,Afternoon (3pm-11pm),Pediatrics,25,5,23.3
2025-12-06,Saturday,Night (11pm-7am),Pediatrics,15,3,5.0
2025-12-06,Saturday,Morning (7am-3pm),ICU,7,2,12.0
2025-12-06,Saturday,Afternoon (3pm-11pm),ICU,8,4,5.0
2025-12-06,Saturday,Night (11pm-7am),ICU,6,4,5.0
2025-12-07,Sunday,Morning (7am-3pm),Emergency,50,8,15.2
2025-12-07,Sunday,Afternoon (3pm-11pm),Emergency,74,13,24.7
2025-12-07,Sunday,Night (11pm-7am),Emergency,39,6,25.4
2025-12-07,Sunday,Morning (7am-3pm),Outpatient,27,6,9.8
2025-12-07,Sunday,Afternoon (3pm-11pm),Outpatient,25,7,12.8
2025-12-07,Sunday,Night (11pm-7am),Outpatient,0,1,13.5
2025-12-07,Sunday,Morning (7am-3pm),Surgery,7,1,21.4
2025-12-07,Sunday,Afternoon (3pm-11pm),Surgery,6,1,13.8
2025-12-07,Sunday,Night (11pm-7am),Surgery,2,1,17.7
2025-12-07,Sunday,Morning (7am-3pm),Maternity,10,1,32.2
2025-12-07,Sunday,Afternoon (3pm-11pm),Maternity,17,4,26.7
2025-12-07,Sunday,Night (11pm-7am),Maternity,6,1,33.3
2025-12-07,Sunday,Morning (7am-3pm),Pediatrics,25,4,16.7
2025-12-07,Sunday,Afternoon (3pm-11pm),Pediatrics,18,2,38.1
2025-12-07,Sunday,Night (11pm-7am),Pediatrics,16,3,20.0
2025-12-07,Sunday,Morning (7am-3pm),ICU,8,3,5.0
2025-12-07,Sunday,Afternoon (3pm-11pm),ICU,5,3,5.0
2025-12-07,Sunday,Night (11pm-7am),ICU,8,4,18.2
2025-12-08,Monday,Morning (7am-3pm),Emergency,44,6,23.0
2025-12-08,Monday,Afternoon (3pm-11pm),Emergency,40,7,22.1
2025-12-08,Monday,Night (11pm-7am),Emergency,37,7,6.7
2025-12-08,Monday,Morning (7am-3pm),Outpatient,89,23,5.5
2025-12-08,Monday,Afternoon (3pm-11pm),Outpatient,63,16,12.7
2025-12-08,Monday,Night (11pm-7am),Outpatient,0,1,5.0
2025-12-08,Monday,Morning (7am-3pm),Surgery,9,3,5.0
2025-12-08,Monday,Afternoon (3pm-11pm),Surgery,4,1,5.0
2025-12-08,Monday,Night (11pm-7am),Surgery,1,1,5.6
2025-12-08,Monday,Morning (7am-3pm),Maternity,11,3,5.0
2025-12-08,Monday,Afternoon (3pm-11pm),Maternity,16,4,21.5
2025-12-08,Monday,Night (11pm-7am),Maternity,9,1,24.7
2025-12-08,Monday,Morning (7am-3pm),Pediatrics,29,5,28.5
2025-12-08,Monday,Afternoon (3pm-11pm),Pediatrics,24,5,11.8
2025-12-08,Monday,Night (11pm-7am),Pediatrics,14,2,15.5
2025-12-08,Monday,Morning (7am-3pm),ICU,6,2,16.2
2025-12-08,Monday,Afternoon (3pm-11pm),ICU,8,3,7.9
2025-12-08,Monday,Night (11pm-7am),ICU,5,2,7.1
2025-12-09,Tuesday,Morning (7am-3pm),Emergency,40,7,19.0
2025-12-09,Tuesday,Afternoon (3pm-11pm),Emergency,56,10,17.3
2025-12-09,Tuesday,Night (11pm-7am),Emergency,32,5,6.7
2025-12-09,Tuesday,Morning (7am-3pm),Outpatient,73,17,19.6
2025-12-09,Tuesday,Afternoon (3pm-11pm),Outpatient,58,13,14.1
2025-12-09,Tuesday,Night (11pm-7am),Outpatient,0,1,5.0
2025-12-09,Tuesday,Morning (7am-3pm),Surgery,7,1,11.8
2025-12-09,Tuesday,Afternoon (3pm-11pm),Surgery,7,3,12.8
2025-12-09,Tuesday,Night (11pm-7am),Surgery,2,1,5.0
2025-12-09,Tuesday,Morning (7am-3pm),Maternity,12,2,13.9
2025-12-09,Tuesday,Afternoon (3pm-11pm),Maternity,13,2,16.4
2025-12-09,Tuesday,Night (11pm-7am),Maternity,8,1,22.3
2025-12-09,Tuesday,Morning (7am-3pm),Pediatrics,29,5,16.3
2025-12-09,Tuesday,Afternoon (3pm-11pm),Pediatrics,27,4,26.4
2025-12-09,Tuesday,Night (11pm-7am),Pediatrics,13,3,5.0
2025-12-09,Tuesday,Morning (7am-3pm),ICU,8,5,16.9
2025-12-09,Tuesday,Afternoon (3pm-11pm),ICU,8,5,5.0
2025-12-09,Tuesday,Night (11pm-7am),ICU,7,4,5.0
2025-12-10,Wednesday,Morning (7am-3pm),Emergency,44,6,24.5
2025-12-10,Wednesday,Afternoon (3pm-11pm),Emergency,62,9,23.0
2025-12-10,Wednesday,Night (11pm-7am),Emergency,39,5,20.0
2025-12-10,Wednesday,Morning (7am-3pm),Outpatient,80,19,14.0
2025-12-10,Wednesday,Afternoon (3pm-11pm),Outpatient,68,16,12.3
2025-12-10,Wednesday,Night (11pm-7am),Outpatient,0,1,5.0
2025-12-10,Wednesday,Morning (7am-3pm),Surgery,8,1,9.6
2025-12-10,Wednesday,Afternoon (3pm-11pm),Surgery,5,2,5.1
2025-12-10,Wednesday,Night (11pm-7am),Surgery,2,1,10.5
2025-12-10,Wednesday,Morning (7am-3pm),Maternity,10,3,5.0
2025-12-10,Wednesday,Afternoon (3pm-11pm),Maternity,13,2,24.7
2025-12-10,Wednesday,Night (11pm-7am),Maternity,10,1,37.3
2025-12-10,Wednesday,Morning (7am-3pm),Pediatrics,36,6,19.1
2025-12-10,Wednesday,Afternoon (3pm-11pm),Pediatrics,21,3,26.7
2025-12-10,Wednesday,Night (11pm-7am),Pediatrics,14,3,8.6
2025-12-10,Wednesday,Morning (7am-3pm),ICU,7,2,12.7
2025-12-10,Wednesday,Afternoon (3pm-11pm),ICU,6,3,13.2
2025-12-10,Wednesday,Night (11pm-7am),ICU,8,5,5.0
2025-12-11,Thursday,Morning (7am-3pm),Emergency,48,9,5.0
2025-12-11,Thursday,Afternoon (3pm-11pm),Emergency,64,11,35.3
2025-12-11,Thursday,Night (11pm-7am),Emergency,31,5,28.7
2025-12-11,Thursday,Morning (7am-3pm),Outpatient,65,17,5.0
2025-12-11,Thursday,Afternoon (3pm-11pm),Outpatient,63,16,15.5
2025-12-11,Thursday,Night (11pm-7am),Outpatient,0,1,14.2
2025-12-11,Thursday,Morning (7am-3pm),Surgery,8,3,8.6
2025-12-11,Thursday,Afternoon (3pm-11pm),Surgery,4,2,9.0
2025-12-11,Thursday,Night (11pm-7am),Surgery,2,1,16.6
2025-12-11,Thursday,Morning (7am-3pm),Maternity,12,2,29.0
2025-12-11,Thursday,Afternoon (3pm-11pm),Maternity,13,2,31.7
2025-12-11,Thursday,Night (11pm-7am),Maternity,9,2,11.6
2025-12-11,Thursday,Morning (7am-3pm),Pediatrics,26,5,15.6
2025-12-11,Thursday,Afternoon (3pm-11pm),Pediatrics,25,6,14.6
2025-12-11,Thursday,Night (11pm-7am),Pediatrics,10,3,5.0
2025-12-11,Thursday,Morning (7am-3pm),ICU,8,4,5.0
2025-12-11,Thursday,Afternoon (3pm-11pm),ICU,6,4,5.0
2025-12-11,Thursday,Night (11pm-7am),ICU,8,4,5.0
2025-12-12,Friday,Morning (7am-3pm),Emergency,45,8,11.1
2025-12-12,Friday,Afternoon (3pm-11pm),Emergency,51,9,22.2
2025-12-12,Friday,Night (11pm-7am),Emergency,46,6,29.0
2025-12-12,Friday,Morning (7am-3pm),Outpatient,85,20,5.0
2025-12-12,Friday,Afternoon (3pm-11pm),Outpatient,53,13,7.3
2025-12-12,Friday,Night (11pm-7am),Outpatient,0,1,10.3
2025-12-12,Friday,Morning (7am-3pm),Surgery,8,1,21.8
2025-12-12,Friday,Afternoon (3pm-11pm),Surgery,8,1,32.0
2025-12-12,Friday,Night (11pm-7am),Surgery,2,1,9.5
2025-12-12,Friday,Morning (7am-3pm),Maternity,14,2,5.0
2025-12-12,Friday,Afternoon (3pm-11pm),Maternity,12,3,11.6
2025-12-12,Friday,Night (11pm-7am),Maternity,9,1,38.9
2025-12-12,Friday,Morning (7am-3pm),Pediatrics,24,4,23.0
2025-12-12,Friday,Afternoon (3pm-11pm),Pediatrics,24,5,22.9
2025-12-12,Friday,Night (11pm-7am),Pediatrics,16,3,31.2
2025-12-12,Friday,Morning (7am-3pm),ICU,10,5,16.3
2025-12-12,Friday,Afternoon (3pm-11pm),ICU,7,3,13.3
2025-12-12,Friday,Night (11pm-7am),ICU,6,2,8.6
2025-12-13,Saturday,Morning (7am-3pm),Emergency,64,9,8.5
2025-12-13,Saturday,Afternoon (3pm-11pm),Emergency,71,10,12.9
2025-12-13,Saturday,Night (11pm-7am),Emergency,45,8,5.0
2025-12-13,Saturday,Morning (7am-3pm),Outpatient,26,5,13.2
2025-12-13,Saturday,Afternoon (3pm-11pm),Outpatient,23,5,22.7
2025-12-13,Saturday,Night (11pm-7am),Outpatient,0,1,10.1
2025-12-13,Saturday,Morning (7am-3pm),Surgery,8,2,13.9
2025-12-13,Saturday,Afternoon (3pm-11pm),Surgery,6,1,34.8
2025-12-13,Saturday,Night (11pm-7am),Surgery,2,1,6.8
2025-12-13,Saturday,Morning (7am-3pm),Maternity,10,2,20.8
2025-12-13,Saturday,Afternoon (3pm-11pm),Maternity,20,5,5.0
2025-12-13,Saturday,Night (11pm-7am),Maternity,9,3,13.6
2025-12-13,Saturday,Morning (7am-3pm),Pediatrics,38,6,26.2
2025-12-13,Saturday,Afternoon (3pm-11pm),Pediatrics,21,3,27.8
2025-12-13,Saturday,Night (11pm-7am),Pediatrics,15,4,5.0
2025-12-13,Saturday,Morning (7am-3pm),ICU,6,4,14.7
2025-12-13,Saturday,Afternoon (3pm-11pm),ICU,7,4,5.0
2025-12-13,Saturday,Night (11pm-7am),ICU,7,2,16.0
2025-12-14,Sunday,Morning (7am-3pm),Emergency,58,9,21.5
2025-12-14,Sunday,Afternoon (3pm-11pm),Emergency,60,11,7.6
2025-12-14,Sunday,Night (11pm-7am),Emergency,43,8,12.2
2025-12-14,Sunday,Morning (7am-3pm),Outpatient,25,6,15.8
2025-12-14,Sunday,Afternoon (3pm-11pm),Outpatient,24,7,20.8
2025-12-14,Sunday,Night (11pm-7am),Outpatient,0,1,5.0
2025-12-14,Sunday,Morning (7am-3pm),Surgery,6,2,5.0
2025-12-14,Sunday,Afternoon (3pm-11pm),Surgery,5,1,5.0
2025-12-14,Sunday,Night (11pm-7am),Surgery,1,1,5.0
2025-12-14,Sunday,Morning (7am-3pm),Maternity,12,4,16.3
2025-12-14,Sunday,Afternoon (3pm-11pm),Maternity,13,4,29.6
2025-12-14,Sunday,Night (11pm-7am),Maternity,11,3,5.0
2025-12-14,Sunday,Morning (7am-3pm),Pediatrics,22,5,21.8
2025-12-14,Sunday,Afternoon (3pm-11pm),Pediatrics,26,6,10.2
2025-12-14,Sunday,Night (11pm-7am),Pediatrics,15,2,15.3
2025-12-14,Sunday,Morning (7am-3pm),ICU,7,4,10.7
2025-12-14,Sunday,Afternoon (3pm-11pm),ICU,7,2,14.6
2025-12-14,Sunday,Night (11pm-7am),ICU,8,3,7.6
2025-12-15,Monday,Morning (7am-3pm),Emergency,46,7,11.5
2025-12-15,Monday,Afternoon (3pm-11pm),Emergency,47,6,12.8
2025-12-15,Monday,Night (11pm-7am),Emergency,36,5,26.2
2025-12-15,Monday,Morning (7am-3pm),Outpatient,82,19,17.8
2025-12-15,Monday,Afternoon (3pm-11pm),Outpatient,44,10,17.7
2025-12-15,Monday,Night (11pm-7am),Outpatient,0,1,12.7
2025-12-15,Monday,Morning (7am-3pm),Surgery,7,2,27.7
2025-12-15,Monday,Afternoon (3pm-11pm),Surgery,4,1,18.4
2025-12-15,Monday,Night (11pm-7am),Surgery,2,1,5.0
2025-12-15,Monday,Morning (7am-3pm),Maternity,12,2,20.1
2025-12-15,Monday,Afternoon (3pm-11pm),Maternity,13,3,21.9
2025-12-15,Monday,Night (11pm-7am),Maternity,7,1,22.3
2025-12-15,Monday,Morning (7am-3pm),Pediatrics,36,6,23.0
2025-12-15,Monday,Afternoon (3pm-11pm),Pediatrics,21,3,8.8
2025-12-15,Monday,Night (11pm-7am),Pediatrics,17,2,31.1
2025-12-15,Monday,Morning (7am-3pm),ICU,6,3,12.8
2025-12-15,Monday,Afternoon (3pm-11pm),ICU,9,4,5.0
2025-12-15,Monday,Night (11pm-7am),ICU,7,4,5.0
2025-12-16,Tuesday,Morning (7am-3pm),Emergency,65,9,5.0
2025-12-16,Tuesday,Afternoon (3pm-11pm),Emergency,66,11,13.7
2025-12-16,Tuesday,Night (11pm-7am),Emergency,24,4,5.0
2025-12-16,Tuesday,Morning (7am-3pm),Outpatient,80,21,10.8
2025-12-16,Tuesday,Afternoon (3pm-11pm),Outpatient,46,10,22.6
2025-12-16,Tuesday,Night (11pm-7am),Outpatient,0,1,5.0
2025-12-16,Tuesday,Morning (7am-3pm),Surgery,7,1,33.2
2025-12-16,Tuesday,Afternoon (3pm-11pm),Surgery,5,2,15.7
2025-12-16,Tuesday,Night (11pm-7am),Surgery,2,1,5.0
2025-12-16,Tuesday,Morning (7am-3pm),Maternity,14,3,35.7
2025-12-16,Tuesday,Afternoon (3pm-11pm),Maternity,17,3,17.8
2025-12-16,Tuesday,Night (11pm-7am),Maternity,12,4,6.5
2025-12-16,Tuesday,Morning (7am-3pm),Pediatrics,24,4,21.7
2025-12-16,Tuesday,Afternoon (3pm-11pm),Pediatrics,24,4,5.0
2025-12-16,Tuesday,Night (11pm-7am),Pediatrics,10,2,23.1
2025-12-16,Tuesday,Morning (7am-3pm),ICU,10,4,6.2
2025-12-16,Tuesday,Afternoon (3pm-11pm),ICU,7,2,5.0
2025-12-16,Tuesday,Night (11pm-7am),ICU,7,4,5.0
2025-12-17,Wednesday,Morning (7am-3pm),Emergency,47,6,11.1
2025-12-17,Wednesday,Afternoon (3pm-11pm),Emergency,65,10,29.8
2025-12-17,Wednesday,Night (11pm-7am),Emergency,43,7,5.0
2025-12-17,Wednesday,Morning (7am-3pm),Outpatient,86,20,20.5
2025-12-17,Wednesday,Afternoon (3pm-11pm),Outpatient,48,11,14.2
2025-12-17,Wednesday,Night (11pm-7am),Outpatient,0,1,13.0
2025-12-17,Wednesday,Morning (7am-3pm),Surgery,7,3,5.0
2025-12-17,Wednesday,Afternoon (3pm-11pm),Surgery,8,2,15.4
2025-12-17,Wednesday,Night (11pm-7am),Surgery,2,1,5.0
2025-12-17,Wednesday,Morning (7am-3pm),Maternity,11,3,5.0
2025-12-17,Wednesday,Afternoon (3pm-11pm),Maternity,15,4,14.3
2025-12-17,Wednesday,Night (11pm-7am),Maternity,8,3,5.0
2025-12-17,Wednesday,Morning (7am-3pm),Pediatrics,28,6,18.9
2025-12-17,Wednesday,Afternoon (3pm-11pm),Pediatrics,25,6,5.0
2025-12-17,Wednesday,Night (11pm-7am),Pediatrics,12,3,26.6
2025-12-17,Wednesday,Morning (7am-3pm),ICU,7,4,5.0
2025-12-17,Wednesday,Afternoon (3pm-11pm),ICU,8,4,5.0
2025-12-17,Wednesday,Night (11pm-7am),ICU,8,3,5.0
2025-12-18,Thursday,Morning (7am-3pm),Emergency,44,7,22.6
2025-12-18,Thursday,Afternoon (3pm-11pm),Emergency,53,9,5.0
2025-12-18,Thursday,Night (11pm-7am),Emergency,41,5,20.9
2025-12-18,Thursday,Morning (7am-3pm),Outpatient,98,25,5.0
2025-12-18,Thursday,Afternoon (3pm-11pm),Outpatient,59,15,5.0
2025-12-18,Thursday,Night (11pm-7am),Outpatient,0,1,5.0
2025-12-18,Thursday,Morning (7am-3pm),Surgery,7,3,13.9
2025-12-18,Thursday,Afternoon (3pm-11pm),Surgery,6,3,5.0
2025-12-18,Thursday,Night (11pm-7am),Surgery,1,1,5.0
2025-12-18,Thursday,Morning (7am-3pm),Maternity,15,3,15.9
2025-12-18,Thursday,Afternoon (3pm-11pm),Maternity,18,3,33.1
2025-12-18,Thursday,Night (11pm-7am),Maternity,8,3,8.0
2025-12-18,Thursday,Morning (7am-3pm),Pediatrics,28,6,27.0
2025-12-18,Thursday,Afternoon (3pm-11pm),Pediatrics,28,6,15.5
2025-12-18,Thursday,Night (11pm-7am),Pediatrics,16,4,11.8
2025-12-18,Thursday,Morning (7am-3pm),ICU,6,2,5.0
2025-12-18,Thursday,Afternoon (3pm-11pm),ICU,6,3,6.4
2025-12-18,Thursday,Night (11pm-7am),ICU,10,4,12.8
2025-12-19,Friday,Morning (7am-3pm),Emergency,47,8,12.8
2025-12-19,Friday,Afternoon (3pm-11pm),Emergency,60,11,14.1
2025-12-19,Friday,Night (11pm-7am),Emergency,44,6,27.2
2025-12-19,Friday,Morning (7am-3pm),Outpatient,92,23,5.0
2025-12-19,Friday,Afternoon (3pm-11pm),Outpatient,73,17,11.7
2025-12-19,Friday,Night (11pm-7am),Outpatient,0,1,5.0
2025-12-19,Friday,Morning (7am-3pm),Surgery,6,2,13.2
2025-12-19,Friday,Afternoon (3pm-11pm),Surgery,6,3,5.0
2025-12-19,Friday,Night (11pm-7am),Surgery,1,1,5.0
2025-12-19,Friday,Morning (7am-3pm),Maternity,11,1,23.4
2025-12-19,Friday,Afternoon (3pm-11pm),Maternity,17,5,20.0
2025-12-19,Friday,Night (11pm-7am),Maternity,10,3,8.0
2025-12-19,Friday,Morning (7am-3pm),Pediatrics,27,6,24.5
2025-12-19,Friday,Afternoon (3pm-11pm),Pediatrics,28,5,26.2
2025-12-19,Friday,Night (11pm-7am),Pediatrics,16,4,8.7
2025-12-19,Friday,Morning (7am-3pm),ICU,8,4,16.9
2025-12-19,Friday,Afternoon (3pm-11pm),ICU,7,4,5.0
2025-12-19,Friday,Night (11pm-7am),ICU,8,4,5.0
2025-12-20,Saturday,Morning (7am-3pm),Emergency,66,10,17.2
2025-12-20,Saturday,Afternoon (3pm-11pm),Emergency,75,12,17.1
2025-12-20,Saturday,Night (11pm-7am),Emergency,45,8,19.2
2025-12-20,Saturday,Morning (7am-3pm),Outpatient,28,6,5.3
2025-12-20,Saturday,Afternoon (3pm-11pm),Outpatient,21,4,9.9
2025-12-20,Saturday,Night (11pm-7am),Outpatient,0,1,5.5
2025-12-20,Saturday,Morning (7am-3pm),Surgery,6,3,5.0
2025-12-20,Saturday,Afternoon (3pm-11pm),Surgery,5,2,5.0
2025-12-20,Saturday,Night (11pm-7am),Surgery,1,1,5.0
2025-12-20,Saturday,Morning (7am-3pm),Maternity,10,2,22.6
2025-12-20,Saturday,Afternoon (3pm-11pm),Maternity,14,2,24.0
2025-12-20,Saturday,Night (11pm-7am),Maternity,11,3,19.0
2025-12-20,Saturday,Morning (7am-3pm),Pediatrics,30,7,23.4
2025-12-20,Saturday,Afternoon (3pm-11pm),Pediatrics,19,2,30.1
2025-12-20,Saturday,Night (11pm-7am),Pediatrics,15,3,10.1
2025-12-20,Saturday,Morning (7am-3pm),ICU,9,4,6.7
2025-12-20,Saturday,Afternoon (3pm-11pm),ICU,7,2,8.9
2025-12-20,Saturday,Night (11pm-7am),ICU,7,4,5.0
2025-12-21,Sunday,Morning (7am-3pm),Emergency,64,9,34.8
2025-12-21,Sunday,Afternoon (3pm-11pm),Emergency,55,10,25.6
2025-12-21,Sunday,Night (11pm-7am),Emergency,36,7,16.1
2025-12-21,Sunday,Morning (7am-3pm),Outpatient,23,6,7.9
2025-12-21,Sunday,Afternoon (3pm-11pm),Outpatient,28,8,19.9
2025-12-21,Sunday,Night (11pm-7am),Outpatient,0,1,5.0
2025-12-21,Sunday,Morning (7am-3pm),Surgery,7,2,9.7
2025-12-21,Sunday,Afternoon (3pm-11pm),Surgery,6,1,14.1
2025-12-21,Sunday,Night (11pm-7am),Surgery,1,1,5.0
2025-12-21,Sunday,Morning (7am-3pm),Maternity,8,1,18.0
2025-12-21,Sunday,Afternoon (3pm-11pm),Maternity,16,4,14.1
2025-12-21,Sunday,Night (11pm-7am),Maternity,8,2,19.6
2025-12-21,Sunday,Morning (7am-3pm),Pediatrics,36,6,16.3
2025-12-21,Sunday,Afternoon (3pm-11pm),Pediatrics,22,5,31.6
2025-12-21,Sunday,Night (11pm-7am),Pediatrics,16,4,8.2
2025-12-21,Sunday,Morning (7am-3pm),ICU,6,4,8.1
2025-12-21,Sunday,Afternoon (3pm-11pm),ICU,6,3,22.2
2025-12-21,Sunday,Night (11pm-7am),ICU,6,4,5.0
2025-12-22,Monday,Morning (7am-3pm),Emergency,55,8,29.3
2025-12-22,Monday,Afternoon (3pm-11pm),Emergency,59,8,23.1
2025-12-22,Monday,Night (11pm-7am),Emergency,41,5,21.7
2025-12-22,Monday,Morning (7am-3pm),Outpatient,71,18,8.3
2025-12-22,Monday,Afternoon (3pm-11pm),Outpatient,57,14,10.0
2025-12-22,Monday,Night (11pm-7am),Outpatient,0,1,11.6
2025-12-22,Monday,Morning (7am-3pm),Surgery,7,2,12.5
2025-12-22,Monday,Afternoon (3pm-11pm),Surgery,5,1,5.0
2025-12-22,Monday,Night (11pm-7am),Surgery,1,1,5.0
2025-12-22,Monday,Morning (7am-3pm),Maternity,11,3,22.2
2025-12-22,Monday,Afternoon (3pm-11pm),Maternity,15,4,18.5
2025-12-22,Monday,Night (11pm-7am),Maternity,8,1,16.3
2025-12-22,Monday,Morning (7am-3pm),Pediatrics,27,5,18.4
2025-12-22,Monday,Afternoon (3pm-11pm),Pediatrics,17,2,39.7
2025-12-22,Monday,Night (11pm-7am),Pediatrics,16,2,25.9
2025-12-22,Monday,Morning (7am-3pm),ICU,7,3,5.0
2025-12-22,Monday,Afternoon (3pm-11pm),ICU,7,3,5.0
2025-12-22,Monday,Night (11pm-7am),ICU,8,3,5.0
2025-12-23,Tuesday,Morning (7am-3pm),Emergency,44,6,25.6
2025-12-23,Tuesday,Afternoon (3pm-11pm),Emergency,52,7,24.9
2025-12-23,Tuesday,Night (11pm-7am),Emergency,38,6,30.5
2025-12-23,Tuesday,Morning (7am-3pm),Outpatient,61,14,5.4
2025-12-23,Tuesday,Afternoon (3pm-11pm),Outpatient,46,11,10.3
2025-12-23,Tuesday,Night (11pm-7am),Outpatient,0,1,5.0
2025-12-23,Tuesday,Morning (7am-3pm),Surgery,9,3,26.0
2025-12-23,Tuesday,Afternoon (3pm-11pm),Surgery,6,3,19.1
2025-12-23,Tuesday,Night (11pm-7am),Surgery,2,1,5.0
2025-12-23,Tuesday,Morning (7am-3pm),Maternity,13,4,5.0
2025-12-23,Tuesday,Afternoon (3pm-11pm),Maternity,15,4,12.0
2025-12-23,Tuesday,Night (11pm-7am),Maternity,9,1,15.6
2025-12-23,Tuesday,Morning (7am-3pm),Pediatrics,24,3,33.0
2025-12-23,Tuesday,Afternoon (3pm-11pm),Pediatrics,29,5,11.8
2025-12-23,Tuesday,Night (11pm-7am),Pediatrics,14,3,8.2
2025-12-23,Tuesday,Morning (7am-3pm),ICU,6,3,10.3
2025-12-23,Tuesday,Afternoon (3pm-11pm),ICU,10,6,5.0
2025-12-23,Tuesday,Night (11pm-7am),ICU,7,4,24.5
2025-12-24,Wednesday,Morning (7am-3pm),Emergency,58,8,15.8
2025-12-24,Wednesday,Afternoon (3pm-11pm),Emergency,49,8,33.2
2025-12-24,Wednesday,Night (11pm-7am),Emergency,31,4,27.1
2025-12-24,Wednesday,Morning (7am-3pm),Outpatient,76,18,10.3
2025-12-24,Wednesday,Afternoon (3pm-11pm),Outpatient,65,15,11.4
2025-12-24,Wednesday,Night (11pm-7am),Outpatient,0,1,5.0
2025-12-24,Wednesday,Morning (7am-3pm),Surgery,8,2,10.9
2025-12-24,Wednesday,Afternoon (3pm-11pm),Surgery,5,1,5.0
2025-12-24,Wednesday,Night (11pm-7am),Surgery,1,1,5.0
2025-12-24,Wednesday,Morning (7am-3pm),Maternity,14,3,6.0
2025-12-24,Wednesday,Afternoon (3pm-11pm),Maternity,16,5,10.1
2025-12-24,Wednesday,Night (11pm-7am),Maternity,11,3,11.4
2025-12-24,Wednesday,Morning (7am-3pm),Pediatrics,29,6,8.5
2025-12-24,Wednesday,Afternoon (3pm-11pm),Pediatrics,20,5,5.0
2025-12-24,Wednesday,Night (11pm-7am),Pediatrics,14,2,18.8
2025-12-24,Wednesday,Morning (7am-3pm),ICU,9,5,5.0
2025-12-24,Wednesday,Afternoon (3pm-11pm),ICU,8,4,5.0
2025-12-24,Wednesday,Night (11pm-7am),ICU,8,3,5.0
2025-12-25,Thursday,Morning (7am-3pm),Emergency,39,6,23.1
2025-12-25,Thursday,Afternoon (3pm-11pm),Emergency,62,11,15.5
2025-12-25,Thursday,Night (11pm-7am),Emergency,35,4,36.2
2025-12-25,Thursday,Morning (7am-3pm),Outpatient,76,19,20.9
2025-12-25,Thursday,Afternoon (3pm-11pm),Outpatient,63,16,24.6
2025-12-25,Thursday,Night (11pm-7am),Outpatient,0,1,11.2
2025-12-25,Thursday,Morning (7am-3pm),Surgery,5,1,13.4
2025-12-25,Thursday,Afternoon (3pm-11pm),Surgery,7,1,11.3
2025-12-25,Thursday,Night (11pm-7am),Surgery,1,1,11.7
2025-12-25,Thursday,Morning (7am-3pm),Maternity,11,2,20.1
2025-12-25,Thursday,Afternoon (3pm-11pm),Maternity,16,4,8.7
2025-12-25,Thursday,Night (11pm-7am),Maternity,11,1,33.5
2025-12-25,Thursday,Morning (7am-3pm),Pediatrics,34,5,25.3
2025-12-25,Thursday,Afternoon (3pm-11pm),Pediatrics,17,2,34.9
2025-12-25,Thursday,Night (11pm-7am),Pediatrics,16,2,33.7
2025-12-25,Thursday,Morning (7am-3pm),ICU,6,3,7.4
2025-12-25,Thursday,Afternoon (3pm-11pm),ICU,7,3,9.2
2025-12-25,Thursday,Night (11pm-7am),ICU,9,4,12.2
2025-12-26,Friday,Morning (7am-3pm),Emergency,48,8,24.4
2025-12-26,Friday,Afternoon (3pm-11pm),Emergency,72,13,17.2
2025-12-26,Friday,Night (11pm-7am),Emergency,36,5,26.5
2025-12-26,Friday,Morning (7am-3pm),Outpatient,88,22,18.2
2025-12-26,Friday,Afternoon (3pm-11pm),Outpatient,64,15,10.0
2025-12-26,Friday,Night (11pm-7am),Outpatient,0,1,5.0
2025-12-26,Friday,Morning (7am-3pm),Surgery,9,3,15.3
2025-12-26,Friday,Afternoon (3pm-11pm),Surgery,6,2,5.0
2025-12-26,Friday,Night (11pm-7am),Surgery,2,1,5.0
2025-12-26,Friday,Morning (7am-3pm),Maternity,7,1,20.8
2025-12-26,Friday,Afternoon (3pm-11pm),Maternity,18,3,32.8
2025-12-26,Friday,Night (11pm-7am),Maternity,10,1,35.2
2025-12-26,Friday,Morning (7am-3pm),Pediatrics,30,7,7.0
2025-12-26,Friday,Afternoon (3pm-11pm),Pediatrics,26,6,5.6
2025-12-26,Friday,Night (11pm-7am),Pediatrics,14,2,12.5
2025-12-26,Friday,Morning (7am-3pm),ICU,7,3,10.3
2025-12-26,Friday,Afternoon (3pm-11pm),ICU,8,5,9.4
2025-12-26,Friday,Night (11pm-7am),ICU,8,3,14.0
2025-12-27,Saturday,Morning (7am-3pm),Emergency,76,11,5.0
2025-12-27,Saturday,Afternoon (3pm-11pm),Emergency,65,10,12.2
2025-12-27,Saturday,Night (11pm-7am),Emergency,41,7,5.0
2025-12-27,Saturday,Morning (7am-3pm),Outpatient,31,6,5.0
2025-12-27,Saturday,Afternoon (3pm-11pm),Outpatient,28,8,10.0
2025-12-27,Saturday,Night (11pm-7am),Outpatient,0,1,5.0
2025-12-27,Saturday,Morning (7am-3pm),Surgery,11,2,22.3
2025-12-27,Saturday,Afternoon (3pm-11pm),Surgery,4,1,16.9
2025-12-27,Saturday,Night (11pm-7am),Surgery,2,1,5.0
2025-12-27,Saturday,Morning (7am-3pm),Maternity,11,1,43.6
2025-12-27,Saturday,Afternoon (3pm-11pm),Maternity,15,2,30.8
2025-12-27,Saturday,Night (11pm-7am),Maternity,7,1,20.3
2025-12-27,Saturday,Morning (7am-3pm),Pediatrics,33,6,21.3
2025-12-27,Saturday,Afternoon (3pm-11pm),Pediatrics,24,3,18.1
2025-12-27,Saturday,Night (11pm-7am),Pediatrics,15,4,11.5
2025-12-27,Saturday,Morning (7am-3pm),ICU,7,3,5.0
2025-12-27,Saturday,Afternoon (3pm-11pm),ICU,7,3,17.7
2025-12-27,Saturday,Night (11pm-7am),ICU,9,4,24.6
2025-12-28,Sunday,Morning (7am-3pm),Emergency,55,10,19.9
2025-12-28,Sunday,Afternoon (3pm-11pm),Emergency,84,13,20.3
2025-12-28,Sunday,Night (11pm-7am),Emergency,39,6,31.0
2025-12-28,Sunday,Morning (7am-3pm),Outpatient,31,8,5.0
2025-12-28,Sunday,Afternoon (3pm-11pm),Outpatient,20,4,23.4
2025-12-28,Sunday,Night (11pm-7am),Outpatient,0,1,5.0
2025-12-28,Sunday,Morning (7am-3pm),Surgery,9,2,23.1
2025-12-28,Sunday,Afternoon (3pm-11pm),Surgery,8,3,13.4
2025-12-28,Sunday,Night (11pm-7am),Surgery,2,1,5.0
2025-12-28,Sunday,Morning (7am-3pm),Maternity,12,4,7.6
2025-12-28,Sunday,Afternoon (3pm-11pm),Maternity,13,3,8.4
2025-12-28,Sunday,Night (11pm-7am),Maternity,11,3,10.7
2025-12-28,Sunday,Morning (7am-3pm),Pediatrics,31,6,18.9
2025-12-28,Sunday,Afternoon (3pm-11pm),Pediatrics,22,5,11.3
2025-12-28,Sunday,Night (11pm-7am),Pediatrics,19,3,16.4
2025-12-28,Sunday,Morning (7am-3pm),ICU,7,3,5.0
2025-12-28,Sunday,Afternoon (3pm-11pm),ICU,9,5,8.8
2025-12-28,Sunday,Night (11pm-7am),ICU,8,4,5.0
2025-12-29,Monday,Morning (7am-3pm),Emergency,43,6,17.5
2025-12-29,Monday,Afternoon (3pm-11pm),Emergency,57,10,16.3
2025-12-29,Monday,Night (11pm-7am),Emergency,38,6,32.7
2025-12-29,Monday,Morning (7am-3pm),Outpatient,70,16,5.0
2025-12-29,Monday,Afternoon (3pm-11pm),Outpatient,67,16,24.1
2025-12-29,Monday,Night (11pm-7am),Outpatient,0,1,5.0
2025-12-29,Monday,Morning (7am-3pm),Surgery,7,1,26.1
2025-12-29,Monday,Afternoon (3pm-11pm),Surgery,4,1,7.3
2025-12-29,Monday,Night (11pm-7am),Surgery,2,1,5.0
2025-12-29,Monday,Morning (7am-3pm),Maternity,9,2,13.2
2025-12-29,Monday,Afternoon (3pm-11pm),Maternity,14,4,15.8
2025-12-29,Monday,Night (11pm-7am),Maternity,9,1,31.0
2025-12-29,Monday,Morning (7am-3pm),Pediatrics,33,5,21.5
2025-12-29,Monday,Afternoon (3pm-11pm),Pediatrics,19,3,5.0
2025-12-29,Monday,Night (11pm-7am),Pediatrics,16,2,21.2
2025-12-29,Monday,Morning (7am-3pm),ICU,7,2,5.8
2025-12-29,Monday,Afternoon (3pm-11pm),ICU,7,3,6.9
2025-12-29,Monday,Night (11pm-7am),ICU,5,2,5.0
2025-12-30,Tuesday,Morning (7am-3pm),Emergency,54,10,22.4
2025-12-30,Tuesday,Afternoon (3pm-11pm),Emergency,54,10,20.5
2025-12-30,Tuesday,Night (11pm-7am),Emergency,30,6,37.3
2025-12-30,Tuesday,Morning (7am-3pm),Outpatient,89,21,5.0
2025-12-30,Tuesday,Afternoon (3pm-11pm),Outpatient,59,14,6.2
2025-12-30,Tuesday,Night (11pm-7am),Outpatient,0,1,5.0
2025-12-30,Tuesday,Morning (7am-3pm),Surgery,9,3,17.2
2025-12-30,Tuesday,Afternoon (3pm-11pm),Surgery,6,3,5.0
2025-12-30,Tuesday,Night (11pm-7am),Surgery,1,1,5.0
2025-12-30,Tuesday,Morning (7am-3pm),Maternity,12,4,15.2
2025-12-30,Tuesday,Afternoon (3pm-11pm),Maternity,11,2,5.0
2025-12-30,Tuesday,Night (11pm-7am),Maternity,10,3,14.8
2025-12-30,Tuesday,Morning (7am-3pm),Pediatrics,27,5,18.0
2025-12-30,Tuesday,Afternoon (3pm-11pm),Pediatrics,26,4,22.3
2025-12-30,Tuesday,Night (11pm-7am),Pediatrics,15,4,6.7
2025-12-30,Tuesday,Morning (7am-3pm),ICU,6,4,5.3
2025-12-30,Tuesday,Afternoon (3pm-11pm),ICU,7,2,17.3
2025-12-30,Tuesday,Night (11pm-7am),ICU,8,3,5.0
2025-12-31,Wednesday,Morning (7am-3pm),Emergency,47,6,24.8
2025-12-31,Wednesday,Afternoon (3pm-11pm),Emergency,43,7,21.6
2025-12-31,Wednesday,Night (11pm-7am),Emergency,40,7,22.9
2025-12-31,Wednesday,Morning (7am-3pm),Outpatient,80,19,11.4
2025-12-31,Wednesday,Afternoon (3pm-11pm),Outpatient,58,13,14.5
2025-12-31,Wednesday,Night (11pm-7am),Outpatient,0,1,5.0
2025-12-31,Wednesday,Morning (7am-3pm),Surgery,9,3,19.1
2025-12-31,Wednesday,Afternoon (3pm-11pm),Surgery,6,1,26.8
2025-12-31,Wednesday,Night (11pm-7am),Surgery,2,1,5.0
2025-12-31,Wednesday,Morning (7am-3pm),Maternity,8,3,5.0
2025-12-31,Wednesday,Afternoon (3pm-11pm),Maternity,16,5,11.8
2025-12-31,Wednesday,Night (11pm-7am),Maternity,12,3,5.0
2025-12-31,Wednesday,Morning (7am-3pm),Pediatrics,28,4,25.0
2025-12-31,Wednesday,Afternoon (3pm-11pm),Pediatrics,22,5,11.5
2025-12-31,Wednesday,Night (11pm-7am),Pediatrics,18,2,37.4
2025-12-31,Wednesday,Morning (7am-3pm),ICU,7,3,6.0
2025-12-31,Wednesday,Afternoon (3pm-11pm),ICU,9,3,22.7
2025-12-31,Wednesday,Night (11pm-7am),ICU,8,4,13.8
